iteration;restart_id;iteration_in_restart;candidate_in_iteration;search_mode;no_improvement_count_before_iteration;parent_sequence_signature;action;swap_i;swap_j;move_from;move_to;reverse_start;reverse_end;reinsert_block_start;reinsert_block_end;reinsert_block_to;swap_blocks_start1;swap_blocks_end1;swap_blocks_start2;swap_blocks_end2;valid;duplicate_for_same_parent_sequence;recently_rejected_for_same_parent_sequence;diversification_compatible;parse_error;validation_message;resulting_makespan;best_makespan_before;best_makespan_after;global_best_makespan_after;completed_simulations;actual_global_best_makespan;elapsed_optimization_time_sec;delta_vs_best_before;status;llm_time_sec;simulation_time_sec;exited_parts;completion_valid;llm_attempts;retry_reason
1;1;1;1;normal;0;0f63cf6f404e;move;;;5;10;;;;;;;;;;True;False;False;False;;ok;17535.06888898726;16630.57522948563;16630.57522948563;16630.57522948563;2;16630.57522948563;17.243;904.4936595016334;Evaluated;14.803;2.4315;64;True;1;
1;1;1;2;normal;0;0f63cf6f404e;swap;19;20;;;;;;;;;;;;True;False;False;False;;ok;17554.552539778797;16630.57522948563;16630.57522948563;16630.57522948563;3;16630.57522948563;24.358;923.9773102931686;Evaluated;4.6792;2.4329;64;True;1;
1;1;1;3;normal;0;0f63cf6f404e;reinsert_block;;;;;;;32;40;48;;;;;True;False;False;True;;ok;16633.0922901312;16630.57522948563;16630.57522948563;16630.57522948563;4;16630.57522948563;31.8489;2.517060645572201;Evaluated;5.0642;2.4242;64;True;1;
1;1;1;4;normal;0;0f63cf6f404e;move;;;50;52;;;;;;;;;;True;False;False;False;;ok;16172.55107978234;16630.57522948563;16630.57522948563;16630.57522948563;5;16630.57522948563;39.1299;-458.02414970328755;Evaluated;4.8482;2.4303;64;True;1;
1;1;1;5;normal;0;0f63cf6f404e;move;;;16;32;;;;;;;;;;True;False;False;True;;ok;17551.364529165974;16630.57522948563;16630.57522948563;16630.57522948563;6;16630.57522948563;46.3143;920.7892996803457;Evaluated;4.755;2.4282;64;True;1;
1;1;1;;normal;0;;;;;;;;;;;;;;;;;;;;;End-of-iteration summary row;;;16172.55107978234;16172.55107978234;6;16172.55107978234;46.3254;;IterationSummary;;;;;;
2;1;2;1;normal;0;c8bc9a056191;move;;;5;10;;;;;;;;;;True;False;False;False;;ok;17076.107149414005;16172.55107978234;16172.55107978234;16172.55107978234;7;16172.55107978234;54.2443;903.5560696316643;Evaluated;5.4844;2.426;64;True;1;
2;1;2;2;normal;0;c8bc9a056191;swap;20;21;;;;;;;;;;;;True;False;False;False;;ok;16174.788028007666;16172.55107978234;16172.55107978234;16172.55107978234;8;16172.55107978234;61.8131;2.23694822532525;Evaluated;5.1417;2.4242;64;True;1;
2;1;2;3;normal;0;c8bc9a056191;reinsert_block;;;;;;;35;40;28;;;;;True;False;False;False;;ok;16367.120131137473;16172.55107978234;16172.55107978234;16172.55107978234;9;16172.55107978234;70.0506;194.56905135513261;Evaluated;5.8126;2.4224;64;True;1;
2;1;2;4;normal;0;c8bc9a056191;move;;;58;49;;;;;;;;;;True;False;False;False;;ok;16635.67706837423;16172.55107978234;16172.55107978234;16172.55107978234;10;16172.55107978234;77.6274;463.125988591888;Evaluated;5.1486;2.4257;64;True;1;
2;1;2;5;normal;0;c8bc9a056191;move;;;28;36;;;;;;;;;;True;False;False;False;;ok;16180.541331227258;16172.55107978234;16172.55107978234;16172.55107978234;11;16172.55107978234;85.1793;7.990251444916794;Evaluated;5.1241;2.4249;64;True;1;
2;1;2;;normal;1;;;;;;;;;;;;;;;;;;;;;End-of-iteration summary row;;;16172.55107978234;16172.55107978234;11;16172.55107978234;85.1822;;IterationSummary;;;;;;
3;1;3;1;normal;1;c8bc9a056191;move;;;10;5;;;;;;;;;;True;False;False;False;;ok;15529.23471503966;16172.55107978234;16172.55107978234;16172.55107978234;12;16172.55107978234;92.8305;-643.3163647426809;Evaluated;5.401;2.2317;64;True;1;
3;1;3;2;normal;1;c8bc9a056191;swap;25;26;;;;;;;;;;;;True;False;False;False;;ok;16172.55107978234;16172.55107978234;16172.55107978234;16172.55107978234;13;16172.55107978234;104.2924;0.0;Evaluated;9.0286;2.4306;64;True;2;duplicate_for_same_parent_sequence
3;1;3;3;normal;1;c8bc9a056191;reinsert_block;;;;;;;36;40;28;;;;;True;False;False;True;;ok;16013.52957964605;16172.55107978234;16172.55107978234;16172.55107978234;14;16172.55107978234;111.9255;-159.02150013629034;Evaluated;5.4051;2.2255;64;True;1;
3;1;3;4;normal;1;c8bc9a056191;move;;;50;48;;;;;;;;;;True;False;False;False;;ok;16638.195118925894;16172.55107978234;16172.55107978234;16172.55107978234;15;16172.55107978234;119.576;465.6440391435535;Evaluated;5.2174;2.4303;64;True;1;
3;1;3;5;normal;1;c8bc9a056191;move;;;25;30;;;;;;;;;;True;False;False;False;;ok;16624.412718144493;16172.55107978234;16172.55107978234;16172.55107978234;16;16172.55107978234;130.833;451.861638362152;Evaluated;8.8284;2.4258;64;True;2;duplicate_for_same_parent_sequence
3;1;3;;normal;0;;;;;;;;;;;;;;;;;;;;;End-of-iteration summary row;;;15529.23471503966;15529.23471503966;16;15529.23471503966;130.8462;;IterationSummary;;;;;;
4;1;4;1;normal;0;a8867ed66f86;move;;;3;6;;;;;;;;;;True;False;False;False;;ok;17662.767630681257;15529.23471503966;15529.23471503966;15529.23471503966;17;15529.23471503966;138.9661;2133.5329156415974;Evaluated;5.686;2.4241;64;True;1;
4;1;4;2;normal;0;a8867ed66f86;swap;17;20;;;;;;;;;;;;True;False;False;False;;ok;16764.62125431533;15529.23471503966;15529.23471503966;15529.23471503966;18;15529.23471503966;146.561;1235.3865392756707;Evaluated;5.163;2.4294;64;True;1;
4;1;4;3;normal;0;a8867ed66f86;reinsert_block;;;;;;;35;40;28;;;;;True;False;False;False;;ok;16255.30599465143;15529.23471503966;15529.23471503966;15529.23471503966;19;15529.23471503966;155.4905;726.0712796117696;Evaluated;6.4899;2.4384;64;True;1;
4;1;4;4;normal;0;a8867ed66f86;move;;;50;48;;;;;;;;;;True;False;False;False;;ok;15528.24534178117;15529.23471503966;15529.23471503966;15529.23471503966;20;15529.23471503966;162.9392;-0.9893732584896497;Evaluated;5.2227;2.2254;64;True;1;
4;1;4;5;normal;0;a8867ed66f86;move;;;28;35;;;;;;;;;;True;False;False;False;;ok;16097.148629242094;15529.23471503966;15529.23471503966;15529.23471503966;21;15529.23471503966;170.5227;567.9139142024342;Evaluated;5.1561;2.4267;64;True;1;
4;1;4;;normal;0;;;;;;;;;;;;;;;;;;;;;End-of-iteration summary row;;;15528.24534178117;15528.24534178117;21;15528.24534178117;170.5285;;IterationSummary;;;;;;
5;1;5;1;normal;0;60fefe3340cb;move;;;10;5;;;;;;;;;;True;False;False;False;;ok;18212.63141596641;15528.24534178117;15528.24534178117;15528.24534178117;22;15528.24534178117;178.847;2684.3860741852404;Evaluated;5.6827;2.6279;64;True;1;
5;1;5;2;normal;0;60fefe3340cb;swap;20;21;;;;;;;;;;;;True;False;False;False;;ok;17159.416572043563;15528.24534178117;15528.24534178117;15528.24534178117;23;15528.24534178117;186.6287;1631.1712302623928;Evaluated;5.3536;2.4255;64;True;1;
5;1;5;3;normal;0;60fefe3340cb;reinsert_block;;;;;;;35;40;28;;;;;True;False;False;False;;ok;16728.73421952624;15528.24534178117;15528.24534178117;15528.24534178117;24;15528.24534178117;194.5051;1200.4888777450687;Evaluated;5.4471;2.4279;64;True;1;
5;1;5;4;normal;0;60fefe3340cb;move;;;48;50;;;;;;;;;;True;False;False;False;;ok;15529.23471503966;15528.24534178117;15528.24534178117;15528.24534178117;25;15528.24534178117;201.9749;0.9893732584896497;Evaluated;5.2386;2.2284;64;True;1;
5;1;5;5;normal;0;60fefe3340cb;move;;;50;48;;;;;;;;;;True;False;False;False;;ok;15537.996400529828;15528.24534178117;15528.24534178117;15528.24534178117;26;15528.24534178117;209.3762;9.75105874865767;Evaluated;5.1683;2.2305;64;True;1;
5;1;5;;normal;1;;;;;;;;;;;;;;;;;;;;;End-of-iteration summary row;;;15528.24534178117;15528.24534178117;26;15528.24534178117;209.3791;;IterationSummary;;;;;;
6;1;6;1;normal;1;60fefe3340cb;move;;;5;3;;;;;;;;;;True;False;False;False;;ok;18263.009711583414;15528.24534178117;15528.24534178117;15528.24534178117;27;15528.24534178117;217.3466;2734.764369802244;Evaluated;5.3292;2.627;64;True;1;
6;1;6;2;normal;1;60fefe3340cb;swap;18;20;;;;;;;;;;;;True;False;False;False;;ok;17292.44016880409;15528.24534178117;15528.24534178117;15528.24534178117;28;15528.24534178117;225.2061;1764.1948270229186;Evaluated;5.4325;2.4241;64;True;1;
6;1;6;3;normal;1;60fefe3340cb;move;;;37;32;;;;;;;;;;True;False;False;False;;ok;17173.71061452319;15528.24534178117;15528.24534178117;15528.24534178117;29;15528.24534178117;236.57;1645.465272742018;Evaluated;8.9404;2.4224;64;True;2;duplicate_for_same_parent_sequence
6;1;6;4;normal;1;60fefe3340cb;move;;;50;49;;;;;;;;;;True;False;False;False;;ok;15529.849715353661;15528.24534178117;15528.24534178117;15528.24534178117;30;15528.24534178117;247.3805;1.6043735724906583;Evaluated;8.5853;2.2245;64;True;2;duplicate_for_same_parent_sequence
6;1;6;5;normal;1;60fefe3340cb;move;;;25;30;;;;;;;;;;True;False;False;False;;ok;15528.37587100938;15528.24534178117;15528.24534178117;15528.24534178117;31;15528.24534178117;258.1873;0.13052922821043467;Evaluated;8.577;2.227;64;True;2;duplicate_for_same_parent_sequence
6;1;6;;normal;2;;;;;;;;;;;;;;;;;;;;;End-of-iteration summary row;;;15528.24534178117;15528.24534178117;31;15528.24534178117;258.1879;;IterationSummary;;;;;;
7;1;7;1;normal;2;60fefe3340cb;move;;;7;3;;;;;;;;;;True;False;False;False;;ok;17921.977083527116;15528.24534178117;15528.24534178117;15528.24534178117;32;15528.24534178117;269.3017;2393.7317417459453;Evaluated;8.6808;2.4275;64;True;2;duplicate_for_same_parent_sequence
7;1;7;2;normal;2;60fefe3340cb;move;;;35;42;;;;;;;;;;True;False;False;False;;ok;16442.914800917406;15528.24534178117;15528.24534178117;15528.24534178117;33;15528.24534178117;283.7094;914.6694591362357;Evaluated;11.98;2.426;64;True;3;duplicate_for_same_parent_sequence
7;1;7;3;normal;2;60fefe3340cb;move;;;15;7;;;;;;;;;;True;False;False;False;;ok;17741.102456945362;15528.24534178117;15528.24534178117;15528.24534178117;34;15528.24534178117;295.0993;2212.857115164192;Evaluated;8.9612;2.4257;64;True;2;duplicate_for_same_parent_sequence
7;1;7;4;normal;2;60fefe3340cb;move;;;60;49;;;;;;;;;;True;False;False;True;;ok;15349.530618655388;15528.24534178117;15528.24534178117;15528.24534178117;35;15528.24534178117;305.9658;-178.71472312578226;Evaluated;8.6406;2.2232;64;True;2;duplicate_for_same_parent_sequence
7;1;7;5;normal;2;60fefe3340cb;move;;;40;35;;;;;;;;;;True;False;False;False;;ok;15522.37675906467;15528.24534178117;15528.24534178117;15528.24534178117;36;15528.24534178117;313.352;-5.868582716500896;Evaluated;5.1586;2.2246;64;True;1;
7;1;7;;normal;0;;;;;;;;;;;;;;;;;;;;;End-of-iteration summary row;;;15349.530618655388;15349.530618655388;36;15349.530618655388;313.3577;;IterationSummary;;;;;;
8;1;8;1;normal;0;80afef21b34d;move;;;5;3;;;;;;;;;;True;False;False;False;;ok;17618.900868416433;15349.530618655388;15349.530618655388;15349.530618655388;37;15349.530618655388;321.3813;2269.3702497610448;Evaluated;5.5874;2.4276;64;True;1;
8;1;8;2;normal;0;80afef21b34d;swap;17;20;;;;;;;;;;;;True;False;False;False;;ok;16583.2316328002;15349.530618655388;15349.530618655388;15349.530618655388;38;15349.530618655388;328.9424;1233.7010141448136;Evaluated;5.1349;2.4254;64;True;1;
8;1;8;3;normal;0;80afef21b34d;reinsert_block;;;;;;;34;39;50;;;;;True;False;False;True;;ok;16478.490554937605;15349.530618655388;15349.530618655388;15349.530618655388;39;15349.530618655388;336.6935;1128.9599362822173;Evaluated;5.3177;2.4301;64;True;1;
8;1;8;4;normal;0;80afef21b34d;move;;;50;45;;;;;;;;;;True;False;False;False;;ok;15350.620766520882;15349.530618655388;15349.530618655388;15349.530618655388;40;15349.530618655388;344.1497;1.0901478654941457;Evaluated;5.2246;2.229;64;True;1;
8;1;8;5;normal;0;80afef21b34d;move;;;50;49;;;;;;;;;;True;False;False;False;;ok;15347.100261772013;15349.530618655388;15349.530618655388;15349.530618655388;41;15349.530618655388;351.5238;-2.4303568833747704;Evaluated;5.1452;2.2279;64;True;1;
8;1;8;;normal;0;;;;;;;;;;;;;;;;;;;;;End-of-iteration summary row;;;15347.100261772013;15347.100261772013;41;15347.100261772013;351.5411;;IterationSummary;;;;;;
9;1;9;1;normal;0;dc46ca35c611;move;;;10;5;;;;;;;;;;True;False;False;False;;ok;17563.17026551817;15347.100261772013;15347.100261772013;15347.100261772013;42;15347.100261772013;359.6391;2216.0700037461556;Evaluated;5.664;2.4263;64;True;1;
9;1;9;2;normal;0;dc46ca35c611;swap;18;20;;;;;;;;;;;;True;False;False;False;;ok;16641.69161770044;15347.100261772013;15347.100261772013;15347.100261772013;43;15347.100261772013;367.3201;1294.5913559284254;Evaluated;5.2547;2.4239;64;True;1;
9;1;9;3;normal;0;dc46ca35c611;reinsert_block;;;;;;;35;40;28;;;;;True;False;False;False;;ok;16077.404519567948;15347.100261772013;15347.100261772013;15347.100261772013;44;15347.100261772013;375.2548;730.304257795935;Evaluated;5.5113;2.4228;64;True;1;
9;1;9;4;normal;0;dc46ca35c611;move;;;48;52;;;;;;;;;;True;False;False;False;;ok;16481.339926891553;15347.100261772013;15347.100261772013;15347.100261772013;45;15347.100261772013;382.9484;1134.2396651195395;Evaluated;5.2601;2.4327;64;True;1;
9;1;9;5;normal;0;dc46ca35c611;move;;;40;35;;;;;;;;;;True;False;False;False;;ok;15347.117598867073;15347.100261772013;15347.100261772013;15347.100261772013;46;15347.100261772013;390.3082;0.017337095059701824;Evaluated;5.1305;2.2267;64;True;1;
9;1;9;;normal;1;;;;;;;;;;;;;;;;;;;;;End-of-iteration summary row;;;15347.100261772013;15347.100261772013;46;15347.100261772013;390.3107;;IterationSummary;;;;;;
10;1;10;1;normal;1;dc46ca35c611;move;;;8;3;;;;;;;;;;True;False;False;False;;ok;17271.328533820102;15347.100261772013;15347.100261772013;15347.100261772013;47;15347.100261772013;401.6825;1924.228272048089;Evaluated;8.9369;2.423;64;True;2;duplicate_for_same_parent_sequence
10;1;10;2;normal;1;dc46ca35c611;swap;20;21;;;;;;;;;;;;True;False;False;False;;ok;16507.990667648977;15347.100261772013;15347.100261772013;15347.100261772013;48;15347.100261772013;409.324;1160.890405876964;Evaluated;5.2175;2.4222;64;True;1;
10;1;10;3;normal;1;dc46ca35c611;move;;;15;20;;;;;;;;;;True;False;False;False;;ok;15344.745504848524;15347.100261772013;15347.100261772013;15347.100261772013;49;15347.100261772013;420.7689;-2.3547569234888215;Evaluated;9.2165;2.2278;64;True;2;duplicate_for_same_parent_sequence
10;1;10;4;normal;1;dc46ca35c611;move;;;50;49;;;;;;;;;;True;False;False;False;;ok;15349.530618655388;15347.100261772013;15347.100261772013;15347.100261772013;50;15347.100261772013;428.1292;2.4303568833747704;Evaluated;5.1255;2.2319;64;True;1;
10;1;10;5;normal;1;dc46ca35c611;move;;;50;45;;;;;;;;;;True;False;False;False;;ok;15555.546293021998;15347.100261772013;15347.100261772013;15347.100261772013;51;15347.100261772013;435.5167;208.44603124998503;Evaluated;5.1577;2.2273;64;True;1;
10;1;10;;normal;0;;;;;;;;;;;;;;;;;;;;;End-of-iteration summary row;;;15344.745504848524;15344.745504848524;51;15344.745504848524;435.5231;;IterationSummary;;;;;;
11;1;11;1;normal;0;3a6ccddaa1b2;move;;;10;5;;;;;;;;;;True;False;False;False;;ok;17563.18900615747;15344.745504848524;15344.745504848524;15344.745504848524;52;15344.745504848524;443.508;2218.443501308946;Evaluated;5.5466;2.4294;64;True;1;
11;1;11;2;normal;0;3a6ccddaa1b2;swap;18;20;;;;;;;;;;;;True;False;False;False;;ok;16709.423756485816;15344.745504848524;15344.745504848524;15344.745504848524;53;15344.745504848524;451.3853;1364.6782516372914;Evaluated;5.4515;2.4252;64;True;1;
11;1;11;3;normal;0;3a6ccddaa1b2;reinsert_block;;;;;;;35;40;28;;;;;True;False;False;False;;ok;16122.20143178966;15344.745504848524;15344.745504848524;15344.745504848524;54;15344.745504848524;459.1757;777.4559269411347;Evaluated;5.5533;2.2364;64;True;1;
11;1;11;4;normal;0;3a6ccddaa1b2;move;;;52;40;;;;;;;;;;True;False;False;True;;ok;16168.938288244457;15344.745504848524;15344.745504848524;15344.745504848524;55;15344.745504848524;467.0668;824.1927833959326;Evaluated;5.4635;2.4248;64;True;1;
11;1;11;5;normal;0;3a6ccddaa1b2;move;;;50;40;;;;;;;;;;True;False;False;True;;ok;15854.270905650284;15344.745504848524;15344.745504848524;15344.745504848524;56;15344.745504848524;474.4902;509.52540080176004;Evaluated;5.1822;2.2386;64;True;1;
11;1;11;;normal;1;;;;;;;;;;;;;;;;;;;;;End-of-iteration summary row;;;15344.745504848524;15344.745504848524;56;15344.745504848524;474.491;;IterationSummary;;;;;;
12;1;12;1;normal;1;3a6ccddaa1b2;move;;;25;4;;;;;;;;;;True;False;False;True;;ok;17271.119418970487;15344.745504848524;15344.745504848524;15344.745504848524;57;15344.745504848524;485.8818;1926.373914121963;Evaluated;8.9573;2.4263;64;True;2;duplicate_for_same_parent_sequence
12;1;12;2;normal;1;3a6ccddaa1b2;swap;20;25;;;;;;;;;;;;True;False;False;False;;ok;15471.729602875808;15344.745504848524;15344.745504848524;15344.745504848524;58;15344.745504848524;493.5186;126.98409802728384;Evaluated;5.4077;2.226;64;True;1;
12;1;12;3;normal;1;3a6ccddaa1b2;move;;;36;15;;;;;;;;;;True;False;False;True;;ok;16786.9132690283;15344.745504848524;15344.745504848524;15344.745504848524;59;15344.745504848524;504.874;1442.167764179776;Evaluated;8.9306;2.4223;64;True;2;duplicate_for_same_parent_sequence
12;1;12;4;normal;1;3a6ccddaa1b2;move;;;50;48;;;;;;;;;;True;False;False;False;;ok;15330.041709490346;15344.745504848524;15344.745504848524;15344.745504848524;60;15344.745504848524;512.361;-14.703795358178468;Evaluated;5.2579;2.2284;64;True;1;
12;1;12;5;normal;1;3a6ccddaa1b2;move;;;25;30;;;;;;;;;;True;False;False;False;;ok;16241.626240339867;15344.745504848524;15344.745504848524;15344.745504848524;61;15344.745504848524;519.8673;896.8807354913424;Evaluated;5.0805;2.4251;64;True;1;
12;1;12;;normal;0;;;;;;;;;;;;;;;;;;;;;End-of-iteration summary row;;;15330.041709490346;15330.041709490346;61;15330.041709490346;519.8877;;IterationSummary;;;;;;
13;1;13;1;normal;0;b913aee75cec;move;;;10;5;;;;;;;;;;True;False;False;False;;ok;17899.585544743026;15330.041709490346;15330.041709490346;15330.041709490346;62;15330.041709490346;527.756;2569.54383525268;Evaluated;5.437;2.4249;64;True;1;
13;1;13;2;normal;0;b913aee75cec;swap;20;25;;;;;;;;;;;;True;False;False;False;;ok;15453.102075526653;15330.041709490346;15330.041709490346;15330.041709490346;63;15330.041709490346;535.0341;123.06036603630673;Evaluated;5.0505;2.2247;64;True;1;
13;1;13;3;normal;0;b913aee75cec;reinsert_block;;;;;;;35;40;28;;;;;True;False;False;False;;ok;16461.997048582238;15330.041709490346;15330.041709490346;15330.041709490346;64;15330.041709490346;543.0096;1131.9553390918918;Evaluated;5.5413;2.4313;64;True;1;
13;1;13;4;normal;0;b913aee75cec;move;;;50;48;;;;;;;;;;True;False;False;False;;ok;15330.007694477858;15330.041709490346;15330.041709490346;15330.041709490346;65;15330.041709490346;550.4331;-0.03401501248845307;Evaluated;5.196;2.2248;64;True;1;
13;1;13;5;normal;0;b913aee75cec;move;;;25;30;;;;;;;;;;True;False;False;False;;ok;16577.900234373505;15330.041709490346;15330.041709490346;15330.041709490346;66;15330.041709490346;558.0309;1247.8585248831587;Evaluated;5.1671;2.4279;64;True;1;
13;1;13;;normal;0;;;;;;;;;;;;;;;;;;;;;End-of-iteration summary row;;;15330.007694477858;15330.007694477858;66;15330.007694477858;558.048;;IterationSummary;;;;;;
14;1;14;1;normal;0;d6b766615d2e;move;;;10;5;;;;;;;;;;True;False;False;False;;ok;17899.585544743026;15330.007694477858;15330.007694477858;15330.007694477858;67;15330.007694477858;565.9408;2569.5778502651683;Evaluated;5.459;2.4251;64;True;1;
14;1;14;2;normal;0;d6b766615d2e;swap;17;20;;;;;;;;;;;;True;False;False;False;;ok;17052.919675102836;15330.007694477858;15330.007694477858;15330.007694477858;68;15330.007694477858;573.6441;1722.9119806249782;Evaluated;5.2683;2.4319;64;True;1;
14;1;14;3;normal;0;d6b766615d2e;reinsert_block;;;;;;;36;40;28;;;;;True;False;False;True;;ok;16842.78734786285;15330.007694477858;15330.007694477858;15330.007694477858;69;15330.007694477858;581.5748;1512.7796533849923;Evaluated;5.4987;2.4288;64;True;1;
14;1;14;4;normal;0;d6b766615d2e;move;;;50;48;;;;;;;;;;True;False;False;False;;ok;15344.745504848524;15330.007694477858;15330.007694477858;15330.007694477858;70;15330.007694477858;589.0315;14.73781037066692;Evaluated;5.2276;2.2263;64;True;1;
14;1;14;5;normal;0;d6b766615d2e;move;;;25;10;;;;;;;;;;True;False;False;True;;ok;17440.027751049944;15330.007694477858;15330.007694477858;15330.007694477858;71;15330.007694477858;596.6008;2110.020056572086;Evaluated;5.1414;2.4254;64;True;1;
14;1;14;;normal;1;;;;;;;;;;;;;;;;;;;;;End-of-iteration summary row;;;15330.007694477858;15330.007694477858;71;15330.007694477858;596.6018;;IterationSummary;;;;;;
15;1;15;1;normal;1;d6b766615d2e;move;;;2;8;;;;;;;;;;True;False;False;False;;ok;17816.35547146222;15330.007694477858;15330.007694477858;15330.007694477858;72;15330.007694477858;607.9229;2486.347776984361;Evaluated;8.881;2.4287;64;True;2;duplicate_for_same_parent_sequence
15;1;15;2;normal;1;d6b766615d2e;swap;20;21;;;;;;;;;;;;True;False;False;False;;ok;16624.61512782521;15330.007694477858;15330.007694477858;15330.007694477858;73;15330.007694477858;615.8304;1294.6074333473534;Evaluated;5.4782;2.4285;64;True;1;
15;1;15;3;normal;1;d6b766615d2e;reinsert_block;;;;;;;35;40;28;;;;;True;False;False;False;;ok;16460.300665979616;15330.007694477858;15330.007694477858;15330.007694477858;74;15330.007694477858;623.7801;1130.292971501758;Evaluated;5.5199;2.4269;64;True;1;
15;1;15;4;normal;1;d6b766615d2e;move;;;28;35;;;;;;;;;;True;False;False;False;;ok;16547.616994881355;15330.007694477858;15330.007694477858;15330.007694477858;75;15330.007694477858;635.0958;1217.6093004034974;Evaluated;8.8784;2.4342;64;True;2;duplicate_for_same_parent_sequence
15;1;15;5;normal;1;d6b766615d2e;move;;;40;35;;;;;;;;;;True;False;False;False;;ok;15326.834964136586;15330.007694477858;15330.007694477858;15330.007694477858;76;15330.007694477858;642.5565;-3.1727303412717447;Evaluated;5.2283;2.2299;64;True;1;
15;1;15;;normal;0;;;;;;;;;;;;;;;;;;;;;End-of-iteration summary row;;;15326.834964136586;15326.834964136586;76;15326.834964136586;642.5748;;IterationSummary;;;;;;
16;1;16;1;normal;0;f1655b584fa9;move;;;10;5;;;;;;;;;;True;False;False;False;;ok;17449.156942281938;15326.834964136586;15326.834964136586;15326.834964136586;77;15326.834964136586;650.6;2122.3219781453517;Evaluated;5.5896;2.428;64;True;1;
16;1;16;2;normal;0;f1655b584fa9;swap;17;20;;;;;;;;;;;;True;False;False;False;;ok;16592.66514279715;15326.834964136586;15326.834964136586;15326.834964136586;78;15326.834964136586;658.2207;1265.8301786605625;Evaluated;5.1933;2.4245;64;True;1;
16;1;16;3;normal;0;f1655b584fa9;reinsert_block;;;;;;;35;40;28;;;;;True;False;False;False;;ok;16484.68141190923;15326.834964136586;15326.834964136586;15326.834964136586;79;15326.834964136586;666.455;1157.8464477726448;Evaluated;5.8002;2.4311;64;True;1;
16;1;16;4;normal;0;f1655b584fa9;move;;;50;48;;;;;;;;;;True;False;False;False;;ok;15344.407160587005;15326.834964136586;15326.834964136586;15326.834964136586;80;15326.834964136586;673.834;17.572196450419142;Evaluated;5.145;2.2311;64;True;1;
16;1;16;5;normal;0;f1655b584fa9;move;;;25;10;;;;;;;;;;True;False;False;True;;ok;16983.916006905238;15326.834964136586;15326.834964136586;15326.834964136586;81;15326.834964136586;681.4156;1657.081042768652;Evaluated;5.1529;2.426;64;True;1;
16;1;16;;normal;1;;;;;;;;;;;;;;;;;;;;;End-of-iteration summary row;;;15326.834964136586;15326.834964136586;81;15326.834964136586;681.4185;;IterationSummary;;;;;;
17;1;17;1;normal;1;f1655b584fa9;move;;;17;3;;;;;;;;;;True;False;False;True;;ok;17049.816346308136;15326.834964136586;15326.834964136586;15326.834964136586;82;15326.834964136586;689.2847;1722.9813821715506;Evaluated;5.4241;2.4284;64;True;1;
17;1;17;2;normal;1;f1655b584fa9;swap;18;20;;;;;;;;;;;;True;False;False;False;;ok;16588.72379708322;15326.834964136586;15326.834964136586;15326.834964136586;83;15326.834964136586;697.218;1261.8888329466354;Evaluated;5.5051;2.4251;64;True;1;
17;1;17;3;normal;1;f1655b584fa9;move;;;19;25;;;;;;;;;;True;False;False;False;;ok;15472.495448933392;15326.834964136586;15326.834964136586;15326.834964136586;84;15326.834964136586;708.6264;145.6604847968065;Evaluated;9.1807;2.225;64;True;2;duplicate_for_same_parent_sequence
17;1;17;4;normal;1;f1655b584fa9;move;;;52;48;;;;;;;;;;True;False;False;False;;ok;16476.405318348974;15326.834964136586;15326.834964136586;15326.834964136586;85;15326.834964136586;716.4524;1149.5703542123883;Evaluated;5.3966;2.4259;64;True;1;
17;1;17;5;normal;1;f1655b584fa9;move;;;28;35;;;;;;;;;;True;False;False;False;;ok;16750.84385836041;15326.834964136586;15326.834964136586;15326.834964136586;86;15326.834964136586;723.971;1424.0088942238253;Evaluated;5.0871;2.4289;64;True;1;
17;1;17;;normal;2;;;;;;;;;;;;;;;;;;;;;End-of-iteration summary row;;;15326.834964136586;15326.834964136586;86;15326.834964136586;723.9739;;IterationSummary;;;;;;
18;1;18;1;normal;2;f1655b584fa9;move;;;7;3;;;;;;;;;;True;False;False;False;;ok;17156.222482087127;15326.834964136586;15326.834964136586;15326.834964136586;87;15326.834964136586;731.8468;1829.3875179505412;Evaluated;5.4354;2.4239;64;True;1;
18;1;18;2;normal;2;f1655b584fa9;swap;20;21;;;;;;;;;;;;True;False;False;False;;ok;16630.879427361557;15326.834964136586;15326.834964136586;15326.834964136586;88;15326.834964136586;739.4176;1304.044463224971;Evaluated;5.1401;2.4278;64;True;1;
18;1;18;3;normal;2;f1655b584fa9;move;;;37;41;;;;;;;;;;True;False;False;False;;ok;15426.114563218527;15326.834964136586;15326.834964136586;15326.834964136586;89;15326.834964136586;750.821;99.27959908194134;Evaluated;9.176;2.2264;64;True;2;duplicate_for_same_parent_sequence
18;1;18;4;normal;2;f1655b584fa9;move;;;48;52;;;;;;;;;;True;False;False;False;;ok;15610.81520460699;15326.834964136586;15326.834964136586;15326.834964136586;90;15326.834964136586;758.2108;283.98024047040417;Evaluated;5.1551;2.2316;64;True;1;
18;1;18;5;normal;2;f1655b584fa9;move;;;50;42;;;;;;;;;;True;False;False;False;;ok;15563.119770476847;15326.834964136586;15326.834964136586;15326.834964136586;91;15326.834964136586;765.6038;236.28480634026164;Evaluated;5.1622;2.2295;64;True;1;
18;1;18;;normal;3;;;;;;;;;;;;;;;;;;;;;End-of-iteration summary row;;;15326.834964136586;15326.834964136586;91;15326.834964136586;765.6045;;IterationSummary;;;;;;
19;1;19;1;diversification;3;f1655b584fa9;move;;;5;20;;;;;;;;;;True;False;False;True;;ok;16796.80212041708;15326.834964136586;15326.834964136586;15326.834964136586;92;15326.834964136586;776.9843;1469.9671562804942;Evaluated;8.9435;2.4309;64;True;2;duplicate_for_same_parent_sequence
19;1;19;2;diversification;3;f1655b584fa9;reinsert_block;;;;;;;18;24;35;;;;;True;False;False;True;;ok;16590.3770001539;15326.834964136586;15326.834964136586;15326.834964136586;93;15326.834964136586;784.9549;1263.5420360173157;Evaluated;5.5435;2.4244;64;True;1;
19;1;19;3;diversification;3;f1655b584fa9;swap;35;40;;;;;;;;;;;;True;False;False;False;;ok;15334.00845750731;15326.834964136586;15326.834964136586;15326.834964136586;94;15326.834964136586;792.6577;7.173493370724827;Evaluated;5.4698;2.2303;64;True;1;
19;1;19;4;diversification;3;f1655b584fa9;move;;;52;37;;;;;;;;;;True;False;False;True;;ok;16356.171267457072;15326.834964136586;15326.834964136586;15326.834964136586;95;15326.834964136586;803.7063;1029.336303320486;Evaluated;8.6228;2.4249;64;True;2;duplicate_for_same_parent_sequence
19;1;19;5;diversification;3;f1655b584fa9;move;;;15;8;;;;;;;;;;True;False;False;False;;ok;16984.46485781009;15326.834964136586;15326.834964136586;15326.834964136586;96;15326.834964136586;818.3091;1657.6298936735038;Evaluated;12.1731;2.4267;64;True;3;duplicate_for_same_parent_sequence
19;1;19;6;diversification;3;f1655b584fa9;move;;;30;25;;;;;;;;;;True;False;False;False;;ok;17499.010367729454;15326.834964136586;15326.834964136586;15326.834964136586;97;15326.834964136586;826.2475;2172.175403592868;Evaluated;5.5035;2.4321;64;True;1;
19;1;19;7;diversification;3;f1655b584fa9;move;;;30;45;;;;;;;;;;True;False;False;True;;ok;16324.201044154252;15326.834964136586;15326.834964136586;15326.834964136586;98;15326.834964136586;840.9982;997.3660800176658;Evaluated;12.3205;2.4276;64;True;3;duplicate_for_same_parent_sequence
19;1;19;8;diversification;3;f1655b584fa9;move;;;10;25;;;;;;;;;;True;False;False;True;;ok;16792.70912307394;15326.834964136586;15326.834964136586;15326.834964136586;99;15326.834964136586;848.5968;1465.874158937353;Evaluated;5.171;2.4268;64;True;1;
19;1;19;9;diversification;3;f1655b584fa9;move;;;25;30;;;;;;;;;;True;False;False;False;;ok;16587.19057523666;15326.834964136586;15326.834964136586;15326.834964136586;100;15326.834964136586;856.0255;1260.3556111000726;Evaluated;4.9963;2.4298;64;True;1;
19;1;19;10;diversification;3;f1655b584fa9;swap;30;40;;;;;;;;;;;;True;False;False;False;;ok;16326.282118055473;15326.834964136586;15326.834964136586;15326.834964136586;101;15326.834964136586;867.1833;999.4471539188871;Evaluated;8.7271;2.4279;64;True;2;duplicate_for_same_parent_sequence
19;1;19;;diversification;4;;;;;;;;;;;;;;;;;;;;;End-of-iteration summary row;;;15326.834964136586;15326.834964136586;101;15326.834964136586;867.1861;;IterationSummary;;;;;;
20;1;20;1;diversification;4;f1655b584fa9;move;;;8;15;;;;;;;;;;True;False;False;False;;ok;15336.979524215521;15326.834964136586;15326.834964136586;15326.834964136586;102;15326.834964136586;878.3287;10.144560078935683;Evaluated;8.9106;2.223;64;True;2;duplicate_for_same_parent_sequence
20;1;20;2;diversification;4;f1655b584fa9;reinsert_block;;;;;;;20;24;35;;;;;True;False;False;True;;ok;16195.115526248917;15326.834964136586;15326.834964136586;15326.834964136586;103;15326.834964136586;886.3205;868.2805621123316;Evaluated;5.5606;2.4281;64;True;1;
20;1;20;3;diversification;4;f1655b584fa9;swap;32;47;;;;;;;;;;;;True;False;False;True;;ok;15378.989390484987;15326.834964136586;15326.834964136586;15326.834964136586;104;15326.834964136586;897.5379;52.1544263484011;Evaluated;8.991;2.2236;64;True;2;duplicate_for_same_parent_sequence
20;1;20;4;diversification;4;f1655b584fa9;move;;;48;35;;;;;;;;;;True;False;False;True;;ok;15325.981716099897;15326.834964136586;15326.834964136586;15326.834964136586;105;15326.834964136586;908.2612;-0.8532480366884556;Evaluated;8.4951;2.2249;64;True;2;duplicate_for_same_parent_sequence
20;1;20;5;diversification;4;f1655b584fa9;move;;;20;15;;;;;;;;;;True;False;False;False;;ok;15333.4023702593;15326.834964136586;15326.834964136586;15326.834964136586;106;15326.834964136586;919.394;6.567406122714601;Evaluated;8.8831;2.2472;64;True;2;duplicate_for_same_parent_sequence
20;1;20;6;diversification;4;f1655b584fa9;move;;;35;20;;;;;;;;;;True;False;False;True;;ok;16541.008623234527;15326.834964136586;15326.834964136586;15326.834964136586;107;15326.834964136586;927.4145;1214.1736590979417;Evaluated;5.5835;2.4342;64;True;1;
20;1;20;7;diversification;4;f1655b584fa9;move;;;40;25;;;;;;;;;;True;False;False;True;;ok;15530.468967469727;15326.834964136586;15326.834964136586;15326.834964136586;108;15326.834964136586;934.9003;203.63400333314166;Evaluated;5.2555;2.2277;64;True;1;
20;1;20;8;diversification;4;f1655b584fa9;move;;;8;3;;;;;;;;;;True;False;False;False;;ok;17155.433781653097;15326.834964136586;15326.834964136586;15326.834964136586;109;15326.834964136586;945.9002;1828.5988175165112;Evaluated;8.5665;2.4304;64;True;2;duplicate_for_same_parent_sequence
20;1;20;9;diversification;4;f1655b584fa9;move;;;18;35;;;;;;;;;;True;False;False;True;;ok;16586.944794926996;15326.834964136586;15326.834964136586;15326.834964136586;110;15326.834964136586;957.2785;1260.1098307904103;Evaluated;8.9402;2.4351;64;True;2;duplicate_for_same_parent_sequence
20;1;20;10;diversification;4;f1655b584fa9;move;;;45;10;;;;;;;;;;True;False;False;True;;ok;17189.40782514329;15326.834964136586;15326.834964136586;15326.834964136586;111;15326.834964136586;972.3116;1862.5728610067054;Evaluated;12.5979;2.4328;64;True;3;duplicate_for_same_parent_sequence
20;1;20;;diversification;0;;;;;;;;;;;;;;;;;;;;;End-of-iteration summary row;;;15325.981716099897;15325.981716099897;111;15325.981716099897;972.327;;IterationSummary;;;;;;
21;1;21;1;normal;0;a3e56cf0e6cd;move;;;2;5;;;;;;;;;;True;False;False;False;;ok;17394.436711078582;15325.981716099897;15325.981716099897;15325.981716099897;112;15325.981716099897;980.3196;2068.454994978685;Evaluated;5.5557;2.4295;64;True;1;
21;1;21;2;normal;0;a3e56cf0e6cd;swap;16;25;;;;;;;;;;;;True;False;False;False;;ok;15325.981716099897;15325.981716099897;15325.981716099897;15325.981716099897;113;15325.981716099897;987.9451;0.0;Evaluated;5.3963;2.2265;64;True;1;
21;1;21;3;normal;0;a3e56cf0e6cd;reinsert_block;;;;;;;32;40;50;;;;;True;False;False;True;;ok;15798.453347803843;15325.981716099897;15325.981716099897;15325.981716099897;114;15325.981716099897;995.6381;472.4716317039456;Evaluated;5.4628;2.2271;64;True;1;
21;1;21;4;normal;0;a3e56cf0e6cd;move;;;50;48;;;;;;;;;;True;False;False;False;;ok;15640.159114738308;15325.981716099897;15325.981716099897;15325.981716099897;115;15325.981716099897;1003.0942;314.1773986384105;Evaluated;5.2211;2.2316;64;True;1;
21;1;21;5;normal;0;a3e56cf0e6cd;move;;;40;15;;;;;;;;;;True;False;False;True;;ok;17790.022146048886;15325.981716099897;15325.981716099897;15325.981716099897;116;15325.981716099897;1010.6863;2464.040429948989;Evaluated;5.1636;2.4259;64;True;1;
21;1;21;;normal;1;;;;;;;;;;;;;;;;;;;;;End-of-iteration summary row;;;15325.981716099897;15325.981716099897;116;15325.981716099897;1010.6891;;IterationSummary;;;;;;
22;1;22;1;normal;1;a3e56cf0e6cd;move;;;5;10;;;;;;;;;;True;False;False;False;;ok;16800.29092323538;15325.981716099897;15325.981716099897;15325.981716099897;117;15325.981716099897;1018.7405;1474.309207135484;Evaluated;5.6056;2.4297;64;True;1;
22;1;22;2;normal;1;a3e56cf0e6cd;swap;17;20;;;;;;;;;;;;True;False;False;False;;ok;16592.773465552986;15325.981716099897;15325.981716099897;15325.981716099897;118;15325.981716099897;1026.5476;1266.7917494530884;Evaluated;5.3756;2.4285;64;True;1;
22;1;22;3;normal;1;a3e56cf0e6cd;reinsert_block;;;;;;;35;40;20;;;;;True;False;False;True;;ok;16239.72539850245;15325.981716099897;15325.981716099897;15325.981716099897;119;15325.981716099897;1034.9068;913.7436824025535;Evaluated;5.9341;2.4243;64;True;1;
22;1;22;4;normal;1;a3e56cf0e6cd;move;;;61;59;;;;;;;;;;True;False;False;False;;ok;15632.189321491944;15325.981716099897;15325.981716099897;15325.981716099897;120;15325.981716099897;1045.7201;306.2076053920464;Evaluated;8.5861;2.2263;64;True;2;duplicate_for_same_parent_sequence
22;1;22;5;normal;1;a3e56cf0e6cd;move;;;20;15;;;;;;;;;;True;False;False;False;;ok;15642.346880135226;15325.981716099897;15325.981716099897;15325.981716099897;121;15325.981716099897;1053.0791;316.36516403532914;Evaluated;5.1275;2.2287;64;True;1;
22;1;22;;normal;2;;;;;;;;;;;;;;;;;;;;;End-of-iteration summary row;;;15325.981716099897;15325.981716099897;121;15325.981716099897;1053.0797;;IterationSummary;;;;;;
23;1;23;1;normal;2;a3e56cf0e6cd;move;;;10;5;;;;;;;;;;True;False;False;False;;ok;17451.46352261441;15325.981716099897;15325.981716099897;15325.981716099897;122;15325.981716099897;1061.2577;2125.481806514512;Evaluated;5.747;2.4258;64;True;1;
23;1;23;2;normal;2;a3e56cf0e6cd;swap;20;21;;;;;;;;;;;;True;False;False;False;;ok;16031.788598298226;15325.981716099897;15325.981716099897;15325.981716099897;123;15325.981716099897;1068.6841;705.8068821983288;Evaluated;5.1962;2.2276;64;True;1;
23;1;23;3;normal;2;a3e56cf0e6cd;move;;;18;25;;;;;;;;;;True;False;False;False;;ok;16596.18802623006;15325.981716099897;15325.981716099897;15325.981716099897;124;15325.981716099897;1080.2853;1270.206310130161;Evaluated;9.1636;2.4348;64;True;2;duplicate_for_same_parent_sequence
23;1;23;4;normal;2;a3e56cf0e6cd;move;;;61;57;;;;;;;;;;True;False;False;False;;ok;15633.060287579661;15325.981716099897;15325.981716099897;15325.981716099897;125;15325.981716099897;1091.1299;307.0785714797639;Evaluated;8.6148;2.2272;64;True;2;duplicate_for_same_parent_sequence
23;1;23;5;normal;2;a3e56cf0e6cd;move;;;45;10;;;;;;;;;;True;False;False;True;;ok;16783.010386231654;15325.981716099897;15325.981716099897;15325.981716099897;126;15325.981716099897;1098.8214;1457.0286701317564;Evaluated;5.263;2.4278;64;True;1;
23;1;23;;normal;3;;;;;;;;;;;;;;;;;;;;;End-of-iteration summary row;;;15325.981716099897;15325.981716099897;126;15325.981716099897;1098.8245;;IterationSummary;;;;;;
24;1;24;1;diversification;3;a3e56cf0e6cd;move;;;8;2;;;;;;;;;;True;False;False;False;;ok;15519.599563171281;15325.981716099897;15325.981716099897;15325.981716099897;127;15325.981716099897;1110.0;193.61784707138395;Evaluated;8.9342;2.2268;64;True;2;duplicate_for_same_parent_sequence
24;1;24;2;diversification;3;a3e56cf0e6cd;reinsert_block;;;;;;;20;25;10;;;;;True;False;False;True;;ok;17070.118181306134;15325.981716099897;15325.981716099897;15325.981716099897;128;15325.981716099897;1118.0132;1744.1364652062366;Evaluated;5.5823;2.4283;64;True;1;
24;1;24;3;diversification;3;a3e56cf0e6cd;swap;35;40;;;;;;;;;;;;True;False;False;False;;ok;16452.53940373759;15325.981716099897;15325.981716099897;15325.981716099897;129;15325.981716099897;1125.6972;1126.5576876376945;Evaluated;5.2514;2.4298;64;True;1;
24;1;24;4;diversification;3;a3e56cf0e6cd;move;;;48;50;;;;;;;;;;True;False;False;False;;ok;15329.873576158372;15325.981716099897;15325.981716099897;15325.981716099897;130;15325.981716099897;1140.0521;3.8918600584747765;Evaluated;12.1244;2.2297;64;True;3;duplicate_for_same_parent_sequence
24;1;24;5;diversification;3;a3e56cf0e6cd;move;;;8;12;;;;;;;;;;True;False;False;False;;ok;15638.805224995127;15325.981716099897;15325.981716099897;15325.981716099897;131;15325.981716099897;1147.8385;312.8235088952297;Evaluated;5.5566;2.2289;64;True;1;
24;1;24;6;diversification;3;a3e56cf0e6cd;move;;;40;35;;;;;;;;;;True;False;False;False;;ok;16462.112954993754;15325.981716099897;15325.981716099897;15325.981716099897;132;15325.981716099897;1155.7355;1136.1312388938568;Evaluated;5.4663;2.4277;64;True;1;
24;1;24;7;diversification;3;a3e56cf0e6cd;move;;;30;40;;;;;;;;;;True;False;False;True;;ok;16287.0022963782;15325.981716099897;15325.981716099897;15325.981716099897;133;15325.981716099897;1166.8704;961.0205802783021;Evaluated;8.6997;2.4321;64;True;2;duplicate_for_same_parent_sequence
24;1;24;8;diversification;3;a3e56cf0e6cd;move;;;8;15;;;;;;;;;;True;False;False;False;;ok;15340.353085026676;15325.981716099897;15325.981716099897;15325.981716099897;134;15325.981716099897;1177.7262;14.371368926778814;Evaluated;8.6153;2.2363;64;True;2;duplicate_for_same_parent_sequence
24;1;24;9;diversification;3;a3e56cf0e6cd;move;;;25;30;;;;;;;;;;True;False;False;False;;ok;16575.385478173368;15325.981716099897;15325.981716099897;15325.981716099897;135;15325.981716099897;1185.4599;1249.4037620734707;Evaluated;5.301;2.4301;64;True;1;
24;1;24;10;diversification;3;a3e56cf0e6cd;move;;;42;38;;;;;;;;;;True;False;False;False;;ok;16854.016981360874;15325.981716099897;15325.981716099897;15325.981716099897;136;15325.981716099897;1193.0985;1528.0352652609763;Evaluated;5.2048;2.4315;64;True;1;
24;1;24;;diversification;4;;;;;;;;;;;;;;;;;;;;;End-of-iteration summary row;;;15325.981716099897;15325.981716099897;136;15325.981716099897;1193.1019;;IterationSummary;;;;;;
25;1;25;1;diversification;4;a3e56cf0e6cd;move;;;5;20;;;;;;;;;;True;False;False;True;;ok;16797.773418953897;15325.981716099897;15325.981716099897;15325.981716099897;137;15325.981716099897;1201.2019;1471.7917028539996;Evaluated;5.6627;2.426;64;True;1;
25;1;25;2;diversification;4;a3e56cf0e6cd;move;;;37;45;;;;;;;;;;True;False;False;False;;ok;16249.909796323052;15325.981716099897;15325.981716099897;15325.981716099897;138;15325.981716099897;1212.6295;923.9280802231551;Evaluated;8.9979;2.4288;64;True;2;duplicate_for_same_parent_sequence
25;1;25;3;diversification;4;a3e56cf0e6cd;swap;27;36;;;;;;;;;;;;True;False;False;False;;ok;17134.496333403084;15325.981716099897;15325.981716099897;15325.981716099897;139;15325.981716099897;1223.9653;1808.5146173031862;Evaluated;8.905;2.4274;64;True;2;duplicate_for_same_parent_sequence
25;1;25;4;diversification;4;a3e56cf0e6cd;move;;;52;49;;;;;;;;;;True;False;False;False;;ok;16477.606500315855;15325.981716099897;15325.981716099897;15325.981716099897;140;15325.981716099897;1235.408;1151.6247842159573;Evaluated;9.0043;2.437;64;True;2;duplicate_for_same_parent_sequence
25;1;25;5;diversification;4;a3e56cf0e6cd;move;;;5;2;;;;;;;;;;True;False;False;False;;ok;17517.93548861661;15325.981716099897;15325.981716099897;15325.981716099897;141;15325.981716099897;1243.229;2191.953772516714;Evaluated;5.3879;2.4301;64;True;1;
25;1;25;6;diversification;4;a3e56cf0e6cd;move;;;45;32;;;;;;;;;;True;False;False;True;;ok;15870.026327243895;15325.981716099897;15325.981716099897;15325.981716099897;142;15325.981716099897;1250.6752;544.0446111439978;Evaluated;5.2112;2.2301;64;True;1;
25;1;25;7;diversification;4;a3e56cf0e6cd;move;;;60;52;;;;;;;;;;True;False;False;False;;ok;16121.62665968298;15325.981716099897;15325.981716099897;15325.981716099897;143;15325.981716099897;1258.2286;795.6449435830818;Evaluated;5.127;2.4235;64;True;1;
25;1;25;8;diversification;4;a3e56cf0e6cd;move;;;19;25;;;;;;;;;;True;False;False;False;;ok;15470.0447119407;15325.981716099897;15325.981716099897;15325.981716099897;144;15325.981716099897;1269.2321;144.0629958408026;Evaluated;8.7732;2.2277;64;True;2;duplicate_for_same_parent_sequence
25;1;25;9;diversification;4;a3e56cf0e6cd;move;;;37;45;;;;;;;;;;False;True;False;;;ok;;15325.981716099897;15325.981716099897;15325.981716099897;144;15325.981716099897;1281.3184;;DuplicateForSameParentSequenceAfterRetries;12.0829;;;;3;duplicate_for_same_parent_sequence
25;1;25;10;diversification;4;a3e56cf0e6cd;move;;;45;30;;;;;;;;;;True;False;False;True;;ok;15876.633134040443;15325.981716099897;15325.981716099897;15325.981716099897;145;15325.981716099897;1288.8437;550.6514179405458;Evaluated;5.2962;2.2281;64;True;1;
25;1;25;;diversification;5;;;;;;;;;;;;;;;;;;;;;End-of-iteration summary row;;;15325.981716099897;15325.981716099897;145;15325.981716099897;1288.8469;;IterationSummary;;;;;;
26;1;26;1;diversification;5;a3e56cf0e6cd;move;;;8;3;;;;;;;;;;True;False;False;False;;ok;17157.740361985572;15325.981716099897;15325.981716099897;15325.981716099897;146;15325.981716099897;1300.1386;1831.758645885675;Evaluated;8.8499;2.431;64;True;2;duplicate_for_same_parent_sequence
26;1;26;2;diversification;5;a3e56cf0e6cd;move;;;27;36;;;;;;;;;;True;False;False;False;;ok;16646.76717881837;15325.981716099897;15325.981716099897;15325.981716099897;147;15325.981716099897;1311.5925;1320.7854627184715;Evaluated;9.0214;2.4294;64;True;2;duplicate_for_same_parent_sequence
26;1;26;3;diversification;5;a3e56cf0e6cd;swap;32;47;;;;;;;;;;;;True;False;False;True;;ok;17227.377106487365;15325.981716099897;15325.981716099897;15325.981716099897;148;15325.981716099897;1322.7767;1901.395390387468;Evaluated;8.7479;2.4332;64;True;2;duplicate_for_same_parent_sequence
26;1;26;4;diversification;5;a3e56cf0e6cd;move;;;62;53;;;;;;;;;;True;False;False;False;;ok;15300.163566385261;15325.981716099897;15325.981716099897;15325.981716099897;149;15325.981716099897;1333.6194;-25.818149714636093;EvaluatedImprovementDespiteDiversificationMismatch;8.6092;2.2309;64;True;2;duplicate_for_same_parent_sequence
26;1;26;5;diversification;5;a3e56cf0e6cd;move;;;20;5;;;;;;;;;;True;False;False;True;;ok;16376.505898805917;15325.981716099897;15325.981716099897;15325.981716099897;150;15325.981716099897;1341.3422;1050.52418270602;Evaluated;5.289;2.431;64;True;1;
26;1;26;6;diversification;5;a3e56cf0e6cd;move;;;19;32;;;;;;;;;;True;False;False;True;;ok;16758.072567624018;15325.981716099897;15325.981716099897;15325.981716099897;151;15325.981716099897;1352.6491;1432.0908515241208;Evaluated;8.8682;2.4377;64;True;2;duplicate_for_same_parent_sequence
26;1;26;7;diversification;5;a3e56cf0e6cd;move;;;20;35;;;;;;;;;;True;False;False;True;;ok;15704.237975898857;15325.981716099897;15325.981716099897;15325.981716099897;152;15325.981716099897;1360.1645;378.25625979895995;Evaluated;5.2769;2.2353;64;True;1;
26;1;26;8;diversification;5;a3e56cf0e6cd;move;;;15;30;;;;;;;;;;True;False;False;True;;ok;16565.561683220796;15325.981716099897;15325.981716099897;15325.981716099897;153;15325.981716099897;1367.8742;1239.5799671208988;Evaluated;5.2774;2.4286;64;True;1;
26;1;26;9;diversification;5;a3e56cf0e6cd;move;;;24;38;;;;;;;;;;True;False;False;True;;ok;16347.08603310391;15325.981716099897;15325.981716099897;15325.981716099897;154;15325.981716099897;1378.6198;1021.104317004012;Evaluated;8.3149;2.4274;64;True;2;duplicate_for_same_parent_sequence
26;1;26;10;diversification;5;a3e56cf0e6cd;move;;;50;35;;;;;;;;;;True;False;False;True;;ok;15926.90507769209;15325.981716099897;15325.981716099897;15325.981716099897;155;15325.981716099897;1389.6034;600.923361592193;Evaluated;8.7533;2.2275;64;True;2;duplicate_for_same_parent_sequence
26;1;26;;diversification;0;;;;;;;;;;;;;;;;;;;;;End-of-iteration summary row;;;15300.163566385261;15300.163566385261;155;15300.163566385261;1389.621;;IterationSummary;;;;;;
27;1;27;1;normal;0;f777b1cc41f8;move;;;10;5;;;;;;;;;;True;False;False;False;;ok;17270.688086398037;15300.163566385261;15300.163566385261;15300.163566385261;156;15300.163566385261;1397.7429;1970.5245200127756;Evaluated;5.6824;2.434;64;True;1;
27;1;27;2;normal;0;f777b1cc41f8;swap;16;20;;;;;;;;;;;;True;False;False;False;;ok;16671.16751680886;15300.163566385261;15300.163566385261;15300.163566385261;157;15300.163566385261;1405.3749;1371.0039504235974;Evaluated;5.1978;2.4311;64;True;1;
27;1;27;3;normal;0;f777b1cc41f8;reinsert_block;;;;;;;35;40;25;;;;;True;False;False;True;;ok;16189.896893197294;15300.163566385261;15300.163566385261;15300.163566385261;158;15300.163566385261;1413.2954;889.7333268120328;Evaluated;5.4886;2.429;64;True;1;
27;1;27;4;normal;0;f777b1cc41f8;move;;;58;49;;;;;;;;;;True;False;False;False;;ok;15303.6590501434;15300.163566385261;15300.163566385261;15300.163566385261;159;15300.163566385261;1420.9914;3.4954837581390166;Evaluated;5.4618;2.2311;64;True;1;
27;1;27;5;normal;0;f777b1cc41f8;move;;;62;53;;;;;;;;;;True;False;False;False;;ok;15879.988729269473;15300.163566385261;15300.163566385261;15300.163566385261;160;15300.163566385261;1428.3557;579.8251628842117;Evaluated;5.1316;2.2297;64;True;1;
27;1;27;;normal;1;;;;;;;;;;;;;;;;;;;;;End-of-iteration summary row;;;15300.163566385261;15300.163566385261;160;15300.163566385261;1428.3593;;IterationSummary;;;;;;
28;1;28;1;normal;1;f777b1cc41f8;move;;;15;30;;;;;;;;;;True;False;False;True;;ok;16379.390517928668;15300.163566385261;15300.163566385261;15300.163566385261;161;15300.163566385261;1436.4083;1079.2269515434073;Evaluated;5.6071;2.4301;64;True;1;
28;1;28;2;normal;1;f777b1cc41f8;swap;18;20;;;;;;;;;;;;True;False;False;False;;ok;16410.915506463836;15300.163566385261;15300.163566385261;15300.163566385261;162;15300.163566385261;1444.3402;1110.751940078575;Evaluated;5.4922;2.4367;64;True;1;
28;1;28;3;normal;1;f777b1cc41f8;move;;;19;32;;;;;;;;;;True;False;False;True;;ok;16571.344793680204;15300.163566385261;15300.163566385261;15300.163566385261;163;15300.163566385261;1456.0013;1271.1812272949428;Evaluated;9.2221;2.4354;64;True;2;duplicate_for_same_parent_sequence
28;1;28;4;normal;1;f777b1cc41f8;move;;;50;48;;;;;;;;;;True;False;False;False;;ok;15330.116897074804;15300.163566385261;15300.163566385261;15300.163566385261;164;15300.163566385261;1463.5067;29.95333068954278;Evaluated;5.2666;2.2355;64;True;1;
28;1;28;5;normal;1;f777b1cc41f8;move;;;24;38;;;;;;;;;;True;False;False;True;;ok;16168.340407587808;15300.163566385261;15300.163566385261;15300.163566385261;165;15300.163566385261;1474.5682;868.1768412025467;Evaluated;8.6305;2.4279;64;True;2;duplicate_for_same_parent_sequence
28;1;28;;normal;2;;;;;;;;;;;;;;;;;;;;;End-of-iteration summary row;;;15300.163566385261;15300.163566385261;165;15300.163566385261;1474.5688;;IterationSummary;;;;;;
29;1;29;1;normal;2;f777b1cc41f8;move;;;7;3;;;;;;;;;;True;False;False;False;;ok;16977.753626203223;15300.163566385261;15300.163566385261;15300.163566385261;166;15300.163566385261;1486.0925;1677.5900598179614;Evaluated;9.09;2.4281;64;True;2;duplicate_for_same_parent_sequence
29;1;29;2;normal;2;f777b1cc41f8;move;;;35;45;;;;;;;;;;True;False;False;True;;ok;15304.109781180301;15300.163566385261;15300.163566385261;15300.163566385261;167;15300.163566385261;1496.9317;3.9462147950398503;Evaluated;8.6085;2.2299;64;True;2;duplicate_for_same_parent_sequence
29;1;29;3;normal;2;f777b1cc41f8;move;;;19;28;;;;;;;;;;True;False;False;False;;ok;16562.82323438599;15300.163566385261;15300.163566385261;15300.163566385261;168;15300.163566385261;1508.3192;1262.6596680007278;Evaluated;8.9535;2.4302;64;True;2;duplicate_for_same_parent_sequence
29;1;29;4;normal;2;f777b1cc41f8;move;;;60;52;;;;;;;;;;True;False;False;False;;ok;15485.135483195383;15300.163566385261;15300.163566385261;15300.163566385261;169;15300.163566385261;1519.1494;184.9719168101219;Evaluated;8.5937;2.2338;64;True;2;duplicate_for_same_parent_sequence
29;1;29;5;normal;2;f777b1cc41f8;move;;;61;53;;;;;;;;;;True;False;False;False;;ok;15835.330639672644;15300.163566385261;15300.163566385261;15300.163566385261;170;15300.163566385261;1526.5299;535.1670732873827;Evaluated;5.1532;2.2242;64;True;1;
29;1;29;;normal;3;;;;;;;;;;;;;;;;;;;;;End-of-iteration summary row;;;15300.163566385261;15300.163566385261;170;15300.163566385261;1526.533;;IterationSummary;;;;;;
30;1;30;1;diversification;3;f777b1cc41f8;move;;;5;20;;;;;;;;;;True;False;False;True;;ok;16611.588965740022;15300.163566385261;15300.163566385261;15300.163566385261;171;15300.163566385261;1534.5602;1311.4253993547609;Evaluated;5.5862;2.4252;64;True;1;
30;1;30;2;diversification;3;f777b1cc41f8;reinsert_block;;;;;;;18;23;35;;;;;True;False;False;True;;ok;16268.442540924792;15300.163566385261;15300.163566385261;15300.163566385261;172;15300.163566385261;1542.9554;968.2789745395312;Evaluated;5.9633;2.4293;64;True;1;
30;1;30;3;diversification;3;f777b1cc41f8;swap;34;42;;;;;;;;;;;;True;False;False;False;;ok;16746.71367089741;15300.163566385261;15300.163566385261;15300.163566385261;173;15300.163566385261;1550.7813;1446.5501045121491;Evaluated;5.3954;2.4272;64;True;1;
30;1;30;4;diversification;3;f777b1cc41f8;move;;;50;61;;;;;;;;;;True;False;False;True;;ok;15761.454598005035;15300.163566385261;15300.163566385261;15300.163566385261;174;15300.163566385261;1558.3161;461.291031619774;Evaluated;5.3035;2.228;64;True;1;
30;1;30;5;diversification;3;f777b1cc41f8;move;;;5;10;;;;;;;;;;True;False;False;False;;ok;16619.515487019005;15300.163566385261;15300.163566385261;15300.163566385261;175;15300.163566385261;1565.8551;1319.3519206337442;Evaluated;5.1137;2.4238;64;True;1;
30;1;30;6;diversification;3;f777b1cc41f8;move;;;25;35;;;;;;;;;;True;False;False;True;;ok;16627.635039522804;15300.163566385261;15300.163566385261;15300.163566385261;176;15300.163566385261;1577.0723;1327.4714731375425;Evaluated;8.7804;2.433;64;True;2;duplicate_for_same_parent_sequence
30;1;30;7;diversification;3;f777b1cc41f8;move;;;20;45;;;;;;;;;;True;False;False;True;;ok;15613.898285905429;15300.163566385261;15300.163566385261;15300.163566385261;177;15300.163566385261;1584.509;313.73471952016735;Evaluated;5.2096;2.2243;64;True;1;
30;1;30;8;diversification;3;f777b1cc41f8;move;;;10;20;;;;;;;;;;True;False;False;True;;ok;16355.23887183724;15300.163566385261;15300.163566385261;15300.163566385261;178;15300.163566385261;1592.1471;1055.0753054519791;Evaluated;5.2054;2.4319;64;True;1;
30;1;30;9;diversification;3;f777b1cc41f8;move;;;25;30;;;;;;;;;;True;False;False;False;;ok;16389.30958584553;15300.163566385261;15300.163566385261;15300.163566385261;179;15300.163566385261;1600.1212;1089.1460194602696;Evaluated;5.542;2.4293;64;True;1;
30;1;30;10;diversification;3;f777b1cc41f8;move;;;40;50;;;;;;;;;;True;False;False;True;;ok;15699.654362887597;15300.163566385261;15300.163566385261;15300.163566385261;180;15300.163566385261;1607.6884;399.4907965023358;Evaluated;5.3356;2.2284;64;True;1;
30;1;30;;diversification;4;;;;;;;;;;;;;;;;;;;;;End-of-iteration summary row;;;15300.163566385261;15300.163566385261;180;15300.163566385261;1607.6913;;IterationSummary;;;;;;
31;1;31;1;diversification;4;f777b1cc41f8;move;;;7;13;;;;;;;;;;True;False;False;False;;ok;17065.797721461644;15300.163566385261;15300.163566385261;15300.163566385261;181;15300.163566385261;1619.2117;1765.6341550763827;Evaluated;9.0862;2.4244;64;True;2;duplicate_for_same_parent_sequence
31;1;31;2;diversification;4;f777b1cc41f8;reinsert_block;;;;;;;18;23;35;;;;;False;True;False;;;ok;;15300.163566385261;15300.163566385261;15300.163566385261;181;15300.163566385261;1632.3241;;DuplicateForSameParentSequenceAfterRetries;13.1094;;;;3;duplicate_for_same_parent_sequence
31;1;31;3;diversification;4;f777b1cc41f8;swap;35;40;;;;;;;;;;;;True;False;False;False;;ok;16278.640055740687;15300.163566385261;15300.163566385261;15300.163566385261;182;15300.163566385261;1640.0516;978.4764893554257;Evaluated;5.2937;2.4328;64;True;1;
31;1;31;4;diversification;4;f777b1cc41f8;move;;;60;50;;;;;;;;;;True;False;False;True;;ok;15470.039887152467;15300.163566385261;15300.163566385261;15300.163566385261;183;15300.163566385261;1651.0812;169.87632076720547;Evaluated;8.8032;2.2235;64;True;2;duplicate_for_same_parent_sequence
31;1;31;5;diversification;4;f777b1cc41f8;move;;;30;40;;;;;;;;;;True;False;False;True;;ok;16102.423686592749;15300.163566385261;15300.163566385261;15300.163566385261;184;15300.163566385261;1662.4882;802.2601202074875;Evaluated;8.9829;2.4221;64;True;2;duplicate_for_same_parent_sequence
31;1;31;6;diversification;4;f777b1cc41f8;move;;;37;42;;;;;;;;;;True;False;False;False;;ok;15746.588405574195;15300.163566385261;15300.163566385261;15300.163566385261;185;15300.163566385261;1673.432;446.42483918893413;Evaluated;8.7165;2.2254;64;True;2;duplicate_for_same_parent_sequence
31;1;31;7;diversification;4;f777b1cc41f8;move;;;15;25;;;;;;;;;;True;False;False;True;;ok;16597.74269596802;15300.163566385261;15300.163566385261;15300.163566385261;186;15300.163566385261;1681.0716;1297.5791295827585;Evaluated;5.2074;2.4293;64;True;1;
31;1;31;8;diversification;4;f777b1cc41f8;move;;;20;35;;;;;;;;;;True;False;False;True;;ok;15674.527966125746;15300.163566385261;15300.163566385261;15300.163566385261;187;15300.163566385261;1688.5066;374.36439974048517;Evaluated;5.2082;2.2236;64;True;1;
31;1;31;9;diversification;4;f777b1cc41f8;move;;;18;35;;;;;;;;;;True;False;False;True;;ok;16221.461157284422;15300.163566385261;15300.163566385261;15300.163566385261;188;15300.163566385261;1699.5079;921.2975908991612;Evaluated;8.5667;2.4311;64;True;2;duplicate_for_same_parent_sequence
31;1;31;10;diversification;4;f777b1cc41f8;move;;;45;30;;;;;;;;;;True;False;False;True;;ok;15674.16934816092;15300.163566385261;15300.163566385261;15300.163566385261;189;15300.163566385261;1707.1378;374.00578177565876;Evaluated;5.3951;2.2319;64;True;1;
31;1;31;;diversification;5;;;;;;;;;;;;;;;;;;;;;End-of-iteration summary row;;;15300.163566385261;15300.163566385261;189;15300.163566385261;1707.1414;;IterationSummary;;;;;;
32;1;32;1;diversification;5;f777b1cc41f8;move;;;0;15;;;;;;;;;;True;False;False;True;;ok;16623.13208415746;15300.163566385261;15300.163566385261;15300.163566385261;190;15300.163566385261;1715.2708;1322.9685177721985;Evaluated;5.6888;2.426;64;True;1;
32;1;32;2;diversification;5;f777b1cc41f8;reinsert_block;;;;;;;20;25;35;;;;;True;False;False;True;;ok;16851.672261588235;15300.163566385261;15300.163566385261;15300.163566385261;191;15300.163566385261;1723.5425;1551.5086952029742;Evaluated;5.8414;2.4269;64;True;1;
32;1;32;3;diversification;5;f777b1cc41f8;swap;32;47;;;;;;;;;;;;True;False;False;True;;ok;17040.649332543548;15300.163566385261;15300.163566385261;15300.163566385261;192;15300.163566385261;1734.6746;1740.4857661582864;Evaluated;8.7025;2.4261;64;True;2;duplicate_for_same_parent_sequence
32;1;32;4;diversification;5;f777b1cc41f8;move;;;50;42;;;;;;;;;;True;False;False;False;;ok;15593.066751405047;15300.163566385261;15300.163566385261;15300.163566385261;193;15300.163566385261;1742.3413;292.9031850197862;Evaluated;5.4358;2.2293;64;True;1;
32;1;32;5;diversification;5;f777b1cc41f8;move;;;5;30;;;;;;;;;;True;False;False;True;;ok;16686.35653260181;15300.163566385261;15300.163566385261;15300.163566385261;194;15300.163566385261;1750.0209;1386.1929662165494;Evaluated;5.2446;2.4317;64;True;1;
32;1;32;6;diversification;5;f777b1cc41f8;move;;;50;35;;;;;;;;;;True;False;False;True;;ok;15900.204926457034;15300.163566385261;15300.163566385261;15300.163566385261;195;15300.163566385261;1757.4936;600.0413600717729;Evaluated;5.2448;2.2251;64;True;1;
32;1;32;7;diversification;5;f777b1cc41f8;move;;;48;50;;;;;;;;;;True;False;False;False;;ok;15304.403135808436;15300.163566385261;15300.163566385261;15300.163566385261;196;15300.163566385261;1764.9911;4.239569423174544;Evaluated;5.2657;2.2291;64;True;1;
32;1;32;8;diversification;5;f777b1cc41f8;move;;;8;20;;;;;;;;;;True;False;False;True;;ok;17023.625090891404;15300.163566385261;15300.163566385261;15300.163566385261;197;15300.163566385261;1772.6515;1723.4615245061432;Evaluated;5.2275;2.4303;64;True;1;
32;1;32;9;diversification;5;f777b1cc41f8;move;;;24;39;;;;;;;;;;True;False;False;True;;ok;16177.20439190027;15300.163566385261;15300.163566385261;15300.163566385261;198;15300.163566385261;1780.6525;877.0408255150087;Evaluated;5.566;2.433;64;True;1;
32;1;32;10;diversification;5;f777b1cc41f8;move;;;30;55;;;;;;;;;;True;False;False;True;;ok;17244.020731002685;15300.163566385261;15300.163566385261;15300.163566385261;199;15300.163566385261;1792.0361;1943.8571646174241;Evaluated;8.9536;2.4275;64;True;2;duplicate_for_same_parent_sequence
32;1;32;;diversification;6;;;;;;;;;;;;;;;;;;;;;End-of-iteration summary row;;;15300.163566385261;15300.163566385261;199;15300.163566385261;1792.0391;;IterationSummary;;;;;;
33;1;33;1;diversification;6;f777b1cc41f8;move;;;3;20;;;;;;;;;;True;False;False;True;;ok;16656.71401364637;15300.163566385261;15300.163566385261;15300.163566385261;200;15300.163566385261;1803.2214;1356.55044726111;Evaluated;8.7406;2.4277;64;True;2;duplicate_for_same_parent_sequence
33;1;33;2;diversification;6;f777b1cc41f8;reinsert_block;;;;;;;20;23;45;;;;;True;False;False;True;;ok;17104.386123519347;15300.163566385261;15300.163566385261;15300.163566385261;201;15300.163566385261;1811.1908;1804.222557134086;Evaluated;5.5409;2.4259;64;True;1;
33;1;33;3;diversification;6;f777b1cc41f8;swap;32;47;;;;;;;;;;;;False;True;False;;;ok;;15300.163566385261;15300.163566385261;15300.163566385261;201;15300.163566385261;1823.5811;;DuplicateForSameParentSequenceAfterRetries;12.3872;;;;3;duplicate_for_same_parent_sequence
33;1;33;4;diversification;6;f777b1cc41f8;move;;;60;45;;;;;;;;;;True;False;False;True;;ok;16006.469225263992;15300.163566385261;15300.163566385261;15300.163566385261;202;15300.163566385261;1834.4439;706.3056588787313;Evaluated;8.6328;2.2291;64;True;2;duplicate_for_same_parent_sequence
33;1;33;5;diversification;6;f777b1cc41f8;move;;;40;15;;;;;;;;;;True;False;False;True;;ok;17604.48914403407;15300.163566385261;15300.163566385261;15300.163566385261;203;15300.163566385261;1842.224;2304.3255776488077;Evaluated;5.3495;2.4277;64;True;1;
33;1;33;6;diversification;6;f777b1cc41f8;move;;;58;60;;;;;;;;;;True;False;False;False;;ok;15303.6590501434;15300.163566385261;15300.163566385261;15300.163566385261;204;15300.163566385261;1849.6509;3.4954837581390166;Evaluated;5.1979;2.2259;64;True;1;
33;1;33;7;diversification;6;f777b1cc41f8;move;;;10;25;;;;;;;;;;True;False;False;True;;ok;16591.766737686765;15300.163566385261;15300.163566385261;15300.163566385261;205;15300.163566385261;1857.3616;1291.6031713015036;Evaluated;5.2761;2.4315;64;True;1;
33;1;33;8;diversification;6;f777b1cc41f8;move;;;15;40;;;;;;;;;;True;False;False;True;;ok;16193.561349337426;15300.163566385261;15300.163566385261;15300.163566385261;206;15300.163566385261;1868.5748;893.3977829521646;Evaluated;8.7806;2.429;64;True;2;duplicate_for_same_parent_sequence
33;1;33;9;diversification;6;f777b1cc41f8;move;;;40;25;;;;;;;;;;True;False;False;True;;ok;17315.577982761042;15300.163566385261;15300.163566385261;15300.163566385261;207;15300.163566385261;1876.2408;2015.414416375781;Evaluated;5.2314;2.4319;64;True;1;
33;1;33;10;diversification;6;f777b1cc41f8;move;;;45;20;;;;;;;;;;True;False;False;True;;ok;16333.75276071432;15300.163566385261;15300.163566385261;15300.163566385261;208;15300.163566385261;1884.0172;1033.589194329059;Evaluated;5.335;2.4388;64;True;1;
33;1;33;;diversification;7;;;;;;;;;;;;;;;;;;;;;End-of-iteration summary row;;;15300.163566385261;15300.163566385261;208;15300.163566385261;1884.0201;;IterationSummary;;;;;;
34;1;34;1;diversification;7;f777b1cc41f8;move;;;7;35;;;;;;;;;;True;False;False;True;;ok;17398.978914843796;15300.163566385261;15300.163566385261;15300.163566385261;209;15300.163566385261;1895.372;2098.8153484585346;Evaluated;8.9099;2.4276;64;True;2;duplicate_for_same_parent_sequence
34;1;34;2;diversification;7;f777b1cc41f8;reinsert_block;;;;;;;17;23;40;;;;;True;False;False;True;;ok;16969.20336473426;15300.163566385261;15300.163566385261;15300.163566385261;210;15300.163566385261;1903.3536;1669.0397983490002;Evaluated;5.5527;2.4262;64;True;1;
34;1;34;3;diversification;7;f777b1cc41f8;swap;35;40;;;;;;;;;;;;False;True;False;;;ok;;15300.163566385261;15300.163566385261;15300.163566385261;210;15300.163566385261;1915.5418;;DuplicateForSameParentSequenceAfterRetries;12.1855;;;;3;duplicate_for_same_parent_sequence
34;1;34;4;diversification;7;f777b1cc41f8;move;;;61;40;;;;;;;;;;True;False;False;True;;ok;15933.194556264889;15300.163566385261;15300.163566385261;15300.163566385261;211;15300.163566385261;1926.5545;633.0309898796277;Evaluated;8.7821;2.2294;64;True;2;duplicate_for_same_parent_sequence
34;1;34;5;diversification;7;f777b1cc41f8;move;;;19;25;;;;;;;;;;True;False;False;False;;ok;15444.663163896492;15300.163566385261;15300.163566385261;15300.163566385261;212;15300.163566385261;1934.1795;144.4995975112306;Evaluated;5.3927;2.2303;64;True;1;
34;1;34;6;diversification;7;f777b1cc41f8;move;;;61;32;;;;;;;;;;True;False;False;True;;ok;16246.845395177164;15300.163566385261;15300.163566385261;15300.163566385261;213;15300.163566385261;1945.5171;946.6818287919032;Evaluated;8.9071;2.4277;64;True;2;duplicate_for_same_parent_sequence
34;1;34;7;diversification;7;f777b1cc41f8;move;;;50;30;;;;;;;;;;True;False;False;True;;ok;16220.645733015312;15300.163566385261;15300.163566385261;15300.163566385261;214;15300.163566385261;1953.1863;920.4821666300504;Evaluated;5.2423;2.4258;64;True;1;
34;1;34;8;diversification;7;f777b1cc41f8;move;;;17;35;;;;;;;;;;True;False;False;True;;ok;16205.85827752515;15300.163566385261;15300.163566385261;15300.163566385261;215;15300.163566385261;1964.1927;905.6947111398895;Evaluated;8.5772;2.4263;64;True;2;duplicate_for_same_parent_sequence
34;1;34;9;diversification;7;f777b1cc41f8;move;;;24;35;;;;;;;;;;True;False;False;True;;ok;16627.673933590693;15300.163566385261;15300.163566385261;15300.163566385261;216;15300.163566385261;1971.9522;1327.510367205432;Evaluated;5.3275;2.4294;64;True;1;
34;1;34;10;diversification;7;f777b1cc41f8;move;;;30;45;;;;;;;;;;True;False;False;True;;ok;16041.115024200128;15300.163566385261;15300.163566385261;15300.163566385261;217;15300.163566385261;1983.1324;740.9514578148664;Evaluated;8.9467;2.232;64;True;2;duplicate_for_same_parent_sequence
34;1;34;;diversification;8;;;;;;;;;;;;;;;;;;;;;End-of-iteration summary row;;;15300.163566385261;15300.163566385261;217;15300.163566385261;1983.1355;;IterationSummary;;;;;;
35;1;35;1;diversification;8;f777b1cc41f8;move;;;8;25;;;;;;;;;;True;False;False;True;;ok;16941.1177150735;15300.163566385261;15300.163566385261;15300.163566385261;218;15300.163566385261;1991.0047;1640.9541486882372;Evaluated;5.4308;2.4305;64;True;1;
35;1;35;2;diversification;8;f777b1cc41f8;move;;;25;40;;;;;;;;;;True;False;False;True;;ok;16167.833400397449;15300.163566385261;15300.163566385261;15300.163566385261;219;15300.163566385261;2002.5501;867.6698340121875;Evaluated;9.1097;2.4327;64;True;2;duplicate_for_same_parent_sequence
35;1;35;3;diversification;8;f777b1cc41f8;swap;28;36;;;;;;;;;;;;True;False;False;False;;ok;16938.02510627288;15300.163566385261;15300.163566385261;15300.163566385261;220;15300.163566385261;2013.5174;1637.8615398876173;Evaluated;8.5398;2.4247;64;True;2;duplicate_for_same_parent_sequence
35;1;35;4;diversification;8;f777b1cc41f8;reinsert_block;;;;;;;50;54;40;;;;;True;False;False;True;;ok;15946.052915896265;15300.163566385261;15300.163566385261;15300.163566385261;221;15300.163566385261;2028.2378;645.8893495110042;Evaluated;12.494;2.2245;64;True;3;duplicate_for_same_parent_sequence
35;1;35;5;diversification;8;f777b1cc41f8;swap;8;9;;;;;;;;;;;;True;False;False;False;;ok;15313.680901764894;15300.163566385261;15300.163566385261;15300.163566385261;222;15300.163566385261;2039.085;13.517335379632641;Evaluated;8.6141;2.2299;64;True;2;duplicate_for_same_parent_sequence
35;1;35;6;diversification;8;f777b1cc41f8;move;;;50;32;;;;;;;;;;True;False;False;True;;ok;15900.157234539194;15300.163566385261;15300.163566385261;15300.163566385261;223;15300.163566385261;2046.5818;599.993668153933;Evaluated;5.263;2.2311;64;True;1;
35;1;35;7;diversification;8;f777b1cc41f8;move;;;58;40;;;;;;;;;;True;False;False;True;;ok;16056.352697257618;15300.163566385261;15300.163566385261;15300.163566385261;224;15300.163566385261;2054.1345;756.189130872357;Evaluated;5.1218;2.4274;64;True;1;
35;1;35;8;diversification;8;f777b1cc41f8;move;;;8;35;;;;;;;;;;True;False;False;True;;ok;16359.428196463017;15300.163566385261;15300.163566385261;15300.163566385261;225;15300.163566385261;2061.5596;1059.264630077756;Evaluated;4.9906;2.4315;64;True;1;
35;1;35;9;diversification;8;f777b1cc41f8;move;;;28;35;;;;;;;;;;True;False;False;False;;ok;16477.538203088534;15300.163566385261;15300.163566385261;15300.163566385261;226;15300.163566385261;2069.1912;1177.3746367032727;Evaluated;5.1979;2.4311;64;True;1;
35;1;35;10;diversification;8;f777b1cc41f8;move;;;48;19;;;;;;;;;;True;False;False;True;;ok;16618.793163409882;15300.163566385261;15300.163566385261;15300.163566385261;227;15300.163566385261;2080.6951;1318.629597024621;Evaluated;9.0702;2.4308;64;True;2;duplicate_for_same_parent_sequence
35;1;35;;diversification;9;;;;;;;;;;;;;;;;;;;;;End-of-iteration summary row;;;15300.163566385261;15300.163566385261;227;15300.163566385261;2080.699;;IterationSummary;;;;;;
36;1;36;1;diversification;9;f777b1cc41f8;move;;;25;10;;;;;;;;;;True;False;False;True;;ok;16805.843668738355;15300.163566385261;15300.163566385261;15300.163566385261;228;15300.163566385261;2088.8047;1505.6801023530934;Evaluated;5.6641;2.4268;64;True;1;
36;1;36;2;diversification;9;f777b1cc41f8;reinsert_block;;;;;;;18;24;35;;;;;True;False;False;True;;ok;16402.466708191372;15300.163566385261;15300.163566385261;15300.163566385261;229;15300.163566385261;2097.149;1102.303141806111;Evaluated;5.9123;2.4288;64;True;1;
36;1;36;3;diversification;9;f777b1cc41f8;swap;35;42;;;;;;;;;;;;True;False;False;False;;ok;15887.046418464242;15300.163566385261;15300.163566385261;15300.163566385261;230;15300.163566385261;2104.7845;586.8828520789812;Evaluated;5.41;2.2245;64;True;1;
36;1;36;4;diversification;9;f777b1cc41f8;move;;;61;49;;;;;;;;;;True;False;False;True;;ok;15656.794376305477;15300.163566385261;15300.163566385261;15300.163566385261;231;15300.163566385261;2119.4768;356.63080992021605;Evaluated;12.4551;2.2337;64;True;3;duplicate_for_same_parent_sequence
36;1;36;5;diversification;9;f777b1cc41f8;move;;;47;3;;;;;;;;;;True;False;False;True;;ok;16979.98870015474;15300.163566385261;15300.163566385261;15300.163566385261;232;15300.163566385261;2130.6533;1679.8251337694783;Evaluated;8.7437;2.4292;64;True;2;duplicate_for_same_parent_sequence
36;1;36;6;diversification;9;f777b1cc41f8;move;;;61;45;;;;;;;;;;True;False;False;True;;ok;16006.536937036288;15300.163566385261;15300.163566385261;15300.163566385261;233;15300.163566385261;2141.6313;706.3733706510266;Evaluated;8.7446;2.2304;64;True;2;duplicate_for_same_parent_sequence
36;1;36;7;diversification;9;f777b1cc41f8;move;;;60;25;;;;;;;;;;True;False;False;True;;ok;16479.62960599552;15300.163566385261;15300.163566385261;15300.163566385261;234;15300.163566385261;2149.2903;1179.466039610259;Evaluated;5.2276;2.4287;64;True;1;
36;1;36;8;diversification;9;f777b1cc41f8;move;;;19;40;;;;;;;;;;True;False;False;True;;ok;16713.35996601804;15300.163566385261;15300.163566385261;15300.163566385261;235;15300.163566385261;2160.3248;1413.1963996327795;Evaluated;8.602;2.43;64;True;2;duplicate_for_same_parent_sequence
36;1;36;9;diversification;9;f777b1cc41f8;move;;;40;19;;;;;;;;;;True;False;False;True;;ok;15890.073068808486;15300.163566385261;15300.163566385261;15300.163566385261;236;15300.163566385261;2171.1152;589.9095024232247;Evaluated;8.5592;2.2274;64;True;2;duplicate_for_same_parent_sequence
36;1;36;10;diversification;9;f777b1cc41f8;move;;;50;36;;;;;;;;;;True;False;False;True;;ok;15885.814597976847;15300.163566385261;15300.163566385261;15300.163566385261;237;15300.163566385261;2182.1264;585.6510315915857;Evaluated;8.7754;2.2324;64;True;2;duplicate_for_same_parent_sequence
36;2;0;;diversification;0;;;;;;;;;;;;;;;;;;;;;End-of-iteration summary row;;;16630.57522948563;15300.163566385261;238;15300.163566385261;2184.5795;;IterationSummary;;;;;;
37;2;1;1;normal;0;0f63cf6f404e;move;;;5;20;;;;;;;;;;True;False;False;True;;ok;17525.808723550173;16630.57522948563;16630.57522948563;15300.163566385261;239;15300.163566385261;2192.4142;895.2334940645451;Evaluated;5.397;2.4309;64;True;1;
37;2;1;2;normal;0;0f63cf6f404e;swap;20;25;;;;;;;;;;;;True;False;False;False;;ok;17127.159046974382;16630.57522948563;16630.57522948563;15300.163566385261;240;15300.163566385261;2199.9998;496.583817488754;Evaluated;5.1503;2.4324;64;True;1;
37;2;1;3;normal;0;0f63cf6f404e;reinsert_block;;;;;;;35;40;20;;;;;True;False;False;True;;ok;17351.708770968136;16630.57522948563;16630.57522948563;15300.163566385261;241;15300.163566385261;2207.6582;721.133541482508;Evaluated;5.2208;2.4341;64;True;1;
37;2;1;4;normal;0;0f63cf6f404e;move;;;59;48;;;;;;;;;;True;False;False;True;;ok;16456.200055848523;16630.57522948563;16630.57522948563;15300.163566385261;242;15300.163566385261;2214.9543;-174.37517363710504;Evaluated;4.867;2.4253;64;True;1;
37;2;1;5;normal;0;0f63cf6f404e;move;;;20;35;;;;;;;;;;True;False;False;True;;ok;16780.069365433348;16630.57522948563;16630.57522948563;15300.163566385261;243;15300.163566385261;2222.3204;149.49413594771977;Evaluated;4.9376;2.4254;64;True;1;
37;2;1;;normal;0;;;;;;;;;;;;;;;;;;;;;End-of-iteration summary row;;;16456.200055848523;15300.163566385261;243;15300.163566385261;2222.334;;IterationSummary;;;;;;
38;2;2;1;normal;0;4e60b67c9c34;move;;;10;5;;;;;;;;;;True;False;False;False;;ok;15444.400863024524;16456.200055848523;16456.200055848523;15300.163566385261;244;15300.163566385261;2230.1201;-1011.799192823999;Evaluated;5.5531;2.2263;64;True;1;
38;2;2;2;normal;0;4e60b67c9c34;swap;20;25;;;;;;;;;;;;True;False;False;False;;ok;16951.249513320072;16456.200055848523;16456.200055848523;15300.163566385261;245;15300.163566385261;2237.636;495.0494574715485;Evaluated;5.087;2.4253;64;True;1;
38;2;2;3;normal;0;4e60b67c9c34;reinsert_block;;;;;;;35;40;20;;;;;True;False;False;True;;ok;17174.380556382683;16456.200055848523;16456.200055848523;15300.163566385261;246;15300.163566385261;2245.5643;718.1805005341594;Evaluated;5.4937;2.4321;64;True;1;
38;2;2;4;normal;0;4e60b67c9c34;move;;;59;48;;;;;;;;;;True;False;False;True;;ok;17025.60888929001;16456.200055848523;16456.200055848523;15300.163566385261;247;15300.163566385261;2253.2331;569.4088334414882;Evaluated;5.24;2.4263;64;True;1;
38;2;2;5;normal;0;4e60b67c9c34;move;;;61;25;;;;;;;;;;True;False;False;True;;ok;16557.87566738217;16456.200055848523;16456.200055848523;15300.163566385261;248;15300.163566385261;2261.0483;101.67561153364659;Evaluated;5.3878;2.4246;64;True;1;
38;2;2;;normal;0;;;;;;;;;;;;;;;;;;;;;End-of-iteration summary row;;;15444.400863024524;15300.163566385261;248;15300.163566385261;2261.0686;;IterationSummary;;;;;;
39;2;3;1;normal;0;07427f635e37;move;;;10;5;;;;;;;;;;True;False;False;False;;ok;18027.813816036876;15444.400863024524;15444.400863024524;15300.163566385261;249;15300.163566385261;2269.0302;2583.412953012352;Evaluated;5.5231;2.4315;64;True;1;
39;2;3;2;normal;0;07427f635e37;swap;20;25;;;;;;;;;;;;True;False;False;False;;ok;17551.3987939346;15444.400863024524;15444.400863024524;15300.163566385261;250;15300.163566385261;2276.6474;2106.9979309100763;Evaluated;5.1823;2.4321;64;True;1;
39;2;3;3;normal;0;07427f635e37;reinsert_block;;;;;;;35;40;20;;;;;True;False;False;True;;ok;17073.6812771213;15444.400863024524;15444.400863024524;15300.163566385261;251;15300.163566385261;2284.5591;1629.2804140967764;Evaluated;5.4773;2.4302;64;True;1;
39;2;3;4;normal;0;07427f635e37;move;;;50;30;;;;;;;;;;True;False;False;True;;ok;16238.83433726511;15444.400863024524;15444.400863024524;15300.163566385261;252;15300.163566385261;2292.2603;794.4334742405863;Evaluated;5.269;2.4296;64;True;1;
39;2;3;5;normal;0;07427f635e37;move;;;30;45;;;;;;;;;;True;False;False;True;;ok;16447.439125891273;15444.400863024524;15444.400863024524;15300.163566385261;253;15300.163566385261;2300.042;1003.0382628667485;Evaluated;5.3522;2.4265;64;True;1;
39;2;3;;normal;1;;;;;;;;;;;;;;;;;;;;;End-of-iteration summary row;;;15444.400863024524;15300.163566385261;253;15300.163566385261;2300.0429;;IterationSummary;;;;;;
40;2;4;1;normal;1;07427f635e37;move;;;25;30;;;;;;;;;;True;False;False;False;;ok;15440.787462534345;15444.400863024524;15444.400863024524;15300.163566385261;254;15300.163566385261;2311.0643;-3.613400490179629;Evaluated;8.7845;2.2283;64;True;2;duplicate_for_same_parent_sequence
40;2;4;2;normal;1;07427f635e37;swap;18;20;;;;;;;;;;;;True;False;False;False;;ok;17106.24703111712;15444.400863024524;15444.400863024524;15300.163566385261;255;15300.163566385261;2318.8686;1661.8461680925957;Evaluated;5.3729;2.4283;64;True;1;
40;2;4;3;normal;1;07427f635e37;move;;;38;15;;;;;;;;;;True;False;False;True;;ok;18356.341687400887;15444.400863024524;15444.400863024524;15300.163566385261;256;15300.163566385261;2330.3755;2911.940824376363;Evaluated;8.8747;2.6295;64;True;2;duplicate_for_same_parent_sequence
40;2;4;4;normal;1;07427f635e37;move;;;59;48;;;;;;;;;;True;False;False;True;;ok;16326.120850021296;15444.400863024524;15444.400863024524;15300.163566385261;257;15300.163566385261;2338.0101;881.7199869967717;Evaluated;5.2047;2.4263;64;True;1;
40;2;4;5;normal;1;07427f635e37;move;;;20;35;;;;;;;;;;True;False;False;True;;ok;17062.902076564245;15444.400863024524;15444.400863024524;15300.163566385261;258;15300.163566385261;2345.6324;1618.501213539721;Evaluated;5.1926;2.4284;64;True;1;
40;2;4;;normal;0;;;;;;;;;;;;;;;;;;;;;End-of-iteration summary row;;;15440.787462534345;15300.163566385261;258;15300.163566385261;2345.6489;;IterationSummary;;;;;;
41;2;5;1;normal;0;22cbd92f4874;move;;;5;10;;;;;;;;;;True;False;False;False;;ok;16911.833239540872;15440.787462534345;15440.787462534345;15300.163566385261;259;15300.163566385261;2353.7443;1471.0457770065277;Evaluated;5.6574;2.4303;64;True;1;
41;2;5;2;normal;0;22cbd92f4874;swap;20;25;;;;;;;;;;;;True;False;False;False;;ok;17067.4276703668;15440.787462534345;15440.787462534345;15300.163566385261;260;15300.163566385261;2361.3629;1626.6402078324554;Evaluated;5.1921;2.4234;64;True;1;
41;2;5;3;normal;0;22cbd92f4874;reinsert_block;;;;;;;35;40;20;;;;;True;False;False;True;;ok;17078.017021742;15440.787462534345;15440.787462534345;15300.163566385261;261;15300.163566385261;2369.3243;1637.229559207657;Evaluated;5.5297;2.4293;64;True;1;
41;2;5;4;normal;0;22cbd92f4874;move;;;50;40;;;;;;;;;;True;False;False;True;;ok;16966.606109840577;15440.787462534345;15440.787462534345;15300.163566385261;262;15300.163566385261;2377.007;1525.8186473062324;Evaluated;5.2381;2.4418;64;True;1;
41;2;5;5;normal;0;22cbd92f4874;move;;;42;30;;;;;;;;;;True;False;False;True;;ok;16248.918706924112;15440.787462534345;15440.787462534345;15300.163566385261;263;15300.163566385261;2384.5655;808.1312443897677;Evaluated;5.121;2.4336;64;True;1;
41;2;5;;normal;1;;;;;;;;;;;;;;;;;;;;;End-of-iteration summary row;;;15440.787462534345;15300.163566385261;263;15300.163566385261;2384.5682;;IterationSummary;;;;;;
42;2;6;1;normal;1;22cbd92f4874;move;;;10;5;;;;;;;;;;True;False;False;False;;ok;18024.18526820064;15440.787462534345;15440.787462534345;15300.163566385261;264;15300.163566385261;2392.4125;2583.3978056662945;Evaluated;5.4081;2.4285;64;True;1;
42;2;6;2;normal;1;22cbd92f4874;swap;18;20;;;;;;;;;;;;True;False;False;False;;ok;17111.282198526227;15440.787462534345;15440.787462534345;15300.163566385261;265;15300.163566385261;2403.4609;1670.4947359918824;Evaluated;8.6126;2.4351;64;True;2;duplicate_for_same_parent_sequence
42;2;6;3;normal;1;22cbd92f4874;reinsert_block;;;;;;;35;40;25;;;;;True;False;False;True;;ok;16612.447729854102;15440.787462534345;15440.787462534345;15300.163566385261;266;15300.163566385261;2411.4704;1171.6602673197576;Evaluated;5.5747;2.4313;64;True;1;
42;2;6;4;normal;1;22cbd92f4874;move;;;58;49;;;;;;;;;;True;False;False;False;;ok;15995.607893303646;15440.787462534345;15440.787462534345;15300.163566385261;267;15300.163566385261;2418.9667;554.8204307693013;Evaluated;5.2661;2.2293;64;True;1;
42;2;6;5;normal;1;22cbd92f4874;move;;;20;35;;;;;;;;;;True;False;False;True;;ok;17051.41179808877;15440.787462534345;15440.787462534345;15300.163566385261;268;15300.163566385261;2426.7785;1610.6243355544266;Evaluated;5.3843;2.4247;64;True;1;
42;2;6;;normal;2;;;;;;;;;;;;;;;;;;;;;End-of-iteration summary row;;;15440.787462534345;15300.163566385261;268;15300.163566385261;2426.7813;;IterationSummary;;;;;;
43;2;7;1;normal;2;22cbd92f4874;move;;;3;8;;;;;;;;;;True;False;False;False;;ok;17937.43440825635;15440.787462534345;15440.787462534345;15300.163566385261;269;15300.163566385261;2438.0634;2496.6469457220064;Evaluated;8.843;2.425;64;True;2;duplicate_for_same_parent_sequence
43;2;7;2;normal;2;22cbd92f4874;swap;18;30;;;;;;;;;;;;True;False;False;True;;ok;16717.85307513445;15440.787462534345;15440.787462534345;15300.163566385261;270;15300.163566385261;2449.096;1277.0656126001068;Evaluated;8.5978;2.4317;64;True;2;duplicate_for_same_parent_sequence
43;2;7;3;normal;2;22cbd92f4874;move;;;45;38;;;;;;;;;;True;False;False;False;;ok;16637.35545681183;15440.787462534345;15440.787462534345;15300.163566385261;271;15300.163566385261;2460.5446;1196.567994277486;Evaluated;9.0103;2.4349;64;True;2;duplicate_for_same_parent_sequence
43;2;7;4;normal;2;22cbd92f4874;move;;;58;30;;;;;;;;;;True;False;False;True;;ok;16653.37950545095;15440.787462534345;15440.787462534345;15300.163566385261;272;15300.163566385261;2468.1744;1212.5920429166054;Evaluated;5.2017;2.425;64;True;1;
43;2;7;5;normal;2;22cbd92f4874;move;;;50;30;;;;;;;;;;True;False;False;True;;ok;16653.37950545095;15440.787462534345;15440.787462534345;15300.163566385261;273;15300.163566385261;2475.7511;1212.5920429166054;Evaluated;5.1503;2.4257;64;True;1;
43;2;7;;normal;3;;;;;;;;;;;;;;;;;;;;;End-of-iteration summary row;;;15440.787462534345;15300.163566385261;273;15300.163566385261;2475.7538;;IterationSummary;;;;;;
44;2;8;1;diversification;3;22cbd92f4874;move;;;25;10;;;;;;;;;;True;False;False;True;;ok;17557.19075620208;15440.787462534345;15440.787462534345;15300.163566385261;274;15300.163566385261;2487.3283;2116.403293667734;Evaluated;9.1236;2.4361;64;True;2;duplicate_for_same_parent_sequence
44;2;8;2;diversification;3;22cbd92f4874;reinsert_block;;;;;;;20;25;16;;;;;True;False;False;False;;ok;18185.124224754734;15440.787462534345;15440.787462534345;15300.163566385261;275;15300.163566385261;2495.8446;2744.3367622203896;Evaluated;5.8848;2.6286;64;True;1;
44;2;8;3;diversification;3;22cbd92f4874;swap;35;40;;;;;;;;;;;;True;False;False;False;;ok;16264.99161627719;15440.787462534345;15440.787462534345;15300.163566385261;276;15300.163566385261;2503.5722;824.2041537428449;Evaluated;5.2964;2.4279;64;True;1;
44;2;8;4;diversification;3;22cbd92f4874;move;;;60;52;;;;;;;;;;True;False;False;False;;ok;15493.44283144797;15440.787462534345;15440.787462534345;15300.163566385261;277;15300.163566385261;2514.4029;52.65536891362535;Evaluated;8.595;2.233;64;True;2;duplicate_for_same_parent_sequence
44;2;8;5;diversification;3;22cbd92f4874;move;;;20;5;;;;;;;;;;True;False;False;True;;ok;17908.982225960804;15440.787462534345;15440.787462534345;15300.163566385261;278;15300.163566385261;2522.1282;2468.1947634264598;Evaluated;5.2898;2.4328;64;True;1;
44;2;8;6;diversification;3;22cbd92f4874;move;;;38;25;;;;;;;;;;True;False;False;True;;ok;17682.058671607385;15440.787462534345;15440.787462534345;15300.163566385261;279;15300.163566385261;2533.1893;2241.27120907304;Evaluated;8.6321;2.4265;64;True;2;duplicate_for_same_parent_sequence
44;2;8;7;diversification;3;22cbd92f4874;move;;;25;15;;;;;;;;;;True;False;False;True;;ok;17169.31969467233;15440.787462534345;15440.787462534345;15300.163566385261;280;15300.163566385261;2544.1667;1728.5322321379845;Evaluated;8.5496;2.4251;64;True;2;duplicate_for_same_parent_sequence
44;2;8;8;diversification;3;22cbd92f4874;move;;;15;20;;;;;;;;;;True;False;False;False;;ok;16707.22656019651;15440.787462534345;15440.787462534345;15300.163566385261;281;15300.163566385261;2551.7944;1266.4390976621635;Evaluated;5.188;2.4365;64;True;1;
44;2;8;9;diversification;3;22cbd92f4874;move;;;25;30;;;;;;;;;;True;False;False;False;;ok;16722.311696844117;15440.787462534345;15440.787462534345;15300.163566385261;282;15300.163566385261;2559.5544;1281.5242343097725;Evaluated;5.3163;2.4407;64;True;1;
44;2;8;10;diversification;3;22cbd92f4874;move;;;50;38;;;;;;;;;;True;False;False;True;;ok;15598.3111090668;15440.787462534345;15440.787462534345;15300.163566385261;283;15300.163566385261;2566.9875;157.52364653245604;Evaluated;5.2014;2.2287;64;True;1;
44;2;8;;diversification;4;;;;;;;;;;;;;;;;;;;;;End-of-iteration summary row;;;15440.787462534345;15300.163566385261;283;15300.163566385261;2566.9906;;IterationSummary;;;;;;
45;2;9;1;diversification;4;22cbd92f4874;move;;;10;25;;;;;;;;;;True;False;False;True;;ok;15460.905558446886;15440.787462534345;15440.787462534345;15300.163566385261;284;15300.163566385261;2578.1223;20.11809591254132;Evaluated;8.8867;2.2302;64;True;2;duplicate_for_same_parent_sequence
45;2;9;2;diversification;4;22cbd92f4874;reinsert_block;;;;;;;18;23;5;;;;;True;False;False;True;;ok;15885.838745621853;15440.787462534345;15440.787462534345;15300.163566385261;285;15300.163566385261;2585.8501;445.05128308750864;Evaluated;5.5004;2.2244;64;True;1;
45;2;9;3;diversification;4;22cbd92f4874;swap;32;47;;;;;;;;;;;;True;False;False;True;;ok;15441.512088506051;15440.787462534345;15440.787462534345;15300.163566385261;286;15300.163566385261;2597.1021;0.7246259717067005;Evaluated;9.0242;2.2248;64;True;2;duplicate_for_same_parent_sequence
45;2;9;4;diversification;4;22cbd92f4874;move;;;50;43;;;;;;;;;;True;False;False;False;;ok;16201.723361393148;15440.787462534345;15440.787462534345;15300.163566385261;287;15300.163566385261;2604.6253;760.9358988588028;Evaluated;5.0892;2.4322;64;True;1;
45;2;9;5;diversification;4;22cbd92f4874;swap;30;40;;;;;;;;;;;;True;False;False;False;;ok;16200.566077139667;15440.787462534345;15440.787462534345;15300.163566385261;288;15300.163566385261;2615.5869;759.7786146053222;Evaluated;8.5221;2.4366;64;True;2;duplicate_for_same_parent_sequence
45;2;9;6;diversification;4;22cbd92f4874;move;;;42;35;;;;;;;;;;True;False;False;False;;ok;16248.918706924112;15440.787462534345;15440.787462534345;15300.163566385261;289;15300.163566385261;2623.3331;808.1312443897677;Evaluated;5.3185;2.425;64;True;1;
45;2;9;7;diversification;4;22cbd92f4874;move;;;42;10;;;;;;;;;;True;False;False;True;;ok;17555.193153714372;15440.787462534345;15440.787462534345;15300.163566385261;290;15300.163566385261;2634.347;2114.405691180027;Evaluated;8.5835;2.4294;64;True;2;duplicate_for_same_parent_sequence
45;2;9;8;diversification;4;22cbd92f4874;move;;;8;15;;;;;;;;;;True;False;False;False;;ok;15439.478565701045;15440.787462534345;15440.787462534345;15300.163566385261;291;15300.163566385261;2641.9475;-1.3088968332995137;EvaluatedImprovementDespiteDiversificationMismatch;5.3679;2.2293;64;True;1;
45;2;9;9;diversification;4;22cbd92f4874;move;;;40;10;;;;;;;;;;True;False;False;True;;ok;17561.000782732146;15440.787462534345;15440.787462534345;15300.163566385261;292;15300.163566385261;2653.0755;2120.2133201978013;Evaluated;8.6991;2.4262;64;True;2;duplicate_for_same_parent_sequence
45;2;9;10;diversification;4;22cbd92f4874;move;;;58;49;;;;;;;;;;False;True;True;;;ok;;15440.787462534345;15440.787462534345;15300.163566385261;292;15300.163566385261;2664.8937;;DuplicateForSameParentSequenceAfterRetries;11.8142;;;;3;duplicate_for_same_parent_sequence
45;2;9;;diversification;0;;;;;;;;;;;;;;;;;;;;;End-of-iteration summary row;;;15439.478565701045;15300.163566385261;292;15300.163566385261;2664.9014;;IterationSummary;;;;;;
46;2;10;1;normal;0;f304869c15e7;move;;;10;25;;;;;;;;;;True;False;False;True;;ok;17169.821889812614;15439.478565701045;15439.478565701045;15300.163566385261;293;15300.163566385261;2672.7923;1730.343324111569;Evaluated;5.4509;2.4323;64;True;1;
46;2;10;2;normal;0;f304869c15e7;swap;17;25;;;;;;;;;;;;True;False;False;False;;ok;17253.165213231547;15439.478565701045;15439.478565701045;15300.163566385261;294;15300.163566385261;2680.4802;1813.6866475305014;Evaluated;5.2576;2.4271;64;True;1;
46;2;10;3;normal;0;f304869c15e7;reinsert_block;;;;;;;35;41;20;;;;;True;False;False;True;;ok;17045.634257460504;15439.478565701045;15439.478565701045;15300.163566385261;295;15300.163566385261;2688.2335;1606.155691759459;Evaluated;5.3238;2.4267;64;True;1;
46;2;10;4;normal;0;f304869c15e7;move;;;50;30;;;;;;;;;;True;False;False;True;;ok;16657.02821345404;15439.478565701045;15439.478565701045;15300.163566385261;296;15300.163566385261;2695.8609;1217.5496477529941;Evaluated;5.2028;2.4239;64;True;1;
46;2;10;5;normal;0;f304869c15e7;move;;;5;19;;;;;;;;;;True;False;False;True;;ok;17838.719274925046;15439.478565701045;15439.478565701045;15300.163566385261;297;15300.163566385261;2703.6235;2399.240709224001;Evaluated;5.3369;2.4228;64;True;1;
46;2;10;;normal;1;;;;;;;;;;;;;;;;;;;;;End-of-iteration summary row;;;15439.478565701045;15300.163566385261;297;15300.163566385261;2703.6253;;IterationSummary;;;;;;
47;2;11;1;normal;1;f304869c15e7;move;;;5;10;;;;;;;;;;True;False;False;False;;ok;16974.106780622435;15439.478565701045;15439.478565701045;15300.163566385261;298;15300.163566385261;2711.533;1534.6282149213894;Evaluated;5.4721;2.4258;64;True;1;
47;2;11;2;normal;1;f304869c15e7;swap;20;25;;;;;;;;;;;;True;False;False;False;;ok;17318.488007231063;15439.478565701045;15439.478565701045;15300.163566385261;299;15300.163566385261;2719.2352;1879.0094415300173;Evaluated;5.2728;2.4268;64;True;1;
47;2;11;3;normal;1;f304869c15e7;move;;;38;25;;;;;;;;;;True;False;False;True;;ok;17802.701798311376;15439.478565701045;15439.478565701045;15300.163566385261;300;15300.163566385261;2730.6682;2363.2232326103313;Evaluated;9.0037;2.426;64;True;2;duplicate_for_same_parent_sequence
47;2;11;4;normal;1;f304869c15e7;move;;;58;49;;;;;;;;;;True;False;False;False;;ok;15994.955946123404;15439.478565701045;15439.478565701045;15300.163566385261;301;15300.163566385261;2738.0873;555.4773804223587;Evaluated;5.1919;2.2246;64;True;1;
47;2;11;5;normal;1;f304869c15e7;move;;;20;35;;;;;;;;;;True;False;False;True;;ok;16748.23561907452;15439.478565701045;15439.478565701045;15300.163566385261;302;15300.163566385261;2745.8757;1308.7570533734743;Evaluated;5.3571;2.4281;64;True;1;
47;2;11;;normal;2;;;;;;;;;;;;;;;;;;;;;End-of-iteration summary row;;;15439.478565701045;15300.163566385261;302;15300.163566385261;2745.8783;;IterationSummary;;;;;;
48;2;12;1;normal;2;f304869c15e7;move;;;7;3;;;;;;;;;;True;False;False;False;;ok;17730.265028231035;15439.478565701045;15439.478565701045;15300.163566385261;303;15300.163566385261;2757.2528;2290.78646252999;Evaluated;8.9306;2.4279;64;True;2;duplicate_for_same_parent_sequence
48;2;12;2;normal;2;f304869c15e7;move;;;30;18;;;;;;;;;;True;False;False;True;;ok;17155.34923220018;15439.478565701045;15439.478565701045;15300.163566385261;304;15300.163566385261;2768.4398;1715.870666499135;Evaluated;8.7551;2.4292;64;True;2;duplicate_for_same_parent_sequence
48;2;12;3;normal;2;f304869c15e7;move;;;28;15;;;;;;;;;;True;False;False;True;;ok;17924.54104203562;15439.478565701045;15439.478565701045;15300.163566385261;305;15300.163566385261;2779.8589;2485.062476334575;Evaluated;8.992;2.4239;64;True;2;duplicate_for_same_parent_sequence
48;2;12;4;normal;2;f304869c15e7;move;;;48;30;;;;;;;;;;True;False;False;True;;ok;16349.294649243862;15439.478565701045;15439.478565701045;15300.163566385261;306;15300.163566385261;2787.4649;909.8160835428171;Evaluated;5.1743;2.4292;64;True;1;
48;2;12;5;normal;2;f304869c15e7;move;;;50;32;;;;;;;;;;True;False;False;True;;ok;17191.552160345498;15439.478565701045;15439.478565701045;15300.163566385261;307;15300.163566385261;2795.046;1752.073594644453;Evaluated;5.1483;2.4298;64;True;1;
48;2;12;;normal;3;;;;;;;;;;;;;;;;;;;;;End-of-iteration summary row;;;15439.478565701045;15300.163566385261;307;15300.163566385261;2795.0495;;IterationSummary;;;;;;
49;2;13;1;diversification;3;f304869c15e7;move;;;7;20;;;;;;;;;;True;False;False;True;;ok;17376.641771833158;15439.478565701045;15439.478565701045;15300.163566385261;308;15300.163566385261;2802.9159;1937.1632061321125;Evaluated;5.4229;2.4296;64;True;1;
49;2;13;2;diversification;3;f304869c15e7;reinsert_block;;;;;;;25;31;40;;;;;True;False;False;True;;ok;16645.893733669778;15439.478565701045;15439.478565701045;15300.163566385261;309;15300.163566385261;2810.9675;1206.415167968733;Evaluated;5.6212;2.4295;64;True;1;
49;2;13;3;diversification;3;f304869c15e7;swap;32;47;;;;;;;;;;;;True;False;False;True;;ok;15444.287062290121;15439.478565701045;15439.478565701045;15300.163566385261;310;15300.163566385261;2818.4757;4.80849658907573;Evaluated;5.2762;2.2287;64;True;1;
49;2;13;4;diversification;3;f304869c15e7;move;;;50;23;;;;;;;;;;True;False;False;True;;ok;16199.878577605632;15439.478565701045;15439.478565701045;15300.163566385261;311;15300.163566385261;2826.0891;760.4000119045868;Evaluated;5.1807;2.4299;64;True;1;
49;2;13;5;diversification;3;f304869c15e7;move;;;25;10;;;;;;;;;;True;False;False;True;;ok;17652.633892086968;15439.478565701045;15439.478565701045;15300.163566385261;312;15300.163566385261;2833.8644;2213.1553263859223;Evaluated;5.3438;2.4284;64;True;1;
49;2;13;6;diversification;3;f304869c15e7;move;;;25;40;;;;;;;;;;True;False;False;True;;ok;16299.171417194644;15439.478565701045;15439.478565701045;15300.163566385261;313;15300.163566385261;2841.6513;859.6928514935989;Evaluated;5.3494;2.4343;64;True;1;
49;2;13;7;diversification;3;f304869c15e7;move;;;40;25;;;;;;;;;;True;False;False;True;;ok;15437.411404975797;15439.478565701045;15439.478565701045;15300.163566385261;314;15300.163566385261;2852.4638;-2.067160725247959;Evaluated;8.5828;2.2264;64;True;2;duplicate_for_same_parent_sequence
49;2;13;8;diversification;3;f304869c15e7;move;;;24;18;;;;;;;;;;True;False;False;False;;ok;15499.009957032971;15439.478565701045;15439.478565701045;15300.163566385261;315;15300.163566385261;2859.8859;59.53139133192599;Evaluated;5.1879;2.2335;64;True;1;
49;2;13;9;diversification;3;f304869c15e7;move;;;25;30;;;;;;;;;;True;False;False;False;;ok;16722.00684339251;15439.478565701045;15439.478565701045;15300.163566385261;316;15300.163566385261;2867.4868;1282.5282776914664;Evaluated;5.1703;2.4298;64;True;1;
49;2;13;10;diversification;3;f304869c15e7;move;;;40;52;;;;;;;;;;True;False;False;True;;ok;15435.896260175497;15439.478565701045;15439.478565701045;15300.163566385261;317;15300.163566385261;2874.8699;-3.582305525547781;Evaluated;5.1452;2.2351;64;True;1;
49;2;13;;diversification;0;;;;;;;;;;;;;;;;;;;;;End-of-iteration summary row;;;15435.896260175497;15300.163566385261;317;15300.163566385261;2874.8874;;IterationSummary;;;;;;
50;2;14;1;normal;0;def6ff98ebfc;move;;;5;0;;;;;;;;;;True;False;False;False;;ok;17001.843959647696;15435.896260175497;15435.896260175497;15300.163566385261;318;15300.163566385261;2882.9866;1565.947699472199;Evaluated;5.6667;2.4271;64;True;1;
50;2;14;2;normal;0;def6ff98ebfc;swap;25;30;;;;;;;;;;;;True;False;False;False;;ok;16730.575349805913;15435.896260175497;15435.896260175497;15300.163566385261;319;15300.163566385261;2890.6326;1294.6790896304155;Evaluated;5.2198;2.4235;64;True;1;
50;2;14;3;normal;0;def6ff98ebfc;reinsert_block;;;;;;;35;40;20;;;;;True;False;False;True;;ok;17050.84272309764;15435.896260175497;15435.896260175497;15300.163566385261;320;15300.163566385261;2898.5418;1614.9464629221438;Evaluated;5.4824;2.4241;64;True;1;
50;2;14;4;normal;0;def6ff98ebfc;move;;;50;34;;;;;;;;;;True;False;False;True;;ok;16340.280937643167;15435.896260175497;15435.896260175497;15300.163566385261;321;15300.163566385261;2906.1855;904.3846774676695;Evaluated;5.2133;2.4273;64;True;1;
50;2;14;5;normal;0;def6ff98ebfc;move;;;50;30;;;;;;;;;;True;False;False;True;;ok;16340.280937643167;15435.896260175497;15435.896260175497;15300.163566385261;322;15300.163566385261;2913.8109;904.3846774676695;Evaluated;5.194;2.4283;64;True;1;
50;2;14;;normal;1;;;;;;;;;;;;;;;;;;;;;End-of-iteration summary row;;;15435.896260175497;15300.163566385261;322;15300.163566385261;2913.8142;;IterationSummary;;;;;;
51;2;15;1;normal;1;def6ff98ebfc;move;;;10;2;;;;;;;;;;True;False;False;False;;ok;18193.135827298902;15435.896260175497;15435.896260175497;15300.163566385261;323;15300.163566385261;2925.3043;2757.2395671234044;Evaluated;8.846;2.6294;64;True;2;duplicate_for_same_parent_sequence
51;2;15;2;normal;1;def6ff98ebfc;swap;20;25;;;;;;;;;;;;True;False;False;False;;ok;17314.64598989138;15435.896260175497;15435.896260175497;15300.163566385261;324;15300.163566385261;2932.9972;1878.7497297158843;Evaluated;5.2582;2.4308;64;True;1;
51;2;15;3;normal;1;def6ff98ebfc;move;;;38;30;;;;;;;;;;True;False;False;False;;ok;18076.210870169183;15435.896260175497;15435.896260175497;15300.163566385261;325;15300.163566385261;2944.5803;2640.3146099936857;Evaluated;9.1493;2.4306;64;True;2;duplicate_for_same_parent_sequence
51;2;15;4;normal;1;def6ff98ebfc;move;;;50;38;;;;;;;;;;True;False;False;True;;ok;15896.378158340147;15435.896260175497;15435.896260175497;15300.163566385261;326;15300.163566385261;2952.2419;460.48189816464946;Evaluated;5.4312;2.2276;64;True;1;
51;2;15;5;normal;1;def6ff98ebfc;move;;;45;30;;;;;;;;;;True;False;False;True;;ok;18077.730319120903;15435.896260175497;15435.896260175497;15300.163566385261;327;15300.163566385261;2960.1209;2641.8340589454056;Evaluated;5.2518;2.6246;64;True;1;
51;2;15;;normal;2;;;;;;;;;;;;;;;;;;;;;End-of-iteration summary row;;;15435.896260175497;15300.163566385261;327;15300.163566385261;2960.1245;;IterationSummary;;;;;;
52;2;16;1;normal;2;def6ff98ebfc;move;;;8;3;;;;;;;;;;True;False;False;False;;ok;17720.258203130332;15435.896260175497;15435.896260175497;15300.163566385261;328;15300.163566385261;2971.9662;2284.3619429548344;Evaluated;9.4024;2.4273;64;True;2;duplicate_for_same_parent_sequence
52;2;16;2;normal;2;def6ff98ebfc;swap;16;20;;;;;;;;;;;;True;False;False;False;;ok;17200.08716933905;15435.896260175497;15435.896260175497;15300.163566385261;329;15300.163566385261;2979.6006;1764.1909091635534;Evaluated;5.2044;2.4293;64;True;1;
52;2;16;3;normal;2;def6ff98ebfc;reinsert_block;;;;;;;35;41;20;;;;;True;False;False;True;;ok;17270.152005483855;15435.896260175497;15435.896260175497;15300.163566385261;330;15300.163566385261;2995.0067;1834.2557453083573;Evaluated;12.975;2.4278;64;True;3;duplicate_for_same_parent_sequence
52;2;16;4;normal;2;def6ff98ebfc;move;;;54;60;;;;;;;;;;True;False;False;False;;ok;15959.978856913855;15435.896260175497;15435.896260175497;15300.163566385261;331;15300.163566385261;3002.4083;524.0825967383571;Evaluated;5.167;2.232;64;True;1;
52;2;16;5;normal;2;def6ff98ebfc;move;;;30;45;;;;;;;;;;True;False;False;True;;ok;15440.140507560693;15435.896260175497;15435.896260175497;15300.163566385261;332;15300.163566385261;3009.9985;4.2442473851951945;Evaluated;5.3597;2.229;64;True;1;
52;2;16;;normal;3;;;;;;;;;;;;;;;;;;;;;End-of-iteration summary row;;;15435.896260175497;15300.163566385261;332;15300.163566385261;3010.0011;;IterationSummary;;;;;;
53;2;17;1;diversification;3;def6ff98ebfc;move;;;5;10;;;;;;;;;;True;False;False;False;;ok;16974.106780622435;15435.896260175497;15435.896260175497;15300.163566385261;333;15300.163566385261;3024.9563;1538.2105204469372;Evaluated;12.5102;2.4315;64;True;3;duplicate_for_same_parent_sequence
53;2;17;2;diversification;3;def6ff98ebfc;reinsert_block;;;;;;;18;23;5;;;;;True;False;False;True;;ok;16131.739216984002;15435.896260175497;15435.896260175497;15300.163566385261;334;15300.163566385261;3032.8997;695.8429568085048;Evaluated;5.5134;2.426;64;True;1;
53;2;17;3;diversification;3;def6ff98ebfc;swap;35;42;;;;;;;;;;;;True;False;False;False;;ok;15435.896260175497;15435.896260175497;15435.896260175497;15300.163566385261;335;15300.163566385261;3040.4357;0.0;Evaluated;5.2993;2.2323;64;True;1;
53;2;17;4;diversification;3;def6ff98ebfc;move;;;50;48;;;;;;;;;;True;False;False;False;;ok;15437.085921121625;15435.896260175497;15435.896260175497;15300.163566385261;336;15300.163566385261;3047.8148;1.1896609461273329;Evaluated;5.1478;2.2275;64;True;1;
53;2;17;5;diversification;3;def6ff98ebfc;move;;;40;35;;;;;;;;;;True;False;False;False;;ok;16651.430765651727;15435.896260175497;15435.896260175497;15300.163566385261;337;15300.163566385261;3055.5593;1215.5345054762292;Evaluated;5.3121;2.4317;64;True;1;
53;2;17;6;diversification;3;def6ff98ebfc;move;;;32;40;;;;;;;;;;True;False;False;False;;ok;15436.897852474664;15435.896260175497;15435.896260175497;15300.163566385261;338;15300.163566385261;3063.4027;1.0015922991660773;Evaluated;5.6073;2.2328;64;True;1;
53;2;17;7;diversification;3;def6ff98ebfc;move;;;18;25;;;;;;;;;;True;False;False;False;;ok;17169.43588816187;15435.896260175497;15435.896260175497;15300.163566385261;339;15300.163566385261;3074.6096;1733.5396279863708;Evaluated;8.7791;2.4246;64;True;2;duplicate_for_same_parent_sequence
53;2;17;8;diversification;3;def6ff98ebfc;move;;;25;10;;;;;;;;;;True;False;False;True;;ok;17652.633892086968;15435.896260175497;15435.896260175497;15300.163566385261;340;15300.163566385261;3082.3605;2216.73763191147;Evaluated;5.3209;2.4275;64;True;1;
53;2;17;9;diversification;3;def6ff98ebfc;move;;;30;25;;;;;;;;;;True;False;False;False;;ok;15441.303591284443;15435.896260175497;15435.896260175497;15300.163566385261;341;15300.163566385261;3090.0356;5.407331108945073;Evaluated;5.4444;2.2294;64;True;1;
53;2;17;10;diversification;3;def6ff98ebfc;swap;42;48;;;;;;;;;;;;True;False;False;False;;ok;15922.091471243335;15435.896260175497;15435.896260175497;15300.163566385261;342;15300.163566385261;3101.1735;486.1952110678376;Evaluated;8.91;2.2249;64;True;2;duplicate_for_same_parent_sequence
53;2;17;;diversification;4;;;;;;;;;;;;;;;;;;;;;End-of-iteration summary row;;;15435.896260175497;15300.163566385261;342;15300.163566385261;3101.1742;;IterationSummary;;;;;;
54;2;18;1;diversification;4;def6ff98ebfc;move;;;7;20;;;;;;;;;;True;False;False;True;;ok;17376.641771833158;15435.896260175497;15435.896260175497;15300.163566385261;343;15300.163566385261;3112.5319;1940.7455116576602;Evaluated;8.9221;2.4293;64;True;2;duplicate_for_same_parent_sequence
54;2;18;2;diversification;4;def6ff98ebfc;reinsert_block;;;;;;;20;25;16;;;;;True;False;False;False;;ok;18185.392829008684;15435.896260175497;15435.896260175497;15300.163566385261;344;15300.163566385261;3121.0272;2749.4965688331868;Evaluated;5.8651;2.6268;64;True;1;
54;2;18;3;diversification;4;def6ff98ebfc;swap;32;47;;;;;;;;;;;;True;False;False;True;;ok;16354.382582230146;15435.896260175497;15435.896260175497;15300.163566385261;345;15300.163566385261;3128.976;918.4863220546486;Evaluated;5.5095;2.4362;64;True;1;
54;2;18;4;diversification;4;def6ff98ebfc;move;;;49;32;;;;;;;;;;True;False;False;True;;ok;17191.552160345498;15435.896260175497;15435.896260175497;15300.163566385261;346;15300.163566385261;3140.1163;1755.6559001700007;Evaluated;8.7112;2.4265;64;True;2;duplicate_for_same_parent_sequence
54;2;18;5;diversification;4;def6ff98ebfc;move;;;18;12;;;;;;;;;;True;False;False;False;;ok;15455.935637160137;15435.896260175497;15435.896260175497;15300.163566385261;347;15300.163566385261;3151.1761;20.039376984639603;Evaluated;8.8286;2.2286;64;True;2;duplicate_for_same_parent_sequence
54;2;18;6;diversification;4;def6ff98ebfc;move;;;28;15;;;;;;;;;;True;False;False;True;;ok;17924.47276721131;15435.896260175497;15435.896260175497;15300.163566385261;348;15300.163566385261;3162.3593;2488.576507035814;Evaluated;8.7535;2.427;64;True;2;duplicate_for_same_parent_sequence
54;2;18;7;diversification;4;def6ff98ebfc;move;;;20;15;;;;;;;;;;True;False;False;False;;ok;17172.17211142806;15435.896260175497;15435.896260175497;15300.163566385261;349;15300.163566385261;3173.5837;1736.2758512525616;Evaluated;8.7859;2.4357;64;True;2;duplicate_for_same_parent_sequence
54;2;18;8;diversification;4;def6ff98ebfc;move;;;8;15;;;;;;;;;;True;False;False;False;;ok;17342.46463823408;15435.896260175497;15435.896260175497;15300.163566385261;350;15300.163566385261;3181.2766;1906.5683780585823;Evaluated;5.2644;2.4253;64;True;1;
54;2;18;9;diversification;4;def6ff98ebfc;move;;;45;38;;;;;;;;;;True;False;False;False;;ok;16991.855874164292;15435.896260175497;15435.896260175497;15300.163566385261;351;15300.163566385261;3188.9483;1555.9596139887944;Evaluated;5.2432;2.4254;64;True;1;
54;2;18;10;diversification;4;def6ff98ebfc;move;;;50;42;;;;;;;;;;True;False;False;False;;ok;15672.465138811009;15435.896260175497;15435.896260175497;15300.163566385261;352;15300.163566385261;3196.5394;236.56887863551128;Evaluated;5.3584;2.2297;64;True;1;
54;2;18;;diversification;5;;;;;;;;;;;;;;;;;;;;;End-of-iteration summary row;;;15435.896260175497;15300.163566385261;352;15300.163566385261;3196.5426;;IterationSummary;;;;;;
55;2;19;1;diversification;5;def6ff98ebfc;move;;;18;5;;;;;;;;;;True;False;False;True;;ok;17574.27326908566;15435.896260175497;15435.896260175497;15300.163566385261;353;15300.163566385261;3204.5565;2138.3770089101636;Evaluated;5.5721;2.4289;64;True;1;
55;2;19;2;diversification;5;def6ff98ebfc;move;;;47;20;;;;;;;;;;True;False;False;True;;ok;17339.94928238522;15435.896260175497;15435.896260175497;15300.163566385261;354;15300.163566385261;3215.916;1904.0530222097223;Evaluated;8.9256;2.4306;64;True;2;duplicate_for_same_parent_sequence
55;2;19;3;diversification;5;def6ff98ebfc;swap;37;49;;;;;;;;;;;;True;False;False;True;;ok;16064.218643878241;15435.896260175497;15435.896260175497;15300.163566385261;355;15300.163566385261;3227.0794;628.3223837027435;Evaluated;8.9276;2.2331;64;True;2;duplicate_for_same_parent_sequence
55;2;19;4;diversification;5;def6ff98ebfc;move;;;58;49;;;;;;;;;;True;False;False;False;;ok;15470.79942830124;15435.896260175497;15435.896260175497;15300.163566385261;356;15300.163566385261;3234.534;34.90316812574201;Evaluated;5.2238;2.2277;64;True;1;
55;2;19;5;diversification;5;def6ff98ebfc;swap;30;45;;;;;;;;;;;;True;False;False;True;;ok;17450.385641204004;15435.896260175497;15435.896260175497;15300.163566385261;357;15300.163566385261;3245.7211;2014.4893810285066;Evaluated;8.7567;2.4269;64;True;2;duplicate_for_same_parent_sequence
55;2;19;6;diversification;5;def6ff98ebfc;move;;;48;32;;;;;;;;;;True;False;False;True;;ok;17194.335496469437;15435.896260175497;15435.896260175497;15300.163566385261;358;15300.163566385261;3253.5095;1758.4392362939398;Evaluated;5.3548;2.4289;64;True;1;
55;2;19;7;diversification;5;def6ff98ebfc;move;;;50;12;;;;;;;;;;True;False;False;True;;ok;17597.364844940566;15435.896260175497;15435.896260175497;15300.163566385261;359;15300.163566385261;3261.1206;2161.468584765069;Evaluated;5.177;2.4309;64;True;1;
55;2;19;8;diversification;5;def6ff98ebfc;move;;;10;25;;;;;;;;;;True;False;False;True;;ok;17169.821889812614;15435.896260175497;15435.896260175497;15300.163566385261;360;15300.163566385261;3268.5586;1733.9256296371168;Evaluated;5.005;2.43;64;True;1;
55;2;19;9;diversification;5;def6ff98ebfc;move;;;25;18;;;;;;;;;;True;False;False;False;;ok;17271.026313287613;15435.896260175497;15435.896260175497;15300.163566385261;361;15300.163566385261;3276.2905;1835.130053112116;Evaluated;5.301;2.428;64;True;1;
55;2;19;10;diversification;5;def6ff98ebfc;move;;;57;42;;;;;;;;;;True;False;False;True;;ok;15439.458392876373;15435.896260175497;15435.896260175497;15300.163566385261;362;15300.163566385261;3283.7242;3.562132700875736;Evaluated;5.2045;2.225;64;True;1;
55;2;19;;diversification;6;;;;;;;;;;;;;;;;;;;;;End-of-iteration summary row;;;15435.896260175497;15300.163566385261;362;15300.163566385261;3283.7276;;IterationSummary;;;;;;
56;2;20;1;diversification;6;def6ff98ebfc;move;;;7;1;;;;;;;;;;True;False;False;False;;ok;17989.803111400015;15435.896260175497;15435.896260175497;15300.163566385261;363;15300.163566385261;3291.7884;2553.9068512245176;Evaluated;5.621;2.427;64;True;1;
56;2;20;2;diversification;6;def6ff98ebfc;reinsert_block;;;;;;;18;24;5;;;;;True;False;False;True;;ok;15889.958466895274;15435.896260175497;15435.896260175497;15300.163566385261;364;15300.163566385261;3299.5769;454.06220671977644;Evaluated;5.5591;2.226;64;True;1;
56;2;20;3;diversification;6;def6ff98ebfc;swap;35;42;;;;;;;;;;;;False;True;True;;;ok;;15435.896260175497;15435.896260175497;15300.163566385261;364;15300.163566385261;3311.6362;;DuplicateForSameParentSequenceAfterRetries;12.0565;;;;3;duplicate_for_same_parent_sequence
56;2;20;4;diversification;6;def6ff98ebfc;move;;;48;12;;;;;;;;;;True;False;False;True;;ok;16911.701390295362;15435.896260175497;15435.896260175497;15300.163566385261;365;15300.163566385261;3322.7159;1475.8051301198648;Evaluated;8.648;2.4306;64;True;2;duplicate_for_same_parent_sequence
56;2;20;5;diversification;6;def6ff98ebfc;swap;2;17;;;;;;;;;;;;True;False;False;True;;ok;17845.113885533305;15435.896260175497;15435.896260175497;15300.163566385261;366;15300.163566385261;3333.855;2409.2176253578073;Evaluated;8.7065;2.4296;64;True;2;duplicate_for_same_parent_sequence
56;2;20;6;diversification;6;def6ff98ebfc;move;;;20;10;;;;;;;;;;True;False;False;True;;ok;17693.996722280634;15435.896260175497;15435.896260175497;15300.163566385261;367;15300.163566385261;3345.1386;2258.100462105136;Evaluated;8.8506;2.4303;64;True;2;duplicate_for_same_parent_sequence
56;2;20;7;diversification;6;def6ff98ebfc;swap;3;7;;;;;;;;;;;;True;False;False;False;;ok;17025.75930275177;15435.896260175497;15435.896260175497;15300.163566385261;368;15300.163566385261;3356.1904;1589.8630425762713;Evaluated;8.6259;2.4251;64;True;2;duplicate_for_same_parent_sequence
56;2;20;8;diversification;6;def6ff98ebfc;move;;;28;35;;;;;;;;;;True;False;False;False;;ok;16573.8307966868;15435.896260175497;15435.896260175497;15300.163566385261;369;15300.163566385261;3363.8993;1137.934536511304;Evaluated;5.2729;2.4322;64;True;1;
56;2;20;9;diversification;6;def6ff98ebfc;move;;;24;10;;;;;;;;;;True;False;False;True;;ok;17361.525883769777;15435.896260175497;15435.896260175497;15300.163566385261;370;15300.163566385261;3375.0214;1925.629623594279;Evaluated;8.6899;2.4291;64;True;2;duplicate_for_same_parent_sequence
56;2;20;10;diversification;6;def6ff98ebfc;move;;;50;25;;;;;;;;;;True;False;False;True;;ok;16639.75031888004;15435.896260175497;15435.896260175497;15300.163566385261;371;15300.163566385261;3382.5957;1203.8540587045427;Evaluated;5.1363;2.4349;64;True;1;
56;2;20;;diversification;7;;;;;;;;;;;;;;;;;;;;;End-of-iteration summary row;;;15435.896260175497;15300.163566385261;371;15300.163566385261;3382.601;;IterationSummary;;;;;;
57;2;21;1;diversification;7;def6ff98ebfc;move;;;42;10;;;;;;;;;;True;False;False;True;;ok;17604.574262880935;15435.896260175497;15435.896260175497;15300.163566385261;372;15300.163566385261;3390.6955;2168.6780027054374;Evaluated;5.6568;2.4273;64;True;1;
57;2;21;2;diversification;7;def6ff98ebfc;move;;;30;20;;;;;;;;;;True;False;False;True;;ok;17148.484352178588;15435.896260175497;15435.896260175497;15300.163566385261;373;15300.163566385261;3402.2266;1712.5880920030904;Evaluated;9.1024;2.4256;64;True;2;duplicate_for_same_parent_sequence
57;2;21;3;diversification;7;def6ff98ebfc;move;;;35;10;;;;;;;;;;True;False;False;True;;ok;17606.994462209113;15435.896260175497;15435.896260175497;15300.163566385261;374;15300.163566385261;3413.2659;2171.098202033616;Evaluated;8.6077;2.4279;64;True;2;duplicate_for_same_parent_sequence
57;2;21;4;diversification;7;def6ff98ebfc;move;;;49;25;;;;;;;;;;True;False;False;True;;ok;15433.479636372056;15435.896260175497;15435.896260175497;15300.163566385261;375;15300.163566385261;3424.0625;-2.4166238034413254;Evaluated;8.5606;2.2331;64;True;2;duplicate_for_same_parent_sequence
57;2;21;5;diversification;7;def6ff98ebfc;move;;;15;20;;;;;;;;;;True;False;False;False;;ok;16698.487073360226;15435.896260175497;15435.896260175497;15300.163566385261;376;15300.163566385261;3431.8288;1262.5908131847282;Evaluated;5.3362;2.4268;64;True;1;
57;2;21;6;diversification;7;def6ff98ebfc;reinsert_block;;;;;;;35;40;25;;;;;True;False;False;True;;ok;16065.570220838206;15435.896260175497;15435.896260175497;15300.163566385261;377;15300.163566385261;3446.3708;629.6739606627089;Evaluated;12.3092;2.2298;64;True;3;duplicate_for_same_parent_sequence
57;2;21;7;diversification;7;def6ff98ebfc;move;;;50;40;;;;;;;;;;True;False;False;True;;ok;15896.378158340147;15435.896260175497;15435.896260175497;15300.163566385261;378;15300.163566385261;3453.8093;460.48189816464946;Evaluated;5.2064;2.2291;64;True;1;
57;2;21;8;diversification;7;def6ff98ebfc;move;;;15;8;;;;;;;;;;True;False;False;False;;ok;15436.820137544804;15435.896260175497;15435.896260175497;15300.163566385261;379;15300.163566385261;3461.2248;0.9238773693068651;Evaluated;5.1856;2.2271;64;True;1;
57;2;21;9;diversification;7;def6ff98ebfc;move;;;25;30;;;;;;;;;;True;False;False;False;;ok;16722.00684339251;15435.896260175497;15435.896260175497;15300.163566385261;380;15300.163566385261;3468.8626;1286.1105832170142;Evaluated;5.2107;2.4245;64;True;1;
57;2;21;10;diversification;7;def6ff98ebfc;move;;;42;49;;;;;;;;;;True;False;False;False;;ok;15926.134892217058;15435.896260175497;15435.896260175497;15300.163566385261;381;15300.163566385261;3483.0348;490.2386320415608;Evaluated;11.9398;2.2296;64;True;3;duplicate_for_same_parent_sequence
57;2;21;;diversification;0;;;;;;;;;;;;;;;;;;;;;End-of-iteration summary row;;;15433.479636372056;15300.163566385261;381;15300.163566385261;3483.0469;;IterationSummary;;;;;;
58;2;22;1;normal;0;d06a0b9f0db7;move;;;10;2;;;;;;;;;;True;False;False;False;;ok;18193.135827298902;15433.479636372056;15433.479636372056;15300.163566385261;382;15300.163566385261;3491.2341;2759.6561909268457;Evaluated;5.5463;2.6331;64;True;1;
58;2;22;2;normal;0;d06a0b9f0db7;swap;17;20;;;;;;;;;;;;True;False;False;False;;ok;17178.20981301643;15433.479636372056;15433.479636372056;15300.163566385261;383;15300.163566385261;3498.8427;1744.7301766443743;Evaluated;5.1729;2.4329;64;True;1;
58;2;22;3;normal;0;d06a0b9f0db7;reinsert_block;;;;;;;35;40;20;;;;;True;False;False;True;;ok;17017.04930187688;15433.479636372056;15433.479636372056;15300.163566385261;384;15300.163566385261;3506.7369;1583.5696655048232;Evaluated;5.4614;2.4295;64;True;1;
58;2;22;4;normal;0;d06a0b9f0db7;move;;;50;20;;;;;;;;;;True;False;False;True;;ok;17336.952989490754;15433.479636372056;15433.479636372056;15300.163566385261;385;15300.163566385261;3514.4505;1903.4733531186976;Evaluated;5.2826;2.428;64;True;1;
58;2;22;5;normal;0;d06a0b9f0db7;move;;;50;30;;;;;;;;;;True;False;False;True;;ok;16551.051525497656;15433.479636372056;15433.479636372056;15300.163566385261;386;15300.163566385261;3521.9883;1117.5718891256001;Evaluated;5.1035;2.4311;64;True;1;
58;2;22;;normal;1;;;;;;;;;;;;;;;;;;;;;End-of-iteration summary row;;;15433.479636372056;15300.163566385261;386;15300.163566385261;3521.9907;;IterationSummary;;;;;;
59;2;23;1;normal;1;d06a0b9f0db7;move;;;15;8;;;;;;;;;;True;False;False;False;;ok;15432.920186905554;15433.479636372056;15433.479636372056;15300.163566385261;387;15300.163566385261;3529.7876;-0.5594494665019738;Evaluated;5.5588;2.2303;64;True;1;
59;2;23;2;normal;1;d06a0b9f0db7;swap;18;20;;;;;;;;;;;;True;False;False;False;;ok;17173.547848541388;15433.479636372056;15433.479636372056;15300.163566385261;388;15300.163566385261;3537.4154;1740.0682121693317;Evaluated;5.1849;2.44;64;True;1;
59;2;23;3;normal;1;d06a0b9f0db7;reinsert_block;;;;;;;35;40;25;;;;;True;False;False;True;;ok;16738.715514086078;15433.479636372056;15433.479636372056;15300.163566385261;389;15300.163566385261;3545.4695;1305.2358777140216;Evaluated;5.6185;2.4327;64;True;1;
59;2;23;4;normal;1;d06a0b9f0db7;move;;;58;49;;;;;;;;;;True;False;False;False;;ok;15438.14140986489;15433.479636372056;15433.479636372056;15300.163566385261;390;15300.163566385261;3552.9679;4.661773492833163;Evaluated;5.27;2.226;64;True;1;
59;2;23;5;normal;1;d06a0b9f0db7;move;;;50;25;;;;;;;;;;True;False;False;True;;ok;16804.016645837342;15433.479636372056;15433.479636372056;15300.163566385261;391;15300.163566385261;3560.559;1370.5370094652862;Evaluated;5.1579;2.4303;64;True;1;
59;2;23;;normal;0;;;;;;;;;;;;;;;;;;;;;End-of-iteration summary row;;;15432.920186905554;15300.163566385261;391;15300.163566385261;3560.5765;;IterationSummary;;;;;;
60;2;24;1;normal;0;f417cdeeca43;move;;;10;2;;;;;;;;;;True;False;False;False;;ok;15735.590097741333;15432.920186905554;15432.920186905554;15300.163566385261;392;15300.163566385261;3568.4888;302.66991083577886;Evaluated;5.6811;2.2258;64;True;1;
60;2;24;2;normal;0;f417cdeeca43;swap;16;20;;;;;;;;;;;;True;False;False;False;;ok;17624.698559310425;15432.920186905554;15432.920186905554;15300.163566385261;393;15300.163566385261;3576.172;2191.7783724048713;Evaluated;5.2453;2.4362;64;True;1;
60;2;24;3;normal;0;f417cdeeca43;reinsert_block;;;;;;;35;40;28;;;;;True;False;False;False;;ok;16766.878236995937;15432.920186905554;15432.920186905554;15300.163566385261;394;15300.163566385261;3584.2463;1333.958050090383;Evaluated;5.6374;2.434;64;True;1;
60;2;24;4;normal;0;f417cdeeca43;move;;;50;48;;;;;;;;;;True;False;False;False;;ok;15431.701076984888;15432.920186905554;15432.920186905554;15300.163566385261;395;15300.163566385261;3591.72;-1.2191099206665967;Evaluated;5.2433;2.2271;64;True;1;
60;2;24;5;normal;0;f417cdeeca43;move;;;30;5;;;;;;;;;;True;False;False;True;;ok;16510.481471831852;15432.920186905554;15432.920186905554;15300.163566385261;396;15300.163566385261;3599.5482;1077.561284926298;Evaluated;5.4013;2.4262;64;True;1;
60;2;24;;normal;0;;;;;;;;;;;;;;;;;;;;;End-of-iteration summary row;;;15431.701076984888;15300.163566385261;396;15300.163566385261;3599.5679;;IterationSummary;;;;;;
61;2;25;1;normal;0;4e577196cba4;move;;;10;2;;;;;;;;;;True;False;False;False;;ok;15734.37583367083;15431.701076984888;15431.701076984888;15300.163566385261;397;15300.163566385261;3607.2706;302.67475668594307;Evaluated;5.4621;2.234;64;True;1;
61;2;25;2;normal;0;4e577196cba4;swap;20;25;;;;;;;;;;;;True;False;False;False;;ok;17550.94921777806;15431.701076984888;15431.701076984888;15300.163566385261;398;15300.163566385261;3615.1681;2119.248140793172;Evaluated;5.4707;2.4237;64;True;1;
61;2;25;3;normal;0;4e577196cba4;reinsert_block;;;;;;;35;40;28;;;;;True;False;False;False;;ok;16766.878236995937;15431.701076984888;15431.701076984888;15300.163566385261;399;15300.163566385261;3623.1048;1335.1771600110496;Evaluated;5.4981;2.4357;64;True;1;
61;2;25;4;normal;0;4e577196cba4;move;;;58;49;;;;;;;;;;True;False;False;False;;ok;15440.835303062508;15431.701076984888;15431.701076984888;15300.163566385261;400;15300.163566385261;3630.5786;9.134226077620042;Evaluated;5.2438;2.2272;64;True;1;
61;2;25;5;normal;0;4e577196cba4;move;;;45;10;;;;;;;;;;True;False;False;True;;ok;17674.845138354398;15431.701076984888;15431.701076984888;15300.163566385261;401;15300.163566385261;3638.1433;2243.1440613695104;Evaluated;5.134;2.4276;64;True;1;
61;2;25;;normal;1;;;;;;;;;;;;;;;;;;;;;End-of-iteration summary row;;;15431.701076984888;15300.163566385261;401;15300.163566385261;3638.1464;;IterationSummary;;;;;;
62;2;26;1;normal;1;4e577196cba4;move;;;8;3;;;;;;;;;;True;False;False;False;;ok;17730.46252187342;15431.701076984888;15431.701076984888;15300.163566385261;402;15300.163566385261;3649.3085;2298.7614448885342;Evaluated;8.7186;2.4304;64;True;2;duplicate_for_same_parent_sequence
62;2;26;2;normal;1;4e577196cba4;swap;16;20;;;;;;;;;;;;True;False;False;False;;ok;17624.698559310425;15431.701076984888;15431.701076984888;15300.163566385261;403;15300.163566385261;3660.4151;2192.997482325538;Evaluated;8.676;2.4271;64;True;2;duplicate_for_same_parent_sequence
62;2;26;3;normal;1;4e577196cba4;move;;;39;17;;;;;;;;;;True;False;False;True;;ok;18337.676917714307;15431.701076984888;15431.701076984888;15300.163566385261;404;15300.163566385261;3672.0589;2905.9758407294194;Evaluated;9.0134;2.6274;64;True;2;duplicate_for_same_parent_sequence
62;2;26;4;normal;1;4e577196cba4;move;;;50;34;;;;;;;;;;True;False;False;True;;ok;17198.788880279386;15431.701076984888;15431.701076984888;15300.163566385261;405;15300.163566385261;3679.7389;1767.0878032944984;Evaluated;5.2505;2.4268;64;True;1;
62;2;26;5;normal;1;4e577196cba4;move;;;25;10;;;;;;;;;;True;False;False;True;;ok;17552.641519817;15431.701076984888;15431.701076984888;15300.163566385261;406;15300.163566385261;3687.145;2120.9404428321122;Evaluated;4.9738;2.4297;64;True;1;
62;2;26;;normal;2;;;;;;;;;;;;;;;;;;;;;End-of-iteration summary row;;;15431.701076984888;15300.163566385261;406;15300.163566385261;3687.1477;;IterationSummary;;;;;;
63;2;27;1;normal;2;4e577196cba4;move;;;7;2;;;;;;;;;;True;False;False;False;;ok;17995.02380754402;15431.701076984888;15431.701076984888;15300.163566385261;407;15300.163566385261;3701.8281;2563.3227305591336;Evaluated;12.2406;2.4265;64;True;3;duplicate_for_same_parent_sequence
63;2;27;2;normal;2;4e577196cba4;swap;18;20;;;;;;;;;;;;True;False;False;False;;ok;17111.282198526227;15431.701076984888;15431.701076984888;15300.163566385261;408;15300.163566385261;3709.4831;1679.5811215413396;Evaluated;5.2269;2.425;64;True;1;
63;2;27;3;normal;2;4e577196cba4;move;;;18;5;;;;;;;;;;True;False;False;True;;ok;17628.950012607136;15431.701076984888;15431.701076984888;15300.163566385261;409;15300.163566385261;3720.8942;2197.2489356222486;Evaluated;8.9764;2.4318;64;True;2;duplicate_for_same_parent_sequence
63;2;27;4;normal;2;4e577196cba4;move;;;50;38;;;;;;;;;;True;False;False;True;;ok;16199.272807407146;15431.701076984888;15431.701076984888;15300.163566385261;410;15300.163566385261;3728.5177;767.571730422258;Evaluated;5.1874;2.4329;64;True;1;
63;2;27;5;normal;2;4e577196cba4;move;;;20;15;;;;;;;;;;True;False;False;False;;ok;17051.513420625986;15431.701076984888;15431.701076984888;15300.163566385261;411;15300.163566385261;3736.1452;1619.8123436410988;Evaluated;5.1984;2.4275;64;True;1;
63;2;27;;normal;3;;;;;;;;;;;;;;;;;;;;;End-of-iteration summary row;;;15431.701076984888;15300.163566385261;411;15300.163566385261;3736.1485;;IterationSummary;;;;;;
64;2;28;1;diversification;3;4e577196cba4;move;;;30;10;;;;;;;;;;True;False;False;True;;ok;17026.790444411483;15431.701076984888;15431.701076984888;15300.163566385261;412;15300.163566385261;3747.6921;1595.0893674265953;Evaluated;9.1018;2.4294;64;True;2;duplicate_for_same_parent_sequence
64;2;28;2;diversification;3;4e577196cba4;reinsert_block;;;;;;;17;23;5;;;;;True;False;False;True;;ok;17102.602200634625;15431.701076984888;15431.701076984888;15300.163566385261;413;15300.163566385261;3755.6482;1670.9011236497372;Evaluated;5.5229;2.4323;64;True;1;
64;2;28;3;diversification;3;4e577196cba4;swap;35;42;;;;;;;;;;;;True;False;False;False;;ok;15431.701076984888;15431.701076984888;15431.701076984888;15300.163566385261;414;15300.163566385261;3763.1492;0.0;Evaluated;5.2718;2.226;64;True;1;
64;2;28;4;diversification;3;4e577196cba4;move;;;57;42;;;;;;;;;;True;False;False;True;;ok;16199.245046020806;15431.701076984888;15431.701076984888;15300.163566385261;415;15300.163566385261;3774.2876;767.543969035918;Evaluated;8.7076;2.4273;64;True;2;duplicate_for_same_parent_sequence
64;2;28;5;diversification;3;4e577196cba4;move;;;8;19;;;;;;;;;;True;False;False;True;;ok;15435.447820509513;15431.701076984888;15431.701076984888;15300.163566385261;416;15300.163566385261;3788.6358;3.7467435246253444;Evaluated;12.1141;2.2312;64;True;3;duplicate_for_same_parent_sequence
64;2;28;6;diversification;3;4e577196cba4;reinsert_block;;;;;;;34;37;30;;;;;True;False;False;False;;ok;15543.706616390087;15431.701076984888;15431.701076984888;15300.163566385261;417;15300.163566385261;3803.3598;112.00553940519967;Evaluated;12.4969;2.2244;64;True;3;duplicate_for_same_parent_sequence
64;2;28;7;diversification;3;4e577196cba4;move;;;40;5;;;;;;;;;;True;False;False;True;;ok;16511.26557861641;15431.701076984888;15431.701076984888;15300.163566385261;418;15300.163566385261;3811.0185;1079.564501631523;Evaluated;5.2266;2.429;64;True;1;
64;2;28;8;diversification;3;4e577196cba4;move;;;30;45;;;;;;;;;;True;False;False;True;;ok;16573.794555451088;15431.701076984888;15431.701076984888;15300.163566385261;419;15300.163566385261;3822.4194;1142.0934784662004;Evaluated;8.9706;2.4276;64;True;2;duplicate_for_same_parent_sequence
64;2;28;9;diversification;3;4e577196cba4;move;;;39;25;;;;;;;;;;True;False;False;True;;ok;17886.159802622795;15431.701076984888;15431.701076984888;15300.163566385261;420;15300.163566385261;3833.6536;2454.4587256379073;Evaluated;8.8018;2.4293;64;True;2;duplicate_for_same_parent_sequence
64;2;28;10;diversification;3;4e577196cba4;move;;;48;55;;;;;;;;;;True;False;False;False;;ok;15621.218481844859;15431.701076984888;15431.701076984888;15300.163566385261;421;15300.163566385261;3840.9458;189.51740485997107;Evaluated;5.063;2.2264;64;True;1;
64;2;28;;diversification;4;;;;;;;;;;;;;;;;;;;;;End-of-iteration summary row;;;15431.701076984888;15300.163566385261;421;15300.163566385261;3840.949;;IterationSummary;;;;;;
65;2;29;1;diversification;4;4e577196cba4;move;;;10;35;;;;;;;;;;True;False;False;True;;ok;16676.059956305176;15431.701076984888;15431.701076984888;15300.163566385261;422;15300.163566385261;3848.9488;1244.358879320289;Evaluated;5.5588;2.4279;64;True;1;
65;2;29;2;diversification;4;4e577196cba4;move;;;20;30;;;;;;;;;;True;False;False;True;;ok;17430.67940301427;15431.701076984888;15431.701076984888;15300.163566385261;423;15300.163566385261;3860.4228;1998.9783260293825;Evaluated;9.0381;2.4332;64;True;2;duplicate_for_same_parent_sequence
65;2;29;3;diversification;4;4e577196cba4;swap;36;47;;;;;;;;;;;;True;False;False;False;;ok;15944.210482408145;15431.701076984888;15431.701076984888;15300.163566385261;424;15300.163566385261;3871.2994;512.5094054232577;Evaluated;8.6456;2.2285;64;True;2;duplicate_for_same_parent_sequence
65;2;29;4;diversification;4;4e577196cba4;move;;;60;50;;;;;;;;;;True;False;False;True;;ok;15942.634231198075;15431.701076984888;15431.701076984888;15300.163566385261;425;15300.163566385261;3882.2344;510.93315421318766;Evaluated;8.7062;2.2257;64;True;2;duplicate_for_same_parent_sequence
65;2;29;5;diversification;4;4e577196cba4;move;;;20;5;;;;;;;;;;True;False;False;True;;ok;17917.85093437817;15431.701076984888;15431.701076984888;15300.163566385261;426;15300.163566385261;3889.9159;2486.149857393282;Evaluated;5.2535;2.4252;64;True;1;
65;2;29;6;diversification;4;4e577196cba4;move;;;28;15;;;;;;;;;;True;False;False;True;;ok;17146.833429335013;15431.701076984888;15431.701076984888;15300.163566385261;427;15300.163566385261;3901.0804;1715.132352350125;Evaluated;8.7317;2.4299;64;True;2;duplicate_for_same_parent_sequence
65;2;29;7;diversification;4;4e577196cba4;move;;;25;40;;;;;;;;;;True;False;False;True;;ok;15438.87132648949;15431.701076984888;15431.701076984888;15300.163566385261;428;15300.163566385261;3911.8895;7.170249504602907;Evaluated;8.5774;2.2288;64;True;2;duplicate_for_same_parent_sequence
65;2;29;8;diversification;4;4e577196cba4;move;;;15;20;;;;;;;;;;True;False;False;False;;ok;15428.694870835745;15431.701076984888;15431.701076984888;15300.163566385261;429;15300.163566385261;3926.6285;-3.0062061491425993;EvaluatedImprovementDespiteDiversificationMismatch;12.5036;2.233;64;True;3;duplicate_for_same_parent_sequence
65;2;29;9;diversification;4;4e577196cba4;move;;;25;30;;;;;;;;;;True;False;False;False;;ok;16653.853205190175;15431.701076984888;15431.701076984888;15300.163566385261;430;15300.163566385261;3934.284;1222.1521282052872;Evaluated;5.2261;2.4263;64;True;1;
65;2;29;10;diversification;4;4e577196cba4;move;;;52;41;;;;;;;;;;True;False;False;True;;ok;15829.139619146237;15431.701076984888;15431.701076984888;15300.163566385261;431;15300.163566385261;3941.8321;397.4385421613497;Evaluated;5.3177;2.2296;64;True;1;
65;2;29;;diversification;0;;;;;;;;;;;;;;;;;;;;;End-of-iteration summary row;;;15428.694870835745;15300.163566385261;431;15300.163566385261;3941.8487;;IterationSummary;;;;;;
66;2;30;1;normal;0;91121bb85c97;move;;;10;35;;;;;;;;;;True;False;False;True;;ok;16702.685399951108;15428.694870835745;15428.694870835745;15300.163566385261;432;15300.163566385261;3949.9782;1273.9905291153627;Evaluated;5.6903;2.4342;64;True;1;
66;2;30;2;normal;0;91121bb85c97;swap;18;25;;;;;;;;;;;;True;False;False;False;;ok;17267.611432284615;15428.694870835745;15428.694870835745;15300.163566385261;433;15300.163566385261;3957.633;1838.9165614488702;Evaluated;5.2231;2.429;64;True;1;
66;2;30;3;normal;0;91121bb85c97;reinsert_block;;;;;;;35;41;20;;;;;True;False;False;True;;ok;15944.236147482257;15428.694870835745;15428.694870835745;15300.163566385261;434;15300.163566385261;3965.3635;515.5412766465124;Evaluated;5.493;2.2346;64;True;1;
66;2;30;4;normal;0;91121bb85c97;move;;;52;41;;;;;;;;;;True;False;False;True;;ok;15179.26127869603;15428.694870835745;15428.694870835745;15300.163566385261;435;15300.163566385261;3972.8406;-249.43359213971416;Evaluated;5.2442;2.23;64;True;1;
66;2;30;5;normal;0;91121bb85c97;move;;;35;20;;;;;;;;;;True;False;False;True;;ok;16819.31087077542;15428.694870835745;15428.694870835745;15300.163566385261;436;15300.163566385261;3980.6688;1390.6159999396768;Evaluated;5.3962;2.4288;64;True;1;
66;2;30;;normal;0;;;;;;;;;;;;;;;;;;;;;End-of-iteration summary row;;;15179.26127869603;15179.26127869603;436;15179.26127869603;3980.6901;;IterationSummary;;;;;;
67;2;31;1;normal;0;0fe31ca21f0c;move;;;10;35;;;;;;;;;;True;False;False;True;;ok;16209.54813337145;15179.26127869603;15179.26127869603;15179.26127869603;437;15179.26127869603;3988.8831;1030.2868546754198;Evaluated;5.7561;2.4308;64;True;1;
67;2;31;2;normal;0;0fe31ca21f0c;swap;17;20;;;;;;;;;;;;True;False;False;False;;ok;16680.3932401564;15179.26127869603;15179.26127869603;15179.26127869603;438;15179.26127869603;3996.4621;1501.1319614603708;Evaluated;5.1472;2.429;64;True;1;
67;2;31;3;normal;0;0fe31ca21f0c;reinsert_block;;;;;;;35;40;20;;;;;True;False;False;True;;ok;16617.018608337028;15179.26127869603;15179.26127869603;15179.26127869603;439;15179.26127869603;4004.353;1437.7573296409973;Evaluated;5.463;2.4248;64;True;1;
67;2;31;4;normal;0;0fe31ca21f0c;move;;;50;34;;;;;;;;;;True;False;False;True;;ok;16015.532011029612;15179.26127869603;15179.26127869603;15179.26127869603;440;15179.26127869603;4011.8004;836.2707323335817;Evaluated;5.2175;2.2281;64;True;1;
67;2;31;5;normal;0;0fe31ca21f0c;move;;;40;15;;;;;;;;;;True;False;False;True;;ok;16167.50823995266;15179.26127869603;15179.26127869603;15179.26127869603;441;15179.26127869603;4019.2183;988.2469612566292;Evaluated;4.9853;2.4289;64;True;1;
67;2;31;;normal;1;;;;;;;;;;;;;;;;;;;;;End-of-iteration summary row;;;15179.26127869603;15179.26127869603;441;15179.26127869603;4019.2211;;IterationSummary;;;;;;
68;2;32;1;normal;1;0fe31ca21f0c;move;;;8;25;;;;;;;;;;True;False;False;True;;ok;16918.605138559386;15179.26127869603;15179.26127869603;15179.26127869603;442;15179.26127869603;4030.8247;1739.3438598633547;Evaluated;9.1588;2.4341;64;True;2;duplicate_for_same_parent_sequence
68;2;32;2;normal;1;0fe31ca21f0c;swap;18;25;;;;;;;;;;;;True;False;False;False;;ok;16758.324243634044;15179.26127869603;15179.26127869603;15179.26127869603;443;15179.26127869603;4038.6514;1579.0629649380135;Evaluated;5.3981;2.4251;64;True;1;
68;2;32;3;normal;1;0fe31ca21f0c;move;;;38;15;;;;;;;;;;True;False;False;True;;ok;17407.15908497836;15179.26127869603;15179.26127869603;15179.26127869603;444;15179.26127869603;4050.2284;2227.89780628233;Evaluated;9.1416;2.4326;64;True;2;duplicate_for_same_parent_sequence
68;2;32;4;normal;1;0fe31ca21f0c;move;;;50;48;;;;;;;;;;True;False;False;False;;ok;15188.004654955037;15179.26127869603;15179.26127869603;15179.26127869603;445;15179.26127869603;4057.6317;8.743376259006254;Evaluated;5.1752;2.2244;64;True;1;
68;2;32;5;normal;1;0fe31ca21f0c;move;;;50;38;;;;;;;;;;True;False;False;True;;ok;15403.700084012358;15179.26127869603;15179.26127869603;15179.26127869603;446;15179.26127869603;4064.9957;224.4388053163275;Evaluated;5.1358;2.2276;64;True;1;
68;2;32;;normal;2;;;;;;;;;;;;;;;;;;;;;End-of-iteration summary row;;;15179.26127869603;15179.26127869603;446;15179.26127869603;4064.9988;;IterationSummary;;;;;;
69;2;33;1;normal;2;0fe31ca21f0c;move;;;7;19;;;;;;;;;;True;False;False;True;;ok;16925.692973558325;15179.26127869603;15179.26127869603;15179.26127869603;447;15179.26127869603;4079.3755;1746.4316948622945;Evaluated;11.9361;2.4274;64;True;3;duplicate_for_same_parent_sequence
69;2;33;2;normal;2;0fe31ca21f0c;swap;20;25;;;;;;;;;;;;True;False;False;False;;ok;16251.710649876157;15179.26127869603;15179.26127869603;15179.26127869603;448;15179.26127869603;4087.0251;1072.449371180126;Evaluated;5.2213;2.4277;64;True;1;
69;2;33;3;normal;2;0fe31ca21f0c;move;;;38;10;;;;;;;;;;True;False;False;True;;ok;17162.90156394126;15179.26127869603;15179.26127869603;15179.26127869603;449;15179.26127869603;4098.4103;1983.6402852452302;Evaluated;8.9557;2.4277;64;True;2;duplicate_for_same_parent_sequence
69;2;33;4;normal;2;0fe31ca21f0c;move;;;52;38;;;;;;;;;;True;False;False;True;;ok;15902.357517921577;15179.26127869603;15179.26127869603;15179.26127869603;450;15179.26127869603;4109.2056;723.096239225546;Evaluated;8.5656;2.2267;64;True;2;duplicate_for_same_parent_sequence
69;2;33;5;normal;2;0fe31ca21f0c;move;;;43;10;;;;;;;;;;True;False;False;True;;ok;17039.851698087958;15179.26127869603;15179.26127869603;15179.26127869603;451;15179.26127869603;4116.7903;1860.5904193919268;Evaluated;5.1482;2.4335;64;True;1;
69;2;33;;normal;3;;;;;;;;;;;;;;;;;;;;;End-of-iteration summary row;;;15179.26127869603;15179.26127869603;451;15179.26127869603;4116.7933;;IterationSummary;;;;;;
70;2;34;1;diversification;3;0fe31ca21f0c;move;;;5;20;;;;;;;;;;True;False;False;True;;ok;16891.51645056172;15179.26127869603;15179.26127869603;15179.26127869603;452;15179.26127869603;4128.1596;1712.2551718656905;Evaluated;8.9241;2.4267;64;True;2;duplicate_for_same_parent_sequence
70;2;34;2;diversification;3;0fe31ca21f0c;reinsert_block;;;;;;;18;24;5;;;;;True;False;False;True;;ok;16678.91514396888;15179.26127869603;15179.26127869603;15179.26127869603;453;15179.26127869603;4136.1012;1499.6538652728486;Evaluated;5.5088;2.4289;64;True;1;
70;2;34;3;diversification;3;0fe31ca21f0c;swap;35;42;;;;;;;;;;;;True;False;False;False;;ok;17018.287360149312;15179.26127869603;15179.26127869603;15179.26127869603;454;15179.26127869603;4143.8119;1839.0260814532812;Evaluated;5.2791;2.4288;64;True;1;
70;2;34;4;diversification;3;0fe31ca21f0c;move;;;48;10;;;;;;;;;;True;False;False;True;;ok;15888.613744401424;15179.26127869603;15179.26127869603;15179.26127869603;455;15179.26127869603;4154.739;709.3524657053931;Evaluated;8.6909;2.2329;64;True;2;duplicate_for_same_parent_sequence
70;2;34;5;diversification;3;0fe31ca21f0c;move;;;15;20;;;;;;;;;;True;False;False;False;;ok;16207.125856431836;15179.26127869603;15179.26127869603;15179.26127869603;456;15179.26127869603;4162.2417;1027.8645777358051;Evaluated;5.0742;2.4259;64;True;1;
70;2;34;6;diversification;3;0fe31ca21f0c;move;;;40;25;;;;;;;;;;True;False;False;True;;ok;15375.356629523896;15179.26127869603;15179.26127869603;15179.26127869603;457;15179.26127869603;4169.5776;196.09535082786533;Evaluated;5.1061;2.227;64;True;1;
70;2;34;7;diversification;3;0fe31ca21f0c;move;;;18;5;;;;;;;;;;True;False;False;True;;ok;16923.589421504686;15179.26127869603;15179.26127869603;15179.26127869603;458;15179.26127869603;4177.1218;1744.3281428086557;Evaluated;5.1155;2.4255;64;True;1;
70;2;34;8;diversification;3;0fe31ca21f0c;swap;10;15;;;;;;;;;;;;True;False;False;False;;ok;17050.07087029155;15179.26127869603;15179.26127869603;15179.26127869603;459;15179.26127869603;4188.1708;1870.80959159552;Evaluated;8.616;2.4297;64;True;2;duplicate_for_same_parent_sequence
70;2;34;9;diversification;3;0fe31ca21f0c;move;;;28;15;;;;;;;;;;True;False;False;True;;ok;16652.641970414414;15179.26127869603;15179.26127869603;15179.26127869603;460;15179.26127869603;4196.0293;1473.3806917183829;Evaluated;5.4271;2.4284;64;True;1;
70;2;34;10;diversification;3;0fe31ca21f0c;move;;;19;3;;;;;;;;;;True;False;False;True;;ok;16845.337759979106;15179.26127869603;15179.26127869603;15179.26127869603;461;15179.26127869603;4207.3632;1666.0764812830748;Evaluated;8.905;2.4281;64;True;2;duplicate_for_same_parent_sequence
70;2;34;;diversification;4;;;;;;;;;;;;;;;;;;;;;End-of-iteration summary row;;;15179.26127869603;15179.26127869603;461;15179.26127869603;4207.3669;;IterationSummary;;;;;;
71;2;35;1;diversification;4;0fe31ca21f0c;move;;;10;5;;;;;;;;;;True;False;False;False;;ok;17538.66351490317;15179.26127869603;15179.26127869603;15179.26127869603;462;15179.26127869603;4215.372;2359.402236207141;Evaluated;5.5676;2.4277;64;True;1;
71;2;35;2;diversification;4;0fe31ca21f0c;move;;;30;17;;;;;;;;;;True;False;False;True;;ok;17648.667936584156;15179.26127869603;15179.26127869603;15179.26127869603;463;15179.26127869603;4226.7384;2469.4066578881248;Evaluated;8.9368;2.4266;64;True;2;duplicate_for_same_parent_sequence
71;2;35;3;diversification;4;0fe31ca21f0c;swap;38;45;;;;;;;;;;;;True;False;False;False;;ok;15428.84072294499;15179.26127869603;15179.26127869603;15179.26127869603;464;15179.26127869603;4238.1194;249.57944424895868;Evaluated;9.1547;2.2233;64;True;2;duplicate_for_same_parent_sequence
71;2;35;4;diversification;4;0fe31ca21f0c;move;;;50;35;;;;;;;;;;True;False;False;True;;ok;15862.324385367308;15179.26127869603;15179.26127869603;15179.26127869603;465;15179.26127869603;4249.1089;683.0631066712776;Evaluated;8.7539;2.2321;64;True;2;duplicate_for_same_parent_sequence
71;2;35;5;diversification;4;0fe31ca21f0c;swap;20;45;;;;;;;;;;;;True;False;False;True;;ok;16383.201831789149;15179.26127869603;15179.26127869603;15179.26127869603;466;15179.26127869603;4256.7912;1203.940553093118;Evaluated;5.244;2.4349;64;True;1;
71;2;35;6;diversification;4;0fe31ca21f0c;move;;;45;32;;;;;;;;;;True;False;False;True;;ok;15858.733658175612;15179.26127869603;15179.26127869603;15179.26127869603;467;15179.26127869603;4264.3303;679.4723794795809;Evaluated;5.3102;2.2262;64;True;1;
71;2;35;7;diversification;4;0fe31ca21f0c;move;;;28;5;;;;;;;;;;True;False;False;True;;ok;17101.611841642;15179.26127869603;15179.26127869603;15179.26127869603;468;15179.26127869603;4279.0447;1922.3505629459687;Evaluated;12.2793;2.432;64;True;3;duplicate_for_same_parent_sequence
71;2;35;8;diversification;4;0fe31ca21f0c;move;;;20;5;;;;;;;;;;True;False;False;True;;ok;16012.70313411263;15179.26127869603;15179.26127869603;15179.26127869603;469;15179.26127869603;4286.5225;833.4418554165986;Evaluated;5.245;2.2289;64;True;1;
71;2;35;9;diversification;4;0fe31ca21f0c;move;;;30;25;;;;;;;;;;True;False;False;False;;ok;17538.469694466414;15179.26127869603;15179.26127869603;15179.26127869603;470;15179.26127869603;4294.4092;2359.208415770383;Evaluated;5.4538;2.43;64;True;1;
71;2;35;10;diversification;4;0fe31ca21f0c;move;;;50;30;;;;;;;;;;True;False;False;True;;ok;16297.611688737961;15179.26127869603;15179.26127869603;15179.26127869603;471;15179.26127869603;4302.1922;1118.3504100419304;Evaluated;5.3472;2.4311;64;True;1;
71;2;35;;diversification;5;;;;;;;;;;;;;;;;;;;;;End-of-iteration summary row;;;15179.26127869603;15179.26127869603;471;15179.26127869603;4302.193;;IterationSummary;;;;;;
72;2;36;1;diversification;5;0fe31ca21f0c;move;;;30;2;;;;;;;;;;True;False;False;True;;ok;16161.872453889897;15179.26127869603;15179.26127869603;15179.26127869603;472;15179.26127869603;4313.697;982.6111751938661;Evaluated;9.0717;2.4256;64;True;2;duplicate_for_same_parent_sequence
72;2;36;2;diversification;5;0fe31ca21f0c;reinsert_block;;;;;;;25;30;4;;;;;True;False;False;True;;ok;17835.734157361578;15179.26127869603;15179.26127869603;15179.26127869603;473;15179.26127869603;4328.6142;2656.472878665547;Evaluated;12.4808;2.4337;64;True;3;duplicate_for_same_parent_sequence
72;2;36;3;diversification;5;0fe31ca21f0c;swap;38;47;;;;;;;;;;;;True;False;False;False;;ok;15519.894747726281;15179.26127869603;15179.26127869603;15179.26127869603;474;15179.26127869603;4339.8218;340.6334690302501;Evaluated;8.974;2.2307;64;True;2;duplicate_for_same_parent_sequence
72;2;36;4;diversification;5;0fe31ca21f0c;move;;;57;35;;;;;;;;;;True;False;False;True;;ok;16756.07697534691;15179.26127869603;15179.26127869603;15179.26127869603;475;15179.26127869603;4350.9378;1576.8156966508795;Evaluated;8.6834;2.4294;64;True;2;duplicate_for_same_parent_sequence
72;2;36;5;diversification;5;0fe31ca21f0c;move;;;18;35;;;;;;;;;;True;False;False;True;;ok;16224.490320759216;15179.26127869603;15179.26127869603;15179.26127869603;476;15179.26127869603;4362.5585;1045.2290420631853;Evaluated;9.1912;2.4268;64;True;2;duplicate_for_same_parent_sequence
72;2;36;6;diversification;5;0fe31ca21f0c;move;;;57;42;;;;;;;;;;True;False;False;True;;ok;16474.580171140868;15179.26127869603;15179.26127869603;15179.26127869603;477;15179.26127869603;4370.3117;1295.3188924448368;Evaluated;5.3168;2.4336;64;True;1;
72;2;36;7;diversification;5;0fe31ca21f0c;move;;;20;40;;;;;;;;;;True;False;False;True;;ok;15365.76562708096;15179.26127869603;15179.26127869603;15179.26127869603;478;15179.26127869603;4384.8537;186.50434838492947;Evaluated;12.3049;2.2333;64;True;3;duplicate_for_same_parent_sequence
72;2;36;8;diversification;5;0fe31ca21f0c;move;;;20;8;;;;;;;;;;True;False;False;True;;ok;16005.01892523244;15179.26127869603;15179.26127869603;15179.26127869603;479;15179.26127869603;4392.3029;825.7576465364091;Evaluated;5.2222;2.2244;64;True;1;
72;2;36;9;diversification;5;0fe31ca21f0c;move;;;25;10;;;;;;;;;;True;False;False;True;;ok;17048.644390795533;15179.26127869603;15179.26127869603;15179.26127869603;480;15179.26127869603;4399.9867;1869.383112099502;Evaluated;5.25;2.4312;64;True;1;
72;2;36;10;diversification;5;0fe31ca21f0c;move;;;45;20;;;;;;;;;;True;False;False;True;;ok;16287.013744568712;15179.26127869603;15179.26127869603;15179.26127869603;481;15179.26127869603;4411.3435;1107.7524658726816;Evaluated;8.9284;2.4255;64;True;2;duplicate_for_same_parent_sequence
72;2;36;;diversification;6;;;;;;;;;;;;;;;;;;;;;End-of-iteration summary row;;;15179.26127869603;15179.26127869603;481;15179.26127869603;4411.3469;;IterationSummary;;;;;;
73;2;37;1;diversification;6;0fe31ca21f0c;move;;;30;10;;;;;;;;;;True;False;False;True;;ok;16532.178877188475;15179.26127869603;15179.26127869603;15179.26127869603;482;15179.26127869603;4426.4512;1352.917598492444;Evaluated;12.657;2.4309;64;True;3;duplicate_for_same_parent_sequence
73;2;37;2;diversification;6;0fe31ca21f0c;reinsert_block;;;;;;;20;24;5;;;;;True;False;False;True;;ok;17394.664664347358;15179.26127869603;15179.26127869603;15179.26127869603;483;15179.26127869603;4434.2049;2215.403385651327;Evaluated;5.3223;2.4296;64;True;1;
73;2;37;3;diversification;6;0fe31ca21f0c;move;;;35;20;;;;;;;;;;True;False;False;True;;ok;16326.173604195761;15179.26127869603;15179.26127869603;15179.26127869603;484;15179.26127869603;4448.8826;1146.9123254997303;Evaluated;12.2458;2.4291;64;True;3;duplicate_for_same_parent_sequence
73;2;37;4;diversification;6;0fe31ca21f0c;move;;;56;20;;;;;;;;;;True;False;False;True;;ok;16766.742424067448;15179.26127869603;15179.26127869603;15179.26127869603;485;15179.26127869603;4460.0314;1587.4811453714174;Evaluated;8.7148;2.4331;64;True;2;duplicate_for_same_parent_sequence
73;2;37;5;diversification;6;0fe31ca21f0c;move;;;25;5;;;;;;;;;;True;False;False;True;;ok;17540.68198789158;15179.26127869603;15179.26127869603;15179.26127869603;486;15179.26127869603;4471.4601;2361.4207091955504;Evaluated;8.9993;2.4285;64;True;2;duplicate_for_same_parent_sequence
73;2;37;6;diversification;6;0fe31ca21f0c;swap;50;40;;;;;;;;;;;;True;False;False;False;;ok;15858.748705767019;15179.26127869603;15179.26127869603;15179.26127869603;487;15179.26127869603;4486.0718;679.4874270709879;Evaluated;12.3803;2.2292;64;True;3;duplicate_for_same_parent_sequence
73;2;37;7;diversification;6;0fe31ca21f0c;move;;;50;18;;;;;;;;;;True;False;False;True;;ok;16578.476131660234;15179.26127869603;15179.26127869603;15179.26127869603;488;15179.26127869603;4493.6564;1399.2148529642036;Evaluated;5.1514;2.4302;64;True;1;
73;2;37;8;diversification;6;0fe31ca21f0c;move;;;30;8;;;;;;;;;;True;False;False;True;;ok;17516.983966728163;15179.26127869603;15179.26127869603;15179.26127869603;489;15179.26127869603;4504.6272;2337.7226880321323;Evaluated;8.5398;2.4278;64;True;2;duplicate_for_same_parent_sequence
73;2;37;9;diversification;6;0fe31ca21f0c;move;;;25;15;;;;;;;;;;True;False;False;True;;ok;17048.644390795533;15179.26127869603;15179.26127869603;15179.26127869603;490;15179.26127869603;4519.1959;1869.383112099502;Evaluated;12.131;2.4346;64;True;3;duplicate_for_same_parent_sequence
73;2;37;10;diversification;6;0fe31ca21f0c;swap;48;52;;;;;;;;;;;;True;False;False;False;;ok;15790.971377697593;15179.26127869603;15179.26127869603;15179.26127869603;491;15179.26127869603;4530.064;611.7100990015624;Evaluated;8.6371;2.2278;64;True;2;duplicate_for_same_parent_sequence
73;2;37;;diversification;7;;;;;;;;;;;;;;;;;;;;;End-of-iteration summary row;;;15179.26127869603;15179.26127869603;491;15179.26127869603;4530.0673;;IterationSummary;;;;;;
74;2;38;1;diversification;7;0fe31ca21f0c;move;;;10;25;;;;;;;;;;True;False;False;True;;ok;16886.194977901272;15179.26127869603;15179.26127869603;15179.26127869603;492;15179.26127869603;4538.281;1706.9336992052413;Evaluated;5.777;2.426;64;True;1;
74;2;38;2;diversification;7;0fe31ca21f0c;reinsert_block;;;;;;;25;29;5;;;;;True;False;False;True;;ok;18028.60337105584;15179.26127869603;15179.26127869603;15179.26127869603;493;15179.26127869603;4553.3261;2849.3420923598096;Evaluated;12.6078;2.4341;64;True;3;duplicate_for_same_parent_sequence
74;2;38;3;diversification;7;0fe31ca21f0c;swap;38;46;;;;;;;;;;;;True;False;False;False;;ok;15179.26127869603;15179.26127869603;15179.26127869603;15179.26127869603;494;15179.26127869603;4564.2548;0.0;Evaluated;8.6971;2.2287;64;True;2;duplicate_for_same_parent_sequence
74;2;38;4;diversification;7;0fe31ca21f0c;move;;;58;10;;;;;;;;;;True;False;False;True;;ok;17048.644390795533;15179.26127869603;15179.26127869603;15179.26127869603;495;15179.26127869603;4571.8734;1869.383112099502;Evaluated;5.1907;2.4269;64;True;1;
74;2;38;5;diversification;7;0fe31ca21f0c;move;;;35;10;;;;;;;;;;True;False;False;True;;ok;17070.909183757816;15179.26127869603;15179.26127869603;15179.26127869603;496;15179.26127869603;4583.0562;1891.6479050617854;Evaluated;8.7504;2.4298;64;True;2;duplicate_for_same_parent_sequence
74;2;38;6;diversification;7;0fe31ca21f0c;move;;;50;25;;;;;;;;;;True;False;False;True;;ok;16382.403074256588;15179.26127869603;15179.26127869603;15179.26127869603;497;15179.26127869603;4590.6428;1203.1417955605575;Evaluated;5.1548;2.4312;64;True;1;
74;2;38;7;diversification;7;0fe31ca21f0c;move;;;35;10;;;;;;;;;;False;True;False;;;ok;;15179.26127869603;15179.26127869603;15179.26127869603;497;15179.26127869603;4602.584;;DuplicateForSameParentSequenceAfterRetries;11.9383;;;;3;duplicate_for_same_parent_sequence
74;2;38;8;diversification;7;0fe31ca21f0c;move;;;8;20;;;;;;;;;;True;False;False;True;;ok;16918.5455234837;15179.26127869603;15179.26127869603;15179.26127869603;498;15179.26127869603;4610.1962;1739.2842447876683;Evaluated;5.1786;2.4325;64;True;1;
74;2;38;9;diversification;7;0fe31ca21f0c;move;;;25;5;;;;;;;;;;False;True;False;;;ok;;15179.26127869603;15179.26127869603;15179.26127869603;498;15179.26127869603;4622.3337;;DuplicateForSameParentSequenceAfterRetries;12.1347;;;;3;duplicate_for_same_parent_sequence
74;2;38;10;diversification;7;0fe31ca21f0c;move;;;45;30;;;;;;;;;;True;False;False;True;;ok;16017.475407442096;15179.26127869603;15179.26127869603;15179.26127869603;499;15179.26127869603;4633.2297;838.2141287460654;Evaluated;8.6692;2.2257;64;True;2;duplicate_for_same_parent_sequence
74;2;38;;diversification;8;;;;;;;;;;;;;;;;;;;;;End-of-iteration summary row;;;15179.26127869603;15179.26127869603;499;15179.26127869603;4633.2329;;IterationSummary;;;;;;
75;2;39;1;diversification;8;0fe31ca21f0c;move;;;50;16;;;;;;;;;;True;False;False;True;;ok;16772.222305183175;15179.26127869603;15179.26127869603;15179.26127869603;500;15179.26127869603;4641.4571;1592.9610264871444;Evaluated;5.7836;2.432;64;True;1;
75;2;39;2;diversification;8;0fe31ca21f0c;reinsert_block;;;;;;;20;23;10;;;;;True;False;False;True;;ok;17999.329823768392;15179.26127869603;15179.26127869603;15179.26127869603;501;15179.26127869603;4649.5159;2820.0685450723613;Evaluated;5.629;2.4268;64;True;1;
75;2;39;3;diversification;8;0fe31ca21f0c;swap;32;47;;;;;;;;;;;;True;False;False;True;;ok;16941.73232167407;15179.26127869603;15179.26127869603;15179.26127869603;502;15179.26127869603;4663.9991;1762.471042978039;Evaluated;12.0455;2.4349;64;True;3;duplicate_for_same_parent_sequence
75;2;39;4;diversification;8;0fe31ca21f0c;move;;;20;30;;;;;;;;;;True;False;False;True;;ok;15329.298342134749;15179.26127869603;15179.26127869603;15179.26127869603;503;15179.26127869603;4675.1754;150.03706343871818;Evaluated;8.9426;2.2306;64;True;2;duplicate_for_same_parent_sequence
75;2;39;5;diversification;8;0fe31ca21f0c;move;;;15;25;;;;;;;;;;True;False;False;True;;ok;16867.248493475498;15179.26127869603;15179.26127869603;15179.26127869603;504;15179.26127869603;4686.3024;1687.9872147794667;Evaluated;8.696;2.4278;64;True;2;duplicate_for_same_parent_sequence
75;2;39;6;diversification;8;0fe31ca21f0c;move;;;50;40;;;;;;;;;;True;False;False;True;;ok;15399.494491690059;15179.26127869603;15179.26127869603;15179.26127869603;505;15179.26127869603;4693.817;220.23321299402778;Evaluated;5.2891;2.2248;64;True;1;
75;2;39;7;diversification;8;0fe31ca21f0c;move;;;18;30;;;;;;;;;;True;False;False;True;;ok;16221.04578701818;15179.26127869603;15179.26127869603;15179.26127869603;506;15179.26127869603;4704.8008;1041.7845083221491;Evaluated;8.5474;2.4337;64;True;2;duplicate_for_same_parent_sequence
75;2;39;8;diversification;8;0fe31ca21f0c;move;;;30;40;;;;;;;;;;True;False;False;True;;ok;16128.438422545332;15179.26127869603;15179.26127869603;15179.26127869603;507;15179.26127869603;4715.8873;949.1771438493015;Evaluated;8.6517;2.431;64;True;2;duplicate_for_same_parent_sequence
75;2;39;9;diversification;8;0fe31ca21f0c;move;;;30;15;;;;;;;;;;True;False;False;True;;ok;17867.653134054483;15179.26127869603;15179.26127869603;15179.26127869603;508;15179.26127869603;4726.997;2688.3918553584517;Evaluated;8.6771;2.4299;64;True;2;duplicate_for_same_parent_sequence
75;2;39;10;diversification;8;0fe31ca21f0c;swap;40;52;;;;;;;;;;;;True;False;False;True;;ok;15895.393350536577;15179.26127869603;15179.26127869603;15179.26127869603;509;15179.26127869603;4734.5822;716.1320718405459;Evaluated;5.3561;2.2262;64;True;1;
75;2;39;;diversification;9;;;;;;;;;;;;;;;;;;;;;End-of-iteration summary row;;;15179.26127869603;15179.26127869603;509;15179.26127869603;4734.5847;;IterationSummary;;;;;;
76;2;40;1;diversification;9;0fe31ca21f0c;move;;;8;35;;;;;;;;;;True;False;False;True;;ok;15554.265501149832;15179.26127869603;15179.26127869603;15179.26127869603;510;15179.26127869603;4745.8402;375.00422245380105;Evaluated;9.0191;2.2235;64;True;2;duplicate_for_same_parent_sequence
76;2;40;2;diversification;9;0fe31ca21f0c;reinsert_block;;;;;;;25;30;16;;;;;True;False;False;True;;ok;16472.368604420728;15179.26127869603;15179.26127869603;15179.26127869603;511;15179.26127869603;4753.889;1293.1073257246971;Evaluated;5.6149;2.4309;64;True;1;
76;2;40;3;diversification;9;0fe31ca21f0c;move;;;18;50;;;;;;;;;;True;False;False;True;;ok;16069.247276087546;15179.26127869603;15179.26127869603;15179.26127869603;512;15179.26127869603;4768.8088;889.9859973915154;Evaluated;12.6825;2.2344;64;True;3;duplicate_for_same_parent_sequence
76;2;40;4;diversification;9;0fe31ca21f0c;move;;;52;35;;;;;;;;;;True;False;False;True;;ok;16356.162702306156;15179.26127869603;15179.26127869603;15179.26127869603;513;15179.26127869603;4780.2075;1176.9014236101248;Evaluated;8.9663;2.4298;64;True;2;duplicate_for_same_parent_sequence
76;2;40;5;diversification;9;0fe31ca21f0c;swap;15;25;;;;;;;;;;;;True;False;False;False;;ok;16237.054402656144;15179.26127869603;15179.26127869603;15179.26127869603;514;15179.26127869603;4791.3763;1057.793123960113;Evaluated;8.74;2.4281;64;True;2;duplicate_for_same_parent_sequence
76;2;40;6;diversification;9;0fe31ca21f0c;move;;;35;50;;;;;;;;;;True;False;False;True;;ok;15320.590056162315;15179.26127869603;15179.26127869603;15179.26127869603;515;15179.26127869603;4802.3674;141.328777466284;Evaluated;8.7598;2.2285;64;True;2;duplicate_for_same_parent_sequence
76;2;40;7;diversification;9;0fe31ca21f0c;swap;35;46;;;;;;;;;;;;True;False;False;False;;ok;16248.830106644848;15179.26127869603;15179.26127869603;15179.26127869603;516;15179.26127869603;4813.7144;1069.5688279488168;Evaluated;8.9089;2.4349;64;True;2;duplicate_for_same_parent_sequence
76;2;40;8;diversification;9;0fe31ca21f0c;move;;;8;30;;;;;;;;;;True;False;False;True;;ok;15562.383145759917;15179.26127869603;15179.26127869603;15179.26127869603;517;15179.26127869603;4824.7512;383.1218670638864;Evaluated;8.804;2.2299;64;True;2;duplicate_for_same_parent_sequence
76;2;40;9;diversification;9;0fe31ca21f0c;move;;;25;30;;;;;;;;;;True;False;False;False;;ok;16703.457434635413;15179.26127869603;15179.26127869603;15179.26127869603;518;15179.26127869603;4832.3932;1524.1961559393822;Evaluated;5.215;2.4242;64;True;1;
76;2;40;10;diversification;9;0fe31ca21f0c;swap;42;50;;;;;;;;;;;;True;False;False;False;;ok;15204.261059502804;15179.26127869603;15179.26127869603;15179.26127869603;519;15179.26127869603;4843.4413;24.999780806772833;Evaluated;8.8196;2.2278;64;True;2;duplicate_for_same_parent_sequence
76;3;0;;diversification;0;;;;;;;;;;;;;;;;;;;;;End-of-iteration summary row;;;16630.57522948563;15179.26127869603;520;15179.26127869603;4845.894;;IterationSummary;;;;;;
77;3;1;1;normal;0;0f63cf6f404e;move;;;5;10;;;;;;;;;;True;False;False;False;;ok;17535.06888898726;16630.57522948563;16630.57522948563;15179.26127869603;521;15179.26127869603;4853.6586;904.4936595016334;Evaluated;5.3259;2.4322;64;True;1;
77;3;1;2;normal;0;0f63cf6f404e;swap;17;20;;;;;;;;;;;;True;False;False;False;;ok;17336.45179899488;16630.57522948563;16630.57522948563;15179.26127869603;522;15179.26127869603;4861.0357;705.8765695092516;Evaluated;4.9448;2.428;64;True;1;
77;3;1;3;normal;0;0f63cf6f404e;reinsert_block;;;;;;;32;38;40;;;;;True;False;False;False;;ok;17011.460396752962;16630.57522948563;16630.57522948563;15179.26127869603;523;15179.26127869603;4868.6916;380.8851672673336;Evaluated;5.2273;2.4259;64;True;1;
77;3;1;4;normal;0;0f63cf6f404e;move;;;50;35;;;;;;;;;;True;False;False;True;;ok;16146.364249091504;16630.57522948563;16630.57522948563;15179.26127869603;524;15179.26127869603;4876.2259;-484.2109803941239;Evaluated;5.106;2.4251;64;True;1;
77;3;1;5;normal;0;0f63cf6f404e;move;;;18;50;;;;;;;;;;True;False;False;True;;ok;16702.100305809407;16630.57522948563;16630.57522948563;15179.26127869603;525;15179.26127869603;4883.5383;71.5250763237782;Evaluated;4.8841;2.4277;64;True;1;
77;3;1;;normal;0;;;;;;;;;;;;;;;;;;;;;End-of-iteration summary row;;;16146.364249091504;15179.26127869603;525;15179.26127869603;4883.5439;;IterationSummary;;;;;;
78;3;2;1;normal;0;b114d3d94a44;move;;;5;10;;;;;;;;;;True;False;False;False;;ok;17047.705786793274;16146.364249091504;16146.364249091504;15179.26127869603;526;15179.26127869603;4891.3733;901.34153770177;Evaluated;5.3919;2.4301;64;True;1;
78;3;2;2;normal;0;b114d3d94a44;swap;20;25;;;;;;;;;;;;True;False;False;False;;ok;16639.342038770803;16146.364249091504;16146.364249091504;15179.26127869603;527;15179.26127869603;4899.1333;492.97778967929844;Evaluated;5.3321;2.4253;64;True;1;
78;3;2;3;normal;0;b114d3d94a44;reinsert_block;;;;;;;35;40;28;;;;;True;False;False;False;;ok;16441.730393049114;16146.364249091504;16146.364249091504;15179.26127869603;528;15179.26127869603;4907.0059;295.3661439576099;Evaluated;5.4399;2.4313;64;True;1;
78;3;2;4;normal;0;b114d3d94a44;move;;;45;50;;;;;;;;;;True;False;False;False;;ok;15777.602245493781;16146.364249091504;16146.364249091504;15179.26127869603;529;15179.26127869603;4914.6852;-368.7620035977234;Evaluated;5.4469;2.2295;64;True;1;
78;3;2;5;normal;0;b114d3d94a44;move;;;50;35;;;;;;;;;;True;False;False;True;;ok;16528.946554634742;16146.364249091504;16146.364249091504;15179.26127869603;530;15179.26127869603;4922.2875;382.58230554323745;Evaluated;5.1665;2.4343;64;True;1;
78;3;2;;normal;0;;;;;;;;;;;;;;;;;;;;;End-of-iteration summary row;;;15777.602245493781;15179.26127869603;530;15179.26127869603;4922.295;;IterationSummary;;;;;;
79;3;3;1;normal;0;ea1c655268b1;move;;;10;5;;;;;;;;;;True;False;False;False;;ok;16067.731608123282;15777.602245493781;15777.602245493781;15179.26127869603;531;15179.26127869603;4929.9674;290.129362629501;Evaluated;5.4324;2.2325;64;True;1;
79;3;3;2;normal;0;ea1c655268b1;swap;20;25;;;;;;;;;;;;True;False;False;False;;ok;16270.580035359331;15777.602245493781;15777.602245493781;15179.26127869603;532;15179.26127869603;4937.8678;492.9777898655502;Evaluated;5.4696;2.4282;64;True;1;
79;3;3;3;normal;0;ea1c655268b1;reinsert_block;;;;;;;35;40;28;;;;;True;False;False;False;;ok;15658.377765874813;15777.602245493781;15777.602245493781;15179.26127869603;533;15179.26127869603;4945.9044;-119.22447961896796;Evaluated;5.8007;2.2329;64;True;1;
79;3;3;4;normal;0;ea1c655268b1;move;;;50;35;;;;;;;;;;True;False;False;True;;ok;16406.77095872541;15777.602245493781;15777.602245493781;15179.26127869603;534;15179.26127869603;4953.4689;629.1687132316292;Evaluated;5.1315;2.429;64;True;1;
79;3;3;5;normal;0;ea1c655268b1;swap;10;20;;;;;;;;;;;;True;False;False;False;;ok;16980.18698617053;15777.602245493781;15777.602245493781;15179.26127869603;535;15179.26127869603;4964.4773;1202.5847406767498;Evaluated;8.5771;2.4279;64;True;2;duplicate_for_same_parent_sequence
79;3;3;;normal;0;;;;;;;;;;;;;;;;;;;;;End-of-iteration summary row;;;15658.377765874813;15179.26127869603;535;15179.26127869603;4964.4897;;IterationSummary;;;;;;
80;3;4;1;normal;0;2faebe54d4a8;move;;;10;5;;;;;;;;;;True;False;False;False;;ok;15580.932942983447;15658.377765874813;15658.377765874813;15179.26127869603;536;15179.26127869603;4972.1513;-77.44482289136613;Evaluated;5.4248;2.2298;64;True;1;
80;3;4;2;normal;0;2faebe54d4a8;swap;20;25;;;;;;;;;;;;True;False;False;False;;ok;16205.410927195944;15658.377765874813;15658.377765874813;15179.26127869603;537;15179.26127869603;4979.9014;547.033161321131;Evaluated;5.321;2.4264;64;True;1;
80;3;4;3;normal;0;2faebe54d4a8;reinsert_block;;;;;;;35;40;28;;;;;True;False;False;False;;ok;16536.01126848133;15658.377765874813;15658.377765874813;15179.26127869603;538;15179.26127869603;4987.7718;877.6335026065153;Evaluated;5.4416;2.4249;64;True;1;
80;3;4;4;normal;0;2faebe54d4a8;move;;;50;38;;;;;;;;;;True;False;False;True;;ok;16732.656215255753;15658.377765874813;15658.377765874813;15179.26127869603;539;15179.26127869603;4995.6497;1074.2784493809395;Evaluated;5.449;2.4255;64;True;1;
80;3;4;5;normal;0;2faebe54d4a8;move;;;50;35;;;;;;;;;;True;False;False;True;;ok;16714.69151643578;15658.377765874813;15658.377765874813;15179.26127869603;540;15179.26127869603;5003.2402;1056.3137505609684;Evaluated;5.1577;2.4301;64;True;1;
80;3;4;;normal;0;;;;;;;;;;;;;;;;;;;;;End-of-iteration summary row;;;15580.932942983447;15179.26127869603;540;15179.26127869603;5003.2515;;IterationSummary;;;;;;
81;3;5;1;normal;0;20a0ba4647c1;move;;;10;5;;;;;;;;;;True;False;False;False;;ok;17110.668670514664;15580.932942983447;15580.932942983447;15179.26127869603;541;15179.26127869603;5011.2408;1529.735727531217;Evaluated;5.5523;2.4302;64;True;1;
81;3;5;2;normal;0;20a0ba4647c1;swap;20;25;;;;;;;;;;;;True;False;False;False;;ok;16652.789347278336;15580.932942983447;15580.932942983447;15179.26127869603;542;15179.26127869603;5018.8676;1071.8564042948892;Evaluated;5.1942;2.4298;64;True;1;
81;3;5;3;normal;0;20a0ba4647c1;reinsert_block;;;;;;;35;40;28;;;;;True;False;False;False;;ok;16448.247113184494;15580.932942983447;15580.932942983447;15179.26127869603;543;15179.26127869603;5026.7756;867.3141702010471;Evaluated;5.4823;2.4251;64;True;1;
81;3;5;4;normal;0;20a0ba4647c1;move;;;52;49;;;;;;;;;;True;False;False;False;;ok;15305.312808670706;15580.932942983447;15580.932942983447;15179.26127869603;544;15179.26127869603;5034.215;-275.62013431274136;Evaluated;5.2077;2.2278;64;True;1;
81;3;5;5;normal;0;20a0ba4647c1;move;;;50;28;;;;;;;;;;True;False;False;True;;ok;16387.682123642644;15580.932942983447;15580.932942983447;15179.26127869603;545;15179.26127869603;5041.8251;806.749180659197;Evaluated;5.1716;2.4357;64;True;1;
81;3;5;;normal;0;;;;;;;;;;;;;;;;;;;;;End-of-iteration summary row;;;15305.312808670706;15179.26127869603;545;15179.26127869603;5041.8406;;IterationSummary;;;;;;
82;3;6;1;normal;0;647d149eda7f;move;;;5;10;;;;;;;;;;True;False;False;False;;ok;15379.329752880101;15305.312808670706;15305.312808670706;15179.26127869603;546;15179.26127869603;5049.5068;74.01694420939566;Evaluated;5.4249;2.2335;64;True;1;
82;3;6;2;normal;0;647d149eda7f;swap;20;31;;;;;;;;;;;;True;False;False;False;;ok;16903.28557346406;15305.312808670706;15305.312808670706;15179.26127869603;547;15179.26127869603;5057.187;1597.972764793356;Evaluated;5.2492;2.428;64;True;1;
82;3;6;3;normal;0;647d149eda7f;reinsert_block;;;;;;;35;40;28;;;;;True;False;False;False;;ok;16186.252794790218;15305.312808670706;15305.312808670706;15179.26127869603;548;15179.26127869603;5065.1508;880.9399861195125;Evaluated;5.5292;2.4312;64;True;1;
82;3;6;4;normal;0;647d149eda7f;move;;;50;38;;;;;;;;;;True;False;False;True;;ok;16084.487844214054;15305.312808670706;15305.312808670706;15179.26127869603;549;15179.26127869603;5073.0225;779.1750355433487;Evaluated;5.4427;2.425;64;True;1;
82;3;6;5;normal;0;647d149eda7f;move;;;52;40;;;;;;;;;;True;False;False;True;;ok;16201.86843299202;15305.312808670706;15305.312808670706;15179.26127869603;550;15179.26127869603;5080.6237;896.5556243213141;Evaluated;5.167;2.4334;64;True;1;
82;3;6;;normal;1;;;;;;;;;;;;;;;;;;;;;End-of-iteration summary row;;;15305.312808670706;15179.26127869603;550;15179.26127869603;5080.6267;;IterationSummary;;;;;;
83;3;7;1;normal;1;647d149eda7f;move;;;10;5;;;;;;;;;;True;False;False;False;;ok;16830.20546396599;15305.312808670706;15305.312808670706;15179.26127869603;551;15179.26127869603;5088.4307;1524.8926552952853;Evaluated;5.3699;2.4239;64;True;1;
83;3;7;2;normal;1;647d149eda7f;swap;20;25;;;;;;;;;;;;True;False;False;False;;ok;16377.461680051721;15305.312808670706;15305.312808670706;15179.26127869603;552;15179.26127869603;5096.0164;1072.1488713810159;Evaluated;5.1609;2.4241;64;True;1;
83;3;7;3;normal;1;647d149eda7f;move;;;36;29;;;;;;;;;;True;False;False;False;;ok;15435.218360560564;15305.312808670706;15305.312808670706;15179.26127869603;553;15179.26127869603;5107.2065;129.90555188985854;Evaluated;8.9657;2.2237;64;True;2;duplicate_for_same_parent_sequence
83;3;7;4;normal;1;647d149eda7f;move;;;49;28;;;;;;;;;;True;False;False;True;;ok;15949.979733613443;15305.312808670706;15305.312808670706;15179.26127869603;554;15179.26127869603;5118.0628;644.6669249427378;Evaluated;8.6263;2.2269;64;True;2;duplicate_for_same_parent_sequence
83;3;7;5;normal;1;647d149eda7f;move;;;25;10;;;;;;;;;;True;False;False;True;;ok;16367.84995543885;15305.312808670706;15305.312808670706;15179.26127869603;555;15179.26127869603;5125.5991;1062.5371467681452;Evaluated;5.1033;2.4298;64;True;1;
83;3;7;;normal;2;;;;;;;;;;;;;;;;;;;;;End-of-iteration summary row;;;15305.312808670706;15179.26127869603;555;15179.26127869603;5125.6017;;IterationSummary;;;;;;
84;3;8;1;normal;2;647d149eda7f;move;;;3;8;;;;;;;;;;True;False;False;False;;ok;16741.49209594751;15305.312808670706;15305.312808670706;15179.26127869603;556;15179.26127869603;5133.624;1436.1792872768037;Evaluated;5.5801;2.4289;64;True;1;
84;3;8;2;normal;2;647d149eda7f;move;;;28;45;;;;;;;;;;True;False;False;True;;ok;16164.88802904099;15305.312808670706;15305.312808670706;15179.26127869603;557;15179.26127869603;5144.9772;859.575220370285;Evaluated;8.9241;2.4263;64;True;2;duplicate_for_same_parent_sequence
84;3;8;3;normal;2;647d149eda7f;move;;;15;22;;;;;;;;;;True;False;False;False;;ok;15363.719674090906;15305.312808670706;15305.312808670706;15179.26127869603;558;15179.26127869603;5156.5234;58.40686542020012;Evaluated;9.3188;2.2266;64;True;2;duplicate_for_same_parent_sequence
84;3;8;4;normal;2;647d149eda7f;move;;;49;15;;;;;;;;;;True;False;False;True;;ok;16731.398041596996;15305.312808670706;15305.312808670706;15179.26127869603;559;15179.26127869603;5167.8228;1426.0852329262907;Evaluated;8.8656;2.4305;64;True;2;duplicate_for_same_parent_sequence
84;3;8;5;normal;2;647d149eda7f;move;;;15;20;;;;;;;;;;True;False;False;False;;ok;15587.387756349755;15305.312808670706;15305.312808670706;15179.26127869603;560;15179.26127869603;5178.8505;282.0749476790497;Evaluated;8.7976;2.2271;64;True;2;duplicate_for_same_parent_sequence
84;3;8;;normal;3;;;;;;;;;;;;;;;;;;;;;End-of-iteration summary row;;;15305.312808670706;15179.26127869603;560;15179.26127869603;5178.8511;;IterationSummary;;;;;;
85;3;9;1;diversification;3;647d149eda7f;move;;;10;25;;;;;;;;;;True;False;False;True;;ok;16518.3979551679;15305.312808670706;15305.312808670706;15179.26127869603;561;15179.26127869603;5186.7311;1213.0851464971947;Evaluated;5.4408;2.4335;64;True;1;
85;3;9;2;diversification;3;647d149eda7f;reinsert_block;;;;;;;20;25;16;;;;;True;False;False;False;;ok;17108.1909079048;15305.312808670706;15305.312808670706;15179.26127869603;562;15179.26127869603;5194.7344;1802.8780992340926;Evaluated;5.5708;2.4294;64;True;1;
85;3;9;3;diversification;3;647d149eda7f;swap;35;42;;;;;;;;;;;;True;False;False;False;;ok;16055.673267035374;15305.312808670706;15305.312808670706;15179.26127869603;563;15179.26127869603;5202.4454;750.3604583646684;Evaluated;5.4758;2.2321;64;True;1;
85;3;9;4;diversification;3;647d149eda7f;move;;;50;18;;;;;;;;;;True;False;False;True;;ok;16178.015942450884;15305.312808670706;15305.312808670706;15179.26127869603;564;15179.26127869603;5210.026;872.7031337801782;Evaluated;5.1483;2.4312;64;True;1;
85;3;9;5;diversification;3;647d149eda7f;move;;;43;25;;;;;;;;;;True;False;False;True;;ok;16733.343242597242;15305.312808670706;15305.312808670706;15179.26127869603;565;15179.26127869603;5217.7794;1428.0304339265367;Evaluated;5.3189;2.4321;64;True;1;
85;3;9;6;diversification;3;647d149eda7f;move;;;25;30;;;;;;;;;;True;False;False;False;;ok;15649.069913405241;15305.312808670706;15305.312808670706;15179.26127869603;566;15179.26127869603;5225.2165;343.75710473453546;Evaluated;5.2059;2.2282;64;True;1;
85;3;9;7;diversification;3;647d149eda7f;move;;;30;40;;;;;;;;;;True;False;False;True;;ok;15913.167118497275;15305.312808670706;15305.312808670706;15179.26127869603;567;15179.26127869603;5235.9988;607.8543098265691;Evaluated;8.5467;2.2323;64;True;2;duplicate_for_same_parent_sequence
85;3;9;8;diversification;3;647d149eda7f;move;;;18;25;;;;;;;;;;True;False;False;False;;ok;16271.764392262481;15305.312808670706;15305.312808670706;15179.26127869603;568;15179.26127869603;5246.8156;966.4515835917755;Evaluated;8.379;2.437;64;True;2;duplicate_for_same_parent_sequence
85;3;9;9;diversification;3;647d149eda7f;move;;;18;27;;;;;;;;;;True;False;False;False;;ok;16255.76987889169;15305.312808670706;15305.312808670706;15179.26127869603;569;15179.26127869603;5257.7916;950.457070220984;Evaluated;8.5432;2.4302;64;True;2;duplicate_for_same_parent_sequence
85;3;9;10;diversification;3;647d149eda7f;move;;;50;28;;;;;;;;;;True;False;False;True;;ok;16224.708078042113;15305.312808670706;15305.312808670706;15179.26127869603;570;15179.26127869603;5265.5718;919.3952693714073;Evaluated;5.344;2.4325;64;True;1;
85;3;9;;diversification;4;;;;;;;;;;;;;;;;;;;;;End-of-iteration summary row;;;15305.312808670706;15179.26127869603;570;15179.26127869603;5265.5747;;IterationSummary;;;;;;
86;3;10;1;diversification;4;647d149eda7f;move;;;8;30;;;;;;;;;;True;False;False;True;;ok;16007.062676582165;15305.312808670706;15305.312808670706;15179.26127869603;571;15179.26127869603;5276.7704;701.7498679114597;Evaluated;8.9552;2.2277;64;True;2;duplicate_for_same_parent_sequence
86;3;10;2;diversification;4;647d149eda7f;move;;;35;18;;;;;;;;;;True;False;False;True;;ok;17062.469610373402;15305.312808670706;15305.312808670706;15179.26127869603;572;15179.26127869603;5288.3913;1757.1568017026966;Evaluated;9.1901;2.4282;64;True;2;duplicate_for_same_parent_sequence
86;3;10;3;diversification;4;647d149eda7f;swap;38;45;;;;;;;;;;;;True;False;False;False;;ok;16499.366639373755;15305.312808670706;15305.312808670706;15179.26127869603;573;15179.26127869603;5296.011;1194.0538307030492;Evaluated;5.1829;2.4339;64;True;1;
86;3;10;4;diversification;4;647d149eda7f;move;;;50;48;;;;;;;;;;True;False;False;False;;ok;15796.540939734303;15305.312808670706;15305.312808670706;15179.26127869603;574;15179.26127869603;5303.2167;491.2281310635972;Evaluated;4.9745;2.2282;64;True;1;
86;3;10;5;diversification;4;647d149eda7f;move;;;40;35;;;;;;;;;;True;False;False;False;;ok;15308.451332363742;15305.312808670706;15305.312808670706;15179.26127869603;575;15179.26127869603;5310.7503;3.1385236930364044;Evaluated;5.3024;2.2304;64;True;1;
86;3;10;6;diversification;4;647d149eda7f;move;;;35;20;;;;;;;;;;True;False;False;True;;ok;16088.74372485198;15305.312808670706;15305.312808670706;15179.26127869603;576;15179.26127869603;5318.6458;783.4309161812744;Evaluated;5.464;2.4283;64;True;1;
86;3;10;7;diversification;4;647d149eda7f;move;;;20;35;;;;;;;;;;True;False;False;True;;ok;16698.386711432504;15305.312808670706;15305.312808670706;15179.26127869603;577;15179.26127869603;5326.1004;1393.0739027617983;Evaluated;5.0269;2.424;64;True;1;
86;3;10;8;diversification;4;647d149eda7f;move;;;18;30;;;;;;;;;;True;False;False;True;;ok;17342.36155336375;15305.312808670706;15305.312808670706;15179.26127869603;578;15179.26127869603;5333.7779;2037.0487446930438;Evaluated;5.2492;2.4275;64;True;1;
86;3;10;9;diversification;4;647d149eda7f;move;;;28;35;;;;;;;;;;True;False;False;False;;ok;16557.93736987056;15305.312808670706;15305.312808670706;15179.26127869603;579;15179.26127869603;5341.393;1252.6245611998547;Evaluated;5.1809;2.4313;64;True;1;
86;3;10;10;diversification;4;647d149eda7f;move;;;45;30;;;;;;;;;;True;False;False;True;;ok;15744.671515900838;15305.312808670706;15305.312808670706;15179.26127869603;580;15179.26127869603;5348.7851;439.3587072301325;Evaluated;5.1578;2.2323;64;True;1;
86;3;10;;diversification;5;;;;;;;;;;;;;;;;;;;;;End-of-iteration summary row;;;15305.312808670706;15179.26127869603;580;15179.26127869603;5348.7882;;IterationSummary;;;;;;
87;3;11;1;diversification;5;647d149eda7f;move;;;7;25;;;;;;;;;;True;False;False;True;;ok;16270.83560625755;15305.312808670706;15305.312808670706;15179.26127869603;581;15179.26127869603;5360.2987;965.5227975868438;Evaluated;9.0717;2.4253;64;True;2;duplicate_for_same_parent_sequence
87;3;11;2;diversification;5;647d149eda7f;reinsert_block;;;;;;;18;25;40;;;;;True;False;False;True;;ok;15988.569909115211;15305.312808670706;15305.312808670706;15179.26127869603;582;15179.26127869603;5368.086;683.2571004445053;Evaluated;5.5603;2.2243;64;True;1;
87;3;11;3;diversification;5;647d149eda7f;move;;;38;45;;;;;;;;;;True;False;False;False;;ok;16086.541689721611;15305.312808670706;15305.312808670706;15179.26127869603;583;15179.26127869603;5379.1553;781.2288810509053;Evaluated;8.639;2.4272;64;True;2;duplicate_for_same_parent_sequence
87;3;11;4;diversification;5;647d149eda7f;move;;;32;10;;;;;;;;;;True;False;False;True;;ok;16892.586799538156;15305.312808670706;15305.312808670706;15179.26127869603;584;15179.26127869603;5390.3489;1587.2739908674503;Evaluated;8.7557;2.4356;64;True;2;duplicate_for_same_parent_sequence
87;3;11;5;diversification;5;647d149eda7f;move;;;15;25;;;;;;;;;;True;False;False;True;;ok;15699.322542865111;15305.312808670706;15305.312808670706;15179.26127869603;585;15179.26127869603;5397.9261;394.0097341944056;Evaluated;5.3416;2.2331;64;True;1;
87;3;11;6;diversification;5;647d149eda7f;reinsert_block;;;;;;;35;40;20;;;;;True;False;False;True;;ok;16483.606754594395;15305.312808670706;15305.312808670706;15179.26127869603;586;15179.26127869603;5409.5837;1178.2939459236895;Evaluated;9.2242;2.4307;64;True;2;duplicate_for_same_parent_sequence
87;3;11;7;diversification;5;647d149eda7f;move;;;40;20;;;;;;;;;;True;False;False;True;;ok;17049.205874237305;15305.312808670706;15305.312808670706;15179.26127869603;587;15179.26127869603;5420.7397;1743.893065566599;Evaluated;8.7241;2.4312;64;True;2;duplicate_for_same_parent_sequence
87;3;11;8;diversification;5;647d149eda7f;move;;;8;20;;;;;;;;;;True;False;False;True;;ok;15598.754286920019;15305.312808670706;15305.312808670706;15179.26127869603;588;15179.26127869603;5428.3573;293.44147824931315;Evaluated;5.3839;2.2308;64;True;1;
87;3;11;9;diversification;5;647d149eda7f;move;;;15;24;;;;;;;;;;True;False;False;False;;ok;15715.915029075433;15305.312808670706;15305.312808670706;15179.26127869603;589;15179.26127869603;5439.2241;410.60222040472763;Evaluated;8.6361;2.2293;64;True;2;duplicate_for_same_parent_sequence
87;3;11;10;diversification;5;647d149eda7f;swap;42;47;;;;;;;;;;;;True;False;False;False;;ok;15308.980267361268;15305.312808670706;15305.312808670706;15179.26127869603;590;15179.26127869603;5450.0795;3.667458690562853;Evaluated;8.6278;2.227;64;True;2;duplicate_for_same_parent_sequence
87;3;11;;diversification;6;;;;;;;;;;;;;;;;;;;;;End-of-iteration summary row;;;15305.312808670706;15179.26127869603;590;15179.26127869603;5450.0827;;IterationSummary;;;;;;
88;3;12;1;diversification;6;647d149eda7f;move;;;3;18;;;;;;;;;;True;False;False;True;;ok;16288.913975721262;15305.312808670706;15305.312808670706;15179.26127869603;591;15179.26127869603;5461.6895;983.6011670505559;Evaluated;9.1607;2.4302;64;True;2;duplicate_for_same_parent_sequence
88;3;12;2;diversification;6;647d149eda7f;reinsert_block;;;;;;;18;25;30;;;;;True;False;False;False;;ok;17462.644771560066;15305.312808670706;15305.312808670706;15179.26127869603;592;15179.26127869603;5469.7877;2157.3319628893605;Evaluated;5.6669;2.4286;64;True;1;
88;3;12;3;diversification;6;647d149eda7f;swap;36;40;;;;;;;;;;;;True;False;False;False;;ok;15452.299441031524;15305.312808670706;15305.312808670706;15179.26127869603;593;15179.26127869603;5480.7224;146.98663236081848;Evaluated;8.6968;2.2344;64;True;2;duplicate_for_same_parent_sequence
88;3;12;4;diversification;6;647d149eda7f;move;;;52;35;;;;;;;;;;True;False;False;True;;ok;16224.760112927277;15305.312808670706;15305.312808670706;15179.26127869603;594;15179.26127869603;5492.1395;919.4473042565714;Evaluated;8.9817;2.4322;64;True;2;duplicate_for_same_parent_sequence
88;3;12;5;diversification;6;647d149eda7f;move;;;25;10;;;;;;;;;;False;True;False;;;ok;;15305.312808670706;15305.312808670706;15179.26127869603;594;15179.26127869603;5504.0704;;DuplicateForSameParentSequenceAfterRetries;11.928;;;;3;duplicate_for_same_parent_sequence
88;3;12;6;diversification;6;647d149eda7f;move;;;18;40;;;;;;;;;;True;False;False;True;;ok;16405.882023855276;15305.312808670706;15305.312808670706;15179.26127869603;595;15179.26127869603;5515.3236;1100.5692151845706;Evaluated;8.8283;2.4237;64;True;2;duplicate_for_same_parent_sequence
88;3;12;7;diversification;6;647d149eda7f;move;;;30;45;;;;;;;;;;True;False;False;True;;ok;15993.562065835693;15305.312808670706;15305.312808670706;15179.26127869603;596;15179.26127869603;5526.3408;688.2492571649873;Evaluated;8.7786;2.2355;64;True;2;duplicate_for_same_parent_sequence
88;3;12;8;diversification;6;647d149eda7f;move;;;25;18;;;;;;;;;;True;False;False;False;;ok;15679.295844298595;15305.312808670706;15305.312808670706;15179.26127869603;597;15179.26127869603;5540.692;373.98303562788897;Evaluated;12.1171;2.2309;64;True;3;duplicate_for_same_parent_sequence
88;3;12;9;diversification;6;647d149eda7f;move;;;28;15;;;;;;;;;;True;False;False;True;;ok;15608.820307572623;15305.312808670706;15305.312808670706;15179.26127869603;598;15179.26127869603;5551.5884;303.50749890191764;Evaluated;8.6702;2.2235;64;True;2;duplicate_for_same_parent_sequence
88;3;12;10;diversification;6;647d149eda7f;move;;;50;42;;;;;;;;;;True;False;False;False;;ok;16349.372274521078;15305.312808670706;15305.312808670706;15179.26127869603;599;15179.26127869603;5559.3128;1044.0594658503724;Evaluated;5.2883;2.433;64;True;1;
88;3;12;;diversification;7;;;;;;;;;;;;;;;;;;;;;End-of-iteration summary row;;;15305.312808670706;15179.26127869603;599;15179.26127869603;5559.3162;;IterationSummary;;;;;;
89;3;13;1;diversification;7;647d149eda7f;move;;;15;40;;;;;;;;;;True;False;False;True;;ok;16022.498649661151;15305.312808670706;15305.312808670706;15179.26127869603;600;15179.26127869603;5574.8954;717.1858409904453;Evaluated;13.3325;2.2313;64;True;3;duplicate_for_same_parent_sequence
89;3;13;2;diversification;7;647d149eda7f;move;;;20;40;;;;;;;;;;True;False;False;True;;ok;16586.107386355423;15305.312808670706;15305.312808670706;15179.26127869603;601;15179.26127869603;5586.4487;1280.7945776847173;Evaluated;9.1232;2.4291;64;True;2;duplicate_for_same_parent_sequence
89;3;13;3;diversification;7;647d149eda7f;swap;36;42;;;;;;;;;;;;True;False;False;False;;ok;15589.860254062056;15305.312808670706;15305.312808670706;15179.26127869603;602;15179.26127869603;5593.8908;284.54744539135027;Evaluated;5.2151;2.2262;64;True;1;
89;3;13;4;diversification;7;647d149eda7f;move;;;52;36;;;;;;;;;;True;False;False;True;;ok;16601.583258975472;15305.312808670706;15305.312808670706;15179.26127869603;603;15179.26127869603;5601.5011;1296.2704503047662;Evaluated;5.1702;2.4374;64;True;1;
89;3;13;5;diversification;7;647d149eda7f;swap;3;8;;;;;;;;;;;;True;False;False;False;;ok;15872.847185054256;15305.312808670706;15305.312808670706;15179.26127869603;604;15179.26127869603;5612.3562;567.5343763835499;Evaluated;8.6225;2.2299;64;True;2;duplicate_for_same_parent_sequence
89;3;13;6;diversification;7;647d149eda7f;move;;;20;10;;;;;;;;;;True;False;False;True;;ok;16927.550841417156;15305.312808670706;15305.312808670706;15179.26127869603;605;15179.26127869603;5623.2669;1622.2380327464507;Evaluated;8.4766;2.4308;64;True;2;duplicate_for_same_parent_sequence
89;3;13;7;diversification;7;647d149eda7f;move;;;40;15;;;;;;;;;;True;False;False;True;;ok;17036.74717297178;15305.312808670706;15305.312808670706;15179.26127869603;606;15179.26127869603;5634.4611;1731.4343643010743;Evaluated;8.7683;2.4249;64;True;2;duplicate_for_same_parent_sequence
89;3;13;8;diversification;7;647d149eda7f;move;;;20;15;;;;;;;;;;True;False;False;False;;ok;16061.312221901246;15305.312808670706;15305.312808670706;15179.26127869603;607;15179.26127869603;5641.8981;755.9994132305401;Evaluated;5.2055;2.2306;64;True;1;
89;3;13;9;diversification;7;647d149eda7f;move;;;36;18;;;;;;;;;;True;False;False;True;;ok;16950.330051532117;15305.312808670706;15305.312808670706;15179.26127869603;608;15179.26127869603;5653.0454;1645.0172428614114;Evaluated;8.7164;2.4281;64;True;2;duplicate_for_same_parent_sequence
89;3;13;10;diversification;7;647d149eda7f;move;;;48;30;;;;;;;;;;True;False;False;True;;ok;16151.6066428227;15305.312808670706;15305.312808670706;15179.26127869603;609;15179.26127869603;5664.2039;846.2938341519948;Evaluated;8.7186;2.4366;64;True;2;duplicate_for_same_parent_sequence
89;3;13;;diversification;8;;;;;;;;;;;;;;;;;;;;;End-of-iteration summary row;;;15305.312808670706;15179.26127869603;609;15179.26127869603;5664.205;;IterationSummary;;;;;;
90;3;14;1;diversification;8;647d149eda7f;move;;;3;10;;;;;;;;;;True;False;False;False;;ok;17137.099068746345;15305.312808670706;15305.312808670706;15179.26127869603;610;15179.26127869603;5679.5425;1831.7862600756398;Evaluated;12.8986;2.4278;64;True;3;duplicate_for_same_parent_sequence
90;3;14;2;diversification;8;647d149eda7f;move;;;25;40;;;;;;;;;;True;False;False;True;;ok;16480.27662671335;15305.312808670706;15305.312808670706;15179.26127869603;611;15179.26127869603;5691.0044;1174.9638180426427;Evaluated;9.0273;2.4313;64;True;2;duplicate_for_same_parent_sequence
90;3;14;3;diversification;8;647d149eda7f;swap;36;48;;;;;;;;;;;;True;False;False;True;;ok;16092.448334816385;15305.312808670706;15305.312808670706;15179.26127869603;612;15179.26127869603;5701.6815;787.1355261456793;Evaluated;8.44;2.2359;64;True;2;duplicate_for_same_parent_sequence
90;3;14;4;diversification;8;647d149eda7f;move;;;38;52;;;;;;;;;;True;False;False;True;;ok;15601.409633961353;15305.312808670706;15305.312808670706;15179.26127869603;613;15179.26127869603;5712.442;296.09682529064776;Evaluated;8.5249;2.2325;64;True;2;duplicate_for_same_parent_sequence
90;3;14;5;diversification;8;647d149eda7f;move;;;10;25;;;;;;;;;;False;True;False;;;ok;;15305.312808670706;15305.312808670706;15179.26127869603;613;15179.26127869603;5724.3553;;DuplicateForSameParentSequenceAfterRetries;11.9108;;;;3;duplicate_for_same_parent_sequence
90;3;14;6;diversification;8;647d149eda7f;move;;;50;36;;;;;;;;;;True;False;False;True;;ok;16060.592588798698;15305.312808670706;15305.312808670706;15179.26127869603;614;15179.26127869603;5731.8495;755.2797801279921;Evaluated;5.2632;2.23;64;True;1;
90;3;14;7;diversification;8;647d149eda7f;move;;;25;10;;;;;;;;;;False;True;False;;;ok;;15305.312808670706;15305.312808670706;15179.26127869603;614;15179.26127869603;5743.9784;;DuplicateForSameParentSequenceAfterRetries;12.1258;;;;3;duplicate_for_same_parent_sequence
90;3;14;8;diversification;8;647d149eda7f;move;;;30;8;;;;;;;;;;True;False;False;True;;ok;17243.026638346397;15305.312808670706;15305.312808670706;15179.26127869603;615;15179.26127869603;5755.3389;1937.7138296756912;Evaluated;8.9316;2.4279;64;True;2;duplicate_for_same_parent_sequence
90;3;14;9;diversification;8;647d149eda7f;move;;;18;24;;;;;;;;;;True;False;False;False;;ok;16268.74928260175;15305.312808670706;15305.312808670706;15179.26127869603;616;15179.26127869603;5766.5542;963.436473931044;Evaluated;8.7881;2.4265;64;True;2;duplicate_for_same_parent_sequence
90;3;14;10;diversification;8;647d149eda7f;swap;48;52;;;;;;;;;;;;True;False;False;False;;ok;15907.54858742808;15305.312808670706;15305.312808670706;15179.26127869603;617;15179.26127869603;5777.6882;602.2357787573746;Evaluated;8.9078;2.2233;64;True;2;duplicate_for_same_parent_sequence
90;3;14;;diversification;9;;;;;;;;;;;;;;;;;;;;;End-of-iteration summary row;;;15305.312808670706;15179.26127869603;617;15179.26127869603;5777.6917;;IterationSummary;;;;;;
91;3;15;1;diversification;9;647d149eda7f;move;;;15;30;;;;;;;;;;True;False;False;True;;ok;16008.851662652103;15305.312808670706;15305.312808670706;15179.26127869603;618;15179.26127869603;5785.5773;703.5388539813976;Evaluated;5.6466;2.2256;64;True;1;
91;3;15;2;diversification;9;647d149eda7f;reinsert_block;;;;;;;20;25;10;;;;;True;False;False;True;;ok;16280.070913165722;15305.312808670706;15305.312808670706;15179.26127869603;619;15179.26127869603;5793.5514;974.7581044950166;Evaluated;5.5428;2.4277;64;True;1;
91;3;15;3;diversification;9;647d149eda7f;swap;35;40;;;;;;;;;;;;True;False;False;False;;ok;15305.009620155653;15305.312808670706;15305.312808670706;15179.26127869603;620;15179.26127869603;5804.5375;-0.30318851505217026;EvaluatedImprovementDespiteDiversificationMismatch;8.7598;2.2253;64;True;2;duplicate_for_same_parent_sequence
91;3;15;4;diversification;9;647d149eda7f;move;;;49;20;;;;;;;;;;True;False;False;True;;ok;16200.556712791005;15305.312808670706;15305.312808670706;15179.26127869603;621;15179.26127869603;5815.7433;895.2439041202997;Evaluated;8.7768;2.426;64;True;2;duplicate_for_same_parent_sequence
91;3;15;5;diversification;9;647d149eda7f;swap;15;30;;;;;;;;;;;;True;False;False;True;;ok;16772.890504980533;15305.312808670706;15305.312808670706;15179.26127869603;622;15179.26127869603;5830.1821;1467.577696309827;Evaluated;12.0085;2.4275;64;True;3;duplicate_for_same_parent_sequence
91;3;15;6;diversification;9;647d149eda7f;swap;35;48;;;;;;;;;;;;True;False;False;True;;ok;17238.585099238448;15305.312808670706;15305.312808670706;15179.26127869603;623;15179.26127869603;5844.7926;1933.272290567742;Evaluated;12.1747;2.4329;64;True;3;duplicate_for_same_parent_sequence
91;3;15;7;diversification;9;647d149eda7f;move;;;35;20;;;;;;;;;;False;True;False;;;ok;;15305.312808670706;15305.312808670706;15179.26127869603;623;15179.26127869603;5856.746;;DuplicateForSameParentSequenceAfterRetries;11.9499;;;;3;duplicate_for_same_parent_sequence
91;3;15;8;diversification;9;647d149eda7f;move;;;30;15;;;;;;;;;;True;False;False;True;;ok;16772.831073722326;15305.312808670706;15305.312808670706;15179.26127869603;624;15179.26127869603;5867.7783;1467.51826505162;Evaluated;8.6003;2.431;64;True;2;duplicate_for_same_parent_sequence
91;3;15;9;diversification;9;647d149eda7f;move;;;19;40;;;;;;;;;;True;False;False;True;;ok;16400.71727922796;15305.312808670706;15305.312808670706;15179.26127869603;625;15179.26127869603;5878.7557;1095.4044705572542;Evaluated;8.5497;2.4244;64;True;2;duplicate_for_same_parent_sequence
91;3;15;10;diversification;9;647d149eda7f;move;;;40;52;;;;;;;;;;True;False;False;True;;ok;16443.50090221541;15305.312808670706;15305.312808670706;15179.26127869603;626;15179.26127869603;5886.5316;1138.1880935447061;Evaluated;5.3418;2.4315;64;True;1;
91;3;15;;diversification;0;;;;;;;;;;;;;;;;;;;;;End-of-iteration summary row;;;15305.009620155653;15179.26127869603;626;15179.26127869603;5886.5522;;IterationSummary;;;;;;
92;3;16;1;normal;0;7c3fbe0161f6;move;;;5;10;;;;;;;;;;True;False;False;False;;ok;15380.147855573798;15305.009620155653;15305.009620155653;15179.26127869603;627;15179.26127869603;5894.6047;75.13823541814418;Evaluated;5.8182;2.2261;64;True;1;
92;3;16;2;normal;0;7c3fbe0161f6;swap;17;20;;;;;;;;;;;;True;False;False;False;;ok;16256.727534567433;15305.009620155653;15305.009620155653;15179.26127869603;628;15179.26127869603;5902.294;951.7179144117799;Evaluated;5.2596;2.429;64;True;1;
92;3;16;3;normal;0;7c3fbe0161f6;reinsert_block;;;;;;;35;40;20;;;;;True;False;False;True;;ok;16475.660599680603;15305.009620155653;15305.009620155653;15179.26127869603;629;15179.26127869603;5910.3946;1170.6509795249494;Evaluated;5.6728;2.4247;64;True;1;
92;3;16;4;normal;0;7c3fbe0161f6;move;;;50;30;;;;;;;;;;True;False;False;True;;ok;16152.011505620678;15305.009620155653;15305.009620155653;15179.26127869603;630;15179.26127869603;5918.0698;847.0018854650243;Evaluated;5.2466;2.4258;64;True;1;
92;3;16;5;normal;0;7c3fbe0161f6;move;;;25;30;;;;;;;;;;True;False;False;False;;ok;15905.170699242111;15305.009620155653;15305.009620155653;15179.26127869603;631;15179.26127869603;5925.5138;600.1610790864579;Evaluated;5.2121;2.2289;64;True;1;
92;3;16;;normal;1;;;;;;;;;;;;;;;;;;;;;End-of-iteration summary row;;;15305.009620155653;15179.26127869603;631;15179.26127869603;5925.5171;;IterationSummary;;;;;;
93;3;17;1;normal;1;7c3fbe0161f6;move;;;8;15;;;;;;;;;;True;False;False;False;;ok;15296.664077673706;15305.009620155653;15305.009620155653;15179.26127869603;632;15179.26127869603;5933.1587;-8.345542481947632;Evaluated;5.3989;2.2289;64;True;1;
93;3;17;2;normal;1;7c3fbe0161f6;swap;18;20;;;;;;;;;;;;True;False;False;False;;ok;16268.662609541121;15305.009620155653;15305.009620155653;15179.26127869603;633;15179.26127869603;5940.7772;963.6529893854677;Evaluated;5.1864;2.4293;64;True;1;
93;3;17;3;normal;1;7c3fbe0161f6;move;;;19;40;;;;;;;;;;True;False;False;True;;ok;16407.282014609686;15305.009620155653;15305.009620155653;15179.26127869603;634;15179.26127869603;5952.4812;1102.272394454032;Evaluated;9.2662;2.4369;64;True;2;duplicate_for_same_parent_sequence
93;3;17;4;normal;1;7c3fbe0161f6;move;;;50;40;;;;;;;;;;True;False;False;True;;ok;15960.201102008501;15305.009620155653;15305.009620155653;15179.26127869603;635;15179.26127869603;5959.9143;655.1914818528476;Evaluated;5.2036;2.2263;64;True;1;
93;3;17;5;normal;1;7c3fbe0161f6;move;;;25;10;;;;;;;;;;True;False;False;True;;ok;16369.223766586802;15305.009620155653;15305.009620155653;15179.26127869603;636;15179.26127869603;5967.5185;1064.214146431148;Evaluated;5.1697;2.4317;64;True;1;
93;3;17;;normal;0;;;;;;;;;;;;;;;;;;;;;End-of-iteration summary row;;;15296.664077673706;15179.26127869603;636;15179.26127869603;5967.5348;;IterationSummary;;;;;;
94;3;18;1;normal;0;450209de717a;move;;;19;25;;;;;;;;;;True;False;False;False;;ok;16098.740273797008;15296.664077673706;15296.664077673706;15179.26127869603;637;15179.26127869603;5975.7975;802.076196123302;Evaluated;5.8337;2.4225;64;True;1;
94;3;18;2;normal;0;450209de717a;swap;16;20;;;;;;;;;;;;True;False;False;False;;ok;16153.722670121362;15296.664077673706;15296.664077673706;15179.26127869603;638;15179.26127869603;5983.5194;857.0585924476563;Evaluated;5.2962;2.4249;64;True;1;
94;3;18;3;normal;0;450209de717a;reinsert_block;;;;;;;35;40;25;;;;;True;False;False;True;;ok;17262.76552758827;15296.664077673706;15296.664077673706;15179.26127869603;639;15179.26127869603;5991.4269;1966.1014499145658;Evaluated;5.4793;2.4249;64;True;1;
94;3;18;4;normal;0;450209de717a;move;;;50;35;;;;;;;;;;True;False;False;True;;ok;16073.351284011427;15296.664077673706;15296.664077673706;15179.26127869603;640;15179.26127869603;5998.8929;776.6872063377214;Evaluated;5.231;2.232;64;True;1;
94;3;18;5;normal;0;450209de717a;move;;;20;35;;;;;;;;;;True;False;False;True;;ok;16392.63488802276;15296.664077673706;15296.664077673706;15179.26127869603;641;15179.26127869603;6006.4907;1095.9708103490539;Evaluated;5.1571;2.4374;64;True;1;
94;3;18;;normal;1;;;;;;;;;;;;;;;;;;;;;End-of-iteration summary row;;;15296.664077673706;15179.26127869603;641;15179.26127869603;6006.4938;;IterationSummary;;;;;;
95;3;19;1;normal;1;450209de717a;move;;;3;12;;;;;;;;;;True;False;False;False;;ok;16679.019937015335;15296.664077673706;15296.664077673706;15179.26127869603;642;15179.26127869603;6014.7085;1382.3558593416292;Evaluated;5.7767;2.4258;64;True;1;
95;3;19;2;normal;1;450209de717a;swap;18;20;;;;;;;;;;;;True;False;False;False;;ok;15928.057422972364;15296.664077673706;15296.664077673706;15179.26127869603;643;15179.26127869603;6022.332;631.3933452986585;Evaluated;5.3926;2.2279;64;True;1;
95;3;19;3;normal;1;450209de717a;reinsert_block;;;;;;;35;40;28;;;;;True;False;False;False;;ok;16182.917918030058;15296.664077673706;15296.664077673706;15179.26127869603;644;15179.26127869603;6030.5383;886.2538403563522;Evaluated;5.7718;2.4311;64;True;1;
95;3;19;4;normal;1;450209de717a;move;;;50;40;;;;;;;;;;True;False;False;True;;ok;15941.847116997513;15296.664077673706;15296.664077673706;15179.26127869603;645;15179.26127869603;6038.0444;645.183039323807;Evaluated;5.275;2.2282;64;True;1;
95;3;19;5;normal;1;450209de717a;move;;;15;25;;;;;;;;;;True;False;False;True;;ok;15717.583762768378;15296.664077673706;15296.664077673706;15179.26127869603;646;15179.26127869603;6045.2771;420.9196850946719;Evaluated;5.0037;2.2263;64;True;1;
95;3;19;;normal;2;;;;;;;;;;;;;;;;;;;;;End-of-iteration summary row;;;15296.664077673706;15179.26127869603;646;15179.26127869603;6045.278;;IterationSummary;;;;;;
96;3;20;1;normal;2;450209de717a;move;;;15;20;;;;;;;;;;True;False;False;False;;ok;15601.623595591629;15296.664077673706;15296.664077673706;15179.26127869603;647;15179.26127869603;6053.1392;304.9595179179232;Evaluated;5.624;2.2282;64;True;1;
96;3;20;2;normal;2;450209de717a;swap;25;30;;;;;;;;;;;;True;False;False;False;;ok;15519.12008236761;15296.664077673706;15296.664077673706;15179.26127869603;648;15179.26127869603;6064.24;222.4560046939041;Evaluated;8.8711;2.2289;64;True;2;duplicate_for_same_parent_sequence
96;3;20;3;normal;2;450209de717a;reinsert_block;;;;;;;36;40;28;;;;;True;False;False;True;;ok;16754.85345005245;15296.664077673706;15296.664077673706;15179.26127869603;649;15179.26127869603;6072.261;1458.1893723787452;Evaluated;5.5895;2.4287;64;True;1;
96;3;20;4;normal;2;450209de717a;move;;;48;20;;;;;;;;;;True;False;False;True;;ok;15750.533138869629;15296.664077673706;15296.664077673706;15179.26127869603;650;15179.26127869603;6083.0978;453.86906119592277;Evaluated;8.604;2.2291;64;True;2;duplicate_for_same_parent_sequence
96;3;20;5;normal;2;450209de717a;move;;;10;25;;;;;;;;;;True;False;False;True;;ok;16514.2458484449;15296.664077673706;15296.664077673706;15179.26127869603;651;15179.26127869603;6090.6658;1217.5817707711958;Evaluated;5.1327;2.4318;64;True;1;
96;3;20;;normal;3;;;;;;;;;;;;;;;;;;;;;End-of-iteration summary row;;;15296.664077673706;15179.26127869603;651;15179.26127869603;6090.6688;;IterationSummary;;;;;;
97;3;21;1;diversification;3;450209de717a;move;;;7;15;;;;;;;;;;True;False;False;False;;ok;16656.438082390472;15296.664077673706;15296.664077673706;15179.26127869603;652;15179.26127869603;6102.2108;1359.7740047167663;Evaluated;9.1;2.4271;64;True;2;duplicate_for_same_parent_sequence
97;3;21;2;diversification;3;450209de717a;reinsert_block;;;;;;;20;25;10;;;;;True;False;False;True;;ok;16584.183199740088;15296.664077673706;15296.664077673706;15179.26127869603;653;15179.26127869603;6110.2187;1287.519122066382;Evaluated;5.5791;2.428;64;True;1;
97;3;21;3;diversification;3;450209de717a;swap;36;42;;;;;;;;;;;;True;False;False;False;;ok;15576.151497957135;15296.664077673706;15296.664077673706;15179.26127869603;654;15179.26127869603;6117.699;279.48742028342895;Evaluated;5.2536;2.2254;64;True;1;
97;3;21;4;diversification;3;450209de717a;move;;;50;48;;;;;;;;;;True;False;False;False;;ok;15794.314786656128;15296.664077673706;15296.664077673706;15179.26127869603;655;15179.26127869603;6125.2425;497.65070898242266;Evaluated;5.3168;2.224;64;True;1;
97;3;21;5;diversification;3;450209de717a;move;;;20;5;;;;;;;;;;True;False;False;True;;ok;17054.82132543438;15296.664077673706;15296.664077673706;15179.26127869603;656;15179.26127869603;6132.8616;1758.1572477606733;Evaluated;5.1879;2.4281;64;True;1;
97;3;21;6;diversification;3;450209de717a;move;;;45;38;;;;;;;;;;True;False;False;False;;ok;15349.283186546776;15296.664077673706;15296.664077673706;15179.26127869603;657;15179.26127869603;6140.4509;52.61910887307022;Evaluated;5.3613;2.225;64;True;1;
97;3;21;7;diversification;3;450209de717a;move;;;18;40;;;;;;;;;;True;False;False;True;;ok;16429.654092259065;15296.664077673706;15296.664077673706;15179.26127869603;658;15179.26127869603;6151.4695;1132.990014585359;Evaluated;8.5891;2.4278;64;True;2;duplicate_for_same_parent_sequence
97;3;21;8;diversification;3;450209de717a;move;;;15;30;;;;;;;;;;True;False;False;True;;ok;16554.53835886278;15296.664077673706;15296.664077673706;15179.26127869603;659;15179.26127869603;6159.099;1257.8742811890752;Evaluated;5.1975;2.4308;64;True;1;
97;3;21;9;diversification;3;450209de717a;move;;;25;30;;;;;;;;;;True;False;False;False;;ok;15651.334253749983;15296.664077673706;15296.664077673706;15179.26127869603;660;15179.26127869603;6166.4809;354.67017607627713;Evaluated;5.1566;2.2223;64;True;1;
97;3;21;10;diversification;3;450209de717a;move;;;45;30;;;;;;;;;;True;False;False;True;;ok;15741.969474630247;15296.664077673706;15296.664077673706;15179.26127869603;661;15179.26127869603;6174.0247;445.3053969565408;Evaluated;5.3144;2.2267;64;True;1;
97;3;21;;diversification;4;;;;;;;;;;;;;;;;;;;;;End-of-iteration summary row;;;15296.664077673706;15179.26127869603;661;15179.26127869603;6174.0274;;IterationSummary;;;;;;
98;3;22;1;diversification;4;450209de717a;move;;;7;20;;;;;;;;;;True;False;False;True;;ok;16783.65463195742;15296.664077673706;15296.664077673706;15179.26127869603;662;15179.26127869603;6185.5587;1486.9905542837132;Evaluated;9.0868;2.4318;64;True;2;duplicate_for_same_parent_sequence
98;3;22;2;diversification;4;450209de717a;move;;;36;48;;;;;;;;;;True;False;False;True;;ok;15990.683113013147;15296.664077673706;15296.664077673706;15179.26127869603;663;15179.26127869603;6196.8585;694.019035339441;Evaluated;9.0718;2.2273;64;True;2;duplicate_for_same_parent_sequence
98;3;22;3;diversification;4;450209de717a;swap;35;42;;;;;;;;;;;;True;False;False;False;;ok;16258.779589396278;15296.664077673706;15296.664077673706;15179.26127869603;664;15179.26127869603;6204.7186;962.1155117225717;Evaluated;5.4248;2.4316;64;True;1;
98;3;22;4;diversification;4;450209de717a;move;;;32;20;;;;;;;;;;True;False;False;True;;ok;16940.595708266883;15296.664077673706;15296.664077673706;15179.26127869603;665;15179.26127869603;6215.7998;1643.931630593177;Evaluated;8.6443;2.434;64;True;2;duplicate_for_same_parent_sequence
98;3;22;5;diversification;4;450209de717a;move;;;10;20;;;;;;;;;;True;False;False;True;;ok;16104.289516186172;15296.664077673706;15296.664077673706;15179.26127869603;666;15179.26127869603;6223.8544;807.6254385124666;Evaluated;5.6231;2.4287;64;True;1;
98;3;22;6;diversification;4;450209de717a;move;;;18;35;;;;;;;;;;True;False;False;True;;ok;16385.190455662116;15296.664077673706;15296.664077673706;15179.26127869603;667;15179.26127869603;6234.823;1088.5263779884099;Evaluated;8.5376;2.4272;64;True;2;duplicate_for_same_parent_sequence
98;3;22;7;diversification;4;450209de717a;move;;;8;35;;;;;;;;;;True;False;False;True;;ok;15914.085029407652;15296.664077673706;15296.664077673706;15179.26127869603;668;15179.26127869603;6245.5585;617.4209517339459;Evaluated;8.5051;2.2272;64;True;2;duplicate_for_same_parent_sequence
98;3;22;8;diversification;4;450209de717a;move;;;10;35;;;;;;;;;;True;False;False;True;;ok;16252.923947040998;15296.664077673706;15296.664077673706;15179.26127869603;669;15179.26127869603;6253.2558;956.2598693672917;Evaluated;5.2614;2.4329;64;True;1;
98;3;22;9;diversification;4;450209de717a;move;;;24;30;;;;;;;;;;True;False;False;False;;ok;15630.527030520925;15296.664077673706;15296.664077673706;15179.26127869603;670;15179.26127869603;6260.8044;333.8629528472193;Evaluated;5.3145;2.2315;64;True;1;
98;3;22;10;diversification;4;450209de717a;move;;;40;52;;;;;;;;;;True;False;False;True;;ok;16493.853779296354;15296.664077673706;15296.664077673706;15179.26127869603;671;15179.26127869603;6268.4512;1197.1897016226485;Evaluated;5.2211;2.4251;64;True;1;
98;3;22;;diversification;5;;;;;;;;;;;;;;;;;;;;;End-of-iteration summary row;;;15296.664077673706;15179.26127869603;671;15179.26127869603;6268.4546;;IterationSummary;;;;;;
99;3;23;1;diversification;5;450209de717a;move;;;5;20;;;;;;;;;;True;False;False;True;;ok;16653.375189651066;15296.664077673706;15296.664077673706;15179.26127869603;672;15179.26127869603;6276.4519;1356.71111197736;Evaluated;5.5556;2.4292;64;True;1;
99;3;23;2;diversification;5;450209de717a;reinsert_block;;;;;;;18;23;10;;;;;True;False;False;True;;ok;16818.94727373997;15296.664077673706;15296.664077673706;15179.26127869603;673;15179.26127869603;6284.376;1522.2831960662643;Evaluated;5.4942;2.4268;64;True;1;
99;3;23;3;diversification;5;450209de717a;swap;36;48;;;;;;;;;;;;True;False;False;True;;ok;16073.711796363332;15296.664077673706;15296.664077673706;15179.26127869603;674;15179.26127869603;6295.3641;777.047718689626;Evaluated;8.7557;2.2293;64;True;2;duplicate_for_same_parent_sequence
99;3;23;4;diversification;5;450209de717a;move;;;48;52;;;;;;;;;;True;False;False;False;;ok;15305.143888578508;15296.664077673706;15296.664077673706;15179.26127869603;675;15179.26127869603;6306.3169;8.479810904802434;Evaluated;8.7266;2.2231;64;True;2;duplicate_for_same_parent_sequence
99;3;23;5;diversification;5;450209de717a;move;;;7;18;;;;;;;;;;True;False;False;True;;ok;16660.055650845497;15296.664077673706;15296.664077673706;15179.26127869603;676;15179.26127869603;6317.4755;1363.3915731717916;Evaluated;8.7301;2.4259;64;True;2;duplicate_for_same_parent_sequence
99;3;23;6;diversification;5;450209de717a;move;;;20;45;;;;;;;;;;True;False;False;True;;ok;16476.948064266366;15296.664077673706;15296.664077673706;15179.26127869603;677;15179.26127869603;6331.9974;1180.2839865926599;Evaluated;12.0863;2.4328;64;True;3;duplicate_for_same_parent_sequence
99;3;23;7;diversification;5;450209de717a;swap;25;30;;;;;;;;;;;;False;True;True;;;ok;;15296.664077673706;15296.664077673706;15179.26127869603;677;15179.26127869603;6344.316;;DuplicateForSameParentSequenceAfterRetries;12.3159;;;;3;duplicate_for_same_parent_sequence
99;3;23;8;diversification;5;450209de717a;move;;;30;45;;;;;;;;;;True;False;False;True;;ok;16014.163444451484;15296.664077673706;15296.664077673706;15179.26127869603;678;15179.26127869603;6355.0026;717.499366777778;Evaluated;8.4588;2.2268;64;True;2;duplicate_for_same_parent_sequence
99;3;23;9;diversification;5;450209de717a;move;;;41;27;;;;;;;;;;True;False;False;True;;ok;15793.299165856046;15296.664077673706;15296.664077673706;15179.26127869603;679;15179.26127869603;6365.7177;496.63508818234004;Evaluated;8.482;2.23;64;True;2;duplicate_for_same_parent_sequence
99;3;23;10;diversification;5;450209de717a;swap;40;45;;;;;;;;;;;;True;False;False;False;;ok;15296.664077673706;15296.664077673706;15296.664077673706;15179.26127869603;680;15179.26127869603;6379.9665;0.0;Evaluated;12.015;2.2306;64;True;3;duplicate_for_same_parent_sequence
99;3;23;;diversification;6;;;;;;;;;;;;;;;;;;;;;End-of-iteration summary row;;;15296.664077673706;15179.26127869603;680;15179.26127869603;6379.9699;;IterationSummary;;;;;;
100;3;24;1;diversification;6;450209de717a;move;;;3;18;;;;;;;;;;True;False;False;True;;ok;16299.142328230959;15296.664077673706;15296.664077673706;15179.26127869603;681;15179.26127869603;6391.6377;1002.478250557253;Evaluated;9.2311;2.4267;64;True;2;duplicate_for_same_parent_sequence
100;3;24;2;diversification;6;450209de717a;move;;;45;20;;;;;;;;;;True;False;False;True;;ok;16380.889624179583;15296.664077673706;15296.664077673706;15179.26127869603;682;15179.26127869603;6403.1616;1084.225546505877;Evaluated;9.0925;2.4279;64;True;2;duplicate_for_same_parent_sequence
100;3;24;3;diversification;6;450209de717a;swap;32;47;;;;;;;;;;;;True;False;False;True;;ok;15794.351237675464;15296.664077673706;15296.664077673706;15179.26127869603;683;15179.26127869603;6410.6373;497.68716000175846;Evaluated;5.2486;2.2241;64;True;1;
100;3;24;4;diversification;6;450209de717a;move;;;53;48;;;;;;;;;;True;False;False;False;;ok;16007.763753135803;15296.664077673706;15296.664077673706;15179.26127869603;684;15179.26127869603;6418.1615;711.0996754620974;Evaluated;5.2897;2.2314;64;True;1;
100;3;24;5;diversification;6;450209de717a;swap;3;8;;;;;;;;;;;;True;False;False;False;;ok;16472.877127080465;15296.664077673706;15296.664077673706;15179.26127869603;685;15179.26127869603;6432.6309;1176.2130494067587;Evaluated;12.0383;2.4282;64;True;3;duplicate_for_same_parent_sequence
100;3;24;6;diversification;6;450209de717a;move;;;40;35;;;;;;;;;;True;False;False;False;;ok;15447.575041544078;15296.664077673706;15296.664077673706;15179.26127869603;686;15179.26127869603;6440.1912;150.91096387037214;Evaluated;5.3292;2.2282;64;True;1;
100;3;24;7;diversification;6;450209de717a;move;;;15;28;;;;;;;;;;True;False;False;True;;ok;15356.009524152932;15296.664077673706;15296.664077673706;15179.26127869603;687;15179.26127869603;6451.1645;59.345446479226666;Evaluated;8.7379;2.2327;64;True;2;duplicate_for_same_parent_sequence
100;3;24;8;diversification;6;450209de717a;swap;10;15;;;;;;;;;;;;True;False;False;False;;ok;16438.182834907053;15296.664077673706;15296.664077673706;15179.26127869603;688;15179.26127869603;6458.7967;1141.518757233347;Evaluated;5.2004;2.4292;64;True;1;
100;3;24;9;diversification;6;450209de717a;move;;;27;35;;;;;;;;;;True;False;False;False;;ok;16124.082964308356;15296.664077673706;15296.664077673706;15179.26127869603;689;15179.26127869603;6466.3408;827.4188866346503;Evaluated;5.3064;2.2368;64;True;1;
100;3;24;10;diversification;6;450209de717a;move;;;50;15;;;;;;;;;;True;False;False;True;;ok;16189.920627536998;15296.664077673706;15296.664077673706;15179.26127869603;690;15179.26127869603;6477.1634;893.2565498632921;Evaluated;8.3897;2.4289;64;True;2;duplicate_for_same_parent_sequence
100;3;24;;diversification;7;;;;;;;;;;;;;;;;;;;;;End-of-iteration summary row;;;15296.664077673706;15179.26127869603;690;15179.26127869603;6477.167;;IterationSummary;;;;;;
100;3;24;;;7;;;;;;;;;;;;;;;;;;;;;PartA | PartB | PartC | PartD | PartE | PartC | PartF | PartG | PartH | PartA | PartB | PartD | PartE | PartF | PartG | PartA | PartB | PartC | PartD | PartE | PartH | PartF | PartG | PartH | PartA | PartB | PartC | PartD | PartE | PartF | PartG | PartB | PartH | PartA | PartB | PartC | PartD | PartE | PartF | PartG | PartH | PartA | PartB | PartC | PartD | PartE | PartF | PartG | PartH | PartC | PartD | PartA | PartD | PartE | PartF | PartG | PartH | PartA | PartB | PartC | PartE | PartF | PartG | PartH;;;15296.664077673706;15179.26127869603;690;15179.26127869603;6477.1712;;FinalGlobalBestSequence;;;;;;
