iteration;restart_id;iteration_in_restart;candidate_in_iteration;search_mode;no_improvement_count_before_iteration;parent_sequence_signature;action;swap_i;swap_j;move_from;move_to;reverse_start;reverse_end;reinsert_block_start;reinsert_block_end;reinsert_block_to;swap_blocks_start1;swap_blocks_end1;swap_blocks_start2;swap_blocks_end2;valid;duplicate_for_same_parent_sequence;recently_rejected_for_same_parent_sequence;diversification_compatible;parse_error;validation_message;resulting_makespan;best_makespan_before;best_makespan_after;global_best_makespan_after;completed_simulations;actual_global_best_makespan;elapsed_optimization_time_sec;delta_vs_best_before;status;llm_time_sec;simulation_time_sec;exited_parts;completion_valid;llm_attempts;retry_reason
1;1;1;1;normal;0;0f63cf6f404e;move;;;10;5;;;;;;;;;;True;False;False;False;;ok;15621.654598931518;16630.57522948563;16630.57522948563;16630.57522948563;2;16630.57522948563;17.593;-1008.9206305541102;Evaluated;15.3535;2.2333;64;True;1;
1;1;1;2;normal;0;0f63cf6f404e;swap;16;20;;;;;;;;;;;;True;False;False;False;;ok;17820.32044796242;16630.57522948563;16630.57522948563;16630.57522948563;3;16630.57522948563;29.6966;1189.74521847679;Evaluated;9.6757;2.4247;64;True;1;
1;1;1;3;normal;0;0f63cf6f404e;reinsert_block;;;;;;;32;40;16;;;;;True;False;False;True;;ok;16292.549924556863;16630.57522948563;16630.57522948563;16630.57522948563;4;16630.57522948563;43.0774;-338.02530492876576;Evaluated;10.9473;2.4306;64;True;1;
1;1;1;4;normal;0;0f63cf6f404e;move;;;56;48;;;;;;;;;;True;False;False;False;;ok;16629.132880551;16630.57522948563;16630.57522948563;16630.57522948563;5;16630.57522948563;55.164;-1.4423489346299903;Evaluated;9.6572;2.4288;64;True;1;
1;1;1;5;normal;0;0f63cf6f404e;move;;;8;16;;;;;;;;;;True;False;False;False;;ok;16705.324260826623;16630.57522948563;16630.57522948563;16630.57522948563;6;16630.57522948563;67.0268;74.7490313409944;Evaluated;9.4299;2.4301;64;True;1;
1;1;1;;normal;0;;;;;;;;;;;;;;;;;;;;;End-of-iteration summary row;;;15621.654598931518;15621.654598931518;6;15621.654598931518;67.0429;;IterationSummary;;;;;;
2;1;2;1;normal;0;457c4bc75f95;move;;;10;5;;;;;;;;;;True;False;False;False;;ok;18199.88513772502;15621.654598931518;15621.654598931518;15621.654598931518;7;15621.654598931518;82.1314;2578.230538793503;Evaluated;12.451;2.6289;64;True;1;
2;1;2;2;normal;0;457c4bc75f95;swap;18;20;;;;;;;;;;;;True;False;False;False;;ok;17278.4990275769;15621.654598931518;15621.654598931518;15621.654598931518;8;15621.654598931518;95.8185;1656.8444286453832;Evaluated;11.2582;2.4264;64;True;1;
2;1;2;3;normal;0;457c4bc75f95;reinsert_block;;;;;;;32;40;16;;;;;True;False;False;True;;ok;16821.574750700296;15621.654598931518;15621.654598931518;15621.654598931518;9;15621.654598931518;109.6377;1199.920151768778;Evaluated;11.385;2.4312;64;True;1;
2;1;2;4;normal;0;457c4bc75f95;move;;;50;48;;;;;;;;;;True;False;False;False;;ok;15635.256948119119;15621.654598931518;15621.654598931518;15621.654598931518;10;15621.654598931518;122.7186;13.602349187600339;Evaluated;10.8471;2.2302;64;True;1;
2;1;2;5;normal;0;457c4bc75f95;move;;;24;16;;;;;;;;;;True;False;False;False;;ok;17326.278341809182;15621.654598931518;15621.654598931518;15621.654598931518;11;15621.654598931518;136.0167;1704.623742877664;Evaluated;10.8682;2.4271;64;True;1;
2;1;2;;normal;1;;;;;;;;;;;;;;;;;;;;;End-of-iteration summary row;;;15621.654598931518;15621.654598931518;11;15621.654598931518;136.0174;;IterationSummary;;;;;;
3;1;3;1;normal;1;457c4bc75f95;move;;;8;5;;;;;;;;;;True;False;False;False;;ok;15634.743033706784;15621.654598931518;15621.654598931518;15621.654598931518;12;15621.654598931518;150.4045;13.088434775265341;Evaluated;12.1578;2.224;64;True;1;
3;1;3;2;normal;1;457c4bc75f95;swap;17;20;;;;;;;;;;;;True;False;False;False;;ok;17222.94920375672;15621.654598931518;15621.654598931518;15621.654598931518;13;15621.654598931518;163.9265;1601.2946048252034;Evaluated;11.0941;2.4248;64;True;1;
3;1;3;3;normal;1;457c4bc75f95;reinsert_block;;;;;;;35;40;16;;;;;True;False;False;True;;ok;17195.011636133542;15621.654598931518;15621.654598931518;15621.654598931518;14;15621.654598931518;178.0832;1573.357037202024;Evaluated;11.7213;2.4327;64;True;1;
3;1;3;4;normal;1;457c4bc75f95;move;;;56;48;;;;;;;;;;True;False;False;False;;ok;15910.746362889744;15621.654598931518;15621.654598931518;15621.654598931518;15;15621.654598931518;191.4284;289.0917639582258;Evaluated;11.1162;2.2255;64;True;1;
3;1;3;5;normal;1;457c4bc75f95;move;;;8;16;;;;;;;;;;True;False;False;False;;ok;15717.4604395261;15621.654598931518;15621.654598931518;15621.654598931518;16;15621.654598931518;204.557;95.80584059458124;Evaluated;10.9018;2.2241;64;True;1;
3;1;3;;normal;2;;;;;;;;;;;;;;;;;;;;;End-of-iteration summary row;;;15621.654598931518;15621.654598931518;16;15621.654598931518;204.5608;;IterationSummary;;;;;;
4;1;4;1;normal;2;457c4bc75f95;move;;;5;8;;;;;;;;;;True;False;False;False;;ok;16632.875912093885;15621.654598931518;15621.654598931518;15621.654598931518;17;15621.654598931518;226.2743;1011.2213131623666;Evaluated;19.2766;2.4268;64;True;3;duplicate_for_same_parent_sequence
4;1;4;2;normal;2;457c4bc75f95;swap;16;20;;;;;;;;;;;;True;False;False;False;;ok;17798.637361837933;15621.654598931518;15621.654598931518;15621.654598931518;18;15621.654598931518;239.9836;2176.982762906415;Evaluated;11.2807;2.4264;64;True;1;
4;1;4;3;normal;2;457c4bc75f95;reinsert_block;;;;;;;35;40;20;;;;;True;False;False;True;;ok;17247.811309578254;15621.654598931518;15621.654598931518;15621.654598931518;19;15621.654598931518;254.0874;1626.1567106467355;Evaluated;11.6818;2.4214;64;True;1;
4;1;4;4;normal;2;457c4bc75f95;swap;48;52;;;;;;;;;;;;True;False;False;False;;ok;15669.853430336683;15621.654598931518;15621.654598931518;15621.654598931518;20;15621.654598931518;274.6827;48.19883140516504;Evaluated;18.3652;2.2295;64;True;3;duplicate_for_same_parent_sequence
4;1;4;5;normal;2;457c4bc75f95;move;;;30;25;;;;;;;;;;True;False;False;False;;ok;18067.585270925036;15621.654598931518;15621.654598931518;15621.654598931518;21;15621.654598931518;291.9566;2445.9306719935175;Evaluated;14.8415;2.4297;64;True;2;duplicate_for_same_parent_sequence
4;1;4;;normal;3;;;;;;;;;;;;;;;;;;;;;End-of-iteration summary row;;;15621.654598931518;15621.654598931518;21;15621.654598931518;291.9596;;IterationSummary;;;;;;
5;1;5;1;diversification;3;457c4bc75f95;move;;;24;8;;;;;;;;;;True;False;False;True;;ok;17735.66707647628;15621.654598931518;15621.654598931518;15621.654598931518;22;15621.654598931518;310.4723;2114.0124775447603;Evaluated;16.0743;2.4284;64;True;2;duplicate_for_same_parent_sequence
5;1;5;2;diversification;3;457c4bc75f95;reinsert_block;;;;;;;25;30;16;;;;;True;False;False;True;;ok;17736.774903374357;15621.654598931518;15621.654598931518;15621.654598931518;23;15621.654598931518;324.6127;2115.1203044428385;Evaluated;11.7093;2.4284;64;True;1;
5;1;5;3;diversification;3;457c4bc75f95;swap;32;47;;;;;;;;;;;;True;False;False;True;;ok;15913.343556345284;15621.654598931518;15621.654598931518;15621.654598931518;24;15621.654598931518;338.0599;291.6889574137658;Evaluated;11.2173;2.2271;64;True;1;
5;1;5;4;diversification;3;457c4bc75f95;move;;;32;16;;;;;;;;;;True;False;False;True;;ok;17326.278341809182;15621.654598931518;15621.654598931518;15621.654598931518;25;15621.654598931518;355.173;1704.623742877664;Evaluated;14.6847;2.4255;64;True;2;duplicate_for_same_parent_sequence
5;1;5;5;diversification;3;457c4bc75f95;move;;;25;30;;;;;;;;;;True;False;False;False;;ok;15618.261462754272;15621.654598931518;15621.654598931518;15621.654598931518;26;15621.654598931518;368.8516;-3.3931361772465607;EvaluatedImprovementDespiteDiversificationMismatch;11.4519;2.2241;64;True;1;
5;1;5;6;diversification;3;457c4bc75f95;move;;;35;20;;;;;;;;;;True;False;False;True;;ok;17354.20364378281;15621.654598931518;15621.654598931518;15621.654598931518;27;15621.654598931518;382.9797;1732.549044851292;Evaluated;11.6996;2.4278;64;True;1;
5;1;5;7;diversification;3;457c4bc75f95;move;;;24;10;;;;;;;;;;True;False;False;True;;ok;17739.961180699804;15621.654598931518;15621.654598931518;15621.654598931518;28;15621.654598931518;396.6071;2118.3065817682855;Evaluated;11.1925;2.433;64;True;1;
5;1;5;8;diversification;3;457c4bc75f95;move;;;8;15;;;;;;;;;;True;False;False;False;;ok;15628.703668916094;15621.654598931518;15621.654598931518;15621.654598931518;29;15621.654598931518;410.1732;7.049069984575908;Evaluated;11.3359;2.2275;64;True;1;
5;1;5;9;diversification;3;457c4bc75f95;swap;26;31;;;;;;;;;;;;True;False;False;False;;ok;16898.836619429847;15621.654598931518;15621.654598931518;15621.654598931518;30;15621.654598931518;427.5993;1277.1820204983287;Evaluated;14.9992;2.4241;64;True;2;duplicate_for_same_parent_sequence
5;1;5;10;diversification;3;457c4bc75f95;move;;;45;30;;;;;;;;;;True;False;False;True;;ok;16805.250239202847;15621.654598931518;15621.654598931518;15621.654598931518;31;15621.654598931518;441.4941;1183.595640271329;Evaluated;11.4645;2.4272;64;True;1;
5;1;5;;diversification;0;;;;;;;;;;;;;;;;;;;;;End-of-iteration summary row;;;15618.261462754272;15618.261462754272;31;15618.261462754272;441.5071;;IterationSummary;;;;;;
6;1;6;1;normal;0;eabc22f81c95;move;;;20;16;;;;;;;;;;True;False;False;False;;ok;17229.30602051487;15618.261462754272;15618.261462754272;15618.261462754272;32;15618.261462754272;456.8476;1611.044557760597;Evaluated;12.9053;2.4287;64;True;1;
6;1;6;2;normal;0;eabc22f81c95;swap;20;25;;;;;;;;;;;;True;False;False;False;;ok;17229.44109657126;15618.261462754272;15618.261462754272;15618.261462754272;33;15618.261462754272;470.7405;1611.179633816988;Evaluated;11.4629;2.4289;64;True;1;
6;1;6;3;normal;0;eabc22f81c95;reinsert_block;;;;;;;35;40;20;;;;;True;False;False;True;;ok;17241.03030493065;15618.261462754272;15618.261462754272;15618.261462754272;34;15618.261462754272;484.7424;1622.7688421763778;Evaluated;11.5713;2.4281;64;True;1;
6;1;6;4;normal;0;eabc22f81c95;move;;;50;48;;;;;;;;;;True;False;False;False;;ok;15618.261462754272;15618.261462754272;15618.261462754272;15618.261462754272;35;15618.261462754272;498.0694;0.0;Evaluated;11.0959;2.2304;64;True;1;
6;1;6;5;normal;0;eabc22f81c95;move;;;24;8;;;;;;;;;;True;False;False;True;;ok;17734.07521736401;15618.261462754272;15618.261462754272;15618.261462754272;36;15618.261462754272;511.5446;2115.8137546097387;Evaluated;11.0489;2.4236;64;True;1;
6;1;6;;normal;1;;;;;;;;;;;;;;;;;;;;;End-of-iteration summary row;;;15618.261462754272;15618.261462754272;36;15618.261462754272;511.5472;;IterationSummary;;;;;;
7;1;7;1;normal;1;eabc22f81c95;move;;;10;5;;;;;;;;;;True;False;False;False;;ok;18200.20197860381;15618.261462754272;15618.261462754272;15618.261462754272;37;15618.261462754272;526.8655;2581.940515849539;Evaluated;12.6845;2.6261;64;True;1;
7;1;7;2;normal;1;eabc22f81c95;swap;18;22;;;;;;;;;;;;True;False;False;False;;ok;18056.66385629398;15618.261462754272;15618.261462754272;15618.261462754272;38;15618.261462754272;544.2745;2438.402393539709;Evaluated;14.7809;2.6255;64;True;2;duplicate_for_same_parent_sequence
7;1;7;3;normal;1;eabc22f81c95;reinsert_block;;;;;;;35;40;25;;;;;True;False;False;True;;ok;16788.203299511348;15618.261462754272;15618.261462754272;15618.261462754272;39;15618.261462754272;558.2868;1169.941836757076;Evaluated;11.579;2.4307;64;True;1;
7;1;7;4;normal;1;eabc22f81c95;move;;;30;20;;;;;;;;;;True;False;False;True;;ok;17279.045385099507;15618.261462754272;15618.261462754272;15618.261462754272;40;15618.261462754272;575.5014;1660.7839223452356;Evaluated;14.7838;2.4277;64;True;2;duplicate_for_same_parent_sequence
7;1;7;5;normal;1;eabc22f81c95;move;;;24;16;;;;;;;;;;True;False;False;False;;ok;17330.70995654804;15618.261462754272;15618.261462754272;15618.261462754272;41;15618.261462754272;589.0632;1712.4484937937668;Evaluated;11.1321;2.427;64;True;1;
7;1;7;;normal;2;;;;;;;;;;;;;;;;;;;;;End-of-iteration summary row;;;15618.261462754272;15618.261462754272;41;15618.261462754272;589.0646;;IterationSummary;;;;;;
8;1;8;1;normal;2;eabc22f81c95;move;;;8;3;;;;;;;;;;True;False;False;False;;ok;17895.93772484332;15618.261462754272;15618.261462754272;15618.261462754272;42;15618.261462754272;607.5591;2277.6762620890477;Evaluated;16.0552;2.4298;64;True;2;duplicate_for_same_parent_sequence
8;1;8;2;normal;2;eabc22f81c95;move;;;19;23;;;;;;;;;;True;False;False;False;;ok;17350.54316346014;15618.261462754272;15618.261462754272;15618.261462754272;43;15618.261462754272;624.7948;1732.2817007058693;Evaluated;14.8062;2.4269;64;True;2;duplicate_for_same_parent_sequence
8;1;8;3;normal;2;eabc22f81c95;move;;;36;28;;;;;;;;;;True;False;False;False;;ok;16496.71297928953;15618.261462754272;15618.261462754272;15618.261462754272;44;15618.261462754272;642.5336;878.4515165352568;Evaluated;15.3075;2.4282;64;True;2;duplicate_for_same_parent_sequence
8;1;8;4;normal;2;eabc22f81c95;move;;;52;50;;;;;;;;;;True;False;False;False;;ok;15257.254998496244;15618.261462754272;15618.261462754272;15618.261462754272;45;15618.261462754272;659.8028;-361.00646425802734;Evaluated;15.0372;2.229;64;True;2;duplicate_for_same_parent_sequence
8;1;8;5;normal;2;eabc22f81c95;move;;;25;10;;;;;;;;;;True;False;False;True;;ok;17731.650357761628;15618.261462754272;15618.261462754272;15618.261462754272;46;15618.261462754272;673.5193;2113.388895007356;Evaluated;11.2921;2.4219;64;True;1;
8;1;8;;normal;0;;;;;;;;;;;;;;;;;;;;;End-of-iteration summary row;;;15257.254998496244;15257.254998496244;46;15257.254998496244;673.5353;;IterationSummary;;;;;;
9;1;9;1;normal;0;94a23a605fea;move;;;3;8;;;;;;;;;;True;False;False;False;;ok;17910.929806024626;15257.254998496244;15257.254998496244;15257.254998496244;47;15257.254998496244;688.7308;2653.6748075283813;Evaluated;12.7622;2.428;64;True;1;
9;1;9;2;normal;0;94a23a605fea;swap;20;25;;;;;;;;;;;;True;False;False;False;;ok;17042.286369862082;15257.254998496244;15257.254998496244;15257.254998496244;48;15257.254998496244;702.6202;1785.031371365838;Evaluated;11.4573;2.429;64;True;1;
9;1;9;3;normal;0;94a23a605fea;reinsert_block;;;;;;;35;40;25;;;;;True;False;False;True;;ok;16588.24337002085;15257.254998496244;15257.254998496244;15257.254998496244;49;15257.254998496244;716.6047;1330.988371524605;Evaluated;11.5554;2.4266;64;True;1;
9;1;9;4;normal;0;94a23a605fea;move;;;50;48;;;;;;;;;;True;False;False;False;;ok;15251.985285066346;15257.254998496244;15257.254998496244;15257.254998496244;50;15257.254998496244;730.0351;-5.26971342989782;Evaluated;11.1981;2.2294;64;True;1;
9;1;9;5;normal;0;94a23a605fea;move;;;20;15;;;;;;;;;;True;False;False;False;;ok;17028.484606802907;15257.254998496244;15257.254998496244;15257.254998496244;51;15257.254998496244;743.5468;1771.229608306663;Evaluated;11.0797;2.4293;64;True;1;
9;1;9;;normal;0;;;;;;;;;;;;;;;;;;;;;End-of-iteration summary row;;;15251.985285066346;15251.985285066346;51;15251.985285066346;743.5621;;IterationSummary;;;;;;
10;1;10;1;normal;0;0cffbf56f79b;move;;;7;3;;;;;;;;;;True;False;False;False;;ok;18123.619891242717;15251.985285066346;15251.985285066346;15251.985285066346;52;15251.985285066346;758.9923;2871.6346061763707;Evaluated;12.8;2.6223;64;True;1;
10;1;10;2;normal;0;0cffbf56f79b;swap;20;25;;;;;;;;;;;;True;False;False;False;;ok;17451.516440288808;15251.985285066346;15251.985285066346;15251.985285066346;53;15251.985285066346;772.8499;2199.531155222461;Evaluated;11.4295;2.4273;64;True;1;
10;1;10;3;normal;0;0cffbf56f79b;reinsert_block;;;;;;;35;40;19;;;;;True;False;False;True;;ok;16582.29829941067;15251.985285066346;15251.985285066346;15251.985285066346;54;15251.985285066346;786.8199;1330.313014344325;Evaluated;11.5253;2.4416;64;True;1;
10;1;10;4;normal;0;0cffbf56f79b;move;;;52;48;;;;;;;;;;True;False;False;False;;ok;15528.37587100938;15251.985285066346;15251.985285066346;15251.985285066346;55;15251.985285066346;800.1007;276.39058594303424;Evaluated;11.0507;2.2277;64;True;1;
10;1;10;5;normal;0;0cffbf56f79b;move;;;8;15;;;;;;;;;;True;False;False;False;;ok;15251.434359950814;15251.985285066346;15251.985285066346;15251.985285066346;56;15251.985285066346;813.3451;-0.5509251155326638;Evaluated;11.0107;2.2303;64;True;1;
10;1;10;;normal;0;;;;;;;;;;;;;;;;;;;;;End-of-iteration summary row;;;15251.434359950814;15251.434359950814;56;15251.434359950814;813.3576;;IterationSummary;;;;;;
11;1;11;1;normal;0;1a68e0f17803;move;;;10;5;;;;;;;;;;True;False;False;False;;ok;15316.097981216728;15251.434359950814;15251.434359950814;15251.434359950814;57;15251.434359950814;828.6878;64.66362126591412;Evaluated;13.0974;2.2239;64;True;1;
11;1;11;2;normal;0;1a68e0f17803;swap;20;25;;;;;;;;;;;;True;False;False;False;;ok;17707.475158192316;15251.434359950814;15251.434359950814;15251.434359950814;58;15251.434359950814;842.3742;2456.0407982415018;Evaluated;11.2557;2.4276;64;True;1;
11;1;11;3;normal;0;1a68e0f17803;reinsert_block;;;;;;;35;40;20;;;;;True;False;False;True;;ok;17146.695134432208;15251.434359950814;15251.434359950814;15251.434359950814;59;15251.434359950814;856.206;1895.260774481394;Evaluated;11.4014;2.4271;64;True;1;
11;1;11;4;normal;0;1a68e0f17803;move;;;50;49;;;;;;;;;;True;False;False;False;;ok;15252.256935732006;15251.434359950814;15251.434359950814;15251.434359950814;60;15251.434359950814;869.7291;0.8225757811924268;Evaluated;11.2922;2.2281;64;True;1;
11;1;11;5;normal;0;1a68e0f17803;move;;;28;35;;;;;;;;;;True;False;False;False;;ok;16964.50469737056;15251.434359950814;15251.434359950814;15251.434359950814;61;15251.434359950814;883.2662;1713.0703374197474;Evaluated;11.106;2.4299;64;True;1;
11;1;11;;normal;1;;;;;;;;;;;;;;;;;;;;;End-of-iteration summary row;;;15251.434359950814;15251.434359950814;61;15251.434359950814;883.2695;;IterationSummary;;;;;;
12;1;12;1;normal;1;1a68e0f17803;move;;;7;3;;;;;;;;;;True;False;False;False;;ok;18122.633697166304;15251.434359950814;15251.434359950814;15251.434359950814;62;15251.434359950814;901.8008;2871.1993372154902;Evaluated;15.8816;2.6318;64;True;2;duplicate_for_same_parent_sequence
12;1;12;2;normal;1;1a68e0f17803;swap;16;20;;;;;;;;;;;;True;False;False;False;;ok;17592.482720062646;15251.434359950814;15251.434359950814;15251.434359950814;63;15251.434359950814;916.7072;2341.048360111832;Evaluated;12.4725;2.4309;64;True;1;
12;1;12;3;normal;1;1a68e0f17803;move;;;8;15;;;;;;;;;;True;False;False;False;;ok;17734.31207463742;15251.434359950814;15251.434359950814;15251.434359950814;64;15251.434359950814;939.5167;2482.877714686605;Evaluated;20.3803;2.4263;64;True;2;duplicate_for_same_parent_sequence
12;1;12;4;normal;1;1a68e0f17803;move;;;50;48;;;;;;;;;;True;False;False;False;;ok;15252.256935732006;15251.434359950814;15251.434359950814;15251.434359950814;65;15251.434359950814;958.1933;0.8225757811924268;Evaluated;16.4465;2.2275;64;True;1;
12;1;12;5;normal;1;1a68e0f17803;move;;;10;5;;;;;;;;;;False;True;False;;;ok;;15251.434359950814;15251.434359950814;15251.434359950814;65;15251.434359950814;981.7666;;DuplicateForSameParentSequenceAfterRetries;23.5703;;;;3;duplicate_for_same_parent_sequence
12;1;12;;normal;2;;;;;;;;;;;;;;;;;;;;;End-of-iteration summary row;;;15251.434359950814;15251.434359950814;65;15251.434359950814;981.7677;;IterationSummary;;;;;;
13;1;13;1;normal;2;1a68e0f17803;move;;;10;25;;;;;;;;;;True;False;False;True;;ok;17561.36545291375;15251.434359950814;15251.434359950814;15251.434359950814;66;15251.434359950814;1006.8692;2309.9310929629355;Evaluated;22.6627;2.4302;64;True;2;duplicate_for_same_parent_sequence
13;1;13;2;normal;2;1a68e0f17803;swap;17;23;;;;;;;;;;;;True;False;False;False;;ok;18245.29015059047;15251.434359950814;15251.434359950814;15251.434359950814;67;15251.434359950814;1026.0157;2993.8557906396563;Evaluated;16.515;2.6289;64;True;1;
13;1;13;3;normal;2;1a68e0f17803;reinsert_block;;;;;;;35;40;25;;;;;True;False;False;True;;ok;16580.61197397284;15251.434359950814;15251.434359950814;15251.434359950814;68;15251.434359950814;1045.107;1329.1776140220245;Evaluated;16.6627;2.4259;64;True;1;
13;1;13;4;normal;2;1a68e0f17803;move;;;48;52;;;;;;;;;;True;False;False;False;;ok;15617.60951557403;15251.434359950814;15251.434359950814;15251.434359950814;69;15251.434359950814;1063.8632;366.1751556232157;Evaluated;16.5232;2.2312;64;True;1;
13;1;13;5;normal;2;1a68e0f17803;move;;;30;15;;;;;;;;;;True;False;False;True;;ok;17604.38104200381;15251.434359950814;15251.434359950814;15251.434359950814;70;15251.434359950814;1082.8083;2352.946682052996;Evaluated;16.5143;2.428;64;True;1;
13;1;13;;normal;3;;;;;;;;;;;;;;;;;;;;;End-of-iteration summary row;;;15251.434359950814;15251.434359950814;70;15251.434359950814;1082.8114;;IterationSummary;;;;;;
14;1;14;1;diversification;3;1a68e0f17803;move;;;20;10;;;;;;;;;;True;False;False;True;;ok;18086.80723905928;15251.434359950814;15251.434359950814;15251.434359950814;71;15251.434359950814;1108.8788;2835.372879108465;Evaluated;23.4295;2.6284;64;True;2;duplicate_for_same_parent_sequence
14;1;14;2;diversification;3;1a68e0f17803;reinsert_block;;;;;;;20;27;35;;;;;True;False;False;True;;ok;16861.607730910568;15251.434359950814;15251.434359950814;15251.434359950814;72;15251.434359950814;1128.4488;1610.1733709597538;Evaluated;17.1377;2.4288;64;True;1;
14;1;14;3;diversification;3;1a68e0f17803;swap;34;50;;;;;;;;;;;;True;False;False;True;;ok;17247.32247429207;15251.434359950814;15251.434359950814;15251.434359950814;73;15251.434359950814;1147.6806;1995.8881143412545;Evaluated;16.8023;2.4268;64;True;1;
14;1;14;4;diversification;3;1a68e0f17803;move;;;62;50;;;;;;;;;;True;False;False;True;;ok;15461.691025849103;15251.434359950814;15251.434359950814;15251.434359950814;74;15251.434359950814;1170.2944;210.2566658982887;Evaluated;20.3768;2.2342;64;True;2;duplicate_for_same_parent_sequence
14;1;14;5;diversification;3;1a68e0f17803;swap;3;7;;;;;;;;;;;;True;False;False;False;;ok;17414.36037327157;15251.434359950814;15251.434359950814;15251.434359950814;75;15251.434359950814;1193.3454;2162.926013320757;Evaluated;20.6195;2.4291;64;True;2;duplicate_for_same_parent_sequence
14;1;14;6;diversification;3;1a68e0f17803;move;;;25;10;;;;;;;;;;True;False;False;True;;ok;18043.463897277226;15251.434359950814;15251.434359950814;15251.434359950814;76;15251.434359950814;1212.8607;2792.0295373264125;Evaluated;17.0819;2.4307;64;True;1;
14;1;14;7;diversification;3;1a68e0f17803;move;;;25;10;;;;;;;;;;False;True;False;;;ok;;15251.434359950814;15251.434359950814;15251.434359950814;76;15251.434359950814;1236.4056;;DuplicateForSameParentSequenceAfterRetries;23.5419;;;;3;duplicate_for_same_parent_sequence
14;1;14;8;diversification;3;1a68e0f17803;swap;8;15;;;;;;;;;;;;True;False;False;False;;ok;17944.639319860922;15251.434359950814;15251.434359950814;15251.434359950814;77;15251.434359950814;1258.9885;2693.2049599101083;Evaluated;20.1547;2.4272;64;True;2;duplicate_for_same_parent_sequence
14;1;14;9;diversification;3;1a68e0f17803;move;;;25;30;;;;;;;;;;True;False;False;False;;ok;17109.063050331366;15251.434359950814;15251.434359950814;15251.434359950814;78;15251.434359950814;1278.1673;1857.6286903805521;Evaluated;16.7453;2.4323;64;True;1;
14;1;14;10;diversification;3;1a68e0f17803;move;;;45;50;;;;;;;;;;True;False;False;False;;ok;15595.015809511515;15251.434359950814;15251.434359950814;15251.434359950814;79;15251.434359950814;1297.4827;343.581449560701;Evaluated;17.0861;2.2261;64;True;1;
14;1;14;;diversification;4;;;;;;;;;;;;;;;;;;;;;End-of-iteration summary row;;;15251.434359950814;15251.434359950814;79;15251.434359950814;1297.4858;;IterationSummary;;;;;;
15;1;15;1;diversification;4;1a68e0f17803;move;;;6;20;;;;;;;;;;True;False;False;True;;ok;17736.308656388534;15251.434359950814;15251.434359950814;15251.434359950814;80;15251.434359950814;1319.667;2484.8742964377197;Evaluated;19.7435;2.426;64;True;1;
15;1;15;2;diversification;4;1a68e0f17803;move;;;28;19;;;;;;;;;;True;False;False;False;;ok;17785.92113859414;15251.434359950814;15251.434359950814;15251.434359950814;81;15251.434359950814;1342.9337;2534.486778643328;Evaluated;20.8332;2.4307;64;True;2;duplicate_for_same_parent_sequence
15;1;15;3;diversification;4;1a68e0f17803;swap;35;40;;;;;;;;;;;;True;False;False;False;;ok;16238.825291755209;15251.434359950814;15251.434359950814;15251.434359950814;82;15251.434359950814;1362.1937;987.3909318043952;Evaluated;16.8266;2.4308;64;True;1;
15;1;15;4;diversification;4;1a68e0f17803;move;;;62;55;;;;;;;;;;True;False;False;False;;ok;15538.014656093892;15251.434359950814;15251.434359950814;15251.434359950814;83;15251.434359950814;1384.8202;286.58029614307816;Evaluated;20.3968;2.2269;64;True;2;duplicate_for_same_parent_sequence
15;1;15;5;diversification;4;1a68e0f17803;swap;1;3;;;;;;;;;;;;True;False;False;False;;ok;17944.59544358676;15251.434359950814;15251.434359950814;15251.434359950814;84;15251.434359950814;1407.71;2693.161083635947;Evaluated;20.4576;2.4287;64;True;2;duplicate_for_same_parent_sequence
15;1;15;6;diversification;4;1a68e0f17803;move;;;27;35;;;;;;;;;;True;False;False;False;;ok;17520.64961078175;15251.434359950814;15251.434359950814;15251.434359950814;85;15251.434359950814;1426.8556;2269.2152508309373;Evaluated;16.7156;2.4272;64;True;1;
15;1;15;7;diversification;4;1a68e0f17803;move;;;15;20;;;;;;;;;;True;False;False;False;;ok;17091.172199906745;15251.434359950814;15251.434359950814;15251.434359950814;86;15251.434359950814;1445.7968;1839.7378399559311;Evaluated;16.5127;2.4259;64;True;1;
15;1;15;8;diversification;4;1a68e0f17803;swap;3;18;;;;;;;;;;;;True;False;False;True;;ok;17663.160262101963;15251.434359950814;15251.434359950814;15251.434359950814;87;15251.434359950814;1468.8453;2411.725902151149;Evaluated;20.6231;2.4227;64;True;2;duplicate_for_same_parent_sequence
15;1;15;9;diversification;4;1a68e0f17803;move;;;45;28;;;;;;;;;;True;False;False;True;;ok;17592.21881776324;15251.434359950814;15251.434359950814;15251.434359950814;88;15251.434359950814;1488.0986;2340.7844578124277;Evaluated;16.8229;2.428;64;True;1;
15;1;15;10;diversification;4;1a68e0f17803;move;;;45;30;;;;;;;;;;True;False;False;True;;ok;17592.82288885732;15251.434359950814;15251.434359950814;15251.434359950814;89;15251.434359950814;1507.6413;2341.3885289065074;Evaluated;17.1094;2.4293;64;True;1;
15;1;15;;diversification;5;;;;;;;;;;;;;;;;;;;;;End-of-iteration summary row;;;15251.434359950814;15251.434359950814;89;15251.434359950814;1507.6444;;IterationSummary;;;;;;
16;1;16;1;diversification;5;1a68e0f17803;move;;;45;20;;;;;;;;;;True;False;False;True;;ok;16280.120077203885;15251.434359950814;15251.434359950814;15251.434359950814;90;15251.434359950814;1529.9577;1028.6857172530708;Evaluated;19.878;2.4262;64;True;1;
16;1;16;2;diversification;5;1a68e0f17803;reinsert_block;;;;;;;20;25;16;;;;;True;False;False;False;;ok;18577.06570694307;15251.434359950814;15251.434359950814;15251.434359950814;91;15251.434359950814;1549.7842;3325.631346992257;Evaluated;17.194;2.6295;64;True;1;
16;1;16;3;diversification;5;1a68e0f17803;swap;32;46;;;;;;;;;;;;True;False;False;True;;ok;17950.797906696618;15251.434359950814;15251.434359950814;15251.434359950814;92;15251.434359950814;1572.8756;2699.3635467458043;Evaluated;20.6624;2.426;64;True;2;duplicate_for_same_parent_sequence
16;1;16;4;diversification;5;1a68e0f17803;move;;;35;25;;;;;;;;;;True;False;False;True;;ok;16957.68015922277;15251.434359950814;15251.434359950814;15251.434359950814;93;15251.434359950814;1595.9728;1706.2457992719574;Evaluated;20.6675;2.4267;64;True;2;duplicate_for_same_parent_sequence
16;1;16;5;diversification;5;1a68e0f17803;swap;2;8;;;;;;;;;;;;True;False;False;False;;ok;18504.617262882468;15251.434359950814;15251.434359950814;15251.434359950814;94;15251.434359950814;1619.0101;3253.182902931654;Evaluated;20.4089;2.6267;64;True;2;duplicate_for_same_parent_sequence
16;1;16;6;diversification;5;1a68e0f17803;move;;;50;28;;;;;;;;;;True;False;False;True;;ok;16369.410714127847;15251.434359950814;15251.434359950814;15251.434359950814;95;15251.434359950814;1638.1664;1117.9763541770335;Evaluated;16.7286;2.427;64;True;1;
16;1;16;7;diversification;5;1a68e0f17803;move;;;50;35;;;;;;;;;;True;False;False;True;;ok;16968.67688212287;15251.434359950814;15251.434359950814;15251.434359950814;96;15251.434359950814;1657.1185;1717.242522172055;Evaluated;16.5258;2.4237;64;True;1;
16;1;16;8;diversification;5;1a68e0f17803;move;;;20;30;;;;;;;;;;True;False;False;True;;ok;17285.94405930849;15251.434359950814;15251.434359950814;15251.434359950814;97;15251.434359950814;1679.9385;2034.5096993576772;Evaluated;20.3853;2.4314;64;True;2;duplicate_for_same_parent_sequence
16;1;16;9;diversification;5;1a68e0f17803;move;;;35;28;;;;;;;;;;True;False;False;False;;ok;15403.123071755517;15251.434359950814;15251.434359950814;15251.434359950814;98;15251.434359950814;1699.2145;151.68871180470342;Evaluated;17.0447;2.2287;64;True;1;
16;1;16;10;diversification;5;1a68e0f17803;move;;;40;50;;;;;;;;;;True;False;False;True;;ok;15263.709330702455;15251.434359950814;15251.434359950814;15251.434359950814;99;15251.434359950814;1718.3262;12.274970751641376;Evaluated;16.8782;2.2302;64;True;1;
16;1;16;;diversification;6;;;;;;;;;;;;;;;;;;;;;End-of-iteration summary row;;;15251.434359950814;15251.434359950814;99;15251.434359950814;1718.3297;;IterationSummary;;;;;;
17;1;17;1;diversification;6;1a68e0f17803;move;;;8;2;;;;;;;;;;True;False;False;False;;ok;15529.627331852023;15251.434359950814;15251.434359950814;15251.434359950814;100;15251.434359950814;1744.154;278.1929719012096;Evaluated;23.5914;2.2251;64;True;2;duplicate_for_same_parent_sequence
17;1;17;2;diversification;6;1a68e0f17803;reinsert_block;;;;;;;18;23;5;;;;;True;False;False;True;;ok;15943.465573729838;15251.434359950814;15251.434359950814;15251.434359950814;101;15251.434359950814;1763.5707;692.0312137790243;Evaluated;17.1893;2.2247;64;True;1;
17;1;17;3;diversification;6;1a68e0f17803;swap;40;50;;;;;;;;;;;;True;False;False;False;;ok;15263.465955467687;15251.434359950814;15251.434359950814;15251.434359950814;102;15251.434359950814;1782.7444;12.031595516873494;Evaluated;16.9464;2.2265;64;True;1;
17;1;17;4;diversification;6;1a68e0f17803;move;;;62;49;;;;;;;;;;True;False;False;True;;ok;15881.5989575255;15251.434359950814;15251.434359950814;15251.434359950814;103;15251.434359950814;1805.4675;630.1645975746869;Evaluated;20.4974;2.2232;64;True;2;duplicate_for_same_parent_sequence
17;1;17;5;diversification;6;1a68e0f17803;move;;;15;4;;;;;;;;;;True;False;False;True;;ok;18121.046008231224;15251.434359950814;15251.434359950814;15251.434359950814;104;15251.434359950814;1825.0557;2869.61164828041;Evaluated;16.9542;2.6313;64;True;1;
17;1;17;6;diversification;6;1a68e0f17803;swap;32;33;;;;;;;;;;;;True;False;False;False;;ok;15403.884081523895;15251.434359950814;15251.434359950814;15251.434359950814;105;15251.434359950814;1847.8223;152.44972157308075;Evaluated;20.5308;2.2325;64;True;2;duplicate_for_same_parent_sequence
17;1;17;7;diversification;6;1a68e0f17803;move;;;20;35;;;;;;;;;;True;False;False;True;;ok;17046.26687587453;15251.434359950814;15251.434359950814;15251.434359950814;106;15251.434359950814;1866.8135;1794.8325159237174;Evaluated;16.5535;2.437;64;True;1;
17;1;17;8;diversification;6;1a68e0f17803;move;;;30;40;;;;;;;;;;True;False;False;True;;ok;15404.285141418766;15251.434359950814;15251.434359950814;15251.434359950814;107;15251.434359950814;1893.1246;152.8507814679524;Evaluated;24.0785;2.23;64;True;3;duplicate_for_same_parent_sequence
17;1;17;9;diversification;6;1a68e0f17803;move;;;18;4;;;;;;;;;;True;False;False;True;;ok;18022.749784839576;15251.434359950814;15251.434359950814;15251.434359950814;108;15251.434359950814;1915.9922;2771.315424888762;Evaluated;20.4371;2.4279;64;True;2;duplicate_for_same_parent_sequence
17;1;17;10;diversification;6;1a68e0f17803;swap;40;45;;;;;;;;;;;;True;False;False;False;;ok;16490.41590046433;15251.434359950814;15251.434359950814;15251.434359950814;109;15251.434359950814;1939.0178;1238.981540513516;Evaluated;20.603;2.4202;64;True;2;duplicate_for_same_parent_sequence
17;1;17;;diversification;7;;;;;;;;;;;;;;;;;;;;;End-of-iteration summary row;;;15251.434359950814;15251.434359950814;109;15251.434359950814;1939.0185;;IterationSummary;;;;;;
18;1;18;1;diversification;7;1a68e0f17803;move;;;6;30;;;;;;;;;;True;False;False;True;;ok;17752.960121496926;15251.434359950814;15251.434359950814;15251.434359950814;110;15251.434359950814;1965.1581;2501.5257615461123;Evaluated;23.7081;2.4259;64;True;2;duplicate_for_same_parent_sequence
18;1;18;2;diversification;7;1a68e0f17803;reinsert_block;;;;;;;22;28;5;;;;;True;False;False;True;;ok;18195.429706043014;15251.434359950814;15251.434359950814;15251.434359950814;111;15251.434359950814;1992.661;2943.9953460922006;Evaluated;24.8708;2.6314;64;True;3;duplicate_for_same_parent_sequence
18;1;18;3;diversification;7;1a68e0f17803;swap;32;47;;;;;;;;;;;;True;False;False;True;;ok;15411.517309046927;15251.434359950814;15251.434359950814;15251.434359950814;112;15251.434359950814;2015.8763;160.08294909611323;Evaluated;20.972;2.2407;64;True;2;duplicate_for_same_parent_sequence
18;1;18;4;diversification;7;1a68e0f17803;move;;;50;48;;;;;;;;;;False;True;True;;;ok;;15251.434359950814;15251.434359950814;15251.434359950814;112;15251.434359950814;2040.1223;;DuplicateForSameParentSequenceAfterRetries;24.2434;;;;3;duplicate_for_same_parent_sequence
18;1;18;5;diversification;7;1a68e0f17803;move;;;34;15;;;;;;;;;;True;False;False;True;;ok;17709.388826853054;15251.434359950814;15251.434359950814;15251.434359950814;113;15251.434359950814;2063.1477;2457.95446690224;Evaluated;20.5933;2.4311;64;True;2;duplicate_for_same_parent_sequence
18;1;18;6;diversification;7;1a68e0f17803;move;;;32;40;;;;;;;;;;True;False;False;False;;ok;15557.963240554593;15251.434359950814;15251.434359950814;15251.434359950814;114;15251.434359950814;2085.9803;306.5288806037788;Evaluated;20.5957;2.2337;64;True;2;duplicate_for_same_parent_sequence
18;1;18;7;diversification;7;1a68e0f17803;move;;;30;20;;;;;;;;;;True;False;False;True;;ok;17539.908084355895;15251.434359950814;15251.434359950814;15251.434359950814;115;15251.434359950814;2108.7754;2288.473724405081;Evaluated;20.3561;2.4361;64;True;2;duplicate_for_same_parent_sequence
18;1;18;8;diversification;7;1a68e0f17803;move;;;25;30;;;;;;;;;;False;True;False;;;ok;;15251.434359950814;15251.434359950814;15251.434359950814;115;15251.434359950814;2133.1785;;DuplicateForSameParentSequenceAfterRetries;24.4004;;;;3;duplicate_for_same_parent_sequence
18;1;18;9;diversification;7;1a68e0f17803;move;;;25;40;;;;;;;;;;True;False;False;True;;ok;16775.085923459395;15251.434359950814;15251.434359950814;15251.434359950814;116;15251.434359950814;2152.4295;1523.6515635085816;Evaluated;16.8221;2.4278;64;True;1;
18;1;18;10;diversification;7;1a68e0f17803;swap;37;42;;;;;;;;;;;;True;False;False;False;;ok;15994.813196272704;15251.434359950814;15251.434359950814;15251.434359950814;117;15251.434359950814;2175.2683;743.37883632189;Evaluated;20.6091;2.2269;64;True;2;duplicate_for_same_parent_sequence
18;1;18;;diversification;8;;;;;;;;;;;;;;;;;;;;;End-of-iteration summary row;;;15251.434359950814;15251.434359950814;117;15251.434359950814;2175.2711;;IterationSummary;;;;;;
19;1;19;1;diversification;8;1a68e0f17803;move;;;5;20;;;;;;;;;;True;False;False;True;;ok;17767.035365364558;15251.434359950814;15251.434359950814;15251.434359950814;118;15251.434359950814;2197.837;2515.601005413744;Evaluated;20.13;2.4276;64;True;1;
19;1;19;2;diversification;8;1a68e0f17803;reinsert_block;;;;;;;20;24;10;;;;;True;False;False;True;;ok;17842.05630722645;15251.434359950814;15251.434359950814;15251.434359950814;119;15251.434359950814;2221.4187;2590.6219472756347;Evaluated;21.1534;2.4269;64;True;2;duplicate_for_same_parent_sequence
19;1;19;3;diversification;8;1a68e0f17803;swap;40;32;;;;;;;;;;;;True;False;False;False;;ok;15251.434359950814;15251.434359950814;15251.434359950814;15251.434359950814;120;15251.434359950814;2240.571;0.0;Evaluated;16.9162;2.2319;64;True;1;
19;1;19;4;diversification;8;1a68e0f17803;move;;;52;37;;;;;;;;;;True;False;False;True;;ok;15792.1233822567;15251.434359950814;15251.434359950814;15251.434359950814;121;15251.434359950814;2263.2833;540.6890223058854;Evaluated;20.4853;2.2244;64;True;2;duplicate_for_same_parent_sequence
19;1;19;5;diversification;8;1a68e0f17803;move;;;40;25;;;;;;;;;;True;False;False;True;;ok;15414.214832098969;15251.434359950814;15251.434359950814;15251.434359950814;122;15251.434359950814;2282.4445;162.78047214815524;Evaluated;16.9279;2.2302;64;True;1;
19;1;19;6;diversification;8;1a68e0f17803;swap;40;45;;;;;;;;;;;;False;True;False;;;ok;;15251.434359950814;15251.434359950814;15251.434359950814;122;15251.434359950814;2306.571;;DuplicateForSameParentSequenceAfterRetries;24.1237;;;;3;duplicate_for_same_parent_sequence
19;1;19;7;diversification;8;1a68e0f17803;move;;;45;10;;;;;;;;;;True;False;False;True;;ok;17623.861142600355;15251.434359950814;15251.434359950814;15251.434359950814;123;15251.434359950814;2332.7524;2372.4267826495416;Evaluated;23.7559;2.4245;64;True;3;duplicate_for_same_parent_sequence
19;1;19;8;diversification;8;1a68e0f17803;swap;8;15;;;;;;;;;;;;False;True;False;;;ok;;15251.434359950814;15251.434359950814;15251.434359950814;123;15251.434359950814;2356.7617;;DuplicateForSameParentSequenceAfterRetries;24.0064;;;;3;duplicate_for_same_parent_sequence
19;1;19;9;diversification;8;1a68e0f17803;move;;;35;15;;;;;;;;;;True;False;False;True;;ok;17649.501451739365;15251.434359950814;15251.434359950814;15251.434359950814;124;15251.434359950814;2379.6628;2398.067091788551;Evaluated;20.473;2.4274;64;True;2;duplicate_for_same_parent_sequence
19;1;19;10;diversification;8;1a68e0f17803;swap;42;47;;;;;;;;;;;;True;False;False;False;;ok;15960.403865898983;15251.434359950814;15251.434359950814;15251.434359950814;125;15251.434359950814;2402.7279;708.9695059481692;Evaluated;20.84;2.222;64;True;2;duplicate_for_same_parent_sequence
19;1;19;;diversification;9;;;;;;;;;;;;;;;;;;;;;End-of-iteration summary row;;;15251.434359950814;15251.434359950814;125;15251.434359950814;2402.7286;;IterationSummary;;;;;;
20;1;20;1;diversification;9;1a68e0f17803;move;;;18;3;;;;;;;;;;True;False;False;True;;ok;18021.89683951931;15251.434359950814;15251.434359950814;15251.434359950814;126;15251.434359950814;2428.9137;2770.4624795684977;Evaluated;23.7512;2.428;64;True;2;duplicate_for_same_parent_sequence
20;1;20;2;diversification;9;1a68e0f17803;move;;;50;30;;;;;;;;;;True;False;False;True;;ok;16798.837070796937;15251.434359950814;15251.434359950814;15251.434359950814;127;15251.434359950814;2452.2454;1547.4027108461232;Evaluated;20.8932;2.4357;64;True;2;duplicate_for_same_parent_sequence
20;1;20;3;diversification;9;1a68e0f17803;swap;35;42;;;;;;;;;;;;True;False;False;False;;ok;15629.446515716183;15251.434359950814;15251.434359950814;15251.434359950814;128;15251.434359950814;2471.3954;378.01215576536924;Evaluated;16.918;2.228;64;True;1;
20;1;20;4;diversification;9;1a68e0f17803;reinsert_block;;;;;;;50;53;40;;;;;True;False;False;True;;ok;15878.513756262719;15251.434359950814;15251.434359950814;15251.434359950814;129;15251.434359950814;2494.4981;627.0793963119049;Evaluated;20.8707;2.2283;64;True;2;duplicate_for_same_parent_sequence
20;1;20;5;diversification;9;1a68e0f17803;move;;;20;15;;;;;;;;;;True;False;False;False;;ok;17563.59584360537;15251.434359950814;15251.434359950814;15251.434359950814;130;15251.434359950814;2513.8954;2312.161483654556;Evaluated;16.9686;2.4259;64;True;1;
20;1;20;6;diversification;9;1a68e0f17803;move;;;50;37;;;;;;;;;;True;False;False;True;;ok;16560.60756482923;15251.434359950814;15251.434359950814;15251.434359950814;131;15251.434359950814;2533.2478;1309.173204878418;Evaluated;16.919;2.4303;64;True;1;
20;1;20;7;diversification;9;1a68e0f17803;move;;;50;25;;;;;;;;;;True;False;False;True;;ok;16372.157528415813;15251.434359950814;15251.434359950814;15251.434359950814;132;15251.434359950814;2552.4894;1120.7231684649996;Evaluated;16.8068;2.4314;64;True;1;
20;1;20;8;diversification;9;1a68e0f17803;move;;;15;8;;;;;;;;;;True;False;False;False;;ok;15251.985285066346;15251.434359950814;15251.434359950814;15251.434359950814;133;15251.434359950814;2571.5942;0.5509251155326638;Evaluated;16.8718;2.2302;64;True;1;
20;1;20;9;diversification;9;1a68e0f17803;move;;;31;25;;;;;;;;;;True;False;False;False;;ok;15337.67845128155;15251.434359950814;15251.434359950814;15251.434359950814;134;15251.434359950814;2597.9022;86.24409133073641;Evaluated;24.075;2.2303;64;True;3;duplicate_for_same_parent_sequence
20;1;20;10;diversification;9;1a68e0f17803;move;;;48;15;;;;;;;;;;True;False;False;True;;ok;17375.598037085558;15251.434359950814;15251.434359950814;15251.434359950814;135;15251.434359950814;2617.3449;2124.163677134744;Evaluated;17.0107;2.4288;64;True;1;
20;2;0;;diversification;0;;;;;;;;;;;;;;;;;;;;;End-of-iteration summary row;;;16630.57522948563;15251.434359950814;136;15251.434359950814;2619.7983;;IterationSummary;;;;;;
21;2;1;1;normal;0;0f63cf6f404e;move;;;10;5;;;;;;;;;;True;False;False;False;;ok;15621.654598931518;16630.57522948563;16630.57522948563;15251.434359950814;137;15251.434359950814;2639.2622;-1008.9206305541102;Evaluated;17.2302;2.2279;64;True;1;
21;2;1;2;normal;0;0f63cf6f404e;swap;20;25;;;;;;;;;;;;True;False;False;False;;ok;17127.159046974382;16630.57522948563;16630.57522948563;15251.434359950814;138;15251.434359950814;2655.7823;496.583817488754;Evaluated;14.0852;2.4322;64;True;1;
21;2;1;3;normal;0;0f63cf6f404e;reinsert_block;;;;;;;32;40;16;;;;;True;False;False;True;;ok;16292.549924556863;16630.57522948563;16630.57522948563;15251.434359950814;139;15251.434359950814;2672.8889;-338.02530492876576;Evaluated;14.6717;2.4316;64;True;1;
21;2;1;4;normal;0;0f63cf6f404e;move;;;48;15;;;;;;;;;;True;False;False;True;;ok;15778.933008309064;16630.57522948563;16630.57522948563;15251.434359950814;140;15251.434359950814;2689.168;-851.6422211765639;Evaluated;14.0523;2.2238;64;True;1;
21;2;1;5;normal;0;0f63cf6f404e;move;;;25;10;;;;;;;;;;True;False;False;True;;ok;17214.382585509495;16630.57522948563;16630.57522948563;15251.434359950814;141;15251.434359950814;2705.4398;583.8073560238663;Evaluated;13.8391;2.4299;64;True;1;
21;2;1;;normal;0;;;;;;;;;;;;;;;;;;;;;End-of-iteration summary row;;;15621.654598931518;15251.434359950814;141;15251.434359950814;2705.4526;;IterationSummary;;;;;;
22;2;2;1;normal;0;457c4bc75f95;move;;;10;5;;;;;;;;;;True;False;False;False;;ok;18199.88513772502;15621.654598931518;15621.654598931518;15251.434359950814;142;15251.434359950814;2727.3398;2578.230538793503;Evaluated;19.2477;2.6319;64;True;1;
22;2;2;2;normal;0;457c4bc75f95;swap;20;25;;;;;;;;;;;;True;False;False;False;;ok;17724.428182261432;15621.654598931518;15621.654598931518;15251.434359950814;143;15251.434359950814;2746.0693;2102.773583329914;Evaluated;16.3013;2.4254;64;True;1;
22;2;2;3;normal;0;457c4bc75f95;reinsert_block;;;;;;;32;40;16;;;;;True;False;False;True;;ok;16821.574750700296;15621.654598931518;15621.654598931518;15251.434359950814;144;15251.434359950814;2765.0567;1199.920151768778;Evaluated;16.5579;2.4269;64;True;1;
22;2;2;4;normal;0;457c4bc75f95;move;;;50;37;;;;;;;;;;True;False;False;True;;ok;15971.421816197895;15621.654598931518;15621.654598931518;15251.434359950814;145;15251.434359950814;2783.5466;349.767217266377;Evaluated;16.2573;2.2293;64;True;1;
22;2;2;5;normal;0;457c4bc75f95;move;;;25;10;;;;;;;;;;True;False;False;True;;ok;17734.824505912027;15621.654598931518;15621.654598931518;15251.434359950814;146;15251.434359950814;2801.765;2113.169906980509;Evaluated;15.7841;2.4314;64;True;1;
22;2;2;;normal;1;;;;;;;;;;;;;;;;;;;;;End-of-iteration summary row;;;15621.654598931518;15251.434359950814;146;15251.434359950814;2801.7685;;IterationSummary;;;;;;
23;2;3;1;normal;1;457c4bc75f95;move;;;8;3;;;;;;;;;;True;False;False;False;;ok;17908.192761675542;15621.654598931518;15621.654598931518;15251.434359950814;147;15251.434359950814;2822.5872;2286.538162744024;Evaluated;18.3773;2.4292;64;True;1;
23;2;3;2;normal;1;457c4bc75f95;swap;17;20;;;;;;;;;;;;True;False;False;False;;ok;17222.94920375672;15621.654598931518;15621.654598931518;15251.434359950814;148;15251.434359950814;2841.6736;1601.2946048252034;Evaluated;16.649;2.435;64;True;1;
23;2;3;3;normal;1;457c4bc75f95;reinsert_block;;;;;;;35;40;17;;;;;True;False;False;True;;ok;16436.71558426553;15621.654598931518;15621.654598931518;15251.434359950814;149;15251.434359950814;2860.8133;815.060985334012;Evaluated;16.7039;2.4326;64;True;1;
23;2;3;4;normal;1;457c4bc75f95;move;;;50;40;;;;;;;;;;True;False;False;True;;ok;15954.590219042097;15621.654598931518;15621.654598931518;15251.434359950814;150;15251.434359950814;2879.3737;332.9356201105784;Evaluated;16.3339;2.2238;64;True;1;
23;2;3;5;normal;1;457c4bc75f95;move;;;25;30;;;;;;;;;;True;False;False;False;;ok;15618.261462754272;15621.654598931518;15621.654598931518;15251.434359950814;151;15251.434359950814;2897.6729;-3.3931361772465607;Evaluated;16.0724;2.2259;64;True;1;
23;2;3;;normal;0;;;;;;;;;;;;;;;;;;;;;End-of-iteration summary row;;;15618.261462754272;15251.434359950814;151;15251.434359950814;2897.6802;;IterationSummary;;;;;;
24;2;4;1;normal;0;eabc22f81c95;move;;;10;5;;;;;;;;;;True;False;False;False;;ok;18200.20197860381;15618.261462754272;15618.261462754272;15251.434359950814;152;15251.434359950814;2919.4786;2581.940515849539;Evaluated;19.1596;2.6305;64;True;1;
24;2;4;2;normal;0;eabc22f81c95;swap;20;25;;;;;;;;;;;;True;False;False;False;;ok;17229.44109657126;15618.261462754272;15618.261462754272;15251.434359950814;153;15251.434359950814;2938.5549;1611.179633816988;Evaluated;16.6525;2.423;64;True;1;
24;2;4;3;normal;0;eabc22f81c95;reinsert_block;;;;;;;32;35;17;;;;;True;False;False;True;;ok;17465.937972747546;15618.261462754272;15618.261462754272;15251.434359950814;154;15251.434359950814;2958.0234;1847.6765099932745;Evaluated;17.0429;2.4249;64;True;1;
24;2;4;4;normal;0;eabc22f81c95;move;;;50;48;;;;;;;;;;True;False;False;False;;ok;15618.261462754272;15618.261462754272;15618.261462754272;15251.434359950814;155;15251.434359950814;2976.7361;0.0;Evaluated;16.4868;2.2253;64;True;1;
24;2;4;5;normal;0;eabc22f81c95;move;;;50;37;;;;;;;;;;True;False;False;True;;ok;15967.022050222356;15618.261462754272;15618.261462754272;15251.434359950814;156;15251.434359950814;2995.1298;348.76058746808485;Evaluated;16.1607;2.2322;64;True;1;
24;2;4;;normal;1;;;;;;;;;;;;;;;;;;;;;End-of-iteration summary row;;;15618.261462754272;15251.434359950814;156;15251.434359950814;2995.1305;;IterationSummary;;;;;;
25;2;5;1;normal;1;eabc22f81c95;move;;;8;12;;;;;;;;;;True;False;False;False;;ok;15620.341025711852;15618.261462754272;15618.261462754272;15251.434359950814;157;15251.434359950814;3015.8224;2.0795629575804924;Evaluated;18.4589;2.2268;64;True;1;
25;2;5;2;normal;1;eabc22f81c95;swap;17;20;;;;;;;;;;;;True;False;False;False;;ok;17223.914323448444;15618.261462754272;15618.261462754272;15251.434359950814;158;15251.434359950814;3038.6182;1605.652860694172;Evaluated;20.3638;2.4313;64;True;2;duplicate_for_same_parent_sequence
25;2;5;3;normal;1;eabc22f81c95;reinsert_block;;;;;;;35;40;17;;;;;True;False;False;True;;ok;16781.725181846854;15618.261462754272;15618.261462754272;15251.434359950814;159;15251.434359950814;3057.8814;1163.4637190925823;Evaluated;16.8293;2.4313;64;True;1;
25;2;5;4;normal;1;eabc22f81c95;move;;;50;42;;;;;;;;;;True;False;False;False;;ok;15791.502315290774;15618.261462754272;15618.261462754272;15251.434359950814;160;15251.434359950814;3076.6549;173.24085253650264;Evaluated;16.5385;2.2318;64;True;1;
25;2;5;5;normal;1;eabc22f81c95;move;;;40;15;;;;;;;;;;True;False;False;True;;ok;16882.434979560923;15618.261462754272;15618.261462754272;15251.434359950814;161;15251.434359950814;3095.3803;1264.1735168066516;Evaluated;16.2992;2.4226;64;True;1;
25;2;5;;normal;2;;;;;;;;;;;;;;;;;;;;;End-of-iteration summary row;;;15618.261462754272;15251.434359950814;161;15251.434359950814;3095.3835;;IterationSummary;;;;;;
26;2;6;1;normal;2;eabc22f81c95;move;;;8;4;;;;;;;;;;True;False;False;False;;ok;17894.152542265856;15618.261462754272;15618.261462754272;15251.434359950814;162;15251.434359950814;3119.9164;2275.8910795115844;Evaluated;22.0877;2.4304;64;True;2;duplicate_for_same_parent_sequence
26;2;6;2;normal;2;eabc22f81c95;swap;18;20;;;;;;;;;;;;True;False;False;False;;ok;17287.33311445098;15618.261462754272;15618.261462754272;15251.434359950814;163;15251.434359950814;3139.0568;1669.0716516967077;Evaluated;16.709;2.4286;64;True;1;
26;2;6;3;normal;2;eabc22f81c95;move;;;25;8;;;;;;;;;;True;False;False;True;;ok;18028.6106944062;15618.261462754272;15618.261462754272;15251.434359950814;164;15251.434359950814;3161.6828;2410.3492316519296;Evaluated;20.1973;2.4257;64;True;2;duplicate_for_same_parent_sequence
26;2;6;4;normal;2;eabc22f81c95;move;;;50;17;;;;;;;;;;True;False;False;True;;ok;17349.600438241938;15618.261462754272;15618.261462754272;15251.434359950814;165;15251.434359950814;3180.6028;1731.3389754876662;Evaluated;16.4939;2.4255;64;True;1;
26;2;6;5;normal;2;eabc22f81c95;move;;;45;30;;;;;;;;;;True;False;False;True;;ok;17788.234512923813;15618.261462754272;15618.261462754272;15251.434359950814;166;15251.434359950814;3199.2912;2169.9730501695412;Evaluated;16.2612;2.4247;64;True;1;
26;2;6;;normal;3;;;;;;;;;;;;;;;;;;;;;End-of-iteration summary row;;;15618.261462754272;15251.434359950814;166;15251.434359950814;3199.294;;IterationSummary;;;;;;
27;2;7;1;diversification;3;eabc22f81c95;move;;;18;25;;;;;;;;;;True;False;False;False;;ok;17351.21094781195;15618.261462754272;15618.261462754272;15251.434359950814;167;15251.434359950814;3220.7751;1732.9494850576775;Evaluated;19.0377;2.4283;64;True;1;
27;2;7;2;diversification;3;eabc22f81c95;reinsert_block;;;;;;;25;30;16;;;;;True;False;False;True;;ok;17282.71961345597;15618.261462754272;15618.261462754272;15251.434359950814;168;15251.434359950814;3240.4294;1664.4581507016992;Evaluated;17.2179;2.4336;64;True;1;
27;2;7;3;diversification;3;eabc22f81c95;swap;34;42;;;;;;;;;;;;True;False;False;False;;ok;15618.261462754272;15618.261462754272;15618.261462754272;15251.434359950814;169;15251.434359950814;3259.4904;0.0;Evaluated;16.8336;2.2253;64;True;1;
27;2;7;4;diversification;3;eabc22f81c95;move;;;58;61;;;;;;;;;;True;False;False;False;;ok;15782.707754738962;15618.261462754272;15618.261462754272;15251.434359950814;170;15251.434359950814;3282.2293;164.4462919846901;Evaluated;20.5077;2.2286;64;True;2;duplicate_for_same_parent_sequence
27;2;7;5;diversification;3;eabc22f81c95;move;;;25;10;;;;;;;;;;True;False;False;True;;ok;17731.650357761628;15618.261462754272;15618.261462754272;15251.434359950814;171;15251.434359950814;3301.5343;2113.388895007356;Evaluated;16.8739;2.429;64;True;1;
27;2;7;6;diversification;3;eabc22f81c95;move;;;25;30;;;;;;;;;;True;False;False;False;;ok;16897.676723193446;15618.261462754272;15618.261462754272;15251.434359950814;172;15251.434359950814;3321.0254;1279.4152604391747;Evaluated;17.0597;2.4287;64;True;1;
27;2;7;7;diversification;3;eabc22f81c95;move;;;40;25;;;;;;;;;;True;False;False;True;;ok;15624.932892185327;15618.261462754272;15618.261462754272;15251.434359950814;173;15251.434359950814;3339.7772;6.671429431055003;Evaluated;16.5242;2.2245;64;True;1;
27;2;7;8;diversification;3;eabc22f81c95;move;;;15;20;;;;;;;;;;True;False;False;False;;ok;16881.680074283046;15618.261462754272;15618.261462754272;15251.434359950814;174;15251.434359950814;3359.0822;1263.418611528774;Evaluated;16.8735;2.4287;64;True;1;
27;2;7;9;diversification;3;eabc22f81c95;move;;;45;17;;;;;;;;;;True;False;False;True;;ok;18053.590315081965;15618.261462754272;15618.261462754272;15251.434359950814;175;15251.434359950814;3381.9036;2435.3288523276933;Evaluated;20.3915;2.4291;64;True;2;duplicate_for_same_parent_sequence
27;2;7;10;diversification;3;eabc22f81c95;move;;;37;18;;;;;;;;;;True;False;False;True;;ok;17966.72493117365;15618.261462754272;15618.261462754272;15251.434359950814;176;15251.434359950814;3404.7274;2348.463468419377;Evaluated;20.3946;2.4264;64;True;2;duplicate_for_same_parent_sequence
27;2;7;;diversification;4;;;;;;;;;;;;;;;;;;;;;End-of-iteration summary row;;;15618.261462754272;15251.434359950814;176;15251.434359950814;3404.7314;;IterationSummary;;;;;;
28;2;8;1;diversification;4;eabc22f81c95;move;;;10;30;;;;;;;;;;True;False;False;True;;ok;16846.824826642856;15618.261462754272;15618.261462754272;15251.434359950814;177;15251.434359950814;3426.5709;1228.5633638885847;Evaluated;19.3954;2.4335;64;True;1;
28;2;8;2;diversification;4;eabc22f81c95;reinsert_block;;;;;;;18;23;5;;;;;True;False;False;True;;ok;16062.588119870074;15618.261462754272;15618.261462754272;15251.434359950814;178;15251.434359950814;3445.9329;444.32665711580194;Evaluated;17.1295;2.2299;64;True;1;
28;2;8;3;diversification;4;eabc22f81c95;swap;35;40;;;;;;;;;;;;True;False;False;False;;ok;16438.45740617448;15618.261462754272;15618.261462754272;15251.434359950814;179;15251.434359950814;3465.1637;820.1959434202072;Evaluated;16.8009;2.4272;64;True;1;
28;2;8;4;diversification;4;eabc22f81c95;move;;;50;2;;;;;;;;;;True;False;False;True;;ok;17790.12972784151;15618.261462754272;15618.261462754272;15251.434359950814;180;15251.434359950814;3484.3245;2171.8682650872397;Evaluated;16.7334;2.4267;64;True;1;
28;2;8;5;diversification;4;eabc22f81c95;move;;;30;25;;;;;;;;;;True;False;False;False;;ok;15621.654598931518;15618.261462754272;15618.261462754272;15251.434359950814;181;15251.434359950814;3503.633;3.3931361772465607;Evaluated;17.0792;2.2259;64;True;1;
28;2;8;6;diversification;4;eabc22f81c95;move;;;28;16;;;;;;;;;;True;False;False;True;;ok;18100.402781022396;15618.261462754272;15618.261462754272;15251.434359950814;182;15251.434359950814;3526.7112;2482.1413182681245;Evaluated;20.448;2.6272;64;True;2;duplicate_for_same_parent_sequence
28;2;8;7;diversification;4;eabc22f81c95;move;;;20;15;;;;;;;;;;True;False;False;False;;ok;17219.00963989416;15618.261462754272;15618.261462754272;15251.434359950814;183;15251.434359950814;3545.6275;1600.7481771398889;Evaluated;16.4843;2.4293;64;True;1;
28;2;8;8;diversification;4;eabc22f81c95;move;;;8;20;;;;;;;;;;True;False;False;True;;ok;16879.515798187316;15618.261462754272;15618.261462754272;15251.434359950814;184;15251.434359950814;3564.8042;1261.2543354330446;Evaluated;16.7491;2.4252;64;True;1;
28;2;8;9;diversification;4;eabc22f81c95;move;;;28;35;;;;;;;;;;True;False;False;False;;ok;16750.45566400064;15618.261462754272;15618.261462754272;15251.434359950814;185;15251.434359950814;3584.2053;1132.1942012463696;Evaluated;16.9685;2.432;64;True;1;
28;2;8;10;diversification;4;eabc22f81c95;move;;;50;16;;;;;;;;;;True;False;False;True;;ok;17340.505192767014;15618.261462754272;15618.261462754272;15251.434359950814;186;15251.434359950814;3603.4921;1722.2437300127422;Evaluated;16.8591;2.4246;64;True;1;
28;2;8;;diversification;5;;;;;;;;;;;;;;;;;;;;;End-of-iteration summary row;;;15618.261462754272;15251.434359950814;186;15251.434359950814;3603.4953;;IterationSummary;;;;;;
29;2;9;1;diversification;5;eabc22f81c95;move;;;28;5;;;;;;;;;;True;False;False;True;;ok;16859.981165474914;15618.261462754272;15618.261462754272;15251.434359950814;187;15251.434359950814;3625.1891;1241.719702720642;Evaluated;19.2465;2.4331;64;True;1;
29;2;9;2;diversification;5;eabc22f81c95;reinsert_block;;;;;;;20;23;5;;;;;True;False;False;True;;ok;18105.653505607832;15618.261462754272;15618.261462754272;15251.434359950814;188;15251.434359950814;3644.765;2487.3920428535603;Evaluated;16.9454;2.6273;64;True;1;
29;2;9;3;diversification;5;eabc22f81c95;swap;32;38;;;;;;;;;;;;True;False;False;False;;ok;17610.065520830278;15618.261462754272;15618.261462754272;15251.434359950814;189;15251.434359950814;3667.3975;1991.8040580760062;Evaluated;20.1999;2.4294;64;True;2;duplicate_for_same_parent_sequence
29;2;9;4;diversification;5;eabc22f81c95;move;;;60;30;;;;;;;;;;True;False;False;True;;ok;16623.435385496436;15618.261462754272;15618.261462754272;15251.434359950814;190;15251.434359950814;3690.4959;1005.173922742164;Evaluated;20.668;2.4272;64;True;2;duplicate_for_same_parent_sequence
29;2;9;5;diversification;5;eabc22f81c95;move;;;30;5;;;;;;;;;;True;False;False;True;;ok;17746.81945702573;15618.261462754272;15618.261462754272;15251.434359950814;191;15251.434359950814;3713.4182;2128.5579942714576;Evaluated;20.4913;2.4284;64;True;2;duplicate_for_same_parent_sequence
29;2;9;6;diversification;5;eabc22f81c95;move;;;25;40;;;;;;;;;;True;False;False;True;;ok;16480.025636802755;15618.261462754272;15618.261462754272;15251.434359950814;192;15251.434359950814;3740.0853;861.7641740484833;Evaluated;24.22;2.4438;64;True;3;duplicate_for_same_parent_sequence
29;2;9;7;diversification;5;eabc22f81c95;move;;;30;10;;;;;;;;;;True;False;False;True;;ok;17734.824505912027;15618.261462754272;15618.261462754272;15251.434359950814;193;15251.434359950814;3762.6223;2116.5630431577556;Evaluated;20.1091;2.4255;64;True;2;duplicate_for_same_parent_sequence
29;2;9;8;diversification;5;eabc22f81c95;move;;;14;7;;;;;;;;;;True;False;False;False;;ok;18134.357751572014;15618.261462754272;15618.261462754272;15251.434359950814;194;15251.434359950814;3785.6615;2516.096288817742;Evaluated;20.4043;2.6322;64;True;2;duplicate_for_same_parent_sequence
29;2;9;9;diversification;5;eabc22f81c95;move;;;30;40;;;;;;;;;;True;False;False;True;;ok;15919.915824874279;15618.261462754272;15618.261462754272;15251.434359950814;195;15251.434359950814;3808.3126;301.65436212000714;Evaluated;20.4239;2.2242;64;True;2;duplicate_for_same_parent_sequence
29;2;9;10;diversification;5;eabc22f81c95;move;;;48;12;;;;;;;;;;True;False;False;True;;ok;17726.82022205836;15618.261462754272;15618.261462754272;15251.434359950814;196;15251.434359950814;3831.3226;2108.5587593040873;Evaluated;20.5813;2.4257;64;True;2;duplicate_for_same_parent_sequence
29;2;9;;diversification;6;;;;;;;;;;;;;;;;;;;;;End-of-iteration summary row;;;15618.261462754272;15251.434359950814;196;15251.434359950814;3831.3234;;IterationSummary;;;;;;
30;2;10;1;diversification;6;eabc22f81c95;move;;;14;25;;;;;;;;;;True;False;False;True;;ok;17295.860628579867;15618.261462754272;15618.261462754272;15251.434359950814;197;15251.434359950814;3853.0873;1677.5991658255953;Evaluated;19.3322;2.4266;64;True;1;
30;2;10;2;diversification;6;eabc22f81c95;reinsert_block;;;;;;;16;23;5;;;;;True;False;False;True;;ok;16070.227349028684;15618.261462754272;15618.261462754272;15251.434359950814;198;15251.434359950814;3880.136;451.9658862744127;Evaluated;24.6184;2.4297;64;True;3;duplicate_for_same_parent_sequence
30;2;10;3;diversification;6;eabc22f81c95;swap;35;42;;;;;;;;;;;;True;False;False;False;;ok;15615.005814085944;15618.261462754272;15618.261462754272;15251.434359950814;199;15251.434359950814;3899.3928;-3.2556486683279218;EvaluatedImprovementDespiteDiversificationMismatch;17.0292;2.2246;64;True;1;
30;2;10;4;diversification;6;eabc22f81c95;move;;;25;15;;;;;;;;;;True;False;False;True;;ok;17343.795272402305;15618.261462754272;15618.261462754272;15251.434359950814;200;15251.434359950814;3922.49;1725.5338096480336;Evaluated;20.6659;2.4304;64;True;2;duplicate_for_same_parent_sequence
30;2;10;5;diversification;6;eabc22f81c95;swap;8;9;;;;;;;;;;;;True;False;False;False;;ok;15620.341025711852;15618.261462754272;15618.261462754272;15251.434359950814;201;15251.434359950814;3945.1601;2.0795629575804924;Evaluated;20.4362;2.2331;64;True;2;duplicate_for_same_parent_sequence
30;2;10;6;diversification;6;eabc22f81c95;move;;;28;5;;;;;;;;;;False;True;False;;;ok;;15618.261462754272;15618.261462754272;15251.434359950814;201;15251.434359950814;3968.9775;;DuplicateForSameParentSequenceAfterRetries;23.8148;;;;3;duplicate_for_same_parent_sequence
30;2;10;7;diversification;6;eabc22f81c95;move;;;20;45;;;;;;;;;;True;False;False;True;;ok;17137.758737341195;15618.261462754272;15618.261462754272;15251.434359950814;202;15251.434359950814;3987.8557;1519.4972745869236;Evaluated;16.448;2.4292;64;True;1;
30;2;10;8;diversification;6;eabc22f81c95;move;;;8;14;;;;;;;;;;True;False;False;False;;ok;15617.60951557403;15618.261462754272;15618.261462754272;15251.434359950814;203;15251.434359950814;4010.245;-0.6519471802421322;EvaluatedImprovementDespiteDiversificationMismatch;20.1578;2.2288;64;True;2;duplicate_for_same_parent_sequence
30;2;10;9;diversification;6;eabc22f81c95;move;;;24;18;;;;;;;;;;True;False;False;False;;ok;15673.677274226466;15618.261462754272;15618.261462754272;15251.434359950814;204;15251.434359950814;4032.836;55.41581147219404;Evaluated;20.3568;2.2309;64;True;2;duplicate_for_same_parent_sequence
30;2;10;10;diversification;6;eabc22f81c95;swap;42;51;;;;;;;;;;;;True;False;False;False;;ok;15621.377071391993;15618.261462754272;15618.261462754272;15251.434359950814;205;15251.434359950814;4055.5592;3.1156086377213796;Evaluated;20.4892;2.2312;64;True;2;duplicate_for_same_parent_sequence
30;2;10;;diversification;0;;;;;;;;;;;;;;;;;;;;;End-of-iteration summary row;;;15615.005814085944;15251.434359950814;205;15251.434359950814;4055.5728;;IterationSummary;;;;;;
31;2;11;1;normal;0;2b49a0084ce7;move;;;5;10;;;;;;;;;;True;False;False;False;;ok;17088.91719495327;15615.005814085944;15615.005814085944;15251.434359950814;206;15251.434359950814;4077.5456;1473.9113808673246;Evaluated;19.53;2.4361;64;True;1;
31;2;11;2;normal;0;2b49a0084ce7;swap;16;20;;;;;;;;;;;;True;False;False;False;;ok;17694.06203213647;15615.005814085944;15615.005814085944;15251.434359950814;207;15251.434359950814;4096.6852;2079.056218050526;Evaluated;16.707;2.4295;64;True;1;
31;2;11;3;normal;0;2b49a0084ce7;reinsert_block;;;;;;;35;40;28;;;;;True;False;False;False;;ok;17141.258094904595;15615.005814085944;15615.005814085944;15251.434359950814;208;15251.434359950814;4116.2247;1526.2522808186513;Evaluated;17.1071;2.4298;64;True;1;
31;2;11;4;normal;0;2b49a0084ce7;move;;;50;37;;;;;;;;;;True;False;False;True;;ok;15965.075611525903;15615.005814085944;15615.005814085944;15251.434359950814;209;15251.434359950814;4134.9395;350.0697974399591;Evaluated;16.4805;2.2317;64;True;1;
31;2;11;5;normal;0;2b49a0084ce7;move;;;10;25;;;;;;;;;;True;False;False;True;;ok;15635.123909998485;15615.005814085944;15615.005814085944;15251.434359950814;210;15251.434359950814;4153.6251;20.11809591254132;Evaluated;16.452;2.2309;64;True;1;
31;2;11;;normal;1;;;;;;;;;;;;;;;;;;;;;End-of-iteration summary row;;;15615.005814085944;15251.434359950814;210;15251.434359950814;4153.6272;;IterationSummary;;;;;;
32;2;12;1;normal;1;2b49a0084ce7;move;;;8;14;;;;;;;;;;True;False;False;False;;ok;15614.353866905702;15615.005814085944;15615.005814085944;15251.434359950814;211;15251.434359950814;4178.5804;-0.6519471802421322;Evaluated;22.7144;2.2285;64;True;2;duplicate_for_same_parent_sequence
32;2;12;2;normal;1;2b49a0084ce7;swap;18;20;;;;;;;;;;;;True;False;False;False;;ok;17287.824775707486;15615.005814085944;15615.005814085944;15251.434359950814;212;15251.434359950814;4197.5339;1672.8189616215423;Evaluated;16.527;2.4234;64;True;1;
32;2;12;3;normal;1;2b49a0084ce7;move;;;30;15;;;;;;;;;;True;False;False;True;;ok;17317.999769450365;15615.005814085944;15615.005814085944;15251.434359950814;213;15251.434359950814;4220.3762;1702.9939553644217;Evaluated;20.4191;2.4226;64;True;2;duplicate_for_same_parent_sequence
32;2;12;4;normal;1;2b49a0084ce7;move;;;48;52;;;;;;;;;;True;False;False;False;;ok;15614.965041323809;15615.005814085944;15615.005814085944;15251.434359950814;214;15251.434359950814;4239.331;-0.04077276213502046;Evaluated;16.7227;2.2314;64;True;1;
32;2;12;5;normal;1;2b49a0084ce7;move;;;20;45;;;;;;;;;;True;False;False;True;;ok;17137.758737341195;15615.005814085944;15615.005814085944;15251.434359950814;215;15251.434359950814;4257.9886;1522.7529232552515;Evaluated;16.2248;2.4296;64;True;1;
32;2;12;;normal;0;;;;;;;;;;;;;;;;;;;;;End-of-iteration summary row;;;15614.353866905702;15251.434359950814;215;15251.434359950814;4258.0058;;IterationSummary;;;;;;
33;2;13;1;normal;0;2c8351cb9f39;move;;;10;25;;;;;;;;;;True;False;False;True;;ok;17345.850655794267;15614.353866905702;15614.353866905702;15251.434359950814;216;15251.434359950814;4280.736;1731.4967888885658;Evaluated;20.2887;2.4348;64;True;1;
33;2;13;2;normal;0;2c8351cb9f39;swap;18;20;;;;;;;;;;;;True;False;False;False;;ok;17342.013596362318;15614.353866905702;15614.353866905702;15251.434359950814;217;15251.434359950814;4299.7025;1727.6597294566163;Evaluated;16.5403;2.4237;64;True;1;
33;2;13;3;normal;0;2c8351cb9f39;reinsert_block;;;;;;;35;40;28;;;;;True;False;False;False;;ok;17137.489991908187;15614.353866905702;15614.353866905702;15251.434359950814;218;15251.434359950814;4318.9587;1523.1361250024856;Evaluated;16.8282;2.4252;64;True;1;
33;2;13;4;normal;0;2c8351cb9f39;move;;;50;37;;;;;;;;;;True;False;False;True;;ok;15965.048998185532;15614.353866905702;15614.353866905702;15251.434359950814;219;15251.434359950814;4337.6928;350.6951312798301;Evaluated;16.5006;2.2303;64;True;1;
33;2;13;5;normal;0;2c8351cb9f39;move;;;40;25;;;;;;;;;;True;False;False;True;;ok;15910.695832414325;15614.353866905702;15614.353866905702;15251.434359950814;220;15251.434359950814;4356.1925;296.3419655086236;Evaluated;16.2698;2.2269;64;True;1;
33;2;13;;normal;1;;;;;;;;;;;;;;;;;;;;;End-of-iteration summary row;;;15614.353866905702;15251.434359950814;220;15251.434359950814;4356.1952;;IterationSummary;;;;;;
34;2;14;1;normal;1;2c8351cb9f39;move;;;7;13;;;;;;;;;;True;False;False;False;;ok;17993.7036155613;15614.353866905702;15614.353866905702;15251.434359950814;221;15251.434359950814;4381.6915;2379.349748655597;Evaluated;23.0639;2.4266;64;True;2;duplicate_for_same_parent_sequence
34;2;14;2;normal;1;2c8351cb9f39;swap;20;25;;;;;;;;;;;;True;False;False;False;;ok;17494.008365001042;15614.353866905702;15614.353866905702;15251.434359950814;222;15251.434359950814;4400.6805;1879.6544980953404;Evaluated;16.5544;2.432;64;True;1;
34;2;14;3;normal;1;2c8351cb9f39;move;;;15;25;;;;;;;;;;True;False;False;True;;ok;15613.173791780693;15614.353866905702;15614.353866905702;15251.434359950814;223;15251.434359950814;4423.204;-1.1800751250084431;Evaluated;20.2929;2.2274;64;True;2;duplicate_for_same_parent_sequence
34;2;14;4;normal;1;2c8351cb9f39;move;;;50;48;;;;;;;;;;True;False;False;False;;ok;15619.42541129322;15614.353866905702;15614.353866905702;15251.434359950814;224;15251.434359950814;4442.0402;5.071544387517861;Evaluated;16.6027;2.2297;64;True;1;
34;2;14;5;normal;1;2c8351cb9f39;move;;;8;14;;;;;;;;;;True;False;False;False;;ok;17396.127450929514;15614.353866905702;15614.353866905702;15251.434359950814;225;15251.434359950814;4464.5699;1781.7735840238129;Evaluated;20.1024;2.4247;64;True;2;duplicate_for_same_parent_sequence
34;2;14;;normal;0;;;;;;;;;;;;;;;;;;;;;End-of-iteration summary row;;;15613.173791780693;15251.434359950814;225;15251.434359950814;4464.5817;;IterationSummary;;;;;;
35;2;15;1;normal;0;669abad51bd2;move;;;10;25;;;;;;;;;;True;False;False;True;;ok;17445.633528723156;15613.173791780693;15613.173791780693;15251.434359950814;226;15251.434359950814;4487.2281;1832.4597369424628;Evaluated;20.2044;2.4341;64;True;1;
35;2;15;2;normal;0;669abad51bd2;swap;20;25;;;;;;;;;;;;True;False;False;False;;ok;16630.12014062891;15613.173791780693;15613.173791780693;15251.434359950814;227;15251.434359950814;4506.36;1016.9463488482179;Evaluated;16.6996;2.4295;64;True;1;
35;2;15;3;normal;0;669abad51bd2;reinsert_block;;;;;;;35;40;28;;;;;True;False;False;False;;ok;16907.656688523195;15613.173791780693;15613.173791780693;15251.434359950814;228;15251.434359950814;4525.5557;1294.482896742502;Evaluated;16.7641;2.429;64;True;1;
35;2;15;4;normal;0;669abad51bd2;move;;;50;37;;;;;;;;;;True;False;False;True;;ok;15963.243589220652;15613.173791780693;15613.173791780693;15251.434359950814;229;15251.434359950814;4544.2408;350.0697974399591;Evaluated;16.4537;2.2283;64;True;1;
35;2;15;5;normal;0;669abad51bd2;move;;;20;5;;;;;;;;;;True;False;False;True;;ok;16647.533187626006;15613.173791780693;15613.173791780693;15251.434359950814;230;15251.434359950814;4562.815;1034.359395845313;Evaluated;16.1387;2.4329;64;True;1;
35;2;15;;normal;1;;;;;;;;;;;;;;;;;;;;;End-of-iteration summary row;;;15613.173791780693;15251.434359950814;230;15251.434359950814;4562.8176;;IterationSummary;;;;;;
36;2;16;1;normal;1;669abad51bd2;move;;;7;13;;;;;;;;;;True;False;False;False;;ok;17535.217177446146;15613.173791780693;15613.173791780693;15251.434359950814;231;15251.434359950814;4584.4787;1922.0433856654527;Evaluated;19.2209;2.4246;64;True;1;
36;2;16;2;normal;1;669abad51bd2;swap;18;20;;;;;;;;;;;;True;False;False;False;;ok;17225.928662976214;15613.173791780693;15613.173791780693;15251.434359950814;232;15251.434359950814;4603.597;1612.7548711955205;Evaluated;16.6884;2.4278;64;True;1;
36;2;16;3;normal;1;669abad51bd2;move;;;17;33;;;;;;;;;;True;False;False;True;;ok;16893.90029840034;15613.173791780693;15613.173791780693;15251.434359950814;233;15251.434359950814;4626.4234;1280.726506619645;Evaluated;20.3964;2.4294;64;True;2;duplicate_for_same_parent_sequence
36;2;16;4;normal;1;669abad51bd2;move;;;50;42;;;;;;;;;;True;False;False;False;;ok;15953.279971617854;15613.173791780693;15613.173791780693;15251.434359950814;234;15251.434359950814;4645.1188;340.1061798371611;Evaluated;16.4633;2.2292;64;True;1;
36;2;16;5;normal;1;669abad51bd2;swap;30;40;;;;;;;;;;;;True;False;False;False;;ok;16364.717718405616;15613.173791780693;15613.173791780693;15251.434359950814;235;15251.434359950814;4667.3463;751.5439266249232;Evaluated;19.7917;2.4328;64;True;2;duplicate_for_same_parent_sequence
36;2;16;;normal;2;;;;;;;;;;;;;;;;;;;;;End-of-iteration summary row;;;15613.173791780693;15251.434359950814;235;15251.434359950814;4667.3494;;IterationSummary;;;;;;
37;2;17;1;normal;2;669abad51bd2;move;;;8;25;;;;;;;;;;True;False;False;True;;ok;15615.572794119007;15613.173791780693;15613.173791780693;15251.434359950814;236;15251.434359950814;4696.5975;2.3990023383139487;Evaluated;27.0152;2.2258;64;True;3;duplicate_for_same_parent_sequence
37;2;17;2;normal;2;669abad51bd2;swap;19;25;;;;;;;;;;;;True;False;False;False;;ok;17522.73216797306;15613.173791780693;15613.173791780693;15251.434359950814;237;15251.434359950814;4715.5375;1909.5583761923663;Evaluated;16.5097;2.427;64;True;1;
37;2;17;3;normal;2;669abad51bd2;move;;;37;45;;;;;;;;;;True;False;False;False;;ok;16152.194551930928;15613.173791780693;15613.173791780693;15251.434359950814;238;15251.434359950814;4738.7156;539.0207601502352;Evaluated;20.747;2.4278;64;True;2;duplicate_for_same_parent_sequence
37;2;17;4;normal;2;669abad51bd2;move;;;50;48;;;;;;;;;;True;False;False;False;;ok;15616.429440449021;15613.173791780693;15613.173791780693;15251.434359950814;239;15251.434359950814;4757.4746;3.2556486683279218;Evaluated;16.5202;2.236;64;True;1;
37;2;17;5;normal;2;669abad51bd2;move;;;28;15;;;;;;;;;;True;False;False;True;;ok;18061.53058855197;15613.173791780693;15613.173791780693;15251.434359950814;240;15251.434359950814;4776.1789;2448.356796771277;Evaluated;16.2664;2.4339;64;True;1;
37;2;17;;normal;3;;;;;;;;;;;;;;;;;;;;;End-of-iteration summary row;;;15613.173791780693;15251.434359950814;240;15251.434359950814;4776.1806;;IterationSummary;;;;;;
38;2;18;1;diversification;3;669abad51bd2;move;;;5;20;;;;;;;;;;True;False;False;True;;ok;17494.992234966445;15613.173791780693;15613.173791780693;15251.434359950814;241;15251.434359950814;4802.0287;1881.8184431857517;Evaluated;23.4134;2.4257;64;True;2;duplicate_for_same_parent_sequence
38;2;18;2;diversification;3;669abad51bd2;reinsert_block;;;;;;;17;23;40;;;;;True;False;False;True;;ok;15967.642947840035;15613.173791780693;15613.173791780693;15251.434359950814;242;15251.434359950814;4821.2758;354.4691560593419;Evaluated;17.0152;2.2289;64;True;1;
38;2;18;3;diversification;3;669abad51bd2;swap;35;42;;;;;;;;;;;;True;False;False;False;;ok;15616.429440449021;15613.173791780693;15613.173791780693;15251.434359950814;243;15251.434359950814;4840.3151;3.2556486683279218;Evaluated;16.8126;2.2237;64;True;1;
38;2;18;4;diversification;3;669abad51bd2;move;;;38;60;;;;;;;;;;True;False;False;True;;ok;16938.049196241274;15613.173791780693;15613.173791780693;15251.434359950814;244;15251.434359950814;4863.1924;1324.8754044605812;Evaluated;20.4455;2.4291;64;True;2;duplicate_for_same_parent_sequence
38;2;18;5;diversification;3;669abad51bd2;move;;;8;15;;;;;;;;;;True;False;False;False;;ok;16981.76034276218;15613.173791780693;15613.173791780693;15251.434359950814;245;15251.434359950814;4882.5183;1368.5865509814867;Evaluated;16.8927;2.4306;64;True;1;
38;2;18;6;diversification;3;669abad51bd2;move;;;28;35;;;;;;;;;;True;False;False;False;;ok;16926.617194794522;15613.173791780693;15613.173791780693;15251.434359950814;246;15251.434359950814;4901.5902;1313.443403013829;Evaluated;16.6314;2.4378;64;True;1;
38;2;18;7;diversification;3;669abad51bd2;move;;;30;40;;;;;;;;;;True;False;False;True;;ok;15905.54056678434;15613.173791780693;15613.173791780693;15251.434359950814;247;15251.434359950814;4923.8944;292.3667750036475;Evaluated;20.0779;2.2239;64;True;2;duplicate_for_same_parent_sequence
38;2;18;8;diversification;3;669abad51bd2;move;;;8;14;;;;;;;;;;True;False;False;False;;ok;16981.76034276218;15613.173791780693;15613.173791780693;15251.434359950814;248;15251.434359950814;4946.7534;1368.5865509814867;Evaluated;20.4217;2.4347;64;True;2;duplicate_for_same_parent_sequence
38;2;18;9;diversification;3;669abad51bd2;move;;;25;30;;;;;;;;;;True;False;False;False;;ok;15613.765426672351;15613.173791780693;15613.173791780693;15251.434359950814;249;15251.434359950814;4965.7779;0.5916348916580318;Evaluated;16.7943;2.2275;64;True;1;
38;2;18;10;diversification;3;669abad51bd2;move;;;40;52;;;;;;;;;;True;False;False;True;;ok;15911.669034194196;15613.173791780693;15613.173791780693;15251.434359950814;250;15251.434359950814;4984.8732;298.49524241350264;Evaluated;16.8655;2.2272;64;True;1;
38;2;18;;diversification;4;;;;;;;;;;;;;;;;;;;;;End-of-iteration summary row;;;15613.173791780693;15251.434359950814;250;15251.434359950814;4984.877;;IterationSummary;;;;;;
39;2;19;1;diversification;4;669abad51bd2;move;;;3;20;;;;;;;;;;True;False;False;True;;ok;17720.68021715416;15613.173791780693;15613.173791780693;15251.434359950814;251;15251.434359950814;5010.8109;2107.506425373467;Evaluated;23.4865;2.4306;64;True;2;duplicate_for_same_parent_sequence
39;2;19;2;diversification;4;669abad51bd2;move;;;15;25;;;;;;;;;;True;False;False;True;;ok;16878.53916856949;15613.173791780693;15613.173791780693;15251.434359950814;252;15251.434359950814;5034.0872;1265.3653767887954;Evaluated;20.8489;2.4246;64;True;2;duplicate_for_same_parent_sequence
39;2;19;3;diversification;4;669abad51bd2;swap;32;40;;;;;;;;;;;;True;False;False;False;;ok;15613.173791780693;15613.173791780693;15613.173791780693;15251.434359950814;253;15251.434359950814;5056.5686;0.0;Evaluated;20.2499;2.2306;64;True;2;duplicate_for_same_parent_sequence
39;2;19;4;diversification;4;669abad51bd2;move;;;50;55;;;;;;;;;;True;False;False;False;;ok;15516.389001409274;15613.173791780693;15613.173791780693;15251.434359950814;254;15251.434359950814;5079.2901;-96.78479037141915;EvaluatedImprovementDespiteDiversificationMismatch;20.4916;2.2273;64;True;2;duplicate_for_same_parent_sequence
39;2;19;5;diversification;4;669abad51bd2;move;;;20;15;;;;;;;;;;True;False;False;False;;ok;17719.927283888155;15613.173791780693;15613.173791780693;15251.434359950814;255;15251.434359950814;5098.657;2106.753492107462;Evaluated;16.9382;2.4253;64;True;1;
39;2;19;6;diversification;4;669abad51bd2;move;;;20;45;;;;;;;;;;True;False;False;True;;ok;16622.629772467728;15613.173791780693;15613.173791780693;15251.434359950814;256;15251.434359950814;5121.779;1009.4559806870348;Evaluated;20.6843;2.4338;64;True;2;duplicate_for_same_parent_sequence
39;2;19;7;diversification;4;669abad51bd2;move;;;20;35;;;;;;;;;;True;False;False;True;;ok;16631.562416899556;15613.173791780693;15613.173791780693;15251.434359950814;257;15251.434359950814;5140.7544;1018.3886251188633;Evaluated;16.5461;2.4266;64;True;1;
39;2;19;8;diversification;4;669abad51bd2;move;;;34;20;;;;;;;;;;True;False;False;True;;ok;17148.638077883465;15613.173791780693;15613.173791780693;15251.434359950814;258;15251.434359950814;5167.4155;1535.4642861027714;Evaluated;24.233;2.4256;64;True;3;duplicate_for_same_parent_sequence
39;2;19;9;diversification;4;669abad51bd2;move;;;34;28;;;;;;;;;;True;False;False;False;;ok;15655.30009825249;15613.173791780693;15613.173791780693;15251.434359950814;259;15251.434359950814;5193.5939;42.12630647179685;Evaluated;23.9463;2.229;64;True;3;duplicate_for_same_parent_sequence
39;2;19;10;diversification;4;669abad51bd2;swap;30;32;;;;;;;;;;;;True;False;False;False;;ok;15905.428187103495;15613.173791780693;15613.173791780693;15251.434359950814;260;15251.434359950814;5216.396;292.25439532280143;Evaluated;20.5757;2.2239;64;True;2;duplicate_for_same_parent_sequence
39;2;19;;diversification;0;;;;;;;;;;;;;;;;;;;;;End-of-iteration summary row;;;15516.389001409274;15251.434359950814;260;15251.434359950814;5216.4128;;IterationSummary;;;;;;
40;2;20;1;normal;0;62dc7c564172;move;;;5;20;;;;;;;;;;True;False;False;True;;ok;17417.444664333245;15516.389001409274;15516.389001409274;15251.434359950814;261;15251.434359950814;5238.7691;1901.0556629239709;Evaluated;19.9159;2.4324;64;True;1;
40;2;20;2;normal;0;62dc7c564172;swap;20;30;;;;;;;;;;;;True;False;False;False;;ok;16544.284303507884;15516.389001409274;15516.389001409274;15251.434359950814;262;15251.434359950814;5258.0249;1027.89530209861;Evaluated;16.8277;2.4251;64;True;1;
40;2;20;3;normal;0;62dc7c564172;reinsert_block;;;;;;;35;40;28;;;;;True;False;False;False;;ok;16816.565707482554;15516.389001409274;15516.389001409274;15251.434359950814;263;15251.434359950814;5277.4934;1300.17670607328;Evaluated;17.0384;2.4276;64;True;1;
40;2;20;4;normal;0;62dc7c564172;move;;;50;25;;;;;;;;;;True;False;False;True;;ok;16784.45073300832;15516.389001409274;15516.389001409274;15251.434359950814;264;15251.434359950814;5296.7223;1268.0617315990476;Evaluated;16.7931;2.433;64;True;1;
40;2;20;5;normal;0;62dc7c564172;move;;;8;25;;;;;;;;;;True;False;False;True;;ok;15513.134351856395;15516.389001409274;15516.389001409274;15251.434359950814;265;15251.434359950814;5315.2094;-3.254649552878618;Evaluated;16.2592;2.2253;64;True;1;
40;2;20;;normal;0;;;;;;;;;;;;;;;;;;;;;End-of-iteration summary row;;;15513.134351856395;15251.434359950814;265;15251.434359950814;5315.2247;;IterationSummary;;;;;;
41;2;21;1;normal;0;fae5090dddff;move;;;8;20;;;;;;;;;;True;False;False;True;;ok;16785.403634567632;15513.134351856395;15513.134351856395;15251.434359950814;266;15251.434359950814;5338.3928;1272.2692827112369;Evaluated;20.7335;2.4279;64;True;1;
41;2;21;2;normal;0;fae5090dddff;swap;20;25;;;;;;;;;;;;True;False;False;False;;ok;15513.134351856395;15513.134351856395;15513.134351856395;15251.434359950814;267;15251.434359950814;5357.412;0.0;Evaluated;16.7857;2.2308;64;True;1;
41;2;21;3;normal;0;fae5090dddff;reinsert_block;;;;;;;35;40;28;;;;;True;False;False;False;;ok;16799.307500581806;15513.134351856395;15513.134351856395;15251.434359950814;268;15251.434359950814;5376.7235;1286.173148725411;Evaluated;16.8798;2.429;64;True;1;
41;2;21;4;normal;0;fae5090dddff;move;;;50;42;;;;;;;;;;True;False;False;False;;ok;15600.928555532673;15513.134351856395;15513.134351856395;15251.434359950814;269;15251.434359950814;5395.7511;87.7942036762779;Evaluated;16.7984;2.2265;64;True;1;
41;2;21;5;normal;0;fae5090dddff;move;;;25;10;;;;;;;;;;True;False;False;True;;ok;15583.498938120218;15513.134351856395;15513.134351856395;15251.434359950814;270;15251.434359950814;5414.2879;70.36458626382228;Evaluated;16.3073;2.2269;64;True;1;
41;2;21;;normal;1;;;;;;;;;;;;;;;;;;;;;End-of-iteration summary row;;;15513.134351856395;15251.434359950814;270;15251.434359950814;5414.2913;;IterationSummary;;;;;;
42;2;22;1;normal;1;fae5090dddff;move;;;5;20;;;;;;;;;;True;False;False;True;;ok;17657.743995777673;15513.134351856395;15513.134351856395;15251.434359950814;271;15251.434359950814;5436.6523;2144.609643921278;Evaluated;19.9261;2.4243;64;True;1;
42;2;22;2;normal;1;fae5090dddff;swap;18;20;;;;;;;;;;;;True;False;False;False;;ok;17049.146018471416;15513.134351856395;15513.134351856395;15251.434359950814;272;15251.434359950814;5455.655;1536.0116666150207;Evaluated;16.568;2.4313;64;True;1;
42;2;22;3;normal;1;fae5090dddff;reinsert_block;;;;;;;38;42;50;;;;;True;False;False;True;;ok;16154.864718202889;15513.134351856395;15513.134351856395;15251.434359950814;273;15251.434359950814;5475.2933;641.7303663464936;Evaluated;17.2043;2.4314;64;True;1;
42;2;22;4;normal;1;fae5090dddff;move;;;50;48;;;;;;;;;;True;False;False;False;;ok;15526.415837309994;15513.134351856395;15513.134351856395;15251.434359950814;274;15251.434359950814;5494.1662;13.281485453599089;Evaluated;16.6372;2.2328;64;True;1;
42;2;22;5;normal;1;fae5090dddff;move;;;50;37;;;;;;;;;;True;False;False;True;;ok;15788.250429113526;15513.134351856395;15513.134351856395;15251.434359950814;275;15251.434359950814;5512.6991;275.1160772571311;Evaluated;16.3046;2.2269;64;True;1;
42;2;22;;normal;2;;;;;;;;;;;;;;;;;;;;;End-of-iteration summary row;;;15513.134351856395;15251.434359950814;275;15251.434359950814;5512.7023;;IterationSummary;;;;;;
43;2;23;1;normal;2;fae5090dddff;move;;;5;10;;;;;;;;;;True;False;False;False;;ok;16990.88881848638;15513.134351856395;15513.134351856395;15251.434359950814;276;15251.434359950814;5538.5906;1477.7544666299837;Evaluated;23.4487;2.4272;64;True;2;duplicate_for_same_parent_sequence
43;2;23;2;normal;2;fae5090dddff;swap;17;23;;;;;;;;;;;;True;False;False;False;;ok;15510.193660560763;15513.134351856395;15513.134351856395;15251.434359950814;277;15251.434359950814;5561.0028;-2.9406912956328597;Evaluated;20.1807;2.2289;64;True;2;duplicate_for_same_parent_sequence
43;2;23;3;normal;2;fae5090dddff;move;;;36;42;;;;;;;;;;True;False;False;False;;ok;16196.046121368252;15513.134351856395;15513.134351856395;15251.434359950814;278;15251.434359950814;5583.9385;682.9117695118566;Evaluated;20.4981;2.4344;64;True;2;duplicate_for_same_parent_sequence
43;2;23;4;normal;2;fae5090dddff;move;;;18;25;;;;;;;;;;True;False;False;False;;ok;17153.68859383722;15513.134351856395;15513.134351856395;15251.434359950814;279;15251.434359950814;5610.0985;1640.5542419808262;Evaluated;23.7293;2.4275;64;True;3;duplicate_for_same_parent_sequence
43;2;23;5;normal;2;fae5090dddff;move;;;8;30;;;;;;;;;;True;False;False;True;;ok;16791.97924968764;15513.134351856395;15513.134351856395;15251.434359950814;280;15251.434359950814;5632.2318;1278.8448978312445;Evaluated;19.7021;2.428;64;True;2;duplicate_for_same_parent_sequence
43;2;23;;normal;0;;;;;;;;;;;;;;;;;;;;;End-of-iteration summary row;;;15510.193660560763;15251.434359950814;280;15251.434359950814;5632.2465;;IterationSummary;;;;;;
44;2;24;1;normal;0;f24e2f5e6b24;move;;;10;25;;;;;;;;;;True;False;False;True;;ok;17449.660002426626;15510.193660560763;15510.193660560763;15251.434359950814;281;15251.434359950814;5655.3128;1939.4663418658638;Evaluated;20.6297;2.4304;64;True;1;
44;2;24;2;normal;0;f24e2f5e6b24;swap;18;20;;;;;;;;;;;;True;False;False;False;;ok;17052.100154692765;15510.193660560763;15510.193660560763;15251.434359950814;282;15251.434359950814;5674.2714;1541.906494132003;Evaluated;16.5296;2.4263;64;True;1;
44;2;24;3;normal;0;f24e2f5e6b24;reinsert_block;;;;;;;35;40;28;;;;;True;False;False;False;;ok;16791.109847783737;15510.193660560763;15510.193660560763;15251.434359950814;283;15251.434359950814;5693.5277;1280.9161872229743;Evaluated;16.8261;2.4275;64;True;1;
44;2;24;4;normal;0;f24e2f5e6b24;move;;;50;37;;;;;;;;;;True;False;False;True;;ok;15785.742700767047;15510.193660560763;15510.193660560763;15251.434359950814;284;15251.434359950814;5712.312;275.5490402062842;Evaluated;16.5532;2.2285;64;True;1;
44;2;24;5;normal;0;f24e2f5e6b24;move;;;25;10;;;;;;;;;;True;False;False;True;;ok;15581.92440511714;15510.193660560763;15510.193660560763;15251.434359950814;285;15251.434359950814;5730.8645;71.73074455637834;Evaluated;16.3189;2.2305;64;True;1;
44;2;24;;normal;1;;;;;;;;;;;;;;;;;;;;;End-of-iteration summary row;;;15510.193660560763;15251.434359950814;285;15251.434359950814;5730.868;;IterationSummary;;;;;;
45;2;25;1;normal;1;f24e2f5e6b24;move;;;5;10;;;;;;;;;;True;False;False;False;;ok;16992.51469993378;15510.193660560763;15510.193660560763;15251.434359950814;286;15251.434359950814;5753.0284;1482.3210393730187;Evaluated;19.7175;2.4328;64;True;1;
45;2;25;2;normal;1;f24e2f5e6b24;swap;20;25;;;;;;;;;;;;True;False;False;False;;ok;15510.193660560763;15510.193660560763;15510.193660560763;15251.434359950814;287;15251.434359950814;5771.8498;0.0;Evaluated;16.5939;2.2244;64;True;1;
45;2;25;3;normal;1;f24e2f5e6b24;move;;;36;10;;;;;;;;;;True;False;False;True;;ok;17034.97816702218;15510.193660560763;15510.193660560763;15251.434359950814;288;15251.434359950814;5794.824;1524.7845064614157;Evaluated;20.5441;2.4266;64;True;2;duplicate_for_same_parent_sequence
45;2;25;4;normal;1;f24e2f5e6b24;move;;;52;48;;;;;;;;;;True;False;False;False;;ok;16418.667662300817;15510.193660560763;15510.193660560763;15251.434359950814;289;15251.434359950814;5813.8165;908.4740017400545;Evaluated;16.5637;2.4274;64;True;1;
45;2;25;5;normal;1;f24e2f5e6b24;move;;;15;30;;;;;;;;;;True;False;False;True;;ok;17287.750001097203;15510.193660560763;15510.193660560763;15251.434359950814;290;15251.434359950814;5832.6235;1777.556340536441;Evaluated;16.3707;2.433;64;True;1;
45;2;25;;normal;2;;;;;;;;;;;;;;;;;;;;;End-of-iteration summary row;;;15510.193660560763;15251.434359950814;290;15251.434359950814;5832.6256;;IterationSummary;;;;;;
46;2;26;1;normal;2;f24e2f5e6b24;move;;;2;8;;;;;;;;;;True;False;False;False;;ok;17953.66882374074;15510.193660560763;15510.193660560763;15251.434359950814;291;15251.434359950814;5858.4897;2443.4751631799772;Evaluated;23.4237;2.4334;64;True;2;duplicate_for_same_parent_sequence
46;2;26;2;normal;2;f24e2f5e6b24;swap;17;25;;;;;;;;;;;;True;False;False;False;;ok;17460.72353056296;15510.193660560763;15510.193660560763;15251.434359950814;292;15251.434359950814;5880.9158;1950.5298700021958;Evaluated;20.0015;2.4221;64;True;2;duplicate_for_same_parent_sequence
46;2;26;3;normal;2;f24e2f5e6b24;move;;;35;15;;;;;;;;;;True;False;False;True;;ok;16784.261051758283;15510.193660560763;15510.193660560763;15251.434359950814;293;15251.434359950814;5904.2085;1274.067391197521;Evaluated;20.8602;2.4314;64;True;2;duplicate_for_same_parent_sequence
46;2;26;4;normal;2;f24e2f5e6b24;move;;;50;42;;;;;;;;;;True;False;False;False;;ok;15592.116113423901;15510.193660560763;15510.193660560763;15251.434359950814;294;15251.434359950814;5923.0558;81.92245286313846;Evaluated;16.6149;2.229;64;True;1;
46;2;26;5;normal;2;f24e2f5e6b24;move;;;40;25;;;;;;;;;;True;False;False;True;;ok;17293.381361021227;15510.193660560763;15510.193660560763;15251.434359950814;295;15251.434359950814;5941.8309;1783.1877004604648;Evaluated;16.3458;2.4266;64;True;1;
46;2;26;;normal;3;;;;;;;;;;;;;;;;;;;;;End-of-iteration summary row;;;15510.193660560763;15251.434359950814;295;15251.434359950814;5941.834;;IterationSummary;;;;;;
47;2;27;1;diversification;3;f24e2f5e6b24;move;;;3;8;;;;;;;;;;True;False;False;False;;ok;17956.5120917286;15510.193660560763;15510.193660560763;15251.434359950814;296;15251.434359950814;5967.6566;2446.318431167838;Evaluated;23.3786;2.4296;64;True;2;duplicate_for_same_parent_sequence
47;2;27;2;diversification;3;f24e2f5e6b24;reinsert_block;;;;;;;18;24;35;;;;;True;False;False;True;;ok;17143.78687133423;15510.193660560763;15510.193660560763;15251.434359950814;297;15251.434359950814;5987.2619;1633.5932107734661;Evaluated;17.1741;2.4283;64;True;1;
47;2;27;3;diversification;3;f24e2f5e6b24;swap;35;40;;;;;;;;;;;;True;False;False;False;;ok;16350.002756139746;15510.193660560763;15510.193660560763;15251.434359950814;298;15251.434359950814;6006.5406;839.809095578983;Evaluated;16.8403;2.4351;64;True;1;
47;2;27;4;diversification;3;f24e2f5e6b24;move;;;50;48;;;;;;;;;;True;False;False;False;;ok;15523.911749900144;15510.193660560763;15510.193660560763;15251.434359950814;299;15251.434359950814;6025.5761;13.71808933938155;Evaluated;16.8085;2.2257;64;True;1;
47;2;27;5;diversification;3;f24e2f5e6b24;move;;;30;45;;;;;;;;;;True;False;False;True;;ok;15512.049437442634;15510.193660560763;15510.193660560763;15251.434359950814;300;15251.434359950814;6048.317;1.8557768818718614;Evaluated;20.5111;2.2269;64;True;2;duplicate_for_same_parent_sequence
47;2;27;6;diversification;3;f24e2f5e6b24;move;;;45;35;;;;;;;;;;True;False;False;True;;ok;16337.947368564917;15510.193660560763;15510.193660560763;15251.434359950814;301;15251.434359950814;6067.6181;827.7537080041548;Evaluated;16.8659;2.4319;64;True;1;
47;2;27;7;diversification;3;f24e2f5e6b24;move;;;20;35;;;;;;;;;;True;False;False;True;;ok;16960.87432863901;15510.193660560763;15510.193660560763;15251.434359950814;302;15251.434359950814;6086.5619;1450.6806680782465;Evaluated;16.5148;2.4263;64;True;1;
47;2;27;8;diversification;3;f24e2f5e6b24;reinsert_block;;;;;;;8;13;4;;;;;True;False;False;False;;ok;17203.6992300757;15510.193660560763;15510.193660560763;15251.434359950814;303;15251.434359950814;6109.6769;1693.5055695149385;Evaluated;20.6822;2.4301;64;True;2;duplicate_for_same_parent_sequence
47;2;27;9;diversification;3;f24e2f5e6b24;move;;;25;30;;;;;;;;;;True;False;False;False;;ok;17274.12946010333;15510.193660560763;15510.193660560763;15251.434359950814;304;15251.434359950814;6128.9509;1763.935799542567;Evaluated;16.84;2.4308;64;True;1;
47;2;27;10;diversification;3;f24e2f5e6b24;move;;;45;30;;;;;;;;;;True;False;False;True;;ok;17704.309026383726;15510.193660560763;15510.193660560763;15251.434359950814;305;15251.434359950814;6148.2779;2194.115365822963;Evaluated;16.8888;2.4349;64;True;1;
47;2;27;;diversification;4;;;;;;;;;;;;;;;;;;;;;End-of-iteration summary row;;;15510.193660560763;15251.434359950814;305;15251.434359950814;6148.2803;;IterationSummary;;;;;;
48;2;28;1;diversification;4;f24e2f5e6b24;move;;;5;20;;;;;;;;;;True;False;False;True;;ok;17362.28175229272;15510.193660560763;15510.193660560763;15251.434359950814;306;15251.434359950814;6178.0909;1852.0880917319591;Evaluated;27.3819;2.4234;64;True;3;duplicate_for_same_parent_sequence
48;2;28;2;diversification;4;f24e2f5e6b24;reinsert_block;;;;;;;20;24;35;;;;;True;False;False;True;;ok;17147.872231806272;15510.193660560763;15510.193660560763;15251.434359950814;307;15251.434359950814;6197.6907;1637.6785712455094;Evaluated;17.1693;2.4282;64;True;1;
48;2;28;3;diversification;4;f24e2f5e6b24;swap;32;47;;;;;;;;;;;;True;False;False;True;;ok;15525.438703286334;15510.193660560763;15510.193660560763;15251.434359950814;308;15251.434359950814;6220.4314;15.245042725571693;Evaluated;20.5052;2.234;64;True;2;duplicate_for_same_parent_sequence
48;2;28;4;diversification;4;f24e2f5e6b24;move;;;60;55;;;;;;;;;;True;False;False;False;;ok;15344.29939626171;15510.193660560763;15510.193660560763;15251.434359950814;309;15251.434359950814;6243.0808;-165.89426429905325;EvaluatedImprovementDespiteDiversificationMismatch;20.4162;2.2309;64;True;2;duplicate_for_same_parent_sequence
48;2;28;5;diversification;4;f24e2f5e6b24;move;;;40;15;;;;;;;;;;True;False;False;True;;ok;16890.722137637556;15510.193660560763;15510.193660560763;15251.434359950814;310;15251.434359950814;6262.4873;1380.528477076794;Evaluated;16.9764;2.427;64;True;1;
48;2;28;6;diversification;4;f24e2f5e6b24;move;;;28;35;;;;;;;;;;True;False;False;False;;ok;16824.72005246373;15510.193660560763;15510.193660560763;15251.434359950814;311;15251.434359950814;6281.984;1314.5263919029676;Evaluated;17.0625;2.4313;64;True;1;
48;2;28;7;diversification;4;f24e2f5e6b24;move;;;15;25;;;;;;;;;;True;False;False;True;;ok;17287.750001097203;15510.193660560763;15510.193660560763;15251.434359950814;312;15251.434359950814;6308.13;1777.556340536441;Evaluated;23.7158;2.4268;64;True;3;duplicate_for_same_parent_sequence
48;2;28;8;diversification;4;f24e2f5e6b24;move;;;8;30;;;;;;;;;;True;False;False;True;;ok;17288.284956688018;15510.193660560763;15510.193660560763;15251.434359950814;313;15251.434359950814;6330.7916;1778.0912961272552;Evaluated;20.2308;2.4298;64;True;2;duplicate_for_same_parent_sequence
48;2;28;9;diversification;4;f24e2f5e6b24;move;;;28;35;;;;;;;;;;False;True;False;;;ok;;15510.193660560763;15510.193660560763;15251.434359950814;313;15251.434359950814;6354.7334;;DuplicateForSameParentSequenceAfterRetries;23.9388;;;;3;duplicate_for_same_parent_sequence
48;2;28;10;diversification;4;f24e2f5e6b24;move;;;48;50;;;;;;;;;;True;False;False;False;;ok;15637.01079879313;15510.193660560763;15510.193660560763;15251.434359950814;314;15251.434359950814;6373.6796;126.81713823236714;Evaluated;16.7177;2.2274;64;True;1;
48;2;28;;diversification;0;;;;;;;;;;;;;;;;;;;;;End-of-iteration summary row;;;15344.29939626171;15251.434359950814;314;15251.434359950814;6373.6966;;IterationSummary;;;;;;
49;2;29;1;normal;0;6168df30f9d8;move;;;5;20;;;;;;;;;;True;False;False;True;;ok;17054.752555405536;15344.29939626171;15344.29939626171;15251.434359950814;315;15251.434359950814;6396.0818;1710.4531591438263;Evaluated;19.9509;2.4274;64;True;1;
49;2;29;2;normal;0;6168df30f9d8;swap;16;20;;;;;;;;;;;;True;False;False;False;;ok;17627.59615797034;15344.29939626171;15344.29939626171;15251.434359950814;316;15251.434359950814;6415.0878;2283.2967617086306;Evaluated;16.5738;2.4287;64;True;1;
49;2;29;3;normal;0;6168df30f9d8;reinsert_block;;;;;;;35;40;28;;;;;True;False;False;False;;ok;16491.689317584143;15344.29939626171;15344.29939626171;15251.434359950814;317;15251.434359950814;6434.7284;1147.389921322434;Evaluated;17.2126;2.4254;64;True;1;
49;2;29;4;normal;0;6168df30f9d8;move;;;50;42;;;;;;;;;;True;False;False;False;;ok;15962.615422001716;15344.29939626171;15344.29939626171;15251.434359950814;318;15251.434359950814;6453.5795;618.3160257400068;Evaluated;16.6226;2.2259;64;True;1;
49;2;29;5;normal;0;6168df30f9d8;move;;;30;25;;;;;;;;;;True;False;False;False;;ok;15982.94004191172;15344.29939626171;15344.29939626171;15251.434359950814;319;15251.434359950814;6472.4098;638.6406456500099;Evaluated;16.6027;2.2246;64;True;1;
49;2;29;;normal;1;;;;;;;;;;;;;;;;;;;;;End-of-iteration summary row;;;15344.29939626171;15251.434359950814;319;15251.434359950814;6472.4128;;IterationSummary;;;;;;
50;2;30;1;normal;1;6168df30f9d8;move;;;10;5;;;;;;;;;;True;False;False;False;;ok;16827.548422597938;15344.29939626171;15344.29939626171;15251.434359950814;320;15251.434359950814;6494.6487;1483.2490263362288;Evaluated;19.7866;2.4344;64;True;1;
50;2;30;2;normal;1;6168df30f9d8;swap;18;20;;;;;;;;;;;;True;False;False;False;;ok;16731.676172685715;15344.29939626171;15344.29939626171;15251.434359950814;321;15251.434359950814;6513.6767;1387.3767764240056;Evaluated;16.5923;2.4325;64;True;1;
50;2;30;3;normal;1;6168df30f9d8;move;;;16;25;;;;;;;;;;True;False;False;False;;ok;17145.59279300848;15344.29939626171;15344.29939626171;15251.434359950814;322;15251.434359950814;6536.57;1801.2933967467707;Evaluated;20.4528;2.4367;64;True;2;duplicate_for_same_parent_sequence
50;2;30;4;normal;1;6168df30f9d8;move;;;52;48;;;;;;;;;;True;False;False;False;;ok;16110.05220997019;15344.29939626171;15344.29939626171;15251.434359950814;323;15251.434359950814;6555.197;765.752813708481;Evaluated;16.3895;2.234;64;True;1;
50;2;30;5;normal;1;6168df30f9d8;move;;;25;10;;;;;;;;;;True;False;False;True;;ok;15413.625180940016;15344.29939626171;15344.29939626171;15251.434359950814;324;15251.434359950814;6573.7772;69.32578467830717;Evaluated;16.3535;2.2238;64;True;1;
50;2;30;;normal;2;;;;;;;;;;;;;;;;;;;;;End-of-iteration summary row;;;15344.29939626171;15251.434359950814;324;15251.434359950814;6573.7779;;IterationSummary;;;;;;
51;2;31;1;normal;2;6168df30f9d8;move;;;0;5;;;;;;;;;;True;False;False;False;;ok;15802.565129617811;15344.29939626171;15344.29939626171;15251.434359950814;325;15251.434359950814;6595.6515;458.2657333561019;Evaluated;19.6439;2.2242;64;True;1;
51;2;31;2;normal;2;6168df30f9d8;swap;20;25;;;;;;;;;;;;True;False;False;False;;ok;15344.29939626171;15344.29939626171;15344.29939626171;15251.434359950814;326;15251.434359950814;6614.7079;0.0;Evaluated;16.8235;2.2321;64;True;1;
51;2;31;3;normal;2;6168df30f9d8;move;;;37;50;;;;;;;;;;True;False;False;True;;ok;16411.86211266333;15344.29939626171;15344.29939626171;15251.434359950814;327;15251.434359950814;6637.753;1067.5627164016205;Evaluated;20.6119;2.43;64;True;2;duplicate_for_same_parent_sequence
51;2;31;4;normal;2;6168df30f9d8;move;;;50;37;;;;;;;;;;True;False;False;True;;ok;16156.309817874006;15344.29939626171;15344.29939626171;15251.434359950814;328;15251.434359950814;6656.7632;812.0104216122963;Evaluated;16.5785;2.4288;64;True;1;
51;2;31;5;normal;2;6168df30f9d8;move;;;52;40;;;;;;;;;;True;False;False;True;;ok;16390.8054882479;15344.29939626171;15344.29939626171;15251.434359950814;329;15251.434359950814;6675.5384;1046.5060919861917;Evaluated;16.3414;2.4306;64;True;1;
51;2;31;;normal;3;;;;;;;;;;;;;;;;;;;;;End-of-iteration summary row;;;15344.29939626171;15251.434359950814;329;15251.434359950814;6675.5392;;IterationSummary;;;;;;
52;2;32;1;diversification;3;6168df30f9d8;move;;;10;25;;;;;;;;;;True;False;False;True;;ok;17129.61541295008;15344.29939626171;15344.29939626171;15251.434359950814;330;15251.434359950814;6698.0333;1785.31601668837;Evaluated;20.0615;2.4256;64;True;1;
52;2;32;2;diversification;3;6168df30f9d8;reinsert_block;;;;;;;20;25;35;;;;;True;False;False;True;;ok;16573.718645833025;15344.29939626171;15344.29939626171;15251.434359950814;331;15251.434359950814;6717.7355;1229.419249571316;Evaluated;17.2678;2.4309;64;True;1;
52;2;32;3;diversification;3;6168df30f9d8;swap;35;42;;;;;;;;;;;;True;False;False;False;;ok;15343.320893248301;15344.29939626171;15344.29939626171;15251.434359950814;332;15251.434359950814;6737.0216;-0.9785030134080444;EvaluatedImprovementDespiteDiversificationMismatch;17.0574;2.225;64;True;1;
52;2;32;4;diversification;3;6168df30f9d8;move;;;30;50;;;;;;;;;;True;False;False;True;;ok;15617.577046109336;15344.29939626171;15344.29939626171;15251.434359950814;333;15251.434359950814;6760.0183;273.2776498476269;Evaluated;20.7717;2.2223;64;True;2;duplicate_for_same_parent_sequence
52;2;32;5;diversification;3;6168df30f9d8;swap;8;25;;;;;;;;;;;;True;False;False;True;;ok;16003.250495446417;15344.29939626171;15344.29939626171;15251.434359950814;334;15251.434359950814;6782.7561;658.9510991847073;Evaluated;20.5102;2.2251;64;True;2;duplicate_for_same_parent_sequence
52;2;32;6;diversification;3;6168df30f9d8;reinsert_block;;;;;;;35;40;50;;;;;True;False;False;True;;ok;16966.318798314816;15344.29939626171;15344.29939626171;15251.434359950814;335;15251.434359950814;6806.0774;1622.0194020531071;Evaluated;20.8925;2.426;64;True;2;duplicate_for_same_parent_sequence
52;2;32;7;diversification;3;6168df30f9d8;move;;;25;40;;;;;;;;;;True;False;False;True;;ok;16745.307091073137;15344.29939626171;15344.29939626171;15251.434359950814;336;15251.434359950814;6825.0734;1401.0076948114274;Evaluated;16.5631;2.4298;64;True;1;
52;2;32;8;diversification;3;6168df30f9d8;move;;;18;25;;;;;;;;;;True;False;False;False;;ok;16824.48196976666;15344.29939626171;15344.29939626171;15251.434359950814;337;15251.434359950814;6844.2178;1480.1825735049515;Evaluated;16.7201;2.4217;64;True;1;
52;2;32;9;diversification;3;6168df30f9d8;move;;;30;45;;;;;;;;;;True;False;False;True;;ok;15606.476779099023;15344.29939626171;15344.29939626171;15251.434359950814;338;15251.434359950814;6866.9382;262.1773828373134;Evaluated;20.4924;2.2272;64;True;2;duplicate_for_same_parent_sequence
52;2;32;10;diversification;3;6168df30f9d8;move;;;45;10;;;;;;;;;;True;False;False;True;;ok;16032.882566643222;15344.29939626171;15344.29939626171;15251.434359950814;339;15251.434359950814;6886.1561;688.5831703815129;Evaluated;16.9871;2.227;64;True;1;
52;2;32;;diversification;0;;;;;;;;;;;;;;;;;;;;;End-of-iteration summary row;;;15343.320893248301;15251.434359950814;339;15251.434359950814;6886.1621;;IterationSummary;;;;;;
53;2;33;1;normal;0;971b16f520a3;move;;;5;10;;;;;;;;;;True;False;False;False;;ok;16678.44581334301;15343.320893248301;15343.320893248301;15251.434359950814;340;15251.434359950814;6908.8566;1335.1249200947077;Evaluated;20.2581;2.4293;64;True;1;
53;2;33;2;normal;0;971b16f520a3;swap;20;25;;;;;;;;;;;;True;False;False;False;;ok;15343.320893248301;15343.320893248301;15343.320893248301;15251.434359950814;341;15251.434359950814;6927.9302;0.0;Evaluated;16.8414;2.2295;64;True;1;
53;2;33;3;normal;0;971b16f520a3;reinsert_block;;;;;;;35;40;20;;;;;True;False;False;True;;ok;16928.857147968272;15343.320893248301;15343.320893248301;15251.434359950814;342;15251.434359950814;6947.2624;1585.536254719971;Evaluated;16.9015;2.4278;64;True;1;
53;2;33;4;normal;0;971b16f520a3;move;;;50;48;;;;;;;;;;True;False;False;False;;ok;15343.320893248301;15343.320893248301;15343.320893248301;15251.434359950814;343;15251.434359950814;6966.0645;0.0;Evaluated;16.5718;2.2274;64;True;1;
53;2;33;5;normal;0;971b16f520a3;move;;;18;30;;;;;;;;;;True;False;False;True;;ok;17188.69633466236;15343.320893248301;15343.320893248301;15251.434359950814;344;15251.434359950814;6984.82;1845.3754414140585;Evaluated;16.3234;2.4295;64;True;1;
53;2;33;;normal;1;;;;;;;;;;;;;;;;;;;;;End-of-iteration summary row;;;15343.320893248301;15251.434359950814;344;15251.434359950814;6984.8237;;IterationSummary;;;;;;
54;2;34;1;normal;1;971b16f520a3;move;;;8;20;;;;;;;;;;True;False;False;True;;ok;15346.994143192202;15343.320893248301;15343.320893248301;15251.434359950814;345;15251.434359950814;7010.2947;3.673249943900373;Evaluated;23.2339;2.2238;64;True;2;duplicate_for_same_parent_sequence
54;2;34;2;normal;1;971b16f520a3;swap;18;25;;;;;;;;;;;;True;False;False;False;;ok;16374.7821229375;15343.320893248301;15343.320893248301;15251.434359950814;346;15251.434359950814;7029.4821;1031.4612296891992;Evaluated;16.753;2.4313;64;True;1;
54;2;34;3;normal;1;971b16f520a3;reinsert_block;;;;;;;32;40;15;;;;;True;False;False;True;;ok;16430.99535475384;15343.320893248301;15343.320893248301;15251.434359950814;347;15251.434359950814;7048.7322;1087.6744615055377;Evaluated;16.8197;2.4273;64;True;1;
54;2;34;4;normal;1;971b16f520a3;move;;;50;42;;;;;;;;;;True;False;False;False;;ok;15950.067412362858;15343.320893248301;15343.320893248301;15251.434359950814;348;15251.434359950814;7067.703;606.7465191145566;Evaluated;16.7357;2.2322;64;True;1;
54;2;34;5;normal;1;971b16f520a3;move;;;25;10;;;;;;;;;;True;False;False;True;;ok;15416.80672032793;15343.320893248301;15343.320893248301;15251.434359950814;349;15251.434359950814;7086.149;73.4858270796285;Evaluated;16.2137;2.2291;64;True;1;
54;2;34;;normal;2;;;;;;;;;;;;;;;;;;;;;End-of-iteration summary row;;;15343.320893248301;15251.434359950814;349;15251.434359950814;7086.1523;;IterationSummary;;;;;;
55;2;35;1;normal;2;971b16f520a3;move;;;8;20;;;;;;;;;;False;True;True;;;ok;;15343.320893248301;15343.320893248301;15251.434359950814;349;15251.434359950814;7113.0957;;DuplicateForSameParentSequenceAfterRetries;26.9302;;;;3;duplicate_for_same_parent_sequence
55;2;35;2;normal;2;971b16f520a3;swap;18;20;;;;;;;;;;;;True;False;False;False;;ok;16731.676172685715;15343.320893248301;15343.320893248301;15251.434359950814;350;15251.434359950814;7132.1106;1388.3552794374136;Evaluated;16.5885;2.4255;64;True;1;
55;2;35;3;normal;2;971b16f520a3;move;;;8;15;;;;;;;;;;True;False;False;False;;ok;15340.37811243408;15343.320893248301;15343.320893248301;15251.434359950814;351;15251.434359950814;7155.0177;-2.942780814220896;Evaluated;20.678;2.2268;64;True;2;duplicate_for_same_parent_sequence
55;2;35;4;normal;2;971b16f520a3;swap;20;30;;;;;;;;;;;;True;False;False;False;;ok;16682.76500499378;15343.320893248301;15343.320893248301;15251.434359950814;352;15251.434359950814;7177.4914;1339.444111745479;Evaluated;20.0437;2.4272;64;True;2;duplicate_for_same_parent_sequence
55;2;35;5;normal;2;971b16f520a3;move;;;25;15;;;;;;;;;;True;False;False;True;;ok;16777.53048714839;15343.320893248301;15343.320893248301;15251.434359950814;353;15251.434359950814;7199.8682;1434.2095939000883;Evaluated;19.9477;2.4261;64;True;2;duplicate_for_same_parent_sequence
55;2;35;;normal;0;;;;;;;;;;;;;;;;;;;;;End-of-iteration summary row;;;15340.37811243408;15251.434359950814;353;15251.434359950814;7199.8869;;IterationSummary;;;;;;
56;2;36;1;normal;0;23437d523a90;move;;;20;15;;;;;;;;;;True;False;False;False;;ok;17661.39602027263;15340.37811243408;15340.37811243408;15251.434359950814;354;15251.434359950814;7223.1559;2321.01790783855;Evaluated;20.8323;2.4313;64;True;1;
56;2;36;2;normal;0;23437d523a90;swap;20;25;;;;;;;;;;;;True;False;False;False;;ok;15340.37811243408;15340.37811243408;15340.37811243408;15251.434359950814;355;15251.434359950814;7242.1702;0.0;Evaluated;16.779;2.2326;64;True;1;
56;2;36;3;normal;0;23437d523a90;reinsert_block;;;;;;;35;40;20;;;;;True;False;False;True;;ok;16930.176280400286;15340.37811243408;15340.37811243408;15251.434359950814;356;15251.434359950814;7261.4478;1589.7981679662062;Evaluated;16.8463;2.4284;64;True;1;
56;2;36;4;normal;0;23437d523a90;move;;;50;42;;;;;;;;;;True;False;False;False;;ok;15957.833971488873;15340.37811243408;15340.37811243408;15251.434359950814;357;15251.434359950814;7280.2403;617.4558590547931;Evaluated;16.5622;2.2276;64;True;1;
56;2;36;5;normal;0;23437d523a90;move;;;25;10;;;;;;;;;;True;False;False;True;;ok;15425.63938263219;15340.37811243408;15340.37811243408;15251.434359950814;358;15251.434359950814;7298.7277;85.26127019810883;Evaluated;16.256;2.2279;64;True;1;
56;2;36;;normal;1;;;;;;;;;;;;;;;;;;;;;End-of-iteration summary row;;;15340.37811243408;15251.434359950814;358;15251.434359950814;7298.7312;;IterationSummary;;;;;;
57;2;37;1;normal;1;23437d523a90;move;;;5;3;;;;;;;;;;True;False;False;False;;ok;17395.45302493606;15340.37811243408;15340.37811243408;15251.434359950814;359;15251.434359950814;7321.1188;2055.074912501981;Evaluated;19.9527;2.4269;64;True;1;
57;2;37;2;normal;1;23437d523a90;swap;18;20;;;;;;;;;;;;True;False;False;False;;ok;16737.585552712182;15340.37811243408;15340.37811243408;15251.434359950814;360;15251.434359950814;7340.1149;1397.2074402781018;Evaluated;16.5625;2.431;64;True;1;
57;2;37;3;normal;1;23437d523a90;reinsert_block;;;;;;;35;40;28;;;;;True;False;False;False;;ok;16498.605735020516;15340.37811243408;15340.37811243408;15251.434359950814;361;15251.434359950814;7359.4462;1158.2276225864352;Evaluated;16.8968;2.4315;64;True;1;
57;2;37;4;normal;1;23437d523a90;move;;;50;45;;;;;;;;;;True;False;False;False;;ok;15340.37811243408;15340.37811243408;15340.37811243408;15251.434359950814;362;15251.434359950814;7378.2348;0.0;Evaluated;16.557;2.2282;64;True;1;
57;2;37;5;normal;1;23437d523a90;move;;;30;45;;;;;;;;;;True;False;False;True;;ok;15445.37949136826;15340.37811243408;15340.37811243408;15251.434359950814;363;15251.434359950814;7400.4025;105.00137893417923;Evaluated;19.9409;2.2241;64;True;2;duplicate_for_same_parent_sequence
57;2;37;;normal;2;;;;;;;;;;;;;;;;;;;;;End-of-iteration summary row;;;15340.37811243408;15251.434359950814;363;15251.434359950814;7400.4051;;IterationSummary;;;;;;
58;2;38;1;normal;2;23437d523a90;move;;;5;8;;;;;;;;;;True;False;False;False;;ok;17134.75483356075;15340.37811243408;15340.37811243408;15251.434359950814;364;15251.434359950814;7422.5709;1794.3767211266695;Evaluated;19.7243;2.4265;64;True;1;
58;2;38;2;normal;2;23437d523a90;swap;25;30;;;;;;;;;;;;True;False;False;False;;ok;16000.782432225866;15340.37811243408;15340.37811243408;15251.434359950814;365;15251.434359950814;7444.9901;660.4043197917854;Evaluated;20.191;2.225;64;True;2;duplicate_for_same_parent_sequence
58;2;38;3;normal;2;23437d523a90;move;;;35;25;;;;;;;;;;True;False;False;True;;ok;16577.663273666378;15340.37811243408;15340.37811243408;15251.434359950814;366;15251.434359950814;7468.48;1237.2851612322975;Evaluated;21.0557;2.4313;64;True;2;duplicate_for_same_parent_sequence
58;2;38;4;normal;2;23437d523a90;move;;;38;42;;;;;;;;;;True;False;False;False;;ok;15336.952606185881;15340.37811243408;15340.37811243408;15251.434359950814;367;15251.434359950814;7490.9421;-3.4255062481988716;Evaluated;20.23;2.2294;64;True;2;duplicate_for_same_parent_sequence
58;2;38;5;normal;2;23437d523a90;move;;;30;40;;;;;;;;;;True;False;False;True;;ok;15970.442304536604;15340.37811243408;15340.37811243408;15251.434359950814;368;15251.434359950814;7513.0098;630.0641921025235;Evaluated;19.8337;2.2304;64;True;2;duplicate_for_same_parent_sequence
58;2;38;;normal;0;;;;;;;;;;;;;;;;;;;;;End-of-iteration summary row;;;15336.952606185881;15251.434359950814;368;15251.434359950814;7513.0267;;IterationSummary;;;;;;
59;2;39;1;normal;0;88c9d7e24ef8;move;;;5;8;;;;;;;;;;True;False;False;False;;ok;16699.303376296608;15336.952606185881;15336.952606185881;15251.434359950814;369;15251.434359950814;7535.6051;1362.3507701107264;Evaluated;20.1366;2.4349;64;True;1;
59;2;39;2;normal;0;88c9d7e24ef8;swap;20;25;;;;;;;;;;;;True;False;False;False;;ok;15336.952606185881;15336.952606185881;15336.952606185881;15251.434359950814;370;15251.434359950814;7554.3328;0.0;Evaluated;16.5;2.225;64;True;1;
59;2;39;3;normal;0;88c9d7e24ef8;reinsert_block;;;;;;;35;40;28;;;;;True;False;False;False;;ok;15799.459145873861;15336.952606185881;15336.952606185881;15251.434359950814;371;15251.434359950814;7573.3616;462.50653968797997;Evaluated;16.8007;2.2247;64;True;1;
59;2;39;4;normal;0;88c9d7e24ef8;move;;;50;48;;;;;;;;;;True;False;False;False;;ok;15336.952606185881;15336.952606185881;15336.952606185881;15251.434359950814;372;15251.434359950814;7592.1334;0.0;Evaluated;16.5385;2.2305;64;True;1;
59;2;39;5;normal;0;88c9d7e24ef8;move;;;15;20;;;;;;;;;;True;False;False;False;;ok;15346.994143192202;15336.952606185881;15336.952606185881;15251.434359950814;373;15251.434359950814;7610.6066;10.04153700632014;Evaluated;16.2401;2.2299;64;True;1;
59;2;39;;normal;1;;;;;;;;;;;;;;;;;;;;;End-of-iteration summary row;;;15336.952606185881;15251.434359950814;373;15251.434359950814;7610.61;;IterationSummary;;;;;;
60;2;40;1;normal;1;88c9d7e24ef8;move;;;7;10;;;;;;;;;;True;False;False;False;;ok;17026.6110275114;15336.952606185881;15336.952606185881;15251.434359950814;374;15251.434359950814;7636.2792;1689.6584213255192;Evaluated;23.2347;2.4273;64;True;2;duplicate_for_same_parent_sequence
60;2;40;2;normal;1;88c9d7e24ef8;swap;18;25;;;;;;;;;;;;True;False;False;False;;ok;16588.192047606193;15336.952606185881;15336.952606185881;15251.434359950814;375;15251.434359950814;7655.309;1251.2394414203118;Evaluated;16.5964;2.4327;64;True;1;
60;2;40;3;normal;1;88c9d7e24ef8;move;;;25;10;;;;;;;;;;True;False;False;True;;ok;15425.63938263219;15336.952606185881;15336.952606185881;15251.434359950814;376;15251.434359950814;7678.022;88.6867764463077;Evaluated;20.4783;2.2316;64;True;2;duplicate_for_same_parent_sequence
60;2;40;4;normal;1;88c9d7e24ef8;move;;;50;42;;;;;;;;;;True;False;False;False;;ok;15958.106233827115;15336.952606185881;15336.952606185881;15251.434359950814;377;15251.434359950814;7696.8269;621.1536276412335;Evaluated;16.5727;2.2307;64;True;1;
60;2;40;5;normal;1;88c9d7e24ef8;move;;;30;45;;;;;;;;;;True;False;False;True;;ok;15331.346758017315;15336.952606185881;15336.952606185881;15251.434359950814;378;15251.434359950814;7718.9371;-5.6058481685668085;Evaluated;19.8792;2.2278;64;True;2;duplicate_for_same_parent_sequence
60;2;40;;normal;0;;;;;;;;;;;;;;;;;;;;;End-of-iteration summary row;;;15331.346758017315;15251.434359950814;378;15251.434359950814;7718.949;;IterationSummary;;;;;;
61;2;41;1;normal;0;b70c7cd6c774;move;;;10;5;;;;;;;;;;True;False;False;False;;ok;16469.959683130546;15331.346758017315;15331.346758017315;15251.434359950814;379;15251.434359950814;7741.8413;1138.6129251132315;Evaluated;20.4568;2.4284;64;True;1;
61;2;41;2;normal;0;b70c7cd6c774;swap;20;25;;;;;;;;;;;;True;False;False;False;;ok;15331.346758017315;15331.346758017315;15331.346758017315;15251.434359950814;380;15251.434359950814;7760.6937;0.0;Evaluated;16.6202;2.2295;64;True;1;
61;2;41;3;normal;0;b70c7cd6c774;reinsert_block;;;;;;;35;40;28;;;;;True;False;False;False;;ok;15766.81834008006;15331.346758017315;15331.346758017315;15251.434359950814;381;15251.434359950814;7779.812;435.47158206274617;Evaluated;16.888;2.2278;64;True;1;
61;2;41;4;normal;0;b70c7cd6c774;move;;;50;38;;;;;;;;;;True;False;False;True;;ok;15977.72089068318;15331.346758017315;15331.346758017315;15251.434359950814;382;15251.434359950814;7798.5615;646.3741326658655;Evaluated;16.5237;2.2252;64;True;1;
61;2;41;5;normal;0;b70c7cd6c774;move;;;20;15;;;;;;;;;;True;False;False;False;;ok;17213.1895549571;15331.346758017315;15331.346758017315;15251.434359950814;383;15251.434359950814;7817.2605;1881.8427969397871;Evaluated;16.2723;2.426;64;True;1;
61;2;41;;normal;1;;;;;;;;;;;;;;;;;;;;;End-of-iteration summary row;;;15331.346758017315;15251.434359950814;383;15251.434359950814;7817.2633;;IterationSummary;;;;;;
62;2;42;1;normal;1;b70c7cd6c774;move;;;7;10;;;;;;;;;;True;False;False;False;;ok;17029.261588396166;15331.346758017315;15331.346758017315;15251.434359950814;384;15251.434359950814;7839.4584;1697.9148303788515;Evaluated;19.754;2.4251;64;True;1;
62;2;42;2;normal;1;b70c7cd6c774;move;;;18;25;;;;;;;;;;True;False;False;False;;ok;16389.45247069111;15331.346758017315;15331.346758017315;15251.434359950814;385;15251.434359950814;7861.9612;1058.105712673796;Evaluated;20.0692;2.4303;64;True;2;duplicate_for_same_parent_sequence
62;2;42;3;normal;1;b70c7cd6c774;move;;;35;10;;;;;;;;;;True;False;False;True;;ok;16265.040466859573;15331.346758017315;15331.346758017315;15251.434359950814;386;15251.434359950814;7884.8688;933.6937088422583;Evaluated;20.4824;2.4239;64;True;2;duplicate_for_same_parent_sequence
62;2;42;4;normal;1;b70c7cd6c774;move;;;50;42;;;;;;;;;;True;False;False;False;;ok;16158.09964789146;15331.346758017315;15331.346758017315;15251.434359950814;387;15251.434359950814;7903.8483;826.7528898741457;Evaluated;16.5464;2.4324;64;True;1;
62;2;42;5;normal;1;b70c7cd6c774;move;;;30;45;;;;;;;;;;True;False;False;True;;ok;15599.735012342691;15331.346758017315;15331.346758017315;15251.434359950814;388;15251.434359950814;7925.9699;268.3882543253767;Evaluated;19.8907;2.228;64;True;2;duplicate_for_same_parent_sequence
62;2;42;;normal;2;;;;;;;;;;;;;;;;;;;;;End-of-iteration summary row;;;15331.346758017315;15251.434359950814;388;15251.434359950814;7925.9728;;IterationSummary;;;;;;
63;2;43;1;normal;2;b70c7cd6c774;move;;;2;5;;;;;;;;;;True;False;False;False;;ok;16470.93878527435;15331.346758017315;15331.346758017315;15251.434359950814;389;15251.434359950814;7951.7153;1139.5920272570347;Evaluated;23.2911;2.4365;64;True;2;duplicate_for_same_parent_sequence
63;2;43;2;normal;2;b70c7cd6c774;move;;;16;19;;;;;;;;;;True;False;False;False;;ok;16700.544346852148;15331.346758017315;15331.346758017315;15251.434359950814;390;15251.434359950814;7974.2589;1369.1975888348334;Evaluated;20.1103;2.4306;64;True;2;duplicate_for_same_parent_sequence
63;2;43;3;normal;2;b70c7cd6c774;reinsert_block;;;;;;;35;40;12;;;;;True;False;False;True;;ok;17291.37311728138;15331.346758017315;15331.346758017315;15251.434359950814;391;15251.434359950814;7993.5631;1960.026359264064;Evaluated;16.8772;2.4241;64;True;1;
63;2;43;4;normal;2;b70c7cd6c774;move;;;50;48;;;;;;;;;;True;False;False;False;;ok;15331.346758017315;15331.346758017315;15331.346758017315;15251.434359950814;392;15251.434359950814;8012.3763;0.0;Evaluated;16.5781;2.2325;64;True;1;
63;2;43;5;normal;2;b70c7cd6c774;move;;;8;12;;;;;;;;;;True;False;False;False;;ok;16492.349160735088;15331.346758017315;15331.346758017315;15251.434359950814;393;15251.434359950814;8034.9142;1161.0024027177733;Evaluated;20.1087;2.426;64;True;2;duplicate_for_same_parent_sequence
63;2;43;;normal;3;;;;;;;;;;;;;;;;;;;;;End-of-iteration summary row;;;15331.346758017315;15251.434359950814;393;15251.434359950814;8034.9162;;IterationSummary;;;;;;
64;2;44;1;diversification;3;b70c7cd6c774;move;;;10;25;;;;;;;;;;True;False;False;True;;ok;16898.76104507431;15331.346758017315;15331.346758017315;15251.434359950814;394;15251.434359950814;8057.4357;1567.414287056994;Evaluated;20.0838;2.4273;64;True;1;
64;2;44;2;diversification;3;b70c7cd6c774;reinsert_block;;;;;;;25;30;16;;;;;True;False;False;True;;ok;17376.934224320714;15331.346758017315;15331.346758017315;15251.434359950814;395;15251.434359950814;8077.0676;2045.5874663033992;Evaluated;17.201;2.4274;64;True;1;
64;2;44;3;diversification;3;b70c7cd6c774;swap;32;47;;;;;;;;;;;;True;False;False;True;;ok;16210.207081112636;15331.346758017315;15331.346758017315;15251.434359950814;396;15251.434359950814;8096.3335;878.8603230953213;Evaluated;16.8313;2.4312;64;True;1;
64;2;44;4;diversification;3;b70c7cd6c774;move;;;30;15;;;;;;;;;;True;False;False;True;;ok;15558.053373222918;15331.346758017315;15331.346758017315;15251.434359950814;397;15251.434359950814;8119.3369;226.70661520560316;Evaluated;20.7733;2.2257;64;True;2;duplicate_for_same_parent_sequence
64;2;44;5;diversification;3;b70c7cd6c774;swap;3;7;;;;;;;;;;;;True;False;False;False;;ok;16583.413486310455;15331.346758017315;15331.346758017315;15251.434359950814;398;15251.434359950814;8142.4461;1252.0667282931408;Evaluated;20.6753;2.4305;64;True;2;duplicate_for_same_parent_sequence
64;2;44;6;diversification;3;b70c7cd6c774;move;;;25;30;;;;;;;;;;True;False;False;False;;ok;16012.939844876524;15331.346758017315;15331.346758017315;15251.434359950814;399;15251.434359950814;8161.5531;681.5930868592095;Evaluated;16.8807;2.2236;64;True;1;
64;2;44;7;diversification;3;b70c7cd6c774;move;;;25;10;;;;;;;;;;True;False;False;True;;ok;15533.252209964849;15331.346758017315;15331.346758017315;15251.434359950814;400;15251.434359950814;8180.2962;201.90545194753395;Evaluated;16.5141;2.2262;64;True;1;
64;2;44;8;diversification;3;b70c7cd6c774;move;;;8;20;;;;;;;;;;True;False;False;True;;ok;16811.932385841676;15331.346758017315;15331.346758017315;15251.434359950814;401;15251.434359950814;8199.5382;1480.585627824361;Evaluated;16.8144;2.4269;64;True;1;
64;2;44;9;diversification;3;b70c7cd6c774;move;;;25;15;;;;;;;;;;True;False;False;True;;ok;16971.213558339572;15331.346758017315;15331.346758017315;15251.434359950814;402;15251.434359950814;8226.1346;1639.8668003222574;Evaluated;24.1622;2.4314;64;True;3;duplicate_for_same_parent_sequence
64;2;44;10;diversification;3;b70c7cd6c774;move;;;45;30;;;;;;;;;;True;False;False;True;;ok;15336.952606185881;15331.346758017315;15331.346758017315;15251.434359950814;403;15251.434359950814;8245.2847;5.6058481685668085;Evaluated;16.9161;2.2333;64;True;1;
64;2;44;;diversification;4;;;;;;;;;;;;;;;;;;;;;End-of-iteration summary row;;;15331.346758017315;15251.434359950814;403;15251.434359950814;8245.2884;;IterationSummary;;;;;;
65;2;45;1;diversification;4;b70c7cd6c774;move;;;5;20;;;;;;;;;;True;False;False;True;;ok;16594.28935388963;15331.346758017315;15331.346758017315;15251.434359950814;404;15251.434359950814;8267.8401;1262.9425958723168;Evaluated;20.1099;2.4271;64;True;1;
65;2;45;2;diversification;4;b70c7cd6c774;reinsert_block;;;;;;;20;25;16;;;;;True;False;False;False;;ok;17607.679004232254;15331.346758017315;15331.346758017315;15251.434359950814;405;15251.434359950814;8287.7848;2276.332246214939;Evaluated;17.5145;2.4269;64;True;1;
65;2;45;3;diversification;4;b70c7cd6c774;move;;;35;40;;;;;;;;;;True;False;False;False;;ok;15914.971207962704;15331.346758017315;15331.346758017315;15251.434359950814;406;15251.434359950814;8310.5022;583.6244499453896;Evaluated;20.4854;2.2289;64;True;2;duplicate_for_same_parent_sequence
65;2;45;4;diversification;4;b70c7cd6c774;move;;;30;16;;;;;;;;;;True;False;False;True;;ok;15428.48893701758;15331.346758017315;15331.346758017315;15251.434359950814;407;15251.434359950814;8333.2724;97.14217900026597;Evaluated;20.5366;2.2307;64;True;2;duplicate_for_same_parent_sequence
65;2;45;5;diversification;4;b70c7cd6c774;move;;;20;35;;;;;;;;;;True;False;False;True;;ok;15991.64125967146;15331.346758017315;15331.346758017315;15251.434359950814;408;15251.434359950814;8352.4335;660.2945016541453;Evaluated;16.9323;2.2254;64;True;1;
65;2;45;6;diversification;4;b70c7cd6c774;move;;;20;10;;;;;;;;;;True;False;False;True;;ok;17375.702209168012;15331.346758017315;15331.346758017315;15251.434359950814;409;15251.434359950814;8375.6267;2044.3554511506973;Evaluated;20.7542;2.4359;64;True;2;duplicate_for_same_parent_sequence
65;2;45;7;diversification;4;b70c7cd6c774;move;;;40;20;;;;;;;;;;True;False;False;True;;ok;16580.627909801395;15331.346758017315;15331.346758017315;15251.434359950814;410;15251.434359950814;8398.4399;1249.28115178408;Evaluated;20.3829;2.427;64;True;2;duplicate_for_same_parent_sequence
65;2;45;8;diversification;4;b70c7cd6c774;move;;;8;25;;;;;;;;;;True;False;False;True;;ok;16599.481261014233;15331.346758017315;15331.346758017315;15251.434359950814;411;15251.434359950814;8421.5768;1268.134502996918;Evaluated;20.7033;2.4308;64;True;2;duplicate_for_same_parent_sequence
65;2;45;9;diversification;4;b70c7cd6c774;move;;;24;30;;;;;;;;;;True;False;False;False;;ok;15404.031072034219;15331.346758017315;15331.346758017315;15251.434359950814;412;15251.434359950814;8440.6864;72.68431401690395;Evaluated;16.8768;2.2301;64;True;1;
65;2;45;10;diversification;4;b70c7cd6c774;swap;43;50;;;;;;;;;;;;True;False;False;False;;ok;15970.840471656244;15331.346758017315;15331.346758017315;15251.434359950814;413;15251.434359950814;8463.2287;639.493713638929;Evaluated;20.3179;2.2218;64;True;2;duplicate_for_same_parent_sequence
65;2;45;;diversification;5;;;;;;;;;;;;;;;;;;;;;End-of-iteration summary row;;;15331.346758017315;15251.434359950814;413;15251.434359950814;8463.2294;;IterationSummary;;;;;;
66;2;46;1;diversification;5;b70c7cd6c774;move;;;2;10;;;;;;;;;;True;False;False;False;;ok;16775.333890266404;15331.346758017315;15331.346758017315;15251.434359950814;414;15251.434359950814;8485.7366;1443.987132249089;Evaluated;20.0767;2.4244;64;True;1;
66;2;46;2;diversification;5;b70c7cd6c774;reinsert_block;;;;;;;18;24;35;;;;;True;False;False;True;;ok;16717.643602383072;15331.346758017315;15331.346758017315;15251.434359950814;415;15251.434359950814;8513.3692;1386.2968443657574;Evaluated;25.2026;2.4271;64;True;3;duplicate_for_same_parent_sequence
66;2;46;3;diversification;5;b70c7cd6c774;swap;40;50;;;;;;;;;;;;True;False;False;False;;ok;15338.573938989965;15331.346758017315;15331.346758017315;15251.434359950814;416;15251.434359950814;8532.4227;7.227180972649876;Evaluated;16.8242;2.2268;64;True;1;
66;2;46;4;diversification;5;b70c7cd6c774;move;;;63;20;;;;;;;;;;True;False;False;True;;ok;15547.048543612022;15331.346758017315;15331.346758017315;15251.434359950814;417;15251.434359950814;8555.1211;215.70178559470696;Evaluated;20.4663;2.2292;64;True;2;duplicate_for_same_parent_sequence
66;2;46;5;diversification;5;b70c7cd6c774;move;;;20;15;;;;;;;;;;False;True;False;;;ok;;15331.346758017315;15331.346758017315;15251.434359950814;417;15251.434359950814;8579.2802;;DuplicateForSameParentSequenceAfterRetries;24.1563;;;;3;duplicate_for_same_parent_sequence
66;2;46;6;diversification;5;b70c7cd6c774;move;;;25;10;;;;;;;;;;False;True;False;;;ok;;15331.346758017315;15331.346758017315;15251.434359950814;417;15251.434359950814;8603.1441;;DuplicateForSameParentSequenceAfterRetries;23.8629;;;;3;duplicate_for_same_parent_sequence
66;2;46;7;diversification;5;b70c7cd6c774;move;;;15;30;;;;;;;;;;True;False;False;True;;ok;16015.373349607895;15331.346758017315;15331.346758017315;15251.434359950814;418;15251.434359950814;8625.4284;684.0265915905802;Evaluated;20.0569;2.2264;64;True;2;duplicate_for_same_parent_sequence
66;2;46;8;diversification;5;b70c7cd6c774;move;;;20;30;;;;;;;;;;True;False;False;True;;ok;16214.541247892545;15331.346758017315;15331.346758017315;15251.434359950814;419;15251.434359950814;8648.2862;883.1944898752299;Evaluated;20.427;2.4281;64;True;2;duplicate_for_same_parent_sequence
66;2;46;9;diversification;5;b70c7cd6c774;move;;;25;40;;;;;;;;;;True;False;False;True;;ok;15339.683701109998;15331.346758017315;15331.346758017315;15251.434359950814;420;15251.434359950814;8674.7202;8.336943092683214;Evaluated;24.2029;2.2276;64;True;3;duplicate_for_same_parent_sequence
66;2;46;10;diversification;5;b70c7cd6c774;move;;;48;20;;;;;;;;;;True;False;False;True;;ok;15570.833552197626;15331.346758017315;15331.346758017315;15251.434359950814;421;15251.434359950814;8697.2742;239.48679418031134;Evaluated;20.3257;2.2248;64;True;2;duplicate_for_same_parent_sequence
66;2;46;;diversification;6;;;;;;;;;;;;;;;;;;;;;End-of-iteration summary row;;;15331.346758017315;15251.434359950814;421;15251.434359950814;8697.2781;;IterationSummary;;;;;;
67;2;47;1;diversification;6;b70c7cd6c774;move;;;5;30;;;;;;;;;;True;False;False;True;;ok;16147.83399482321;15331.346758017315;15331.346758017315;15251.434359950814;422;15251.434359950814;8723.654;816.487236805895;Evaluated;23.932;2.4341;64;True;2;duplicate_for_same_parent_sequence
67;2;47;2;diversification;6;b70c7cd6c774;reinsert_block;;;;;;;20;24;35;;;;;True;False;False;True;;ok;16257.193408204002;15331.346758017315;15331.346758017315;15251.434359950814;423;15251.434359950814;8743.3124;925.8466501866878;Evaluated;17.2194;2.4356;64;True;1;
67;2;47;3;diversification;6;b70c7cd6c774;swap;35;40;;;;;;;;;;;;True;False;False;False;;ok;15917.62754680703;15331.346758017315;15331.346758017315;15251.434359950814;424;15251.434359950814;8762.4272;586.2807887897161;Evaluated;16.8841;2.2275;64;True;1;
67;2;47;4;diversification;6;b70c7cd6c774;move;;;50;45;;;;;;;;;;True;False;False;False;;ok;15341.864268159563;15331.346758017315;15331.346758017315;15251.434359950814;425;15251.434359950814;8781.597;10.517510142248284;Evaluated;16.937;2.23;64;True;1;
67;2;47;5;diversification;6;b70c7cd6c774;move;;;50;20;;;;;;;;;;True;False;False;True;;ok;16518.11774671988;15331.346758017315;15331.346758017315;15251.434359950814;426;15251.434359950814;8800.9856;1186.7709887025649;Evaluated;16.9565;2.4289;64;True;1;
67;2;47;6;diversification;6;b70c7cd6c774;move;;;60;35;;;;;;;;;;True;False;False;True;;ok;16037.109109942976;15331.346758017315;15331.346758017315;15251.434359950814;427;15251.434359950814;8820.1536;705.7623519256613;Evaluated;16.9308;2.2339;64;True;1;
67;2;47;7;diversification;6;b70c7cd6c774;move;;;18;35;;;;;;;;;;True;False;False;True;;ok;16765.31929492113;15331.346758017315;15331.346758017315;15251.434359950814;428;15251.434359950814;8839.1347;1433.9725369038151;Evaluated;16.5514;2.4272;64;True;1;
67;2;47;8;diversification;6;b70c7cd6c774;move;;;10;35;;;;;;;;;;True;False;False;True;;ok;16897.718941499246;15331.346758017315;15331.346758017315;15251.434359950814;429;15251.434359950814;8858.4292;1566.3721834819316;Evaluated;16.8672;2.4243;64;True;1;
67;2;47;9;diversification;6;b70c7cd6c774;move;;;18;45;;;;;;;;;;True;False;False;True;;ok;16746.076892067926;15331.346758017315;15331.346758017315;15251.434359950814;430;15251.434359950814;8881.1084;1414.730134050611;Evaluated;20.2503;2.4262;64;True;2;duplicate_for_same_parent_sequence
67;2;47;10;diversification;6;b70c7cd6c774;swap;45;50;;;;;;;;;;;;True;False;False;False;;ok;15467.699164822388;15331.346758017315;15331.346758017315;15251.434359950814;431;15251.434359950814;8903.8899;136.35240680507377;Evaluated;20.5503;2.2285;64;True;2;duplicate_for_same_parent_sequence
67;2;47;;diversification;7;;;;;;;;;;;;;;;;;;;;;End-of-iteration summary row;;;15331.346758017315;15251.434359950814;431;15251.434359950814;8903.8926;;IterationSummary;;;;;;
68;2;48;1;diversification;7;b70c7cd6c774;move;;;2;15;;;;;;;;;;True;False;False;True;;ok;16344.376725212216;15331.346758017315;15331.346758017315;15251.434359950814;432;15251.434359950814;8926.672;1013.0299671949015;Evaluated;20.3381;2.4252;64;True;1;
68;2;48;2;diversification;7;b70c7cd6c774;move;;;18;40;;;;;;;;;;True;False;False;True;;ok;16945.816374474955;15331.346758017315;15331.346758017315;15251.434359950814;433;15251.434359950814;8950.0117;1614.4696164576399;Evaluated;20.9033;2.4336;64;True;2;duplicate_for_same_parent_sequence
68;2;48;3;diversification;7;b70c7cd6c774;swap;34;40;;;;;;;;;;;;True;False;False;False;;ok;15603.354309723261;15331.346758017315;15331.346758017315;15251.434359950814;434;15251.434359950814;8969.1051;272.00755170594675;Evaluated;16.8651;2.2254;64;True;1;
68;2;48;4;diversification;7;b70c7cd6c774;move;;;24;50;;;;;;;;;;True;False;False;True;;ok;15970.7277524871;15331.346758017315;15331.346758017315;15251.434359950814;435;15251.434359950814;8995.3862;639.380994469786;Evaluated;24.0547;2.2235;64;True;3;duplicate_for_same_parent_sequence
68;2;48;5;diversification;7;b70c7cd6c774;swap;30;40;;;;;;;;;;;;True;False;False;False;;ok;16062.352238166251;15331.346758017315;15331.346758017315;15251.434359950814;436;15251.434359950814;9018.1816;731.0054801489368;Evaluated;20.5629;2.2312;64;True;2;duplicate_for_same_parent_sequence
68;2;48;6;diversification;7;b70c7cd6c774;swap;40;45;;;;;;;;;;;;True;False;False;False;;ok;15343.177347646728;15331.346758017315;15331.346758017315;15251.434359950814;437;15251.434359950814;9041.0091;11.830589629413225;Evaluated;20.5922;2.2333;64;True;2;duplicate_for_same_parent_sequence
68;2;48;7;diversification;7;b70c7cd6c774;swap;15;30;;;;;;;;;;;;True;False;False;True;;ok;16145.347704236226;15331.346758017315;15331.346758017315;15251.434359950814;438;15251.434359950814;9063.629;814.0009462189118;Evaluated;20.1821;2.4341;64;True;2;duplicate_for_same_parent_sequence
68;2;48;8;diversification;7;b70c7cd6c774;swap;8;15;;;;;;;;;;;;True;False;False;False;;ok;16497.156763904713;15331.346758017315;15331.346758017315;15251.434359950814;439;15251.434359950814;9086.5189;1165.8100058873988;Evaluated;20.4568;2.4294;64;True;2;duplicate_for_same_parent_sequence
68;2;48;9;diversification;7;b70c7cd6c774;move;;;24;35;;;;;;;;;;True;False;False;True;;ok;15621.124709653212;15331.346758017315;15331.346758017315;15251.434359950814;440;15251.434359950814;9105.5849;289.7779516358969;Evaluated;16.8308;2.2326;64;True;1;
68;2;48;10;diversification;7;b70c7cd6c774;move;;;50;25;;;;;;;;;;True;False;False;True;;ok;16695.916803414308;15331.346758017315;15331.346758017315;15251.434359950814;441;15251.434359950814;9124.9089;1364.570045396993;Evaluated;16.8903;2.4311;64;True;1;
68;2;48;;diversification;8;;;;;;;;;;;;;;;;;;;;;End-of-iteration summary row;;;15331.346758017315;15251.434359950814;441;15251.434359950814;9124.912;;IterationSummary;;;;;;
69;2;49;1;diversification;8;b70c7cd6c774;move;;;0;30;;;;;;;;;;True;False;False;True;;ok;15838.476471081647;15331.346758017315;15331.346758017315;15251.434359950814;442;15251.434359950814;9150.759;507.12971306433246;Evaluated;23.6122;2.2262;64;True;2;duplicate_for_same_parent_sequence
69;2;49;2;diversification;8;b70c7cd6c774;reinsert_block;;;;;;;20;25;10;;;;;True;False;False;True;;ok;17438.823070734477;15331.346758017315;15331.346758017315;15251.434359950814;443;15251.434359950814;9178.0696;2107.4763127171627;Evaluated;24.8753;2.4318;64;True;3;duplicate_for_same_parent_sequence
69;2;49;3;diversification;8;b70c7cd6c774;swap;42;39;;;;;;;;;;;;True;False;False;False;;ok;15332.957464585683;15331.346758017315;15331.346758017315;15251.434359950814;444;15251.434359950814;9197.1548;1.6107065683681867;Evaluated;16.8556;2.2271;64;True;1;
69;2;49;4;diversification;8;b70c7cd6c774;move;;;60;52;;;;;;;;;;True;False;False;False;;ok;15884.524383994223;15331.346758017315;15331.346758017315;15251.434359950814;445;15251.434359950814;9220.3662;553.1776259769085;Evaluated;20.985;2.2247;64;True;2;duplicate_for_same_parent_sequence
69;2;49;5;diversification;8;b70c7cd6c774;swap;18;40;;;;;;;;;;;;True;False;False;True;;ok;16154.596068484438;15331.346758017315;15331.346758017315;15251.434359950814;446;15251.434359950814;9243.4119;823.249310467123;Evaluated;20.6112;2.4312;64;True;2;duplicate_for_same_parent_sequence
69;2;49;6;diversification;8;b70c7cd6c774;move;;;40;35;;;;;;;;;;True;False;False;False;;ok;15915.010496386765;15331.346758017315;15331.346758017315;15251.434359950814;447;15251.434359950814;9262.5469;583.6637383694506;Evaluated;16.8984;2.2337;64;True;1;
69;2;49;7;diversification;8;b70c7cd6c774;swap;20;40;;;;;;;;;;;;True;False;False;True;;ok;16315.159279062218;15331.346758017315;15331.346758017315;15251.434359950814;448;15251.434359950814;9285.1177;983.8125210449034;Evaluated;20.1374;2.43;64;True;2;duplicate_for_same_parent_sequence
69;2;49;8;diversification;8;b70c7cd6c774;move;;;8;15;;;;;;;;;;True;False;False;False;;ok;16493.429827240147;15331.346758017315;15331.346758017315;15251.434359950814;449;15251.434359950814;9304.3666;1162.083069222832;Evaluated;16.8121;2.4361;64;True;1;
69;2;49;9;diversification;8;b70c7cd6c774;swap;24;39;;;;;;;;;;;;True;False;False;True;;ok;15971.603270806498;15331.346758017315;15331.346758017315;15251.434359950814;450;15251.434359950814;9327.0148;640.256512789183;Evaluated;20.4137;2.2309;64;True;2;duplicate_for_same_parent_sequence
69;2;49;10;diversification;8;b70c7cd6c774;move;;;40;50;;;;;;;;;;True;False;False;True;;ok;15506.499347512548;15331.346758017315;15331.346758017315;15251.434359950814;451;15251.434359950814;9346.3968;175.15258949523377;Evaluated;17.1536;2.2258;64;True;1;
69;2;49;;diversification;9;;;;;;;;;;;;;;;;;;;;;End-of-iteration summary row;;;15331.346758017315;15251.434359950814;451;15251.434359950814;9346.4006;;IterationSummary;;;;;;
70;2;50;1;diversification;9;b70c7cd6c774;move;;;5;12;;;;;;;;;;True;False;False;False;;ok;16595.78047989124;15331.346758017315;15331.346758017315;15251.434359950814;452;15251.434359950814;9372.71;1264.4337218739256;Evaluated;23.8656;2.4286;64;True;2;duplicate_for_same_parent_sequence
70;2;50;2;diversification;9;b70c7cd6c774;reinsert_block;;;;;;;18;23;40;;;;;True;False;False;True;;ok;16709.05238163248;15331.346758017315;15331.346758017315;15251.434359950814;453;15251.434359950814;9392.3605;1377.7056236151639;Evaluated;17.2199;2.4279;64;True;1;
70;2;50;3;diversification;9;b70c7cd6c774;swap;35;40;;;;;;;;;;;;False;True;False;;;ok;;15331.346758017315;15331.346758017315;15251.434359950814;453;15251.434359950814;9416.7366;;DuplicateForSameParentSequenceAfterRetries;24.3755;;;;3;duplicate_for_same_parent_sequence
70;2;50;4;diversification;9;b70c7cd6c774;move;;;50;60;;;;;;;;;;True;False;False;True;;ok;16181.968057988852;15331.346758017315;15331.346758017315;15251.434359950814;454;15251.434359950814;9443.2501;850.6212999715372;Evaluated;24.0774;2.4349;64;True;3;duplicate_for_same_parent_sequence
70;2;50;5;diversification;9;b70c7cd6c774;move;;;25;18;;;;;;;;;;True;False;False;False;;ok;15331.346758017315;15331.346758017315;15331.346758017315;15251.434359950814;455;15251.434359950814;9469.8416;0.0;Evaluated;24.354;2.2349;64;True;3;duplicate_for_same_parent_sequence
70;2;50;6;diversification;9;b70c7cd6c774;move;;;45;20;;;;;;;;;;True;False;False;True;;ok;15573.925160149074;15331.346758017315;15331.346758017315;15251.434359950814;456;15251.434359950814;9492.5881;242.5784021317595;Evaluated;20.5152;2.228;64;True;2;duplicate_for_same_parent_sequence
70;2;50;7;diversification;9;b70c7cd6c774;move;;;30;40;;;;;;;;;;True;False;False;True;;ok;15611.295480613177;15331.346758017315;15331.346758017315;15251.434359950814;457;15251.434359950814;9515.1875;279.9487225958619;Evaluated;20.3667;2.2319;64;True;2;duplicate_for_same_parent_sequence
70;2;50;8;diversification;9;b70c7cd6c774;move;;;25;30;;;;;;;;;;False;True;False;;;ok;;15331.346758017315;15331.346758017315;15251.434359950814;457;15251.434359950814;9539.4636;;DuplicateForSameParentSequenceAfterRetries;24.273;;;;3;duplicate_for_same_parent_sequence
70;2;50;9;diversification;9;b70c7cd6c774;move;;;25;35;;;;;;;;;;True;False;False;True;;ok;15426.454147537965;15331.346758017315;15331.346758017315;15251.434359950814;458;15251.434359950814;9562.3264;95.10738952065003;Evaluated;20.637;2.2248;64;True;2;duplicate_for_same_parent_sequence
70;2;50;10;diversification;9;b70c7cd6c774;move;;;50;45;;;;;;;;;;False;True;True;;;ok;;15331.346758017315;15331.346758017315;15251.434359950814;458;15251.434359950814;9587.1837;;DuplicateForSameParentSequenceAfterRetries;24.8547;;;;3;duplicate_for_same_parent_sequence
70;3;0;;diversification;0;;;;;;;;;;;;;;;;;;;;;End-of-iteration summary row;;;16630.57522948563;15251.434359950814;459;15251.434359950814;9589.6281;;IterationSummary;;;;;;
71;3;1;1;normal;0;0f63cf6f404e;move;;;10;5;;;;;;;;;;True;False;False;False;;ok;15621.654598931518;16630.57522948563;16630.57522948563;15251.434359950814;460;15251.434359950814;9608.9112;-1008.9206305541102;Evaluated;17.0467;2.2307;64;True;1;
71;3;1;2;normal;0;0f63cf6f404e;swap;20;25;;;;;;;;;;;;True;False;False;False;;ok;17127.159046974382;16630.57522948563;16630.57522948563;15251.434359950814;461;15251.434359950814;9625.3821;496.583817488754;Evaluated;14.0362;2.4322;64;True;1;
71;3;1;3;normal;0;0f63cf6f404e;reinsert_block;;;;;;;35;40;20;;;;;True;False;False;True;;ok;17351.708770968136;16630.57522948563;16630.57522948563;15251.434359950814;462;15251.434359950814;9642.4961;721.133541482508;Evaluated;14.6806;2.4306;64;True;1;
71;3;1;4;normal;0;0f63cf6f404e;move;;;50;45;;;;;;;;;;True;False;False;False;;ok;16179.157115270677;16630.57522948563;16630.57522948563;15251.434359950814;463;15251.434359950814;9659.2117;-451.41811421495186;Evaluated;14.2837;2.4285;64;True;1;
71;3;1;5;normal;0;0f63cf6f404e;move;;;10;45;;;;;;;;;;True;False;False;True;;ok;17550.003937069596;16630.57522948563;16630.57522948563;15251.434359950814;464;15251.434359950814;9675.4094;919.4287075839675;Evaluated;13.7682;2.4268;64;True;1;
71;3;1;;normal;0;;;;;;;;;;;;;;;;;;;;;End-of-iteration summary row;;;15621.654598931518;15251.434359950814;464;15251.434359950814;9675.4274;;IterationSummary;;;;;;
72;3;2;1;normal;0;457c4bc75f95;move;;;5;10;;;;;;;;;;True;False;False;False;;ok;16630.57522948563;15621.654598931518;15621.654598931518;15251.434359950814;465;15251.434359950814;9697.1458;1008.9206305541102;Evaluated;19.2853;2.4283;64;True;1;
72;3;2;2;normal;0;457c4bc75f95;swap;18;20;;;;;;;;;;;;True;False;False;False;;ok;17278.4990275769;15621.654598931518;15621.654598931518;15251.434359950814;466;15251.434359950814;9715.8782;1656.8444286453832;Evaluated;16.3018;2.4278;64;True;1;
72;3;2;3;normal;0;457c4bc75f95;reinsert_block;;;;;;;35;40;20;;;;;True;False;False;True;;ok;17247.811309578254;15621.654598931518;15621.654598931518;15251.434359950814;467;15251.434359950814;9734.9286;1626.1567106467355;Evaluated;16.6233;2.4238;64;True;1;
72;3;2;4;normal;0;457c4bc75f95;move;;;50;20;;;;;;;;;;True;False;False;True;;ok;17342.673769859837;15621.654598931518;15621.654598931518;15251.434359950814;468;15251.434359950814;9753.9182;1721.019170928319;Evaluated;16.5543;2.4322;64;True;1;
72;3;2;5;normal;0;457c4bc75f95;move;;;20;35;;;;;;;;;;True;False;False;True;;ok;17233.599241430402;15621.654598931518;15621.654598931518;15251.434359950814;469;15251.434359950814;9772.211;1611.9446424988837;Evaluated;15.86;2.4299;64;True;1;
72;3;2;;normal;1;;;;;;;;;;;;;;;;;;;;;End-of-iteration summary row;;;15621.654598931518;15251.434359950814;469;15251.434359950814;9772.2145;;IterationSummary;;;;;;
73;3;3;1;normal;1;457c4bc75f95;move;;;3;0;;;;;;;;;;True;False;False;False;;ok;17731.076649249608;15621.654598931518;15621.654598931518;15251.434359950814;470;15251.434359950814;9793.0898;2109.4220503180895;Evaluated;18.4459;2.4227;64;True;1;
73;3;3;2;normal;1;457c4bc75f95;swap;20;25;;;;;;;;;;;;True;False;False;False;;ok;17724.428182261432;15621.654598931518;15621.654598931518;15251.434359950814;471;15251.434359950814;9812.1653;2102.773583329914;Evaluated;16.6493;2.4255;64;True;1;
73;3;3;3;normal;1;457c4bc75f95;move;;;38;15;;;;;;;;;;True;False;False;True;;ok;18527.290561818478;15621.654598931518;15621.654598931518;15251.434359950814;472;15251.434359950814;9835.3835;2905.6359628869595;Evaluated;20.5863;2.6312;64;True;2;duplicate_for_same_parent_sequence
73;3;3;4;normal;1;457c4bc75f95;move;;;50;48;;;;;;;;;;True;False;False;False;;ok;15635.256948119119;15621.654598931518;15621.654598931518;15251.434359950814;473;15251.434359950814;9853.7415;13.602349187600339;Evaluated;16.1286;2.2271;64;True;1;
73;3;3;5;normal;1;457c4bc75f95;move;;;15;30;;;;;;;;;;True;False;False;True;;ok;16482.8306862226;15621.654598931518;15621.654598931518;15251.434359950814;474;15251.434359950814;9872.2741;861.1760872910836;Evaluated;16.093;2.4366;64;True;1;
73;3;3;;normal;2;;;;;;;;;;;;;;;;;;;;;End-of-iteration summary row;;;15621.654598931518;15251.434359950814;474;15251.434359950814;9872.2773;;IterationSummary;;;;;;
74;3;4;1;normal;2;457c4bc75f95;move;;;8;12;;;;;;;;;;True;False;False;False;;ok;15622.940222329957;15621.654598931518;15621.654598931518;15251.434359950814;475;15251.434359950814;9896.6605;1.2856233984384744;Evaluated;22.1465;2.2274;64;True;2;duplicate_for_same_parent_sequence
74;3;4;2;normal;2;457c4bc75f95;move;;;18;22;;;;;;;;;;True;False;False;False;;ok;17356.553210471982;15621.654598931518;15621.654598931518;15251.434359950814;476;15251.434359950814;9919.3596;1734.8986115404641;Evaluated;20.264;2.4311;64;True;2;duplicate_for_same_parent_sequence
74;3;4;3;normal;2;457c4bc75f95;reinsert_block;;;;;;;32;35;40;;;;;True;False;False;False;;ok;17877.608125407543;15621.654598931518;15621.654598931518;15251.434359950814;477;15251.434359950814;9939.1203;2255.953526476025;Evaluated;17.3334;2.4246;64;True;1;
74;3;4;4;normal;2;457c4bc75f95;move;;;50;35;;;;;;;;;;True;False;False;True;;ok;16433.134981084357;15621.654598931518;15621.654598931518;15251.434359950814;478;15251.434359950814;9958.0919;811.4803821528385;Evaluated;16.5446;2.4264;64;True;1;
74;3;4;5;normal;2;457c4bc75f95;move;;;5;20;;;;;;;;;;True;False;False;True;;ok;17542.23681301615;15621.654598931518;15621.654598931518;15251.434359950814;479;15251.434359950814;9976.6466;1920.5822140846303;Evaluated;16.1253;2.4281;64;True;1;
74;3;4;;normal;3;;;;;;;;;;;;;;;;;;;;;End-of-iteration summary row;;;15621.654598931518;15251.434359950814;479;15251.434359950814;9976.6499;;IterationSummary;;;;;;
75;3;5;1;diversification;3;457c4bc75f95;move;;;10;25;;;;;;;;;;True;False;False;True;;ok;17311.701674137083;15621.654598931518;15621.654598931518;15251.434359950814;480;15251.434359950814;9997.7937;1690.0470752055644;Evaluated;18.7046;2.4292;64;True;1;
75;3;5;2;diversification;3;457c4bc75f95;reinsert_block;;;;;;;20;23;16;;;;;True;False;False;False;;ok;18071.868893083614;15621.654598931518;15621.654598931518;15251.434359950814;481;15251.434359950814;10017.5379;2450.214294152096;Evaluated;17.1133;2.6269;64;True;1;
75;3;5;3;diversification;3;457c4bc75f95;swap;35;40;;;;;;;;;;;;True;False;False;False;;ok;16433.8072332477;15621.654598931518;15621.654598931518;15251.434359950814;482;15251.434359950814;10036.7167;812.1526343161804;Evaluated;16.7455;2.4299;64;True;1;
75;3;5;4;diversification;3;457c4bc75f95;move;;;49;36;;;;;;;;;;True;False;False;True;;ok;16372.87141796428;15621.654598931518;15621.654598931518;15251.434359950814;483;15251.434359950814;10059.3032;751.2168190327611;Evaluated;20.1543;2.4297;64;True;2;duplicate_for_same_parent_sequence
75;3;5;5;diversification;3;457c4bc75f95;move;;;8;30;;;;;;;;;;True;False;False;True;;ok;15619.794492251125;15621.654598931518;15621.654598931518;15251.434359950814;484;15251.434359950814;10081.8947;-1.8601066803930735;Evaluated;20.3623;2.2263;64;True;2;duplicate_for_same_parent_sequence
75;3;5;6;diversification;3;457c4bc75f95;move;;;25;40;;;;;;;;;;True;False;False;True;;ok;15919.915824874279;15621.654598931518;15621.654598931518;15251.434359950814;485;15251.434359950814;10100.8847;298.2612259427606;Evaluated;16.7639;2.2255;64;True;1;
75;3;5;7;diversification;3;457c4bc75f95;move;;;25;10;;;;;;;;;;True;False;False;True;;ok;17734.824505912027;15621.654598931518;15621.654598931518;15251.434359950814;486;15251.434359950814;10119.7482;2113.169906980509;Evaluated;16.4339;2.427;64;True;1;
75;3;5;8;diversification;3;457c4bc75f95;move;;;8;20;;;;;;;;;;True;False;False;True;;ok;15634.064458607465;15621.654598931518;15621.654598931518;15251.434359950814;487;15251.434359950814;10138.6499;12.409859675946791;Evaluated;16.6692;2.2298;64;True;1;
75;3;5;9;diversification;3;457c4bc75f95;move;;;25;30;;;;;;;;;;True;False;False;False;;ok;15618.261462754272;15621.654598931518;15621.654598931518;15251.434359950814;488;15251.434359950814;10157.5884;-3.3931361772465607;EvaluatedImprovementDespiteDiversificationMismatch;16.7111;2.2244;64;True;1;
75;3;5;10;diversification;3;457c4bc75f95;move;;;45;20;;;;;;;;;;True;False;False;True;;ok;16228.680291804538;15621.654598931518;15621.654598931518;15251.434359950814;489;15251.434359950814;10176.7499;607.0256928730196;Evaluated;16.7299;2.4286;64;True;1;
75;3;5;;diversification;0;;;;;;;;;;;;;;;;;;;;;End-of-iteration summary row;;;15618.261462754272;15251.434359950814;489;15251.434359950814;10176.7642;;IterationSummary;;;;;;
76;3;6;1;normal;0;eabc22f81c95;move;;;5;10;;;;;;;;;;True;False;False;False;;ok;17077.26964954949;15618.261462754272;15618.261462754272;15251.434359950814;490;15251.434359950814;10198.5654;1459.0081867952176;Evaluated;19.3704;2.4235;64;True;1;
76;3;6;2;normal;0;eabc22f81c95;swap;20;25;;;;;;;;;;;;True;False;False;False;;ok;17229.44109657126;15618.261462754272;15618.261462754272;15251.434359950814;491;15251.434359950814;10217.4647;1611.179633816988;Evaluated;16.4732;2.4232;64;True;1;
76;3;6;3;normal;0;eabc22f81c95;reinsert_block;;;;;;;35;40;28;;;;;True;False;False;False;;ok;16990.040702220598;15618.261462754272;15618.261462754272;15251.434359950814;492;15251.434359950814;10236.7347;1371.7792394663265;Evaluated;16.8367;2.4307;64;True;1;
76;3;6;4;normal;0;eabc22f81c95;move;;;50;12;;;;;;;;;;True;False;False;True;;ok;17797.11823770768;15618.261462754272;15618.261462754272;15251.434359950814;493;15251.434359950814;10255.9142;2178.8567749534086;Evaluated;16.7478;2.4289;64;True;1;
76;3;6;5;normal;0;eabc22f81c95;move;;;20;30;;;;;;;;;;True;False;False;True;;ok;17605.734684898736;15618.261462754272;15618.261462754272;15251.434359950814;494;15251.434359950814;10278.1926;1987.4732221444647;Evaluated;19.8455;2.4297;64;True;2;duplicate_for_same_parent_sequence
76;3;6;;normal;1;;;;;;;;;;;;;;;;;;;;;End-of-iteration summary row;;;15618.261462754272;15251.434359950814;494;15251.434359950814;10278.1937;;IterationSummary;;;;;;
77;3;7;1;normal;1;eabc22f81c95;move;;;8;20;;;;;;;;;;True;False;False;True;;ok;16879.515798187316;15618.261462754272;15618.261462754272;15251.434359950814;495;15251.434359950814;10303.076;1261.2543354330446;Evaluated;22.4364;2.4352;64;True;2;duplicate_for_same_parent_sequence
77;3;7;2;normal;1;eabc22f81c95;swap;20;30;;;;;;;;;;;;True;False;False;False;;ok;17609.64254336622;15618.261462754272;15618.261462754272;15251.434359950814;496;15251.434359950814;10322.1787;1991.3810806119473;Evaluated;16.666;2.434;64;True;1;
77;3;7;3;normal;1;eabc22f81c95;move;;;35;15;;;;;;;;;;True;False;False;True;;ok;17333.406564002238;15618.261462754272;15618.261462754272;15251.434359950814;497;15251.434359950814;10345.2533;1715.1451012479665;Evaluated;20.645;2.4269;64;True;2;duplicate_for_same_parent_sequence
77;3;7;4;normal;1;eabc22f81c95;move;;;50;48;;;;;;;;;;True;False;False;False;;ok;15618.261462754272;15618.261462754272;15618.261462754272;15251.434359950814;498;15251.434359950814;10367.7636;0.0;Evaluated;20.2791;2.2286;64;True;2;duplicate_for_same_parent_sequence
77;3;7;5;normal;1;eabc22f81c95;move;;;25;10;;;;;;;;;;True;False;False;True;;ok;17731.650357761628;15618.261462754272;15618.261462754272;15251.434359950814;499;15251.434359950814;10386.3838;2113.388895007356;Evaluated;16.1925;2.4248;64;True;1;
77;3;7;;normal;2;;;;;;;;;;;;;;;;;;;;;End-of-iteration summary row;;;15618.261462754272;15251.434359950814;499;15251.434359950814;10386.3868;;IterationSummary;;;;;;
78;3;8;1;normal;2;eabc22f81c95;move;;;15;30;;;;;;;;;;True;False;False;True;;ok;15739.532866253634;15618.261462754272;15618.261462754272;15251.434359950814;500;15251.434359950814;10414.6551;121.27140349936235;Evaluated;26.0264;2.225;64;True;3;duplicate_for_same_parent_sequence
78;3;8;2;normal;2;eabc22f81c95;swap;17;25;;;;;;;;;;;;True;False;False;False;;ok;17155.52518670817;15618.261462754272;15618.261462754272;15251.434359950814;501;15251.434359950814;10433.5042;1537.2637239539;Evaluated;16.4219;2.426;64;True;1;
78;3;8;3;normal;2;eabc22f81c95;move;;;30;15;;;;;;;;;;True;False;False;True;;ok;17317.98841350902;15618.261462754272;15618.261462754272;15251.434359950814;502;15251.434359950814;10456.296;1699.7269507547499;Evaluated;20.3596;2.429;64;True;2;duplicate_for_same_parent_sequence
78;3;8;4;normal;2;eabc22f81c95;move;;;48;35;;;;;;;;;;True;False;False;True;;ok;16830.596747352793;15618.261462754272;15618.261462754272;15251.434359950814;503;15251.434359950814;10479.2387;1212.335284598521;Evaluated;20.5116;2.4283;64;True;2;duplicate_for_same_parent_sequence
78;3;8;5;normal;2;eabc22f81c95;move;;;8;15;;;;;;;;;;True;False;False;False;;ok;15617.60951557403;15618.261462754272;15618.261462754272;15251.434359950814;504;15251.434359950814;10497.6686;-0.6519471802421322;Evaluated;16.1988;2.2283;64;True;1;
78;3;8;;normal;0;;;;;;;;;;;;;;;;;;;;;End-of-iteration summary row;;;15617.60951557403;15251.434359950814;504;15251.434359950814;10497.6856;;IterationSummary;;;;;;
79;3;9;1;normal;0;590f31db0b67;move;;;5;10;;;;;;;;;;True;False;False;False;;ok;17150.099846403133;15617.60951557403;15617.60951557403;15251.434359950814;505;15251.434359950814;10520.0192;1532.4903308291032;Evaluated;19.9017;2.4263;64;True;1;
79;3;9;2;normal;0;590f31db0b67;swap;20;25;;;;;;;;;;;;True;False;False;False;;ok;17490.994427484773;15617.60951557403;15617.60951557403;15251.434359950814;506;15251.434359950814;10539.2144;1873.3849119107435;Evaluated;16.7668;2.4277;64;True;1;
79;3;9;3;normal;0;590f31db0b67;reinsert_block;;;;;;;35;40;28;;;;;True;False;False;False;;ok;16990.847405978137;15617.60951557403;15617.60951557403;15251.434359950814;507;15251.434359950814;10558.7743;1373.237890404107;Evaluated;17.1287;2.4284;64;True;1;
79;3;9;4;normal;0;590f31db0b67;move;;;50;30;;;;;;;;;;True;False;False;True;;ok;16424.608387165492;15617.60951557403;15617.60951557403;15251.434359950814;508;15251.434359950814;10577.9616;806.9988715914624;Evaluated;16.7462;2.4385;64;True;1;
79;3;9;5;normal;0;590f31db0b67;move;;;8;12;;;;;;;;;;True;False;False;False;;ok;16819.436389073708;15617.60951557403;15617.60951557403;15251.434359950814;509;15251.434359950814;10596.8497;1201.8268734996782;Evaluated;16.456;2.4302;64;True;1;
79;3;9;;normal;1;;;;;;;;;;;;;;;;;;;;;End-of-iteration summary row;;;15617.60951557403;15251.434359950814;509;15251.434359950814;10596.8524;;IterationSummary;;;;;;
80;3;10;1;normal;1;590f31db0b67;move;;;15;30;;;;;;;;;;True;False;False;True;;ok;15616.429440449021;15617.60951557403;15617.60951557403;15251.434359950814;510;15251.434359950814;10618.1071;-1.1800751250084431;Evaluated;19.0223;2.2242;64;True;1;
80;3;10;2;normal;1;590f31db0b67;swap;17;25;;;;;;;;;;;;True;False;False;False;;ok;17427.517856810548;15617.60951557403;15617.60951557403;15251.434359950814;511;15251.434359950814;10637.0828;1809.908341236518;Evaluated;16.5491;2.4239;64;True;1;
80;3;10;3;normal;1;590f31db0b67;move;;;17;35;;;;;;;;;;True;False;False;True;;ok;16390.644251052985;15617.60951557403;15617.60951557403;15251.434359950814;512;15251.434359950814;10660.0011;773.0347354789556;Evaluated;20.4925;2.4233;64;True;2;duplicate_for_same_parent_sequence
80;3;10;4;normal;1;590f31db0b67;move;;;50;48;;;;;;;;;;True;False;False;False;;ok;15617.60951557403;15617.60951557403;15617.60951557403;15251.434359950814;513;15251.434359950814;10678.7434;0.0;Evaluated;16.5066;2.2333;64;True;1;
80;3;10;5;normal;1;590f31db0b67;move;;;28;40;;;;;;;;;;True;False;False;True;;ok;16842.84020830856;15617.60951557403;15617.60951557403;15251.434359950814;514;15251.434359950814;10700.8522;1225.2306927345307;Evaluated;19.6829;2.4252;64;True;2;duplicate_for_same_parent_sequence
80;3;10;;normal;0;;;;;;;;;;;;;;;;;;;;;End-of-iteration summary row;;;15616.429440449021;15251.434359950814;514;15251.434359950814;10700.8622;;IterationSummary;;;;;;
81;3;11;1;normal;0;65b21517f955;move;;;5;10;;;;;;;;;;True;False;False;False;;ok;17554.92603037481;15616.429440449021;15616.429440449021;15251.434359950814;515;15251.434359950814;10723.2118;1938.4965899257877;Evaluated;19.9145;2.4267;64;True;1;
81;3;11;2;normal;0;65b21517f955;swap;17;25;;;;;;;;;;;;True;False;False;False;;ok;17269.266769458925;15616.429440449021;15616.429440449021;15251.434359950814;516;15251.434359950814;10742.3792;1652.8373290099044;Evaluated;16.7365;2.4277;64;True;1;
81;3;11;3;normal;0;65b21517f955;reinsert_block;;;;;;;35;40;28;;;;;True;False;False;False;;ok;17579.08458897301;15616.429440449021;15616.429440449021;15251.434359950814;517;15251.434359950814;10761.626;1962.6551485239906;Evaluated;16.8136;2.4303;64;True;1;
81;3;11;4;normal;0;65b21517f955;move;;;50;30;;;;;;;;;;True;False;False;True;;ok;15757.088846648501;15616.429440449021;15616.429440449021;15251.434359950814;518;15251.434359950814;10780.3703;140.65940619948015;Evaluated;16.5128;2.2276;64;True;1;
81;3;11;5;normal;0;65b21517f955;move;;;28;17;;;;;;;;;;True;False;False;True;;ok;18308.750647793346;15616.429440449021;15616.429440449021;15251.434359950814;519;15251.434359950814;10803.0512;2692.3212073443246;Evaluated;20.0472;2.6312;64;True;2;duplicate_for_same_parent_sequence
81;3;11;;normal;1;;;;;;;;;;;;;;;;;;;;;End-of-iteration summary row;;;15616.429440449021;15251.434359950814;519;15251.434359950814;10803.0537;;IterationSummary;;;;;;
82;3;12;1;normal;1;65b21517f955;move;;;15;30;;;;;;;;;;True;False;False;True;;ok;16642.255684841082;15616.429440449021;15616.429440449021;15251.434359950814;520;15251.434359950814;10824.5409;1025.8262443920612;Evaluated;19.053;2.427;64;True;1;
82;3;12;2;normal;1;65b21517f955;swap;18;20;;;;;;;;;;;;True;False;False;False;;ok;17225.7864458993;15616.429440449021;15616.429440449021;15251.434359950814;521;15251.434359950814;10843.7066;1609.357005450278;Evaluated;16.736;2.4265;64;True;1;
82;3;12;3;normal;1;65b21517f955;move;;;17;35;;;;;;;;;;True;False;False;True;;ok;16968.69017611492;15616.429440449021;15616.429440449021;15251.434359950814;522;15251.434359950814;10866.5689;1352.2607356658991;Evaluated;20.4328;2.4288;64;True;2;duplicate_for_same_parent_sequence
82;3;12;4;normal;1;65b21517f955;move;;;50;28;;;;;;;;;;True;False;False;True;;ok;16426.05965994637;15616.429440449021;15616.429440449021;15251.434359950814;523;15251.434359950814;10885.5495;809.6302194973505;Evaluated;16.5443;2.4338;64;True;1;
82;3;12;5;normal;1;65b21517f955;move;;;17;30;;;;;;;;;;True;False;False;True;;ok;16967.96258744606;15616.429440449021;15616.429440449021;15251.434359950814;524;15251.434359950814;10904.2426;1351.5331469970406;Evaluated;16.2618;2.4306;64;True;1;
82;3;12;;normal;2;;;;;;;;;;;;;;;;;;;;;End-of-iteration summary row;;;15616.429440449021;15251.434359950814;524;15251.434359950814;10904.2464;;IterationSummary;;;;;;
83;3;13;1;normal;2;65b21517f955;move;;;7;2;;;;;;;;;;True;False;False;False;;ok;18173.818213677867;15616.429440449021;15616.429440449021;15251.434359950814;525;15251.434359950814;10929.5605;2557.388773228846;Evaluated;22.6735;2.6268;64;True;2;duplicate_for_same_parent_sequence
83;3;13;2;normal;2;65b21517f955;move;;;28;30;;;;;;;;;;True;False;False;False;;ok;15726.506972929017;15616.429440449021;15616.429440449021;15251.434359950814;526;15251.434359950814;10952.1688;110.07753247999608;Evaluated;20.3772;2.2304;64;True;2;duplicate_for_same_parent_sequence
83;3;13;3;normal;2;65b21517f955;reinsert_block;;;;;;;35;40;28;;;;;False;True;False;;;ok;;15616.429440449021;15616.429440449021;15251.434359950814;526;15251.434359950814;10976.3491;;DuplicateForSameParentSequenceAfterRetries;24.1765;;;;3;duplicate_for_same_parent_sequence
83;3;13;4;normal;2;65b21517f955;move;;;50;32;;;;;;;;;;True;False;False;True;;ok;16522.282812938043;15616.429440449021;15616.429440449021;15251.434359950814;527;15251.434359950814;10995.3312;905.8533724890221;Evaluated;16.5551;2.4261;64;True;1;
83;3;13;5;normal;2;65b21517f955;move;;;8;12;;;;;;;;;;True;False;False;False;;ok;17294.838952104757;15616.429440449021;15616.429440449021;15251.434359950814;528;15251.434359950814;11014.0212;1678.4095116557364;Evaluated;16.2585;2.429;64;True;1;
83;3;13;;normal;3;;;;;;;;;;;;;;;;;;;;;End-of-iteration summary row;;;15616.429440449021;15251.434359950814;528;15251.434359950814;11014.0243;;IterationSummary;;;;;;
84;3;14;1;diversification;3;65b21517f955;move;;;15;30;;;;;;;;;;False;True;False;;;ok;;15616.429440449021;15616.429440449021;15251.434359950814;528;15251.434359950814;11040.6929;;DuplicateForSameParentSequenceAfterRetries;26.655;;;;3;duplicate_for_same_parent_sequence
84;3;14;2;diversification;3;65b21517f955;reinsert_block;;;;;;;20;25;16;;;;;True;False;False;False;;ok;18772.927164409197;15616.429440449021;15616.429440449021;15251.434359950814;529;15251.434359950814;11060.4662;3156.497723960176;Evaluated;17.142;2.6302;64;True;1;
84;3;14;3;diversification;3;65b21517f955;swap;35;40;;;;;;;;;;;;True;False;False;False;;ok;16443.739796103542;15616.429440449021;15616.429440449021;15251.434359950814;530;15251.434359950814;11079.9048;827.3103556545211;Evaluated;17.0069;2.4291;64;True;1;
84;3;14;4;diversification;3;65b21517f955;move;;;50;48;;;;;;;;;;True;False;False;False;;ok;15612.69008246477;15616.429440449021;15616.429440449021;15251.434359950814;531;15251.434359950814;11098.9801;-3.7393579842519102;EvaluatedImprovementDespiteDiversificationMismatch;16.8426;2.2294;64;True;1;
84;3;14;5;diversification;3;65b21517f955;move;;;25;40;;;;;;;;;;True;False;False;True;;ok;16470.340687862008;15616.429440449021;15616.429440449021;15251.434359950814;532;15251.434359950814;11121.9387;853.911247412987;Evaluated;20.5318;2.4241;64;True;2;duplicate_for_same_parent_sequence
84;3;14;6;diversification;3;65b21517f955;move;;;40;32;;;;;;;;;;True;False;False;False;;ok;17371.185064559635;15616.429440449021;15616.429440449021;15251.434359950814;533;15251.434359950814;11144.8827;1754.755624110614;Evaluated;20.518;2.4253;64;True;2;duplicate_for_same_parent_sequence
84;3;14;7;diversification;3;65b21517f955;move;;;25;10;;;;;;;;;;True;False;False;True;;ok;17796.28811382416;15616.429440449021;15616.429440449021;15251.434359950814;534;15251.434359950814;11163.7866;2179.85867337514;Evaluated;16.4688;2.4345;64;True;1;
84;3;14;8;diversification;3;65b21517f955;move;;;17;30;;;;;;;;;;False;True;False;;;ok;;15616.429440449021;15616.429440449021;15251.434359950814;534;15251.434359950814;11187.7777;;DuplicateForSameParentSequenceAfterRetries;23.9881;;;;3;duplicate_for_same_parent_sequence
84;3;14;9;diversification;3;65b21517f955;move;;;25;30;;;;;;;;;;True;False;False;False;;ok;17110.730528273394;15616.429440449021;15616.429440449021;15251.434359950814;535;15251.434359950814;11207.0283;1494.301087824373;Evaluated;16.8221;2.4276;64;True;1;
84;3;14;10;diversification;3;65b21517f955;move;;;50;34;;;;;;;;;;True;False;False;True;;ok;16522.282812938043;15616.429440449021;15616.429440449021;15251.434359950814;536;15251.434359950814;11226.2967;905.8533724890221;Evaluated;16.8393;2.4277;64;True;1;
84;3;14;;diversification;0;;;;;;;;;;;;;;;;;;;;;End-of-iteration summary row;;;15612.69008246477;15251.434359950814;536;15251.434359950814;11226.3119;;IterationSummary;;;;;;
85;3;15;1;normal;0;5ad45ae2d121;move;;;5;10;;;;;;;;;;True;False;False;False;;ok;17102.746732973115;15612.69008246477;15612.69008246477;15251.434359950814;537;15251.434359950814;11248.3565;1490.0566505083461;Evaluated;19.6056;2.4313;64;True;1;
85;3;15;2;normal;0;5ad45ae2d121;swap;17;25;;;;;;;;;;;;True;False;False;False;;ok;16820.802806140448;15612.69008246477;15612.69008246477;15251.434359950814;538;15251.434359950814;11267.2383;1208.1127236756784;Evaluated;16.4527;2.4261;64;True;1;
85;3;15;3;normal;0;5ad45ae2d121;reinsert_block;;;;;;;35;40;28;;;;;True;False;False;False;;ok;17137.922532661752;15612.69008246477;15612.69008246477;15251.434359950814;539;15251.434359950814;11286.4068;1525.2324501969833;Evaluated;16.7354;2.43;64;True;1;
85;3;15;4;normal;0;5ad45ae2d121;move;;;50;36;;;;;;;;;;True;False;False;True;;ok;15956.564027247783;15612.69008246477;15612.69008246477;15251.434359950814;540;15251.434359950814;11305.1551;343.87394478301394;Evaluated;16.5097;2.2357;64;True;1;
85;3;15;5;normal;0;5ad45ae2d121;move;;;28;40;;;;;;;;;;True;False;False;True;;ok;16168.239198669871;15612.69008246477;15612.69008246477;15251.434359950814;541;15251.434359950814;11323.7652;555.5491162051021;Evaluated;16.1674;2.4391;64;True;1;
85;3;15;;normal;1;;;;;;;;;;;;;;;;;;;;;End-of-iteration summary row;;;15612.69008246477;15251.434359950814;541;15251.434359950814;11323.7679;;IterationSummary;;;;;;
86;3;16;1;normal;1;5ad45ae2d121;move;;;2;8;;;;;;;;;;True;False;False;False;;ok;17648.73673783578;15612.69008246477;15612.69008246477;15251.434359950814;542;15251.434359950814;11349.2405;2036.046655371012;Evaluated;23.0247;2.4303;64;True;2;duplicate_for_same_parent_sequence
86;3;16;2;normal;1;5ad45ae2d121;swap;20;25;;;;;;;;;;;;True;False;False;False;;ok;16267.859120894549;15612.69008246477;15612.69008246477;15251.434359950814;543;15251.434359950814;11368.1486;655.1690384297799;Evaluated;16.4705;2.4345;64;True;1;
86;3;16;3;normal;1;5ad45ae2d121;reinsert_block;;;;;;;32;40;15;;;;;True;False;False;True;;ok;16831.247818747113;15612.69008246477;15612.69008246477;15251.434359950814;544;15251.434359950814;11387.3653;1218.5577362823442;Evaluated;16.7859;2.4282;64;True;1;
86;3;16;4;normal;1;5ad45ae2d121;move;;;50;34;;;;;;;;;;True;False;False;True;;ok;16914.012757329452;15612.69008246477;15612.69008246477;15251.434359950814;545;15251.434359950814;11406.4845;1301.322674864683;Evaluated;16.6845;2.4317;64;True;1;
86;3;16;5;normal;1;5ad45ae2d121;move;;;40;32;;;;;;;;;;True;False;False;False;;ok;16913.678402767546;15612.69008246477;15612.69008246477;15251.434359950814;546;15251.434359950814;11425.1223;1300.9883203027766;Evaluated;16.2095;2.4258;64;True;1;
86;3;16;;normal;2;;;;;;;;;;;;;;;;;;;;;End-of-iteration summary row;;;15612.69008246477;15251.434359950814;546;15251.434359950814;11425.1244;;IterationSummary;;;;;;
87;3;17;1;normal;2;5ad45ae2d121;move;;;8;3;;;;;;;;;;True;False;False;False;;ok;17447.33393849527;15612.69008246477;15612.69008246477;15251.434359950814;547;15251.434359950814;11450.7418;1834.6438560305014;Evaluated;23.1854;2.4257;64;True;2;duplicate_for_same_parent_sequence
87;3;17;2;normal;2;5ad45ae2d121;move;;;30;25;;;;;;;;;;True;False;False;False;;ok;15616.429440449021;15612.69008246477;15612.69008246477;15251.434359950814;548;15251.434359950814;11476.8957;3.7393579842519102;Evaluated;23.9237;2.2274;64;True;3;duplicate_for_same_parent_sequence
87;3;17;3;normal;2;5ad45ae2d121;reinsert_block;;;;;;;36;41;18;;;;;True;False;False;True;;ok;16702.86550132361;15612.69008246477;15612.69008246477;15251.434359950814;549;15251.434359950814;11500.1034;1090.1754188588402;Evaluated;20.7758;2.4285;64;True;2;duplicate_for_same_parent_sequence
87;3;17;4;normal;2;5ad45ae2d121;move;;;50;28;;;;;;;;;;True;False;False;True;;ok;16466.039407182958;15612.69008246477;15612.69008246477;15251.434359950814;550;15251.434359950814;11519.0631;853.3493247181887;Evaluated;16.5311;2.4279;64;True;1;
87;3;17;5;normal;2;5ad45ae2d121;move;;;15;30;;;;;;;;;;True;False;False;True;;ok;16190.75926709864;15612.69008246477;15612.69008246477;15251.434359950814;551;15251.434359950814;11540.9098;578.0691846338705;Evaluated;19.4201;2.4231;64;True;2;duplicate_for_same_parent_sequence
87;3;17;;normal;3;;;;;;;;;;;;;;;;;;;;;End-of-iteration summary row;;;15612.69008246477;15251.434359950814;551;15251.434359950814;11540.9125;;IterationSummary;;;;;;
88;3;18;1;diversification;3;5ad45ae2d121;move;;;15;0;;;;;;;;;;True;False;False;True;;ok;18014.018222792092;15612.69008246477;15612.69008246477;15251.434359950814;552;15251.434359950814;11563.4962;2401.328140327323;Evaluated;20.1429;2.4279;64;True;1;
88;3;18;2;diversification;3;5ad45ae2d121;reinsert_block;;;;;;;20;25;18;;;;;True;False;False;False;;ok;17511.29206049551;15612.69008246477;15612.69008246477;15251.434359950814;553;15251.434359950814;11583.3037;1898.6019780307415;Evaluated;17.3794;2.4262;64;True;1;
88;3;18;3;diversification;3;5ad45ae2d121;swap;35;40;;;;;;;;;;;;True;False;False;False;;ok;15977.098571447916;15612.69008246477;15612.69008246477;15251.434359950814;554;15251.434359950814;11602.3976;364.4084889831465;Evaluated;16.8661;2.2272;64;True;1;
88;3;18;4;diversification;3;5ad45ae2d121;move;;;48;20;;;;;;;;;;True;False;False;True;;ok;16882.02087496079;15612.69008246477;15612.69008246477;15251.434359950814;555;15251.434359950814;11625.3218;1269.330792496019;Evaluated;20.4909;2.4307;64;True;2;duplicate_for_same_parent_sequence
88;3;18;5;diversification;3;5ad45ae2d121;move;;;45;20;;;;;;;;;;True;False;False;True;;ok;16474.587186730765;15612.69008246477;15612.69008246477;15251.434359950814;556;15251.434359950814;11644.7065;861.897104265996;Evaluated;16.954;2.4275;64;True;1;
88;3;18;6;diversification;3;5ad45ae2d121;move;;;28;36;;;;;;;;;;True;False;False;False;;ok;16231.809179726964;15612.69008246477;15612.69008246477;15251.434359950814;557;15251.434359950814;11664.0335;619.1190972621953;Evaluated;16.8954;2.4286;64;True;1;
88;3;18;7;diversification;3;5ad45ae2d121;move;;;20;35;;;;;;;;;;True;False;False;True;;ok;16641.62949041321;15612.69008246477;15612.69008246477;15251.434359950814;558;15251.434359950814;11682.9883;1028.939407948439;Evaluated;16.5254;2.4269;64;True;1;
88;3;18;8;diversification;3;5ad45ae2d121;move;;;8;15;;;;;;;;;;True;False;False;False;;ok;16396.9609235352;15612.69008246477;15612.69008246477;15251.434359950814;559;15251.434359950814;11702.4569;784.2708410704308;Evaluated;17.0311;2.4347;64;True;1;
88;3;18;9;diversification;3;5ad45ae2d121;move;;;28;35;;;;;;;;;;True;False;False;False;;ok;15612.69008246477;15612.69008246477;15612.69008246477;15251.434359950814;560;15251.434359950814;11721.5492;0.0;Evaluated;16.8617;2.2275;64;True;1;
88;3;18;10;diversification;3;5ad45ae2d121;move;;;45;30;;;;;;;;;;True;False;False;True;;ok;16593.9204578765;15612.69008246477;15612.69008246477;15251.434359950814;561;15251.434359950814;11741.1086;981.2303754117293;Evaluated;17.1302;2.4267;64;True;1;
88;3;18;;diversification;4;;;;;;;;;;;;;;;;;;;;;End-of-iteration summary row;;;15612.69008246477;15251.434359950814;561;15251.434359950814;11741.1125;;IterationSummary;;;;;;
89;3;19;1;diversification;4;5ad45ae2d121;move;;;18;3;;;;;;;;;;True;False;False;True;;ok;17346.9085149511;15612.69008246477;15612.69008246477;15251.434359950814;562;15251.434359950814;11767.228;1734.218432486332;Evaluated;23.6767;2.4315;64;True;2;duplicate_for_same_parent_sequence
89;3;19;2;diversification;4;5ad45ae2d121;reinsert_block;;;;;;;20;25;30;;;;;True;False;False;False;;ok;17264.58631528366;15612.69008246477;15612.69008246477;15251.434359950814;563;15251.434359950814;11787.0056;1651.8962328188918;Evaluated;17.3465;2.4282;64;True;1;
89;3;19;3;diversification;4;5ad45ae2d121;swap;40;50;;;;;;;;;;;;True;False;False;False;;ok;15619.610358618444;15612.69008246477;15612.69008246477;15251.434359950814;564;15251.434359950814;11806.1008;6.920276153674422;Evaluated;16.8629;2.2291;64;True;1;
89;3;19;4;diversification;4;5ad45ae2d121;move;;;60;48;;;;;;;;;;True;False;False;True;;ok;15349.892405286584;15612.69008246477;15612.69008246477;15251.434359950814;565;15251.434359950814;11828.8201;-262.79767717818504;Evaluated;20.4871;2.2293;64;True;2;duplicate_for_same_parent_sequence
89;3;19;5;diversification;4;5ad45ae2d121;move;;;18;4;;;;;;;;;;True;False;False;True;;ok;17346.9085149511;15612.69008246477;15612.69008246477;15251.434359950814;566;15251.434359950814;11851.7678;1734.218432486332;Evaluated;20.5187;2.4261;64;True;2;duplicate_for_same_parent_sequence
89;3;19;6;diversification;4;5ad45ae2d121;move;;;40;10;;;;;;;;;;True;False;False;True;;ok;17306.205003167062;15612.69008246477;15612.69008246477;15251.434359950814;567;15251.434359950814;11874.7492;1693.5149207022932;Evaluated;20.5517;2.427;64;True;2;duplicate_for_same_parent_sequence
89;3;19;7;diversification;4;5ad45ae2d121;move;;;50;10;;;;;;;;;;True;False;False;True;;ok;17317.007140061447;15612.69008246477;15612.69008246477;15251.434359950814;568;15251.434359950814;11893.6751;1704.3170575966778;Evaluated;16.4955;2.4271;64;True;1;
89;3;19;8;diversification;4;5ad45ae2d121;move;;;25;40;;;;;;;;;;True;False;False;True;;ok;16026.646149418231;15612.69008246477;15612.69008246477;15251.434359950814;569;15251.434359950814;11920.1492;413.95606695346214;Evaluated;24.2397;2.2314;64;True;3;duplicate_for_same_parent_sequence
89;3;19;9;diversification;4;5ad45ae2d121;move;;;24;36;;;;;;;;;;True;False;False;True;;ok;15984.616882403605;15612.69008246477;15612.69008246477;15251.434359950814;570;15251.434359950814;11939.2166;371.92679993883576;Evaluated;16.834;2.2304;64;True;1;
89;3;19;10;diversification;4;5ad45ae2d121;move;;;40;25;;;;;;;;;;True;False;False;True;;ok;15630.085486305645;15612.69008246477;15612.69008246477;15251.434359950814;571;15251.434359950814;11958.3882;17.395403840875588;Evaluated;16.9405;2.2281;64;True;1;
89;3;19;;diversification;0;;;;;;;;;;;;;;;;;;;;;End-of-iteration summary row;;;15349.892405286584;15251.434359950814;571;15251.434359950814;11958.4033;;IterationSummary;;;;;;
90;3;20;1;normal;0;a681f7914825;move;;;18;4;;;;;;;;;;True;False;False;True;;ok;17324.488924241465;15349.892405286584;15349.892405286584;15251.434359950814;572;15251.434359950814;11980.9464;1974.5965189548806;Evaluated;20.1097;2.4274;64;True;1;
90;3;20;2;normal;0;a681f7914825;swap;20;25;;;;;;;;;;;;True;False;False;False;;ok;16246.439709399869;15349.892405286584;15349.892405286584;15251.434359950814;573;15251.434359950814;11999.9643;896.5473041132846;Evaluated;16.5886;2.4263;64;True;1;
90;3;20;3;normal;0;a681f7914825;reinsert_block;;;;;;;35;40;28;;;;;True;False;False;False;;ok;17115.172969661573;15349.892405286584;15349.892405286584;15251.434359950814;574;15251.434359950814;12019.5935;1765.280564374989;Evaluated;17.1973;2.4291;64;True;1;
90;3;20;4;normal;0;a681f7914825;move;;;50;18;;;;;;;;;;True;False;False;True;;ok;16622.467771667645;15349.892405286584;15349.892405286584;15251.434359950814;575;15251.434359950814;12038.6459;1272.575366381061;Evaluated;16.6181;2.4324;64;True;1;
90;3;20;5;normal;0;a681f7914825;move;;;40;25;;;;;;;;;;True;False;False;True;;ok;15568.35314547182;15349.892405286584;15349.892405286584;15251.434359950814;576;15251.434359950814;12057.1805;218.4607401852354;Evaluated;16.3055;2.2283;64;True;1;
90;3;20;;normal;1;;;;;;;;;;;;;;;;;;;;;End-of-iteration summary row;;;15349.892405286584;15251.434359950814;576;15251.434359950814;12057.1835;;IterationSummary;;;;;;
91;3;21;1;normal;1;a681f7914825;move;;;10;5;;;;;;;;;;True;False;False;False;;ok;16268.576951062103;15349.892405286584;15349.892405286584;15251.434359950814;577;15251.434359950814;12079.6406;918.6845457755189;Evaluated;20.0251;2.4248;64;True;1;
91;3;21;2;normal;1;a681f7914825;swap;18;20;;;;;;;;;;;;True;False;False;False;;ok;16747.923762061375;15349.892405286584;15349.892405286584;15251.434359950814;578;15251.434359950814;12098.6473;1398.0313567747908;Evaluated;16.5809;2.4246;64;True;1;
91;3;21;3;normal;1;a681f7914825;move;;;24;36;;;;;;;;;;True;False;False;True;;ok;15961.007480150469;15349.892405286584;15349.892405286584;15251.434359950814;579;15251.434359950814;12121.332;611.1150748638847;Evaluated;20.4576;2.2241;64;True;2;duplicate_for_same_parent_sequence
91;3;21;4;normal;1;a681f7914825;move;;;50;28;;;;;;;;;;True;False;False;True;;ok;16442.887893507457;15349.892405286584;15349.892405286584;15251.434359950814;580;15251.434359950814;12140.3541;1092.995488220873;Evaluated;16.5861;2.433;64;True;1;
91;3;21;5;normal;1;a681f7914825;move;;;50;36;;;;;;;;;;True;False;False;True;;ok;15932.121053053908;15349.892405286584;15349.892405286584;15251.434359950814;581;15251.434359950814;12158.9757;582.2286477673242;Evaluated;16.3874;2.2303;64;True;1;
91;3;21;;normal;2;;;;;;;;;;;;;;;;;;;;;End-of-iteration summary row;;;15349.892405286584;15251.434359950814;581;15251.434359950814;12158.9789;;IterationSummary;;;;;;
92;3;22;1;normal;2;a681f7914825;move;;;28;36;;;;;;;;;;True;False;False;False;;ok;15673.135205168805;15349.892405286584;15349.892405286584;15251.434359950814;582;15251.434359950814;12184.7847;323.2427998822204;Evaluated;23.5685;2.2274;64;True;2;duplicate_for_same_parent_sequence
92;3;22;2;normal;2;a681f7914825;swap;16;20;;;;;;;;;;;;True;False;False;False;;ok;17576.495445091343;15349.892405286584;15349.892405286584;15251.434359950814;583;15251.434359950814;12204.042;2226.6030398047587;Evaluated;16.8226;2.4307;64;True;1;
92;3;22;3;normal;2;a681f7914825;move;;;36;5;;;;;;;;;;True;False;False;True;;ok;17663.993220847842;15349.892405286584;15349.892405286584;15251.434359950814;584;15251.434359950814;12227.0022;2314.100815561258;Evaluated;20.5319;2.4253;64;True;2;duplicate_for_same_parent_sequence
92;3;22;4;normal;2;a681f7914825;move;;;50;48;;;;;;;;;;True;False;False;False;;ok;15349.892405286584;15349.892405286584;15349.892405286584;15251.434359950814;585;15251.434359950814;12245.8285;0.0;Evaluated;16.5981;2.2254;64;True;1;
92;3;22;5;normal;2;a681f7914825;move;;;25;30;;;;;;;;;;True;False;False;False;;ok;16639.061608426433;15349.892405286584;15349.892405286584;15251.434359950814;586;15251.434359950814;12268.3833;1289.1692031398488;Evaluated;20.1221;2.4294;64;True;2;duplicate_for_same_parent_sequence
92;3;22;;normal;3;;;;;;;;;;;;;;;;;;;;;End-of-iteration summary row;;;15349.892405286584;15251.434359950814;586;15251.434359950814;12268.3867;;IterationSummary;;;;;;
93;3;23;1;diversification;3;a681f7914825;move;;;8;2;;;;;;;;;;True;False;False;False;;ok;15634.596027611864;15349.892405286584;15349.892405286584;15251.434359950814;587;15251.434359950814;12294.3631;284.70362232527987;Evaluated;23.7381;2.2259;64;True;2;duplicate_for_same_parent_sequence
93;3;23;2;diversification;3;a681f7914825;reinsert_block;;;;;;;20;25;16;;;;;True;False;False;False;;ok;18292.705911929123;15349.892405286584;15349.892405286584;15251.434359950814;588;15251.434359950814;12314.1272;2942.8135066425384;Evaluated;17.1312;2.6322;64;True;1;
93;3;23;3;diversification;3;a681f7914825;swap;35;40;;;;;;;;;;;;True;False;False;False;;ok;15958.335603501795;15349.892405286584;15349.892405286584;15251.434359950814;589;15251.434359950814;12332.9807;608.4431982152109;Evaluated;16.6286;2.2243;64;True;1;
93;3;23;4;diversification;3;a681f7914825;reinsert_block;;;;;;;48;51;20;;;;;True;False;False;True;;ok;16818.40643142695;15349.892405286584;15349.892405286584;15251.434359950814;590;15251.434359950814;12356.199;1468.5140261403649;Evaluated;20.7897;2.426;64;True;2;duplicate_for_same_parent_sequence
93;3;23;5;diversification;3;a681f7914825;move;;;28;15;;;;;;;;;;True;False;False;True;;ok;18051.113338321087;15349.892405286584;15349.892405286584;15251.434359950814;591;15251.434359950814;12375.5288;2701.220933034503;Evaluated;16.8984;2.4288;64;True;1;
93;3;23;6;diversification;3;a681f7914825;move;;;36;10;;;;;;;;;;True;False;False;True;;ok;17767.307791962565;15349.892405286584;15349.892405286584;15251.434359950814;592;15251.434359950814;12398.4116;2417.4153866759807;Evaluated;20.4526;2.4274;64;True;2;duplicate_for_same_parent_sequence
93;3;23;7;diversification;3;a681f7914825;move;;;24;36;;;;;;;;;;False;True;False;;;ok;;15349.892405286584;15349.892405286584;15251.434359950814;592;15251.434359950814;12422.0695;;DuplicateForSameParentSequenceAfterRetries;23.6544;;;;3;duplicate_for_same_parent_sequence
93;3;23;8;diversification;3;a681f7914825;move;;;20;15;;;;;;;;;;True;False;False;False;;ok;17587.19854297409;15349.892405286584;15349.892405286584;15251.434359950814;593;15251.434359950814;12441.3269;2237.306137687505;Evaluated;16.8257;2.4307;64;True;1;
93;3;23;9;diversification;3;a681f7914825;move;;;16;40;;;;;;;;;;True;False;False;True;;ok;15654.842800003478;15349.892405286584;15349.892405286584;15251.434359950814;594;15251.434359950814;12463.9968;304.95039471689415;Evaluated;20.4439;2.2235;64;True;2;duplicate_for_same_parent_sequence
93;3;23;10;diversification;3;a681f7914825;move;;;52;40;;;;;;;;;;True;False;False;True;;ok;16078.24129572871;15349.892405286584;15349.892405286584;15251.434359950814;595;15251.434359950814;12483.3607;728.3488904421265;Evaluated;16.9363;2.4269;64;True;1;
93;3;23;;diversification;4;;;;;;;;;;;;;;;;;;;;;End-of-iteration summary row;;;15349.892405286584;15251.434359950814;595;15251.434359950814;12483.3636;;IterationSummary;;;;;;
94;3;24;1;diversification;4;a681f7914825;move;;;10;2;;;;;;;;;;True;False;False;False;;ok;17877.73879925518;15349.892405286584;15349.892405286584;15251.434359950814;596;15251.434359950814;12505.9291;2527.846393968597;Evaluated;20.1318;2.4234;64;True;1;
94;3;24;2;diversification;4;a681f7914825;reinsert_block;;;;;;;25;30;16;;;;;True;False;False;True;;ok;16479.639528660005;15349.892405286584;15349.892405286584;15251.434359950814;597;15251.434359950814;12525.6167;1129.7471233734213;Evaluated;17.2582;2.4266;64;True;1;
94;3;24;3;diversification;4;a681f7914825;swap;32;45;;;;;;;;;;;;True;False;False;True;;ok;16867.46800817363;15349.892405286584;15349.892405286584;15251.434359950814;598;15251.434359950814;12544.8926;1517.5756028870455;Evaluated;16.8443;2.4289;64;True;1;
94;3;24;4;diversification;4;a681f7914825;move;;;48;20;;;;;;;;;;True;False;False;True;;ok;16618.239966862096;15349.892405286584;15349.892405286584;15251.434359950814;599;15251.434359950814;12567.793;1268.3475615755124;Evaluated;20.4689;2.428;64;True;2;duplicate_for_same_parent_sequence
94;3;24;5;diversification;4;a681f7914825;move;;;30;20;;;;;;;;;;True;False;False;True;;ok;16396.32634304931;15349.892405286584;15349.892405286584;15251.434359950814;600;15251.434359950814;12590.8504;1046.4339377627257;Evaluated;20.6265;2.4279;64;True;2;duplicate_for_same_parent_sequence
94;3;24;6;diversification;4;a681f7914825;move;;;50;38;;;;;;;;;;True;False;False;True;;ok;15959.636115608026;15349.892405286584;15349.892405286584;15251.434359950814;601;15251.434359950814;12609.9743;609.7437103214415;Evaluated;16.8972;2.226;64;True;1;
94;3;24;7;diversification;4;a681f7914825;move;;;40;20;;;;;;;;;;True;False;False;True;;ok;16156.59648855542;15349.892405286584;15349.892405286584;15251.434359950814;602;15251.434359950814;12628.9774;806.7040832688363;Evaluated;16.5725;2.4299;64;True;1;
94;3;24;8;diversification;4;a681f7914825;swap;10;15;;;;;;;;;;;;True;False;False;False;;ok;17333.225960349744;15349.892405286584;15349.892405286584;15251.434359950814;603;15251.434359950814;12651.8309;1983.33355506316;Evaluated;20.4217;2.4282;64;True;2;duplicate_for_same_parent_sequence
94;3;24;9;diversification;4;a681f7914825;move;;;28;30;;;;;;;;;;True;False;False;False;;ok;15459.96993776658;15349.892405286584;15349.892405286584;15251.434359950814;604;15251.434359950814;12671.1007;110.07753247999608;Evaluated;17.042;2.2252;64;True;1;
94;3;24;10;diversification;4;a681f7914825;move;;;53;10;;;;;;;;;;True;False;False;True;;ok;18264.993157578796;15349.892405286584;15349.892405286584;15251.434359950814;605;15251.434359950814;12697.8387;2915.100752292212;Evaluated;24.1093;2.6278;64;True;3;duplicate_for_same_parent_sequence
94;3;24;;diversification;5;;;;;;;;;;;;;;;;;;;;;End-of-iteration summary row;;;15349.892405286584;15251.434359950814;605;15251.434359950814;12697.8418;;IterationSummary;;;;;;
95;3;25;1;diversification;5;a681f7914825;move;;;20;5;;;;;;;;;;True;False;False;True;;ok;16613.483386774715;15349.892405286584;15349.892405286584;15251.434359950814;606;15251.434359950814;12720.3516;1263.5909814881306;Evaluated;20.0732;2.4262;64;True;1;
95;3;25;2;diversification;5;a681f7914825;move;;;38;4;;;;;;;;;;True;False;False;True;;ok;17428.090200562732;15349.892405286584;15349.892405286584;15251.434359950814;607;15251.434359950814;12743.5521;2078.197795276148;Evaluated;20.771;2.4259;64;True;2;duplicate_for_same_parent_sequence
95;3;25;3;diversification;5;a681f7914825;move;;;35;40;;;;;;;;;;True;False;False;False;;ok;15979.878181889146;15349.892405286584;15349.892405286584;15251.434359950814;608;15251.434359950814;12769.5823;629.9857766025616;Evaluated;23.8;2.2286;64;True;3;duplicate_for_same_parent_sequence
95;3;25;4;diversification;5;a681f7914825;move;;;48;36;;;;;;;;;;True;False;False;True;;ok;15686.32505779711;15349.892405286584;15349.892405286584;15251.434359950814;609;15251.434359950814;12792.2916;336.43265251052617;Evaluated;20.4747;2.2319;64;True;2;duplicate_for_same_parent_sequence
95;3;25;5;diversification;5;a681f7914825;move;;;50;2;;;;;;;;;;True;False;False;True;;ok;16941.650198193012;15349.892405286584;15349.892405286584;15251.434359950814;610;15251.434359950814;12811.5854;1591.7577929064282;Evaluated;16.8638;2.4273;64;True;1;
95;3;25;6;diversification;5;a681f7914825;move;;;35;18;;;;;;;;;;True;False;False;True;;ok;16662.75504239304;15349.892405286584;15349.892405286584;15251.434359950814;611;15251.434359950814;12834.7216;1312.8626371064565;Evaluated;20.7026;2.4309;64;True;2;duplicate_for_same_parent_sequence
95;3;25;7;diversification;5;a681f7914825;swap;30;40;;;;;;;;;;;;True;False;False;False;;ok;16345.47487345969;15349.892405286584;15349.892405286584;15251.434359950814;612;15251.434359950814;12857.2625;995.5824681731065;Evaluated;20.1097;2.4275;64;True;2;duplicate_for_same_parent_sequence
95;3;25;8;diversification;5;a681f7914825;move;;;30;5;;;;;;;;;;True;False;False;True;;ok;15349.859973327475;15349.892405286584;15349.892405286584;15251.434359950814;613;15251.434359950814;12879.6214;-0.0324319591090898;Evaluated;20.1263;2.2297;64;True;2;duplicate_for_same_parent_sequence
95;3;25;9;diversification;5;a681f7914825;move;;;24;18;;;;;;;;;;True;False;False;False;;ok;16678.69036660038;15349.892405286584;15349.892405286584;15251.434359950814;614;15251.434359950814;12902.2415;1328.797961313794;Evaluated;20.1853;2.4315;64;True;2;duplicate_for_same_parent_sequence
95;3;25;10;diversification;5;a681f7914825;swap;42;57;;;;;;;;;;;;True;False;False;True;;ok;16180.602375610812;15349.892405286584;15349.892405286584;15251.434359950814;615;15251.434359950814;12925.23;830.7099703242275;Evaluated;20.5583;2.4271;64;True;2;duplicate_for_same_parent_sequence
95;3;25;;diversification;0;;;;;;;;;;;;;;;;;;;;;End-of-iteration summary row;;;15349.859973327475;15251.434359950814;615;15251.434359950814;12925.2479;;IterationSummary;;;;;;
96;3;26;1;normal;0;b98496095b87;move;;;24;10;;;;;;;;;;True;False;False;True;;ok;17256.76072361774;15349.859973327475;15349.859973327475;15251.434359950814;616;15251.434359950814;12948.5914;1906.900750290264;Evaluated;20.9116;2.4254;64;True;1;
96;3;26;2;normal;0;b98496095b87;swap;18;20;;;;;;;;;;;;True;False;False;False;;ok;16807.20015539157;15349.859973327475;15349.859973327475;15251.434359950814;617;15251.434359950814;12967.8239;1457.3401820640938;Evaluated;16.7998;2.43;64;True;1;
96;3;26;3;normal;0;b98496095b87;reinsert_block;;;;;;;35;40;28;;;;;True;False;False;False;;ok;16517.245336168733;15349.859973327475;15349.859973327475;15251.434359950814;618;15251.434359950814;12987.2086;1167.385362841258;Evaluated;16.9468;2.4347;64;True;1;
96;3;26;4;normal;0;b98496095b87;move;;;50;48;;;;;;;;;;True;False;False;False;;ok;15349.859973327475;15349.859973327475;15349.859973327475;15251.434359950814;619;15251.434359950814;13006.2452;0.0;Evaluated;16.8047;2.2289;64;True;1;
96;3;26;5;normal;0;b98496095b87;move;;;20;10;;;;;;;;;;True;False;False;True;;ok;17694.625715721948;15349.859973327475;15349.859973327475;15251.434359950814;620;15251.434359950814;13024.9743;2344.765742394473;Evaluated;16.2996;2.4287;64;True;1;
96;3;26;;normal;1;;;;;;;;;;;;;;;;;;;;;End-of-iteration summary row;;;15349.859973327475;15251.434359950814;620;15251.434359950814;13024.9786;;IterationSummary;;;;;;
97;3;27;1;normal;1;b98496095b87;move;;;8;2;;;;;;;;;;True;False;False;False;;ok;17695.97200058968;15349.859973327475;15349.859973327475;15251.434359950814;621;15251.434359950814;13047.0793;2346.1120272622065;Evaluated;19.6651;2.4247;64;True;1;
97;3;27;2;normal;1;b98496095b87;swap;20;31;;;;;;;;;;;;True;False;False;False;;ok;16558.920601554448;15349.859973327475;15349.859973327475;15251.434359950814;622;15251.434359950814;13066.0928;1209.0606282269728;Evaluated;16.5822;2.428;64;True;1;
97;3;27;3;normal;1;b98496095b87;move;;;36;10;;;;;;;;;;True;False;False;True;;ok;17681.384788903888;15349.859973327475;15349.859973327475;15251.434359950814;623;15251.434359950814;13089.3134;2331.524815576413;Evaluated;20.7903;2.4276;64;True;2;duplicate_for_same_parent_sequence
97;3;27;4;normal;1;b98496095b87;move;;;50;36;;;;;;;;;;True;False;False;True;;ok;15897.946013124169;15349.859973327475;15349.859973327475;15251.434359950814;624;15251.434359950814;13108.3027;548.0860397966935;Evaluated;16.7553;2.2313;64;True;1;
97;3;27;5;normal;1;b98496095b87;move;;;28;15;;;;;;;;;;True;False;False;True;;ok;17619.69464378599;15349.859973327475;15349.859973327475;15251.434359950814;625;15251.434359950814;13126.9679;2269.8346704585165;Evaluated;16.2395;2.4243;64;True;1;
97;3;27;;normal;2;;;;;;;;;;;;;;;;;;;;;End-of-iteration summary row;;;15349.859973327475;15251.434359950814;625;15251.434359950814;13126.9711;;IterationSummary;;;;;;
98;3;28;1;normal;2;b98496095b87;move;;;30;5;;;;;;;;;;True;False;False;True;;ok;17263.896192463788;15349.859973327475;15349.859973327475;15251.434359950814;626;15251.434359950814;13152.8064;1914.0362191363129;Evaluated;23.3891;2.4319;64;True;2;duplicate_for_same_parent_sequence
98;3;28;2;normal;2;b98496095b87;swap;24;36;;;;;;;;;;;;True;False;False;True;;ok;16403.28119754257;15349.859973327475;15349.859973327475;15251.434359950814;627;15251.434359950814;13175.8843;1053.4212242150934;Evaluated;20.6443;2.4304;64;True;2;duplicate_for_same_parent_sequence
98;3;28;3;normal;2;b98496095b87;move;;;37;18;;;;;;;;;;True;False;False;True;;ok;17490.808270925765;15349.859973327475;15349.859973327475;15251.434359950814;628;15251.434359950814;13198.9893;2140.94829759829;Evaluated;20.6762;2.426;64;True;2;duplicate_for_same_parent_sequence
98;3;28;4;normal;2;b98496095b87;move;;;50;18;;;;;;;;;;True;False;False;True;;ok;16415.841767992933;15349.859973327475;15349.859973327475;15251.434359950814;629;15251.434359950814;13217.9967;1065.9817946654584;Evaluated;16.5738;2.4329;64;True;1;
98;3;28;5;normal;2;b98496095b87;move;;;43;20;;;;;;;;;;True;False;False;True;;ok;16861.751110228375;15349.859973327475;15349.859973327475;15251.434359950814;630;15251.434359950814;13236.7475;1511.8911369009002;Evaluated;16.3195;2.4287;64;True;1;
98;3;28;;normal;3;;;;;;;;;;;;;;;;;;;;;End-of-iteration summary row;;;15349.859973327475;15251.434359950814;630;15251.434359950814;13236.7482;;IterationSummary;;;;;;
99;3;29;1;diversification;3;b98496095b87;move;;;10;2;;;;;;;;;;True;False;False;False;;ok;15655.518004312973;15349.859973327475;15349.859973327475;15251.434359950814;631;15251.434359950814;13259.011;305.65803098549804;Evaluated;20.0312;2.2247;64;True;1;
99;3;29;2;diversification;3;b98496095b87;reinsert_block;;;;;;;18;25;30;;;;;True;False;False;False;;ok;16502.11988618695;15349.859973327475;15349.859973327475;15251.434359950814;632;15251.434359950814;13278.9501;1152.2599128594738;Evaluated;17.5043;2.4318;64;True;1;
99;3;29;3;diversification;3;b98496095b87;swap;35;40;;;;;;;;;;;;True;False;False;False;;ok;15969.314669713447;15349.859973327475;15349.859973327475;15251.434359950814;633;15251.434359950814;13297.9969;619.454696385972;Evaluated;16.8143;2.2297;64;True;1;
99;3;29;4;diversification;3;b98496095b87;move;;;60;32;;;;;;;;;;True;False;False;True;;ok;16549.48057387189;15349.859973327475;15349.859973327475;15251.434359950814;634;15251.434359950814;13320.8857;1199.6206005444146;Evaluated;20.4552;2.4305;64;True;2;duplicate_for_same_parent_sequence
99;3;29;5;diversification;3;b98496095b87;move;;;8;3;;;;;;;;;;True;False;False;False;;ok;17056.57385681059;15349.859973327475;15349.859973327475;15251.434359950814;635;15251.434359950814;13343.5105;1706.7138834831167;Evaluated;20.1939;2.4283;64;True;2;duplicate_for_same_parent_sequence
99;3;29;6;diversification;3;b98496095b87;move;;;45;32;;;;;;;;;;True;False;False;True;;ok;16679.29791859714;15349.859973327475;15349.859973327475;15251.434359950814;636;15251.434359950814;13362.8455;1329.4379452696667;Evaluated;16.899;2.4343;64;True;1;
99;3;29;7;diversification;3;b98496095b87;move;;;40;25;;;;;;;;;;True;False;False;True;;ok;15573.700034288398;15349.859973327475;15349.859973327475;15251.434359950814;637;15251.434359950814;13381.5907;223.84006096092344;Evaluated;16.5124;2.2296;64;True;1;
99;3;29;8;diversification;3;b98496095b87;move;;;20;8;;;;;;;;;;True;False;False;True;;ok;17312.480024824858;15349.859973327475;15349.859973327475;15251.434359950814;638;15251.434359950814;13400.8103;1962.6200514973825;Evaluated;16.7907;2.4256;64;True;1;
99;3;29;9;diversification;3;b98496095b87;move;;;28;35;;;;;;;;;;True;False;False;False;;ok;16274.894053024143;15349.859973327475;15349.859973327475;15251.434359950814;639;15251.434359950814;13419.9014;925.0340796966684;Evaluated;16.6598;2.4286;64;True;1;
99;3;29;10;diversification;3;b98496095b87;move;;;45;20;;;;;;;;;;True;False;False;True;;ok;15781.527902510252;15349.859973327475;15349.859973327475;15251.434359950814;640;15251.434359950814;13438.7785;431.6679291827768;Evaluated;16.6451;2.2292;64;True;1;
99;3;29;;diversification;4;;;;;;;;;;;;;;;;;;;;;End-of-iteration summary row;;;15349.859973327475;15251.434359950814;640;15251.434359950814;13438.7816;;IterationSummary;;;;;;
100;3;30;1;diversification;4;b98496095b87;move;;;5;10;;;;;;;;;;True;False;False;False;;ok;15350.068711422002;15349.859973327475;15349.859973327475;15251.434359950814;641;15251.434359950814;13460.9404;0.2087380945267796;Evaluated;19.9116;2.2324;64;True;1;
100;3;30;2;diversification;4;b98496095b87;move;;;30;40;;;;;;;;;;True;False;False;True;;ok;15356.933127940225;15349.859973327475;15349.859973327475;15251.434359950814;642;15251.434359950814;13484.0241;7.073154612749931;Evaluated;20.8548;2.225;64;True;2;duplicate_for_same_parent_sequence
100;3;30;3;diversification;4;b98496095b87;swap;28;36;;;;;;;;;;;;True;False;False;False;;ok;16244.544378125624;15349.859973327475;15349.859973327475;15251.434359950814;643;15251.434359950814;13507.2049;894.6844047981485;Evaluated;20.7509;2.4293;64;True;2;duplicate_for_same_parent_sequence
100;3;30;4;diversification;4;b98496095b87;move;;;48;20;;;;;;;;;;True;False;False;True;;ok;16597.21825378391;15349.859973327475;15349.859973327475;15251.434359950814;644;15251.434359950814;13530.1536;1247.3582804564358;Evaluated;20.5185;2.4275;64;True;2;duplicate_for_same_parent_sequence
100;3;30;5;diversification;4;b98496095b87;move;;;20;35;;;;;;;;;;True;False;False;True;;ok;16751.1773704023;15349.859973327475;15349.859973327475;15251.434359950814;645;15251.434359950814;13549.546;1401.3173970748248;Evaluated;16.9601;2.4297;64;True;1;
100;3;30;6;diversification;4;b98496095b87;move;;;30;40;;;;;;;;;;False;True;False;;;ok;;15349.859973327475;15349.859973327475;15251.434359950814;645;15251.434359950814;13573.6851;;DuplicateForSameParentSequenceAfterRetries;24.1359;;;;3;duplicate_for_same_parent_sequence
100;3;30;7;diversification;4;b98496095b87;move;;;50;25;;;;;;;;;;True;False;False;True;;ok;15910.397802510579;15349.859973327475;15349.859973327475;15251.434359950814;646;15251.434359950814;13592.4773;560.5378291831039;Evaluated;16.5637;2.2275;64;True;1;
100;3;30;8;diversification;4;b98496095b87;move;;;25;30;;;;;;;;;;True;False;False;False;;ok;16420.652411988453;15349.859973327475;15349.859973327475;15251.434359950814;647;15251.434359950814;13612.0542;1070.7924386609775;Evaluated;17.1417;2.4324;64;True;1;
100;3;30;9;diversification;4;b98496095b87;move;;;24;30;;;;;;;;;;True;False;False;False;;ok;16350.836463417929;15349.859973327475;15349.859973327475;15251.434359950814;648;15251.434359950814;13631.3498;1000.9764900904538;Evaluated;16.8623;2.4305;64;True;1;
100;3;30;10;diversification;4;b98496095b87;move;;;50;10;;;;;;;;;;True;False;False;True;;ok;17259.445609505954;15349.859973327475;15349.859973327475;15251.434359950814;649;15251.434359950814;13658.1179;1909.585636178479;Evaluated;24.3401;2.4249;64;True;3;duplicate_for_same_parent_sequence
100;3;30;;diversification;5;;;;;;;;;;;;;;;;;;;;;End-of-iteration summary row;;;15349.859973327475;15251.434359950814;649;15251.434359950814;13658.1213;;IterationSummary;;;;;;
100;3;30;;;5;;;;;;;;;;;;;;;;;;;;;PartA | PartB | PartC | PartD | PartE | PartC | PartF | PartG | PartA | PartB | PartD | PartE | PartF | PartG | PartH | PartH | PartA | PartB | PartC | PartD | PartE | PartF | PartG | PartH | PartA | PartC | PartD | PartE | PartF | PartG | PartB | PartH | PartA | PartB | PartC | PartD | PartE | PartF | PartG | PartH | PartA | PartB | PartC | PartD | PartE | PartF | PartG | PartH | PartE | PartA | PartB | PartC | PartD | PartF | PartG | PartH | PartA | PartB | PartC | PartD | PartE | PartF | PartG | PartH;;;15349.859973327475;15251.434359950814;649;15251.434359950814;13658.1242;;FinalGlobalBestSequence;;;;;;
