iteration;restart_id;iteration_in_restart;candidate_in_iteration;search_mode;no_improvement_count_before_iteration;parent_sequence_signature;action;swap_i;swap_j;move_from;move_to;reverse_start;reverse_end;reinsert_block_start;reinsert_block_end;reinsert_block_to;swap_blocks_start1;swap_blocks_end1;swap_blocks_start2;swap_blocks_end2;valid;duplicate_for_same_parent_sequence;recently_rejected_for_same_parent_sequence;diversification_compatible;parse_error;validation_message;resulting_makespan;best_makespan_before;best_makespan_after;global_best_makespan_after;completed_simulations;actual_global_best_makespan;elapsed_optimization_time_sec;delta_vs_best_before;status;llm_time_sec;simulation_time_sec;exited_parts;completion_valid;llm_attempts;retry_reason
1;1;1;1;normal;0;0f63cf6f404e;move;;;10;4;;;;;;;;;;True;False;False;False;;ok;18258.64463936586;16630.57522948563;16630.57522948563;16630.57522948563;2;16630.57522948563;19.1271;1628.0694098802305;Evaluated;16.4812;2.6369;64;True;1;
1;1;1;2;normal;0;0f63cf6f404e;swap;16;32;;;;;;;;;;;;True;False;False;True;;ok;16630.57522948563;16630.57522948563;16630.57522948563;16630.57522948563;3;16630.57522948563;33.2264;0.0;Evaluated;11.6667;2.4317;64;True;1;
1;1;1;3;normal;0;0f63cf6f404e;reinsert_block;;;;;;;32;40;16;;;;;True;False;False;True;;ok;16292.549924556863;16630.57522948563;16630.57522948563;16630.57522948563;4;16630.57522948563;41.7042;-338.02530492876576;Evaluated;6.0512;2.4259;64;True;1;
1;1;1;4;normal;0;0f63cf6f404e;move;;;50;49;;;;;;;;;;True;False;False;False;;ok;16173.884877771556;16630.57522948563;16630.57522948563;16630.57522948563;5;16630.57522948563;52.3648;-456.6903517140727;Evaluated;8.2294;2.4307;64;True;1;
1;1;1;5;normal;0;0f63cf6f404e;move;;;16;8;;;;;;;;;;True;False;False;False;;ok;17742.48518681015;16630.57522948563;16630.57522948563;16630.57522948563;6;16630.57522948563;67.6686;1111.909957324522;Evaluated;12.8717;2.4315;64;True;1;
1;1;1;;normal;0;;;;;;;;;;;;;;;;;;;;;End-of-iteration summary row;;;16173.884877771556;16173.884877771556;6;16173.884877771556;67.6766;;IterationSummary;;;;;;
2;1;2;1;normal;0;04f0b4e57a49;move;;;10;4;;;;;;;;;;True;False;False;False;;ok;17801.887163191128;16173.884877771556;16173.884877771556;16173.884877771556;7;16173.884877771556;82.8327;1628.0022854195722;Evaluated;12.7163;2.4289;64;True;1;
2;1;2;2;normal;0;04f0b4e57a49;swap;20;31;;;;;;;;;;;;True;False;False;False;;ok;16670.664867180938;16173.884877771556;16173.884877771556;16173.884877771556;8;16173.884877771556;96.1087;496.7799894093823;Evaluated;10.8471;2.4283;64;True;1;
2;1;2;3;normal;0;04f0b4e57a49;reinsert_block;;;;;;;34;37;28;;;;;True;False;False;False;;ok;16498.450373025582;16173.884877771556;16173.884877771556;16173.884877771556;9;16173.884877771556;110.5265;324.56549525402625;Evaluated;11.9867;2.4304;64;True;1;
2;1;2;4;normal;0;04f0b4e57a49;move;;;50;48;;;;;;;;;;True;False;False;False;;ok;16630.16635223759;16173.884877771556;16173.884877771556;16173.884877771556;10;16173.884877771556;125.1228;456.2814744660336;Evaluated;12.1713;2.4225;64;True;1;
2;1;2;5;normal;0;04f0b4e57a49;move;;;32;16;;;;;;;;;;True;False;False;True;;ok;16349.01258200294;16173.884877771556;16173.884877771556;16173.884877771556;11;16173.884877771556;142.0495;175.127704231385;Evaluated;14.4935;2.4326;64;True;2;duplicate_for_same_parent_sequence
2;1;2;;normal;1;;;;;;;;;;;;;;;;;;;;;End-of-iteration summary row;;;16173.884877771556;16173.884877771556;11;16173.884877771556;142.0503;;IterationSummary;;;;;;
3;1;3;1;normal;1;04f0b4e57a49;move;;;8;4;;;;;;;;;;True;False;False;False;;ok;17447.14703026491;16173.884877771556;16173.884877771556;16173.884877771556;12;16173.884877771556;157.7683;1273.2621524933547;Evaluated;13.2872;2.4228;64;True;1;
3;1;3;2;normal;1;04f0b4e57a49;move;;;25;18;;;;;;;;;;True;False;False;False;;ok;16703.895128617303;16173.884877771556;16173.884877771556;16173.884877771556;13;16173.884877771556;173.9947;530.0102508457476;Evaluated;13.7966;2.4291;64;True;2;duplicate_for_same_parent_sequence
3;1;3;3;normal;1;04f0b4e57a49;reinsert_block;;;;;;;36;40;18;;;;;True;False;False;True;;ok;16519.897280543635;16173.884877771556;16173.884877771556;16173.884877771556;14;16173.884877771556;187.9415;346.01240277207944;Evaluated;11.5143;2.4301;64;True;1;
3;1;3;4;normal;1;04f0b4e57a49;swap;51;60;;;;;;;;;;;;True;False;False;False;;ok;16835.196524481842;16173.884877771556;16173.884877771556;16173.884877771556;15;16173.884877771556;204.9745;661.3116467102864;Evaluated;14.6002;2.4318;64;True;2;duplicate_for_same_parent_sequence
3;1;3;5;normal;1;04f0b4e57a49;move;;;25;10;;;;;;;;;;True;False;False;True;;ok;16756.8687252702;16173.884877771556;16173.884877771556;16173.884877771556;16;16173.884877771556;221.2942;582.9838474986445;Evaluated;13.8896;2.4284;64;True;1;
3;1;3;;normal;2;;;;;;;;;;;;;;;;;;;;;End-of-iteration summary row;;;16173.884877771556;16173.884877771556;16;16173.884877771556;221.2948;;IterationSummary;;;;;;
4;1;4;1;normal;2;04f0b4e57a49;move;;;10;5;;;;;;;;;;True;False;False;False;;ok;15625.01498102131;16173.884877771556;16173.884877771556;16173.884877771556;17;16173.884877771556;240.9076;-548.869896750246;Evaluated;17.3785;2.2287;64;True;2;duplicate_for_same_parent_sequence
4;1;4;2;normal;2;04f0b4e57a49;swap;17;20;;;;;;;;;;;;True;False;False;False;;ok;16878.886091179596;16173.884877771556;16173.884877771556;16173.884877771556;18;16173.884877771556;259.8741;705.0012134080407;Evaluated;16.5338;2.4303;64;True;1;
4;1;4;3;normal;2;04f0b4e57a49;move;;;50;15;;;;;;;;;;True;False;False;True;;ok;15774.59427018076;16173.884877771556;16173.884877771556;16173.884877771556;19;16173.884877771556;278.4807;-399.29060759079584;Evaluated;16.3782;2.2277;64;True;2;duplicate_for_same_parent_sequence
4;1;4;4;normal;2;04f0b4e57a49;move;;;51;48;;;;;;;;;;True;False;False;False;;ok;16616.5433177999;16173.884877771556;16173.884877771556;16173.884877771556;20;16173.884877771556;293.456;442.65844002834456;Evaluated;12.5399;2.4322;64;True;1;
4;1;4;5;normal;2;04f0b4e57a49;move;;;45;20;;;;;;;;;;True;False;False;True;;ok;16372.214501133683;16173.884877771556;16173.884877771556;16173.884877771556;21;16173.884877771556;313.4569;198.32962336212768;Evaluated;17.5695;2.4284;64;True;3;duplicate_for_same_parent_sequence
4;1;4;;normal;0;;;;;;;;;;;;;;;;;;;;;End-of-iteration summary row;;;15625.01498102131;15625.01498102131;21;15625.01498102131;313.4633;;IterationSummary;;;;;;
5;1;5;1;normal;0;86ce0f8c8dd1;move;;;14;8;;;;;;;;;;True;False;False;False;;ok;17679.017368436434;15625.01498102131;15625.01498102131;15625.01498102131;22;15625.01498102131;329.788;2054.0023874151248;Evaluated;13.8894;2.4273;64;True;1;
5;1;5;2;normal;0;86ce0f8c8dd1;swap;16;25;;;;;;;;;;;;True;False;False;False;;ok;15984.996653607694;15625.01498102131;15625.01498102131;15625.01498102131;23;15625.01498102131;341.2941;359.98167258638387;Evaluated;9.279;2.2244;64;True;1;
5;1;5;3;normal;0;86ce0f8c8dd1;reinsert_block;;;;;;;36;40;18;;;;;True;False;False;True;;ok;16521.695226337804;15625.01498102131;15625.01498102131;15625.01498102131;24;15625.01498102131;356.043;896.6802453164946;Evaluated;12.3131;2.4352;64;True;1;
5;1;5;4;normal;0;86ce0f8c8dd1;move;;;50;18;;;;;;;;;;True;False;False;True;;ok;16874.169668687617;15625.01498102131;15625.01498102131;15625.01498102131;25;15625.01498102131;369.8113;1249.154687666307;Evaluated;11.3411;2.4246;64;True;1;
5;1;5;5;normal;0;86ce0f8c8dd1;move;;;43;25;;;;;;;;;;True;False;False;True;;ok;16493.16141240552;15625.01498102131;15625.01498102131;15625.01498102131;26;15625.01498102131;383.4241;868.1464313842098;Evaluated;11.1859;2.4241;64;True;1;
5;1;5;;normal;1;;;;;;;;;;;;;;;;;;;;;End-of-iteration summary row;;;15625.01498102131;15625.01498102131;26;15625.01498102131;383.4247;;IterationSummary;;;;;;
6;1;6;1;normal;1;86ce0f8c8dd1;move;;;7;2;;;;;;;;;;True;False;False;False;;ok;17717.313573445845;15625.01498102131;15625.01498102131;15625.01498102131;27;15625.01498102131;398.6229;2092.298592424535;Evaluated;12.7621;2.4295;64;True;1;
6;1;6;2;normal;1;86ce0f8c8dd1;swap;20;25;;;;;;;;;;;;True;False;False;False;;ok;17268.77378145199;15625.01498102131;15625.01498102131;15625.01498102131;28;15625.01498102131;412.6238;1643.75880043068;Evaluated;11.5688;2.4292;64;True;1;
6;1;6;3;normal;1;86ce0f8c8dd1;move;;;25;17;;;;;;;;;;True;False;False;False;;ok;16872.15530025524;15625.01498102131;15625.01498102131;15625.01498102131;29;15625.01498102131;434.4555;1247.1403192339294;Evaluated;19.4009;2.4301;64;True;2;duplicate_for_same_parent_sequence
6;1;6;4;normal;1;86ce0f8c8dd1;move;;;49;20;;;;;;;;;;True;False;False;True;;ok;17342.673769859837;15625.01498102131;15625.01498102131;15625.01498102131;30;15625.01498102131;455.8078;1717.6587888385275;Evaluated;18.9243;2.4274;64;True;2;duplicate_for_same_parent_sequence
6;1;6;5;normal;1;86ce0f8c8dd1;move;;;35;20;;;;;;;;;;True;False;False;True;;ok;16897.46138020032;15625.01498102131;15625.01498102131;15625.01498102131;31;15625.01498102131;471.4623;1272.446399179009;Evaluated;13.215;2.4389;64;True;1;
6;1;6;;normal;2;;;;;;;;;;;;;;;;;;;;;End-of-iteration summary row;;;15625.01498102131;15625.01498102131;31;15625.01498102131;471.463;;IterationSummary;;;;;;
7;1;7;1;normal;2;86ce0f8c8dd1;move;;;50;32;;;;;;;;;;True;False;False;True;;ok;16829.670099457326;15625.01498102131;15625.01498102131;15625.01498102131;32;15625.01498102131;490.5775;1204.655118436016;Evaluated;16.6822;2.4259;64;True;2;duplicate_for_same_parent_sequence
7;1;7;2;normal;2;86ce0f8c8dd1;swap;17;30;;;;;;;;;;;;True;False;False;True;;ok;17848.004802283467;15625.01498102131;15625.01498102131;15625.01498102131;33;15625.01498102131;508.5034;2222.9898212621574;Evaluated;15.4986;2.4267;64;True;2;duplicate_for_same_parent_sequence
7;1;7;3;normal;2;86ce0f8c8dd1;move;;;45;25;;;;;;;;;;True;False;False;True;;ok;17148.86096136218;15625.01498102131;15625.01498102131;15625.01498102131;34;15625.01498102131;526.569;1523.8459803408714;Evaluated;15.6213;2.4436;64;True;2;duplicate_for_same_parent_sequence
7;1;7;4;normal;2;86ce0f8c8dd1;move;;;49;23;;;;;;;;;;True;False;False;True;;ok;16882.076518450594;15625.01498102131;15625.01498102131;15625.01498102131;35;15625.01498102131;542.2811;1257.0615374292847;Evaluated;13.2751;2.4364;64;True;2;duplicate_for_same_parent_sequence
7;1;7;5;normal;2;86ce0f8c8dd1;move;;;40;30;;;;;;;;;;True;False;False;True;;ok;15953.54303363125;15625.01498102131;15625.01498102131;15625.01498102131;36;15625.01498102131;561.5481;328.52805260993955;Evaluated;17.041;2.2253;64;True;2;duplicate_for_same_parent_sequence
7;1;7;;normal;3;;;;;;;;;;;;;;;;;;;;;End-of-iteration summary row;;;15625.01498102131;15625.01498102131;36;15625.01498102131;561.5487;;IterationSummary;;;;;;
8;1;8;1;diversification;3;86ce0f8c8dd1;move;;;20;10;;;;;;;;;;True;False;False;True;;ok;17723.757995303404;15625.01498102131;15625.01498102131;15625.01498102131;37;15625.01498102131;579.5332;2098.743014282094;Evaluated;15.5457;2.4333;64;True;1;
8;1;8;2;diversification;3;86ce0f8c8dd1;reinsert_block;;;;;;;20;25;16;;;;;True;False;False;False;;ok;17829.964070372753;15625.01498102131;15625.01498102131;15625.01498102131;38;15625.01498102131;594.3644;2204.949089351443;Evaluated;12.3459;2.4846;64;True;1;
8;1;8;3;diversification;3;86ce0f8c8dd1;swap;35;40;;;;;;;;;;;;True;False;False;False;;ok;15981.750926211189;15625.01498102131;15625.01498102131;15625.01498102131;39;15625.01498102131;609.6206;356.7359451898792;Evaluated;13.0273;2.2283;64;True;1;
8;1;8;4;diversification;3;86ce0f8c8dd1;move;;;61;48;;;;;;;;;;True;False;False;True;;ok;16347.793893035614;15625.01498102131;15625.01498102131;15625.01498102131;40;15625.01498102131;628.6861;722.7789120143043;Evaluated;16.6066;2.4582;64;True;2;duplicate_for_same_parent_sequence
8;1;8;5;diversification;3;86ce0f8c8dd1;move;;;24;15;;;;;;;;;;True;False;False;False;;ok;16877.360111721548;15625.01498102131;15625.01498102131;15625.01498102131;41;15625.01498102131;642.222;1252.3451307002379;Evaluated;11.0961;2.4392;64;True;1;
8;1;8;6;diversification;3;86ce0f8c8dd1;move;;;20;35;;;;;;;;;;True;False;False;True;;ok;16780.27706408163;15625.01498102131;15625.01498102131;15625.01498102131;42;15625.01498102131;651.0891;1155.262083060321;Evaluated;6.4308;2.4357;64;True;1;
8;1;8;7;diversification;3;86ce0f8c8dd1;move;;;50;2;;;;;;;;;;True;False;False;True;;ok;15925.930090533302;15625.01498102131;15625.01498102131;15625.01498102131;43;15625.01498102131;661.9336;300.91510951199234;Evaluated;8.614;2.23;64;True;1;
8;1;8;8;diversification;3;86ce0f8c8dd1;move;;;20;15;;;;;;;;;;True;False;False;False;;ok;16768.947308672097;15625.01498102131;15625.01498102131;15625.01498102131;44;15625.01498102131;673.1428;1143.9323276507876;Evaluated;8.7776;2.4309;64;True;1;
8;1;8;9;diversification;3;86ce0f8c8dd1;move;;;25;10;;;;;;;;;;True;False;False;True;;ok;17277.085029270194;15625.01498102131;15625.01498102131;15625.01498102131;45;15625.01498102131;684.3539;1652.0700482488846;Evaluated;8.7756;2.4348;64;True;1;
8;1;8;10;diversification;3;86ce0f8c8dd1;move;;;49;35;;;;;;;;;;True;False;False;True;;ok;16433.134981084357;15625.01498102131;15625.01498102131;15625.01498102131;46;15625.01498102131;695.5564;808.120000063047;Evaluated;8.7762;2.4257;64;True;1;
8;1;8;;diversification;4;;;;;;;;;;;;;;;;;;;;;End-of-iteration summary row;;;15625.01498102131;15625.01498102131;46;15625.01498102131;695.5572;;IterationSummary;;;;;;
9;1;9;1;diversification;4;86ce0f8c8dd1;move;;;10;25;;;;;;;;;;True;False;False;True;;ok;16854.26523776767;15625.01498102131;15625.01498102131;15625.01498102131;47;15625.01498102131;707.838;1229.2502567463616;Evaluated;9.8268;2.448;64;True;1;
9;1;9;2;diversification;4;86ce0f8c8dd1;reinsert_block;;;;;;;18;25;34;;;;;True;False;False;True;;ok;16430.811818741073;15625.01498102131;15625.01498102131;15625.01498102131;48;15625.01498102131;723.3038;805.7968377197631;Evaluated;12.9757;2.4894;64;True;1;
9;1;9;3;diversification;4;86ce0f8c8dd1;swap;32;38;;;;;;;;;;;;True;False;False;False;;ok;17158.976708588743;15625.01498102131;15625.01498102131;15625.01498102131;49;15625.01498102131;746.5629;1533.9617275674336;Evaluated;20.8286;2.4299;64;True;2;duplicate_for_same_parent_sequence
9;1;9;4;diversification;4;86ce0f8c8dd1;move;;;50;48;;;;;;;;;;True;False;False;False;;ok;15621.411896803927;15625.01498102131;15625.01498102131;15625.01498102131;50;15625.01498102131;764.1135;-3.603084217382275;EvaluatedImprovementDespiteDiversificationMismatch;15.2959;2.2539;64;True;1;
9;1;9;5;diversification;4;86ce0f8c8dd1;swap;10;15;;;;;;;;;;;;True;False;False;False;;ok;17282.934190522777;15625.01498102131;15625.01498102131;15625.01498102131;51;15625.01498102131;781.57;1657.9192095014678;Evaluated;14.9831;2.4728;64;True;2;duplicate_for_same_parent_sequence
9;1;9;6;diversification;4;86ce0f8c8dd1;move;;;40;25;;;;;;;;;;True;False;False;True;;ok;16364.807569637162;15625.01498102131;15625.01498102131;15625.01498102131;52;15625.01498102131;796.0372;739.7925886158519;Evaluated;12.0292;2.4374;64;True;1;
9;1;9;7;diversification;4;86ce0f8c8dd1;swap;3;7;;;;;;;;;;;;True;False;False;False;;ok;16736.586789113902;15625.01498102131;15625.01498102131;15625.01498102131;53;15625.01498102131;813.4624;1111.5718080925926;Evaluated;14.9783;2.4445;64;True;2;duplicate_for_same_parent_sequence
9;1;9;8;diversification;4;86ce0f8c8dd1;move;;;8;23;;;;;;;;;;True;False;False;True;;ok;15623.254095887654;15625.01498102131;15625.01498102131;15625.01498102131;54;15625.01498102131;829.0965;-1.7608851336553926;Evaluated;13.3634;2.2683;64;True;2;duplicate_for_same_parent_sequence
9;1;9;9;diversification;4;86ce0f8c8dd1;move;;;28;15;;;;;;;;;;True;False;False;True;;ok;17394.795589047677;15625.01498102131;15625.01498102131;15625.01498102131;55;15625.01498102131;842.7452;1769.7806080263672;Evaluated;11.1853;2.4627;64;True;1;
9;1;9;10;diversification;4;86ce0f8c8dd1;move;;;50;42;;;;;;;;;;True;False;False;False;;ok;16371.175996823042;15625.01498102131;15625.01498102131;15625.01498102131;56;15625.01498102131;858.0702;746.161015801732;Evaluated;12.8939;2.4285;64;True;1;
9;1;9;;diversification;0;;;;;;;;;;;;;;;;;;;;;End-of-iteration summary row;;;15621.411896803927;15621.411896803927;56;15621.411896803927;858.0888;;IterationSummary;;;;;;
10;1;10;1;normal;0;f7ded8d147c0;move;;;6;12;;;;;;;;;;True;False;False;False;;ok;17626.993650398217;15621.411896803927;15621.411896803927;15621.411896803927;57;15621.411896803927;875.1838;2005.5817535942897;Evaluated;14.6662;2.4235;64;True;1;
10;1;10;2;normal;0;f7ded8d147c0;swap;18;24;;;;;;;;;;;;True;False;False;False;;ok;17346.122154253997;15621.411896803927;15621.411896803927;15621.411896803927;58;15621.411896803927;890.2738;1724.7102574500695;Evaluated;12.6362;2.453;64;True;1;
10;1;10;3;normal;0;f7ded8d147c0;reinsert_block;;;;;;;36;40;18;;;;;True;False;False;True;;ok;16981.56682754025;15621.411896803927;15621.411896803927;15621.411896803927;59;15621.411896803927;905.6582;1360.154930736322;Evaluated;12.9512;2.4324;64;True;1;
10;1;10;4;normal;0;f7ded8d147c0;move;;;50;48;;;;;;;;;;True;False;False;False;;ok;15626.425399797059;15621.411896803927;15621.411896803927;15621.411896803927;60;15621.411896803927;920.4895;5.013502993131624;Evaluated;12.601;2.2296;64;True;1;
10;1;10;5;normal;0;f7ded8d147c0;move;;;45;30;;;;;;;;;;True;False;False;True;;ok;16815.141162936303;15621.411896803927;15621.411896803927;15621.411896803927;61;15621.411896803927;935.3411;1193.7292661323754;Evaluated;12.4235;2.4254;64;True;1;
10;1;10;;normal;1;;;;;;;;;;;;;;;;;;;;;End-of-iteration summary row;;;15621.411896803927;15621.411896803927;61;15621.411896803927;935.3437;;IterationSummary;;;;;;
11;1;11;1;normal;1;f7ded8d147c0;move;;;15;8;;;;;;;;;;True;False;False;False;;ok;17136.846529310045;15621.411896803927;15621.411896803927;15621.411896803927;62;15621.411896803927;950.6663;1515.4346325061179;Evaluated;12.8682;2.4458;64;True;1;
11;1;11;2;normal;1;f7ded8d147c0;swap;18;25;;;;;;;;;;;;True;False;False;False;;ok;17350.445343883723;15621.411896803927;15621.411896803927;15621.411896803927;63;15621.411896803927;965.0832;1729.0334470797952;Evaluated;11.9885;2.4258;64;True;1;
11;1;11;3;normal;1;f7ded8d147c0;reinsert_block;;;;;;;32;36;18;;;;;True;False;False;True;;ok;17052.47925403999;15621.411896803927;15621.411896803927;15621.411896803927;64;15621.411896803927;979.8668;1431.067357236063;Evaluated;12.354;2.4289;64;True;1;
11;1;11;4;normal;1;f7ded8d147c0;move;;;50;2;;;;;;;;;;True;False;False;True;;ok;17797.68857982926;15621.411896803927;15621.411896803927;15621.411896803927;65;15621.411896803927;993.5;2176.276683025333;Evaluated;11.1592;2.4733;64;True;1;
11;1;11;5;normal;1;f7ded8d147c0;move;;;8;23;;;;;;;;;;True;False;False;True;;ok;15623.011393760064;15621.411896803927;15621.411896803927;15621.411896803927;66;15621.411896803927;1009.3075;1.5994969561361359;Evaluated;13.5325;2.2736;64;True;1;
11;1;11;;normal;2;;;;;;;;;;;;;;;;;;;;;End-of-iteration summary row;;;15621.411896803927;15621.411896803927;66;15621.411896803927;1009.3082;;IterationSummary;;;;;;
12;1;12;1;normal;2;f7ded8d147c0;move;;;10;2;;;;;;;;;;True;False;False;False;;ok;15924.984383599554;15621.411896803927;15621.411896803927;15621.411896803927;67;15621.411896803927;1029.7865;303.5724867956269;Evaluated;18.2399;2.2325;64;True;2;duplicate_for_same_parent_sequence
12;1;12;2;normal;2;f7ded8d147c0;swap;20;25;;;;;;;;;;;;True;False;False;False;;ok;17721.689172549268;15621.411896803927;15621.411896803927;15621.411896803927;68;15621.411896803927;1045.2115;2100.2772757453404;Evaluated;12.9752;2.4489;64;True;1;
12;1;12;3;normal;2;f7ded8d147c0;reinsert_block;;;;;;;34;38;19;;;;;True;False;False;True;;ok;17355.297511987017;15621.411896803927;15621.411896803927;15621.411896803927;69;15621.411896803927;1063.1867;1733.8856151830896;Evaluated;15.5261;2.4485;64;True;1;
12;1;12;4;normal;2;f7ded8d147c0;move;;;60;12;;;;;;;;;;True;False;False;True;;ok;17535.25683605249;15621.411896803927;15621.411896803927;15621.411896803927;70;15621.411896803927;1080.2623;1913.8449392485618;Evaluated;14.6217;2.4532;64;True;2;duplicate_for_same_parent_sequence
12;1;12;5;normal;2;f7ded8d147c0;move;;;8;20;;;;;;;;;;True;False;False;True;;ok;15631.36326658166;15621.411896803927;15621.411896803927;15621.411896803927;71;15621.411896803927;1099.0305;9.951369777732907;Evaluated;16.5385;2.229;64;True;1;
12;1;12;;normal;3;;;;;;;;;;;;;;;;;;;;;End-of-iteration summary row;;;15621.411896803927;15621.411896803927;71;15621.411896803927;1099.0312;;IterationSummary;;;;;;
13;1;13;1;diversification;3;f7ded8d147c0;move;;;0;16;;;;;;;;;;True;False;False;True;;ok;16486.94511034126;15621.411896803927;15621.411896803927;15621.411896803927;72;15621.411896803927;1121.5832;865.5332135373337;Evaluated;20.0999;2.4451;64;True;1;
13;1;13;2;diversification;3;f7ded8d147c0;reinsert_block;;;;;;;25;30;16;;;;;True;False;False;True;;ok;17735.380163448895;15621.411896803927;15621.411896803927;15621.411896803927;73;15621.411896803927;1137.3425;2113.968266644968;Evaluated;13.3044;2.4543;64;True;1;
13;1;13;3;diversification;3;f7ded8d147c0;swap;34;40;;;;;;;;;;;;True;False;False;False;;ok;16442.851813885864;15621.411896803927;15621.411896803927;15621.411896803927;74;15621.411896803927;1151.9967;821.4399170819361;Evaluated;12.1945;2.4567;64;True;1;
13;1;13;4;diversification;3;f7ded8d147c0;move;;;48;10;;;;;;;;;;True;False;False;True;;ok;17276.609597728493;15621.411896803927;15621.411896803927;15621.411896803927;75;15621.411896803927;1168.9432;1655.1977009245657;Evaluated;14.4788;2.4653;64;True;2;duplicate_for_same_parent_sequence
13;1;13;5;diversification;3;f7ded8d147c0;swap;3;7;;;;;;;;;;;;True;False;False;False;;ok;17190.260950414726;15621.411896803927;15621.411896803927;15621.411896803927;76;15621.411896803927;1191.6153;1568.8490536107984;Evaluated;20.2093;2.4601;64;True;2;duplicate_for_same_parent_sequence
13;1;13;6;diversification;3;f7ded8d147c0;move;;;28;15;;;;;;;;;;True;False;False;True;;ok;17851.276211298686;15621.411896803927;15621.411896803927;15621.411896803927;77;15621.411896803927;1209.7451;2229.864314494758;Evaluated;15.6749;2.4522;64;True;1;
13;1;13;7;diversification;3;f7ded8d147c0;move;;;25;10;;;;;;;;;;True;False;False;True;;ok;17733.41508649621;15621.411896803927;15621.411896803927;15621.411896803927;78;15621.411896803927;1224.8601;2112.003189692283;Evaluated;12.684;2.4279;64;True;1;
13;1;13;8;diversification;3;f7ded8d147c0;move;;;8;15;;;;;;;;;;True;False;False;False;;ok;15625.100584698712;15621.411896803927;15621.411896803927;15621.411896803927;79;15621.411896803927;1239.9389;3.6886878947843798;Evaluated;12.8385;2.2393;64;True;1;
13;1;13;9;diversification;3;f7ded8d147c0;move;;;28;35;;;;;;;;;;True;False;False;False;;ok;16552.600165683685;15621.411896803927;15621.411896803927;15621.411896803927;80;15621.411896803927;1254.716;931.1882688797577;Evaluated;12.3107;2.4631;64;True;1;
13;1;13;10;diversification;3;f7ded8d147c0;move;;;50;10;;;;;;;;;;True;False;False;True;;ok;17740.964331422118;15621.411896803927;15621.411896803927;15621.411896803927;81;15621.411896803927;1272.8113;2119.55243461819;Evaluated;15.6626;2.4301;64;True;2;duplicate_for_same_parent_sequence
13;1;13;;diversification;4;;;;;;;;;;;;;;;;;;;;;End-of-iteration summary row;;;15621.411896803927;15621.411896803927;81;15621.411896803927;1272.8144;;IterationSummary;;;;;;
14;1;14;1;diversification;4;f7ded8d147c0;move;;;4;30;;;;;;;;;;True;False;False;True;;ok;17765.581261995136;15621.411896803927;15621.411896803927;15621.411896803927;82;15621.411896803927;1289.0359;2144.1693651912083;Evaluated;13.7788;2.4334;64;True;1;
14;1;14;2;diversification;4;f7ded8d147c0;reinsert_block;;;;;;;16;23;8;;;;;True;False;False;True;;ok;17794.988305663097;15621.411896803927;15621.411896803927;15621.411896803927;83;15621.411896803927;1303.4978;2173.5764088591695;Evaluated;12.0061;2.4526;64;True;1;
14;1;14;3;diversification;4;f7ded8d147c0;swap;35;40;;;;;;;;;;;;True;False;False;False;;ok;16433.8072332477;15621.411896803927;15621.411896803927;15621.411896803927;84;15621.411896803927;1321.5268;812.3953364437712;Evaluated;15.5556;2.4708;64;True;1;
14;1;14;4;diversification;4;f7ded8d147c0;move;;;62;30;;;;;;;;;;True;False;False;True;;ok;17278.749126051902;15621.411896803927;15621.411896803927;15621.411896803927;85;15621.411896803927;1344.5933;1657.3372292479744;Evaluated;20.6291;2.4344;64;True;2;duplicate_for_same_parent_sequence
14;1;14;5;diversification;4;f7ded8d147c0;move;;;8;10;;;;;;;;;;True;False;False;False;;ok;15630.038043841561;15621.411896803927;15621.411896803927;15621.411896803927;86;15621.411896803927;1363.3526;8.626147037633928;Evaluated;16.4864;2.2704;64;True;1;
14;1;14;6;diversification;4;f7ded8d147c0;move;;;36;18;;;;;;;;;;True;False;False;True;;ok;17936.39896858817;15621.411896803927;15621.411896803927;15621.411896803927;87;15621.411896803927;1383.1888;2314.987071784244;Evaluated;17.4011;2.432;64;True;2;duplicate_for_same_parent_sequence
14;1;14;7;diversification;4;f7ded8d147c0;move;;;20;35;;;;;;;;;;True;False;False;True;;ok;17234.59879951361;15621.411896803927;15621.411896803927;15621.411896803927;88;15621.411896803927;1399.4785;1613.1869027096818;Evaluated;13.8564;2.4325;64;True;1;
14;1;14;8;diversification;4;f7ded8d147c0;move;;;16;5;;;;;;;;;;True;False;False;True;;ok;17737.44748500833;15621.411896803927;15621.411896803927;15621.411896803927;89;15621.411896803927;1419.3224;2116.035588204404;Evaluated;17.4073;2.4342;64;True;2;duplicate_for_same_parent_sequence
14;1;14;9;diversification;4;f7ded8d147c0;move;;;40;25;;;;;;;;;;True;False;False;True;;ok;16820.984858207623;15621.411896803927;15621.411896803927;15621.411896803927;90;15621.411896803927;1435.2046;1199.5729614036954;Evaluated;13.3967;2.4828;64;True;1;
14;1;14;10;diversification;4;f7ded8d147c0;move;;;48;16;;;;;;;;;;True;False;False;True;;ok;17114.369559540588;15621.411896803927;15621.411896803927;15621.411896803927;91;15621.411896803927;1458.0576;1492.9576627366605;Evaluated;20.4191;2.4307;64;True;2;duplicate_for_same_parent_sequence
14;1;14;;diversification;5;;;;;;;;;;;;;;;;;;;;;End-of-iteration summary row;;;15621.411896803927;15621.411896803927;91;15621.411896803927;1458.0607;;IterationSummary;;;;;;
15;1;15;1;diversification;5;f7ded8d147c0;move;;;0;25;;;;;;;;;;True;False;False;True;;ok;15617.688983160251;15621.411896803927;15621.411896803927;15621.411896803927;92;15621.411896803927;1480.4105;-3.722913643676293;Evaluated;20.0788;2.2596;64;True;1;
15;1;15;2;diversification;5;f7ded8d147c0;reinsert_block;;;;;;;20;25;16;;;;;True;False;False;False;;ok;18281.46080751423;15621.411896803927;15621.411896803927;15621.411896803927;93;15621.411896803927;1495.9708;2660.048910710304;Evaluated;12.901;2.6564;64;True;1;
15;1;15;3;diversification;5;f7ded8d147c0;swap;32;40;;;;;;;;;;;;True;False;False;False;;ok;15621.411896803927;15621.411896803927;15621.411896803927;15621.411896803927;94;15621.411896803927;1513.7239;0.0;Evaluated;15.5182;2.2315;64;True;1;
15;1;15;4;diversification;5;f7ded8d147c0;move;;;61;48;;;;;;;;;;True;False;False;True;;ok;16460.529851847117;15621.411896803927;15621.411896803927;15621.411896803927;95;15621.411896803927;1535.6433;839.1179550431898;Evaluated;19.4837;2.4349;64;True;2;duplicate_for_same_parent_sequence
15;1;15;5;diversification;5;f7ded8d147c0;move;;;45;20;;;;;;;;;;True;False;False;True;;ok;16228.680291804538;15621.411896803927;15621.411896803927;15621.411896803927;96;15621.411896803927;1549.5059;607.2683950006103;Evaluated;11.4073;2.4523;64;True;1;
15;1;15;6;diversification;5;f7ded8d147c0;move;;;48;20;;;;;;;;;;True;False;False;True;;ok;16834.034920832044;15621.411896803927;15621.411896803927;15621.411896803927;97;15621.411896803927;1567.6429;1212.6230240281166;Evaluated;15.6849;2.4493;64;True;1;
15;1;15;7;diversification;5;f7ded8d147c0;move;;;24;10;;;;;;;;;;True;False;False;True;;ok;17739.957966548016;15621.411896803927;15621.411896803927;15621.411896803927;98;15621.411896803927;1585.3053;2118.5460697440885;Evaluated;15.2341;2.4276;64;True;1;
15;1;15;8;diversification;5;f7ded8d147c0;move;;;10;25;;;;;;;;;;True;False;False;True;;ok;17310.438197364972;15621.411896803927;15621.411896803927;15621.411896803927;99;15621.411896803927;1602.5106;1689.026300561045;Evaluated;14.7497;2.4531;64;True;1;
15;1;15;9;diversification;5;f7ded8d147c0;move;;;24;35;;;;;;;;;;True;False;False;True;;ok;15921.045983947259;15621.411896803927;15621.411896803927;15621.411896803927;100;15621.411896803927;1615.6096;299.63408714333127;Evaluated;10.8432;2.255;64;True;1;
15;1;15;10;diversification;5;f7ded8d147c0;move;;;48;30;;;;;;;;;;True;False;False;True;;ok;16400.36819719754;15621.411896803927;15621.411896803927;15621.411896803927;101;15621.411896803927;1635.7014;778.956300393611;Evaluated;17.655;2.4336;64;True;2;duplicate_for_same_parent_sequence
15;1;15;;diversification;0;;;;;;;;;;;;;;;;;;;;;End-of-iteration summary row;;;15617.688983160251;15617.688983160251;101;15617.688983160251;1635.7155;;IterationSummary;;;;;;
16;1;16;1;normal;0;c03eeb82fd0a;move;;;15;20;;;;;;;;;;True;False;False;False;;ok;17642.40779178036;15617.688983160251;15617.688983160251;15617.688983160251;102;15617.688983160251;1655.1482;2024.7188086201077;Evaluated;16.9902;2.4349;64;True;1;
16;1;16;2;normal;0;c03eeb82fd0a;swap;16;20;;;;;;;;;;;;True;False;False;False;;ok;17882.805330889056;15617.688983160251;15617.688983160251;15617.688983160251;103;15617.688983160251;1668.7743;2265.1163477288046;Evaluated;11.1559;2.4675;64;True;1;
16;1;16;3;normal;0;c03eeb82fd0a;reinsert_block;;;;;;;36;40;18;;;;;True;False;False;True;;ok;17308.746143880748;15617.688983160251;15617.688983160251;15617.688983160251;104;15617.688983160251;1687.789;1691.0571607204965;Evaluated;16.555;2.4589;64;True;1;
16;1;16;4;normal;0;c03eeb82fd0a;move;;;50;2;;;;;;;;;;True;False;False;True;;ok;17614.443090207467;15617.688983160251;15617.688983160251;15617.688983160251;105;15617.688983160251;1702.868;1996.7541070472162;Evaluated;12.6078;2.4676;64;True;1;
16;1;16;5;normal;0;c03eeb82fd0a;move;;;24;10;;;;;;;;;;True;False;False;True;;ok;17098.300390006123;15617.688983160251;15617.688983160251;15617.688983160251;106;15617.688983160251;1716.925;1480.611406845872;Evaluated;11.6219;2.4331;64;True;1;
16;1;16;;normal;1;;;;;;;;;;;;;;;;;;;;;End-of-iteration summary row;;;15617.688983160251;15617.688983160251;106;15617.688983160251;1716.9281;;IterationSummary;;;;;;
17;1;17;1;normal;1;c03eeb82fd0a;move;;;10;5;;;;;;;;;;True;False;False;False;;ok;17044.249308797214;15617.688983160251;15617.688983160251;15617.688983160251;107;15617.688983160251;1733.3223;1426.5603256369632;Evaluated;13.9293;2.4575;64;True;1;
17;1;17;2;normal;1;c03eeb82fd0a;swap;18;20;;;;;;;;;;;;True;False;False;False;;ok;17460.395393661798;15617.688983160251;15617.688983160251;15617.688983160251;108;15617.688983160251;1752.359;1842.706410501547;Evaluated;16.6026;2.4309;64;True;1;
17;1;17;3;normal;1;c03eeb82fd0a;move;;;25;30;;;;;;;;;;True;False;False;False;;ok;16207.38153106721;15617.688983160251;15617.688983160251;15617.688983160251;109;15617.688983160251;1775.7564;589.6925479069596;Evaluated;20.96;2.4351;64;True;2;duplicate_for_same_parent_sequence
17;1;17;4;normal;1;c03eeb82fd0a;move;;;50;48;;;;;;;;;;True;False;False;False;;ok;15606.172920595285;15617.688983160251;15617.688983160251;15617.688983160251;110;15617.688983160251;1790.2783;-11.516062564965978;Evaluated;12.2598;2.2594;64;True;1;
17;1;17;5;normal;1;c03eeb82fd0a;move;;;40;25;;;;;;;;;;True;False;False;True;;ok;17647.295798976076;15617.688983160251;15617.688983160251;15617.688983160251;111;15617.688983160251;1805.3279;2029.606815815825;Evaluated;12.5876;2.4585;64;True;1;
17;1;17;;normal;0;;;;;;;;;;;;;;;;;;;;;End-of-iteration summary row;;;15606.172920595285;15606.172920595285;111;15606.172920595285;1805.3372;;IterationSummary;;;;;;
18;1;18;1;normal;0;72cd2c0a75a2;move;;;10;5;;;;;;;;;;True;False;False;False;;ok;16623.558098994872;15606.172920595285;15606.172920595285;15606.172920595285;112;15606.172920595285;1828.1443;1017.385178399587;Evaluated;20.3666;2.434;64;True;1;
18;1;18;2;normal;0;72cd2c0a75a2;swap;18;20;;;;;;;;;;;;True;False;False;False;;ok;17046.343616312333;15606.172920595285;15606.172920595285;15606.172920595285;113;15606.172920595285;1846.1824;1440.1706957170481;Evaluated;15.5817;2.4536;64;True;1;
18;1;18;3;normal;0;72cd2c0a75a2;reinsert_block;;;;;;;35;40;20;;;;;True;False;False;True;;ok;16779.105596229856;15606.172920595285;15606.172920595285;15606.172920595285;114;15606.172920595285;1859.337;1172.9326756345708;Evaluated;10.6912;2.4601;64;True;1;
18;1;18;4;normal;0;72cd2c0a75a2;move;;;50;48;;;;;;;;;;True;False;False;False;;ok;15606.892907453413;15606.172920595285;15606.172920595285;15606.172920595285;115;15606.172920595285;1875.2868;0.7199868581283226;Evaluated;13.7165;2.2287;64;True;1;
18;1;18;5;normal;0;72cd2c0a75a2;move;;;24;10;;;;;;;;;;True;False;False;True;;ok;16676.559857134052;15606.172920595285;15606.172920595285;15606.172920595285;116;15606.172920595285;1891.281;1070.3869365387673;Evaluated;13.5513;2.4399;64;True;1;
18;1;18;;normal;1;;;;;;;;;;;;;;;;;;;;;End-of-iteration summary row;;;15606.172920595285;15606.172920595285;116;15606.172920595285;1891.2818;;IterationSummary;;;;;;
19;1;19;1;normal;1;72cd2c0a75a2;move;;;5;10;;;;;;;;;;True;False;False;False;;ok;17025.262945451617;15606.172920595285;15606.172920595285;15606.172920595285;117;15606.172920595285;1907.2966;1419.090024856332;Evaluated;13.5415;2.4672;64;True;1;
19;1;19;2;normal;1;72cd2c0a75a2;swap;16;25;;;;;;;;;;;;True;False;False;False;;ok;16246.173809340044;15606.172920595285;15606.172920595285;15606.172920595285;118;15606.172920595285;1926.4284;640.0008887447584;Evaluated;16.6758;2.4543;64;True;1;
19;1;19;3;normal;1;72cd2c0a75a2;reinsert_block;;;;;;;35;40;25;;;;;True;False;False;True;;ok;15947.384573174442;15606.172920595285;15606.172920595285;15606.172920595285;119;15606.172920595285;1945.9892;341.2116525791571;Evaluated;17.3285;2.2291;64;True;1;
19;1;19;4;normal;1;72cd2c0a75a2;move;;;27;30;;;;;;;;;;True;False;False;False;;ok;16326.077182788524;15606.172920595285;15606.172920595285;15606.172920595285;120;15606.172920595285;1968.7658;719.9042621932385;Evaluated;20.3036;2.4704;64;True;2;duplicate_for_same_parent_sequence
19;1;19;5;normal;1;72cd2c0a75a2;move;;;24;15;;;;;;;;;;True;False;False;False;;ok;17126.731593945664;15606.172920595285;15606.172920595285;15606.172920595285;121;15606.172920595285;1984.1718;1520.5586733503787;Evaluated;12.9419;2.4612;64;True;1;
19;1;19;;normal;2;;;;;;;;;;;;;;;;;;;;;End-of-iteration summary row;;;15606.172920595285;15606.172920595285;121;15606.172920595285;1984.175;;IterationSummary;;;;;;
20;1;20;1;normal;2;72cd2c0a75a2;move;;;8;23;;;;;;;;;;True;False;False;True;;ok;16681.02085486168;15606.172920595285;15606.172920595285;15606.172920595285;122;15606.172920595285;2010.1113;1074.847934266394;Evaluated;23.4859;2.4363;64;True;2;duplicate_for_same_parent_sequence
20;1;20;2;normal;2;72cd2c0a75a2;swap;18;20;;;;;;;;;;;;False;True;False;;;ok;;15606.172920595285;15606.172920595285;15606.172920595285;122;15606.172920595285;2033.7804;;DuplicateForSameParentSequenceAfterRetries;23.6686;;;;3;duplicate_for_same_parent_sequence
20;1;20;3;normal;2;72cd2c0a75a2;reinsert_block;;;;;;;35;40;28;;;;;True;False;False;False;;ok;16197.003181937358;15606.172920595285;15606.172920595285;15606.172920595285;123;15606.172920595285;2052.0809;590.8302613420728;Evaluated;15.8346;2.4648;64;True;1;
20;1;20;4;normal;2;72cd2c0a75a2;move;;;30;25;;;;;;;;;;True;False;False;False;;ok;17488.16349420877;15606.172920595285;15606.172920595285;15606.172920595285;124;15606.172920595285;2075.1687;1881.9905736134842;Evaluated;20.6562;2.4309;64;True;2;duplicate_for_same_parent_sequence
20;1;20;5;normal;2;72cd2c0a75a2;move;;;20;15;;;;;;;;;;True;False;False;False;;ok;17840.00528551916;15606.172920595285;15606.172920595285;15606.172920595285;125;15606.172920595285;2091.0145;2233.8323649238755;Evaluated;13.3855;2.4575;64;True;1;
20;1;20;;normal;3;;;;;;;;;;;;;;;;;;;;;End-of-iteration summary row;;;15606.172920595285;15606.172920595285;125;15606.172920595285;2091.0173;;IterationSummary;;;;;;
21;1;21;1;diversification;3;72cd2c0a75a2;move;;;10;5;;;;;;;;;;False;True;False;;;ok;;15606.172920595285;15606.172920595285;15606.172920595285;125;15606.172920595285;2116.1965;;DuplicateForSameParentSequenceAfterRetries;25.1615;;;;3;duplicate_for_same_parent_sequence
21;1;21;2;diversification;3;72cd2c0a75a2;reinsert_block;;;;;;;20;25;15;;;;;True;False;False;False;;ok;18810.92832703391;15606.172920595285;15606.172920595285;15606.172920595285;126;15606.172920595285;2129.901;3204.755406438626;Evaluated;11.0473;2.6561;64;True;1;
21;1;21;3;diversification;3;72cd2c0a75a2;swap;32;45;;;;;;;;;;;;True;False;False;True;;ok;16512.674283889515;15606.172920595285;15606.172920595285;15606.172920595285;127;15606.172920595285;2149.2684;906.50136329423;Evaluated;16.9014;2.4633;64;True;1;
21;1;21;4;diversification;3;72cd2c0a75a2;move;;;50;30;;;;;;;;;;True;False;False;True;;ok;15858.191893944737;15606.172920595285;15606.172920595285;15606.172920595285;128;15606.172920595285;2172.3573;252.0189733494517;Evaluated;20.8535;2.2321;64;True;2;duplicate_for_same_parent_sequence
21;1;21;5;diversification;3;72cd2c0a75a2;swap;3;7;;;;;;;;;;;;True;False;False;False;;ok;16830.775243379307;15606.172920595285;15606.172920595285;15606.172920595285;129;15606.172920595285;2195.5526;1224.6023227840215;Evaluated;20.7568;2.4348;64;True;2;duplicate_for_same_parent_sequence
21;1;21;6;diversification;3;72cd2c0a75a2;move;;;40;25;;;;;;;;;;True;False;False;True;;ok;17226.76044510795;15606.172920595285;15606.172920595285;15606.172920595285;130;15606.172920595285;2212.1772;1620.5875245126645;Evaluated;14.1578;2.4635;64;True;1;
21;1;21;7;diversification;3;72cd2c0a75a2;move;;;45;30;;;;;;;;;;True;False;False;True;;ok;16177.474682954275;15606.172920595285;15606.172920595285;15606.172920595285;131;15606.172920595285;2231.4321;571.3017623589894;Evaluated;16.8251;2.4291;64;True;1;
21;1;21;8;diversification;3;72cd2c0a75a2;move;;;8;20;;;;;;;;;;True;False;False;True;;ok;16281.1810532785;15606.172920595285;15606.172920595285;15606.172920595285;132;15606.172920595285;2250.9972;675.0081326832151;Evaluated;17.1306;2.4315;64;True;1;
21;1;21;9;diversification;3;72cd2c0a75a2;move;;;28;35;;;;;;;;;;True;False;False;False;;ok;16587.02675133506;15606.172920595285;15606.172920595285;15606.172920595285;133;15606.172920595285;2267.2244;980.8538307397739;Evaluated;13.7583;2.4663;64;True;1;
21;1;21;10;diversification;3;72cd2c0a75a2;swap;51;60;;;;;;;;;;;;True;False;False;False;;ok;16275.47473691577;15606.172920595285;15606.172920595285;15606.172920595285;134;15606.172920595285;2290.7338;669.3018163204852;Evaluated;21.0663;2.4401;64;True;2;duplicate_for_same_parent_sequence
21;1;21;;diversification;4;;;;;;;;;;;;;;;;;;;;;End-of-iteration summary row;;;15606.172920595285;15606.172920595285;134;15606.172920595285;2290.7367;;IterationSummary;;;;;;
22;1;22;1;diversification;4;72cd2c0a75a2;move;;;0;15;;;;;;;;;;True;False;False;True;;ok;16389.158151831114;15606.172920595285;15606.172920595285;15606.172920595285;135;15606.172920595285;2313.7555;782.9852312358289;Evaluated;20.5695;2.4336;64;True;1;
22;1;22;2;diversification;4;72cd2c0a75a2;move;;;30;40;;;;;;;;;;True;False;False;True;;ok;16054.006908801459;15606.172920595285;15606.172920595285;15606.172920595285;136;15606.172920595285;2336.4161;447.8339882061737;Evaluated;20.3969;2.2599;64;True;2;duplicate_for_same_parent_sequence
22;1;22;3;diversification;4;72cd2c0a75a2;swap;32;47;;;;;;;;;;;;True;False;False;True;;ok;15461.496853278855;15606.172920595285;15606.172920595285;15606.172920595285;137;15606.172920595285;2353.3561;-144.6760673164299;Evaluated;14.6813;2.2551;64;True;1;
22;1;22;4;diversification;4;72cd2c0a75a2;move;;;49;32;;;;;;;;;;True;False;False;True;;ok;16212.243007606801;15606.172920595285;15606.172920595285;15606.172920595285;138;15606.172920595285;2376.4416;606.0700870115161;Evaluated;20.6452;2.4372;64;True;2;duplicate_for_same_parent_sequence
22;1;22;5;diversification;4;72cd2c0a75a2;swap;1;9;;;;;;;;;;;;True;False;False;False;;ok;18089.713375852443;15606.172920595285;15606.172920595285;15606.172920595285;139;15606.172920595285;2395.0329;2483.540455257158;Evaluated;15.9332;2.6558;64;True;2;duplicate_for_same_parent_sequence
22;1;22;6;diversification;4;72cd2c0a75a2;move;;;50;3;;;;;;;;;;True;False;False;True;;ok;17276.21217972225;15606.172920595285;15606.172920595285;15606.172920595285;140;15606.172920595285;2414.6768;1670.0392591269647;Evaluated;17.2079;2.433;64;True;1;
22;1;22;7;diversification;4;72cd2c0a75a2;move;;;40;15;;;;;;;;;;True;False;False;True;;ok;16587.319328508303;15606.172920595285;15606.172920595285;15606.172920595285;141;15606.172920595285;2433.9533;981.1464079130183;Evaluated;16.8431;2.4295;64;True;1;
22;1;22;8;diversification;4;72cd2c0a75a2;move;;;8;15;;;;;;;;;;True;False;False;False;;ok;17145.91596331186;15606.172920595285;15606.172920595285;15606.172920595285;142;15606.172920595285;2452.8443;1539.7430427165764;Evaluated;16.412;2.4763;64;True;1;
22;1;22;9;diversification;4;72cd2c0a75a2;move;;;25;10;;;;;;;;;;True;False;False;True;;ok;16682.64105924748;15606.172920595285;15606.172920595285;15606.172920595285;143;15606.172920595285;2471.2541;1076.4681386521934;Evaluated;15.9537;2.4535;64;True;1;
22;1;22;10;diversification;4;72cd2c0a75a2;swap;45;60;;;;;;;;;;;;True;False;False;True;;ok;15925.798204868985;15606.172920595285;15606.172920595285;15606.172920595285;144;15606.172920595285;2494.3196;319.62528427369944;Evaluated;20.8295;2.2329;64;True;2;duplicate_for_same_parent_sequence
22;1;22;;diversification;0;;;;;;;;;;;;;;;;;;;;;End-of-iteration summary row;;;15461.496853278855;15461.496853278855;144;15461.496853278855;2494.3387;;IterationSummary;;;;;;
23;1;23;1;normal;0;c8b7c3d4d6ba;move;;;8;30;;;;;;;;;;True;False;False;True;;ok;16195.52721393717;15461.496853278855;15461.496853278855;15461.496853278855;145;15461.496853278855;2511.0893;734.0303606583147;Evaluated;14.2856;2.4592;64;True;1;
23;1;23;2;normal;0;c8b7c3d4d6ba;swap;20;25;;;;;;;;;;;;True;False;False;False;;ok;16461.3704984109;15461.496853278855;15461.496853278855;15461.496853278855;146;15461.496853278855;2530.6215;999.8736451320437;Evaluated;17.101;2.4281;64;True;1;
23;1;23;3;normal;0;c8b7c3d4d6ba;reinsert_block;;;;;;;35;40;28;;;;;True;False;False;False;;ok;16088.47947078454;15461.496853278855;15461.496853278855;15461.496853278855;147;15461.496853278855;2550.5993;626.9826175056842;Evaluated;17.5429;2.4314;64;True;1;
23;1;23;4;normal;0;c8b7c3d4d6ba;move;;;50;48;;;;;;;;;;True;False;False;False;;ok;15241.083675825428;15461.496853278855;15461.496853278855;15461.496853278855;148;15461.496853278855;2569.4001;-220.41317745342712;Evaluated;16.5313;2.2662;64;True;1;
23;1;23;5;normal;0;c8b7c3d4d6ba;move;;;50;3;;;;;;;;;;True;False;False;True;;ok;17266.08853841148;15461.496853278855;15461.496853278855;15461.496853278855;149;15461.496853278855;2585.7785;1804.5916851326256;Evaluated;13.9126;2.4649;64;True;1;
23;1;23;;normal;0;;;;;;;;;;;;;;;;;;;;;End-of-iteration summary row;;;15241.083675825428;15241.083675825428;149;15241.083675825428;2585.791;;IterationSummary;;;;;;
24;1;24;1;normal;0;aa2598806d69;move;;;10;5;;;;;;;;;;True;False;False;False;;ok;16586.405490067365;15241.083675825428;15241.083675825428;15241.083675825428;150;15241.083675825428;2608.4672;1345.3218142419373;Evaluated;20.2338;2.434;64;True;1;
24;1;24;2;normal;0;aa2598806d69;swap;20;25;;;;;;;;;;;;True;False;False;False;;ok;16461.3704984109;15241.083675825428;15241.083675825428;15241.083675825428;151;15241.083675825428;2626.2623;1220.2868225854709;Evaluated;15.3323;2.4603;64;True;1;
24;1;24;3;normal;0;aa2598806d69;reinsert_block;;;;;;;35;38;20;;;;;True;False;False;True;;ok;16683.539068224614;15241.083675825428;15241.083675825428;15241.083675825428;152;15241.083675825428;2645.6411;1442.4553923991862;Evaluated;16.9442;2.4306;64;True;1;
24;1;24;4;normal;0;aa2598806d69;move;;;48;50;;;;;;;;;;True;False;False;False;;ok;15461.496853278855;15241.083675825428;15241.083675825428;15241.083675825428;153;15241.083675825428;2664.7788;220.41317745342712;Evaluated;16.9073;2.2277;64;True;1;
24;1;24;5;normal;0;aa2598806d69;move;;;10;25;;;;;;;;;;True;False;False;True;;ok;16789.5704965387;15241.083675825428;15241.083675825428;15241.083675825428;154;15241.083675825428;2684.086;1548.4868207132731;Evaluated;16.8474;2.4589;64;True;1;
24;1;24;;normal;1;;;;;;;;;;;;;;;;;;;;;End-of-iteration summary row;;;15241.083675825428;15241.083675825428;154;15241.083675825428;2684.0891;;IterationSummary;;;;;;
25;1;25;1;normal;1;aa2598806d69;move;;;8;15;;;;;;;;;;True;False;False;False;;ok;17101.39354635011;15241.083675825428;15241.083675825428;15241.083675825428;155;15241.083675825428;2707.4297;1860.309870524683;Evaluated;20.886;2.4428;64;True;1;
25;1;25;2;normal;1;aa2598806d69;swap;18;20;;;;;;;;;;;;True;False;False;False;;ok;17005.652573962638;15241.083675825428;15241.083675825428;15241.083675825428;156;15241.083675825428;2726.7663;1764.5688981372095;Evaluated;16.9007;2.4326;64;True;1;
25;1;25;3;normal;1;aa2598806d69;reinsert_block;;;;;;;35;40;28;;;;;True;False;False;False;;ok;16089.82199898204;15241.083675825428;15241.083675825428;15241.083675825428;157;15241.083675825428;2745.8452;848.7383231566128;Evaluated;16.8174;2.258;64;True;1;
25;1;25;4;normal;1;aa2598806d69;move;;;50;3;;;;;;;;;;True;False;False;True;;ok;17718.97122114312;15241.083675825428;15241.083675825428;15241.083675825428;158;15241.083675825428;2765.0917;2477.8875453176934;Evaluated;16.8062;2.4368;64;True;1;
25;1;25;5;normal;1;aa2598806d69;move;;;8;30;;;;;;;;;;True;False;False;True;;ok;16195.52721393717;15241.083675825428;15241.083675825428;15241.083675825428;159;15241.083675825428;2784.0868;954.4435381117419;Evaluated;16.564;2.4283;64;True;1;
25;1;25;;normal;2;;;;;;;;;;;;;;;;;;;;;End-of-iteration summary row;;;15241.083675825428;15241.083675825428;159;15241.083675825428;2784.0902;;IterationSummary;;;;;;
26;1;26;1;normal;2;aa2598806d69;move;;;7;25;;;;;;;;;;True;False;False;True;;ok;15459.253031922055;15241.083675825428;15241.083675825428;15241.083675825428;160;15241.083675825428;2808.9595;218.16935609662687;Evaluated;22.6034;2.2528;64;True;2;duplicate_for_same_parent_sequence
26;1;26;2;normal;2;aa2598806d69;swap;18;25;;;;;;;;;;;;True;False;False;False;;ok;16518.82967584052;15241.083675825428;15241.083675825428;15241.083675825428;161;15241.083675825428;2828.5376;1277.7460000150913;Evaluated;17.1139;2.4611;64;True;1;
26;1;26;3;normal;2;aa2598806d69;reinsert_block;;;;;;;38;43;35;;;;;True;False;False;False;;ok;16806.696205288205;15241.083675825428;15241.083675825428;15241.083675825428;162;15241.083675825428;2855.5692;1565.6125294627764;Evaluated;24.572;2.4565;64;True;3;duplicate_for_same_parent_sequence
26;1;26;4;normal;2;aa2598806d69;move;;;50;48;;;;;;;;;;True;False;False;False;;ok;15754.284003078497;15241.083675825428;15241.083675825428;15241.083675825428;163;15241.083675825428;2870.0578;513.2003272530692;Evaluated;12.2241;2.2609;64;True;1;
26;1;26;5;normal;2;aa2598806d69;move;;;8;25;;;;;;;;;;True;False;False;True;;ok;16644.391460817325;15241.083675825428;15241.083675825428;15241.083675825428;164;15241.083675825428;2889.0635;1403.3077849918973;Evaluated;16.5464;2.4562;64;True;1;
26;1;26;;normal;3;;;;;;;;;;;;;;;;;;;;;End-of-iteration summary row;;;15241.083675825428;15241.083675825428;164;15241.083675825428;2889.0662;;IterationSummary;;;;;;
27;1;27;1;diversification;3;aa2598806d69;move;;;7;15;;;;;;;;;;True;False;False;False;;ok;15299.691692479051;15241.083675825428;15241.083675825428;15241.083675825428;165;15241.083675825428;2915.3141;58.608016653623054;Evaluated;23.9695;2.2664;64;True;2;duplicate_for_same_parent_sequence
27;1;27;2;diversification;3;aa2598806d69;reinsert_block;;;;;;;20;24;35;;;;;True;False;False;True;;ok;15794.709524953914;15241.083675825428;15241.083675825428;15241.083675825428;166;15241.083675825428;2927.6301;553.6258491284862;Evaluated;10.0577;2.2558;64;True;1;
27;1;27;3;diversification;3;aa2598806d69;swap;34;39;;;;;;;;;;;;True;False;False;False;;ok;16050.471079293939;15241.083675825428;15241.083675825428;15241.083675825428;167;15241.083675825428;2941.6406;809.3874034685105;Evaluated;11.756;2.2537;64;True;1;
27;1;27;4;diversification;3;aa2598806d69;move;;;55;50;;;;;;;;;;True;False;False;False;;ok;15239.745175702476;15241.083675825428;15241.083675825428;15241.083675825428;168;15241.083675825428;2964.7173;-1.3385001229526097;EvaluatedImprovementDespiteDiversificationMismatch;20.8411;2.2323;64;True;2;duplicate_for_same_parent_sequence
27;1;27;5;diversification;3;aa2598806d69;move;;;24;10;;;;;;;;;;True;False;False;True;;ok;16634.662323048215;15241.083675825428;15241.083675825428;15241.083675825428;169;15241.083675825428;2984.4597;1393.5786472227865;Evaluated;17.2878;2.4516;64;True;1;
27;1;27;6;diversification;3;aa2598806d69;swap;25;32;;;;;;;;;;;;True;False;False;False;;ok;15312.917778792878;15241.083675825428;15241.083675825428;15241.083675825428;170;15241.083675825428;3005.9373;71.83410296745024;Evaluated;19.219;2.2539;64;True;2;duplicate_for_same_parent_sequence
27;1;27;7;diversification;3;aa2598806d69;move;;;34;2;;;;;;;;;;True;False;False;True;;ok;17159.93329411018;15241.083675825428;15241.083675825428;15241.083675825428;171;15241.083675825428;3023.5937;1918.8496182847502;Evaluated;15.2176;2.4359;64;True;2;duplicate_for_same_parent_sequence
27;1;27;8;diversification;3;aa2598806d69;reinsert_block;;;;;;;30;34;25;;;;;True;False;False;False;;ok;17399.032059015786;15241.083675825428;15241.083675825428;15241.083675825428;172;15241.083675825428;3041.6957;2157.948383190358;Evaluated;15.6426;2.4556;64;True;2;duplicate_for_same_parent_sequence
27;1;27;9;diversification;3;aa2598806d69;move;;;28;35;;;;;;;;;;True;False;False;False;;ok;15965.88440179374;15241.083675825428;15241.083675825428;15241.083675825428;173;15241.083675825428;3055.0737;724.8007259683127;Evaluated;11.1131;2.2619;64;True;1;
27;1;27;10;diversification;3;aa2598806d69;move;;;45;20;;;;;;;;;;True;False;False;True;;ok;17664.267353233477;15241.083675825428;15241.083675825428;15241.083675825428;174;15241.083675825428;3070.6247;2423.1836774080493;Evaluated;13.1163;2.4316;64;True;1;
27;1;27;;diversification;0;;;;;;;;;;;;;;;;;;;;;End-of-iteration summary row;;;15239.745175702476;15239.745175702476;174;15239.745175702476;3070.6421;;IterationSummary;;;;;;
28;1;28;1;normal;0;87fd3f410651;move;;;8;10;;;;;;;;;;True;False;False;False;;ok;15589.77464424797;15239.745175702476;15239.745175702476;15239.745175702476;175;15239.745175702476;3088.2123;350.0294685454937;Evaluated;15.3313;2.2311;64;True;1;
28;1;28;2;normal;0;87fd3f410651;swap;20;25;;;;;;;;;;;;True;False;False;False;;ok;16461.3704984109;15239.745175702476;15239.745175702476;15239.745175702476;176;15239.745175702476;3103.519;1221.6253227084235;Evaluated;12.8444;2.4581;64;True;1;
28;1;28;3;normal;0;87fd3f410651;reinsert_block;;;;;;;35;40;28;;;;;True;False;False;False;;ok;16093.33559624461;15239.745175702476;15239.745175702476;15239.745175702476;177;15239.745175702476;3123.0418;853.5904205421339;Evaluated;17.2539;2.2658;64;True;1;
28;1;28;4;normal;0;87fd3f410651;move;;;50;30;;;;;;;;;;True;False;False;True;;ok;15341.634953378383;15239.745175702476;15239.745175702476;15239.745175702476;178;15239.745175702476;3140.7917;101.88977767590768;Evaluated;15.5169;2.2303;64;True;1;
28;1;28;5;normal;0;87fd3f410651;move;;;8;25;;;;;;;;;;True;False;False;True;;ok;16644.391460817325;15239.745175702476;15239.745175702476;15239.745175702476;179;15239.745175702476;3158.4585;1404.64628511485;Evaluated;15.2279;2.4357;64;True;1;
28;1;28;;normal;1;;;;;;;;;;;;;;;;;;;;;End-of-iteration summary row;;;15239.745175702476;15239.745175702476;179;15239.745175702476;3158.4621;;IterationSummary;;;;;;
29;1;29;1;normal;1;87fd3f410651;move;;;5;10;;;;;;;;;;True;False;False;False;;ok;16992.545003472485;15239.745175702476;15239.745175702476;15239.745175702476;180;15239.745175702476;3174.3173;1752.7998277700099;Evaluated;13.3859;2.4617;64;True;1;
29;1;29;2;normal;1;87fd3f410651;swap;18;24;;;;;;;;;;;;True;False;False;False;;ok;16717.76557382905;15239.745175702476;15239.745175702476;15239.745175702476;181;15239.745175702476;3190.722;1478.0203981265731;Evaluated;13.9632;2.4374;64;True;1;
29;1;29;3;normal;1;87fd3f410651;move;;;36;25;;;;;;;;;;True;False;False;True;;ok;16554.962468227728;15239.745175702476;15239.745175702476;15239.745175702476;182;15239.745175702476;3211.3623;1315.2172925252526;Evaluated;18.2008;2.436;64;True;2;duplicate_for_same_parent_sequence
29;1;29;4;normal;1;87fd3f410651;move;;;50;48;;;;;;;;;;True;False;False;False;;ok;15242.963544028442;15239.745175702476;15239.745175702476;15239.745175702476;183;15239.745175702476;3226.7591;3.2183683259663667;Evaluated;13.1388;2.2551;64;True;1;
29;1;29;5;normal;1;87fd3f410651;move;;;28;15;;;;;;;;;;True;False;False;True;;ok;17216.124016023197;15239.745175702476;15239.745175702476;15239.745175702476;184;15239.745175702476;3241.8263;1976.3788403207218;Evaluated;12.6055;2.4585;64;True;1;
29;1;29;;normal;2;;;;;;;;;;;;;;;;;;;;;End-of-iteration summary row;;;15239.745175702476;15239.745175702476;184;15239.745175702476;3241.8295;;IterationSummary;;;;;;
30;1;30;1;normal;2;87fd3f410651;move;;;7;25;;;;;;;;;;True;False;False;True;;ok;15459.252928195621;15239.745175702476;15239.745175702476;15239.745175702476;185;15239.745175702476;3267.5993;219.50775249314574;Evaluated;23.5327;2.2256;64;True;2;duplicate_for_same_parent_sequence
30;1;30;2;normal;2;87fd3f410651;swap;17;30;;;;;;;;;;;;True;False;False;True;;ok;16965.09345776714;15239.745175702476;15239.745175702476;15239.745175702476;186;15239.745175702476;3289.191;1725.348282064664;Evaluated;19.1347;2.4562;64;True;2;duplicate_for_same_parent_sequence
30;1;30;3;normal;2;87fd3f410651;reinsert_block;;;;;;;34;38;25;;;;;True;False;False;True;;ok;16048.45972136657;15239.745175702476;15239.745175702476;15239.745175702476;187;15239.745175702476;3303.5086;808.7145456640937;Evaluated;12.0798;2.2351;64;True;1;
30;1;30;4;normal;2;87fd3f410651;move;;;48;62;;;;;;;;;;True;False;False;True;;ok;15462.030778739867;15239.745175702476;15239.745175702476;15239.745175702476;188;15239.745175702476;3320.0765;222.2856030373914;Evaluated;14.2981;2.2671;64;True;2;duplicate_for_same_parent_sequence
30;1;30;5;normal;2;87fd3f410651;move;;;28;10;;;;;;;;;;True;False;False;True;;ok;17330.662296934395;15239.745175702476;15239.745175702476;15239.745175702476;189;15239.745175702476;3335.2984;2090.9171212319197;Evaluated;12.7509;2.4676;64;True;1;
30;1;30;;normal;3;;;;;;;;;;;;;;;;;;;;;End-of-iteration summary row;;;15239.745175702476;15239.745175702476;189;15239.745175702476;3335.3017;;IterationSummary;;;;;;
31;1;31;1;diversification;3;87fd3f410651;move;;;10;25;;;;;;;;;;True;False;False;True;;ok;16789.5704965387;15239.745175702476;15239.745175702476;15239.745175702476;190;15239.745175702476;3356.9849;1549.8253208362257;Evaluated;19.2121;2.4568;64;True;1;
31;1;31;2;diversification;3;87fd3f410651;reinsert_block;;;;;;;20;25;16;;;;;True;False;False;False;;ok;18329.687643093737;15239.745175702476;15239.745175702476;15239.745175702476;191;15239.745175702476;3375.8194;3089.9424673912617;Evaluated;16.1974;2.6341;64;True;1;
31;1;31;3;diversification;3;87fd3f410651;swap;35;42;;;;;;;;;;;;True;False;False;False;;ok;15744.349307468281;15239.745175702476;15239.745175702476;15239.745175702476;192;15239.745175702476;3393.9598;504.6041317658055;Evaluated;15.9041;2.2336;64;True;1;
31;1;31;4;diversification;3;87fd3f410651;move;;;48;50;;;;;;;;;;True;False;False;False;;ok;15239.76207439587;15239.745175702476;15239.745175702476;15239.745175702476;193;15239.745175702476;3413.513;0.01689869339497818;Evaluated;17.2894;2.2609;64;True;3;duplicate_for_same_parent_sequence
31;1;31;5;diversification;3;87fd3f410651;move;;;20;5;;;;;;;;;;True;False;False;True;;ok;16940.41921482012;15239.745175702476;15239.745175702476;15239.745175702476;194;15239.745175702476;3429.9439;1700.6740391176427;Evaluated;13.997;2.4306;64;True;1;
31;1;31;6;diversification;3;87fd3f410651;move;;;25;30;;;;;;;;;;True;False;False;False;;ok;15242.04420805992;15239.745175702476;15239.745175702476;15239.745175702476;195;15239.745175702476;3444.4495;2.2990323574449576;Evaluated;12.252;2.2507;64;True;1;
31;1;31;7;diversification;3;87fd3f410651;move;;;20;35;;;;;;;;;;True;False;False;True;;ok;16663.535491362796;15239.745175702476;15239.745175702476;15239.745175702476;196;15239.745175702476;3459.668;1423.7903156603206;Evaluated;12.7866;2.4312;64;True;1;
31;1;31;8;diversification;3;87fd3f410651;move;;;20;15;;;;;;;;;;True;False;False;False;;ok;17798.551756166515;15239.745175702476;15239.745175702476;15239.745175702476;197;15239.745175702476;3475.1752;2558.806580464039;Evaluated;13.0475;2.4575;64;True;1;
31;1;31;9;diversification;3;87fd3f410651;move;;;30;20;;;;;;;;;;True;False;False;True;;ok;17125.565378282274;15239.745175702476;15239.745175702476;15239.745175702476;198;15239.745175702476;3496.6946;1885.8202025797982;Evaluated;19.057;2.459;64;True;3;duplicate_for_same_parent_sequence
31;1;31;10;diversification;3;87fd3f410651;move;;;45;30;;;;;;;;;;True;False;False;True;;ok;16383.766501346427;15239.745175702476;15239.745175702476;15239.745175702476;199;15239.745175702476;3512.4625;1144.021325643951;Evaluated;13.3288;2.4365;64;True;1;
31;1;31;;diversification;4;;;;;;;;;;;;;;;;;;;;;End-of-iteration summary row;;;15239.745175702476;15239.745175702476;199;15239.745175702476;3512.4658;;IterationSummary;;;;;;
32;1;32;1;diversification;4;87fd3f410651;move;;;7;10;;;;;;;;;;True;False;False;False;;ok;15215.779281409148;15239.745175702476;15239.745175702476;15239.745175702476;200;15239.745175702476;3528.0017;-23.965894293327437;EvaluatedImprovementDespiteDiversificationMismatch;13.2652;2.2558;64;True;1;
32;1;32;2;diversification;4;87fd3f410651;reinsert_block;;;;;;;18;24;35;;;;;True;False;False;True;;ok;16031.64342938221;15239.745175702476;15239.745175702476;15239.745175702476;201;15239.745175702476;3543.6713;791.8982536797339;Evaluated;13.3985;2.2682;64;True;1;
32;1;32;3;diversification;4;87fd3f410651;swap;38;45;;;;;;;;;;;;True;False;False;False;;ok;15561.011068188904;15239.745175702476;15239.745175702476;15239.745175702476;202;15239.745175702476;3562.4187;321.26589248642813;Evaluated;16.5111;2.2354;64;True;2;duplicate_for_same_parent_sequence
32;1;32;4;diversification;4;87fd3f410651;move;;;50;28;;;;;;;;;;True;False;False;True;;ok;15341.094564452747;15239.745175702476;15239.745175702476;15239.745175702476;203;15239.745175702476;3577.8547;101.34938875027183;Evaluated;13.1802;2.252;64;True;1;
32;1;32;5;diversification;4;87fd3f410651;move;;;30;10;;;;;;;;;;True;False;False;True;;ok;16565.801467306374;15239.745175702476;15239.745175702476;15239.745175702476;204;15239.745175702476;3593.9831;1326.056291603898;Evaluated;13.6593;2.4663;64;True;2;duplicate_for_same_parent_sequence
32;1;32;6;diversification;4;87fd3f410651;move;;;40;30;;;;;;;;;;True;False;False;True;;ok;16062.070713349363;15239.745175702476;15239.745175702476;15239.745175702476;205;15239.745175702476;3613.8748;822.3255376468878;Evaluated;17.6565;2.2318;64;True;2;duplicate_for_same_parent_sequence
32;1;32;7;diversification;4;87fd3f410651;move;;;25;10;;;;;;;;;;True;False;False;True;;ok;16645.482276675622;15239.745175702476;15239.745175702476;15239.745175702476;206;15239.745175702476;3630.0039;1405.7371009731469;Evaluated;13.6953;2.4312;64;True;1;
32;1;32;8;diversification;4;87fd3f410651;move;;;18;4;;;;;;;;;;True;False;False;True;;ok;16977.293234046745;15239.745175702476;15239.745175702476;15239.745175702476;207;15239.745175702476;3650.0166;1737.5480583442695;Evaluated;17.5478;2.4617;64;True;2;duplicate_for_same_parent_sequence
32;1;32;9;diversification;4;87fd3f410651;move;;;30;5;;;;;;;;;;True;False;False;True;;ok;17595.443384673454;15239.745175702476;15239.745175702476;15239.745175702476;208;15239.745175702476;3670.8465;2355.698208970978;Evaluated;18.3666;2.4597;64;True;2;duplicate_for_same_parent_sequence
32;1;32;10;diversification;4;87fd3f410651;move;;;31;20;;;;;;;;;;True;False;False;True;;ok;16827.811418928708;15239.745175702476;15239.745175702476;15239.745175702476;209;15239.745175702476;3690.0226;1588.0662432262325;Evaluated;16.7443;2.4288;64;True;2;duplicate_for_same_parent_sequence
32;1;32;;diversification;0;;;;;;;;;;;;;;;;;;;;;End-of-iteration summary row;;;15215.779281409148;15215.779281409148;209;15215.779281409148;3690.0298;;IterationSummary;;;;;;
33;1;33;1;normal;0;2c8a01e6e6bf;move;;;7;10;;;;;;;;;;True;False;False;False;;ok;15277.61183286318;15215.779281409148;15215.779281409148;15215.779281409148;210;15215.779281409148;3706.1941;61.832551454032;Evaluated;13.8938;2.2628;64;True;1;
33;1;33;2;normal;0;2c8a01e6e6bf;swap;18;25;;;;;;;;;;;;True;False;False;False;;ok;16581.57406648436;15215.779281409148;15215.779281409148;15215.779281409148;211;15215.779281409148;3719.1069;1365.7947850752134;Evaluated;10.4594;2.4526;64;True;1;
33;1;33;3;normal;0;2c8a01e6e6bf;reinsert_block;;;;;;;35;40;28;;;;;True;False;False;False;;ok;16096.024730084153;15215.779281409148;15215.779281409148;15215.779281409148;212;15215.779281409148;3735.58;880.2454486750048;Evaluated;14.0388;2.4311;64;True;1;
33;1;33;4;normal;0;2c8a01e6e6bf;move;;;50;30;;;;;;;;;;True;False;False;True;;ok;15348.304746835354;15215.779281409148;15215.779281409148;15215.779281409148;213;15215.779281409148;3751.545;132.5254654262062;Evaluated;13.7312;2.2303;64;True;1;
33;1;33;5;normal;0;2c8a01e6e6bf;move;;;28;15;;;;;;;;;;True;False;False;True;;ok;17206.90592682055;15215.779281409148;15215.779281409148;15215.779281409148;214;15215.779281409148;3767.589;1991.1266454114011;Evaluated;13.572;2.471;64;True;1;
33;1;33;;normal;1;;;;;;;;;;;;;;;;;;;;;End-of-iteration summary row;;;15215.779281409148;15215.779281409148;214;15215.779281409148;3767.5896;;IterationSummary;;;;;;
34;1;34;1;normal;1;2c8a01e6e6bf;move;;;5;2;;;;;;;;;;True;False;False;False;;ok;16805.279230699052;15215.779281409148;15215.779281409148;15215.779281409148;215;15215.779281409148;3791.2113;1589.4999492899042;Evaluated;21.1512;2.4639;64;True;2;duplicate_for_same_parent_sequence
34;1;34;2;normal;1;2c8a01e6e6bf;swap;18;20;;;;;;;;;;;;True;False;False;False;;ok;17177.849665477497;15215.779281409148;15215.779281409148;15215.779281409148;216;15215.779281409148;3810.5135;1962.070384068349;Evaluated;16.8665;2.4328;64;True;1;
34;1;34;3;normal;1;2c8a01e6e6bf;move;;;40;30;;;;;;;;;;True;False;False;True;;ok;16204.08733141118;15215.779281409148;15215.779281409148;15215.779281409148;217;15215.779281409148;3831.3944;988.3080500020315;Evaluated;18.4123;2.4659;64;True;2;duplicate_for_same_parent_sequence
34;1;34;4;normal;1;2c8a01e6e6bf;move;;;50;37;;;;;;;;;;True;False;False;True;;ok;15300.534237921642;15215.779281409148;15215.779281409148;15215.779281409148;218;15215.779281409148;3850.4004;84.75495651249366;Evaluated;16.7666;2.2358;64;True;1;
34;1;34;5;normal;1;2c8a01e6e6bf;move;;;25;10;;;;;;;;;;True;False;False;True;;ok;16897.504895038364;15215.779281409148;15215.779281409148;15215.779281409148;219;15215.779281409148;3869.6336;1681.7256136292162;Evaluated;16.7982;2.4319;64;True;1;
34;1;34;;normal;2;;;;;;;;;;;;;;;;;;;;;End-of-iteration summary row;;;15215.779281409148;15215.779281409148;219;15215.779281409148;3869.637;;IterationSummary;;;;;;
35;1;35;1;normal;2;2c8a01e6e6bf;move;;;10;5;;;;;;;;;;True;False;False;False;;ok;15244.97615138165;15215.779281409148;15215.779281409148;15215.779281409148;220;15215.779281409148;3896.2002;29.1968699725021;Evaluated;24.2852;2.2634;64;True;3;duplicate_for_same_parent_sequence
35;1;35;2;normal;2;2c8a01e6e6bf;move;;;35;20;;;;;;;;;;True;False;False;True;;ok;16300.249511729158;15215.779281409148;15215.779281409148;15215.779281409148;221;15215.779281409148;3919.0966;1084.4702303200102;Evaluated;20.4596;2.4338;64;True;2;duplicate_for_same_parent_sequence
35;1;35;3;normal;2;2c8a01e6e6bf;move;;;15;7;;;;;;;;;;True;False;False;False;;ok;16702.447558059284;15215.779281409148;15215.779281409148;15215.779281409148;222;15215.779281409148;3942.2468;1486.6682766501362;Evaluated;20.6894;2.4602;64;True;2;duplicate_for_same_parent_sequence
35;1;35;4;normal;2;2c8a01e6e6bf;move;;;49;38;;;;;;;;;;True;False;False;True;;ok;16040.462726790547;15215.779281409148;15215.779281409148;15215.779281409148;223;15215.779281409148;3958.6225;824.683445381399;Evaluated;14.1171;2.2559;64;True;2;duplicate_for_same_parent_sequence
35;1;35;5;normal;2;2c8a01e6e6bf;move;;;40;35;;;;;;;;;;True;False;False;False;;ok;15217.590358109108;15215.779281409148;15215.779281409148;15215.779281409148;224;15215.779281409148;3976.0768;1.8110766999598127;Evaluated;15.22;2.2318;64;True;1;
35;1;35;;normal;3;;;;;;;;;;;;;;;;;;;;;End-of-iteration summary row;;;15215.779281409148;15215.779281409148;224;15215.779281409148;3976.0775;;IterationSummary;;;;;;
36;1;36;1;diversification;3;2c8a01e6e6bf;move;;;10;25;;;;;;;;;;True;False;False;True;;ok;15459.252928195621;15215.779281409148;15215.779281409148;15215.779281409148;225;15215.779281409148;3996.8438;243.47364678647318;Evaluated;18.527;2.2318;64;True;1;
36;1;36;2;diversification;3;2c8a01e6e6bf;reinsert_block;;;;;;;25;30;15;;;;;True;False;False;True;;ok;15466.898785082174;15215.779281409148;15215.779281409148;15215.779281409148;226;15215.779281409148;4012.1653;251.11950367302597;Evaluated;13.066;2.2536;64;True;1;
36;1;36;3;diversification;3;2c8a01e6e6bf;swap;40;32;;;;;;;;;;;;True;False;False;False;;ok;15429.955250653133;15215.779281409148;15215.779281409148;15215.779281409148;227;15215.779281409148;4030.1089;214.17596924398458;Evaluated;15.7073;2.2337;64;True;1;
36;1;36;4;diversification;3;2c8a01e6e6bf;move;;;48;25;;;;;;;;;;True;False;False;True;;ok;17168.2684959451;15215.779281409148;15215.779281409148;15215.779281409148;228;15215.779281409148;4051.9342;1952.4892145359518;Evaluated;19.3841;2.438;64;True;2;duplicate_for_same_parent_sequence
36;1;36;5;diversification;3;2c8a01e6e6bf;move;;;8;2;;;;;;;;;;True;False;False;False;;ok;17724.510874585252;15215.779281409148;15215.779281409148;15215.779281409148;229;15215.779281409148;4073.7493;2508.731593176104;Evaluated;19.3519;2.4604;64;True;2;duplicate_for_same_parent_sequence
36;1;36;6;diversification;3;2c8a01e6e6bf;move;;;25;15;;;;;;;;;;True;False;False;True;;ok;16244.234283434473;15215.779281409148;15215.779281409148;15215.779281409148;230;15215.779281409148;4095.6084;1028.4550020253246;Evaluated;19.4202;2.4362;64;True;2;duplicate_for_same_parent_sequence
36;1;36;7;diversification;3;2c8a01e6e6bf;move;;;45;10;;;;;;;;;;True;False;False;True;;ok;15567.114736629059;15215.779281409148;15215.779281409148;15215.779281409148;231;15215.779281409148;4113.2876;351.3354552199107;Evaluated;15.4443;2.2324;64;True;1;
36;1;36;8;diversification;3;2c8a01e6e6bf;move;;;8;20;;;;;;;;;;True;False;False;True;;ok;17181.334079031556;15215.779281409148;15215.779281409148;15215.779281409148;232;15215.779281409148;4130.5321;1965.554797622408;Evaluated;14.7681;2.4735;64;True;2;duplicate_for_same_parent_sequence
36;1;36;9;diversification;3;2c8a01e6e6bf;move;;;30;40;;;;;;;;;;True;False;False;True;;ok;15997.894605510866;15215.779281409148;15215.779281409148;15215.779281409148;233;15215.779281409148;4149.2527;782.1153241017182;Evaluated;16.45;2.267;64;True;2;duplicate_for_same_parent_sequence
36;1;36;10;diversification;3;2c8a01e6e6bf;move;;;48;30;;;;;;;;;;True;False;False;True;;ok;15565.746074294664;15215.779281409148;15215.779281409148;15215.779281409148;234;15215.779281409148;4167.3235;349.96679288551604;Evaluated;15.8365;2.2314;64;True;1;
36;1;36;;diversification;4;;;;;;;;;;;;;;;;;;;;;End-of-iteration summary row;;;15215.779281409148;15215.779281409148;234;15215.779281409148;4167.3264;;IterationSummary;;;;;;
37;1;37;1;diversification;4;2c8a01e6e6bf;move;;;5;20;;;;;;;;;;True;False;False;True;;ok;17596.551294325975;15215.779281409148;15215.779281409148;15215.779281409148;235;15215.779281409148;4192.0637;2380.7720129168265;Evaluated;22.2703;2.4569;64;True;2;duplicate_for_same_parent_sequence
37;1;37;2;diversification;4;2c8a01e6e6bf;reinsert_block;;;;;;;18;23;5;;;;;True;False;False;True;;ok;17870.800752392093;15215.779281409148;15215.779281409148;15215.779281409148;236;15215.779281409148;4210.491;2655.021470982945;Evaluated;15.9955;2.4311;64;True;1;
37;1;37;3;diversification;4;2c8a01e6e6bf;swap;35;40;;;;;;;;;;;;True;False;False;False;;ok;15877.140100593087;15215.779281409148;15215.779281409148;15215.779281409148;237;15215.779281409148;4228.4092;661.3608191839394;Evaluated;15.6819;2.2357;64;True;1;
37;1;37;4;diversification;4;2c8a01e6e6bf;move;;;60;48;;;;;;;;;;True;False;False;True;;ok;15176.668794427864;15215.779281409148;15215.779281409148;15215.779281409148;238;15215.779281409148;4248.1682;-39.11048698128434;Evaluated;17.4946;2.2618;64;True;2;duplicate_for_same_parent_sequence
37;1;37;5;diversification;4;2c8a01e6e6bf;move;;;7;15;;;;;;;;;;True;False;False;False;;ok;16914.764170514674;15215.779281409148;15215.779281409148;15215.779281409148;239;15215.779281409148;4260.4988;1698.9848891055262;Evaluated;9.8762;2.452;64;True;1;
37;1;37;6;diversification;4;2c8a01e6e6bf;move;;;15;30;;;;;;;;;;True;False;False;True;;ok;17264.78897197046;15215.779281409148;15215.779281409148;15215.779281409148;240;15215.779281409148;4274.9669;2049.0096905613136;Evaluated;12.0258;2.4406;64;True;1;
37;1;37;7;diversification;4;2c8a01e6e6bf;move;;;20;5;;;;;;;;;;True;False;False;True;;ok;18000.65690568915;15215.779281409148;15215.779281409148;15215.779281409148;241;15215.779281409148;4289.1929;2784.8776242800013;Evaluated;11.7828;2.4404;64;True;1;
37;1;37;8;diversification;4;2c8a01e6e6bf;move;;;15;8;;;;;;;;;;True;False;False;False;;ok;16702.447558059284;15215.779281409148;15215.779281409148;15215.779281409148;242;15215.779281409148;4302.6488;1486.6682766501362;Evaluated;10.9919;2.4614;64;True;1;
37;1;37;9;diversification;4;2c8a01e6e6bf;move;;;25;40;;;;;;;;;;True;False;False;True;;ok;15866.96098909446;15215.779281409148;15215.779281409148;15215.779281409148;243;15215.779281409148;4322.7289;651.1817076853113;Evaluated;17.8238;2.2553;64;True;2;duplicate_for_same_parent_sequence
37;1;37;10;diversification;4;2c8a01e6e6bf;move;;;35;10;;;;;;;;;;True;False;False;True;;ok;17420.855772750125;15215.779281409148;15215.779281409148;15215.779281409148;244;15215.779281409148;4349.5986;2205.0764913409766;Evaluated;24.4322;2.4344;64;True;3;duplicate_for_same_parent_sequence
37;1;37;;diversification;0;;;;;;;;;;;;;;;;;;;;;End-of-iteration summary row;;;15176.668794427864;15176.668794427864;244;15176.668794427864;4349.605;;IterationSummary;;;;;;
38;1;38;1;normal;0;dd9a3eb12cad;move;;;7;10;;;;;;;;;;True;False;False;False;;ok;15228.092827929391;15176.668794427864;15176.668794427864;15176.668794427864;245;15176.668794427864;4371.5836;51.42403350152745;Evaluated;19.7137;2.2582;64;True;1;
38;1;38;2;normal;0;dd9a3eb12cad;swap;18;25;;;;;;;;;;;;True;False;False;False;;ok;16271.061036232253;15176.668794427864;15176.668794427864;15176.668794427864;246;15176.668794427864;4388.2217;1094.3922418043894;Evaluated;14.1766;2.4584;64;True;1;
38;1;38;3;normal;0;dd9a3eb12cad;reinsert_block;;;;;;;35;40;10;;;;;True;False;False;True;;ok;15930.515222588807;15176.668794427864;15176.668794427864;15176.668794427864;247;15176.668794427864;4403.578;753.8464281609431;Evaluated;13.1213;2.2315;64;True;1;
38;1;38;4;normal;0;dd9a3eb12cad;move;;;48;50;;;;;;;;;;True;False;False;False;;ok;15188.993158994608;15176.668794427864;15176.668794427864;15176.668794427864;248;15176.668794427864;4418.6256;12.324364566744407;Evaluated;12.8163;2.2284;64;True;1;
38;1;38;5;normal;0;dd9a3eb12cad;move;;;10;25;;;;;;;;;;True;False;False;True;;ok;15412.981068482586;15176.668794427864;15176.668794427864;15176.668794427864;249;15176.668794427864;4431.1147;236.31227405472237;Evaluated;10.2298;2.2564;64;True;1;
38;1;38;;normal;1;;;;;;;;;;;;;;;;;;;;;End-of-iteration summary row;;;15176.668794427864;15176.668794427864;249;15176.668794427864;4431.1168;;IterationSummary;;;;;;
39;1;39;1;normal;1;dd9a3eb12cad;move;;;7;15;;;;;;;;;;True;False;False;False;;ok;16604.17253148749;15176.668794427864;15176.668794427864;15176.668794427864;250;15176.668794427864;4447.54;1427.5037370596256;Evaluated;13.9809;2.4308;64;True;1;
39;1;39;2;normal;1;dd9a3eb12cad;swap;20;25;;;;;;;;;;;;True;False;False;False;;ok;15874.72326288308;15176.668794427864;15176.668794427864;15176.668794427864;251;15176.668794427864;4461.8155;698.0544684552169;Evaluated;12.0408;2.2322;64;True;1;
39;1;39;3;normal;1;dd9a3eb12cad;reinsert_block;;;;;;;35;40;28;;;;;True;False;False;False;;ok;15781.42325857685;15176.668794427864;15176.668794427864;15176.668794427864;252;15176.668794427864;4476.2639;604.7544641489858;Evaluated;12.2132;2.2322;64;True;1;
39;1;39;4;normal;1;dd9a3eb12cad;move;;;50;30;;;;;;;;;;True;False;False;True;;ok;15910.85854193584;15176.668794427864;15176.668794427864;15176.668794427864;253;15176.668794427864;4487.7191;734.1897475079768;Evaluated;9.2001;2.2525;64;True;1;
39;1;39;5;normal;1;dd9a3eb12cad;move;;;20;5;;;;;;;;;;True;False;False;True;;ok;17690.065266661964;15176.668794427864;15176.668794427864;15176.668794427864;254;15176.668794427864;4503.5258;2513.3964722341007;Evaluated;13.352;2.4521;64;True;1;
39;1;39;;normal;2;;;;;;;;;;;;;;;;;;;;;End-of-iteration summary row;;;15176.668794427864;15176.668794427864;254;15176.668794427864;4503.5288;;IterationSummary;;;;;;
40;1;40;1;normal;2;dd9a3eb12cad;move;;;3;8;;;;;;;;;;True;False;False;False;;ok;16561.896924800305;15176.668794427864;15176.668794427864;15176.668794427864;255;15176.668794427864;4529.6764;1385.2281303724412;Evaluated;23.7018;2.4366;64;True;2;duplicate_for_same_parent_sequence
40;1;40;2;normal;2;dd9a3eb12cad;move;;;20;18;;;;;;;;;;True;False;False;False;;ok;16961.008848131747;15176.668794427864;15176.668794427864;15176.668794427864;256;15176.668794427864;4552.2653;1784.3400537038833;Evaluated;20.1214;2.4664;64;True;2;duplicate_for_same_parent_sequence
40;1;40;3;normal;2;dd9a3eb12cad;move;;;37;15;;;;;;;;;;True;False;False;True;;ok;17176.328676331803;15176.668794427864;15176.668794427864;15176.668794427864;257;15176.668794427864;4575.5121;1999.659881903939;Evaluated;20.8084;2.4354;64;True;2;duplicate_for_same_parent_sequence
40;1;40;4;normal;2;dd9a3eb12cad;move;;;50;48;;;;;;;;;;True;False;False;False;;ok;15189.351725665207;15176.668794427864;15176.668794427864;15176.668794427864;258;15176.668794427864;4594.6152;12.682931237342927;Evaluated;16.8697;2.2306;64;True;1;
40;1;40;5;normal;2;dd9a3eb12cad;move;;;7;25;;;;;;;;;;True;False;False;True;;ok;15879.950871130382;15176.668794427864;15176.668794427864;15176.668794427864;259;15176.668794427864;4607.6417;703.2820767025187;Evaluated;10.7531;2.2707;64;True;1;
40;1;40;;normal;3;;;;;;;;;;;;;;;;;;;;;End-of-iteration summary row;;;15176.668794427864;15176.668794427864;259;15176.668794427864;4607.6449;;IterationSummary;;;;;;
41;1;41;1;diversification;3;dd9a3eb12cad;move;;;10;5;;;;;;;;;;True;False;False;False;;ok;15192.222118264315;15176.668794427864;15176.668794427864;15176.668794427864;260;15176.668794427864;4626.8606;15.553323836451455;Evaluated;16.9363;2.2693;64;True;1;
41;1;41;2;diversification;3;dd9a3eb12cad;reinsert_block;;;;;;;18;23;5;;;;;True;False;False;True;;ok;17559.33107930299;15176.668794427864;15176.668794427864;15176.668794427864;261;15176.668794427864;4646.7322;2382.662284875125;Evaluated;17.4371;2.4314;64;True;1;
41;1;41;3;diversification;3;dd9a3eb12cad;swap;35;42;;;;;;;;;;;;True;False;False;False;;ok;15181.437172460985;15176.668794427864;15176.668794427864;15176.668794427864;262;15176.668794427864;4666.0546;4.768378033120825;Evaluated;17.0685;2.2508;64;True;1;
41;1;41;4;diversification;3;dd9a3eb12cad;move;;;50;37;;;;;;;;;;True;False;False;True;;ok;15450.941888600903;15176.668794427864;15176.668794427864;15176.668794427864;263;15176.668794427864;4682.2754;274.27309417303877;Evaluated;13.9609;2.2569;64;True;1;
41;1;41;5;diversification;3;dd9a3eb12cad;move;;;30;20;;;;;;;;;;True;False;False;True;;ok;17504.718086948298;15176.668794427864;15176.668794427864;15176.668794427864;264;15176.668794427864;4705.7024;2328.0492925204344;Evaluated;20.991;2.4331;64;True;2;duplicate_for_same_parent_sequence
41;1;41;6;diversification;3;dd9a3eb12cad;move;;;40;35;;;;;;;;;;True;False;False;False;;ok;15174.370699047768;15176.668794427864;15176.668794427864;15176.668794427864;265;15176.668794427864;4724.1721;-2.298095380096129;EvaluatedImprovementDespiteDiversificationMismatch;16.2132;2.2538;64;True;1;
41;1;41;7;diversification;3;dd9a3eb12cad;move;;;23;10;;;;;;;;;;True;False;False;True;;ok;16596.90017059964;15176.668794427864;15176.668794427864;15176.668794427864;266;15176.668794427864;4740.288;1420.2313761717778;Evaluated;13.6545;2.4583;64;True;1;
41;1;41;8;diversification;3;dd9a3eb12cad;move;;;30;10;;;;;;;;;;True;False;False;True;;ok;16146.082080138158;15176.668794427864;15176.668794427864;15176.668794427864;267;15176.668794427864;4763.4322;969.4132857102941;Evaluated;20.7041;2.4374;64;True;2;duplicate_for_same_parent_sequence
41;1;41;9;diversification;3;dd9a3eb12cad;move;;;25;10;;;;;;;;;;True;False;False;True;;ok;16587.886700781557;15176.668794427864;15176.668794427864;15176.668794427864;268;15176.668794427864;4782.9919;1411.2179063536933;Evaluated;17.0963;2.4608;64;True;1;
41;1;41;10;diversification;3;dd9a3eb12cad;move;;;52;40;;;;;;;;;;True;False;False;True;;ok;15231.615841131486;15176.668794427864;15176.668794427864;15176.668794427864;269;15176.668794427864;4798.692;54.94704670362262;Evaluated;13.4235;2.2741;64;True;1;
41;1;41;;diversification;0;;;;;;;;;;;;;;;;;;;;;End-of-iteration summary row;;;15174.370699047768;15174.370699047768;269;15174.370699047768;4798.7117;;IterationSummary;;;;;;
42;1;42;1;normal;0;c68b3c1e56c9;move;;;7;12;;;;;;;;;;True;False;False;False;;ok;16349.409728337969;15174.370699047768;15174.370699047768;15174.370699047768;270;15174.370699047768;4821.6882;1175.0390292902011;Evaluated;20.5398;2.4307;64;True;1;
42;1;42;2;normal;0;c68b3c1e56c9;swap;18;20;;;;;;;;;;;;True;False;False;False;;ok;16418.68567889741;15174.370699047768;15174.370699047768;15174.370699047768;271;15174.370699047768;4840.979;1244.3149798496434;Evaluated;16.8382;2.4495;64;True;1;
42;1;42;3;normal;0;c68b3c1e56c9;reinsert_block;;;;;;;35;40;28;;;;;True;False;False;False;;ok;15590.738697664487;15174.370699047768;15174.370699047768;15174.370699047768;272;15174.370699047768;4854.9808;416.367998616719;Evaluated;11.7291;2.2697;64;True;1;
42;1;42;4;normal;0;c68b3c1e56c9;move;;;52;48;;;;;;;;;;True;False;False;False;;ok;15284.845657209638;15174.370699047768;15174.370699047768;15174.370699047768;273;15174.370699047768;4870.9786;110.47495816187075;Evaluated;13.7604;2.234;64;True;1;
42;1;42;5;normal;0;c68b3c1e56c9;move;;;20;15;;;;;;;;;;True;False;False;False;;ok;16643.094895434922;15174.370699047768;15174.370699047768;15174.370699047768;274;15174.370699047768;4886.9964;1468.7241963871547;Evaluated;13.5872;2.4275;64;True;1;
42;1;42;;normal;1;;;;;;;;;;;;;;;;;;;;;End-of-iteration summary row;;;15174.370699047768;15174.370699047768;274;15174.370699047768;4886.9997;;IterationSummary;;;;;;
43;1;43;1;normal;1;c68b3c1e56c9;move;;;10;5;;;;;;;;;;True;False;False;False;;ok;15193.965637974652;15174.370699047768;15174.370699047768;15174.370699047768;275;15174.370699047768;4905.0866;19.594938926884424;Evaluated;15.8173;2.2603;64;True;1;
43;1;43;2;normal;1;c68b3c1e56c9;swap;20;25;;;;;;;;;;;;True;False;False;False;;ok;15873.11228595488;15174.370699047768;15174.370699047768;15174.370699047768;276;15174.370699047768;4921.1628;698.7415869071119;Evaluated;13.82;2.2532;64;True;1;
43;1;43;3;normal;1;c68b3c1e56c9;move;;;25;15;;;;;;;;;;True;False;False;True;;ok;15933.721253182366;15174.370699047768;15174.370699047768;15174.370699047768;277;15174.370699047768;4940.1712;759.3505541345985;Evaluated;16.7719;2.2329;64;True;2;duplicate_for_same_parent_sequence
43;1;43;4;normal;1;c68b3c1e56c9;move;;;50;37;;;;;;;;;;True;False;False;True;;ok;16088.20291109092;15174.370699047768;15174.370699047768;15174.370699047768;278;15174.370699047768;4955.4539;913.832212043153;Evaluated;12.8515;2.4303;64;True;1;
43;1;43;5;normal;1;c68b3c1e56c9;move;;;14;20;;;;;;;;;;True;False;False;False;;ok;16315.138985532967;15174.370699047768;15174.370699047768;15174.370699047768;279;15174.370699047768;4972.005;1140.7682864851995;Evaluated;14.0821;2.4658;64;True;2;duplicate_for_same_parent_sequence
43;1;43;;normal;2;;;;;;;;;;;;;;;;;;;;;End-of-iteration summary row;;;15174.370699047768;15174.370699047768;279;15174.370699047768;4972.0084;;IterationSummary;;;;;;
44;1;44;1;normal;2;c68b3c1e56c9;move;;;8;3;;;;;;;;;;True;False;False;False;;ok;16959.99505293698;15174.370699047768;15174.370699047768;15174.370699047768;280;15174.370699047768;4993.2268;1785.624353889214;Evaluated;18.7743;2.4357;64;True;2;duplicate_for_same_parent_sequence
44;1;44;2;normal;2;c68b3c1e56c9;swap;17;20;;;;;;;;;;;;True;False;False;False;;ok;16998.55204275623;15174.370699047768;15174.370699047768;15174.370699047768;281;15174.370699047768;5008.7438;1824.181343708462;Evaluated;13.0813;2.4338;64;True;1;
44;1;44;3;normal;2;c68b3c1e56c9;move;;;14;7;;;;;;;;;;True;False;False;False;;ok;15191.39947227172;15174.370699047768;15174.370699047768;15174.370699047768;282;15174.370699047768;5027.7295;17.028773223952157;Evaluated;16.7331;2.2498;64;True;2;duplicate_for_same_parent_sequence
44;1;44;4;normal;2;c68b3c1e56c9;move;;;50;48;;;;;;;;;;True;False;False;False;;ok;15184.906443486238;15174.370699047768;15174.370699047768;15174.370699047768;283;15174.370699047768;5044.859;10.53574443846992;Evaluated;14.8674;2.2613;64;True;1;
44;1;44;5;normal;2;c68b3c1e56c9;move;;;14;30;;;;;;;;;;True;False;False;True;;ok;15888.842392412476;15174.370699047768;15174.370699047768;15174.370699047768;284;15174.370699047768;5063.741;714.4716933647087;Evaluated;16.6489;2.2299;64;True;1;
44;1;44;;normal;3;;;;;;;;;;;;;;;;;;;;;End-of-iteration summary row;;;15174.370699047768;15174.370699047768;284;15174.370699047768;5063.7437;;IterationSummary;;;;;;
45;1;45;1;diversification;3;c68b3c1e56c9;move;;;10;25;;;;;;;;;;True;False;False;True;;ok;15413.462034494485;15174.370699047768;15174.370699047768;15174.370699047768;285;15174.370699047768;5085.5708;239.0913354467175;Evaluated;19.5568;2.2583;64;True;1;
45;1;45;2;diversification;3;c68b3c1e56c9;reinsert_block;;;;;;;25;30;16;;;;;True;False;False;True;;ok;15530.045192599651;15174.370699047768;15174.370699047768;15174.370699047768;286;15174.370699047768;5103.0635;355.67449355188364;Evaluated;15.2366;2.2529;64;True;1;
45;1;45;3;diversification;3;c68b3c1e56c9;swap;35;40;;;;;;;;;;;;True;False;False;False;;ok;15283.431355462357;15174.370699047768;15174.370699047768;15174.370699047768;287;15174.370699047768;5122.681;109.06065641458918;Evaluated;17.3836;2.2304;64;True;1;
45;1;45;4;diversification;3;c68b3c1e56c9;move;;;48;52;;;;;;;;;;True;False;False;False;;ok;15267.830912546728;15174.370699047768;15174.370699047768;15174.370699047768;288;15174.370699047768;5141.6678;93.46021349896;Evaluated;16.7327;2.2514;64;True;1;
45;1;45;5;diversification;3;c68b3c1e56c9;move;;;25;10;;;;;;;;;;True;False;False;True;;ok;16135.792997933722;15174.370699047768;15174.370699047768;15174.370699047768;289;15174.370699047768;5156.5208;961.4222988859547;Evaluated;12.3788;2.4736;64;True;1;
45;1;45;6;diversification;3;c68b3c1e56c9;move;;;40;52;;;;;;;;;;True;False;False;True;;ok;15527.039707145486;15174.370699047768;15174.370699047768;15174.370699047768;290;15174.370699047768;5172.7465;352.6690080977187;Evaluated;13.9574;2.2653;64;True;1;
45;1;45;7;diversification;3;c68b3c1e56c9;move;;;37;48;;;;;;;;;;True;False;False;True;;ok;15731.622933404675;15174.370699047768;15174.370699047768;15174.370699047768;291;15174.370699047768;5195.4547;557.2522343569071;Evaluated;20.4778;2.2278;64;True;2;duplicate_for_same_parent_sequence
45;1;45;8;diversification;3;c68b3c1e56c9;move;;;8;15;;;;;;;;;;True;False;False;False;;ok;16149.053576816576;15174.370699047768;15174.370699047768;15174.370699047768;292;15174.370699047768;5210.9318;974.6828777688079;Evaluated;12.9919;2.4808;64;True;1;
45;1;45;9;diversification;3;c68b3c1e56c9;move;;;25;30;;;;;;;;;;True;False;False;False;;ok;15173.25920590175;15174.370699047768;15174.370699047768;15174.370699047768;293;15174.370699047768;5230.309;-1.1114931460178923;EvaluatedImprovementDespiteDiversificationMismatch;17.1378;2.2365;64;True;1;
45;1;45;10;diversification;3;c68b3c1e56c9;move;;;37;10;;;;;;;;;;True;False;False;True;;ok;16363.769709202596;15174.370699047768;15174.370699047768;15174.370699047768;294;15174.370699047768;5253.6085;1189.399010154828;Evaluated;20.8661;2.4307;64;True;2;duplicate_for_same_parent_sequence
45;1;45;;diversification;0;;;;;;;;;;;;;;;;;;;;;End-of-iteration summary row;;;15173.25920590175;15173.25920590175;294;15173.25920590175;5253.6183;;IterationSummary;;;;;;
46;1;46;1;normal;0;755dbf65d438;move;;;7;10;;;;;;;;;;True;False;False;False;;ok;15234.980774215474;15173.25920590175;15173.25920590175;15173.25920590175;295;15173.25920590175;5268.6727;61.721568313723765;Evaluated;12.7702;2.2774;64;True;1;
46;1;46;2;normal;0;755dbf65d438;swap;20;25;;;;;;;;;;;;True;False;False;False;;ok;15275.557129721175;15173.25920590175;15173.25920590175;15173.25920590175;296;15173.25920590175;5282.7409;102.2979238194257;Evaluated;11.8357;2.2315;64;True;1;
46;1;46;3;normal;0;755dbf65d438;reinsert_block;;;;;;;35;40;28;;;;;True;False;False;False;;ok;15797.186905559203;15173.25920590175;15173.25920590175;15173.25920590175;297;15173.25920590175;5297.0895;623.9276996574536;Evaluated;12.1118;2.2342;64;True;1;
46;1;46;4;normal;0;755dbf65d438;move;;;56;48;;;;;;;;;;True;False;False;False;;ok;15556.868026771288;15173.25920590175;15173.25920590175;15173.25920590175;298;15173.25920590175;5311.1408;383.60882086953825;Evaluated;11.8163;2.2323;64;True;1;
46;1;46;5;normal;0;755dbf65d438;move;;;30;15;;;;;;;;;;True;False;False;True;;ok;15933.721253182366;15173.25920590175;15173.25920590175;15173.25920590175;299;15173.25920590175;5325.2678;760.4620472806164;Evaluated;11.8605;2.2637;64;True;1;
46;1;46;;normal;1;;;;;;;;;;;;;;;;;;;;;End-of-iteration summary row;;;15173.25920590175;15173.25920590175;299;15173.25920590175;5325.2717;;IterationSummary;;;;;;
47;1;47;1;normal;1;755dbf65d438;move;;;5;10;;;;;;;;;;True;False;False;False;;ok;16199.9701302791;15173.25920590175;15173.25920590175;15173.25920590175;300;15173.25920590175;5345.9013;1026.7109243773502;Evaluated;18.1472;2.469;64;True;1;
47;1;47;2;normal;1;755dbf65d438;swap;18;20;;;;;;;;;;;;True;False;False;False;;ok;16292.293534610908;15173.25920590175;15173.25920590175;15173.25920590175;301;15173.25920590175;5363.8459;1119.0343287091582;Evaluated;15.5124;2.4295;64;True;1;
47;1;47;3;normal;1;755dbf65d438;move;;;17;30;;;;;;;;;;True;False;False;True;;ok;15660.867517343591;15173.25920590175;15173.25920590175;15173.25920590175;302;15173.25920590175;5384.9526;487.6083114418416;Evaluated;18.8359;2.2682;64;True;2;duplicate_for_same_parent_sequence
47;1;47;4;normal;1;755dbf65d438;move;;;50;48;;;;;;;;;;True;False;False;False;;ok;15186.697910545763;15173.25920590175;15173.25920590175;15173.25920590175;303;15173.25920590175;5399.1724;13.438704644013342;Evaluated;11.9521;2.267;64;True;1;
47;1;47;5;normal;1;755dbf65d438;move;;;28;35;;;;;;;;;;True;False;False;False;;ok;15233.132570751164;15173.25920590175;15173.25920590175;15173.25920590175;304;15173.25920590175;5415.0014;59.87336484941443;Evaluated;13.5992;2.227;64;True;1;
47;1;47;;normal;2;;;;;;;;;;;;;;;;;;;;;End-of-iteration summary row;;;15173.25920590175;15173.25920590175;304;15173.25920590175;5415.0046;;IterationSummary;;;;;;
48;1;48;1;normal;2;755dbf65d438;move;;;5;8;;;;;;;;;;True;False;False;False;;ok;16154.780192463515;15173.25920590175;15173.25920590175;15173.25920590175;305;15173.25920590175;5433.3557;981.5209865617653;Evaluated;15.9027;2.4387;64;True;1;
48;1;48;2;normal;2;755dbf65d438;move;;;17;35;;;;;;;;;;True;False;False;True;;ok;16221.479866702892;15173.25920590175;15173.25920590175;15173.25920590175;306;15173.25920590175;5450.6911;1048.220660801142;Evaluated;14.8478;2.4846;64;True;2;duplicate_for_same_parent_sequence
48;1;48;3;normal;2;755dbf65d438;move;;;17;25;;;;;;;;;;True;False;False;False;;ok;15950.581311205393;15173.25920590175;15173.25920590175;15173.25920590175;307;15173.25920590175;5471.3405;777.3221053036432;Evaluated;18.3576;2.2911;64;True;2;duplicate_for_same_parent_sequence
48;1;48;4;normal;2;755dbf65d438;move;;;30;17;;;;;;;;;;True;False;False;True;;ok;16253.901419741669;15173.25920590175;15173.25920590175;15173.25920590175;308;15173.25920590175;5494.5572;1080.6422138399193;Evaluated;20.7788;2.435;64;True;2;duplicate_for_same_parent_sequence
48;1;48;5;normal;2;755dbf65d438;move;;;25;30;;;;;;;;;;True;False;False;False;;ok;16251.096190538046;15173.25920590175;15173.25920590175;15173.25920590175;309;15173.25920590175;5510.3347;1077.8369846362966;Evaluated;13.3028;2.4716;64;True;1;
48;1;48;;normal;3;;;;;;;;;;;;;;;;;;;;;End-of-iteration summary row;;;15173.25920590175;15173.25920590175;309;15173.25920590175;5510.3404;;IterationSummary;;;;;;
49;1;49;1;diversification;3;755dbf65d438;move;;;8;30;;;;;;;;;;True;False;False;True;;ok;15543.881461446019;15173.25920590175;15173.25920590175;15173.25920590175;310;15173.25920590175;5525.2469;370.62225554426914;Evaluated;12.6248;2.2709;64;True;1;
49;1;49;2;diversification;3;755dbf65d438;reinsert_block;;;;;;;18;24;35;;;;;True;False;False;True;;ok;15955.342425503106;15173.25920590175;15173.25920590175;15173.25920590175;311;15173.25920590175;5540.9115;782.0832196013562;Evaluated;13.4311;2.2303;64;True;1;
49;1;49;3;diversification;3;755dbf65d438;swap;35;40;;;;;;;;;;;;True;False;False;False;;ok;15298.685829920076;15173.25920590175;15173.25920590175;15173.25920590175;312;15173.25920590175;5556.3928;125.42662401832604;Evaluated;13.2466;2.2313;64;True;1;
49;1;49;4;diversification;3;755dbf65d438;move;;;50;37;;;;;;;;;;True;False;False;True;;ok;16087.96020896333;15173.25920590175;15173.25920590175;15173.25920590175;313;15173.25920590175;5570.8037;914.7010030615802;Evaluated;12.1411;2.2667;64;True;1;
49;1;49;5;diversification;3;755dbf65d438;move;;;8;15;;;;;;;;;;True;False;False;False;;ok;16464.606092759575;15173.25920590175;15173.25920590175;15173.25920590175;314;15173.25920590175;5586.1258;1291.3468868578257;Evaluated;12.8462;2.4723;64;True;1;
49;1;49;6;diversification;3;755dbf65d438;move;;;40;28;;;;;;;;;;True;False;False;True;;ok;15294.887782096896;15173.25920590175;15173.25920590175;15173.25920590175;315;15173.25920590175;5605.5835;121.6285761951458;Evaluated;17.225;2.2322;64;True;1;
49;1;49;7;diversification;3;755dbf65d438;move;;;20;10;;;;;;;;;;True;False;False;True;;ok;16183.388914149355;15173.25920590175;15173.25920590175;15173.25920590175;316;15173.25920590175;5623.7033;1010.1297082476049;Evaluated;15.6585;2.4581;64;True;1;
49;1;49;8;diversification;3;755dbf65d438;move;;;20;30;;;;;;;;;;True;False;False;True;;ok;16155.523581867055;15173.25920590175;15173.25920590175;15173.25920590175;317;15173.25920590175;5642.8313;982.2643759653056;Evaluated;16.6548;2.4698;64;True;2;duplicate_for_same_parent_sequence
49;1;49;9;diversification;3;755dbf65d438;move;;;24;30;;;;;;;;;;True;False;False;False;;ok;15545.921228024543;15173.25920590175;15173.25920590175;15173.25920590175;318;15173.25920590175;5665.761;372.66202212279313;Evaluated;20.6927;2.2343;64;True;2;duplicate_for_same_parent_sequence
49;1;49;10;diversification;3;755dbf65d438;move;;;45;30;;;;;;;;;;True;False;False;True;;ok;16113.14293814028;15173.25920590175;15173.25920590175;15173.25920590175;319;15173.25920590175;5684.552;939.8837322385298;Evaluated;16.3336;2.4549;64;True;1;
49;1;49;;diversification;4;;;;;;;;;;;;;;;;;;;;;End-of-iteration summary row;;;15173.25920590175;15173.25920590175;319;15173.25920590175;5684.555;;IterationSummary;;;;;;
50;1;50;1;diversification;4;755dbf65d438;move;;;5;30;;;;;;;;;;True;False;False;True;;ok;17049.915569295663;15173.25920590175;15173.25920590175;15173.25920590175;320;15173.25920590175;5702.5587;1876.6563633939131;Evaluated;15.5042;2.4883;64;True;1;
50;1;50;2;diversification;4;755dbf65d438;move;;;6;20;;;;;;;;;;True;False;False;True;;ok;16586.664635229434;15173.25920590175;15173.25920590175;15173.25920590175;321;15173.25920590175;5721.1363;1413.405429327684;Evaluated;16.1471;2.4278;64;True;2;duplicate_for_same_parent_sequence
50;1;50;3;diversification;4;755dbf65d438;swap;32;47;;;;;;;;;;;;True;False;False;True;;ok;15897.325713441398;15173.25920590175;15173.25920590175;15173.25920590175;322;15173.25920590175;5735.6568;724.0665075396482;Evaluated;12.2872;2.2321;64;True;1;
50;1;50;4;diversification;4;755dbf65d438;move;;;52;48;;;;;;;;;;True;False;False;False;;ok;15295.287082741941;15173.25920590175;15173.25920590175;15173.25920590175;323;15173.25920590175;5748.7993;122.02787684019131;Evaluated;10.8666;2.2729;64;True;1;
50;1;50;5;diversification;4;755dbf65d438;move;;;20;3;;;;;;;;;;True;False;False;True;;ok;16676.663359563634;15173.25920590175;15173.25920590175;15173.25920590175;324;15173.25920590175;5773.8641;1503.4041536618843;Evaluated;22.5876;2.4745;64;True;3;duplicate_for_same_parent_sequence
50;1;50;6;diversification;4;755dbf65d438;move;;;15;35;;;;;;;;;;True;False;False;True;;ok;16496.239499313488;15173.25920590175;15173.25920590175;15173.25920590175;325;15173.25920590175;5794.2372;1322.9802934117379;Evaluated;17.931;2.4383;64;True;2;duplicate_for_same_parent_sequence
50;1;50;7;diversification;4;755dbf65d438;move;;;28;15;;;;;;;;;;True;False;False;True;;ok;16726.49086225697;15173.25920590175;15173.25920590175;15173.25920590175;326;15173.25920590175;5805.8201;1553.2316563552213;Evaluated;9.1122;2.4679;64;True;1;
50;1;50;8;diversification;4;755dbf65d438;move;;;18;25;;;;;;;;;;True;False;False;False;;ok;15935.70551629332;15173.25920590175;15173.25920590175;15173.25920590175;327;15173.25920590175;5822.7821;762.4463103915696;Evaluated;14.6898;2.2693;64;True;1;
50;1;50;9;diversification;4;755dbf65d438;move;;;25;10;;;;;;;;;;True;False;False;True;;ok;16719.87389749191;15173.25920590175;15173.25920590175;15173.25920590175;328;15173.25920590175;5842.4122;1546.6146915901609;Evaluated;17.1854;2.4417;64;True;1;
50;1;50;10;diversification;4;755dbf65d438;move;;;40;35;;;;;;;;;;True;False;False;False;;ok;15303.734268492624;15173.25920590175;15173.25920590175;15173.25920590175;329;15173.25920590175;5861.1772;130.4750625908746;Evaluated;16.5169;2.245;64;True;1;
50;1;50;;diversification;5;;;;;;;;;;;;;;;;;;;;;End-of-iteration summary row;;;15173.25920590175;15173.25920590175;329;15173.25920590175;5861.1804;;IterationSummary;;;;;;
51;1;51;1;diversification;5;755dbf65d438;move;;;0;15;;;;;;;;;;True;False;False;True;;ok;15900.577204097262;15173.25920590175;15173.25920590175;15173.25920590175;330;15173.25920590175;5879.7483;727.3179981955127;Evaluated;16.3254;2.2326;64;True;1;
51;1;51;2;diversification;5;755dbf65d438;reinsert_block;;;;;;;20;25;10;;;;;True;False;False;True;;ok;15974.023475971604;15173.25920590175;15173.25920590175;15173.25920590175;331;15173.25920590175;5896.3018;800.7642700698543;Evaluated;14.3215;2.2301;64;True;1;
51;1;51;3;diversification;5;755dbf65d438;swap;32;47;;;;;;;;;;;;False;True;False;;;ok;;15173.25920590175;15173.25920590175;15173.25920590175;331;15173.25920590175;5917.3316;;DuplicateForSameParentSequenceAfterRetries;21.0271;;;;3;duplicate_for_same_parent_sequence
51;1;51;4;diversification;5;755dbf65d438;move;;;27;39;;;;;;;;;;True;False;False;True;;ok;16294.65930942439;15173.25920590175;15173.25920590175;15173.25920590175;332;15173.25920590175;5932.7331;1121.400103522641;Evaluated;12.9241;2.4764;64;True;2;duplicate_for_same_parent_sequence
51;1;51;5;diversification;5;755dbf65d438;move;;;20;5;;;;;;;;;;True;False;False;True;;ok;16352.231010889007;15173.25920590175;15173.25920590175;15173.25920590175;333;15173.25920590175;5947.1022;1178.9718049872572;Evaluated;11.9327;2.4338;64;True;1;
51;1;51;6;diversification;5;755dbf65d438;reinsert_block;;;;;;;50;56;32;;;;;True;False;False;True;;ok;15302.667900641405;15173.25920590175;15173.25920590175;15173.25920590175;334;15173.25920590175;5961.5682;129.4086947396554;Evaluated;12.2331;2.2323;64;True;1;
51;1;51;7;diversification;5;755dbf65d438;move;;;30;10;;;;;;;;;;True;False;False;True;;ok;16135.792997933722;15173.25920590175;15173.25920590175;15173.25920590175;335;15173.25920590175;5979.1061;962.5337920319726;Evaluated;15.2931;2.2418;64;True;2;duplicate_for_same_parent_sequence
51;1;51;8;diversification;5;755dbf65d438;move;;;10;5;;;;;;;;;;True;False;False;False;;ok;15195.89530554929;15173.25920590175;15173.25920590175;15173.25920590175;336;15173.25920590175;5991.4592;22.636099647539595;Evaluated;10.0901;2.2619;64;True;1;
51;1;51;9;diversification;5;755dbf65d438;move;;;24;35;;;;;;;;;;True;False;False;True;;ok;15181.233663319897;15173.25920590175;15173.25920590175;15173.25920590175;337;15173.25920590175;6006.7554;7.974457418147722;Evaluated;13.0654;2.2288;64;True;1;
51;1;51;10;diversification;5;755dbf65d438;swap;50;52;;;;;;;;;;;;True;False;False;False;;ok;15172.183499528077;15173.25920590175;15173.25920590175;15173.25920590175;338;15173.25920590175;6025.6648;-1.0757063736728014;EvaluatedImprovementDespiteDiversificationMismatch;16.6749;2.2319;64;True;2;duplicate_for_same_parent_sequence
51;1;51;;diversification;0;;;;;;;;;;;;;;;;;;;;;End-of-iteration summary row;;;15172.183499528077;15172.183499528077;338;15172.183499528077;6025.6827;;IterationSummary;;;;;;
52;1;52;1;normal;0;2d674254c09e;move;;;0;15;;;;;;;;;;True;False;False;True;;ok;16318.253670386242;15172.183499528077;15172.183499528077;15172.183499528077;339;15172.183499528077;6043.6756;1146.0701708581655;Evaluated;15.5229;2.4644;64;True;1;
52;1;52;2;normal;0;2d674254c09e;swap;18;20;;;;;;;;;;;;True;False;False;False;;ok;16709.97000089989;15172.183499528077;15172.183499528077;15172.183499528077;340;15172.183499528077;6062.9036;1537.7865013718147;Evaluated;16.7465;2.4789;64;True;1;
52;1;52;3;normal;0;2d674254c09e;reinsert_block;;;;;;;35;40;28;;;;;True;False;False;False;;ok;16215.377050929994;15172.183499528077;15172.183499528077;15172.183499528077;341;15172.183499528077;6079.3835;1043.193551401917;Evaluated;14.0457;2.4323;64;True;1;
52;1;52;4;normal;0;2d674254c09e;move;;;50;48;;;;;;;;;;True;False;False;False;;ok;15172.426201655668;15172.183499528077;15172.183499528077;15172.183499528077;342;15172.183499528077;6095.3643;0.24270212759074639;Evaluated;13.7254;2.252;64;True;1;
52;1;52;5;normal;0;2d674254c09e;move;;;40;28;;;;;;;;;;True;False;False;True;;ok;15291.74199240498;15172.183499528077;15172.183499528077;15172.183499528077;343;15172.183499528077;6107.9744;119.55849287690216;Evaluated;10.3461;2.2602;64;True;1;
52;1;52;;normal;1;;;;;;;;;;;;;;;;;;;;;End-of-iteration summary row;;;15172.183499528077;15172.183499528077;343;15172.183499528077;6107.9751;;IterationSummary;;;;;;
53;1;53;1;normal;1;2d674254c09e;move;;;10;5;;;;;;;;;;True;False;False;False;;ok;15195.438778163132;15172.183499528077;15172.183499528077;15172.183499528077;344;15172.183499528077;6127.0736;23.25527863505522;Evaluated;16.8117;2.2812;64;True;1;
53;1;53;2;normal;1;2d674254c09e;swap;20;25;;;;;;;;;;;;True;False;False;False;;ok;15688.287354125985;15172.183499528077;15172.183499528077;15172.183499528077;345;15172.183499528077;6143.2587;516.1038545979081;Evaluated;13.9498;2.232;64;True;1;
53;1;53;3;normal;1;2d674254c09e;move;;;15;5;;;;;;;;;;True;False;False;True;;ok;16914.294438709636;15172.183499528077;15172.183499528077;15172.183499528077;346;15172.183499528077;6163.5182;1742.110939181559;Evaluated;17.8265;2.43;64;True;2;duplicate_for_same_parent_sequence
53;1;53;4;normal;1;2d674254c09e;move;;;25;30;;;;;;;;;;True;False;False;False;;ok;16667.84823195552;15172.183499528077;15172.183499528077;15172.183499528077;347;15172.183499528077;6183.5089;1495.6647324274418;Evaluated;17.5369;2.4509;64;True;2;duplicate_for_same_parent_sequence
53;1;53;5;normal;1;2d674254c09e;move;;;25;10;;;;;;;;;;True;False;False;True;;ok;17137.513964050155;15172.183499528077;15172.183499528077;15172.183499528077;348;15172.183499528077;6202.5237;1965.3304645220778;Evaluated;16.5797;2.4334;64;True;1;
53;1;53;;normal;2;;;;;;;;;;;;;;;;;;;;;End-of-iteration summary row;;;15172.183499528077;15172.183499528077;348;15172.183499528077;6202.5263;;IterationSummary;;;;;;
54;1;54;1;normal;2;2d674254c09e;move;;;3;8;;;;;;;;;;True;False;False;False;;ok;16518.075988829805;15172.183499528077;15172.183499528077;15172.183499528077;349;15172.183499528077;6227.7983;1345.8924893017283;Evaluated;22.8022;2.4616;64;True;2;duplicate_for_same_parent_sequence
54;1;54;2;normal;2;2d674254c09e;swap;17;25;;;;;;;;;;;;True;False;False;False;;ok;15172.183499528077;15172.183499528077;15172.183499528077;15172.183499528077;350;15172.183499528077;6243.5423;0.0;Evaluated;13.4841;2.2565;64;True;2;duplicate_for_same_parent_sequence
54;1;54;3;normal;2;2d674254c09e;move;;;38;10;;;;;;;;;;True;False;False;True;;ok;16144.7376157733;15172.183499528077;15172.183499528077;15172.183499528077;351;15172.183499528077;6261.401;972.5541162452228;Evaluated;15.4108;2.4453;64;True;2;duplicate_for_same_parent_sequence
54;1;54;4;normal;2;2d674254c09e;move;;;60;55;;;;;;;;;;True;False;False;False;;ok;15705.549450054603;15172.183499528077;15172.183499528077;15172.183499528077;352;15172.183499528077;6278.9443;533.3659505265259;Evaluated;15.3092;2.2308;64;True;2;duplicate_for_same_parent_sequence
54;1;54;5;normal;2;2d674254c09e;move;;;50;20;;;;;;;;;;True;False;False;True;;ok;16305.501528557295;15172.183499528077;15172.183499528077;15172.183499528077;353;15172.183499528077;6293.0118;1133.3180290292185;Evaluated;11.6063;2.4579;64;True;1;
54;1;54;;normal;3;;;;;;;;;;;;;;;;;;;;;End-of-iteration summary row;;;15172.183499528077;15172.183499528077;353;15172.183499528077;6293.0146;;IterationSummary;;;;;;
55;1;55;1;diversification;3;2d674254c09e;move;;;5;10;;;;;;;;;;True;False;False;False;;ok;16617.646596568084;15172.183499528077;15172.183499528077;15172.183499528077;354;15172.183499528077;6315.6416;1445.4630970400067;Evaluated;20.1807;2.4284;64;True;1;
55;1;55;2;diversification;3;2d674254c09e;reinsert_block;;;;;;;18;23;5;;;;;True;False;False;True;;ok;16823.290034785707;15172.183499528077;15172.183499528077;15172.183499528077;355;15172.183499528077;6335.5671;1651.1065352576297;Evaluated;17.4892;2.4335;64;True;1;
55;1;55;3;diversification;3;2d674254c09e;swap;32;47;;;;;;;;;;;;True;False;False;True;;ok;16314.672829836056;15172.183499528077;15172.183499528077;15172.183499528077;356;15172.183499528077;6352.0441;1142.489330307979;Evaluated;14.0019;2.4744;64;True;1;
55;1;55;4;diversification;3;2d674254c09e;move;;;52;49;;;;;;;;;;True;False;False;False;;ok;15174.823757797554;15172.183499528077;15172.183499528077;15172.183499528077;357;15172.183499528077;6372.0845;2.640258269477272;Evaluated;17.7987;2.2383;64;True;2;duplicate_for_same_parent_sequence
55;1;55;5;diversification;3;2d674254c09e;move;;;30;40;;;;;;;;;;True;False;False;True;;ok;15173.193029371489;15172.183499528077;15172.183499528077;15172.183499528077;358;15172.183499528077;6391.9608;1.0095298434116557;Evaluated;17.6428;2.2309;64;True;2;duplicate_for_same_parent_sequence
55;1;55;6;diversification;3;2d674254c09e;reinsert_block;;;;;;;35;40;20;;;;;True;False;False;True;;ok;16009.152948889265;15172.183499528077;15172.183499528077;15172.183499528077;359;15172.183499528077;6407.7779;836.9694493611878;Evaluated;13.5341;2.2806;64;True;1;
55;1;55;7;diversification;3;2d674254c09e;move;;;20;30;;;;;;;;;;True;False;False;True;;ok;16572.275623284528;15172.183499528077;15172.183499528077;15172.183499528077;360;15172.183499528077;6422.9506;1400.0921237564507;Evaluated;12.7006;2.4692;64;True;1;
55;1;55;8;diversification;3;2d674254c09e;move;;;8;15;;;;;;;;;;True;False;False;False;;ok;16882.28255904856;15172.183499528077;15172.183499528077;15172.183499528077;361;15172.183499528077;6442.7305;1710.0990595204821;Evaluated;17.3441;2.4332;64;True;1;
55;1;55;9;diversification;3;2d674254c09e;move;;;35;15;;;;;;;;;;True;False;False;True;;ok;16349.170576510076;15172.183499528077;15172.183499528077;15172.183499528077;362;15172.183499528077;6469.4325;1176.987076981999;Evaluated;24.2441;2.4544;64;True;3;duplicate_for_same_parent_sequence
55;1;55;10;diversification;3;2d674254c09e;move;;;45;30;;;;;;;;;;True;False;False;True;;ok;16829.281886795245;15172.183499528077;15172.183499528077;15172.183499528077;363;15172.183499528077;6484.7608;1657.0983872671677;Evaluated;12.8591;2.4685;64;True;1;
55;1;55;;diversification;4;;;;;;;;;;;;;;;;;;;;;End-of-iteration summary row;;;15172.183499528077;15172.183499528077;363;15172.183499528077;6484.7638;;IterationSummary;;;;;;
56;1;56;1;diversification;4;2d674254c09e;move;;;2;30;;;;;;;;;;True;False;False;True;;ok;17635.71645346181;15172.183499528077;15172.183499528077;15172.183499528077;364;15172.183499528077;6504.8719;2463.5329539337326;Evaluated;17.6297;2.4686;64;True;2;duplicate_for_same_parent_sequence
56;1;56;2;diversification;4;2d674254c09e;move;;;17;25;;;;;;;;;;True;False;False;False;;ok;16367.333352622862;15172.183499528077;15172.183499528077;15172.183499528077;365;15172.183499528077;6528.4904;1195.1498530947847;Evaluated;21.1304;2.485;64;True;2;duplicate_for_same_parent_sequence
56;1;56;3;diversification;4;2d674254c09e;move;;;35;10;;;;;;;;;;True;False;False;True;;ok;16552.420456934633;15172.183499528077;15172.183499528077;15172.183499528077;366;15172.183499528077;6547.607;1380.236957406556;Evaluated;16.6855;2.4285;64;True;2;duplicate_for_same_parent_sequence
56;1;56;4;diversification;4;2d674254c09e;move;;;53;49;;;;;;;;;;True;False;False;False;;ok;15174.236808520263;15172.183499528077;15172.183499528077;15172.183499528077;367;15172.183499528077;6562.9128;2.0533089921864303;Evaluated;13.0677;2.2356;64;True;1;
56;1;56;5;diversification;4;2d674254c09e;move;;;30;18;;;;;;;;;;True;False;False;True;;ok;16664.789333650002;15172.183499528077;15172.183499528077;15172.183499528077;368;15172.183499528077;6581.6979;1492.605834121925;Evaluated;16.3233;2.4611;64;True;2;duplicate_for_same_parent_sequence
56;1;56;6;diversification;4;2d674254c09e;move;;;50;32;;;;;;;;;;True;False;False;True;;ok;15527.043051521387;15172.183499528077;15172.183499528077;15172.183499528077;369;15172.183499528077;6594.8932;354.85955199330965;Evaluated;10.9198;2.272;64;True;1;
56;1;56;7;diversification;4;2d674254c09e;move;;;40;20;;;;;;;;;;True;False;False;True;;ok;15295.205123004951;15172.183499528077;15172.183499528077;15172.183499528077;370;15172.183499528077;6617.7921;123.02162347687408;Evaluated;20.6576;2.2379;64;True;2;duplicate_for_same_parent_sequence
56;1;56;8;diversification;4;2d674254c09e;move;;;20;35;;;;;;;;;;True;False;False;True;;ok;16094.048849982639;15172.183499528077;15172.183499528077;15172.183499528077;371;15172.183499528077;6637.2076;921.8653504545618;Evaluated;17.1773;2.2353;64;True;1;
56;1;56;9;diversification;4;2d674254c09e;move;;;28;40;;;;;;;;;;True;False;False;True;;ok;15692.460129061325;15172.183499528077;15172.183499528077;15172.183499528077;372;15172.183499528077;6656.4255;520.2766295332476;Evaluated;16.9504;2.2666;64;True;2;duplicate_for_same_parent_sequence
56;1;56;10;diversification;4;2d674254c09e;move;;;52;48;;;;;;;;;;True;False;False;False;;ok;15186.697910545763;15172.183499528077;15172.183499528077;15172.183499528077;373;15172.183499528077;6671.7981;14.514411017686143;Evaluated;13.1426;2.2291;64;True;1;
56;1;56;;diversification;5;;;;;;;;;;;;;;;;;;;;;End-of-iteration summary row;;;15172.183499528077;15172.183499528077;373;15172.183499528077;6671.7997;;IterationSummary;;;;;;
57;1;57;1;diversification;5;2d674254c09e;move;;;5;30;;;;;;;;;;True;False;False;True;;ok;17466.66761071313;15172.183499528077;15172.183499528077;15172.183499528077;374;15172.183499528077;6689.5282;2294.4841111850546;Evaluated;15.285;2.4375;64;True;1;
57;1;57;2;diversification;5;2d674254c09e;reinsert_block;;;;;;;20;25;16;;;;;True;False;False;False;;ok;17578.898630653417;15172.183499528077;15172.183499528077;15172.183499528077;375;15172.183499528077;6703.5133;2406.71513112534;Evaluated;11.5309;2.4513;64;True;1;
57;1;57;3;diversification;5;2d674254c09e;swap;35;40;;;;;;;;;;;;True;False;False;False;;ok;15298.381527345036;15172.183499528077;15172.183499528077;15172.183499528077;376;15172.183499528077;6717.784;126.19802781695944;Evaluated;12.0083;2.2598;64;True;1;
57;1;57;4;diversification;5;2d674254c09e;move;;;50;25;;;;;;;;;;True;False;False;True;;ok;15295.682471933867;15172.183499528077;15172.183499528077;15172.183499528077;377;15172.183499528077;6737.0832;123.49897240579048;Evaluated;17.0418;2.2547;64;True;1;
57;1;57;5;diversification;5;2d674254c09e;move;;;15;20;;;;;;;;;;True;False;False;False;;ok;16913.76319017636;15172.183499528077;15172.183499528077;15172.183499528077;378;15172.183499528077;6755.3227;1741.5796906482828;Evaluated;15.8073;2.4295;64;True;1;
57;1;57;6;diversification;5;2d674254c09e;move;;;30;45;;;;;;;;;;True;False;False;True;;ok;15240.300077058484;15172.183499528077;15172.183499528077;15172.183499528077;379;15172.183499528077;6775.3857;68.11657753040708;Evaluated;17.7855;2.274;64;True;2;duplicate_for_same_parent_sequence
57;1;57;7;diversification;5;2d674254c09e;move;;;10;25;;;;;;;;;;True;False;False;True;;ok;15757.14370925278;15172.183499528077;15172.183499528077;15172.183499528077;380;15172.183499528077;6791.577;584.9602097247025;Evaluated;13.957;2.2309;64;True;1;
57;1;57;8;diversification;5;2d674254c09e;move;;;8;23;;;;;;;;;;True;False;False;True;;ok;16318.11124003262;15172.183499528077;15172.183499528077;15172.183499528077;381;15172.183499528077;6811.4884;1145.9277405045432;Evaluated;17.4746;2.434;64;True;2;duplicate_for_same_parent_sequence
57;1;57;9;diversification;5;2d674254c09e;move;;;24;35;;;;;;;;;;True;False;False;True;;ok;15174.308499582043;15172.183499528077;15172.183499528077;15172.183499528077;382;15172.183499528077;6825.6395;2.1250000539657776;Evaluated;11.8845;2.2637;64;True;1;
57;1;57;10;diversification;5;2d674254c09e;move;;;45;15;;;;;;;;;;True;False;False;True;;ok;17262.434684993033;15172.183499528077;15172.183499528077;15172.183499528077;383;15172.183499528077;6846.1648;2090.2511854649565;Evaluated;18.0468;2.4754;64;True;3;duplicate_for_same_parent_sequence
57;1;57;;diversification;6;;;;;;;;;;;;;;;;;;;;;End-of-iteration summary row;;;15172.183499528077;15172.183499528077;383;15172.183499528077;6846.1663;;IterationSummary;;;;;;
58;1;58;1;diversification;6;2d674254c09e;move;;;7;20;;;;;;;;;;True;False;False;True;;ok;15489.522073610588;15172.183499528077;15172.183499528077;15172.183499528077;384;15172.183499528077;6865.9086;317.3385740825106;Evaluated;17.4993;2.2337;64;True;2;duplicate_for_same_parent_sequence
58;1;58;2;diversification;6;2d674254c09e;reinsert_block;;;;;;;18;25;30;;;;;True;False;False;False;;ok;16603.436787191094;15172.183499528077;15172.183499528077;15172.183499528077;385;15172.183499528077;6880.7023;1431.2532876630175;Evaluated;12.3383;2.4546;64;True;1;
58;1;58;3;diversification;6;2d674254c09e;swap;34;40;;;;;;;;;;;;True;False;False;False;;ok;16172.983064860471;15172.183499528077;15172.183499528077;15172.183499528077;386;15172.183499528077;6907.2379;1000.7995653323942;Evaluated;24.0691;2.4635;64;True;3;duplicate_for_same_parent_sequence
58;1;58;4;diversification;6;2d674254c09e;move;;;61;52;;;;;;;;;;True;False;False;False;;ok;15768.671730017035;15172.183499528077;15172.183499528077;15172.183499528077;387;15172.183499528077;6928.828;596.4882304889579;Evaluated;19.3586;2.2281;64;True;2;duplicate_for_same_parent_sequence
58;1;58;5;diversification;6;2d674254c09e;move;;;20;15;;;;;;;;;;True;False;False;False;;ok;17058.85989446414;15172.183499528077;15172.183499528077;15172.183499528077;388;15172.183499528077;6945.7131;1886.6763949360648;Evaluated;14.4241;2.4598;64;True;1;
58;1;58;6;diversification;6;2d674254c09e;move;;;42;28;;;;;;;;;;True;False;False;True;;ok;15876.394471036863;15172.183499528077;15172.183499528077;15172.183499528077;389;15172.183499528077;6967.518;704.2109715087863;Evaluated;19.5309;2.2711;64;True;3;duplicate_for_same_parent_sequence
58;1;58;7;diversification;6;2d674254c09e;move;;;40;15;;;;;;;;;;True;False;False;True;;ok;15337.45051192485;15172.183499528077;15172.183499528077;15172.183499528077;390;15172.183499528077;6982.5338;165.26701239677277;Evaluated;12.7852;2.2298;64;True;1;
58;1;58;8;diversification;6;2d674254c09e;swap;8;9;;;;;;;;;;;;True;False;False;False;;ok;15175.629928869304;15172.183499528077;15172.183499528077;15172.183499528077;391;15172.183499528077;7001.2096;3.4464293412274856;Evaluated;16.4225;2.2511;64;True;2;duplicate_for_same_parent_sequence
58;1;58;9;diversification;6;2d674254c09e;move;;;17;28;;;;;;;;;;True;False;False;True;;ok;16509.188826553123;15172.183499528077;15172.183499528077;15172.183499528077;392;15172.183499528077;7019.1534;1337.0053270250464;Evaluated;15.4612;2.4809;64;True;2;duplicate_for_same_parent_sequence
58;1;58;10;diversification;6;2d674254c09e;move;;;40;52;;;;;;;;;;True;False;False;True;;ok;15255.185561764465;15172.183499528077;15172.183499528077;15172.183499528077;393;15172.183499528077;7038.6277;83.00206223638816;Evaluated;17.2423;2.2291;64;True;1;
58;1;58;;diversification;7;;;;;;;;;;;;;;;;;;;;;End-of-iteration summary row;;;15172.183499528077;15172.183499528077;393;15172.183499528077;7038.6284;;IterationSummary;;;;;;
59;1;59;1;diversification;7;2d674254c09e;move;;;5;20;;;;;;;;;;True;False;False;True;;ok;17135.22481276872;15172.183499528077;15172.183499528077;15172.183499528077;394;15172.183499528077;7061.4515;1963.041313240643;Evaluated;20.3524;2.465;64;True;1;
59;1;59;2;diversification;7;2d674254c09e;move;;;17;4;;;;;;;;;;True;False;False;True;;ok;16811.122316312463;15172.183499528077;15172.183499528077;15172.183499528077;395;15172.183499528077;7079.8052;1638.9388167843863;Evaluated;15.8788;2.4718;64;True;2;duplicate_for_same_parent_sequence
59;1;59;3;diversification;7;2d674254c09e;move;;;35;38;;;;;;;;;;True;False;False;False;;ok;15572.746009945973;15172.183499528077;15172.183499528077;15172.183499528077;396;15172.183499528077;7106.5871;400.5625104178962;Evaluated;24.5464;2.233;64;True;3;duplicate_for_same_parent_sequence
59;1;59;4;diversification;7;2d674254c09e;move;;;58;49;;;;;;;;;;True;False;False;False;;ok;15257.509780538741;15172.183499528077;15172.183499528077;15172.183499528077;397;15172.183499528077;7126.0782;85.32628101066439;Evaluated;17.2162;2.2707;64;True;1;
59;1;59;5;diversification;7;2d674254c09e;swap;20;30;;;;;;;;;;;;True;False;False;False;;ok;16571.325337392118;15172.183499528077;15172.183499528077;15172.183499528077;398;15172.183499528077;7146.3097;1399.141837864041;Evaluated;17.7503;2.4781;64;True;2;duplicate_for_same_parent_sequence
59;1;59;6;diversification;7;2d674254c09e;move;;;32;19;;;;;;;;;;True;False;False;True;;ok;15177.567280867499;15172.183499528077;15172.183499528077;15172.183499528077;399;15172.183499528077;7169.3741;5.3837813394220575;Evaluated;20.8333;2.2292;64;True;2;duplicate_for_same_parent_sequence
59;1;59;7;diversification;7;2d674254c09e;move;;;17;25;;;;;;;;;;False;True;False;;;ok;;15172.183499528077;15172.183499528077;15172.183499528077;399;15172.183499528077;7191.1458;;DuplicateForSameParentSequenceAfterRetries;21.7684;;;;3;duplicate_for_same_parent_sequence
59;1;59;8;diversification;7;2d674254c09e;reinsert_block;;;;;;;8;13;24;;;;;True;False;False;True;;ok;16859.774396355504;15172.183499528077;15172.183499528077;15172.183499528077;400;15172.183499528077;7206.3504;1687.590896827427;Evaluated;12.7361;2.4674;64;True;2;duplicate_for_same_parent_sequence
59;1;59;9;diversification;7;2d674254c09e;move;;;24;39;;;;;;;;;;True;False;False;True;;ok;15174.308499582043;15172.183499528077;15172.183499528077;15172.183499528077;401;15172.183499528077;7224.0393;2.1250000539657776;Evaluated;15.4563;2.2296;64;True;2;duplicate_for_same_parent_sequence
59;1;59;10;diversification;7;2d674254c09e;move;;;37;28;;;;;;;;;;True;False;False;False;;ok;15553.085249704924;15172.183499528077;15172.183499528077;15172.183499528077;402;15172.183499528077;7241.8102;380.9017501768467;Evaluated;15.5427;2.2261;64;True;2;duplicate_for_same_parent_sequence
59;1;59;;diversification;8;;;;;;;;;;;;;;;;;;;;;End-of-iteration summary row;;;15172.183499528077;15172.183499528077;402;15172.183499528077;7241.8139;;IterationSummary;;;;;;
60;1;60;1;diversification;8;2d674254c09e;move;;;0;20;;;;;;;;;;True;False;False;True;;ok;16734.756661377534;15172.183499528077;15172.183499528077;15172.183499528077;403;15172.183499528077;7257.4909;1562.5731618494574;Evaluated;13.1992;2.4665;64;True;1;
60;1;60;2;diversification;8;2d674254c09e;move;;;40;16;;;;;;;;;;True;False;False;True;;ok;15372.521276000725;15172.183499528077;15172.183499528077;15172.183499528077;404;15172.183499528077;7275.9917;200.33777647264833;Evaluated;16.2111;2.2889;64;True;2;duplicate_for_same_parent_sequence
60;1;60;3;diversification;8;2d674254c09e;move;;;35;10;;;;;;;;;;False;True;False;;;ok;;15172.183499528077;15172.183499528077;15172.183499528077;404;15172.183499528077;7300.3703;;DuplicateForSameParentSequenceAfterRetries;24.376;;;;3;duplicate_for_same_parent_sequence
60;1;60;4;diversification;8;2d674254c09e;move;;;50;30;;;;;;;;;;True;False;False;True;;ok;16201.516573626788;15172.183499528077;15172.183499528077;15172.183499528077;405;15172.183499528077;7318.3133;1029.3330740987112;Evaluated;15.4795;2.4624;64;True;2;duplicate_for_same_parent_sequence
60;1;60;5;diversification;8;2d674254c09e;move;;;15;30;;;;;;;;;;True;False;False;True;;ok;16916.85839895609;15172.183499528077;15172.183499528077;15172.183499528077;406;15172.183499528077;7338.0;1744.6748994280133;Evaluated;17.2141;2.4708;64;True;1;
60;1;60;6;diversification;8;2d674254c09e;move;;;32;40;;;;;;;;;;True;False;False;False;;ok;15186.469200471578;15172.183499528077;15172.183499528077;15172.183499528077;407;15172.183499528077;7361.0249;14.28570094350107;Evaluated;20.7751;2.2471;64;True;2;duplicate_for_same_parent_sequence
60;1;60;7;diversification;8;2d674254c09e;move;;;20;4;;;;;;;;;;True;False;False;True;;ok;15777.813478353572;15172.183499528077;15172.183499528077;15172.183499528077;408;15172.183499528077;7378.2587;605.6299788254946;Evaluated;14.9517;2.279;64;True;2;duplicate_for_same_parent_sequence
60;1;60;8;diversification;8;2d674254c09e;move;;;8;20;;;;;;;;;;True;False;False;True;;ok;16909.626052699372;15172.183499528077;15172.183499528077;15172.183499528077;409;15172.183499528077;7394.5374;1737.442553171295;Evaluated;13.8222;2.4532;64;True;1;
60;1;60;9;diversification;8;2d674254c09e;move;;;28;15;;;;;;;;;;True;False;False;True;;ok;17148.772879540345;15172.183499528077;15172.183499528077;15172.183499528077;410;15172.183499528077;7414.0843;1976.5893800122685;Evaluated;17.1145;2.4298;64;True;1;
60;1;60;10;diversification;8;2d674254c09e;swap;40;50;;;;;;;;;;;;True;False;False;False;;ok;15174.193676071473;15172.183499528077;15172.183499528077;15172.183499528077;411;15172.183499528077;7434.0787;2.0101765433955734;Evaluated;17.7179;2.2738;64;True;2;duplicate_for_same_parent_sequence
60;1;60;;diversification;9;;;;;;;;;;;;;;;;;;;;;End-of-iteration summary row;;;15172.183499528077;15172.183499528077;411;15172.183499528077;7434.0824;;IterationSummary;;;;;;
61;1;61;1;diversification;9;2d674254c09e;move;;;24;38;;;;;;;;;;True;False;False;True;;ok;15572.41754670089;15172.183499528077;15172.183499528077;15172.183499528077;412;15172.183499528077;7460.306;400.234047172813;Evaluated;23.9736;2.2331;64;True;2;duplicate_for_same_parent_sequence
61;1;61;2;diversification;9;2d674254c09e;reinsert_block;;;;;;;20;25;35;;;;;True;False;False;True;;ok;16672.907735920882;15172.183499528077;15172.183499528077;15172.183499528077;413;15172.183499528077;7480.2713;1500.7242363928053;Evaluated;17.5167;2.4454;64;True;1;
61;1;61;3;diversification;9;2d674254c09e;swap;32;38;;;;;;;;;;;;True;False;False;False;;ok;16632.07151284344;15172.183499528077;15172.183499528077;15172.183499528077;414;15172.183499528077;7498.1255;1459.8880133153616;Evaluated;15.3793;2.472;64;True;2;duplicate_for_same_parent_sequence
61;1;61;4;diversification;9;2d674254c09e;move;;;60;50;;;;;;;;;;True;False;False;True;;ok;15624.815307464425;15172.183499528077;15172.183499528077;15172.183499528077;415;15172.183499528077;7521.2341;452.6318079363482;Evaluated;20.8747;2.2312;64;True;2;duplicate_for_same_parent_sequence
61;1;61;5;diversification;9;2d674254c09e;move;;;52;10;;;;;;;;;;True;False;False;True;;ok;17275.061838359445;15172.183499528077;15172.183499528077;15172.183499528077;416;15172.183499528077;7540.9619;2102.8783388313677;Evaluated;17.2749;2.4502;64;True;1;
61;1;61;6;diversification;9;2d674254c09e;move;;;18;30;;;;;;;;;;True;False;False;True;;ok;16667.972824520864;15172.183499528077;15172.183499528077;15172.183499528077;417;15172.183499528077;7557.9364;1495.7893249927874;Evaluated;14.5037;2.4678;64;True;1;
61;1;61;7;diversification;9;2d674254c09e;move;;;30;10;;;;;;;;;;True;False;False;True;;ok;16552.545039351193;15172.183499528077;15172.183499528077;15172.183499528077;418;15172.183499528077;7580.7246;1380.361539823116;Evaluated;20.3527;2.4329;64;True;2;duplicate_for_same_parent_sequence
61;1;61;8;diversification;9;2d674254c09e;move;;;25;10;;;;;;;;;;False;True;False;;;ok;;15172.183499528077;15172.183499528077;15172.183499528077;418;15172.183499528077;7605.2674;;DuplicateForSameParentSequenceAfterRetries;24.5396;;;;3;duplicate_for_same_parent_sequence
61;1;61;9;diversification;9;2d674254c09e;move;;;25;40;;;;;;;;;;True;False;False;True;;ok;15988.178658748475;15172.183499528077;15172.183499528077;15172.183499528077;419;15172.183499528077;7623.3372;815.9951592203979;Evaluated;15.8071;2.2616;64;True;3;duplicate_for_same_parent_sequence
61;1;61;10;diversification;9;2d674254c09e;move;;;25;10;;;;;;;;;;False;True;False;;;ok;;15172.183499528077;15172.183499528077;15172.183499528077;419;15172.183499528077;7648.2159;;DuplicateForSameParentSequenceAfterRetries;24.8762;;;;3;duplicate_for_same_parent_sequence
61;2;0;;diversification;0;;;;;;;;;;;;;;;;;;;;;End-of-iteration summary row;;;16630.57522948563;15172.183499528077;420;15172.183499528077;7650.6721;;IterationSummary;;;;;;
62;2;1;1;normal;0;0f63cf6f404e;move;;;5;20;;;;;;;;;;True;False;False;True;;ok;17525.808723550173;16630.57522948563;16630.57522948563;15172.183499528077;421;15172.183499528077;7669.2504;895.2334940645451;Evaluated;16.1041;2.4673;64;True;1;
62;2;1;2;normal;0;0f63cf6f404e;swap;18;30;;;;;;;;;;;;True;False;False;True;;ok;17081.052404184495;16630.57522948563;16630.57522948563;15172.183499528077;422;15172.183499528077;7682.5269;450.4771746988663;Evaluated;10.8016;2.4719;64;True;1;
62;2;1;3;normal;0;0f63cf6f404e;reinsert_block;;;;;;;35;40;28;;;;;True;False;False;False;;ok;16828.62227351849;16630.57522948563;16630.57522948563;15172.183499528077;423;15172.183499528077;7695.3988;198.04704403286087;Evaluated;10.4379;2.4327;64;True;1;
62;2;1;4;normal;0;0f63cf6f404e;move;;;50;20;;;;;;;;;;True;False;False;True;;ok;17442.665536018838;16630.57522948563;16630.57522948563;15172.183499528077;424;15172.183499528077;7707.948;812.0903065332095;Evaluated;10.1148;2.432;64;True;1;
62;2;1;5;normal;0;0f63cf6f404e;move;;;18;30;;;;;;;;;;True;False;False;True;;ok;17097.25946305557;16630.57522948563;16630.57522948563;15172.183499528077;425;15172.183499528077;7720.412;466.68423356994026;Evaluated;10.0113;2.4497;64;True;1;
62;2;1;;normal;1;;;;;;;;;;;;;;;;;;;;;End-of-iteration summary row;;;16630.57522948563;15172.183499528077;425;15172.183499528077;7720.4148;;IterationSummary;;;;;;
63;2;2;1;normal;1;0f63cf6f404e;move;;;10;5;;;;;;;;;;True;False;False;False;;ok;15621.654598931518;16630.57522948563;16630.57522948563;15172.183499528077;426;15172.183499528077;7737.6464;-1008.9206305541102;Evaluated;14.9579;2.2573;64;True;1;
63;2;2;2;normal;1;0f63cf6f404e;swap;18;20;;;;;;;;;;;;True;False;False;False;;ok;17396.195909480055;16630.57522948563;16630.57522948563;15172.183499528077;427;15172.183499528077;7752.0919;765.6206799944266;Evaluated;11.9948;2.4479;64;True;1;
63;2;2;3;normal;1;0f63cf6f404e;move;;;36;10;;;;;;;;;;True;False;False;True;;ok;17881.10709312776;16630.57522948563;16630.57522948563;15172.183499528077;428;15172.183499528077;7766.2094;1250.5318636421325;Evaluated;11.6708;2.4442;64;True;2;duplicate_for_same_parent_sequence
63;2;2;4;normal;1;0f63cf6f404e;move;;;50;28;;;;;;;;;;True;False;False;True;;ok;16984.76278425307;16630.57522948563;16630.57522948563;15172.183499528077;429;15172.183499528077;7778.909;354.18755476744263;Evaluated;10.2636;2.4351;64;True;1;
63;2;2;5;normal;1;0f63cf6f404e;move;;;40;15;;;;;;;;;;True;False;False;True;;ok;16236.941323811048;16630.57522948563;16630.57522948563;15172.183499528077;430;15172.183499528077;7791.3678;-393.6339056745801;Evaluated;9.9906;2.465;64;True;1;
63;2;2;;normal;0;;;;;;;;;;;;;;;;;;;;;End-of-iteration summary row;;;15621.654598931518;15172.183499528077;430;15172.183499528077;7791.3839;;IterationSummary;;;;;;
64;2;3;1;normal;0;457c4bc75f95;move;;;10;5;;;;;;;;;;True;False;False;False;;ok;18199.88513772502;15621.654598931518;15621.654598931518;15172.183499528077;431;15172.183499528077;7813.9053;2578.230538793503;Evaluated;19.8809;2.6328;64;True;1;
64;2;3;2;normal;0;457c4bc75f95;swap;20;25;;;;;;;;;;;;True;False;False;False;;ok;17724.428182261432;15621.654598931518;15621.654598931518;15172.183499528077;432;15172.183499528077;7833.0379;2102.773583329914;Evaluated;16.6935;2.4365;64;True;1;
64;2;3;3;normal;0;457c4bc75f95;reinsert_block;;;;;;;35;40;15;;;;;True;False;False;True;;ok;17436.763038448356;15621.654598931518;15621.654598931518;15172.183499528077;433;15172.183499528077;7849.9633;1815.1084395168382;Evaluated;14.4377;2.4849;64;True;1;
64;2;3;4;normal;0;457c4bc75f95;move;;;50;35;;;;;;;;;;True;False;False;True;;ok;16433.134981084357;15621.654598931518;15621.654598931518;15172.183499528077;434;15172.183499528077;7865.659;811.4803821528385;Evaluated;13.2187;2.4733;64;True;1;
64;2;3;5;normal;0;457c4bc75f95;move;;;18;25;;;;;;;;;;True;False;False;False;;ok;17353.027995711247;15621.654598931518;15621.654598931518;15172.183499528077;435;15172.183499528077;7884.2465;1731.3733967797289;Evaluated;16.1532;2.4336;64;True;1;
64;2;3;;normal;1;;;;;;;;;;;;;;;;;;;;;End-of-iteration summary row;;;15621.654598931518;15172.183499528077;435;15172.183499528077;7884.2499;;IterationSummary;;;;;;
65;2;4;1;normal;1;457c4bc75f95;move;;;28;3;;;;;;;;;;True;False;False;True;;ok;17598.157268194213;15621.654598931518;15621.654598931518;15172.183499528077;436;15172.183499528077;7906.7314;1976.5026692626943;Evaluated;20.011;2.4543;64;True;2;duplicate_for_same_parent_sequence
65;2;4;2;normal;1;457c4bc75f95;swap;17;20;;;;;;;;;;;;True;False;False;False;;ok;17222.94920375672;15621.654598931518;15621.654598931518;15172.183499528077;437;15172.183499528077;7920.873;1601.2946048252034;Evaluated;11.6863;2.4531;64;True;1;
65;2;4;3;normal;1;457c4bc75f95;reinsert_block;;;;;;;35;40;28;;;;;True;False;False;False;;ok;16717.122090524463;15621.654598931518;15621.654598931518;15172.183499528077;438;15172.183499528077;7940.2372;1095.4674915929445;Evaluated;16.9281;2.4325;64;True;1;
65;2;4;4;normal;1;457c4bc75f95;move;;;50;30;;;;;;;;;;True;False;False;True;;ok;16516.532779847377;15621.654598931518;15621.654598931518;15172.183499528077;439;15172.183499528077;7959.3132;894.878180915859;Evaluated;16.6442;2.4283;64;True;1;
65;2;4;5;normal;1;457c4bc75f95;move;;;28;15;;;;;;;;;;True;False;False;True;;ok;17852.728343592724;15621.654598931518;15621.654598931518;15172.183499528077;440;15172.183499528077;7976.0355;2231.0737446612056;Evaluated;14.2539;2.4656;64;True;1;
65;2;4;;normal;2;;;;;;;;;;;;;;;;;;;;;End-of-iteration summary row;;;15621.654598931518;15172.183499528077;440;15172.183499528077;7976.0383;;IterationSummary;;;;;;
66;2;5;1;normal;2;457c4bc75f95;move;;;8;10;;;;;;;;;;True;False;False;False;;ok;15633.641128058944;15621.654598931518;15621.654598931518;15172.183499528077;441;15172.183499528077;7997.246;11.986529127425456;Evaluated;18.9615;2.2356;64;True;1;
66;2;5;2;normal;2;457c4bc75f95;swap;18;25;;;;;;;;;;;;True;False;False;False;;ok;17350.49494750648;15621.654598931518;15621.654598931518;15172.183499528077;442;15172.183499528077;8016.2941;1728.8403485749604;Evaluated;16.6074;2.4352;64;True;1;
66;2;5;3;normal;2;457c4bc75f95;move;;;17;25;;;;;;;;;;True;False;False;False;;ok;17280.46258149146;15621.654598931518;15621.654598931518;15172.183499528077;443;15172.183499528077;8037.5468;1658.8079825599434;Evaluated;18.7749;2.4751;64;True;2;duplicate_for_same_parent_sequence
66;2;5;4;normal;2;457c4bc75f95;move;;;50;20;;;;;;;;;;True;False;False;True;;ok;17342.673769859837;15621.654598931518;15621.654598931518;15172.183499528077;444;15172.183499528077;8051.7147;1721.019170928319;Evaluated;11.7356;2.4299;64;True;1;
66;2;5;5;normal;2;457c4bc75f95;move;;;25;10;;;;;;;;;;True;False;False;True;;ok;17734.824505912027;15621.654598931518;15621.654598931518;15172.183499528077;445;15172.183499528077;8065.6723;2113.169906980509;Evaluated;11.5154;2.4394;64;True;1;
66;2;5;;normal;3;;;;;;;;;;;;;;;;;;;;;End-of-iteration summary row;;;15621.654598931518;15172.183499528077;445;15172.183499528077;8065.6734;;IterationSummary;;;;;;
67;2;6;1;diversification;3;457c4bc75f95;move;;;10;25;;;;;;;;;;True;False;False;True;;ok;17311.701674137083;15621.654598931518;15621.654598931518;15172.183499528077;446;15172.183499528077;8081.7909;1690.0470752055644;Evaluated;13.6558;2.4499;64;True;1;
67;2;6;2;diversification;3;457c4bc75f95;reinsert_block;;;;;;;20;25;10;;;;;True;False;False;True;;ok;17438.42690949446;15621.654598931518;15621.654598931518;15172.183499528077;447;15172.183499528077;8098.6052;1816.772310562943;Evaluated;14.3383;2.4732;64;True;1;
67;2;6;3;diversification;3;457c4bc75f95;swap;35;42;;;;;;;;;;;;True;False;False;False;;ok;15911.335697573944;15621.654598931518;15621.654598931518;15172.183499528077;448;15172.183499528077;8117.7734;289.68109864242615;Evaluated;16.9374;2.2278;64;True;1;
67;2;6;4;diversification;3;457c4bc75f95;move;;;50;25;;;;;;;;;;True;False;False;True;;ok;16895.523918899282;15621.654598931518;15621.654598931518;15172.183499528077;449;15172.183499528077;8137.4614;1273.8693199677637;Evaluated;17.2528;2.4339;64;True;1;
67;2;6;5;diversification;3;457c4bc75f95;move;;;20;15;;;;;;;;;;True;False;False;False;;ok;17225.714619764254;15621.654598931518;15621.654598931518;15172.183499528077;450;15172.183499528077;8154.2936;1604.060020832736;Evaluated;14.3594;2.4691;64;True;1;
67;2;6;6;diversification;3;457c4bc75f95;move;;;50;32;;;;;;;;;;True;False;False;True;;ok;16420.755223782882;15621.654598931518;15621.654598931518;15172.183499528077;451;15172.183499528077;8168.6774;799.100624851364;Evaluated;11.9509;2.4303;64;True;1;
67;2;6;7;diversification;3;457c4bc75f95;move;;;15;5;;;;;;;;;;True;False;False;True;;ok;17135.612867044314;15621.654598931518;15621.654598931518;15172.183499528077;452;15172.183499528077;8186.4348;1513.9582681127958;Evaluated;15.3196;2.4351;64;True;2;duplicate_for_same_parent_sequence
67;2;6;8;diversification;3;457c4bc75f95;move;;;8;15;;;;;;;;;;True;False;False;False;;ok;15628.703668916094;15621.654598931518;15621.654598931518;15172.183499528077;453;15172.183499528077;8204.2543;7.049069984575908;Evaluated;15.573;2.2438;64;True;2;duplicate_for_same_parent_sequence
67;2;6;9;diversification;3;457c4bc75f95;move;;;15;20;;;;;;;;;;True;False;False;False;;ok;15623.65102856851;15621.654598931518;15621.654598931518;15172.183499528077;454;15172.183499528077;8225.6722;1.996429636992616;Evaluated;19.157;2.2577;64;True;2;duplicate_for_same_parent_sequence
67;2;6;10;diversification;3;457c4bc75f95;move;;;50;42;;;;;;;;;;True;False;False;False;;ok;15778.525780959291;15621.654598931518;15621.654598931518;15172.183499528077;455;15172.183499528077;8244.9461;156.8711820277731;Evaluated;17.0439;2.2292;64;True;1;
67;2;6;;diversification;4;;;;;;;;;;;;;;;;;;;;;End-of-iteration summary row;;;15621.654598931518;15172.183499528077;455;15172.183499528077;8244.9494;;IterationSummary;;;;;;
68;2;7;1;diversification;4;457c4bc75f95;move;;;30;18;;;;;;;;;;True;False;False;True;;ok;18310.499110769062;15621.654598931518;15621.654598931518;15172.183499528077;456;15172.183499528077;8269.4077;2688.844511837544;Evaluated;21.7773;2.6678;64;True;2;duplicate_for_same_parent_sequence
68;2;7;2;diversification;4;457c4bc75f95;reinsert_block;;;;;;;25;30;15;;;;;True;False;False;True;;ok;17736.356251789624;15621.654598931518;15621.654598931518;15172.183499528077;457;15172.183499528077;8290.9897;2114.701652858106;Evaluated;19.1156;2.465;64;True;3;duplicate_for_same_parent_sequence
68;2;7;3;diversification;4;457c4bc75f95;swap;32;47;;;;;;;;;;;;True;False;False;True;;ok;15913.343556345284;15621.654598931518;15621.654598931518;15172.183499528077;458;15172.183499528077;8310.2155;291.6889574137658;Evaluated;16.9881;2.235;64;True;1;
68;2;7;4;diversification;4;457c4bc75f95;move;;;50;28;;;;;;;;;;True;False;False;True;;ok;16877.766755400207;15621.654598931518;15621.654598931518;15172.183499528077;459;15172.183499528077;8329.0882;1256.1121564686891;Evaluated;16.4009;2.4678;64;True;1;
68;2;7;5;diversification;4;457c4bc75f95;move;;;20;35;;;;;;;;;;True;False;False;True;;ok;17233.599241430402;15621.654598931518;15621.654598931518;15172.183499528077;460;15172.183499528077;8340.8518;1611.9446424988837;Evaluated;9.2951;2.4656;64;True;1;
68;2;7;6;diversification;4;457c4bc75f95;move;;;40;50;;;;;;;;;;True;False;False;True;;ok;15621.411896803927;15621.654598931518;15621.654598931518;15172.183499528077;461;15172.183499528077;8360.1459;-0.24270212759074639;Evaluated;17.0576;2.2336;64;True;1;
68;2;7;7;diversification;4;457c4bc75f95;move;;;45;10;;;;;;;;;;True;False;False;True;;ok;17832.15292448628;15621.654598931518;15621.654598931518;15172.183499528077;462;15172.183499528077;8379.2484;2210.4983255547613;Evaluated;16.6668;2.4325;64;True;1;
68;2;7;8;diversification;4;457c4bc75f95;move;;;8;30;;;;;;;;;;True;False;False;True;;ok;15619.794492251125;15621.654598931518;15621.654598931518;15172.183499528077;463;15172.183499528077;8399.7487;-1.8601066803930735;Evaluated;18.2222;2.2741;64;True;2;duplicate_for_same_parent_sequence
68;2;7;9;diversification;4;457c4bc75f95;move;;;25;30;;;;;;;;;;True;False;False;False;;ok;15618.261462754272;15621.654598931518;15621.654598931518;15172.183499528077;464;15172.183499528077;8419.1857;-3.3931361772465607;EvaluatedImprovementDespiteDiversificationMismatch;17.1987;2.2354;64;True;1;
68;2;7;10;diversification;4;457c4bc75f95;move;;;45;30;;;;;;;;;;True;False;False;True;;ok;16805.250239202847;15621.654598931518;15621.654598931518;15172.183499528077;465;15172.183499528077;8438.6578;1183.595640271329;Evaluated;17.0418;2.4297;64;True;1;
68;2;7;;diversification;0;;;;;;;;;;;;;;;;;;;;;End-of-iteration summary row;;;15618.261462754272;15172.183499528077;465;15172.183499528077;8438.6698;;IterationSummary;;;;;;
69;2;8;1;normal;0;eabc22f81c95;move;;;5;10;;;;;;;;;;True;False;False;False;;ok;17077.26964954949;15618.261462754272;15618.261462754272;15172.183499528077;466;15172.183499528077;8455.4544;1459.0081867952176;Evaluated;14.3003;2.4756;64;True;1;
69;2;8;2;normal;0;eabc22f81c95;swap;18;20;;;;;;;;;;;;True;False;False;False;;ok;17287.33311445098;15618.261462754272;15618.261462754272;15172.183499528077;467;15172.183499528077;8469.8743;1669.0716516967077;Evaluated;11.9882;2.4292;64;True;1;
69;2;8;3;normal;0;eabc22f81c95;reinsert_block;;;;;;;35;40;28;;;;;True;False;False;False;;ok;16990.040702220598;15618.261462754272;15618.261462754272;15172.183499528077;468;15172.183499528077;8484.3493;1371.7792394663265;Evaluated;12.0458;2.4286;64;True;1;
69;2;8;4;normal;0;eabc22f81c95;move;;;50;28;;;;;;;;;;True;False;False;True;;ok;16431.122454303288;15618.261462754272;15618.261462754272;15172.183499528077;469;15172.183499528077;8498.5521;812.860991549016;Evaluated;11.7671;2.4329;64;True;1;
69;2;8;5;normal;0;eabc22f81c95;move;;;15;20;;;;;;;;;;True;False;False;False;;ok;16881.680074283046;15618.261462754272;15618.261462754272;15172.183499528077;470;15172.183499528077;8512.614;1263.418611528774;Evaluated;11.605;2.4539;64;True;1;
69;2;8;;normal;1;;;;;;;;;;;;;;;;;;;;;End-of-iteration summary row;;;15618.261462754272;15172.183499528077;470;15172.183499528077;8512.6166;;IterationSummary;;;;;;
70;2;9;1;normal;1;eabc22f81c95;move;;;8;3;;;;;;;;;;True;False;False;False;;ok;17895.93772484332;15618.261462754272;15618.261462754272;15172.183499528077;471;15172.183499528077;8535.6811;2277.6762620890477;Evaluated;20.5904;2.4659;64;True;2;duplicate_for_same_parent_sequence
70;2;9;2;normal;1;eabc22f81c95;swap;16;20;;;;;;;;;;;;True;False;False;False;;ok;17694.06203213647;15618.261462754272;15618.261462754272;15172.183499528077;472;15172.183499528077;8555.0528;2075.800569382198;Evaluated;16.9384;2.4308;64;True;1;
70;2;9;3;normal;1;eabc22f81c95;move;;;38;10;;;;;;;;;;True;False;False;True;;ok;16748.935170796303;15618.261462754272;15618.261462754272;15172.183499528077;473;15172.183499528077;8572.1297;1130.6737080420316;Evaluated;14.5983;2.4755;64;True;2;duplicate_for_same_parent_sequence
70;2;9;4;normal;1;eabc22f81c95;move;;;50;35;;;;;;;;;;True;False;False;True;;ok;16431.122454303288;15618.261462754272;15618.261462754272;15172.183499528077;474;15172.183499528077;8586.6555;812.860991549016;Evaluated;12.0395;2.4845;64;True;1;
70;2;9;5;normal;1;eabc22f81c95;move;;;25;30;;;;;;;;;;True;False;False;False;;ok;16897.676723193446;15618.261462754272;15618.261462754272;15172.183499528077;475;15172.183499528077;8603.064;1279.4152604391747;Evaluated;13.9329;2.4732;64;True;1;
70;2;9;;normal;2;;;;;;;;;;;;;;;;;;;;;End-of-iteration summary row;;;15618.261462754272;15172.183499528077;475;15172.183499528077;8603.0667;;IterationSummary;;;;;;
71;2;10;1;normal;2;eabc22f81c95;move;;;5;10;;;;;;;;;;False;True;False;;;ok;;15618.261462754272;15618.261462754272;15172.183499528077;475;15172.183499528077;8624.199;;DuplicateForSameParentSequenceAfterRetries;21.1218;;;;3;duplicate_for_same_parent_sequence
71;2;10;2;normal;2;eabc22f81c95;swap;25;30;;;;;;;;;;;;True;False;False;False;;ok;16905.502787425263;15618.261462754272;15618.261462754272;15172.183499528077;476;15172.183499528077;8637.8641;1287.2413246709912;Evaluated;11.1869;2.4773;64;True;2;duplicate_for_same_parent_sequence
71;2;10;3;normal;2;eabc22f81c95;move;;;36;12;;;;;;;;;;True;False;False;True;;ok;17685.843817501856;15618.261462754272;15618.261462754272;15172.183499528077;477;15172.183499528077;8654.5592;2067.5823547475848;Evaluated;14.2047;2.4856;64;True;2;duplicate_for_same_parent_sequence
71;2;10;4;normal;2;eabc22f81c95;move;;;50;30;;;;;;;;;;True;False;False;True;;ok;16431.122454303288;15618.261462754272;15618.261462754272;15172.183499528077;478;15172.183499528077;8669.4389;812.860991549016;Evaluated;12.4534;2.4256;64;True;1;
71;2;10;5;normal;2;eabc22f81c95;move;;;18;10;;;;;;;;;;True;False;False;False;;ok;17722.785433288318;15618.261462754272;15618.261462754272;15172.183499528077;479;15172.183499528077;8687.7955;2104.5239705340464;Evaluated;15.9032;2.4507;64;True;2;duplicate_for_same_parent_sequence
71;2;10;;normal;3;;;;;;;;;;;;;;;;;;;;;End-of-iteration summary row;;;15618.261462754272;15172.183499528077;479;15172.183499528077;8687.7983;;IterationSummary;;;;;;
72;2;11;1;diversification;3;eabc22f81c95;move;;;35;2;;;;;;;;;;True;False;False;True;;ok;17793.62499698437;15618.261462754272;15618.261462754272;15172.183499528077;480;15172.183499528077;8706.2457;2175.3635342300986;Evaluated;15.9815;2.4499;64;True;2;duplicate_for_same_parent_sequence
72;2;11;2;diversification;3;eabc22f81c95;reinsert_block;;;;;;;20;24;35;;;;;True;False;False;True;;ok;17047.54256342298;15618.261462754272;15618.261462754272;15172.183499528077;481;15172.183499528077;8719.5984;1429.281100668708;Evaluated;10.9139;2.4347;64;True;1;
72;2;11;3;diversification;3;eabc22f81c95;swap;32;47;;;;;;;;;;;;True;False;False;True;;ok;15917.502018734298;15618.261462754272;15618.261462754272;15172.183499528077;482;15172.183499528077;8732.3952;299.24055598002633;Evaluated;10.5662;2.228;64;True;1;
72;2;11;4;diversification;3;eabc22f81c95;move;;;48;12;;;;;;;;;;True;False;False;True;;ok;17726.82022205836;15618.261462754272;15618.261462754272;15172.183499528077;483;15172.183499528077;8748.913;2108.5587593040873;Evaluated;14.0387;2.4782;64;True;2;duplicate_for_same_parent_sequence
72;2;11;5;diversification;3;eabc22f81c95;move;;;20;5;;;;;;;;;;True;False;False;True;;ok;18084.97752425902;15618.261462754272;15618.261462754272;15172.183499528077;484;15172.183499528077;8764.4409;2466.716061504747;Evaluated;12.8618;2.6655;64;True;1;
72;2;11;6;diversification;3;eabc22f81c95;move;;;40;25;;;;;;;;;;True;False;False;True;;ok;15624.932892185327;15618.261462754272;15618.261462754272;15172.183499528077;485;15172.183499528077;8774.1418;6.671429431055003;Evaluated;7.4418;2.2584;64;True;1;
72;2;11;7;diversification;3;eabc22f81c95;move;;;18;25;;;;;;;;;;True;False;False;False;;ok;17351.21094781195;15618.261462754272;15618.261462754272;15172.183499528077;486;15172.183499528077;8787.6596;1732.9494850576775;Evaluated;11.0675;2.4496;64;True;2;duplicate_for_same_parent_sequence
72;2;11;8;diversification;3;eabc22f81c95;move;;;8;15;;;;;;;;;;True;False;False;False;;ok;15617.60951557403;15618.261462754272;15618.261462754272;15172.183499528077;487;15172.183499528077;8805.0441;-0.6519471802421322;EvaluatedImprovementDespiteDiversificationMismatch;15.1159;2.267;64;True;2;duplicate_for_same_parent_sequence
72;2;11;9;diversification;3;eabc22f81c95;move;;;25;10;;;;;;;;;;True;False;False;True;;ok;17731.650357761628;15618.261462754272;15618.261462754272;15172.183499528077;488;15172.183499528077;8819.4256;2113.388895007356;Evaluated;11.9342;2.4442;64;True;1;
72;2;11;10;diversification;3;eabc22f81c95;move;;;50;42;;;;;;;;;;True;False;False;False;;ok;15791.502315290774;15618.261462754272;15618.261462754272;15172.183499528077;489;15172.183499528077;8832.3051;173.24085253650264;Evaluated;10.6489;2.2274;64;True;1;
72;2;11;;diversification;0;;;;;;;;;;;;;;;;;;;;;End-of-iteration summary row;;;15617.60951557403;15172.183499528077;489;15172.183499528077;8832.3208;;IterationSummary;;;;;;
73;2;12;1;normal;0;590f31db0b67;move;;;5;10;;;;;;;;;;True;False;False;False;;ok;17150.099846403133;15617.60951557403;15617.60951557403;15172.183499528077;490;15172.183499528077;8847.0861;1532.4903308291032;Evaluated;12.3297;2.4301;64;True;1;
73;2;12;2;normal;0;590f31db0b67;swap;20;25;;;;;;;;;;;;True;False;False;False;;ok;17490.994427484773;15617.60951557403;15617.60951557403;15172.183499528077;491;15172.183499528077;8860.0897;1873.3849119107435;Evaluated;10.5443;2.4565;64;True;1;
73;2;12;3;normal;0;590f31db0b67;reinsert_block;;;;;;;35;40;28;;;;;True;False;False;False;;ok;16990.847405978137;15617.60951557403;15617.60951557403;15172.183499528077;492;15172.183499528077;8870.7594;1373.237890404107;Evaluated;8.2233;2.4433;64;True;1;
73;2;12;4;normal;0;590f31db0b67;move;;;62;48;;;;;;;;;;True;False;False;True;;ok;16356.239888601789;15617.60951557403;15617.60951557403;15172.183499528077;493;15172.183499528077;8884.6593;738.6303730277596;Evaluated;11.4395;2.4575;64;True;1;
73;2;12;5;normal;0;590f31db0b67;move;;;40;15;;;;;;;;;;True;False;False;True;;ok;17387.463159794064;15617.60951557403;15617.60951557403;15172.183499528077;494;15172.183499528077;8899.7963;1769.8536442200348;Evaluated;12.6912;2.4431;64;True;1;
73;2;12;;normal;1;;;;;;;;;;;;;;;;;;;;;End-of-iteration summary row;;;15617.60951557403;15172.183499528077;494;15172.183499528077;8899.7997;;IterationSummary;;;;;;
74;2;13;1;normal;1;590f31db0b67;move;;;10;5;;;;;;;;;;True;False;False;False;;ok;15682.134482533149;15617.60951557403;15617.60951557403;15172.183499528077;495;15172.183499528077;8916.5778;64.52496695911941;Evaluated;14.5376;2.2246;64;True;1;
74;2;13;2;normal;1;590f31db0b67;swap;18;25;;;;;;;;;;;;True;False;False;False;;ok;15617.60951557403;15617.60951557403;15617.60951557403;15172.183499528077;496;15172.183499528077;8930.5421;0.0;Evaluated;11.7218;2.2399;64;True;1;
74;2;13;3;normal;1;590f31db0b67;move;;;35;10;;;;;;;;;;True;False;False;True;;ok;17782.918451450005;15617.60951557403;15617.60951557403;15172.183499528077;497;15172.183499528077;8943.1184;2165.3089358759753;Evaluated;10.1299;2.4438;64;True;2;duplicate_for_same_parent_sequence
74;2;13;4;normal;1;590f31db0b67;move;;;50;42;;;;;;;;;;True;False;False;False;;ok;15775.399634781592;15617.60951557403;15617.60951557403;15172.183499528077;498;15172.183499528077;8950.5884;157.79011920756238;Evaluated;5.2238;2.2434;64;True;1;
74;2;13;5;normal;1;590f31db0b67;move;;;25;18;;;;;;;;;;True;False;False;False;;ok;17447.039201951207;15617.60951557403;15617.60951557403;15172.183499528077;499;15172.183499528077;8960.1646;1829.4296863771779;Evaluated;7.137;2.4361;64;True;1;
74;2;13;;normal;2;;;;;;;;;;;;;;;;;;;;;End-of-iteration summary row;;;15617.60951557403;15172.183499528077;499;15172.183499528077;8960.1676;;IterationSummary;;;;;;
75;2;14;1;normal;2;590f31db0b67;move;;;15;20;;;;;;;;;;True;False;False;False;;ok;16879.515798187316;15617.60951557403;15617.60951557403;15172.183499528077;500;15172.183499528077;8970.8684;1261.9062826132867;Evaluated;8.2245;2.4578;64;True;1;
75;2;14;2;normal;2;590f31db0b67;swap;17;24;;;;;;;;;;;;True;False;False;False;;ok;15617.60951557403;15617.60951557403;15617.60951557403;15172.183499528077;501;15172.183499528077;8991.8145;0.0;Evaluated;18.6838;2.2591;64;True;3;duplicate_for_same_parent_sequence
75;2;14;3;normal;2;590f31db0b67;move;;;32;20;;;;;;;;;;True;False;False;True;;ok;16829.43312734381;15617.60951557403;15617.60951557403;15172.183499528077;502;15172.183499528077;9010.5269;1211.8236117697816;Evaluated;16.2791;2.4325;64;True;2;duplicate_for_same_parent_sequence
75;2;14;4;normal;2;590f31db0b67;move;;;50;35;;;;;;;;;;True;False;False;True;;ok;16424.608387165492;15617.60951557403;15617.60951557403;15172.183499528077;503;15172.183499528077;9025.553;806.9988715914624;Evaluated;12.5871;2.4362;64;True;1;
75;2;14;5;normal;2;590f31db0b67;move;;;62;30;;;;;;;;;;True;False;False;True;;ok;17910.198805025135;15617.60951557403;15617.60951557403;15172.183499528077;504;15172.183499528077;9040.4875;2292.5892894511053;Evaluated;12.4705;2.4614;64;True;1;
75;2;14;;normal;3;;;;;;;;;;;;;;;;;;;;;End-of-iteration summary row;;;15617.60951557403;15172.183499528077;504;15172.183499528077;9040.4904;;IterationSummary;;;;;;
76;2;15;1;diversification;3;590f31db0b67;move;;;25;8;;;;;;;;;;True;False;False;True;;ok;17601.76787640283;15617.60951557403;15617.60951557403;15172.183499528077;505;15172.183499528077;9054.5268;1984.158360828802;Evaluated;11.5707;2.4584;64;True;2;duplicate_for_same_parent_sequence
76;2;15;2;diversification;3;590f31db0b67;reinsert_block;;;;;;;20;25;10;;;;;True;False;False;True;;ok;17443.966753103643;15617.60951557403;15617.60951557403;15172.183499528077;506;15172.183499528077;9066.0277;1826.3572375296135;Evaluated;9.0656;2.4319;64;True;1;
76;2;15;3;diversification;3;590f31db0b67;swap;35;42;;;;;;;;;;;;True;False;False;False;;ok;15614.353866905702;15617.60951557403;15617.60951557403;15172.183499528077;507;15172.183499528077;9076.9955;-3.2556486683279218;EvaluatedImprovementDespiteDiversificationMismatch;8.7388;2.2262;64;True;1;
76;2;15;4;diversification;3;590f31db0b67;move;;;63;50;;;;;;;;;;True;False;False;True;;ok;15713.617031125268;15617.60951557403;15617.60951557403;15172.183499528077;508;15172.183499528077;9091.429;96.00751555123861;Evaluated;12.1999;2.2306;64;True;2;duplicate_for_same_parent_sequence
76;2;15;5;diversification;3;590f31db0b67;move;;;25;10;;;;;;;;;;True;False;False;True;;ok;17827.846982862782;15617.60951557403;15617.60951557403;15172.183499528077;509;15172.183499528077;9102.2068;2210.2374672887527;Evaluated;8.3273;2.4472;64;True;1;
76;2;15;6;diversification;3;590f31db0b67;move;;;38;15;;;;;;;;;;True;False;False;True;;ok;18523.53430310661;15617.60951557403;15617.60951557403;15172.183499528077;510;15172.183499528077;9119.768;2905.924787532582;Evaluated;14.895;2.6636;64;True;3;duplicate_for_same_parent_sequence
76;2;15;7;diversification;3;590f31db0b67;move;;;40;30;;;;;;;;;;True;False;False;True;;ok;16818.43281080154;15617.60951557403;15617.60951557403;15172.183499528077;511;15172.183499528077;9137.2771;1200.8232952275102;Evaluated;15.071;2.435;64;True;2;duplicate_for_same_parent_sequence
76;2;15;8;diversification;3;590f31db0b67;move;;;8;15;;;;;;;;;;True;False;False;False;;ok;17518.48539230946;15617.60951557403;15617.60951557403;15172.183499528077;512;15172.183499528077;9155.2132;1900.8758767354302;Evaluated;15.4845;2.4489;64;True;2;duplicate_for_same_parent_sequence
76;2;15;9;diversification;3;590f31db0b67;move;;;28;35;;;;;;;;;;True;False;False;False;;ok;16749.132115223772;15617.60951557403;15617.60951557403;15172.183499528077;513;15172.183499528077;9168.4566;1131.522599649743;Evaluated;10.7627;2.4797;64;True;1;
76;2;15;10;diversification;3;590f31db0b67;move;;;40;35;;;;;;;;;;True;False;False;False;;ok;16825.481893666205;15617.60951557403;15617.60951557403;15172.183499528077;514;15172.183499528077;9178.3865;1207.8723780921755;Evaluated;7.4777;2.4497;64;True;1;
76;2;15;;diversification;0;;;;;;;;;;;;;;;;;;;;;End-of-iteration summary row;;;15614.353866905702;15172.183499528077;514;15172.183499528077;9178.3982;;IterationSummary;;;;;;
77;2;16;1;normal;0;2c8351cb9f39;move;;;5;10;;;;;;;;;;True;False;False;False;;ok;17150.099846403133;15614.353866905702;15614.353866905702;15172.183499528077;515;15172.183499528077;9190.8989;1535.745979497431;Evaluated;10.0668;2.4253;64;True;1;
77;2;16;2;normal;0;2c8351cb9f39;swap;20;25;;;;;;;;;;;;True;False;False;False;;ok;17494.008365001042;15614.353866905702;15614.353866905702;15172.183499528077;516;15172.183499528077;9202.0795;1879.6544980953404;Evaluated;8.7481;2.4315;64;True;1;
77;2;16;3;normal;0;2c8351cb9f39;reinsert_block;;;;;;;35;40;28;;;;;True;False;False;False;;ok;17137.489991908187;15614.353866905702;15614.353866905702;15172.183499528077;517;15172.183499528077;9213.3588;1523.1361250024856;Evaluated;8.8477;2.4282;64;True;1;
77;2;16;4;normal;0;2c8351cb9f39;move;;;50;35;;;;;;;;;;True;False;False;True;;ok;16442.474748842673;15614.353866905702;15614.353866905702;15172.183499528077;518;15172.183499528077;9223.4298;828.1208819369713;Evaluated;7.6047;2.4636;64;True;1;
77;2;16;5;normal;0;2c8351cb9f39;move;;;10;25;;;;;;;;;;True;False;False;True;;ok;17345.850655794267;15614.353866905702;15614.353866905702;15172.183499528077;519;15172.183499528077;9236.3947;1731.4967888885658;Evaluated;10.5112;2.4512;64;True;1;
77;2;16;;normal;1;;;;;;;;;;;;;;;;;;;;;End-of-iteration summary row;;;15614.353866905702;15172.183499528077;519;15172.183499528077;9236.398;;IterationSummary;;;;;;
78;2;17;1;normal;1;2c8351cb9f39;move;;;8;20;;;;;;;;;;True;False;False;True;;ok;16818.350580004895;15614.353866905702;15614.353866905702;15172.183499528077;520;15172.183499528077;9260.5256;1203.9967130991936;Evaluated;21.6803;2.433;64;True;2;duplicate_for_same_parent_sequence
78;2;17;2;normal;1;2c8351cb9f39;swap;18;25;;;;;;;;;;;;True;False;False;False;;ok;15614.353866905702;15614.353866905702;15614.353866905702;15172.183499528077;521;15172.183499528077;9278.1918;0.0;Evaluated;15.4311;2.2326;64;True;1;
78;2;17;3;normal;1;2c8351cb9f39;move;;;15;28;;;;;;;;;;True;False;False;True;;ok;16636.158229489243;15614.353866905702;15614.353866905702;15172.183499528077;522;15172.183499528077;9299.5897;1021.8043625835417;Evaluated;18.9384;2.4552;64;True;2;duplicate_for_same_parent_sequence
78;2;17;4;normal;1;2c8351cb9f39;move;;;62;48;;;;;;;;;;True;False;False;True;;ok;16371.300976173634;15614.353866905702;15614.353866905702;15172.183499528077;523;15172.183499528077;9312.6569;756.9471092679323;Evaluated;10.6352;2.4285;64;True;1;
78;2;17;5;normal;1;2c8351cb9f39;move;;;28;15;;;;;;;;;;True;False;False;True;;ok;18094.06603039495;15614.353866905702;15614.353866905702;15172.183499528077;524;15172.183499528077;9325.7986;2479.71216348925;Evaluated;10.5032;2.6349;64;True;1;
78;2;17;;normal;2;;;;;;;;;;;;;;;;;;;;;End-of-iteration summary row;;;15614.353866905702;15172.183499528077;524;15172.183499528077;9325.8016;;IterationSummary;;;;;;
79;2;18;1;normal;2;2c8351cb9f39;move;;;3;8;;;;;;;;;;True;False;False;False;;ok;18107.314762531332;15614.353866905702;15614.353866905702;15172.183499528077;525;15172.183499528077;9344.1321;2492.9608956256307;Evaluated;15.6641;2.6504;64;True;2;duplicate_for_same_parent_sequence
79;2;18;2;normal;2;2c8351cb9f39;swap;17;24;;;;;;;;;;;;True;False;False;False;;ok;15614.353866905702;15614.353866905702;15614.353866905702;15172.183499528077;526;15172.183499528077;9358.1444;0.0;Evaluated;11.7826;2.2266;64;True;2;duplicate_for_same_parent_sequence
79;2;18;3;normal;2;2c8351cb9f39;move;;;62;15;;;;;;;;;;True;False;False;True;;ok;18185.30023687563;15614.353866905702;15614.353866905702;15172.183499528077;527;15172.183499528077;9373.2391;2570.94636996993;Evaluated;12.4602;2.6315;64;True;2;duplicate_for_same_parent_sequence
79;2;18;4;normal;2;2c8351cb9f39;move;;;48;28;;;;;;;;;;True;False;False;True;;ok;15666.401429744625;15614.353866905702;15614.353866905702;15172.183499528077;528;15172.183499528077;9387.6223;52.04756283892311;Evaluated;12.1495;2.2307;64;True;2;duplicate_for_same_parent_sequence
79;2;18;5;normal;2;2c8351cb9f39;move;;;50;30;;;;;;;;;;True;False;False;True;;ok;16442.474748842673;15614.353866905702;15614.353866905702;15172.183499528077;529;15172.183499528077;9398.6807;828.1208819369713;Evaluated;8.6247;2.4311;64;True;1;
79;2;18;;normal;3;;;;;;;;;;;;;;;;;;;;;End-of-iteration summary row;;;15614.353866905702;15172.183499528077;529;15172.183499528077;9398.6846;;IterationSummary;;;;;;
80;2;19;1;diversification;3;2c8351cb9f39;move;;;50;40;;;;;;;;;;True;False;False;True;;ok;15976.453129598729;15614.353866905702;15614.353866905702;15172.183499528077;530;15172.183499528077;9413.7493;362.0992626930274;Evaluated;12.7974;2.2547;64;True;2;duplicate_for_same_parent_sequence
80;2;19;2;diversification;3;2c8351cb9f39;reinsert_block;;;;;;;20;25;16;;;;;True;False;False;False;;ok;18361.3370734908;15614.353866905702;15614.353866905702;15172.183499528077;531;15172.183499528077;9427.1221;2746.983206585097;Evaluated;10.7386;2.6309;64;True;1;
80;2;19;3;diversification;3;2c8351cb9f39;swap;34;50;;;;;;;;;;;;True;False;False;True;;ok;15614.353866905702;15614.353866905702;15614.353866905702;15172.183499528077;532;15172.183499528077;9439.7641;0.0;Evaluated;10.4134;2.226;64;True;1;
80;2;19;4;diversification;3;2c8351cb9f39;move;;;48;15;;;;;;;;;;True;False;False;True;;ok;17387.463159794064;15614.353866905702;15614.353866905702;15172.183499528077;533;15172.183499528077;9456.2156;1773.1092928883627;Evaluated;14.0204;2.4283;64;True;2;duplicate_for_same_parent_sequence
80;2;19;5;diversification;3;2c8351cb9f39;move;;;40;25;;;;;;;;;;True;False;False;True;;ok;15910.695832414325;15614.353866905702;15614.353866905702;15172.183499528077;534;15172.183499528077;9469.1775;296.3419655086236;Evaluated;10.6991;2.2599;64;True;1;
80;2;19;6;diversification;3;2c8351cb9f39;move;;;40;32;;;;;;;;;;True;False;False;False;;ok;17369.628261383892;15614.353866905702;15614.353866905702;15172.183499528077;535;15172.183499528077;9488.7301;1755.2743944781905;Evaluated;17.117;2.435;64;True;1;
80;2;19;7;diversification;3;2c8351cb9f39;move;;;30;8;;;;;;;;;;True;False;False;True;;ok;17540.834891769286;15614.353866905702;15614.353866905702;15172.183499528077;536;15172.183499528077;9511.3116;1926.481024863584;Evaluated;20.1502;2.4281;64;True;2;duplicate_for_same_parent_sequence
80;2;19;8;diversification;3;2c8351cb9f39;swap;15;30;;;;;;;;;;;;True;False;False;True;;ok;17742.924330043534;15614.353866905702;15614.353866905702;15172.183499528077;537;15172.183499528077;9530.1442;2128.570463137832;Evaluated;16.3475;2.4823;64;True;2;duplicate_for_same_parent_sequence
80;2;19;9;diversification;3;2c8351cb9f39;move;;;30;40;;;;;;;;;;True;False;False;True;;ok;15905.987951293742;15614.353866905702;15614.353866905702;15172.183499528077;538;15172.183499528077;9549.9092;291.6340843880407;Evaluated;17.5275;2.2348;64;True;2;duplicate_for_same_parent_sequence
80;2;19;10;diversification;3;2c8351cb9f39;move;;;40;52;;;;;;;;;;True;False;False;True;;ok;15913.53272186201;15614.353866905702;15614.353866905702;15172.183499528077;539;15172.183499528077;9566.2032;299.178854956308;Evaluated;14.066;2.2273;64;True;1;
80;2;19;;diversification;4;;;;;;;;;;;;;;;;;;;;;End-of-iteration summary row;;;15614.353866905702;15172.183499528077;539;15172.183499528077;9566.2065;;IterationSummary;;;;;;
81;2;20;1;diversification;4;2c8351cb9f39;move;;;25;10;;;;;;;;;;True;False;False;True;;ok;17826.79801758193;15614.353866905702;15614.353866905702;15172.183499528077;540;15172.183499528077;9582.6619;2212.444150676227;Evaluated;14.0063;2.4349;64;True;1;
81;2;20;2;diversification;4;2c8351cb9f39;move;;;48;35;;;;;;;;;;True;False;False;True;;ok;16826.30699453158;15614.353866905702;15614.353866905702;15172.183499528077;541;15172.183499528077;9597.9785;1211.9531276258786;Evaluated;12.8693;2.4444;64;True;2;duplicate_for_same_parent_sequence
81;2;20;3;diversification;4;2c8351cb9f39;swap;35;42;;;;;;;;;;;;True;False;False;False;;ok;15617.60951557403;15614.353866905702;15614.353866905702;15172.183499528077;542;15172.183499528077;9608.1379;3.2556486683279218;Evaluated;7.9103;2.2467;64;True;1;
81;2;20;4;diversification;4;2c8351cb9f39;move;;;50;48;;;;;;;;;;True;False;False;False;;ok;15619.42541129322;15614.353866905702;15614.353866905702;15172.183499528077;543;15172.183499528077;9621.0257;5.071544387517861;Evaluated;10.6214;2.2638;64;True;1;
81;2;20;5;diversification;4;2c8351cb9f39;move;;;35;18;;;;;;;;;;True;False;False;True;;ok;17420.829162775197;15614.353866905702;15614.353866905702;15172.183499528077;544;15172.183499528077;9646.7215;1806.4752958694953;Evaluated;23.2298;2.4634;64;True;3;duplicate_for_same_parent_sequence
81;2;20;6;diversification;4;2c8351cb9f39;swap;32;33;;;;;;;;;;;;True;False;False;False;;ok;15617.60951557403;15614.353866905702;15614.353866905702;15172.183499528077;545;15172.183499528077;9669.8558;3.2556486683279218;Evaluated;20.9017;2.2293;64;True;2;duplicate_for_same_parent_sequence
81;2;20;7;diversification;4;2c8351cb9f39;move;;;28;10;;;;;;;;;;True;False;False;True;;ok;17856.315677500574;15614.353866905702;15614.353866905702;15172.183499528077;546;15172.183499528077;9692.768;2241.961810594872;Evaluated;20.4801;2.4313;64;True;2;duplicate_for_same_parent_sequence
81;2;20;8;diversification;4;2c8351cb9f39;move;;;30;15;;;;;;;;;;True;False;False;True;;ok;17389.37257385992;15614.353866905702;15614.353866905702;15172.183499528077;547;15172.183499528077;9708.2409;1775.018706954219;Evaluated;13.0419;2.4279;64;True;1;
81;2;20;9;diversification;4;2c8351cb9f39;move;;;25;30;;;;;;;;;;True;False;False;False;;ok;16903.110688793837;15614.353866905702;15614.353866905702;15172.183499528077;548;15172.183499528077;9720.5888;1288.7568218881352;Evaluated;9.8712;2.4742;64;True;1;
81;2;20;10;diversification;4;2c8351cb9f39;move;;;48;32;;;;;;;;;;True;False;False;True;;ok;17366.35600777903;15614.353866905702;15614.353866905702;15172.183499528077;549;15172.183499528077;9738.5352;1752.00214087333;Evaluated;15.5085;2.4352;64;True;2;duplicate_for_same_parent_sequence
81;2;20;;diversification;5;;;;;;;;;;;;;;;;;;;;;End-of-iteration summary row;;;15614.353866905702;15172.183499528077;549;15172.183499528077;9738.5381;;IterationSummary;;;;;;
82;2;21;1;diversification;5;2c8351cb9f39;move;;;50;28;;;;;;;;;;True;False;False;True;;ok;16442.474748842673;15614.353866905702;15614.353866905702;15172.183499528077;550;15172.183499528077;9755.0817;828.1208819369713;Evaluated;14.097;2.4324;64;True;1;
82;2;21;2;diversification;5;2c8351cb9f39;reinsert_block;;;;;;;18;25;30;;;;;True;False;False;False;;ok;17051.2893820375;15614.353866905702;15614.353866905702;15172.183499528077;551;15172.183499528077;9768.7977;1436.9355151317977;Evaluated;11.2484;2.4655;64;True;1;
82;2;21;3;diversification;5;2c8351cb9f39;move;;;38;17;;;;;;;;;;True;False;False;True;;ok;18666.51998520191;15614.353866905702;15614.353866905702;15172.183499528077;552;15172.183499528077;9789.0444;3052.166118296209;Evaluated;17.5768;2.667;64;True;2;duplicate_for_same_parent_sequence
82;2;21;4;diversification;5;2c8351cb9f39;move;;;62;30;;;;;;;;;;True;False;False;True;;ok;17910.00536005506;15614.353866905702;15614.353866905702;15172.183499528077;553;15172.183499528077;9808.1579;2295.6514931493584;Evaluated;16.6799;2.43;64;True;2;duplicate_for_same_parent_sequence
82;2;21;5;diversification;5;2c8351cb9f39;move;;;18;30;;;;;;;;;;True;False;False;True;;ok;16899.819245943643;15614.353866905702;15614.353866905702;15172.183499528077;554;15172.183499528077;9826.7691;1285.4653790379416;Evaluated;16.1597;2.4483;64;True;2;duplicate_for_same_parent_sequence
82;2;21;6;diversification;5;2c8351cb9f39;move;;;20;35;;;;;;;;;;True;False;False;True;;ok;16922.56642480981;15614.353866905702;15614.353866905702;15172.183499528077;555;15172.183499528077;9838.0476;1308.2125579041094;Evaluated;8.8132;2.4624;64;True;1;
82;2;21;7;diversification;5;2c8351cb9f39;move;;;50;18;;;;;;;;;;True;False;False;True;;ok;17427.09126616874;15614.353866905702;15614.353866905702;15172.183499528077;556;15172.183499528077;9849.1732;1812.7373992630382;Evaluated;8.6853;2.4373;64;True;1;
82;2;21;8;diversification;5;2c8351cb9f39;move;;;30;48;;;;;;;;;;True;False;False;True;;ok;15907.950761733608;15614.353866905702;15614.353866905702;15172.183499528077;557;15172.183499528077;9863.6748;293.596894827906;Evaluated;12.262;2.2369;64;True;2;duplicate_for_same_parent_sequence
82;2;21;9;diversification;5;2c8351cb9f39;move;;;28;15;;;;;;;;;;False;True;False;;;ok;;15614.353866905702;15614.353866905702;15172.183499528077;557;15172.183499528077;9879.2302;;DuplicateForSameParentSequenceAfterRetries;15.5525;;;;3;duplicate_for_same_parent_sequence
82;2;21;10;diversification;5;2c8351cb9f39;move;;;50;45;;;;;;;;;;True;False;False;False;;ok;15613.681846531304;15614.353866905702;15614.353866905702;15172.183499528077;558;15172.183499528077;9889.5269;-0.6720203743971069;EvaluatedImprovementDespiteDiversificationMismatch;8.0146;2.2809;64;True;1;
82;2;21;;diversification;0;;;;;;;;;;;;;;;;;;;;;End-of-iteration summary row;;;15613.681846531304;15172.183499528077;558;15172.183499528077;9889.548;;IterationSummary;;;;;;
83;2;22;1;normal;0;66aa499e9eb6;move;;;3;20;;;;;;;;;;True;False;False;True;;ok;17623.52501064589;15613.681846531304;15613.681846531304;15172.183499528077;559;15172.183499528077;9910.8234;2009.8431641145871;Evaluated;18.8001;2.4683;64;True;1;
83;2;22;2;normal;0;66aa499e9eb6;swap;20;25;;;;;;;;;;;;True;False;False;False;;ok;17042.763931874288;15613.681846531304;15613.681846531304;15172.183499528077;560;15172.183499528077;9929.9348;1429.0820853429832;Evaluated;16.6783;2.4304;64;True;1;
83;2;22;3;normal;0;66aa499e9eb6;reinsert_block;;;;;;;38;42;10;;;;;True;False;False;True;;ok;18052.51605446183;15613.681846531304;15613.681846531304;15172.183499528077;561;15172.183499528077;9946.7729;2438.8342079305257;Evaluated;14.3593;2.4762;64;True;1;
83;2;22;4;normal;0;66aa499e9eb6;move;;;50;38;;;;;;;;;;True;False;False;True;;ok;16065.614979820135;15613.681846531304;15613.681846531304;15172.183499528077;562;15172.183499528077;9959.5444;451.9331332888305;Evaluated;10.5107;2.258;64;True;1;
83;2;22;5;normal;0;66aa499e9eb6;move;;;62;30;;;;;;;;;;True;False;False;True;;ok;17455.96597053494;15613.681846531304;15613.681846531304;15172.183499528077;563;15172.183499528077;9973.6088;1842.284124003636;Evaluated;11.6178;2.444;64;True;1;
83;2;22;;normal;1;;;;;;;;;;;;;;;;;;;;;End-of-iteration summary row;;;15613.681846531304;15172.183499528077;563;15172.183499528077;9973.6097;;IterationSummary;;;;;;
84;2;23;1;normal;1;66aa499e9eb6;move;;;5;10;;;;;;;;;;True;False;False;False;;ok;16706.843136509655;15613.681846531304;15613.681846531304;15172.183499528077;564;15172.183499528077;9990.008;1093.1612899783504;Evaluated;13.9606;2.4311;64;True;1;
84;2;23;2;normal;1;66aa499e9eb6;swap;25;30;;;;;;;;;;;;True;False;False;False;;ok;16455.65478745371;15613.681846531304;15613.681846531304;15172.183499528077;565;15172.183499528077;10003.988;841.9729409224055;Evaluated;11.5092;2.4664;64;True;1;
84;2;23;3;normal;1;66aa499e9eb6;move;;;62;50;;;;;;;;;;True;False;False;True;;ok;15681.260318063083;15613.681846531304;15613.681846531304;15172.183499528077;566;15172.183499528077;10025.5714;67.57847153177863;Evaluated;19.3516;2.2285;64;True;2;duplicate_for_same_parent_sequence
84;2;23;4;normal;1;66aa499e9eb6;move;;;50;35;;;;;;;;;;True;False;False;True;;ok;16373.175812100277;15613.681846531304;15613.681846531304;15172.183499528077;567;15172.183499528077;10043.4958;759.4939655689723;Evaluated;15.492;2.4295;64;True;1;
84;2;23;5;normal;1;66aa499e9eb6;move;;;28;15;;;;;;;;;;True;False;False;True;;ok;17646.12555797899;15613.681846531304;15613.681846531304;15172.183499528077;568;15172.183499528077;10061.4629;2032.443711447686;Evaluated;15.5228;2.4414;64;True;1;
84;2;23;;normal;2;;;;;;;;;;;;;;;;;;;;;End-of-iteration summary row;;;15613.681846531304;15172.183499528077;568;15172.183499528077;10061.4667;;IterationSummary;;;;;;
85;2;24;1;normal;2;66aa499e9eb6;move;;;8;3;;;;;;;;;;True;False;False;False;;ok;17455.667733548617;15613.681846531304;15613.681846531304;15172.183499528077;569;15172.183499528077;10084.6362;1841.985887017312;Evaluated;20.6904;2.4673;64;True;2;duplicate_for_same_parent_sequence
85;2;24;2;normal;2;66aa499e9eb6;swap;17;24;;;;;;;;;;;;True;False;False;False;;ok;15613.681846531304;15613.681846531304;15613.681846531304;15172.183499528077;570;15172.183499528077;10099.6341;0.0;Evaluated;12.7624;2.2314;64;True;1;
85;2;24;3;normal;2;66aa499e9eb6;reinsert_block;;;;;;;38;42;10;;;;;False;True;False;;;ok;;15613.681846531304;15613.681846531304;15172.183499528077;570;15172.183499528077;10120.1192;;DuplicateForSameParentSequenceAfterRetries;20.4826;;;;3;duplicate_for_same_parent_sequence
85;2;24;4;normal;2;66aa499e9eb6;move;;;42;17;;;;;;;;;;True;False;False;True;;ok;17092.629892181994;15613.681846531304;15613.681846531304;15172.183499528077;571;15172.183499528077;10133.1096;1478.94804565069;Evaluated;10.5284;2.461;64;True;2;duplicate_for_same_parent_sequence
85;2;24;5;normal;2;66aa499e9eb6;move;;;30;18;;;;;;;;;;True;False;False;True;;ok;16891.089450521893;15613.681846531304;15613.681846531304;15172.183499528077;572;15172.183499528077;10150.7773;1277.4076039905885;Evaluated;15.233;2.4341;64;True;2;duplicate_for_same_parent_sequence
85;2;24;;normal;3;;;;;;;;;;;;;;;;;;;;;End-of-iteration summary row;;;15613.681846531304;15172.183499528077;572;15172.183499528077;10150.7806;;IterationSummary;;;;;;
86;2;25;1;diversification;3;66aa499e9eb6;move;;;10;5;;;;;;;;;;True;False;False;False;;ok;15678.878833864821;15613.681846531304;15613.681846531304;15172.183499528077;573;15172.183499528077;10167.0616;65.19698733351652;Evaluated;14.0378;2.2325;64;True;1;
86;2;25;2;diversification;3;66aa499e9eb6;reinsert_block;;;;;;;20;24;5;;;;;True;False;False;True;;ok;17323.044127104644;15613.681846531304;15613.681846531304;15172.183499528077;574;15172.183499528077;10181.7744;1709.3622805733394;Evaluated;12.264;2.4456;64;True;1;
86;2;25;3;diversification;3;66aa499e9eb6;swap;32;45;;;;;;;;;;;;True;False;False;True;;ok;16434.572836373856;15613.681846531304;15613.681846531304;15172.183499528077;575;15172.183499528077;10199.8922;820.8909898425518;Evaluated;15.6586;2.4561;64;True;1;
86;2;25;4;diversification;3;66aa499e9eb6;move;;;52;45;;;;;;;;;;True;False;False;False;;ok;15876.01103190358;15613.681846531304;15613.681846531304;15172.183499528077;576;15172.183499528077;10222.8731;262.3291853722749;Evaluated;20.744;2.2342;64;True;2;duplicate_for_same_parent_sequence
86;2;25;5;diversification;3;66aa499e9eb6;swap;3;7;;;;;;;;;;;;True;False;False;False;;ok;16742.723442019567;15613.681846531304;15613.681846531304;15172.183499528077;577;15172.183499528077;10245.6227;1129.0415954882628;Evaluated;20.2673;2.4799;64;True;2;duplicate_for_same_parent_sequence
86;2;25;6;diversification;3;66aa499e9eb6;move;;;25;10;;;;;;;;;;True;False;False;True;;ok;17387.73027415249;15613.681846531304;15613.681846531304;15172.183499528077;578;15172.183499528077;10262.974;1774.0484276211864;Evaluated;14.8933;2.4571;64;True;2;duplicate_for_same_parent_sequence
86;2;25;7;diversification;3;66aa499e9eb6;swap;30;40;;;;;;;;;;;;True;False;False;False;;ok;15924.7074926024;15613.681846531304;15613.681846531304;15172.183499528077;579;15172.183499528077;10277.2056;311.02564607109525;Evaluated;12.0022;2.2266;64;True;2;duplicate_for_same_parent_sequence
86;2;25;8;diversification;3;66aa499e9eb6;move;;;15;20;;;;;;;;;;True;False;False;False;;ok;16427.986617397386;15613.681846531304;15613.681846531304;15172.183499528077;580;15172.183499528077;10288.4129;814.3047708660815;Evaluated;8.77;2.4346;64;True;1;
86;2;25;9;diversification;3;66aa499e9eb6;move;;;30;20;;;;;;;;;;True;False;False;True;;ok;16884.2245705003;15613.681846531304;15613.681846531304;15172.183499528077;581;15172.183499528077;10303.1174;1270.5427239689961;Evaluated;12.2493;2.4512;64;True;2;duplicate_for_same_parent_sequence
86;2;25;10;diversification;3;66aa499e9eb6;move;;;45;20;;;;;;;;;;True;False;False;True;;ok;17426.87580910762;15613.681846531304;15613.681846531304;15172.183499528077;582;15172.183499528077;10316.2538;1813.1939625763152;Evaluated;10.6813;2.4523;64;True;1;
86;2;25;;diversification;4;;;;;;;;;;;;;;;;;;;;;End-of-iteration summary row;;;15613.681846531304;15172.183499528077;582;15172.183499528077;10316.2569;;IterationSummary;;;;;;
87;2;26;1;diversification;4;66aa499e9eb6;move;;;10;25;;;;;;;;;;True;False;False;True;;ok;16903.545404098288;15613.681846531304;15613.681846531304;15172.183499528077;583;15172.183499528077;10342.3014;1289.8635575669832;Evaluated;23.5767;2.456;64;True;3;duplicate_for_same_parent_sequence
87;2;26;2;diversification;4;66aa499e9eb6;reinsert_block;;;;;;;25;30;16;;;;;True;False;False;True;;ok;16834.421947635514;15613.681846531304;15613.681846531304;15172.183499528077;584;15172.183499528077;10358.1259;1220.7401011042093;Evaluated;13.3855;2.4363;64;True;1;
87;2;26;3;diversification;4;66aa499e9eb6;swap;35;42;;;;;;;;;;;;True;False;False;False;;ok;15617.60951557403;15613.681846531304;15613.681846531304;15172.183499528077;585;15172.183499528077;10373.1895;3.9276690427250287;Evaluated;12.8146;2.2459;64;True;1;
87;2;26;4;diversification;4;66aa499e9eb6;reinsert_block;;;;;;;50;54;38;;;;;True;False;False;True;;ok;16406.300111256434;15613.681846531304;15613.681846531304;15172.183499528077;586;15172.183499528077;10389.0853;792.6182647251298;Evaluated;13.4613;2.4315;64;True;1;
87;2;26;5;diversification;4;66aa499e9eb6;swap;8;25;;;;;;;;;;;;True;False;False;True;;ok;17162.889229434695;15613.681846531304;15613.681846531304;15172.183499528077;587;15172.183499528077;10408.1211;1549.2073829033907;Evaluated;16.5995;2.4336;64;True;2;duplicate_for_same_parent_sequence
87;2;26;6;diversification;4;66aa499e9eb6;move;;;52;35;;;;;;;;;;True;False;False;True;;ok;16517.13298716394;15613.681846531304;15613.681846531304;15172.183499528077;588;15172.183499528077;10422.9221;903.4511406326346;Evaluated;12.3488;2.4487;64;True;1;
87;2;26;7;diversification;4;66aa499e9eb6;move;;;25;15;;;;;;;;;;True;False;False;True;;ok;17052.901156752218;15613.681846531304;15613.681846531304;15172.183499528077;589;15172.183499528077;10439.5779;1439.219310220913;Evaluated;14.2126;2.4392;64;True;2;duplicate_for_same_parent_sequence
87;2;26;8;diversification;4;66aa499e9eb6;swap;8;15;;;;;;;;;;;;True;False;False;False;;ok;17274.78787303948;15613.681846531304;15613.681846531304;15172.183499528077;590;15172.183499528077;10456.1196;1661.106026508176;Evaluated;14.1005;2.4403;64;True;2;duplicate_for_same_parent_sequence
87;2;26;9;diversification;4;66aa499e9eb6;move;;;34;28;;;;;;;;;;True;False;False;False;;ok;15613.681846531304;15613.681846531304;15613.681846531304;15172.183499528077;591;15172.183499528077;10472.7069;0.0;Evaluated;14.3524;2.2313;64;True;2;duplicate_for_same_parent_sequence
87;2;26;10;diversification;4;66aa499e9eb6;move;;;45;50;;;;;;;;;;True;False;False;False;;ok;15614.353866905702;15613.681846531304;15613.681846531304;15172.183499528077;592;15172.183499528077;10482.4193;0.6720203743971069;Evaluated;7.4622;2.2468;64;True;1;
87;2;26;;diversification;5;;;;;;;;;;;;;;;;;;;;;End-of-iteration summary row;;;15613.681846531304;15172.183499528077;592;15172.183499528077;10482.4228;;IterationSummary;;;;;;
88;2;27;1;diversification;5;66aa499e9eb6;move;;;7;20;;;;;;;;;;True;False;False;True;;ok;17098.856742272204;15613.681846531304;15613.681846531304;15172.183499528077;593;15172.183499528077;10496.919;1485.1748957409;Evaluated;12.0169;2.464;64;True;2;duplicate_for_same_parent_sequence
88;2;27;2;diversification;5;66aa499e9eb6;reinsert_block;;;;;;;16;25;38;;;;;True;False;False;True;;ok;16429.134805626807;15613.681846531304;15613.681846531304;15172.183499528077;594;15172.183499528077;10515.4379;815.4529590955026;Evaluated;16.088;2.4277;64;True;1;
88;2;27;3;diversification;5;66aa499e9eb6;swap;34;50;;;;;;;;;;;;True;False;False;True;;ok;17325.169992115312;15613.681846531304;15613.681846531304;15172.183499528077;595;15172.183499528077;10533.8266;1711.4881455840077;Evaluated;15.955;2.433;64;True;1;
88;2;27;4;diversification;5;66aa499e9eb6;move;;;60;48;;;;;;;;;;True;False;False;True;;ok;15692.3576256389;15613.681846531304;15613.681846531304;15172.183499528077;596;15172.183499528077;10555.4085;78.6757791075961;Evaluated;19.3208;2.2576;64;True;2;duplicate_for_same_parent_sequence
88;2;27;5;diversification;5;66aa499e9eb6;move;;;17;24;;;;;;;;;;True;False;False;False;;ok;15619.986030556953;15613.681846531304;15613.681846531304;15172.183499528077;597;15172.183499528077;10575.1766;6.304184025648283;Evaluated;17.5355;2.2295;64;True;1;
88;2;27;6;diversification;5;66aa499e9eb6;reinsert_block;;;;;;;45;50;32;;;;;True;False;False;True;;ok;17928.306893193618;15613.681846531304;15613.681846531304;15172.183499528077;598;15172.183499528077;10598.6731;2314.6250466623133;Evaluated;21.0658;2.4299;64;True;2;duplicate_for_same_parent_sequence
88;2;27;7;diversification;5;66aa499e9eb6;swap;20;40;;;;;;;;;;;;True;False;False;True;;ok;16880.786001745713;15613.681846531304;15613.681846531304;15172.183499528077;599;15172.183499528077;10618.482;1267.1041552144088;Evaluated;17.3415;2.4647;64;True;2;duplicate_for_same_parent_sequence
88;2;27;8;diversification;5;66aa499e9eb6;swap;28;45;;;;;;;;;;;;True;False;False;True;;ok;16444.37541421818;15613.681846531304;15613.681846531304;15172.183499528077;600;15172.183499528077;10630.779;830.6935676868743;Evaluated;9.8324;2.4617;64;True;2;duplicate_for_same_parent_sequence
88;2;27;9;diversification;5;66aa499e9eb6;move;;;24;30;;;;;;;;;;True;False;False;False;;ok;16457.02043668378;15613.681846531304;15613.681846531304;15172.183499528077;601;15172.183499528077;10642.0117;843.3385901524744;Evaluated;8.8007;2.4289;64;True;1;
88;2;27;10;diversification;5;66aa499e9eb6;swap;42;50;;;;;;;;;;;;True;False;False;False;;ok;16693.55541910824;15613.681846531304;15613.681846531304;15172.183499528077;602;15172.183499528077;10653.2833;1079.8735725769366;Evaluated;8.8347;2.4344;64;True;1;
88;2;27;;diversification;6;;;;;;;;;;;;;;;;;;;;;End-of-iteration summary row;;;15613.681846531304;15172.183499528077;602;15172.183499528077;10653.2862;;IterationSummary;;;;;;
89;2;28;1;diversification;6;66aa499e9eb6;move;;;15;30;;;;;;;;;;True;False;False;True;;ok;15609.750231085161;15613.681846531304;15613.681846531304;15172.183499528077;603;15172.183499528077;10671.4552;-3.9316154461430415;Evaluated;15.8908;2.2689;64;True;3;duplicate_for_same_parent_sequence
89;2;28;2;diversification;6;66aa499e9eb6;reinsert_block;;;;;;;18;24;35;;;;;True;False;False;True;;ok;16076.53058757382;15613.681846531304;15613.681846531304;15172.183499528077;604;15172.183499528077;10689.7654;462.84874104251503;Evaluated;16.0735;2.2335;64;True;1;
89;2;28;3;diversification;6;66aa499e9eb6;swap;32;47;;;;;;;;;;;;True;False;False;True;;ok;17165.445399279746;15613.681846531304;15613.681846531304;15172.183499528077;605;15172.183499528077;10711.9739;1551.7635527484417;Evaluated;19.7725;2.433;64;True;2;duplicate_for_same_parent_sequence
89;2;28;4;diversification;6;66aa499e9eb6;move;;;58;49;;;;;;;;;;True;False;False;False;;ok;15345.685374032118;15613.681846531304;15613.681846531304;15172.183499528077;606;15172.183499528077;10729.9743;-267.996472499186;EvaluatedImprovementDespiteDiversificationMismatch;15.7291;2.2704;64;True;1;
89;2;28;5;diversification;6;66aa499e9eb6;swap;3;8;;;;;;;;;;;;True;False;False;False;;ok;17382.102176699893;15613.681846531304;15613.681846531304;15172.183499528077;607;15172.183499528077;10748.1728;1768.4203301685884;Evaluated;15.7348;2.461;64;True;2;duplicate_for_same_parent_sequence
89;2;28;6;diversification;6;66aa499e9eb6;move;;;17;30;;;;;;;;;;True;False;False;True;;ok;16380.78929072888;15613.681846531304;15613.681846531304;15172.183499528077;608;15172.183499528077;10768.599;767.1074441975761;Evaluated;17.9878;2.4354;64;True;3;duplicate_for_same_parent_sequence
89;2;28;7;diversification;6;66aa499e9eb6;move;;;50;34;;;;;;;;;;True;False;False;True;;ok;16918.295851308503;15613.681846531304;15613.681846531304;15172.183499528077;609;15172.183499528077;10780.8899;1304.6140047771987;Evaluated;9.8327;2.4553;64;True;1;
89;2;28;8;diversification;6;66aa499e9eb6;move;;;8;15;;;;;;;;;;True;False;False;False;;ok;17064.600704390195;15613.681846531304;15613.681846531304;15172.183499528077;610;15172.183499528077;10791.5405;1450.918857858891;Evaluated;8.2008;2.4481;64;True;1;
89;2;28;9;diversification;6;66aa499e9eb6;move;;;25;30;;;;;;;;;;True;False;False;False;;ok;16447.67438501041;15613.681846531304;15613.681846531304;15172.183499528077;611;15172.183499528077;10804.5431;833.9925384791059;Evaluated;10.5698;2.4301;64;True;1;
89;2;28;10;diversification;6;66aa499e9eb6;move;;;48;36;;;;;;;;;;True;False;False;True;;ok;16241.62438398747;15613.681846531304;15613.681846531304;15172.183499528077;612;15172.183499528077;10821.5565;627.9425374561652;Evaluated;14.5785;2.4323;64;True;2;duplicate_for_same_parent_sequence
89;2;28;;diversification;0;;;;;;;;;;;;;;;;;;;;;End-of-iteration summary row;;;15345.685374032118;15172.183499528077;612;15172.183499528077;10821.5736;;IterationSummary;;;;;;
90;2;29;1;normal;0;a065467fb62c;move;;;10;5;;;;;;;;;;True;False;False;False;;ok;15244.205978800821;15345.685374032118;15345.685374032118;15172.183499528077;613;15172.183499528077;10836.1338;-101.47939523129753;Evaluated;12.3173;2.2354;64;True;1;
90;2;29;2;normal;0;a065467fb62c;swap;17;24;;;;;;;;;;;;True;False;False;False;;ok;15345.685374032118;15345.685374032118;15345.685374032118;15172.183499528077;614;15172.183499528077;10848.8474;0.0;Evaluated;10.4447;2.2658;64;True;1;
90;2;29;3;normal;0;a065467fb62c;reinsert_block;;;;;;;35;40;28;;;;;True;False;False;False;;ok;16484.81780387766;15345.685374032118;15345.685374032118;15172.183499528077;615;15172.183499528077;10866.7115;1139.132429845542;Evaluated;15.4005;2.4604;64;True;1;
90;2;29;4;normal;0;a065467fb62c;move;;;59;48;;;;;;;;;;True;False;False;True;;ok;15700.16560300941;15345.685374032118;15345.685374032118;15172.183499528077;616;15172.183499528077;10881.7723;354.4802289772906;Evaluated;12.8258;2.2341;64;True;1;
90;2;29;5;normal;0;a065467fb62c;move;;;28;10;;;;;;;;;;True;False;False;True;;ok;17195.135689109535;15345.685374032118;15345.685374032118;15172.183499528077;617;15172.183499528077;10896.8216;1849.4503150774162;Evaluated;12.6123;2.4339;64;True;1;
90;2;29;;normal;0;;;;;;;;;;;;;;;;;;;;;End-of-iteration summary row;;;15244.205978800821;15172.183499528077;617;15172.183499528077;10896.8278;;IterationSummary;;;;;;
91;2;30;1;normal;0;3d1a07ff5596;move;;;8;15;;;;;;;;;;True;False;False;False;;ok;15729.749693677224;15244.205978800821;15244.205978800821;15172.183499528077;618;15172.183499528077;10913.4015;485.5437148764031;Evaluated;14.3012;2.266;64;True;1;
91;2;30;2;normal;0;3d1a07ff5596;swap;20;25;;;;;;;;;;;;True;False;False;False;;ok;16867.586185860324;15244.205978800821;15244.205978800821;15172.183499528077;619;15172.183499528077;10924.5388;1623.380207059503;Evaluated;8.6992;2.4349;64;True;1;
91;2;30;3;normal;0;3d1a07ff5596;reinsert_block;;;;;;;35;40;28;;;;;True;False;False;False;;ok;16552.68288060198;15244.205978800821;15244.205978800821;15172.183499528077;620;15172.183499528077;10936.0176;1308.4769018011593;Evaluated;9.034;2.4413;64;True;1;
91;2;30;4;normal;0;3d1a07ff5596;move;;;50;34;;;;;;;;;;True;False;False;True;;ok;16700.244051865287;15244.205978800821;15244.205978800821;15172.183499528077;621;15172.183499528077;10947.1212;1456.0380730644665;Evaluated;8.6743;2.4268;64;True;1;
91;2;30;5;normal;0;3d1a07ff5596;move;;;25;30;;;;;;;;;;True;False;False;False;;ok;16234.303717482959;15244.205978800821;15244.205978800821;15172.183499528077;622;15172.183499528077;10958.215;990.0977386821378;Evaluated;8.6572;2.4358;64;True;1;
91;2;30;;normal;1;;;;;;;;;;;;;;;;;;;;;End-of-iteration summary row;;;15244.205978800821;15172.183499528077;622;15172.183499528077;10958.2179;;IterationSummary;;;;;;
92;2;31;1;normal;1;3d1a07ff5596;move;;;10;5;;;;;;;;;;True;False;False;False;;ok;17529.410783185253;15244.205978800821;15244.205978800821;15172.183499528077;623;15172.183499528077;10970.1241;2285.2048043844316;Evaluated;9.4285;2.4631;64;True;1;
92;2;31;2;normal;1;3d1a07ff5596;swap;20;24;;;;;;;;;;;;True;False;False;False;;ok;15254.198977105327;15244.205978800821;15244.205978800821;15172.183499528077;624;15172.183499528077;10982.843;9.992998304505818;Evaluated;10.4567;2.2593;64;True;1;
92;2;31;3;normal;1;3d1a07ff5596;move;;;36;29;;;;;;;;;;True;False;False;False;;ok;16099.719412084924;15244.205978800821;15244.205978800821;15172.183499528077;625;15172.183499528077;11006.3628;855.5134332841026;Evaluated;21.0816;2.4356;64;True;2;duplicate_for_same_parent_sequence
92;2;31;4;normal;1;3d1a07ff5596;move;;;50;38;;;;;;;;;;True;False;False;True;;ok;15862.241739668953;15244.205978800821;15244.205978800821;15172.183499528077;626;15172.183499528077;11025.2899;618.0357608681315;Evaluated;16.6653;2.2589;64;True;1;
92;2;31;5;normal;1;3d1a07ff5596;move;;;45;10;;;;;;;;;;True;False;False;True;;ok;17209.122285290978;15244.205978800821;15244.205978800821;15172.183499528077;627;15172.183499528077;11039.6145;1964.9163064901568;Evaluated;11.8706;2.4511;64;True;1;
92;2;31;;normal;2;;;;;;;;;;;;;;;;;;;;;End-of-iteration summary row;;;15244.205978800821;15172.183499528077;627;15172.183499528077;11039.6172;;IterationSummary;;;;;;
93;2;32;1;normal;2;3d1a07ff5596;move;;;7;3;;;;;;;;;;True;False;False;False;;ok;17219.372487912246;15244.205978800821;15244.205978800821;15172.183499528077;628;15172.183499528077;11057.887;1975.1665091114246;Evaluated;15.8264;2.4301;64;True;1;
93;2;32;2;normal;2;3d1a07ff5596;move;;;18;22;;;;;;;;;;True;False;False;False;;ok;16684.287509074726;15244.205978800821;15244.205978800821;15172.183499528077;629;15172.183499528077;11077.8151;1440.0815302739047;Evaluated;17.4919;2.4354;64;True;2;duplicate_for_same_parent_sequence
93;2;32;3;normal;2;3d1a07ff5596;move;;;36;17;;;;;;;;;;True;False;False;True;;ok;17028.126999318818;15244.205978800821;15244.205978800821;15172.183499528077;630;15172.183499528077;11094.9571;1783.921020517997;Evaluated;14.6744;2.4669;64;True;2;duplicate_for_same_parent_sequence
93;2;32;4;normal;2;3d1a07ff5596;move;;;52;49;;;;;;;;;;True;False;False;False;;ok;15501.609292606467;15244.205978800821;15244.205978800821;15172.183499528077;631;15172.183499528077;11108.9723;257.40331380564567;Evaluated;11.7844;2.2279;64;True;1;
93;2;32;5;normal;2;3d1a07ff5596;move;;;20;15;;;;;;;;;;True;False;False;False;;ok;16682.876912198393;15244.205978800821;15244.205978800821;15172.183499528077;632;15172.183499528077;11123.0262;1438.6709333975723;Evaluated;11.618;2.4333;64;True;1;
93;2;32;;normal;3;;;;;;;;;;;;;;;;;;;;;End-of-iteration summary row;;;15244.205978800821;15172.183499528077;632;15172.183499528077;11123.0291;;IterationSummary;;;;;;
94;2;33;1;diversification;3;3d1a07ff5596;move;;;10;25;;;;;;;;;;True;False;False;True;;ok;15247.589285277068;15244.205978800821;15244.205978800821;15172.183499528077;633;15172.183499528077;11146.2043;3.383306476247526;Evaluated;20.9283;2.2361;64;True;3;duplicate_for_same_parent_sequence
94;2;33;2;diversification;3;3d1a07ff5596;reinsert_block;;;;;;;18;24;35;;;;;True;False;False;True;;ok;16488.86952347004;15244.205978800821;15244.205978800821;15172.183499528077;634;15172.183499528077;11160.9719;1244.663544669218;Evaluated;12.3341;2.4303;64;True;1;
94;2;33;3;diversification;3;3d1a07ff5596;swap;35;42;;;;;;;;;;;;True;False;False;False;;ok;15245.734051392823;15244.205978800821;15244.205978800821;15172.183499528077;635;15172.183499528077;11175.1983;1.5280725920019904;Evaluated;11.9918;2.2308;64;True;1;
94;2;33;4;diversification;3;3d1a07ff5596;move;;;30;18;;;;;;;;;;True;False;False;True;;ok;16692.117564826753;15244.205978800821;15244.205978800821;15172.183499528077;636;15172.183499528077;11193.1748;1447.9115860259317;Evaluated;15.5435;2.4291;64;True;2;duplicate_for_same_parent_sequence
94;2;33;5;diversification;3;3d1a07ff5596;swap;10;17;;;;;;;;;;;;True;False;False;False;;ok;15244.205978800821;15244.205978800821;15244.205978800821;15172.183499528077;637;15172.183499528077;11210.1232;0.0;Evaluated;14.6816;2.2638;64;True;2;duplicate_for_same_parent_sequence
94;2;33;6;diversification;3;3d1a07ff5596;move;;;40;20;;;;;;;;;;True;False;False;True;;ok;15251.237496910559;15244.205978800821;15244.205978800821;15172.183499528077;638;15172.183499528077;11230.7331;7.03151810973759;Evaluated;18.3501;2.2569;64;True;2;duplicate_for_same_parent_sequence
94;2;33;7;diversification;3;3d1a07ff5596;swap;10;15;;;;;;;;;;;;True;False;False;False;;ok;17069.859405614305;15244.205978800821;15244.205978800821;15172.183499528077;639;15172.183499528077;11249.5015;1825.6534268134837;Evaluated;16.3272;2.4385;64;True;2;duplicate_for_same_parent_sequence
94;2;33;8;diversification;3;3d1a07ff5596;move;;;8;12;;;;;;;;;;True;False;False;False;;ok;17327.956422312294;15244.205978800821;15244.205978800821;15172.183499528077;640;15172.183499528077;11263.9258;2083.7504435114733;Evaluated;11.9757;2.4458;64;True;1;
94;2;33;9;diversification;3;3d1a07ff5596;move;;;28;19;;;;;;;;;;True;False;False;False;;ok;16948.88399608251;15244.205978800821;15244.205978800821;15172.183499528077;641;15172.183499528077;11281.9615;1704.6780172816889;Evaluated;15.5803;2.4523;64;True;2;duplicate_for_same_parent_sequence
94;2;33;10;diversification;3;3d1a07ff5596;move;;;53;41;;;;;;;;;;True;False;False;True;;ok;16825.811464717808;15244.205978800821;15244.205978800821;15172.183499528077;642;15172.183499528077;11296.4974;1581.6054859169872;Evaluated;12.1042;2.4295;64;True;1;
94;2;33;;diversification;4;;;;;;;;;;;;;;;;;;;;;End-of-iteration summary row;;;15244.205978800821;15172.183499528077;642;15172.183499528077;11296.5003;;IterationSummary;;;;;;
95;2;34;1;diversification;4;3d1a07ff5596;move;;;8;20;;;;;;;;;;True;False;False;True;;ok;16894.055796632405;15244.205978800821;15244.205978800821;15172.183499528077;643;15172.183499528077;11313.0106;1649.849817831584;Evaluated;14.0723;2.4302;64;True;1;
95;2;34;2;diversification;4;3d1a07ff5596;move;;;20;30;;;;;;;;;;True;False;False;True;;ok;16697.65714370543;15244.205978800821;15244.205978800821;15172.183499528077;644;15172.183499528077;11330.4839;1453.451164904609;Evaluated;15.0113;2.4586;64;True;2;duplicate_for_same_parent_sequence
95;2;34;3;diversification;4;3d1a07ff5596;swap;34;50;;;;;;;;;;;;True;False;False;True;;ok;16725.58566669289;15244.205978800821;15244.205978800821;15172.183499528077;645;15172.183499528077;11350.0808;1481.3796878920675;Evaluated;17.1604;2.4332;64;True;1;
95;2;34;4;diversification;4;3d1a07ff5596;move;;;50;45;;;;;;;;;;True;False;False;False;;ok;15309.399007350046;15244.205978800821;15244.205978800821;15172.183499528077;646;15172.183499528077;11369.7535;65.19302854922535;Evaluated;17.3911;2.2788;64;True;1;
95;2;34;5;diversification;4;3d1a07ff5596;swap;3;7;;;;;;;;;;;;True;False;False;False;;ok;17471.299081742836;15244.205978800821;15244.205978800821;15172.183499528077;647;15172.183499528077;11389.1949;2227.0931029420153;Evaluated;16.9737;2.4652;64;True;2;duplicate_for_same_parent_sequence
95;2;34;6;diversification;4;3d1a07ff5596;move;;;30;18;;;;;;;;;;False;True;False;;;ok;;15244.205978800821;15244.205978800821;15172.183499528077;647;15172.183499528077;11409.5726;;DuplicateForSameParentSequenceAfterRetries;20.375;;;;3;duplicate_for_same_parent_sequence
95;2;34;7;diversification;4;3d1a07ff5596;move;;;45;25;;;;;;;;;;True;False;False;True;;ok;16164.997005693578;15244.205978800821;15244.205978800821;15172.183499528077;648;15172.183499528077;11428.4527;920.7910268927571;Evaluated;16.3964;2.4827;64;True;2;duplicate_for_same_parent_sequence
95;2;34;8;diversification;4;3d1a07ff5596;move;;;30;45;;;;;;;;;;True;False;False;True;;ok;15257.698483090031;15244.205978800821;15244.205978800821;15172.183499528077;649;15172.183499528077;11440.9432;13.492504289210046;Evaluated;10.2339;2.2559;64;True;2;duplicate_for_same_parent_sequence
95;2;34;9;diversification;4;3d1a07ff5596;move;;;28;10;;;;;;;;;;True;False;False;True;;ok;16699.519378871326;15244.205978800821;15244.205978800821;15172.183499528077;650;15172.183499528077;11452.0351;1455.313400070505;Evaluated;8.6366;2.4521;64;True;1;
95;2;34;10;diversification;4;3d1a07ff5596;move;;;50;41;;;;;;;;;;True;False;False;False;;ok;16546.071259512937;15244.205978800821;15244.205978800821;15172.183499528077;651;15172.183499528077;11465.1177;1301.8652807121161;Evaluated;10.6336;2.4462;64;True;1;
95;2;34;;diversification;5;;;;;;;;;;;;;;;;;;;;;End-of-iteration summary row;;;15244.205978800821;15172.183499528077;651;15172.183499528077;11465.1185;;IterationSummary;;;;;;
96;2;35;1;diversification;5;3d1a07ff5596;move;;;5;30;;;;;;;;;;True;False;False;True;;ok;16239.435102968448;15244.205978800821;15244.205978800821;15172.183499528077;652;15172.183499528077;11489.8682;995.2291241676267;Evaluated;22.3129;2.4295;64;True;2;duplicate_for_same_parent_sequence
96;2;35;2;diversification;5;3d1a07ff5596;reinsert_block;;;;;;;25;30;16;;;;;True;False;False;True;;ok;16613.547866272223;15244.205978800821;15244.205978800821;15172.183499528077;653;15172.183499528077;11507.819;1369.3418874714025;Evaluated;15.4569;2.4907;64;True;1;
96;2;35;3;diversification;5;3d1a07ff5596;swap;38;46;;;;;;;;;;;;True;False;False;False;;ok;15613.238509506487;15244.205978800821;15244.205978800821;15172.183499528077;654;15172.183499528077;11525.2913;369.03253070566643;Evaluated;15.2054;2.2644;64;True;2;duplicate_for_same_parent_sequence
96;2;35;4;diversification;5;3d1a07ff5596;move;;;52;38;;;;;;;;;;True;False;False;True;;ok;15972.002230044789;15244.205978800821;15244.205978800821;15172.183499528077;655;15172.183499528077;11539.8608;727.7962512439681;Evaluated;12.331;2.2357;64;True;2;duplicate_for_same_parent_sequence
96;2;35;5;diversification;5;3d1a07ff5596;move;;;15;8;;;;;;;;;;True;False;False;False;;ok;16613.24356404695;15244.205978800821;15244.205978800821;15172.183499528077;656;15172.183499528077;11550.25;1369.0375852461275;Evaluated;7.9231;2.4634;64;True;1;
96;2;35;6;diversification;5;3d1a07ff5596;move;;;40;55;;;;;;;;;;True;False;False;True;;ok;15244.205978800821;15244.205978800821;15244.205978800821;15172.183499528077;657;15172.183499528077;11563.1599;0.0;Evaluated;10.6476;2.2595;64;True;1;
96;2;35;7;diversification;5;3d1a07ff5596;move;;;28;15;;;;;;;;;;True;False;False;True;;ok;17432.462720926313;15244.205978800821;15244.205978800821;15172.183499528077;658;15172.183499528077;11580.984;2188.2567421254917;Evaluated;15.3931;2.4276;64;True;1;
96;2;35;8;diversification;5;3d1a07ff5596;move;;;20;35;;;;;;;;;;True;False;False;True;;ok;16232.306251393646;15244.205978800821;15244.205978800821;15172.183499528077;659;15172.183499528077;11598.9767;988.1002725928247;Evaluated;15.5583;2.4317;64;True;1;
96;2;35;9;diversification;5;3d1a07ff5596;move;;;25;10;;;;;;;;;;True;False;False;True;;ok;17141.94602168264;15244.205978800821;15244.205978800821;15172.183499528077;660;15172.183499528077;11617.1229;1897.74004288182;Evaluated;15.7116;2.4314;64;True;1;
96;2;35;10;diversification;5;3d1a07ff5596;move;;;40;50;;;;;;;;;;True;False;False;True;;ok;15796.978127199343;15244.205978800821;15244.205978800821;15172.183499528077;661;15172.183499528077;11634.4424;552.7721483985224;Evaluated;15.057;2.2592;64;True;1;
96;2;35;;diversification;6;;;;;;;;;;;;;;;;;;;;;End-of-iteration summary row;;;15244.205978800821;15172.183499528077;661;15172.183499528077;11634.445;;IterationSummary;;;;;;
97;2;36;1;diversification;6;3d1a07ff5596;move;;;34;20;;;;;;;;;;True;False;False;True;;ok;16776.38376780056;15244.205978800821;15244.205978800821;15172.183499528077;662;15172.183499528077;11656.0144;1532.1777889997375;Evaluated;19.1269;2.43;64;True;2;duplicate_for_same_parent_sequence
97;2;36;2;diversification;6;3d1a07ff5596;move;;;40;35;;;;;;;;;;True;False;False;False;;ok;16231.41312155303;15244.205978800821;15244.205978800821;15172.183499528077;663;15172.183499528077;11674.3629;987.2071427522096;Evaluated;15.8849;2.4606;64;True;2;duplicate_for_same_parent_sequence
97;2;36;3;diversification;6;3d1a07ff5596;swap;35;40;;;;;;;;;;;;True;False;False;False;;ok;15845.539277731386;15244.205978800821;15244.205978800821;15172.183499528077;664;15172.183499528077;11684.2453;601.3332989305654;Evaluated;7.6182;2.2634;64;True;1;
97;2;36;4;diversification;6;3d1a07ff5596;move;;;50;48;;;;;;;;;;True;False;False;False;;ok;15244.205978800821;15244.205978800821;15244.205978800821;15172.183499528077;665;15172.183499528077;11697.5078;0.0;Evaluated;10.9963;2.2632;64;True;1;
97;2;36;5;diversification;6;3d1a07ff5596;swap;17;24;;;;;;;;;;;;True;False;False;False;;ok;16679.569483441563;15244.205978800821;15244.205978800821;15172.183499528077;666;15172.183499528077;11716.5885;1435.3635046407417;Evaluated;16.6446;2.4335;64;True;2;duplicate_for_same_parent_sequence
97;2;36;6;diversification;6;3d1a07ff5596;reinsert_block;;;;;;;45;52;35;;;;;True;False;False;True;;ok;16376.194135216407;15244.205978800821;15244.205978800821;15172.183499528077;667;15172.183499528077;11736.0471;1131.9881564155858;Evaluated;17.0116;2.4435;64;True;2;duplicate_for_same_parent_sequence
97;2;36;7;diversification;6;3d1a07ff5596;move;;;62;35;;;;;;;;;;True;False;False;True;;ok;15631.788515515029;15244.205978800821;15244.205978800821;15172.183499528077;668;15172.183499528077;11750.4216;387.5825367142079;Evaluated;12.1228;2.2484;64;True;1;
97;2;36;8;diversification;6;3d1a07ff5596;move;;;18;30;;;;;;;;;;True;False;False;True;;ok;16619.584965935443;15244.205978800821;15244.205978800821;15172.183499528077;669;15172.183499528077;11767.3497;1375.3789871346216;Evaluated;14.4897;2.4351;64;True;2;duplicate_for_same_parent_sequence
97;2;36;9;diversification;6;3d1a07ff5596;move;;;24;35;;;;;;;;;;True;False;False;True;;ok;15750.625659990426;15244.205978800821;15244.205978800821;15172.183499528077;670;15172.183499528077;11780.3751;506.4196811896054;Evaluated;10.7925;2.2298;64;True;1;
97;2;36;10;diversification;6;3d1a07ff5596;move;;;45;30;;;;;;;;;;True;False;False;True;;ok;15726.277599398683;15244.205978800821;15244.205978800821;15172.183499528077;671;15172.183499528077;11793.379;482.0716205978624;Evaluated;10.775;2.2263;64;True;1;
97;2;36;;diversification;7;;;;;;;;;;;;;;;;;;;;;End-of-iteration summary row;;;15244.205978800821;15172.183499528077;671;15172.183499528077;11793.3822;;IterationSummary;;;;;;
98;2;37;1;diversification;7;3d1a07ff5596;move;;;15;25;;;;;;;;;;True;False;False;True;;ok;15247.900999418818;15244.205978800821;15244.205978800821;15172.183499528077;672;15172.183499528077;11814.0906;3.6950206179972156;Evaluated;18.4275;2.2687;64;True;3;duplicate_for_same_parent_sequence
98;2;37;2;diversification;7;3d1a07ff5596;reinsert_block;;;;;;;20;27;16;;;;;True;False;False;False;;ok;16696.61591270283;15244.205978800821;15244.205978800821;15172.183499528077;673;15172.183499528077;11832.5808;1452.4099339020086;Evaluated;16.0503;2.4369;64;True;1;
98;2;37;3;diversification;7;3d1a07ff5596;swap;38;42;;;;;;;;;;;;True;False;False;False;;ok;15309.399007350046;15244.205978800821;15244.205978800821;15172.183499528077;674;15172.183499528077;11850.5623;65.19302854922535;Evaluated;15.7482;2.2308;64;True;1;
98;2;37;4;diversification;7;3d1a07ff5596;move;;;62;30;;;;;;;;;;True;False;False;True;;ok;17490.95650980414;15244.205978800821;15244.205978800821;15172.183499528077;675;15172.183499528077;11868.5563;2246.7505310033175;Evaluated;15.5404;2.4511;64;True;2;duplicate_for_same_parent_sequence
98;2;37;5;diversification;7;3d1a07ff5596;move;;;34;20;;;;;;;;;;False;True;False;;;ok;;15244.205978800821;15244.205978800821;15172.183499528077;675;15172.183499528077;11887.587;;DuplicateForSameParentSequenceAfterRetries;19.028;;;;3;duplicate_for_same_parent_sequence
98;2;37;6;diversification;7;3d1a07ff5596;move;;;52;35;;;;;;;;;;True;False;False;True;;ok;16227.709117842016;15244.205978800821;15244.205978800821;15172.183499528077;676;15172.183499528077;11901.9705;983.503139041195;Evaluated;11.9554;2.4271;64;True;1;
98;2;37;7;diversification;7;3d1a07ff5596;move;;;40;15;;;;;;;;;;True;False;False;True;;ok;16730.75790775076;15244.205978800821;15244.205978800821;15172.183499528077;677;15172.183499528077;11923.4391;1486.5519289499407;Evaluated;19.0196;2.4484;64;True;3;duplicate_for_same_parent_sequence
98;2;37;8;diversification;7;3d1a07ff5596;move;;;17;24;;;;;;;;;;True;False;False;False;;ok;15241.978189042451;15244.205978800821;15244.205978800821;15172.183499528077;678;15172.183499528077;11944.6868;-2.2277897583699087;EvaluatedImprovementDespiteDiversificationMismatch;19.0126;2.2343;64;True;3;duplicate_for_same_parent_sequence
98;2;37;9;diversification;7;3d1a07ff5596;move;;;30;45;;;;;;;;;;False;True;True;;;ok;;15244.205978800821;15244.205978800821;15172.183499528077;678;15172.183499528077;11963.6769;;DuplicateForSameParentSequenceAfterRetries;18.9874;;;;3;duplicate_for_same_parent_sequence
98;2;37;10;diversification;7;3d1a07ff5596;swap;37;42;;;;;;;;;;;;True;False;False;False;;ok;15303.307410312855;15244.205978800821;15244.205978800821;15172.183499528077;679;15172.183499528077;11981.4975;59.10143151203374;Evaluated;15.5826;2.237;64;True;2;duplicate_for_same_parent_sequence
98;2;37;;diversification;0;;;;;;;;;;;;;;;;;;;;;End-of-iteration summary row;;;15241.978189042451;15172.183499528077;679;15172.183499528077;11981.5173;;IterationSummary;;;;;;
99;2;38;1;normal;0;ee192009e48c;move;;;8;15;;;;;;;;;;True;False;False;False;;ok;15736.042091672109;15241.978189042451;15241.978189042451;15172.183499528077;680;15172.183499528077;11993.6936;494.0639026296576;Evaluated;9.9081;2.2624;64;True;1;
99;2;38;2;normal;0;ee192009e48c;swap;20;25;;;;;;;;;;;;True;False;False;False;;ok;16127.746713597051;15241.978189042451;15241.978189042451;15172.183499528077;681;15172.183499528077;12006.777;885.7685245545999;Evaluated;10.6483;2.4318;64;True;1;
99;2;38;3;normal;0;ee192009e48c;reinsert_block;;;;;;;35;40;25;;;;;True;False;False;True;;ok;16118.90189915898;15241.978189042451;15241.978189042451;15172.183499528077;682;15172.183499528077;12020.178;876.923710116529;Evaluated;10.9682;2.4298;64;True;1;
99;2;38;4;normal;0;ee192009e48c;move;;;50;48;;;;;;;;;;True;False;False;False;;ok;15241.978189042451;15241.978189042451;15241.978189042451;15172.183499528077;683;15172.183499528077;12033.0285;0.0;Evaluated;10.6206;2.227;64;True;1;
99;2;38;5;normal;0;ee192009e48c;move;;;52;35;;;;;;;;;;True;False;False;True;;ok;16236.10331842601;15241.978189042451;15241.978189042451;15172.183499528077;684;15172.183499528077;12045.0414;994.1251293835594;Evaluated;9.5345;2.4754;64;True;1;
99;2;38;;normal;1;;;;;;;;;;;;;;;;;;;;;End-of-iteration summary row;;;15241.978189042451;15172.183499528077;684;15172.183499528077;12045.0432;;IterationSummary;;;;;;
100;2;39;1;normal;1;ee192009e48c;move;;;7;3;;;;;;;;;;True;False;False;False;;ok;17229.235601861263;15241.978189042451;15241.978189042451;15172.183499528077;685;15172.183499528077;12069.3387;1987.2574128188116;Evaluated;21.8537;2.4342;64;True;2;duplicate_for_same_parent_sequence
100;2;39;2;normal;1;ee192009e48c;swap;17;30;;;;;;;;;;;;True;False;False;True;;ok;16267.856981322868;15241.978189042451;15241.978189042451;15172.183499528077;686;15172.183499528077;12090.8869;1025.8787922804167;Evaluated;19.1191;2.4263;64;True;2;duplicate_for_same_parent_sequence
100;2;39;3;normal;1;ee192009e48c;move;;;37;15;;;;;;;;;;True;False;False;True;;ok;17406.59800795153;15241.978189042451;15241.978189042451;15172.183499528077;687;15172.183499528077;12108.6997;2164.6198189090774;Evaluated;15.3497;2.4606;64;True;2;duplicate_for_same_parent_sequence
100;2;39;4;normal;1;ee192009e48c;move;;;37;20;;;;;;;;;;True;False;False;True;;ok;17013.646535620697;15241.978189042451;15241.978189042451;15172.183499528077;688;15172.183499528077;12125.8844;1771.6683465782462;Evaluated;14.7213;2.4598;64;True;2;duplicate_for_same_parent_sequence
100;2;39;5;normal;1;ee192009e48c;move;;;30;15;;;;;;;;;;True;False;False;True;;ok;15660.56280205917;15241.978189042451;15241.978189042451;15172.183499528077;689;15172.183499528077;12140.9678;418.58461301671923;Evaluated;12.8539;2.227;64;True;1;
100;2;39;;normal;2;;;;;;;;;;;;;;;;;;;;;End-of-iteration summary row;;;15241.978189042451;15172.183499528077;689;15172.183499528077;12140.9686;;IterationSummary;;;;;;
100;2;39;;;2;;;;;;;;;;;;;;;;;;;;;PartB | PartC | PartD | PartE | PartC | PartF | PartG | PartA | PartB | PartD | PartH | PartE | PartF | PartG | PartH | PartA | PartB | PartC | PartD | PartE | PartF | PartG | PartH | PartA | PartB | PartC | PartD | PartE | PartF | PartG | PartA | PartH | PartH | PartB | PartC | PartA | PartD | PartE | PartF | PartG | PartH | PartB | PartC | PartD | PartE | PartF | PartG | PartA | PartE | PartA | PartB | PartH | PartC | PartD | PartE | PartF | PartG | PartA | PartB | PartC | PartD | PartF | PartG | PartH;;;15241.978189042451;15172.183499528077;689;15172.183499528077;12140.9697;;FinalGlobalBestSequence;;;;;;
