iteration;restart_id;iteration_in_restart;candidate_in_iteration;search_mode;no_improvement_count_before_iteration;parent_sequence_signature;action;swap_i;swap_j;move_from;move_to;reverse_start;reverse_end;reinsert_block_start;reinsert_block_end;reinsert_block_to;swap_blocks_start1;swap_blocks_end1;swap_blocks_start2;swap_blocks_end2;valid;duplicate_for_same_parent_sequence;recently_rejected_for_same_parent_sequence;diversification_compatible;parse_error;validation_message;resulting_makespan;best_makespan_before;best_makespan_after;global_best_makespan_after;completed_simulations;actual_global_best_makespan;elapsed_optimization_time_sec;delta_vs_best_before;status;llm_time_sec;simulation_time_sec;exited_parts;completion_valid;llm_attempts;retry_reason
1;1;1;1;normal;0;0f63cf6f404e;move;;;10;5;;;;;;;;;;True;False;False;False;;ok;15621.654598931518;16630.57522948563;16630.57522948563;16630.57522948563;2;16630.57522948563;15.5175;-1008.9206305541102;Evaluated;13.2797;2.2304;64;True;1;
1;1;1;2;normal;0;0f63cf6f404e;swap;17;20;;;;;;;;;;;;True;False;False;False;;ok;17336.45179899488;16630.57522948563;16630.57522948563;16630.57522948563;3;16630.57522948563;22.8436;705.8765695092516;Evaluated;4.8946;2.4288;64;True;1;
1;1;1;3;normal;0;0f63cf6f404e;reinsert_block;;;;;;;35;40;28;;;;;True;False;False;False;;ok;16828.62227351849;16630.57522948563;16630.57522948563;16630.57522948563;4;16630.57522948563;30.3677;198.04704403286087;Evaluated;5.0892;2.4343;64;True;1;
1;1;1;4;normal;0;0f63cf6f404e;move;;;50;49;;;;;;;;;;True;False;False;False;;ok;16173.884877771556;16630.57522948563;16630.57522948563;16630.57522948563;5;16630.57522948563;37.4704;-456.6903517140727;Evaluated;4.6682;2.432;64;True;1;
1;1;1;5;normal;0;0f63cf6f404e;move;;;24;16;;;;;;;;;;True;False;False;False;;ok;17219.963806540567;16630.57522948563;16630.57522948563;16630.57522948563;6;16630.57522948563;44.6404;589.3885770549387;Evaluated;4.7368;2.4309;64;True;1;
1;1;1;;normal;0;;;;;;;;;;;;;;;;;;;;;End-of-iteration summary row;;;15621.654598931518;15621.654598931518;6;15621.654598931518;44.6622;;IterationSummary;;;;;;
2;1;2;1;normal;0;457c4bc75f95;move;;;7;3;;;;;;;;;;True;False;False;False;;ok;17908.98146210957;15621.654598931518;15621.654598931518;15621.654598931518;7;15621.654598931518;52.4047;2287.32686317805;Evaluated;5.3031;2.4332;64;True;1;
2;1;2;2;normal;0;457c4bc75f95;swap;18;25;;;;;;;;;;;;True;False;False;False;;ok;17350.49494750648;15621.654598931518;15621.654598931518;15621.654598931518;8;15621.654598931518;60.1696;1728.8403485749604;Evaluated;5.3311;2.4332;64;True;1;
2;1;2;3;normal;0;457c4bc75f95;reinsert_block;;;;;;;35;40;28;;;;;True;False;False;False;;ok;16717.122090524463;15621.654598931518;15621.654598931518;15621.654598931518;9;15621.654598931518;68.3743;1095.4674915929445;Evaluated;5.7757;2.4267;64;True;1;
2;1;2;4;normal;0;457c4bc75f95;move;;;50;47;;;;;;;;;;True;False;False;False;;ok;15626.130230567811;15621.654598931518;15621.654598931518;15621.654598931518;10;15621.654598931518;75.7444;4.475631636292746;Evaluated;5.1403;2.2292;64;True;1;
2;1;2;5;normal;0;457c4bc75f95;move;;;25;10;;;;;;;;;;True;False;False;True;;ok;17734.824505912027;15621.654598931518;15621.654598931518;15621.654598931518;11;15621.654598931518;83.2991;2113.169906980509;Evaluated;5.1278;2.4244;64;True;1;
2;1;2;;normal;1;;;;;;;;;;;;;;;;;;;;;End-of-iteration summary row;;;15621.654598931518;15621.654598931518;11;15621.654598931518;83.3017;;IterationSummary;;;;;;
3;1;3;1;normal;1;457c4bc75f95;move;;;5;10;;;;;;;;;;True;False;False;False;;ok;16630.57522948563;15621.654598931518;15621.654598931518;15621.654598931518;12;15621.654598931518;94.5715;1008.9206305541102;Evaluated;8.8209;2.4298;64;True;2;duplicate_for_same_parent_sequence
3;1;3;2;normal;1;457c4bc75f95;swap;20;25;;;;;;;;;;;;True;False;False;False;;ok;17724.428182261432;15621.654598931518;15621.654598931518;15621.654598931518;13;15621.654598931518;102.1381;2102.773583329914;Evaluated;5.1345;2.4291;64;True;1;
3;1;3;3;normal;1;457c4bc75f95;move;;;37;29;;;;;;;;;;True;False;False;False;;ok;17173.775490853324;15621.654598931518;15621.654598931518;15621.654598931518;14;15621.654598931518;113.5994;1552.120891921806;Evaluated;9.0258;2.4328;64;True;2;duplicate_for_same_parent_sequence
3;1;3;4;normal;1;457c4bc75f95;move;;;50;49;;;;;;;;;;True;False;False;False;;ok;15625.01498102131;15621.654598931518;15621.654598931518;15621.654598931518;15;15621.654598931518;121.1804;3.3603820897915284;Evaluated;5.3453;2.2332;64;True;1;
3;1;3;5;normal;1;457c4bc75f95;move;;;24;16;;;;;;;;;;True;False;False;False;;ok;17326.278341809182;15621.654598931518;15621.654598931518;15621.654598931518;16;15621.654598931518;128.7151;1704.623742877664;Evaluated;5.1097;2.4241;64;True;1;
3;1;3;;normal;2;;;;;;;;;;;;;;;;;;;;;End-of-iteration summary row;;;15621.654598931518;15621.654598931518;16;15621.654598931518;128.7159;;IterationSummary;;;;;;
4;1;4;1;normal;2;457c4bc75f95;move;;;10;3;;;;;;;;;;True;False;False;False;;ok;17911.820555433438;15621.654598931518;15621.654598931518;15621.654598931518;17;15621.654598931518;136.5715;2290.16595650192;Evaluated;5.415;2.432;64;True;1;
4;1;4;2;normal;2;457c4bc75f95;swap;16;20;;;;;;;;;;;;True;False;False;False;;ok;17798.637361837933;15621.654598931518;15621.654598931518;15621.654598931518;18;15621.654598931518;144.1429;2176.982762906415;Evaluated;5.1306;2.4401;64;True;1;
4;1;4;3;normal;2;457c4bc75f95;move;;;40;15;;;;;;;;;;True;False;False;True;;ok;16880.6458191586;15621.654598931518;15621.654598931518;15621.654598931518;19;15621.654598931518;155.7754;1258.9912202270807;Evaluated;9.1974;2.4327;64;True;2;duplicate_for_same_parent_sequence
4;1;4;4;normal;2;457c4bc75f95;move;;;49;50;;;;;;;;;;True;False;False;False;;ok;15625.01498102131;15621.654598931518;15621.654598931518;15621.654598931518;20;15621.654598931518;163.1304;3.3603820897915284;Evaluated;5.1235;2.2288;64;True;1;
4;1;4;5;normal;2;457c4bc75f95;move;;;6;30;;;;;;;;;;True;False;False;True;;ok;17535.440192018814;15621.654598931518;15621.654598931518;15621.654598931518;21;15621.654598931518;170.6567;1913.7855930872956;Evaluated;5.0975;2.4282;64;True;1;
4;1;4;;normal;3;;;;;;;;;;;;;;;;;;;;;End-of-iteration summary row;;;15621.654598931518;15621.654598931518;21;15621.654598931518;170.6595;;IterationSummary;;;;;;
5;1;5;1;diversification;3;457c4bc75f95;move;;;1;25;;;;;;;;;;True;False;False;True;;ok;16200.602394214975;15621.654598931518;15621.654598931518;15621.654598931518;22;15621.654598931518;181.7472;578.9477952834568;Evaluated;8.6356;2.4344;64;True;2;duplicate_for_same_parent_sequence
5;1;5;2;diversification;3;457c4bc75f95;reinsert_block;;;;;;;20;25;16;;;;;True;False;False;False;;ok;18283.43463973296;15621.654598931518;15621.654598931518;15621.654598931518;23;15621.654598931518;190.2174;2661.7800408014427;Evaluated;5.8363;2.6315;64;True;1;
5;1;5;3;diversification;3;457c4bc75f95;swap;35;42;;;;;;;;;;;;True;False;False;False;;ok;15911.335697573944;15621.654598931518;15621.654598931518;15621.654598931518;24;15621.654598931518;198.3665;289.68109864242615;Evaluated;5.9162;2.2322;64;True;1;
5;1;5;4;diversification;3;457c4bc75f95;move;;;52;35;;;;;;;;;;True;False;False;True;;ok;16581.645925077137;15621.654598931518;15621.654598931518;15621.654598931518;25;15621.654598931518;209.699;959.9913261456186;Evaluated;8.8939;2.4356;64;True;2;duplicate_for_same_parent_sequence
5;1;5;5;diversification;3;457c4bc75f95;move;;;30;5;;;;;;;;;;True;False;False;True;;ok;17131.967935865137;15621.654598931518;15621.654598931518;15621.654598931518;26;15621.654598931518;220.7124;1510.3133369336192;Evaluated;8.5819;2.4292;64;True;2;duplicate_for_same_parent_sequence
5;1;5;6;diversification;3;457c4bc75f95;move;;;35;28;;;;;;;;;;True;False;False;False;;ok;16901.01805256289;15621.654598931518;15621.654598931518;15621.654598931518;27;15621.654598931518;231.7974;1279.3634536313712;Evaluated;8.6492;2.4332;64;True;2;duplicate_for_same_parent_sequence
5;1;5;7;diversification;3;457c4bc75f95;move;;;8;25;;;;;;;;;;True;False;False;True;;ok;15715.619799100878;15621.654598931518;15621.654598931518;15621.654598931518;28;15621.654598931518;239.1993;93.96520016935938;Evaluated;5.1688;2.2309;64;True;1;
5;1;5;8;diversification;3;457c4bc75f95;move;;;8;20;;;;;;;;;;True;False;False;True;;ok;15634.064458607465;15621.654598931518;15621.654598931518;15621.654598931518;29;15621.654598931518;246.6418;12.409859675946791;Evaluated;5.2116;2.2283;64;True;1;
5;1;5;9;diversification;3;457c4bc75f95;move;;;26;35;;;;;;;;;;True;False;False;False;;ok;16898.309138679266;15621.654598931518;15621.654598931518;15621.654598931518;30;15621.654598931518;254.3381;1276.6545397477475;Evaluated;5.2569;2.4385;64;True;1;
5;1;5;10;diversification;3;457c4bc75f95;move;;;31;50;;;;;;;;;;True;False;False;True;;ok;15629.558653246;15621.654598931518;15621.654598931518;15621.654598931518;31;15621.654598931518;265.587;7.904054314481982;Evaluated;9.0156;2.2302;64;True;2;duplicate_for_same_parent_sequence
5;1;5;;diversification;4;;;;;;;;;;;;;;;;;;;;;End-of-iteration summary row;;;15621.654598931518;15621.654598931518;31;15621.654598931518;265.5877;;IterationSummary;;;;;;
6;1;6;1;diversification;4;457c4bc75f95;move;;;15;2;;;;;;;;;;True;False;False;True;;ok;15825.892169940716;15621.654598931518;15621.654598931518;15621.654598931518;32;15621.654598931518;273.3173;204.2375710091983;Evaluated;5.4943;2.2294;64;True;1;
6;1;6;2;diversification;4;457c4bc75f95;reinsert_block;;;;;;;18;24;5;;;;;True;False;False;True;;ok;17274.036482717216;15621.654598931518;15621.654598931518;15621.654598931518;33;15621.654598931518;281.2073;1652.381883785698;Evaluated;5.4601;2.4294;64;True;1;
6;1;6;3;diversification;4;457c4bc75f95;swap;35;50;;;;;;;;;;;;True;False;False;True;;ok;15915.622420549185;15621.654598931518;15621.654598931518;15621.654598931518;34;15621.654598931518;292.2685;293.96782161766714;Evaluated;8.8341;2.2264;64;True;2;duplicate_for_same_parent_sequence
6;1;6;4;diversification;4;457c4bc75f95;move;;;52;38;;;;;;;;;;True;False;False;True;;ok;16485.944853652174;15621.654598931518;15621.654598931518;15621.654598931518;35;15621.654598931518;303.3155;864.2902547206559;Evaluated;8.6194;2.427;64;True;2;duplicate_for_same_parent_sequence
6;1;6;5;diversification;4;457c4bc75f95;move;;;7;15;;;;;;;;;;True;False;False;False;;ok;17992.410237747856;15621.654598931518;15621.654598931518;15621.654598931518;36;15621.654598931518;311.0389;2370.7556388163375;Evaluated;5.2912;2.4314;64;True;1;
6;1;6;6;diversification;4;457c4bc75f95;move;;;15;20;;;;;;;;;;True;False;False;False;;ok;15623.65102856851;15621.654598931518;15621.654598931518;15621.654598931518;37;15621.654598931518;318.5106;1.996429636992616;Evaluated;5.2345;2.2343;64;True;1;
6;1;6;7;diversification;4;457c4bc75f95;move;;;15;40;;;;;;;;;;True;False;False;True;;ok;15728.149985204318;15621.654598931518;15621.654598931518;15621.654598931518;38;15621.654598931518;325.8941;106.4953862727998;Evaluated;5.1537;2.2271;64;True;1;
6;1;6;8;diversification;4;457c4bc75f95;move;;;20;8;;;;;;;;;;True;False;False;True;;ok;17793.594260289763;15621.654598931518;15621.654598931518;15621.654598931518;39;15621.654598931518;333.697;2171.939661358245;Evaluated;5.3721;2.4299;64;True;1;
6;1;6;9;diversification;4;457c4bc75f95;move;;;28;35;;;;;;;;;;True;False;False;False;;ok;16555.250638701764;15621.654598931518;15621.654598931518;15621.654598931518;40;15621.654598931518;341.3355;933.5960397702456;Evaluated;5.2058;2.4321;64;True;1;
6;1;6;10;diversification;4;457c4bc75f95;move;;;45;30;;;;;;;;;;True;False;False;True;;ok;16805.250239202847;15621.654598931518;15621.654598931518;15621.654598931518;41;15621.654598931518;349.3161;1183.595640271329;Evaluated;5.5386;2.4414;64;True;1;
6;1;6;;diversification;5;;;;;;;;;;;;;;;;;;;;;End-of-iteration summary row;;;15621.654598931518;15621.654598931518;41;15621.654598931518;349.3187;;IterationSummary;;;;;;
7;1;7;1;diversification;5;457c4bc75f95;move;;;1;45;;;;;;;;;;True;False;False;True;;ok;15492.50075847549;15621.654598931518;15621.654598931518;15621.654598931518;42;15621.654598931518;356.9801;-129.15384045602877;Evaluated;5.4222;2.2313;64;True;1;
7;1;7;2;diversification;5;457c4bc75f95;reinsert_block;;;;;;;20;24;5;;;;;True;False;False;True;;ok;18201.385989888167;15621.654598931518;15621.654598931518;15621.654598931518;43;15621.654598931518;365.1672;2579.731390956649;Evaluated;5.5529;2.6319;64;True;1;
7;1;7;3;diversification;5;457c4bc75f95;swap;42;37;;;;;;;;;;;;True;False;False;False;;ok;16177.127751451773;15621.654598931518;15621.654598931518;15621.654598931518;44;15621.654598931518;372.6955;555.4731525202551;Evaluated;5.0964;2.4302;64;True;1;
7;1;7;4;diversification;5;457c4bc75f95;move;;;61;38;;;;;;;;;;True;False;False;True;;ok;16760.684296725733;15621.654598931518;15621.654598931518;15621.654598931518;45;15621.654598931518;383.8624;1139.0296977942144;Evaluated;8.7342;2.4304;64;True;2;duplicate_for_same_parent_sequence
7;1;7;5;diversification;5;457c4bc75f95;move;;;31;5;;;;;;;;;;True;False;False;True;;ok;17144.526453149854;15621.654598931518;15621.654598931518;15621.654598931518;46;15621.654598931518;395.3549;1522.871854218336;Evaluated;9.0601;2.4318;64;True;2;duplicate_for_same_parent_sequence
7;1;7;6;diversification;5;457c4bc75f95;move;;;25;30;;;;;;;;;;True;False;False;False;;ok;15618.261462754272;15621.654598931518;15621.654598931518;15621.654598931518;47;15621.654598931518;402.8542;-3.3931361772465607;EvaluatedImprovementDespiteDiversificationMismatch;5.2716;2.2271;64;True;1;
7;1;7;7;diversification;5;457c4bc75f95;move;;;10;5;;;;;;;;;;True;False;False;False;;ok;18199.88513772502;15621.654598931518;15621.654598931518;15621.654598931518;48;15621.654598931518;410.6155;2578.230538793503;Evaluated;5.1278;2.631;64;True;1;
7;1;7;8;diversification;5;457c4bc75f95;move;;;18;5;;;;;;;;;;True;False;False;True;;ok;17804.635144699238;15621.654598931518;15621.654598931518;15621.654598931518;49;15621.654598931518;418.2428;2182.9805457677194;Evaluated;5.1935;2.432;64;True;1;
7;1;7;9;diversification;5;457c4bc75f95;move;;;18;4;;;;;;;;;;True;False;False;True;;ok;17798.78717981804;15621.654598931518;15621.654598931518;15621.654598931518;50;15621.654598931518;429.2411;2177.1325808865204;Evaluated;8.5615;2.434;64;True;2;duplicate_for_same_parent_sequence
7;1;7;10;diversification;5;457c4bc75f95;move;;;50;38;;;;;;;;;;True;False;False;True;;ok;16067.39429184346;15621.654598931518;15621.654598931518;15621.654598931518;51;15621.654598931518;436.5025;445.73969291194226;Evaluated;5.0295;2.2294;64;True;1;
7;1;7;;diversification;0;;;;;;;;;;;;;;;;;;;;;End-of-iteration summary row;;;15492.50075847549;15492.50075847549;51;15492.50075847549;436.5093;;IterationSummary;;;;;;
8;1;8;1;normal;0;ea85591a3024;move;;;3;10;;;;;;;;;;True;False;False;False;;ok;18238.227513953178;15492.50075847549;15492.50075847549;15492.50075847549;52;15492.50075847549;444.9074;2745.726755477688;Evaluated;5.7629;2.6291;64;True;1;
8;1;8;2;normal;0;ea85591a3024;swap;20;25;;;;;;;;;;;;True;False;False;False;;ok;16477.705849824648;15492.50075847549;15492.50075847549;15492.50075847549;53;15492.50075847549;452.459;985.2050913491585;Evaluated;5.1188;2.4322;64;True;1;
8;1;8;3;normal;0;ea85591a3024;reinsert_block;;;;;;;32;40;15;;;;;True;False;False;True;;ok;17559.344009519256;15492.50075847549;15492.50075847549;15492.50075847549;54;15492.50075847549;460.3652;2066.843251043767;Evaluated;5.4722;2.4334;64;True;1;
8;1;8;4;normal;0;ea85591a3024;move;;;48;50;;;;;;;;;;True;False;False;False;;ok;15488.758254518943;15492.50075847549;15492.50075847549;15492.50075847549;55;15492.50075847549;467.8745;-3.7425039565459883;Evaluated;5.2707;2.2379;64;True;1;
8;1;8;5;normal;0;ea85591a3024;move;;;20;5;;;;;;;;;;True;False;False;True;;ok;17391.119487143456;15492.50075847549;15492.50075847549;15492.50075847549;56;15492.50075847549;475.3702;1898.618728667967;Evaluated;5.0695;2.4244;64;True;1;
8;1;8;;normal;0;;;;;;;;;;;;;;;;;;;;;End-of-iteration summary row;;;15488.758254518943;15488.758254518943;56;15488.758254518943;475.377;;IterationSummary;;;;;;
9;1;9;1;normal;0;aed2680a53f3;move;;;10;5;;;;;;;;;;True;False;False;False;;ok;16509.652368684372;15488.758254518943;15488.758254518943;15488.758254518943;57;15488.758254518943;483.3818;1020.8941141654286;Evaluated;5.5655;2.4296;64;True;1;
9;1;9;2;normal;0;aed2680a53f3;swap;18;20;;;;;;;;;;;;True;False;False;False;;ok;16924.602211212557;15488.758254518943;15488.758254518943;15488.758254518943;58;15488.758254518943;491.2854;1435.843956693614;Evaluated;5.4737;2.4294;64;True;1;
9;1;9;3;normal;0;aed2680a53f3;reinsert_block;;;;;;;32;40;15;;;;;True;False;False;True;;ok;17110.031293349482;15488.758254518943;15488.758254518943;15488.758254518943;59;15488.758254518943;499.1422;1621.273038830539;Evaluated;5.4317;2.4244;64;True;1;
9;1;9;4;normal;0;aed2680a53f3;move;;;35;40;;;;;;;;;;True;False;False;False;;ok;16214.328331101584;15488.758254518943;15488.758254518943;15488.758254518943;60;15488.758254518943;507.0321;725.5700765826405;Evaluated;5.4593;2.43;64;True;1;
9;1;9;5;normal;0;aed2680a53f3;move;;;20;5;;;;;;;;;;True;False;False;True;;ok;16941.9139545757;15488.758254518943;15488.758254518943;15488.758254518943;61;15488.758254518943;514.5616;1453.1557000567554;Evaluated;5.0933;2.4356;64;True;1;
9;1;9;;normal;1;;;;;;;;;;;;;;;;;;;;;End-of-iteration summary row;;;15488.758254518943;15488.758254518943;61;15488.758254518943;514.5622;;IterationSummary;;;;;;
10;1;10;1;normal;1;aed2680a53f3;move;;;8;3;;;;;;;;;;True;False;False;False;;ok;17278.310344411846;15488.758254518943;15488.758254518943;15488.758254518943;62;15488.758254518943;525.7516;1789.5520898929026;Evaluated;8.7524;2.4306;64;True;2;duplicate_for_same_parent_sequence
10;1;10;2;normal;1;aed2680a53f3;swap;17;25;;;;;;;;;;;;True;False;False;False;;ok;15488.758254518943;15488.758254518943;15488.758254518943;15488.758254518943;63;15488.758254518943;536.6354;0.0;Evaluated;8.6525;2.2305;64;True;2;duplicate_for_same_parent_sequence
10;1;10;3;normal;1;aed2680a53f3;reinsert_block;;;;;;;35;40;20;;;;;True;False;False;True;;ok;16409.33502883021;15488.758254518943;15488.758254518943;15488.758254518943;64;15488.758254518943;544.5345;920.5767743112665;Evaluated;5.4703;2.4261;64;True;1;
10;1;10;4;normal;1;aed2680a53f3;move;;;50;48;;;;;;;;;;True;False;False;False;;ok;15492.50075847549;15488.758254518943;15488.758254518943;15488.758254518943;65;15488.758254518943;551.9882;3.7425039565459883;Evaluated;5.2214;2.2318;64;True;1;
10;1;10;5;normal;1;aed2680a53f3;move;;;48;50;;;;;;;;;;True;False;False;False;;ok;15471.382581209053;15488.758254518943;15488.758254518943;15488.758254518943;66;15488.758254518943;559.22;-17.37567330989077;Evaluated;4.9993;2.2317;64;True;1;
10;1;10;;normal;0;;;;;;;;;;;;;;;;;;;;;End-of-iteration summary row;;;15471.382581209053;15471.382581209053;66;15471.382581209053;559.2393;;IterationSummary;;;;;;
11;1;11;1;normal;0;396e72733b54;move;;;10;5;;;;;;;;;;True;False;False;False;;ok;16511.36003607566;15471.382581209053;15471.382581209053;15471.382581209053;67;15471.382581209053;567.3926;1039.9774548666082;Evaluated;5.7165;2.4279;64;True;1;
11;1;11;2;normal;0;396e72733b54;swap;18;20;;;;;;;;;;;;True;False;False;False;;ok;16922.50199516683;15471.382581209053;15471.382581209053;15471.382581209053;68;15471.382581209053;574.8001;1451.1194139577765;Evaluated;4.9771;2.4293;64;True;1;
11;1;11;3;normal;0;396e72733b54;reinsert_block;;;;;;;35;40;20;;;;;True;False;False;True;;ok;16409.33502883021;15471.382581209053;15471.382581209053;15471.382581209053;69;15471.382581209053;582.7046;937.9524476211573;Evaluated;5.4713;2.4305;64;True;1;
11;1;11;4;normal;0;396e72733b54;move;;;48;50;;;;;;;;;;True;False;False;False;;ok;15492.50075847549;15471.382581209053;15471.382581209053;15471.382581209053;70;15471.382581209053;590.1402;21.11817726643676;Evaluated;5.2027;2.2304;64;True;1;
11;1;11;5;normal;0;396e72733b54;move;;;42;35;;;;;;;;;;True;False;False;False;;ok;15822.705393976767;15471.382581209053;15471.382581209053;15471.382581209053;71;15471.382581209053;597.5638;351.3228127677139;Evaluated;5.1965;2.2264;64;True;1;
11;1;11;;normal;1;;;;;;;;;;;;;;;;;;;;;End-of-iteration summary row;;;15471.382581209053;15471.382581209053;71;15471.382581209053;597.5645;;IterationSummary;;;;;;
12;1;12;1;normal;1;396e72733b54;move;;;7;2;;;;;;;;;;True;False;False;False;;ok;17279.321761766485;15471.382581209053;15471.382581209053;15471.382581209053;72;15471.382581209053;609.1058;1807.9391805574323;Evaluated;9.1021;2.4328;64;True;2;duplicate_for_same_parent_sequence
12;1;12;2;normal;1;396e72733b54;swap;20;25;;;;;;;;;;;;True;False;False;False;;ok;16026.245765768132;15471.382581209053;15471.382581209053;15471.382581209053;73;15471.382581209053;616.6253;554.863184559079;Evaluated;5.2851;2.2337;64;True;1;
12;1;12;3;normal;1;396e72733b54;move;;;38;40;;;;;;;;;;True;False;False;False;;ok;15465.933209306959;15471.382581209053;15471.382581209053;15471.382581209053;74;15471.382581209053;627.9771;-5.449371902093844;Evaluated;9.1146;2.2341;64;True;2;duplicate_for_same_parent_sequence
12;1;12;4;normal;1;396e72733b54;move;;;50;47;;;;;;;;;;True;False;False;False;;ok;15486.55229460938;15471.382581209053;15471.382581209053;15471.382581209053;75;15471.382581209053;635.3612;15.169713400327964;Evaluated;5.1541;2.2275;64;True;1;
12;1;12;5;normal;1;396e72733b54;move;;;25;10;;;;;;;;;;True;False;False;True;;ok;17178.989233962224;15471.382581209053;15471.382581209053;15471.382581209053;76;15471.382581209053;642.9533;1707.6066527531711;Evaluated;5.1583;2.433;64;True;1;
12;1;12;;normal;0;;;;;;;;;;;;;;;;;;;;;End-of-iteration summary row;;;15465.933209306959;15465.933209306959;76;15465.933209306959;642.9735;;IterationSummary;;;;;;
13;1;13;1;normal;0;3a3a930900bf;move;;;10;5;;;;;;;;;;True;False;False;False;;ok;16510.799599947983;15465.933209306959;15465.933209306959;15465.933209306959;77;15465.933209306959;650.9463;1044.8663906410238;Evaluated;5.5362;2.4311;64;True;1;
13;1;13;2;normal;0;3a3a930900bf;swap;20;25;;;;;;;;;;;;True;False;False;False;;ok;16025.335766765373;15465.933209306959;15465.933209306959;15465.933209306959;78;15465.933209306959;658.4186;559.4025574584139;Evaluated;5.2356;2.2339;64;True;1;
13;1;13;3;normal;0;3a3a930900bf;reinsert_block;;;;;;;35;40;20;;;;;True;False;False;True;;ok;16409.33502883021;15465.933209306959;15465.933209306959;15465.933209306959;79;15465.933209306959;666.3023;943.4018195232511;Evaluated;5.4438;2.4369;64;True;1;
13;1;13;4;normal;0;3a3a930900bf;move;;;50;47;;;;;;;;;;True;False;False;False;;ok;15488.031349255587;15465.933209306959;15465.933209306959;15465.933209306959;80;15465.933209306959;673.7722;22.09813994862816;Evaluated;5.2332;2.2342;64;True;1;
13;1;13;5;normal;0;3a3a930900bf;move;;;30;25;;;;;;;;;;True;False;False;False;;ok;15538.823237291163;15465.933209306959;15465.933209306959;15465.933209306959;81;15465.933209306959;681.383;72.8900279842037;Evaluated;5.3749;2.2332;64;True;1;
13;1;13;;normal;1;;;;;;;;;;;;;;;;;;;;;End-of-iteration summary row;;;15465.933209306959;15465.933209306959;81;15465.933209306959;681.3857;;IterationSummary;;;;;;
14;1;14;1;normal;1;3a3a930900bf;move;;;5;2;;;;;;;;;;True;False;False;False;;ok;15487.404745236601;15465.933209306959;15465.933209306959;15465.933209306959;82;15465.933209306959;688.9986;21.471535929642414;Evaluated;5.3708;2.2327;64;True;1;
14;1;14;2;normal;1;3a3a930900bf;swap;18;20;;;;;;;;;;;;True;False;False;False;;ok;16926.98597547511;15465.933209306959;15465.933209306959;15465.933209306959;83;15465.933209306959;696.5651;1461.05276616815;Evaluated;5.1321;2.4337;64;True;1;
14;1;14;3;normal;1;3a3a930900bf;reinsert_block;;;;;;;35;40;25;;;;;True;False;False;True;;ok;16409.33502883021;15465.933209306959;15465.933209306959;15465.933209306959;84;15465.933209306959;704.4745;943.4018195232511;Evaluated;5.4733;2.4336;64;True;1;
14;1;14;4;normal;1;3a3a930900bf;move;;;50;48;;;;;;;;;;True;False;False;False;;ok;15488.031349255587;15465.933209306959;15465.933209306959;15465.933209306959;85;15465.933209306959;712.1857;22.09813994862816;Evaluated;5.4808;2.2285;64;True;1;
14;1;14;5;normal;1;3a3a930900bf;move;;;15;20;;;;;;;;;;True;False;False;False;;ok;16229.633047632022;15465.933209306959;15465.933209306959;15465.933209306959;86;15465.933209306959;719.7342;763.699838325063;Evaluated;5.1124;2.4355;64;True;1;
14;1;14;;normal;2;;;;;;;;;;;;;;;;;;;;;End-of-iteration summary row;;;15465.933209306959;15465.933209306959;86;15465.933209306959;719.7371;;IterationSummary;;;;;;
15;1;15;1;normal;2;3a3a930900bf;move;;;8;3;;;;;;;;;;True;False;False;False;;ok;17279.1153906372;15465.933209306959;15465.933209306959;15465.933209306959;87;15465.933209306959;731.2896;1813.1821813302395;Evaluated;9.0984;2.4355;64;True;2;duplicate_for_same_parent_sequence
15;1;15;2;normal;2;3a3a930900bf;move;;;30;25;;;;;;;;;;False;True;False;;;ok;;15465.933209306959;15465.933209306959;15465.933209306959;87;15465.933209306959;743.1532;;DuplicateForSameParentSequenceAfterRetries;11.8605;;;;3;duplicate_for_same_parent_sequence
15;1;15;3;normal;2;3a3a930900bf;reinsert_block;;;;;;;35;40;28;;;;;True;False;False;False;;ok;16233.038436007377;15465.933209306959;15465.933209306959;15465.933209306959;88;15465.933209306959;751.1913;767.1052267004179;Evaluated;5.6046;2.4329;64;True;1;
15;1;15;4;normal;2;3a3a930900bf;move;;;60;30;;;;;;;;;;True;False;False;True;;ok;15974.83672886444;15465.933209306959;15465.933209306959;15465.933209306959;89;15465.933209306959;762.1261;508.90351955748156;Evaluated;8.6992;2.2329;64;True;2;duplicate_for_same_parent_sequence
15;1;15;5;normal;2;3a3a930900bf;move;;;15;30;;;;;;;;;;True;False;False;True;;ok;17105.97852358778;15465.933209306959;15465.933209306959;15465.933209306959;90;15465.933209306959;769.7036;1640.04531428082;Evaluated;5.1442;2.4319;64;True;1;
15;1;15;;normal;3;;;;;;;;;;;;;;;;;;;;;End-of-iteration summary row;;;15465.933209306959;15465.933209306959;90;15465.933209306959;769.7067;;IterationSummary;;;;;;
16;1;16;1;diversification;3;3a3a930900bf;move;;;7;2;;;;;;;;;;True;False;False;False;;ok;17277.895147464158;15465.933209306959;15465.933209306959;15465.933209306959;91;15465.933209306959;781.0482;1811.9619381571993;Evaluated;8.895;2.4294;64;True;2;duplicate_for_same_parent_sequence
16;1;16;2;diversification;3;3a3a930900bf;reinsert_block;;;;;;;18;23;5;;;;;True;False;False;True;;ok;17166.5813674063;15465.933209306959;15465.933209306959;15465.933209306959;92;15465.933209306959;789.1598;1700.6481580993404;Evaluated;5.6845;2.4262;64;True;1;
16;1;16;3;diversification;3;3a3a930900bf;swap;35;40;;;;;;;;;;;;True;False;False;False;;ok;15601.0957347183;15465.933209306959;15465.933209306959;15465.933209306959;93;15465.933209306959;796.714;135.16252541134054;Evaluated;5.3228;2.2294;64;True;1;
16;1;16;4;diversification;3;3a3a930900bf;move;;;48;50;;;;;;;;;;True;False;False;False;;ok;15492.494817744076;15465.933209306959;15465.933209306959;15465.933209306959;94;15465.933209306959;804.1499;26.561608437117684;Evaluated;5.2047;2.2285;64;True;1;
16;1;16;5;diversification;3;3a3a930900bf;swap;10;20;;;;;;;;;;;;True;False;False;False;;ok;17469.927237915108;15465.933209306959;15465.933209306959;15465.933209306959;95;15465.933209306959;815.1733;2003.9940286081492;Evaluated;8.5908;2.432;64;True;2;duplicate_for_same_parent_sequence
16;1;16;6;diversification;3;3a3a930900bf;move;;;40;35;;;;;;;;;;True;False;False;False;;ok;15465.792323873215;15465.933209306959;15465.933209306959;15465.933209306959;96;15465.933209306959;822.7156;-0.14088543374418805;EvaluatedImprovementDespiteDiversificationMismatch;5.3144;2.2272;64;True;1;
16;1;16;7;diversification;3;3a3a930900bf;move;;;40;25;;;;;;;;;;True;False;False;True;;ok;15553.670267800064;15465.933209306959;15465.933209306959;15465.933209306959;97;15465.933209306959;830.0987;87.737058493105;Evaluated;5.1538;2.2287;64;True;1;
16;1;16;8;diversification;3;3a3a930900bf;move;;;20;15;;;;;;;;;;True;False;False;False;;ok;17436.72578837559;15465.933209306959;15465.933209306959;15465.933209306959;98;15465.933209306959;837.7714;1970.7925790686295;Evaluated;5.2403;2.4317;64;True;1;
16;1;16;9;diversification;3;3a3a930900bf;move;;;45;30;;;;;;;;;;True;False;False;True;;ok;15453.142673985085;15465.933209306959;15465.933209306959;15465.933209306959;99;15465.933209306959;845.2966;-12.790535321873904;Evaluated;5.2993;2.2251;64;True;1;
16;1;16;10;diversification;3;3a3a930900bf;move;;;45;50;;;;;;;;;;True;False;False;False;;ok;15481.139906770517;15465.933209306959;15465.933209306959;15465.933209306959;100;15465.933209306959;852.7394;15.206697463558157;Evaluated;5.2169;2.2253;64;True;1;
16;1;16;;diversification;0;;;;;;;;;;;;;;;;;;;;;End-of-iteration summary row;;;15453.142673985085;15453.142673985085;100;15453.142673985085;852.7462;;IterationSummary;;;;;;
17;1;17;1;normal;0;4dcd0ab988d2;move;;;5;2;;;;;;;;;;True;False;False;False;;ok;15076.708807568844;15453.142673985085;15453.142673985085;15453.142673985085;101;15453.142673985085;860.5005;-376.43386641624056;Evaluated;5.5191;2.2296;64;True;1;
17;1;17;2;normal;0;4dcd0ab988d2;swap;18;20;;;;;;;;;;;;True;False;False;False;;ok;16920.673830725886;15453.142673985085;15453.142673985085;15453.142673985085;102;15453.142673985085;868.3209;1467.5311567408007;Evaluated;5.3948;2.425;64;True;1;
17;1;17;3;normal;0;4dcd0ab988d2;reinsert_block;;;;;;;35;40;25;;;;;True;False;False;True;;ok;15899.36867180566;15453.142673985085;15453.142673985085;15453.142673985085;103;15453.142673985085;876.0358;446.2259978205748;Evaluated;5.4811;2.233;64;True;1;
17;1;17;4;normal;0;4dcd0ab988d2;move;;;50;35;;;;;;;;;;True;False;False;True;;ok;16209.272100592092;15453.142673985085;15453.142673985085;15453.142673985085;104;15453.142673985085;883.6875;756.1294266070072;Evaluated;5.2157;2.4354;64;True;1;
17;1;17;5;normal;0;4dcd0ab988d2;move;;;4;10;;;;;;;;;;True;False;False;False;;ok;16874.6519984658;15453.142673985085;15453.142673985085;15453.142673985085;105;15453.142673985085;891.2461;1421.5093244807158;Evaluated;5.1254;2.4326;64;True;1;
17;1;17;;normal;0;;;;;;;;;;;;;;;;;;;;;End-of-iteration summary row;;;15076.708807568844;15076.708807568844;105;15076.708807568844;891.2524;;IterationSummary;;;;;;
18;1;18;1;normal;0;54de02174963;move;;;8;12;;;;;;;;;;True;False;False;False;;ok;15118.723022909278;15076.708807568844;15076.708807568844;15076.708807568844;106;15076.708807568844;899.2247;42.01421534043402;Evaluated;5.737;2.2272;64;True;1;
18;1;18;2;normal;0;54de02174963;swap;18;20;;;;;;;;;;;;True;False;False;False;;ok;16789.53897106214;15076.708807568844;15076.708807568844;15076.708807568844;107;15076.708807568844;907.174;1712.830163493294;Evaluated;5.5135;2.4351;64;True;1;
18;1;18;3;normal;0;54de02174963;reinsert_block;;;;;;;35;40;28;;;;;True;False;False;False;;ok;16072.02962095408;15076.708807568844;15076.708807568844;15076.708807568844;108;15076.708807568844;915.3109;995.3208133852349;Evaluated;5.8978;2.2386;64;True;1;
18;1;18;4;normal;0;54de02174963;move;;;50;48;;;;;;;;;;True;False;False;False;;ok;15073.887650781517;15076.708807568844;15076.708807568844;15076.708807568844;109;15076.708807568844;922.4821;-2.821156787327709;Evaluated;4.9405;2.2301;64;True;1;
18;1;18;5;normal;0;54de02174963;move;;;10;5;;;;;;;;;;True;False;False;False;;ok;17254.86987301403;15076.708807568844;15076.708807568844;15076.708807568844;110;15076.708807568844;930.0144;2178.161065445187;Evaluated;5.0993;2.4325;64;True;1;
18;1;18;;normal;0;;;;;;;;;;;;;;;;;;;;;End-of-iteration summary row;;;15073.887650781517;15073.887650781517;110;15073.887650781517;930.0304;;IterationSummary;;;;;;
19;1;19;1;normal;0;6d088065bc6f;move;;;8;5;;;;;;;;;;True;False;False;False;;ok;15063.469334931267;15073.887650781517;15073.887650781517;15073.887650781517;111;15073.887650781517;937.8475;-10.4183158502492;Evaluated;5.5747;2.2335;64;True;1;
19;1;19;2;normal;0;6d088065bc6f;swap;18;20;;;;;;;;;;;;True;False;False;False;;ok;16794.760861786737;15073.887650781517;15073.887650781517;15073.887650781517;112;15073.887650781517;945.4746;1720.8732110052206;Evaluated;5.1899;2.4347;64;True;1;
19;1;19;3;normal;0;6d088065bc6f;reinsert_block;;;;;;;35;40;28;;;;;True;False;False;False;;ok;16082.557081091585;15073.887650781517;15073.887650781517;15073.887650781517;113;15073.887650781517;953.3795;1008.6694303100685;Evaluated;5.469;2.4336;64;True;1;
19;1;19;4;normal;0;6d088065bc6f;move;;;50;47;;;;;;;;;;True;False;False;False;;ok;15082.47435463649;15073.887650781517;15073.887650781517;15073.887650781517;114;15073.887650781517;961.0656;8.586703854973166;Evaluated;5.4521;2.2334;64;True;1;
19;1;19;5;normal;0;6d088065bc6f;move;;;25;30;;;;;;;;;;True;False;False;False;;ok;16544.007821808344;15073.887650781517;15073.887650781517;15073.887650781517;115;15073.887650781517;968.6423;1470.120171026827;Evaluated;5.149;2.4268;64;True;1;
19;1;19;;normal;0;;;;;;;;;;;;;;;;;;;;;End-of-iteration summary row;;;15063.469334931267;15063.469334931267;115;15063.469334931267;968.6486;;IterationSummary;;;;;;
20;1;20;1;normal;0;2f52eb1c147e;move;;;10;5;;;;;;;;;;True;False;False;False;;ok;16807.510516758924;15063.469334931267;15063.469334931267;15063.469334931267;116;15063.469334931267;976.5774;1744.041181827657;Evaluated;5.4834;2.4377;64;True;1;
20;1;20;2;normal;0;2f52eb1c147e;swap;20;21;;;;;;;;;;;;True;False;False;False;;ok;16486.144655690077;15063.469334931267;15063.469334931267;15063.469334931267;117;15063.469334931267;984.2787;1422.67532075881;Evaluated;5.2674;2.4315;64;True;1;
20;1;20;3;normal;0;2f52eb1c147e;reinsert_block;;;;;;;35;40;28;;;;;True;False;False;False;;ok;16077.013435756275;15063.469334931267;15063.469334931267;15063.469334931267;118;15063.469334931267;991.97;1013.5441008250073;Evaluated;5.4561;2.2346;64;True;1;
20;1;20;4;normal;0;2f52eb1c147e;move;;;48;50;;;;;;;;;;True;False;False;False;;ok;15067.460063649627;15063.469334931267;15063.469334931267;15063.469334931267;119;15063.469334931267;999.6397;3.9907287183596054;Evaluated;5.4411;2.2279;64;True;1;
20;1;20;5;normal;0;2f52eb1c147e;swap;25;30;;;;;;;;;;;;True;False;False;False;;ok;16545.50752439948;15063.469334931267;15063.469334931267;15063.469334931267;120;15063.469334931267;1010.6099;1482.0381894682123;Evaluated;8.5335;2.4341;64;True;2;duplicate_for_same_parent_sequence
20;1;20;;normal;1;;;;;;;;;;;;;;;;;;;;;End-of-iteration summary row;;;15063.469334931267;15063.469334931267;120;15063.469334931267;1010.6124;;IterationSummary;;;;;;
21;1;21;1;normal;1;2f52eb1c147e;move;;;8;3;;;;;;;;;;True;False;False;False;;ok;15074.217729348673;15063.469334931267;15063.469334931267;15063.469334931267;121;15063.469334931267;1021.7635;10.748394417405507;Evaluated;8.8994;2.2347;64;True;2;duplicate_for_same_parent_sequence
21;1;21;2;normal;1;2f52eb1c147e;swap;18;20;;;;;;;;;;;;True;False;False;False;;ok;16791.843444337173;15063.469334931267;15063.469334931267;15063.469334931267;122;15063.469334931267;1029.6586;1728.374109405906;Evaluated;5.4592;2.4329;64;True;1;
21;1;21;3;normal;1;2f52eb1c147e;move;;;40;35;;;;;;;;;;True;False;False;False;;ok;15343.138984492962;15063.469334931267;15063.469334931267;15063.469334931267;123;15063.469334931267;1040.9392;279.6696495616943;Evaluated;9.0502;2.2269;64;True;2;duplicate_for_same_parent_sequence
21;1;21;4;normal;1;2f52eb1c147e;move;;;50;47;;;;;;;;;;True;False;False;False;;ok;15075.95707816658;15063.469334931267;15063.469334931267;15063.469334931267;124;15063.469334931267;1048.4072;12.487743235313246;Evaluated;5.2352;2.2322;64;True;1;
21;1;21;5;normal;1;2f52eb1c147e;move;;;30;25;;;;;;;;;;True;False;False;False;;ok;15077.44378374999;15063.469334931267;15063.469334931267;15063.469334931267;125;15063.469334931267;1059.6971;13.974448818722522;Evaluated;9.0499;2.2395;64;True;2;duplicate_for_same_parent_sequence
21;1;21;;normal;2;;;;;;;;;;;;;;;;;;;;;End-of-iteration summary row;;;15063.469334931267;15063.469334931267;125;15063.469334931267;1059.6997;;IterationSummary;;;;;;
22;1;22;1;normal;2;2f52eb1c147e;move;;;8;3;;;;;;;;;;False;True;True;;;ok;;15063.469334931267;15063.469334931267;15063.469334931267;125;15063.469334931267;1072.0623;;DuplicateForSameParentSequenceAfterRetries;12.3476;;;;3;duplicate_for_same_parent_sequence
22;1;22;2;normal;2;2f52eb1c147e;swap;35;40;;;;;;;;;;;;True;False;False;False;;ok;16037.237561355476;15063.469334931267;15063.469334931267;15063.469334931267;126;15063.469334931267;1083.0016;973.7682264242085;Evaluated;8.7025;2.2358;64;True;2;duplicate_for_same_parent_sequence
22;1;22;3;normal;2;2f52eb1c147e;move;;;37;34;;;;;;;;;;True;False;False;False;;ok;15077.047469060053;15063.469334931267;15063.469334931267;15063.469334931267;127;15063.469334931267;1094.2223;13.578134128785678;Evaluated;8.9839;2.2343;64;True;2;duplicate_for_same_parent_sequence
22;1;22;4;normal;2;2f52eb1c147e;move;;;50;48;;;;;;;;;;True;False;False;False;;ok;15075.781655844541;15063.469334931267;15063.469334931267;15063.469334931267;128;15063.469334931267;1101.6241;12.312320913273652;Evaluated;5.1691;2.23;64;True;1;
22;1;22;5;normal;2;2f52eb1c147e;move;;;31;20;;;;;;;;;;True;False;False;True;;ok;15657.657497735938;15063.469334931267;15063.469334931267;15063.469334931267;129;15063.469334931267;1112.4245;594.1881628046704;Evaluated;8.5689;2.2292;64;True;2;duplicate_for_same_parent_sequence
22;1;22;;normal;3;;;;;;;;;;;;;;;;;;;;;End-of-iteration summary row;;;15063.469334931267;15063.469334931267;129;15063.469334931267;1112.4278;;IterationSummary;;;;;;
23;1;23;1;diversification;3;2f52eb1c147e;move;;;20;15;;;;;;;;;;True;False;False;False;;ok;15090.91304110096;15063.469334931267;15063.469334931267;15063.469334931267;130;15063.469334931267;1120.2797;27.443706169691723;Evaluated;5.6031;2.2346;64;True;1;
23;1;23;2;diversification;3;2f52eb1c147e;reinsert_block;;;;;;;25;30;16;;;;;True;False;False;True;;ok;16396.137392861965;15063.469334931267;15063.469334931267;15063.469334931267;131;15063.469334931267;1128.1725;1332.6680579306976;Evaluated;5.4572;2.4333;64;True;1;
23;1;23;3;diversification;3;2f52eb1c147e;swap;34;42;;;;;;;;;;;;True;False;False;False;;ok;15063.469334931267;15063.469334931267;15063.469334931267;15063.469334931267;132;15063.469334931267;1135.8721;0.0;Evaluated;5.4641;2.2329;64;True;1;
23;1;23;4;diversification;3;2f52eb1c147e;move;;;50;49;;;;;;;;;;True;False;False;False;;ok;15063.469334931267;15063.469334931267;15063.469334931267;15063.469334931267;133;15063.469334931267;1143.4109;0.0;Evaluated;5.3077;2.2287;64;True;1;
23;1;23;5;diversification;3;2f52eb1c147e;swap;2;4;;;;;;;;;;;;True;False;False;False;;ok;17537.56668581623;15063.469334931267;15063.469334931267;15063.469334931267;134;15063.469334931267;1154.5208;2474.097350884962;Evaluated;8.6795;2.4297;64;True;2;duplicate_for_same_parent_sequence
23;1;23;6;diversification;3;2f52eb1c147e;move;;;50;40;;;;;;;;;;True;False;False;True;;ok;16154.148323157746;15063.469334931267;15063.469334931267;15063.469334931267;135;15063.469334931267;1162.0583;1090.6789882264784;Evaluated;5.0982;2.4361;64;True;1;
23;1;23;7;diversification;3;2f52eb1c147e;move;;;25;10;;;;;;;;;;True;False;False;True;;ok;17168.486897436895;15063.469334931267;15063.469334931267;15063.469334931267;136;15063.469334931267;1169.7572;2105.017562505627;Evaluated;5.2575;2.4388;64;True;1;
23;1;23;8;diversification;3;2f52eb1c147e;move;;;8;15;;;;;;;;;;True;False;False;False;;ok;15020.045754428898;15063.469334931267;15063.469334931267;15063.469334931267;137;15063.469334931267;1177.1794;-43.42358050236908;EvaluatedImprovementDespiteDiversificationMismatch;5.1856;2.2336;64;True;1;
23;1;23;9;diversification;3;2f52eb1c147e;move;;;25;30;;;;;;;;;;True;False;False;False;;ok;16543.888855740894;15063.469334931267;15063.469334931267;15063.469334931267;138;15063.469334931267;1184.813;1480.4195208096262;Evaluated;5.1972;2.4336;64;True;1;
23;1;23;10;diversification;3;2f52eb1c147e;move;;;32;28;;;;;;;;;;True;False;False;False;;ok;15072.172184346742;15063.469334931267;15063.469334931267;15063.469334931267;139;15063.469334931267;1195.9736;8.702849415474702;Evaluated;8.9245;2.2334;64;True;2;duplicate_for_same_parent_sequence
23;1;23;;diversification;0;;;;;;;;;;;;;;;;;;;;;End-of-iteration summary row;;;15020.045754428898;15020.045754428898;139;15020.045754428898;1195.9924;;IterationSummary;;;;;;
24;1;24;1;normal;0;0aa1d73ae2bf;move;;;5;10;;;;;;;;;;True;False;False;False;;ok;15109.758099649925;15020.045754428898;15020.045754428898;15020.045754428898;140;15020.045754428898;1203.9029;89.71234522102714;Evaluated;5.672;2.2311;64;True;1;
24;1;24;2;normal;0;0aa1d73ae2bf;swap;20;25;;;;;;;;;;;;True;False;False;False;;ok;16468.822168529412;15020.045754428898;15020.045754428898;15020.045754428898;141;15020.045754428898;1211.5726;1448.7764141005136;Evaluated;5.2301;2.4384;64;True;1;
24;1;24;3;normal;0;0aa1d73ae2bf;reinsert_block;;;;;;;35;40;28;;;;;True;False;False;False;;ok;16030.4570825375;15020.045754428898;15020.045754428898;15020.045754428898;142;15020.045754428898;1219.3123;1010.4113281086011;Evaluated;5.5046;2.2327;64;True;1;
24;1;24;4;normal;0;0aa1d73ae2bf;move;;;50;47;;;;;;;;;;True;False;False;False;;ok;15032.358075342172;15020.045754428898;15020.045754428898;15020.045754428898;143;15020.045754428898;1226.7707;12.312320913273652;Evaluated;5.2241;2.2337;64;True;1;
24;1;24;5;normal;0;0aa1d73ae2bf;move;;;35;40;;;;;;;;;;True;False;False;False;;ok;15887.601661940198;15020.045754428898;15020.045754428898;15020.045754428898;144;15020.045754428898;1234.3636;867.5559075112997;Evaluated;5.3564;2.2338;64;True;1;
24;1;24;;normal;1;;;;;;;;;;;;;;;;;;;;;End-of-iteration summary row;;;15020.045754428898;15020.045754428898;144;15020.045754428898;1234.3664;;IterationSummary;;;;;;
25;1;25;1;normal;1;0aa1d73ae2bf;move;;;8;15;;;;;;;;;;True;False;False;False;;ok;15069.731215721631;15020.045754428898;15020.045754428898;15020.045754428898;145;15020.045754428898;1242.3666;49.685461292732725;Evaluated;5.7446;2.2357;64;True;1;
25;1;25;2;normal;1;0aa1d73ae2bf;swap;18;22;;;;;;;;;;;;True;False;False;False;;ok;17113.753860772278;15020.045754428898;15020.045754428898;15020.045754428898;146;15020.045754428898;1253.6042;2093.7081063433798;Evaluated;8.7977;2.4372;64;True;2;duplicate_for_same_parent_sequence
25;1;25;3;normal;1;0aa1d73ae2bf;move;;;37;25;;;;;;;;;;True;False;False;True;;ok;15999.833326034848;15020.045754428898;15020.045754428898;15020.045754428898;147;15020.045754428898;1264.7348;979.7875716059498;Evaluated;8.8986;2.2294;64;True;2;duplicate_for_same_parent_sequence
25;1;25;4;normal;1;0aa1d73ae2bf;move;;;50;40;;;;;;;;;;True;False;False;True;;ok;15732.445629858035;15020.045754428898;15020.045754428898;15020.045754428898;148;15020.045754428898;1272.1572;712.399875429137;Evaluated;5.1886;2.2331;64;True;1;
25;1;25;5;normal;1;0aa1d73ae2bf;move;;;25;10;;;;;;;;;;True;False;False;True;;ok;17176.960433361593;15020.045754428898;15020.045754428898;15020.045754428898;149;15020.045754428898;1279.7234;2156.914678932695;Evaluated;5.1229;2.4408;64;True;1;
25;1;25;;normal;2;;;;;;;;;;;;;;;;;;;;;End-of-iteration summary row;;;15020.045754428898;15020.045754428898;149;15020.045754428898;1279.7261;;IterationSummary;;;;;;
26;1;26;1;normal;2;0aa1d73ae2bf;move;;;3;7;;;;;;;;;;True;False;False;False;;ok;17380.41858423158;15020.045754428898;15020.045754428898;15020.045754428898;150;15020.045754428898;1291.2983;2360.37282980268;Evaluated;9.1231;2.4336;64;True;2;duplicate_for_same_parent_sequence
26;1;26;2;normal;2;0aa1d73ae2bf;move;;;30;18;;;;;;;;;;True;False;False;True;;ok;16347.206671494478;15020.045754428898;15020.045754428898;15020.045754428898;151;15020.045754428898;1302.3611;1327.1609170655793;Evaluated;8.6245;2.4349;64;True;2;duplicate_for_same_parent_sequence
26;1;26;3;normal;2;0aa1d73ae2bf;move;;;39;17;;;;;;;;;;True;False;False;True;;ok;15873.270558373752;15020.045754428898;15020.045754428898;15020.045754428898;152;15020.045754428898;1313.5307;853.2248039448532;Evaluated;8.9313;2.2355;64;True;2;duplicate_for_same_parent_sequence
26;1;26;4;normal;2;0aa1d73ae2bf;move;;;53;48;;;;;;;;;;True;False;False;False;;ok;15017.847225555563;15020.045754428898;15020.045754428898;15020.045754428898;153;15020.045754428898;1320.9444;-2.1985288733358175;Evaluated;5.1832;2.2296;64;True;1;
26;1;26;5;normal;2;0aa1d73ae2bf;move;;;20;15;;;;;;;;;;True;False;False;False;;ok;15087.212906504697;15020.045754428898;15020.045754428898;15020.045754428898;154;15020.045754428898;1328.5417;67.1671520757991;Evaluated;5.3641;2.2325;64;True;1;
26;1;26;;normal;0;;;;;;;;;;;;;;;;;;;;;End-of-iteration summary row;;;15017.847225555563;15017.847225555563;154;15017.847225555563;1328.5484;;IterationSummary;;;;;;
27;1;27;1;normal;0;95521372faf4;move;;;7;12;;;;;;;;;;True;False;False;False;;ok;14723.848120993567;15017.847225555563;15017.847225555563;15017.847225555563;155;15017.847225555563;1336.3711;-293.9991045619954;Evaluated;5.5777;2.2375;64;True;1;
27;1;27;2;normal;0;95521372faf4;swap;18;20;;;;;;;;;;;;True;False;False;False;;ok;16776.422960998018;15017.847225555563;15017.847225555563;15017.847225555563;156;15017.847225555563;1344.2925;1758.575735442455;Evaluated;5.4813;2.4368;64;True;1;
27;1;27;3;normal;0;95521372faf4;reinsert_block;;;;;;;32;40;50;;;;;True;False;False;True;;ok;15599.865112102432;15017.847225555563;15017.847225555563;15017.847225555563;157;15017.847225555563;1352.0365;582.0178865468697;Evaluated;5.5051;2.236;64;True;1;
27;1;27;4;normal;0;95521372faf4;move;;;50;47;;;;;;;;;;True;False;False;False;;ok;15020.045754428898;15017.847225555563;15017.847225555563;15017.847225555563;158;15017.847225555563;1359.7538;2.1985288733358175;Evaluated;5.4513;2.2631;64;True;1;
27;1;27;5;normal;0;95521372faf4;move;;;35;40;;;;;;;;;;True;False;False;False;;ok;15875.289341026924;15017.847225555563;15017.847225555563;15017.847225555563;159;15017.847225555563;1367.3285;857.4421154713618;Evaluated;5.3334;2.2388;64;True;1;
27;1;27;;normal;0;;;;;;;;;;;;;;;;;;;;;End-of-iteration summary row;;;14723.848120993567;14723.848120993567;159;14723.848120993567;1367.3484;;IterationSummary;;;;;;
28;1;28;1;normal;0;83fe30396cce;move;;;10;5;;;;;;;;;;True;False;False;False;;ok;17243.6475795242;14723.848120993567;14723.848120993567;14723.848120993567;160;14723.848120993567;1375.4292;2519.7994585306333;Evaluated;5.6434;2.4321;64;True;1;
28;1;28;2;normal;0;83fe30396cce;swap;16;20;;;;;;;;;;;;True;False;False;False;;ok;16455.717229352646;14723.848120993567;14723.848120993567;14723.848120993567;161;14723.848120993567;1383.1061;1731.8691083590784;Evaluated;5.2395;2.4349;64;True;1;
28;1;28;3;normal;0;83fe30396cce;reinsert_block;;;;;;;35;40;20;;;;;True;False;False;True;;ok;16293.870453913218;14723.848120993567;14723.848120993567;14723.848120993567;162;14723.848120993567;1391.0284;1570.0223329196506;Evaluated;5.4808;2.4392;64;True;1;
28;1;28;4;normal;0;83fe30396cce;move;;;53;48;;;;;;;;;;True;False;False;False;;ok;14882.793522115058;14723.848120993567;14723.848120993567;14723.848120993567;163;14723.848120993567;1398.5296;158.94540112149116;Evaluated;5.2687;2.2301;64;True;1;
28;1;28;5;normal;0;83fe30396cce;move;;;25;30;;;;;;;;;;True;False;False;False;;ok;16520.325928961065;14723.848120993567;14723.848120993567;14723.848120993567;164;14723.848120993567;1406.0684;1796.477807967498;Evaluated;5.1017;2.4363;64;True;1;
28;1;28;;normal;1;;;;;;;;;;;;;;;;;;;;;End-of-iteration summary row;;;14723.848120993567;14723.848120993567;164;14723.848120993567;1406.0691;;IterationSummary;;;;;;
29;1;29;1;normal;1;83fe30396cce;move;;;7;9;;;;;;;;;;True;False;False;False;;ok;17299.333083317666;14723.848120993567;14723.848120993567;14723.848120993567;165;14723.848120993567;1417.4504;2575.484962324099;Evaluated;8.9379;2.4362;64;True;2;duplicate_for_same_parent_sequence
29;1;29;2;normal;1;83fe30396cce;swap;18;20;;;;;;;;;;;;True;False;False;False;;ok;16779.865374668014;14723.848120993567;14723.848120993567;14723.848120993567;166;14723.848120993567;1425.0784;2056.0172536744467;Evaluated;5.188;2.4375;64;True;1;
29;1;29;3;normal;1;83fe30396cce;reinsert_block;;;;;;;32;40;50;;;;;True;False;False;True;;ok;16199.530953486128;14723.848120993567;14723.848120993567;14723.848120993567;167;14723.848120993567;1433.0069;1475.682832492561;Evaluated;5.4951;2.4309;64;True;1;
29;1;29;4;normal;1;83fe30396cce;move;;;52;49;;;;;;;;;;True;False;False;False;;ok;14719.25790887831;14723.848120993567;14723.848120993567;14723.848120993567;168;14723.848120993567;1440.5099;-4.5902121152576;Evaluated;5.2617;2.2403;64;True;1;
29;1;29;5;normal;1;83fe30396cce;move;;;45;20;;;;;;;;;;True;False;False;True;;ok;15656.277879890184;14723.848120993567;14723.848120993567;14723.848120993567;169;14723.848120993567;1447.8841;932.4297588966165;Evaluated;5.1453;2.2267;64;True;1;
29;1;29;;normal;0;;;;;;;;;;;;;;;;;;;;;End-of-iteration summary row;;;14719.25790887831;14719.25790887831;169;14719.25790887831;1447.9028;;IterationSummary;;;;;;
30;1;30;1;normal;0;f7a9394ef4f2;move;;;10;5;;;;;;;;;;True;False;False;False;;ok;17253.965966654774;14719.25790887831;14719.25790887831;14719.25790887831;170;14719.25790887831;1455.9681;2534.7080577764646;Evaluated;5.6283;2.4288;64;True;1;
30;1;30;2;normal;0;f7a9394ef4f2;swap;18;20;;;;;;;;;;;;True;False;False;False;;ok;16794.592267631255;14719.25790887831;14719.25790887831;14719.25790887831;171;14719.25790887831;1463.8142;2075.3343587529453;Evaluated;5.4155;2.4279;64;True;1;
30;1;30;3;normal;0;f7a9394ef4f2;reinsert_block;;;;;;;35;40;20;;;;;True;False;False;True;;ok;16303.941262375858;14719.25790887831;14719.25790887831;14719.25790887831;172;14719.25790887831;1471.8078;1584.6833534975485;Evaluated;5.5543;2.4384;64;True;1;
30;1;30;4;normal;0;f7a9394ef4f2;move;;;48;50;;;;;;;;;;True;False;False;False;;ok;14719.25790887831;14719.25790887831;14719.25790887831;14719.25790887831;173;14719.25790887831;1479.2834;0.0;Evaluated;5.2385;2.2339;64;True;1;
30;1;30;5;normal;0;f7a9394ef4f2;move;;;25;30;;;;;;;;;;True;False;False;False;;ok;16529.52516646652;14719.25790887831;14719.25790887831;14719.25790887831;174;14719.25790887831;1487.0081;1810.2672575882098;Evaluated;5.2872;2.4366;64;True;1;
30;1;30;;normal;1;;;;;;;;;;;;;;;;;;;;;End-of-iteration summary row;;;14719.25790887831;14719.25790887831;174;14719.25790887831;1487.0121;;IterationSummary;;;;;;
31;1;31;1;normal;1;f7a9394ef4f2;move;;;7;9;;;;;;;;;;True;False;False;False;;ok;17312.420497862462;14719.25790887831;14719.25790887831;14719.25790887831;175;14719.25790887831;1495.1617;2593.1625889841525;Evaluated;5.7026;2.4291;64;True;1;
31;1;31;2;normal;1;f7a9394ef4f2;swap;19;20;;;;;;;;;;;;True;False;False;False;;ok;14719.25790887831;14719.25790887831;14719.25790887831;14719.25790887831;176;14719.25790887831;1502.6326;0.0;Evaluated;5.2336;2.2345;64;True;1;
31;1;31;3;normal;1;f7a9394ef4f2;reinsert_block;;;;;;;35;40;25;;;;;True;False;False;True;;ok;15867.595449075032;14719.25790887831;14719.25790887831;14719.25790887831;177;14719.25790887831;1510.7001;1148.3375401967223;Evaluated;5.8371;2.227;64;True;1;
31;1;31;4;normal;1;f7a9394ef4f2;move;;;52;49;;;;;;;;;;True;False;False;False;;ok;14724.2013679121;14719.25790887831;14719.25790887831;14719.25790887831;178;14719.25790887831;1518.0906;4.9434590337896225;Evaluated;5.1582;2.2293;64;True;1;
31;1;31;5;normal;1;f7a9394ef4f2;move;;;50;45;;;;;;;;;;True;False;False;False;;ok;15143.554811431513;14719.25790887831;14719.25790887831;14719.25790887831;179;14719.25790887831;1525.2682;424.29690255320384;Evaluated;4.9417;2.2332;64;True;1;
31;1;31;;normal;2;;;;;;;;;;;;;;;;;;;;;End-of-iteration summary row;;;14719.25790887831;14719.25790887831;179;14719.25790887831;1525.2712;;IterationSummary;;;;;;
32;1;32;1;normal;2;f7a9394ef4f2;move;;;7;9;;;;;;;;;;False;True;False;;;ok;;14719.25790887831;14719.25790887831;14719.25790887831;179;14719.25790887831;1537.9515;;DuplicateForSameParentSequenceAfterRetries;12.6621;;;;3;duplicate_for_same_parent_sequence
32;1;32;2;normal;2;f7a9394ef4f2;swap;17;20;;;;;;;;;;;;True;False;False;False;;ok;16758.16992074499;14719.25790887831;14719.25790887831;14719.25790887831;180;14719.25790887831;1545.6109;2038.9120118666797;Evaluated;5.2273;2.4311;64;True;1;
32;1;32;3;normal;2;f7a9394ef4f2;move;;;28;19;;;;;;;;;;True;False;False;False;;ok;16511.827514374076;14719.25790887831;14719.25790887831;14719.25790887831;181;14719.25790887831;1557.2613;1792.5696054957662;Evaluated;9.2193;2.4286;64;True;2;duplicate_for_same_parent_sequence
32;1;32;4;normal;2;f7a9394ef4f2;move;;;58;49;;;;;;;;;;True;False;False;False;;ok;15046.782098452386;14719.25790887831;14719.25790887831;14719.25790887831;182;14719.25790887831;1564.6667;327.52418957407644;Evaluated;5.1756;2.229;64;True;1;
32;1;32;5;normal;2;f7a9394ef4f2;move;;;19;25;;;;;;;;;;True;False;False;False;;ok;16050.8484130011;14719.25790887831;14719.25790887831;14719.25790887831;183;14719.25790887831;1571.8485;1331.5905041227907;Evaluated;4.9434;2.2356;64;True;1;
32;1;32;;normal;3;;;;;;;;;;;;;;;;;;;;;End-of-iteration summary row;;;14719.25790887831;14719.25790887831;183;14719.25790887831;1571.8517;;IterationSummary;;;;;;
33;1;33;1;diversification;3;f7a9394ef4f2;move;;;7;15;;;;;;;;;;True;False;False;False;;ok;17294.313736002878;14719.25790887831;14719.25790887831;14719.25790887831;184;14719.25790887831;1579.9044;2575.055827124568;Evaluated;5.6052;2.4285;64;True;1;
33;1;33;2;diversification;3;f7a9394ef4f2;reinsert_block;;;;;;;25;30;18;;;;;True;False;False;False;;ok;16713.51944804797;14719.25790887831;14719.25790887831;14719.25790887831;185;14719.25790887831;1587.7922;1994.26153916966;Evaluated;5.4532;2.4323;64;True;1;
33;1;33;3;diversification;3;f7a9394ef4f2;swap;35;42;;;;;;;;;;;;True;False;False;False;;ok;15135.788009439852;14719.25790887831;14719.25790887831;14719.25790887831;186;14719.25790887831;1595.2736;416.530100561542;Evaluated;5.2478;2.2309;64;True;1;
33;1;33;4;diversification;3;f7a9394ef4f2;move;;;53;48;;;;;;;;;;True;False;False;False;;ok;15091.750567038513;14719.25790887831;14719.25790887831;14719.25790887831;187;14719.25790887831;1602.6812;372.49265816020306;Evaluated;5.1702;2.2361;64;True;1;
33;1;33;5;diversification;3;f7a9394ef4f2;move;;;15;20;;;;;;;;;;True;False;False;False;;ok;16343.086037741148;14719.25790887831;14719.25790887831;14719.25790887831;188;14719.25790887831;1610.4334;1623.8281288628386;Evaluated;5.3148;2.4348;64;True;1;
33;1;33;6;diversification;3;f7a9394ef4f2;move;;;30;15;;;;;;;;;;True;False;False;True;;ok;17098.372549028234;14719.25790887831;14719.25790887831;14719.25790887831;189;14719.25790887831;1621.6558;2379.1146401499245;Evaluated;8.7877;2.4315;64;True;2;duplicate_for_same_parent_sequence
33;1;33;7;diversification;3;f7a9394ef4f2;move;;;40;25;;;;;;;;;;True;False;False;True;;ok;16330.616107032934;14719.25790887831;14719.25790887831;14719.25790887831;190;14719.25790887831;1629.2426;1611.358198154625;Evaluated;5.1547;2.4312;64;True;1;
33;1;33;8;diversification;3;f7a9394ef4f2;move;;;8;15;;;;;;;;;;True;False;False;False;;ok;17242.17156276007;14719.25790887831;14719.25790887831;14719.25790887831;191;14719.25790887831;1636.82;2522.913653881762;Evaluated;5.1373;2.4371;64;True;1;
33;1;33;9;diversification;3;f7a9394ef4f2;move;;;26;30;;;;;;;;;;True;False;False;False;;ok;16337.200905429883;14719.25790887831;14719.25790887831;14719.25790887831;192;14719.25790887831;1644.4984;1617.9429965515737;Evaluated;5.2447;2.4307;64;True;1;
33;1;33;10;diversification;3;f7a9394ef4f2;move;;;43;50;;;;;;;;;;True;False;False;False;;ok;15605.736091111115;14719.25790887831;14719.25790887831;14719.25790887831;193;14719.25790887831;1652.0274;886.4781822328059;Evaluated;5.2952;2.2314;64;True;1;
33;1;33;;diversification;4;;;;;;;;;;;;;;;;;;;;;End-of-iteration summary row;;;14719.25790887831;14719.25790887831;193;14719.25790887831;1652.0283;;IterationSummary;;;;;;
34;1;34;1;diversification;4;f7a9394ef4f2;move;;;3;20;;;;;;;;;;True;False;False;True;;ok;16640.493081350287;14719.25790887831;14719.25790887831;14719.25790887831;194;14719.25790887831;1663.4812;1921.2351724719774;Evaluated;9.0109;2.4346;64;True;2;duplicate_for_same_parent_sequence
34;1;34;2;diversification;4;f7a9394ef4f2;reinsert_block;;;;;;;18;24;30;;;;;True;False;False;False;;ok;16713.51944804797;14719.25790887831;14719.25790887831;14719.25790887831;195;14719.25790887831;1671.54;1994.26153916966;Evaluated;5.6245;2.4308;64;True;1;
34;1;34;3;diversification;4;f7a9394ef4f2;swap;38;40;;;;;;;;;;;;True;False;False;False;;ok;15379.410733243072;14719.25790887831;14719.25790887831;14719.25790887831;196;14719.25790887831;1682.6543;660.1528243647626;Evaluated;8.8834;2.2285;64;True;2;duplicate_for_same_parent_sequence
34;1;34;4;diversification;4;f7a9394ef4f2;move;;;60;35;;;;;;;;;;True;False;False;True;;ok;15914.464578785983;14719.25790887831;14719.25790887831;14719.25790887831;197;14719.25790887831;1693.5639;1195.2066699076731;Evaluated;8.6796;2.2292;64;True;2;duplicate_for_same_parent_sequence
34;1;34;5;diversification;4;f7a9394ef4f2;move;;;20;10;;;;;;;;;;True;False;False;True;;ok;16696.136380005275;14719.25790887831;14719.25790887831;14719.25790887831;198;14719.25790887831;1701.2494;1976.8784711269655;Evaluated;5.2457;2.4374;64;True;1;
34;1;34;6;diversification;4;f7a9394ef4f2;move;;;50;32;;;;;;;;;;True;False;False;True;;ok;16386.010553981843;14719.25790887831;14719.25790887831;14719.25790887831;199;14719.25790887831;1708.8264;1666.7526451035337;Evaluated;5.1452;2.4293;64;True;1;
34;1;34;7;diversification;4;f7a9394ef4f2;move;;;48;20;;;;;;;;;;True;False;False;True;;ok;15983.81462093606;14719.25790887831;14719.25790887831;14719.25790887831;200;14719.25790887831;1716.175;1264.5567120577507;Evaluated;5.1195;2.2285;64;True;1;
34;1;34;8;diversification;4;f7a9394ef4f2;move;;;8;20;;;;;;;;;;True;False;False;True;;ok;17269.38030422715;14719.25790887831;14719.25790887831;14719.25790887831;201;14719.25790887831;1723.7789;2550.1223953488407;Evaluated;5.1653;2.436;64;True;1;
34;1;34;9;diversification;4;f7a9394ef4f2;move;;;28;35;;;;;;;;;;True;False;False;False;;ok;15614.09107408841;14719.25790887831;14719.25790887831;14719.25790887831;202;14719.25790887831;1731.2273;894.8331652101006;Evaluated;5.2132;2.2328;64;True;1;
34;1;34;10;diversification;4;f7a9394ef4f2;move;;;50;47;;;;;;;;;;True;False;False;False;;ok;15103.743559291483;14719.25790887831;14719.25790887831;14719.25790887831;203;14719.25790887831;1738.7595;384.48565041317306;Evaluated;5.2916;2.2382;64;True;1;
34;1;34;;diversification;5;;;;;;;;;;;;;;;;;;;;;End-of-iteration summary row;;;14719.25790887831;14719.25790887831;203;14719.25790887831;1738.7624;;IterationSummary;;;;;;
35;1;35;1;diversification;5;f7a9394ef4f2;move;;;5;10;;;;;;;;;;True;False;False;False;;ok;16999.74597084797;14719.25790887831;14719.25790887831;14719.25790887831;204;14719.25790887831;1750.3135;2280.4880619696596;Evaluated;9.0952;2.4377;64;True;2;duplicate_for_same_parent_sequence
35;1;35;2;diversification;5;f7a9394ef4f2;reinsert_block;;;;;;;20;24;35;;;;;True;False;False;True;;ok;16810.87024803931;14719.25790887831;14719.25790887831;14719.25790887831;205;14719.25790887831;1758.4292;2091.6123391610017;Evaluated;5.6769;2.4358;64;True;1;
35;1;35;3;diversification;5;f7a9394ef4f2;swap;35;40;;;;;;;;;;;;True;False;False;False;;ok;15988.329780776596;14719.25790887831;14719.25790887831;14719.25790887831;206;14719.25790887831;1765.9456;1269.0718718982862;Evaluated;5.2872;2.2269;64;True;1;
35;1;35;4;diversification;5;f7a9394ef4f2;move;;;48;25;;;;;;;;;;True;False;False;True;;ok;15987.248366449634;14719.25790887831;14719.25790887831;14719.25790887831;207;14719.25790887831;1773.4098;1267.9904575713244;Evaluated;5.2324;2.2311;64;True;1;
35;1;35;5;diversification;5;f7a9394ef4f2;move;;;4;20;;;;;;;;;;True;False;False;True;;ok;16965.266243551916;14719.25790887831;14719.25790887831;14719.25790887831;208;14719.25790887831;1781.1087;2246.0083346736064;Evaluated;5.268;2.4282;64;True;1;
35;1;35;6;diversification;5;f7a9394ef4f2;move;;;62;40;;;;;;;;;;True;False;False;True;;ok;15122.226010364288;14719.25790887831;14719.25790887831;14719.25790887831;209;14719.25790887831;1788.6084;402.96810148597797;Evaluated;5.2625;2.2343;64;True;1;
35;1;35;7;diversification;5;f7a9394ef4f2;move;;;53;10;;;;;;;;;;True;False;False;True;;ok;17830.681142846315;14719.25790887831;14719.25790887831;14719.25790887831;210;14719.25790887831;1796.1521;3111.4232339680057;Evaluated;5.1112;2.4298;64;True;1;
35;1;35;8;diversification;5;f7a9394ef4f2;move;;;15;8;;;;;;;;;;True;False;False;False;;ok;14713.249680033072;14719.25790887831;14719.25790887831;14719.25790887831;211;14719.25790887831;1806.8884;-6.0082288452376815;EvaluatedImprovementDespiteDiversificationMismatch;8.5058;2.2298;64;True;2;duplicate_for_same_parent_sequence
35;1;35;9;diversification;5;f7a9394ef4f2;move;;;15;30;;;;;;;;;;True;False;False;True;;ok;16778.032878272395;14719.25790887831;14719.25790887831;14719.25790887831;212;14719.25790887831;1818.3424;2058.774969394086;Evaluated;9.0212;2.4301;64;True;2;duplicate_for_same_parent_sequence
35;1;35;10;diversification;5;f7a9394ef4f2;move;;;45;10;;;;;;;;;;True;False;False;True;;ok;15652.315727922036;14719.25790887831;14719.25790887831;14719.25790887831;213;14719.25790887831;1829.5955;933.0578190437263;Evaluated;9.0214;2.2288;64;True;2;duplicate_for_same_parent_sequence
35;1;35;;diversification;0;;;;;;;;;;;;;;;;;;;;;End-of-iteration summary row;;;14713.249680033072;14713.249680033072;213;14713.249680033072;1829.6159;;IterationSummary;;;;;;
36;1;36;1;normal;0;5a5f4de791f7;move;;;5;10;;;;;;;;;;True;False;False;False;;ok;17294.63833731397;14713.249680033072;14713.249680033072;14713.249680033072;214;14713.249680033072;1837.8127;2581.388657280897;Evaluated;5.7461;2.4406;64;True;1;
36;1;36;2;normal;0;5a5f4de791f7;swap;17;20;;;;;;;;;;;;True;False;False;False;;ok;16776.103727259426;14713.249680033072;14713.249680033072;14713.249680033072;215;14713.249680033072;1845.3592;2062.854047226354;Evaluated;5.1122;2.4319;64;True;1;
36;1;36;3;normal;0;5a5f4de791f7;reinsert_block;;;;;;;32;35;40;;;;;True;False;False;False;;ok;16860.90381840775;14713.249680033072;14713.249680033072;14713.249680033072;216;14713.249680033072;1853.6052;2147.654138374679;Evaluated;5.8067;2.4365;64;True;1;
36;1;36;4;normal;0;5a5f4de791f7;move;;;58;49;;;;;;;;;;True;False;False;False;;ok;15046.928468282249;14713.249680033072;14713.249680033072;14713.249680033072;217;14713.249680033072;1861.0858;333.67878824917716;Evaluated;5.2518;2.2262;64;True;1;
36;1;36;5;normal;0;5a5f4de791f7;move;;;40;50;;;;;;;;;;True;False;False;True;;ok;15478.665465873944;14713.249680033072;14713.249680033072;14713.249680033072;218;14713.249680033072;1868.507;765.4157858408726;Evaluated;5.1901;2.2304;64;True;1;
36;1;36;;normal;1;;;;;;;;;;;;;;;;;;;;;End-of-iteration summary row;;;14713.249680033072;14713.249680033072;218;14713.249680033072;1868.51;;IterationSummary;;;;;;
37;1;37;1;normal;1;5a5f4de791f7;move;;;8;3;;;;;;;;;;True;False;False;False;;ok;15066.843990318966;14713.249680033072;14713.249680033072;14713.249680033072;219;14713.249680033072;1879.6885;353.5943102858946;Evaluated;8.9319;2.2304;64;True;2;duplicate_for_same_parent_sequence
37;1;37;2;normal;1;5a5f4de791f7;swap;18;20;;;;;;;;;;;;True;False;False;False;;ok;16774.491146301865;14713.249680033072;14713.249680033072;14713.249680033072;220;14713.249680033072;1887.5575;2061.2414662687934;Evaluated;5.4348;2.4311;64;True;1;
37;1;37;3;normal;1;5a5f4de791f7;reinsert_block;;;;;;;35;40;10;;;;;True;False;False;True;;ok;17389.3770419219;14713.249680033072;14713.249680033072;14713.249680033072;221;14713.249680033072;1895.466;2676.127361888828;Evaluated;5.4658;2.4393;64;True;1;
37;1;37;4;normal;1;5a5f4de791f7;move;;;50;48;;;;;;;;;;True;False;False;False;;ok;14709.410345434788;14713.249680033072;14713.249680033072;14713.249680033072;222;14713.249680033072;1902.9033;-3.83933459828404;Evaluated;5.203;2.2315;64;True;1;
37;1;37;5;normal;1;5a5f4de791f7;move;;;62;40;;;;;;;;;;True;False;False;True;;ok;14588.014460557137;14713.249680033072;14713.249680033072;14713.249680033072;223;14713.249680033072;1910.3166;-125.23521947593508;Evaluated;5.1799;2.231;64;True;1;
37;1;37;;normal;0;;;;;;;;;;;;;;;;;;;;;End-of-iteration summary row;;;14588.014460557137;14588.014460557137;223;14588.014460557137;1910.3278;;IterationSummary;;;;;;
38;1;38;1;normal;0;e4c7f3ad01bc;move;;;5;10;;;;;;;;;;True;False;False;False;;ok;16958.35807915531;14588.014460557137;14588.014460557137;14588.014460557137;224;14588.014460557137;1918.4165;2370.3436185981736;Evaluated;5.6502;2.4286;64;True;1;
38;1;38;2;normal;0;e4c7f3ad01bc;swap;20;25;;;;;;;;;;;;True;False;False;False;;ok;16114.849694450373;14588.014460557137;14588.014460557137;14588.014460557137;225;14588.014460557137;1926.3272;1526.8352338932364;Evaluated;5.4775;2.4302;64;True;1;
38;1;38;3;normal;0;e4c7f3ad01bc;reinsert_block;;;;;;;35;40;15;;;;;True;False;False;True;;ok;16439.504805114866;14588.014460557137;14588.014460557137;14588.014460557137;226;14588.014460557137;1934.5626;1851.4903445577293;Evaluated;5.8022;2.4306;64;True;1;
38;1;38;4;normal;0;e4c7f3ad01bc;move;;;50;48;;;;;;;;;;True;False;False;False;;ok;14588.293123837617;14588.014460557137;14588.014460557137;14588.014460557137;227;14588.014460557137;1942.0696;0.27866328048003197;Evaluated;5.2742;2.2304;64;True;1;
38;1;38;5;normal;0;e4c7f3ad01bc;move;;;25;30;;;;;;;;;;True;False;False;False;;ok;16192.925763248933;14588.014460557137;14588.014460557137;14588.014460557137;228;14588.014460557137;1949.9009;1604.9113026917967;Evaluated;5.3982;2.4304;64;True;1;
38;1;38;;normal;1;;;;;;;;;;;;;;;;;;;;;End-of-iteration summary row;;;14588.014460557137;14588.014460557137;228;14588.014460557137;1949.9038;;IterationSummary;;;;;;
39;1;39;1;normal;1;e4c7f3ad01bc;move;;;3;8;;;;;;;;;;True;False;False;False;;ok;17150.736443455666;14588.014460557137;14588.014460557137;14588.014460557137;229;14588.014460557137;1961.4713;2562.721982898529;Evaluated;9.1257;2.4311;64;True;2;duplicate_for_same_parent_sequence
39;1;39;2;normal;1;e4c7f3ad01bc;swap;18;20;;;;;;;;;;;;True;False;False;False;;ok;16441.94220721221;14588.014460557137;14588.014460557137;14588.014460557137;230;14588.014460557137;1969.3335;1853.9277466550739;Evaluated;5.4285;2.4321;64;True;1;
39;1;39;3;normal;1;e4c7f3ad01bc;reinsert_block;;;;;;;35;40;12;;;;;True;False;False;True;;ok;17114.50298461075;14588.014460557137;14588.014460557137;14588.014460557137;231;14588.014460557137;1977.2422;2526.488524053613;Evaluated;5.472;2.436;64;True;1;
39;1;39;4;normal;1;e4c7f3ad01bc;move;;;58;49;;;;;;;;;;True;False;False;False;;ok;14391.723150209844;14588.014460557137;14588.014460557137;14588.014460557137;232;14588.014460557137;1984.7109;-196.2913103472929;Evaluated;5.2326;2.2331;64;True;1;
39;1;39;5;normal;1;e4c7f3ad01bc;move;;;42;10;;;;;;;;;;True;False;False;True;;ok;16456.355161544714;14588.014460557137;14588.014460557137;14588.014460557137;233;14588.014460557137;1992.2832;1868.3407009875773;Evaluated;5.1408;2.4289;64;True;1;
39;1;39;;normal;0;;;;;;;;;;;;;;;;;;;;;End-of-iteration summary row;;;14391.723150209844;14391.723150209844;233;14391.723150209844;1992.3046;;IterationSummary;;;;;;
40;1;40;1;normal;0;b8c121940802;move;;;5;10;;;;;;;;;;True;False;False;False;;ok;16956.965759913997;14391.723150209844;14391.723150209844;14391.723150209844;234;14391.723150209844;2000.3386;2565.2426097041534;Evaluated;5.5916;2.4329;64;True;1;
40;1;40;2;normal;0;b8c121940802;swap;20;25;;;;;;;;;;;;True;False;False;False;;ok;16121.285654126747;14391.723150209844;14391.723150209844;14391.723150209844;235;14391.723150209844;2008.1147;1729.5625039169026;Evaluated;5.3378;2.4358;64;True;1;
40;1;40;3;normal;0;b8c121940802;reinsert_block;;;;;;;35;40;12;;;;;True;False;False;True;;ok;17269.53508534544;14391.723150209844;14391.723150209844;14391.723150209844;236;14391.723150209844;2016.0149;2877.8119351355963;Evaluated;5.4631;2.4347;64;True;1;
40;1;40;4;normal;0;b8c121940802;move;;;58;30;;;;;;;;;;True;False;False;True;;ok;16029.518241891956;14391.723150209844;14391.723150209844;14391.723150209844;237;14391.723150209844;2023.4654;1637.795091682112;Evaluated;5.2159;2.2318;64;True;1;
40;1;40;5;normal;0;b8c121940802;move;;;50;10;;;;;;;;;;True;False;False;True;;ok;17103.66592582293;14391.723150209844;14391.723150209844;14391.723150209844;238;14391.723150209844;2031.0424;2711.9427756130863;Evaluated;5.1415;2.4323;64;True;1;
40;1;40;;normal;1;;;;;;;;;;;;;;;;;;;;;End-of-iteration summary row;;;14391.723150209844;14391.723150209844;238;14391.723150209844;2031.0455;;IterationSummary;;;;;;
41;1;41;1;normal;1;b8c121940802;move;;;8;3;;;;;;;;;;True;False;False;False;;ok;14404.299636599528;14391.723150209844;14391.723150209844;14391.723150209844;239;14391.723150209844;2038.8299;12.57648638968385;Evaluated;5.5373;2.2327;64;True;1;
41;1;41;2;normal;1;b8c121940802;swap;18;22;;;;;;;;;;;;True;False;False;False;;ok;16491.452142691614;14391.723150209844;14391.723150209844;14391.723150209844;240;14391.723150209844;2050.4789;2099.7289924817705;Evaluated;9.2184;2.4282;64;True;2;duplicate_for_same_parent_sequence
41;1;41;3;normal;1;b8c121940802;move;;;38;25;;;;;;;;;;True;False;False;True;;ok;16366.497998986088;14391.723150209844;14391.723150209844;14391.723150209844;241;14391.723150209844;2061.8611;1974.7748487762437;Evaluated;8.9472;2.4341;64;True;2;duplicate_for_same_parent_sequence
41;1;41;4;normal;1;b8c121940802;move;;;58;40;;;;;;;;;;True;False;False;True;;ok;15387.1030773904;14391.723150209844;14391.723150209844;14391.723150209844;242;14391.723150209844;2069.2675;995.3799271805565;Evaluated;5.1729;2.231;64;True;1;
41;1;41;5;normal;1;b8c121940802;move;;;50;20;;;;;;;;;;True;False;False;True;;ok;16222.710550418773;14391.723150209844;14391.723150209844;14391.723150209844;243;14391.723150209844;2077.0577;1830.987400208929;Evaluated;5.3595;2.4283;64;True;1;
41;1;41;;normal;2;;;;;;;;;;;;;;;;;;;;;End-of-iteration summary row;;;14391.723150209844;14391.723150209844;243;14391.723150209844;2077.0587;;IterationSummary;;;;;;
42;1;42;1;normal;2;b8c121940802;move;;;10;5;;;;;;;;;;True;False;False;False;;ok;16816.664495113768;14391.723150209844;14391.723150209844;14391.723150209844;244;14391.723150209844;2085.0602;2424.941344903924;Evaluated;5.557;2.4323;64;True;1;
42;1;42;2;normal;2;b8c121940802;swap;18;20;;;;;;;;;;;;True;False;False;False;;ok;16444.734951622802;14391.723150209844;14391.723150209844;14391.723150209844;245;14391.723150209844;2092.6675;2053.0118014129584;Evaluated;5.1682;2.4369;64;True;1;
42;1;42;3;normal;2;b8c121940802;move;;;38;17;;;;;;;;;;True;False;False;True;;ok;16264.667370128504;14391.723150209844;14391.723150209844;14391.723150209844;246;14391.723150209844;2104.0325;1872.9442199186597;Evaluated;8.9286;2.4336;64;True;2;duplicate_for_same_parent_sequence
42;1;42;4;normal;2;b8c121940802;move;;;53;48;;;;;;;;;;True;False;False;False;;ok;14553.728850782638;14391.723150209844;14391.723150209844;14391.723150209844;247;14391.723150209844;2111.4567;162.005700572794;Evaluated;5.1898;2.2321;64;True;1;
42;1;42;5;normal;2;b8c121940802;move;;;30;45;;;;;;;;;;True;False;False;True;;ok;14395.383761934563;14391.723150209844;14391.723150209844;14391.723150209844;248;14391.723150209844;2119.0511;3.660611724719274;Evaluated;5.3609;2.2305;64;True;1;
42;1;42;;normal;3;;;;;;;;;;;;;;;;;;;;;End-of-iteration summary row;;;14391.723150209844;14391.723150209844;248;14391.723150209844;2119.0538;;IterationSummary;;;;;;
43;1;43;1;diversification;3;b8c121940802;move;;;25;10;;;;;;;;;;True;False;False;True;;ok;16828.1499080751;14391.723150209844;14391.723150209844;14391.723150209844;249;14391.723150209844;2127.0972;2436.4267578652543;Evaluated;5.5986;2.4303;64;True;1;
43;1;43;2;diversification;3;b8c121940802;reinsert_block;;;;;;;18;24;5;;;;;True;False;False;True;;ok;16430.495474104544;14391.723150209844;14391.723150209844;14391.723150209844;250;14391.723150209844;2135.4163;2038.7723238947;Evaluated;5.8849;2.4306;64;True;1;
43;1;43;3;diversification;3;b8c121940802;swap;40;56;;;;;;;;;;;;True;False;False;True;;ok;14391.723150209844;14391.723150209844;14391.723150209844;14391.723150209844;251;14391.723150209844;2142.8707;0.0;Evaluated;5.2212;2.2302;64;True;1;
43;1;43;4;diversification;3;b8c121940802;move;;;49;60;;;;;;;;;;True;False;False;True;;ok;14805.773277670756;14391.723150209844;14391.723150209844;14391.723150209844;252;14391.723150209844;2154.1758;414.05012746091234;Evaluated;9.0715;2.2305;64;True;2;duplicate_for_same_parent_sequence
43;1;43;5;diversification;3;b8c121940802;move;;;4;20;;;;;;;;;;True;False;False;True;;ok;17429.41610808569;14391.723150209844;14391.723150209844;14391.723150209844;253;14391.723150209844;2161.8311;3037.6929578758463;Evaluated;5.2176;2.4354;64;True;1;
43;1;43;6;diversification;3;b8c121940802;move;;;45;25;;;;;;;;;;True;False;False;True;;ok;15978.839645046904;14391.723150209844;14391.723150209844;14391.723150209844;254;14391.723150209844;2172.7877;1587.1164948370606;Evaluated;8.7225;2.2315;64;True;2;duplicate_for_same_parent_sequence
43;1;43;7;diversification;3;b8c121940802;move;;;53;40;;;;;;;;;;True;False;False;True;;ok;15513.15001426076;14391.723150209844;14391.723150209844;14391.723150209844;255;14391.723150209844;2180.2214;1121.4268640509163;Evaluated;5.1985;2.2326;64;True;1;
43;1;43;8;diversification;3;b8c121940802;move;;;8;15;;;;;;;;;;True;False;False;False;;ok;15126.203732553065;14391.723150209844;14391.723150209844;14391.723150209844;256;14391.723150209844;2187.6151;734.4805823432216;Evaluated;5.1613;2.2294;64;True;1;
43;1;43;9;diversification;3;b8c121940802;move;;;25;30;;;;;;;;;;True;False;False;False;;ok;16192.925763248933;14391.723150209844;14391.723150209844;14391.723150209844;257;14391.723150209844;2195.2633;1801.2026130390896;Evaluated;5.208;2.4373;64;True;1;
43;1;43;10;diversification;3;b8c121940802;move;;;45;30;;;;;;;;;;True;False;False;True;;ok;15466.653791614468;14391.723150209844;14391.723150209844;14391.723150209844;258;14391.723150209844;2202.8934;1074.930641404624;Evaluated;5.3966;2.2311;64;True;1;
43;1;43;;diversification;4;;;;;;;;;;;;;;;;;;;;;End-of-iteration summary row;;;14391.723150209844;14391.723150209844;258;14391.723150209844;2202.8961;;IterationSummary;;;;;;
44;1;44;1;diversification;4;b8c121940802;move;;;18;5;;;;;;;;;;True;False;False;True;;ok;16482.608390338686;14391.723150209844;14391.723150209844;14391.723150209844;259;14391.723150209844;2211.0213;2090.8852401288423;Evaluated;5.6812;2.4276;64;True;1;
44;1;44;2;diversification;4;b8c121940802;reinsert_block;;;;;;;20;24;5;;;;;True;False;False;True;;ok;16893.138999564653;14391.723150209844;14391.723150209844;14391.723150209844;260;14391.723150209844;2218.9329;2501.4158493548093;Evaluated;5.4796;2.4295;64;True;1;
44;1;44;3;diversification;4;b8c121940802;swap;35;42;;;;;;;;;;;;True;False;False;False;;ok;15638.608380984913;14391.723150209844;14391.723150209844;14391.723150209844;261;14391.723150209844;2226.6623;1246.8852307750694;Evaluated;5.4947;2.2319;64;True;1;
44;1;44;4;diversification;4;b8c121940802;move;;;48;53;;;;;;;;;;True;False;False;False;;ok;14392.684432649348;14391.723150209844;14391.723150209844;14391.723150209844;262;14391.723150209844;2234.1785;0.9612824395044299;Evaluated;5.2852;2.2286;64;True;1;
44;1;44;5;diversification;4;b8c121940802;move;;;48;50;;;;;;;;;;True;False;False;False;;ok;14391.723150209844;14391.723150209844;14391.723150209844;14391.723150209844;263;14391.723150209844;2241.6483;0.0;Evaluated;5.2283;2.2391;64;True;1;
44;1;44;6;diversification;4;b8c121940802;move;;;40;53;;;;;;;;;;True;False;False;True;;ok;14390.88179632613;14391.723150209844;14391.723150209844;14391.723150209844;264;14391.723150209844;2249.1824;-0.841353883713964;Evaluated;5.3006;2.2329;64;True;1;
44;1;44;7;diversification;4;b8c121940802;move;;;42;10;;;;;;;;;;True;False;False;True;;ok;16459.535811706945;14391.723150209844;14391.723150209844;14391.723150209844;265;14391.723150209844;2256.7852;2067.8126614971006;Evaluated;5.1691;2.4307;64;True;1;
44;1;44;8;diversification;4;b8c121940802;move;;;20;15;;;;;;;;;;True;False;False;False;;ok;16127.004888147765;14391.723150209844;14391.723150209844;14391.723150209844;266;14391.723150209844;2264.4336;1735.2817379379212;Evaluated;5.2093;2.4362;64;True;1;
44;1;44;9;diversification;4;b8c121940802;move;;;28;35;;;;;;;;;;True;False;False;False;;ok;15718.25395645504;14391.723150209844;14391.723150209844;14391.723150209844;267;14391.723150209844;2271.8419;1326.5308062451968;Evaluated;5.1739;2.232;64;True;1;
44;1;44;10;diversification;4;b8c121940802;move;;;48;30;;;;;;;;;;True;False;False;True;;ok;15140.299269031877;14391.723150209844;14391.723150209844;14391.723150209844;268;14391.723150209844;2286.19;748.5761188220331;Evaluated;12.1188;2.227;64;True;3;duplicate_for_same_parent_sequence
44;1;44;;diversification;0;;;;;;;;;;;;;;;;;;;;;End-of-iteration summary row;;;14390.88179632613;14390.88179632613;268;14390.88179632613;2286.203;;IterationSummary;;;;;;
45;1;45;1;normal;0;d3c3e315b78a;move;;;18;5;;;;;;;;;;True;False;False;True;;ok;16496.568169986007;14390.88179632613;14390.88179632613;14390.88179632613;269;14390.88179632613;2294.3873;2105.686373659877;Evaluated;5.7438;2.4306;64;True;1;
45;1;45;2;normal;0;d3c3e315b78a;swap;20;21;;;;;;;;;;;;True;False;False;False;;ok;15636.699995815188;14390.88179632613;14390.88179632613;14390.88179632613;270;14390.88179632613;2301.7959;1245.8181994890583;Evaluated;5.1768;2.229;64;True;1;
45;1;45;3;normal;0;d3c3e315b78a;reinsert_block;;;;;;;35;40;28;;;;;True;False;False;False;;ok;15832.371329954165;14390.88179632613;14390.88179632613;14390.88179632613;271;14390.88179632613;2309.5091;1441.4895336280351;Evaluated;5.4729;2.2379;64;True;1;
45;1;45;4;normal;0;d3c3e315b78a;move;;;53;48;;;;;;;;;;True;False;False;False;;ok;14386.539871200861;14390.88179632613;14390.88179632613;14390.88179632613;272;14390.88179632613;2316.9516;-4.341925125268972;Evaluated;5.2072;2.2325;64;True;1;
45;1;45;5;normal;0;d3c3e315b78a;move;;;50;48;;;;;;;;;;True;False;False;False;;ok;14400.838424207977;14390.88179632613;14390.88179632613;14390.88179632613;273;14390.88179632613;2324.1674;9.956627881847453;Evaluated;4.9827;2.2306;64;True;1;
45;1;45;;normal;0;;;;;;;;;;;;;;;;;;;;;End-of-iteration summary row;;;14386.539871200861;14386.539871200861;273;14386.539871200861;2324.1878;;IterationSummary;;;;;;
46;1;46;1;normal;0;acfcfad1d129;move;;;10;5;;;;;;;;;;True;False;False;False;;ok;17328.126074259177;14386.539871200861;14386.539871200861;14386.539871200861;274;14386.539871200861;2332.2123;2941.5862030583157;Evaluated;5.5875;2.4315;64;True;1;
46;1;46;2;normal;0;acfcfad1d129;swap;18;20;;;;;;;;;;;;True;False;False;False;;ok;16960.970164848273;14386.539871200861;14386.539871200861;14386.539871200861;275;14386.539871200861;2339.9209;2574.4302936474123;Evaluated;5.2739;2.4322;64;True;1;
46;1;46;3;normal;0;acfcfad1d129;reinsert_block;;;;;;;35;40;28;;;;;True;False;False;False;;ok;16218.764816051887;14386.539871200861;14386.539871200861;14386.539871200861;276;14386.539871200861;2347.7065;1832.2249448510265;Evaluated;5.3521;2.4311;64;True;1;
46;1;46;4;normal;0;acfcfad1d129;move;;;48;50;;;;;;;;;;True;False;False;False;;ok;14383.409760660958;14386.539871200861;14386.539871200861;14386.539871200861;277;14386.539871200861;2355.4004;-3.1301105399033986;Evaluated;5.4652;2.2258;64;True;1;
46;1;46;5;normal;0;acfcfad1d129;move;;;18;5;;;;;;;;;;True;False;False;True;;ok;17006.345050264434;14386.539871200861;14386.539871200861;14386.539871200861;278;14386.539871200861;2362.8776;2619.8051790635727;Evaluated;5.0452;2.4284;64;True;1;
46;1;46;;normal;0;;;;;;;;;;;;;;;;;;;;;End-of-iteration summary row;;;14383.409760660958;14383.409760660958;278;14383.409760660958;2362.8839;;IterationSummary;;;;;;
47;1;47;1;normal;0;83253bffa42e;move;;;10;3;;;;;;;;;;True;False;False;False;;ok;16885.216760505347;14383.409760660958;14383.409760660958;14383.409760660958;279;14383.409760660958;2371.0342;2501.80699984439;Evaluated;5.7078;2.4338;64;True;1;
47;1;47;2;normal;0;83253bffa42e;swap;17;20;;;;;;;;;;;;True;False;False;False;;ok;16437.557387609017;14383.409760660958;14383.409760660958;14383.409760660958;280;14383.409760660958;2378.5515;2054.147626948059;Evaluated;5.0757;2.4376;64;True;1;
47;1;47;3;normal;0;83253bffa42e;reinsert_block;;;;;;;35;40;28;;;;;True;False;False;False;;ok;15832.054001113545;14383.409760660958;14383.409760660958;14383.409760660958;281;14383.409760660958;2386.2705;1448.6442404525878;Evaluated;5.4814;2.2336;64;True;1;
47;1;47;4;normal;0;83253bffa42e;move;;;50;48;;;;;;;;;;True;False;False;False;;ok;14386.539871200861;14383.409760660958;14383.409760660958;14383.409760660958;282;14383.409760660958;2393.9545;3.1301105399033986;Evaluated;5.4459;2.2355;64;True;1;
47;1;47;5;normal;0;83253bffa42e;move;;;25;10;;;;;;;;;;True;False;False;True;;ok;16832.297845409146;14383.409760660958;14383.409760660958;14383.409760660958;283;14383.409760660958;2401.7662;2448.8880847481887;Evaluated;5.3798;2.4294;64;True;1;
47;1;47;;normal;1;;;;;;;;;;;;;;;;;;;;;End-of-iteration summary row;;;14383.409760660958;14383.409760660958;283;14383.409760660958;2401.769;;IterationSummary;;;;;;
48;1;48;1;normal;1;83253bffa42e;move;;;7;3;;;;;;;;;;True;False;False;False;;ok;14432.458514654527;14383.409760660958;14383.409760660958;14383.409760660958;284;14383.409760660958;2409.5421;49.048753993569335;Evaluated;5.5252;2.2293;64;True;1;
48;1;48;2;normal;1;83253bffa42e;swap;20;21;;;;;;;;;;;;True;False;False;False;;ok;15636.777439127856;14383.409760660958;14383.409760660958;14383.409760660958;285;14383.409760660958;2416.9541;1253.3676784668987;Evaluated;5.1771;2.2325;64;True;1;
48;1;48;3;normal;1;83253bffa42e;move;;;37;29;;;;;;;;;;True;False;False;False;;ok;15722.315358696585;14383.409760660958;14383.409760660958;14383.409760660958;286;14383.409760660958;2428.5087;1338.905598035628;Evaluated;9.3213;2.2307;64;True;2;duplicate_for_same_parent_sequence
48;1;48;4;normal;1;83253bffa42e;swap;39;40;;;;;;;;;;;;True;False;False;False;;ok;15530.751502135812;14383.409760660958;14383.409760660958;14383.409760660958;287;14383.409760660958;2439.3523;1147.3417414748546;Evaluated;8.6096;2.2315;64;True;2;duplicate_for_same_parent_sequence
48;1;48;5;normal;1;83253bffa42e;move;;;53;48;;;;;;;;;;True;False;False;False;;ok;14402.395129437436;14383.409760660958;14383.409760660958;14383.409760660958;288;14383.409760660958;2446.725;18.985368776478936;Evaluated;5.1369;2.2332;64;True;1;
48;1;48;;normal;2;;;;;;;;;;;;;;;;;;;;;End-of-iteration summary row;;;14383.409760660958;14383.409760660958;288;14383.409760660958;2446.7278;;IterationSummary;;;;;;
49;1;49;1;normal;2;83253bffa42e;move;;;15;10;;;;;;;;;;True;False;False;False;;ok;16912.910703073016;14383.409760660958;14383.409760660958;14383.409760660958;289;14383.409760660958;2458.0844;2529.500942412058;Evaluated;8.901;2.4398;64;True;2;duplicate_for_same_parent_sequence
49;1;49;2;normal;2;83253bffa42e;swap;34;35;;;;;;;;;;;;True;False;False;False;;ok;15100.364059144154;14383.409760660958;14383.409760660958;14383.409760660958;290;14383.409760660958;2468.9426;716.9542984831969;Evaluated;8.6247;2.2304;64;True;2;duplicate_for_same_parent_sequence
49;1;49;3;normal;2;83253bffa42e;move;;;38;31;;;;;;;;;;True;False;False;False;;ok;14955.950920913963;14383.409760660958;14383.409760660958;14383.409760660958;291;14383.409760660958;2480.1022;572.5411602530057;Evaluated;8.9239;2.233;64;True;2;duplicate_for_same_parent_sequence
49;1;49;4;normal;2;83253bffa42e;move;;;30;25;;;;;;;;;;True;False;False;False;;ok;14446.490053181527;14383.409760660958;14383.409760660958;14383.409760660958;292;14383.409760660958;2490.7338;63.080292520569856;Evaluated;8.3977;2.2316;64;True;2;duplicate_for_same_parent_sequence
49;1;49;5;normal;2;83253bffa42e;move;;;43;15;;;;;;;;;;True;False;False;True;;ok;16363.424442362277;14383.409760660958;14383.409760660958;14383.409760660958;293;14383.409760660958;2498.2976;1980.0146817013192;Evaluated;5.1288;2.4315;64;True;1;
49;1;49;;normal;3;;;;;;;;;;;;;;;;;;;;;End-of-iteration summary row;;;14383.409760660958;14383.409760660958;293;14383.409760660958;2498.3008;;IterationSummary;;;;;;
50;1;50;1;diversification;3;83253bffa42e;move;;;8;2;;;;;;;;;;True;False;False;False;;ok;14427.334220614513;14383.409760660958;14383.409760660958;14383.409760660958;294;14383.409760660958;2506.0912;43.924459953555925;Evaluated;5.5409;2.2348;64;True;1;
50;1;50;2;diversification;3;83253bffa42e;reinsert_block;;;;;;;20;24;15;;;;;True;False;False;False;;ok;17032.12752871389;14383.409760660958;14383.409760660958;14383.409760660958;295;14383.409760660958;2514.069;2648.717768052931;Evaluated;5.5369;2.4384;64;True;1;
50;1;50;3;diversification;3;83253bffa42e;swap;32;47;;;;;;;;;;;;True;False;False;True;;ok;15102.789509752074;14383.409760660958;14383.409760660958;14383.409760660958;296;14383.409760660958;2521.7717;719.3797490911165;Evaluated;5.466;2.2348;64;True;1;
50;1;50;4;diversification;3;83253bffa42e;move;;;60;55;;;;;;;;;;True;False;False;False;;ok;14829.993083618798;14383.409760660958;14383.409760660958;14383.409760660958;297;14383.409760660958;2532.7221;446.5833229578402;Evaluated;8.7171;2.2308;64;True;2;duplicate_for_same_parent_sequence
50;1;50;5;diversification;3;83253bffa42e;move;;;20;30;;;;;;;;;;True;False;False;True;;ok;16110.974162205652;14383.409760660958;14383.409760660958;14383.409760660958;298;14383.409760660958;2540.3291;1727.5644015446942;Evaluated;5.1756;2.429;64;True;1;
50;1;50;6;diversification;3;83253bffa42e;move;;;40;25;;;;;;;;;;True;False;False;True;;ok;16003.955119487642;14383.409760660958;14383.409760660958;14383.409760660958;299;14383.409760660958;2547.8778;1620.5453588266846;Evaluated;5.3153;2.2312;64;True;1;
50;1;50;7;diversification;3;83253bffa42e;move;;;18;30;;;;;;;;;;True;False;False;True;;ok;16054.885573093512;14383.409760660958;14383.409760660958;14383.409760660958;300;14383.409760660958;2562.0821;1671.4758124325544;Evaluated;11.9687;2.2331;64;True;3;duplicate_for_same_parent_sequence
50;1;50;8;diversification;3;83253bffa42e;move;;;20;15;;;;;;;;;;True;False;False;False;;ok;16138.416243612079;14383.409760660958;14383.409760660958;14383.409760660958;301;14383.409760660958;2569.7258;1755.0064829511211;Evaluated;5.2035;2.4377;64;True;1;
50;1;50;9;diversification;3;83253bffa42e;move;;;37;45;;;;;;;;;;True;False;False;False;;ok;15680.610818206613;14383.409760660958;14383.409760660958;14383.409760660958;302;14383.409760660958;2580.8844;1297.2010575456552;Evaluated;8.9208;2.2349;64;True;2;duplicate_for_same_parent_sequence
50;1;50;10;diversification;3;83253bffa42e;move;;;23;19;;;;;;;;;;True;False;False;False;;ok;15991.610062641168;14383.409760660958;14383.409760660958;14383.409760660958;303;14383.409760660958;2592.3451;1608.2003019802105;Evaluated;9.2239;2.2342;64;True;2;duplicate_for_same_parent_sequence
50;1;50;;diversification;4;;;;;;;;;;;;;;;;;;;;;End-of-iteration summary row;;;14383.409760660958;14383.409760660958;303;14383.409760660958;2592.3478;;IterationSummary;;;;;;
51;1;51;1;diversification;4;83253bffa42e;move;;;7;15;;;;;;;;;;True;False;False;False;;ok;16781.90196040565;14383.409760660958;14383.409760660958;14383.409760660958;304;14383.409760660958;2600.4751;2398.492199744691;Evaluated;5.6717;2.4429;64;True;1;
51;1;51;2;diversification;4;83253bffa42e;reinsert_block;;;;;;;18;23;5;;;;;True;False;False;True;;ok;16448.69472254121;14383.409760660958;14383.409760660958;14383.409760660958;305;14383.409760660958;2608.3817;2065.284961880254;Evaluated;5.4681;2.436;64;True;1;
51;1;51;3;diversification;4;83253bffa42e;swap;40;56;;;;;;;;;;;;True;False;False;True;;ok;15124.744665649858;14383.409760660958;14383.409760660958;14383.409760660958;306;14383.409760660958;2615.894;741.3349049889002;Evaluated;5.2794;2.2303;64;True;1;
51;1;51;4;diversification;4;83253bffa42e;move;;;56;51;;;;;;;;;;True;False;False;False;;ok;14399.51210591419;14383.409760660958;14383.409760660958;14383.409760660958;307;14383.409760660958;2623.3188;16.10234525323176;Evaluated;5.1863;2.2367;64;True;1;
51;1;51;5;diversification;4;83253bffa42e;swap;10;25;;;;;;;;;;;;True;False;False;True;;ok;16702.300447703197;14383.409760660958;14383.409760660958;14383.409760660958;308;14383.409760660958;2634.4933;2318.8906870422397;Evaluated;8.7379;2.4338;64;True;2;duplicate_for_same_parent_sequence
51;1;51;6;diversification;4;83253bffa42e;move;;;35;28;;;;;;;;;;True;False;False;False;;ok;15732.086747961313;14383.409760660958;14383.409760660958;14383.409760660958;309;14383.409760660958;2645.7097;1348.676987300356;Evaluated;8.9771;2.2359;64;True;2;duplicate_for_same_parent_sequence
51;1;51;7;diversification;4;83253bffa42e;move;;;50;35;;;;;;;;;;True;False;False;True;;ok;15339.806732694524;14383.409760660958;14383.409760660958;14383.409760660958;310;14383.409760660958;2653.2286;956.3969720335663;Evaluated;5.2791;2.2374;64;True;1;
51;1;51;8;diversification;4;83253bffa42e;move;;;8;15;;;;;;;;;;True;False;False;False;;ok;15024.565421627836;14383.409760660958;14383.409760660958;14383.409760660958;311;14383.409760660958;2660.6409;641.1556609668787;Evaluated;5.1751;2.2345;64;True;1;
51;1;51;9;diversification;4;83253bffa42e;move;;;28;35;;;;;;;;;;True;False;False;False;;ok;15264.318827819252;14383.409760660958;14383.409760660958;14383.409760660958;312;14383.409760660958;2668.0932;880.9090671582944;Evaluated;5.2129;2.2364;64;True;1;
51;1;51;10;diversification;4;83253bffa42e;move;;;40;50;;;;;;;;;;True;False;False;True;;ok;15139.11896463562;14383.409760660958;14383.409760660958;14383.409760660958;313;14383.409760660958;2675.4388;755.7092039746622;Evaluated;5.114;2.2284;64;True;1;
51;1;51;;diversification;5;;;;;;;;;;;;;;;;;;;;;End-of-iteration summary row;;;14383.409760660958;14383.409760660958;313;14383.409760660958;2675.4414;;IterationSummary;;;;;;
52;1;52;1;diversification;5;83253bffa42e;move;;;7;25;;;;;;;;;;True;False;False;True;;ok;16006.860750067333;14383.409760660958;14383.409760660958;14383.409760660958;314;14383.409760660958;2687.1886;1623.4509894063758;Evaluated;9.4969;2.2324;64;True;2;duplicate_for_same_parent_sequence
52;1;52;2;diversification;5;83253bffa42e;move;;;40;20;;;;;;;;;;True;False;False;True;;ok;15520.23960133284;14383.409760660958;14383.409760660958;14383.409760660958;315;14383.409760660958;2698.8102;1136.8298406718823;Evaluated;9.381;2.2373;64;True;2;duplicate_for_same_parent_sequence
52;1;52;3;diversification;5;83253bffa42e;swap;35;40;;;;;;;;;;;;True;False;False;False;;ok;15643.69300065608;14383.409760660958;14383.409760660958;14383.409760660958;316;14383.409760660958;2706.2864;1260.2832399951221;Evaluated;5.2346;2.2393;64;True;1;
52;1;52;4;diversification;5;83253bffa42e;move;;;58;49;;;;;;;;;;True;False;False;False;;ok;14408.455445669188;14383.409760660958;14383.409760660958;14383.409760660958;317;14383.409760660958;2713.8214;25.045685008230066;Evaluated;5.2997;2.2329;64;True;1;
52;1;52;5;diversification;5;83253bffa42e;move;;;10;5;;;;;;;;;;True;False;False;False;;ok;16812.00317368721;14383.409760660958;14383.409760660958;14383.409760660958;318;14383.409760660958;2721.5729;2428.593413026254;Evaluated;5.3169;2.4316;64;True;1;
52;1;52;6;diversification;5;83253bffa42e;move;;;45;32;;;;;;;;;;True;False;False;True;;ok;15706.896877104247;14383.409760660958;14383.409760660958;14383.409760660958;319;14383.409760660958;2729.0682;1323.4871164432898;Evaluated;5.2601;2.2345;64;True;1;
52;1;52;7;diversification;5;83253bffa42e;move;;;30;15;;;;;;;;;;True;False;False;True;;ok;16102.43537790725;14383.409760660958;14383.409760660958;14383.409760660958;320;14383.409760660958;2736.8576;1719.0256172462923;Evaluated;5.3512;2.4355;64;True;1;
52;1;52;8;diversification;5;83253bffa42e;move;;;8;25;;;;;;;;;;True;False;False;True;;ok;16002.688797298646;14383.409760660958;14383.409760660958;14383.409760660958;321;14383.409760660958;2744.2377;1619.2790366376885;Evaluated;5.1406;2.237;64;True;1;
52;1;52;9;diversification;5;83253bffa42e;move;;;25;30;;;;;;;;;;True;False;False;False;;ok;16201.346316199699;14383.409760660958;14383.409760660958;14383.409760660958;322;14383.409760660958;2751.6812;1817.9365555387412;Evaluated;5.0059;2.4351;64;True;1;
52;1;52;10;diversification;5;83253bffa42e;move;;;50;38;;;;;;;;;;True;False;False;True;;ok;14510.667897227871;14383.409760660958;14383.409760660958;14383.409760660958;323;14383.409760660958;2759.2138;127.25813656691389;Evaluated;5.2952;2.2348;64;True;1;
52;1;52;;diversification;6;;;;;;;;;;;;;;;;;;;;;End-of-iteration summary row;;;14383.409760660958;14383.409760660958;323;14383.409760660958;2759.2165;;IterationSummary;;;;;;
53;1;53;1;diversification;6;83253bffa42e;move;;;7;20;;;;;;;;;;True;False;False;True;;ok;16010.756214207633;14383.409760660958;14383.409760660958;14383.409760660958;324;14383.409760660958;2770.7729;1627.3464535466755;Evaluated;9.3035;2.2302;64;True;2;duplicate_for_same_parent_sequence
53;1;53;2;diversification;6;83253bffa42e;reinsert_block;;;;;;;17;23;40;;;;;True;False;False;True;;ok;16505.101429635204;14383.409760660958;14383.409760660958;14383.409760660958;325;14383.409760660958;2778.7983;2121.6916689742466;Evaluated;5.5823;2.44;64;True;1;
53;1;53;3;diversification;6;83253bffa42e;swap;35;42;;;;;;;;;;;;True;False;False;False;;ok;15202.725829625395;14383.409760660958;14383.409760660958;14383.409760660958;326;14383.409760660958;2789.6356;819.3160689644374;Evaluated;8.6026;2.2321;64;True;2;duplicate_for_same_parent_sequence
53;1;53;4;diversification;6;83253bffa42e;move;;;20;10;;;;;;;;;;True;False;False;True;;ok;16643.795258416667;14383.409760660958;14383.409760660958;14383.409760660958;327;14383.409760660958;2804.4292;2260.3854977557094;Evaluated;12.362;2.4288;64;True;3;duplicate_for_same_parent_sequence
53;1;53;5;diversification;6;83253bffa42e;move;;;20;5;;;;;;;;;;True;False;False;True;;ok;16456.633158531284;14383.409760660958;14383.409760660958;14383.409760660958;328;14383.409760660958;2812.3884;2073.223397870326;Evaluated;5.5201;2.4384;64;True;1;
53;1;53;6;diversification;6;83253bffa42e;move;;;35;10;;;;;;;;;;True;False;False;True;;ok;16826.361832523125;14383.409760660958;14383.409760660958;14383.409760660958;329;14383.409760660958;2823.5593;2442.952071862168;Evaluated;8.7329;2.4355;64;True;2;duplicate_for_same_parent_sequence
53;1;53;7;diversification;6;83253bffa42e;move;;;51;20;;;;;;;;;;True;False;False;True;;ok;16217.532696480848;14383.409760660958;14383.409760660958;14383.409760660958;330;14383.409760660958;2831.0678;1834.1229358198907;Evaluated;5.067;2.4387;64;True;1;
53;1;53;8;diversification;6;83253bffa42e;move;;;45;32;;;;;;;;;;False;True;False;;;ok;;14383.409760660958;14383.409760660958;14383.409760660958;330;14383.409760660958;2843.5992;;DuplicateForSameParentSequenceAfterRetries;12.5288;;;;3;duplicate_for_same_parent_sequence
53;1;53;9;diversification;6;83253bffa42e;move;;;38;45;;;;;;;;;;True;False;False;False;;ok;15434.260653960944;14383.409760660958;14383.409760660958;14383.409760660958;331;14383.409760660958;2854.5483;1050.8508932999866;Evaluated;8.7076;2.2406;64;True;2;duplicate_for_same_parent_sequence
53;1;53;10;diversification;6;83253bffa42e;move;;;50;28;;;;;;;;;;True;False;False;True;;ok;15778.181973689034;14383.409760660958;14383.409760660958;14383.409760660958;332;14383.409760660958;2862.0894;1394.7722130280763;Evaluated;5.3037;2.2347;64;True;1;
53;1;53;;diversification;7;;;;;;;;;;;;;;;;;;;;;End-of-iteration summary row;;;14383.409760660958;14383.409760660958;332;14383.409760660958;2862.0914;;IterationSummary;;;;;;
54;1;54;1;diversification;7;83253bffa42e;move;;;3;10;;;;;;;;;;True;False;False;False;;ok;17302.079187265892;14383.409760660958;14383.409760660958;14383.409760660958;333;14383.409760660958;2870.3914;2918.6694266049344;Evaluated;5.8578;2.4331;64;True;1;
54;1;54;2;diversification;7;83253bffa42e;reinsert_block;;;;;;;18;23;40;;;;;True;False;False;True;;ok;15657.511844447903;14383.409760660958;14383.409760660958;14383.409760660958;334;14383.409760660958;2878.4624;1274.1020837869455;Evaluated;5.8349;2.233;64;True;1;
54;1;54;3;diversification;7;83253bffa42e;swap;37;40;;;;;;;;;;;;True;False;False;False;;ok;15342.525857391027;14383.409760660958;14383.409760660958;14383.409760660958;335;14383.409760660958;2889.405;959.1160967300693;Evaluated;8.7071;2.233;64;True;2;duplicate_for_same_parent_sequence
54;1;54;4;diversification;7;83253bffa42e;move;;;62;30;;;;;;;;;;True;False;False;True;;ok;15793.675147706712;14383.409760660958;14383.409760660958;14383.409760660958;336;14383.409760660958;2900.5606;1410.2653870457543;Evaluated;8.9186;2.2341;64;True;2;duplicate_for_same_parent_sequence
54;1;54;5;diversification;7;83253bffa42e;move;;;41;25;;;;;;;;;;True;False;False;True;;ok;15312.622140165377;14383.409760660958;14383.409760660958;14383.409760660958;337;14383.409760660958;2908.1741;929.212379504419;Evaluated;5.3699;2.2396;64;True;1;
54;1;54;6;diversification;7;83253bffa42e;move;;;50;32;;;;;;;;;;True;False;False;True;;ok;14517.897904297959;14383.409760660958;14383.409760660958;14383.409760660958;338;14383.409760660958;2915.5993;134.48814363700149;Evaluated;5.1924;2.2302;64;True;1;
54;1;54;7;diversification;7;83253bffa42e;move;;;25;40;;;;;;;;;;True;False;False;True;;ok;15812.59645536349;14383.409760660958;14383.409760660958;14383.409760660958;339;14383.409760660958;2929.5937;1429.186694702532;Evaluated;11.7574;2.2342;64;True;3;duplicate_for_same_parent_sequence
54;1;54;8;diversification;7;83253bffa42e;move;;;10;25;;;;;;;;;;True;False;False;True;;ok;16412.36725184742;14383.409760660958;14383.409760660958;14383.409760660958;340;14383.409760660958;2937.2;2028.957491186462;Evaluated;5.1681;2.4354;64;True;1;
54;1;54;9;diversification;7;83253bffa42e;move;;;30;40;;;;;;;;;;True;False;False;True;;ok;14388.076988215551;14383.409760660958;14383.409760660958;14383.409760660958;341;14383.409760660958;2948.1827;4.66722755459341;Evaluated;8.7422;2.2372;64;True;2;duplicate_for_same_parent_sequence
54;1;54;10;diversification;7;83253bffa42e;move;;;42;50;;;;;;;;;;True;False;False;False;;ok;15202.561209505193;14383.409760660958;14383.409760660958;14383.409760660958;342;14383.409760660958;2955.7524;819.1514488442353;Evaluated;5.335;2.2316;64;True;1;
54;1;54;;diversification;8;;;;;;;;;;;;;;;;;;;;;End-of-iteration summary row;;;14383.409760660958;14383.409760660958;342;14383.409760660958;2955.7554;;IterationSummary;;;;;;
55;1;55;1;diversification;8;83253bffa42e;move;;;5;30;;;;;;;;;;True;False;False;True;;ok;16680.87984250517;14383.409760660958;14383.409760660958;14383.409760660958;343;14383.409760660958;2963.78;2297.4700818442107;Evaluated;5.574;2.4411;64;True;1;
55;1;55;2;diversification;8;83253bffa42e;move;;;20;35;;;;;;;;;;True;False;False;True;;ok;16193.441000548533;14383.409760660958;14383.409760660958;14383.409760660958;344;14383.409760660958;2975.1528;1810.0312398875758;Evaluated;8.9367;2.4335;64;True;2;duplicate_for_same_parent_sequence
55;1;55;3;diversification;8;83253bffa42e;swap;40;58;;;;;;;;;;;;True;False;False;True;;ok;14989.553864754103;14383.409760660958;14383.409760660958;14383.409760660958;345;14383.409760660958;2982.6204;606.1441040931459;Evaluated;5.2336;2.2316;64;True;1;
55;1;55;4;diversification;8;83253bffa42e;move;;;58;40;;;;;;;;;;True;False;False;True;;ok;15404.405076549843;14383.409760660958;14383.409760660958;14383.409760660958;346;14383.409760660958;2990.144;1020.9953158888857;Evaluated;5.2858;2.2347;64;True;1;
55;1;55;5;diversification;8;83253bffa42e;move;;;58;30;;;;;;;;;;True;False;False;True;;ok;16027.468482543622;14383.409760660958;14383.409760660958;14383.409760660958;347;14383.409760660958;2997.721;1644.058721882664;Evaluated;5.3386;2.2377;64;True;1;
55;1;55;6;diversification;8;83253bffa42e;move;;;45;20;;;;;;;;;;True;False;False;True;;ok;15767.048654379461;14383.409760660958;14383.409760660958;14383.409760660958;348;14383.409760660958;3008.7607;1383.6388937185038;Evaluated;8.7985;2.2381;64;True;2;duplicate_for_same_parent_sequence
55;1;55;7;diversification;8;83253bffa42e;move;;;35;20;;;;;;;;;;True;False;False;True;;ok;15896.430098847557;14383.409760660958;14383.409760660958;14383.409760660958;349;14383.409760660958;3016.4952;1513.0203381865995;Evaluated;5.502;2.2297;64;True;1;
55;1;55;8;diversification;8;83253bffa42e;move;;;18;35;;;;;;;;;;True;False;False;True;;ok;16063.187262931613;14383.409760660958;14383.409760660958;14383.409760660958;350;14383.409760660958;3031.1689;1679.7775022706555;Evaluated;12.4341;2.2371;64;True;3;duplicate_for_same_parent_sequence
55;1;55;9;diversification;8;83253bffa42e;move;;;18;40;;;;;;;;;;True;False;False;True;;ok;15606.463122357265;14383.409760660958;14383.409760660958;14383.409760660958;351;14383.409760660958;3042.1435;1223.0533616963075;Evaluated;8.7309;2.2409;64;True;2;duplicate_for_same_parent_sequence
55;1;55;10;diversification;8;83253bffa42e;move;;;50;42;;;;;;;;;;True;False;False;False;;ok;14393.420461696891;14383.409760660958;14383.409760660958;14383.409760660958;352;14383.409760660958;3049.7243;10.01070103593338;Evaluated;5.3447;2.2336;64;True;1;
55;1;55;;diversification;9;;;;;;;;;;;;;;;;;;;;;End-of-iteration summary row;;;14383.409760660958;14383.409760660958;352;14383.409760660958;3049.727;;IterationSummary;;;;;;
56;1;56;1;diversification;9;83253bffa42e;move;;;7;2;;;;;;;;;;True;False;False;False;;ok;14432.458514654527;14383.409760660958;14383.409760660958;14383.409760660958;353;14383.409760660958;3064.1808;49.048753993569335;Evaluated;12.2126;2.2269;64;True;3;duplicate_for_same_parent_sequence
56;1;56;2;diversification;9;83253bffa42e;reinsert_block;;;;;;;18;25;30;;;;;True;False;False;False;;ok;15922.680470109197;14383.409760660958;14383.409760660958;14383.409760660958;354;14383.409760660958;3072.044;1539.2707094482394;Evaluated;5.6199;2.2402;64;True;1;
56;1;56;3;diversification;9;83253bffa42e;swap;32;47;;;;;;;;;;;;False;True;False;;;ok;;14383.409760660958;14383.409760660958;14383.409760660958;354;14383.409760660958;3084.6822;;DuplicateForSameParentSequenceAfterRetries;12.6357;;;;3;duplicate_for_same_parent_sequence
56;1;56;4;diversification;9;83253bffa42e;move;;;60;50;;;;;;;;;;True;False;False;True;;ok;14855.352831294902;14383.409760660958;14383.409760660958;14383.409760660958;355;14383.409760660958;3098.9189;471.94307063394444;Evaluated;11.9979;2.2378;64;True;3;duplicate_for_same_parent_sequence
56;1;56;5;diversification;9;83253bffa42e;move;;;4;30;;;;;;;;;;True;False;False;True;;ok;17434.77304611411;14383.409760660958;14383.409760660958;14383.409760660958;356;14383.409760660958;3110.0632;3051.3632854531534;Evaluated;8.7095;2.4321;64;True;2;duplicate_for_same_parent_sequence
56;1;56;6;diversification;9;83253bffa42e;move;;;50;25;;;;;;;;;;True;False;False;True;;ok;16366.487312605464;14383.409760660958;14383.409760660958;14383.409760660958;357;14383.409760660958;3117.8788;1983.077551944507;Evaluated;5.377;2.4357;64;True;1;
56;1;56;7;diversification;9;83253bffa42e;move;;;30;45;;;;;;;;;;True;False;False;True;;ok;14392.079282172926;14383.409760660958;14383.409760660958;14383.409760660958;358;14383.409760660958;3129.2832;8.669521511968924;Evaluated;9.1633;2.2383;64;True;2;duplicate_for_same_parent_sequence
56;1;56;8;diversification;9;83253bffa42e;swap;8;12;;;;;;;;;;;;True;False;False;False;;ok;14396.406027168125;14383.409760660958;14383.409760660958;14383.409760660958;359;14383.409760660958;3140.0654;12.996266507167093;Evaluated;8.5462;2.2334;64;True;2;duplicate_for_same_parent_sequence
56;1;56;9;diversification;9;83253bffa42e;move;;;10;30;;;;;;;;;;True;False;False;True;;ok;16138.914404316127;14383.409760660958;14383.409760660958;14383.409760660958;360;14383.409760660958;3151.34;1755.5046436551693;Evaluated;8.8328;2.439;64;True;2;duplicate_for_same_parent_sequence
56;1;56;10;diversification;9;83253bffa42e;move;;;50;30;;;;;;;;;;True;False;False;True;;ok;15046.64861054575;14383.409760660958;14383.409760660958;14383.409760660958;361;14383.409760660958;3162.5055;663.2388498847922;Evaluated;8.9275;2.2353;64;True;2;duplicate_for_same_parent_sequence
56;2;0;;diversification;0;;;;;;;;;;;;;;;;;;;;;End-of-iteration summary row;;;16630.57522948563;14383.409760660958;362;14383.409760660958;3164.9653;;IterationSummary;;;;;;
57;2;1;1;normal;0;0f63cf6f404e;move;;;5;10;;;;;;;;;;True;False;False;False;;ok;17535.06888898726;16630.57522948563;16630.57522948563;14383.409760660958;363;14383.409760660958;3173.0145;904.4936595016334;Evaluated;5.6108;2.4323;64;True;1;
57;2;1;2;normal;0;0f63cf6f404e;swap;18;24;;;;;;;;;;;;True;False;False;False;;ok;17610.038469177493;16630.57522948563;16630.57522948563;14383.409760660958;364;14383.409760660958;3180.3757;979.4632396918641;Evaluated;4.9268;2.4337;64;True;1;
57;2;1;3;normal;0;0f63cf6f404e;reinsert_block;;;;;;;35;40;25;;;;;True;False;False;True;;ok;16544.435750329932;16630.57522948563;16630.57522948563;14383.409760660958;365;14383.409760660958;3188.0498;-86.13947915569588;Evaluated;5.239;2.4327;64;True;1;
57;2;1;4;normal;0;0f63cf6f404e;move;;;50;25;;;;;;;;;;True;False;False;True;;ok;16984.76278425307;16630.57522948563;16630.57522948563;14383.409760660958;366;14383.409760660958;3195.3589;354.18755476744263;Evaluated;4.8722;2.4345;64;True;1;
57;2;1;5;normal;0;0f63cf6f404e;move;;;20;40;;;;;;;;;;True;False;False;True;;ok;16678.936197112558;16630.57522948563;16630.57522948563;14383.409760660958;367;14383.409760660958;3202.6716;48.36096762692978;Evaluated;4.8674;2.4427;64;True;1;
57;2;1;;normal;0;;;;;;;;;;;;;;;;;;;;;End-of-iteration summary row;;;16544.435750329932;14383.409760660958;367;14383.409760660958;3202.685;;IterationSummary;;;;;;
58;2;2;1;normal;0;07a124f32bd3;move;;;10;5;;;;;;;;;;True;False;False;False;;ok;16441.46889174509;16544.435750329932;16544.435750329932;14383.409760660958;368;14383.409760660958;3210.5192;-102.96685858484125;Evaluated;5.3931;2.4341;64;True;1;
58;2;2;2;normal;0;07a124f32bd3;swap;18;25;;;;;;;;;;;;True;False;False;False;;ok;16547.60762133312;16544.435750329932;16544.435750329932;14383.409760660958;369;14383.409760660958;3218.4283;3.1718710031891533;Evaluated;5.4732;2.4333;64;True;1;
58;2;2;3;normal;0;07a124f32bd3;reinsert_block;;;;;;;35;40;28;;;;;True;False;False;False;;ok;16772.871152283733;16544.435750329932;16544.435750329932;14383.409760660958;370;14383.409760660958;3226.337;228.43540195380046;Evaluated;5.4697;2.4361;64;True;1;
58;2;2;4;normal;0;07a124f32bd3;move;;;50;30;;;;;;;;;;True;False;False;True;;ok;16901.338934378084;16544.435750329932;16544.435750329932;14383.409760660958;371;14383.409760660958;3233.9634;356.90318404815116;Evaluated;5.1965;2.4277;64;True;1;
58;2;2;5;normal;0;07a124f32bd3;swap;10;20;;;;;;;;;;;;True;False;False;False;;ok;17922.186039184337;16544.435750329932;16544.435750329932;14383.409760660958;372;14383.409760660958;3244.9958;1377.750288854404;Evaluated;8.6042;2.4275;64;True;2;duplicate_for_same_parent_sequence
58;2;2;;normal;0;;;;;;;;;;;;;;;;;;;;;End-of-iteration summary row;;;16441.46889174509;14383.409760660958;372;14383.409760660958;3245.0133;;IterationSummary;;;;;;
59;2;3;1;normal;0;41a9f34762e4;move;;;5;10;;;;;;;;;;True;False;False;False;;ok;16544.435750329932;16441.46889174509;16441.46889174509;14383.409760660958;373;14383.409760660958;3253.1062;102.96685858484125;Evaluated;5.6521;2.4351;64;True;1;
59;2;3;2;normal;0;41a9f34762e4;swap;20;25;;;;;;;;;;;;True;False;False;False;;ok;17060.094312868518;16441.46889174509;16441.46889174509;14383.409760660958;374;14383.409760660958;3261.0233;618.6254211234263;Evaluated;5.4809;2.4337;64;True;1;
59;2;3;3;normal;0;41a9f34762e4;reinsert_block;;;;;;;35;40;28;;;;;True;False;False;False;;ok;18039.587341293965;16441.46889174509;16441.46889174509;14383.409760660958;375;14383.409760660958;3268.9421;1598.1184495488742;Evaluated;5.4796;2.436;64;True;1;
59;2;3;4;normal;0;41a9f34762e4;move;;;48;50;;;;;;;;;;True;False;False;False;;ok;15981.84463270404;16441.46889174509;16441.46889174509;14383.409760660958;376;14383.409760660958;3276.3621;-459.6242590410511;Evaluated;5.1862;2.2312;64;True;1;
59;2;3;5;normal;0;41a9f34762e4;move;;;40;25;;;;;;;;;;True;False;False;True;;ok;15919.915824874279;16441.46889174509;16441.46889174509;14383.409760660958;377;14383.409760660958;3283.7601;-521.5530668708125;Evaluated;5.1665;2.2285;64;True;1;
59;2;3;;normal;0;;;;;;;;;;;;;;;;;;;;;End-of-iteration summary row;;;15919.915824874279;14383.409760660958;377;14383.409760660958;3283.7908;;IterationSummary;;;;;;
60;2;4;1;normal;0;9ae46554c8f8;move;;;5;10;;;;;;;;;;True;False;False;False;;ok;17090.586552162473;15919.915824874279;15919.915824874279;14383.409760660958;378;14383.409760660958;3291.5072;1170.670727288194;Evaluated;5.2738;2.4342;64;True;1;
60;2;4;2;normal;0;9ae46554c8f8;swap;20;25;;;;;;;;;;;;True;False;False;False;;ok;17235.908602321135;15919.915824874279;15919.915824874279;14383.409760660958;379;14383.409760660958;3299.2379;1315.992777446856;Evaluated;5.2898;2.4382;64;True;1;
60;2;4;3;normal;0;9ae46554c8f8;reinsert_block;;;;;;;35;40;28;;;;;True;False;False;False;;ok;17265.677714470137;15919.915824874279;15919.915824874279;14383.409760660958;380;14383.409760660958;3307.1294;1345.7618895958585;Evaluated;5.4602;2.4288;64;True;1;
60;2;4;4;normal;0;9ae46554c8f8;move;;;50;30;;;;;;;;;;True;False;False;True;;ok;16419.90147752371;15919.915824874279;15919.915824874279;14383.409760660958;381;14383.409760660958;3314.7754;499.98565264942954;Evaluated;5.2126;2.431;64;True;1;
60;2;4;5;normal;0;9ae46554c8f8;move;;;15;28;;;;;;;;;;True;False;False;True;;ok;16527.415704214618;15919.915824874279;15919.915824874279;14383.409760660958;382;14383.409760660958;3322.3653;607.4998793403392;Evaluated;5.157;2.4305;64;True;1;
60;2;4;;normal;1;;;;;;;;;;;;;;;;;;;;;End-of-iteration summary row;;;15919.915824874279;14383.409760660958;382;14383.409760660958;3322.3661;;IterationSummary;;;;;;
61;2;5;1;normal;1;9ae46554c8f8;move;;;10;5;;;;;;;;;;True;False;False;False;;ok;18197.466006782848;15919.915824874279;15919.915824874279;14383.409760660958;383;14383.409760660958;3330.6244;2277.5501819085694;Evaluated;5.616;2.6357;64;True;1;
61;2;5;2;normal;1;9ae46554c8f8;swap;18;22;;;;;;;;;;;;True;False;False;False;;ok;18054.94839642754;15919.915824874279;15919.915824874279;14383.409760660958;384;14383.409760660958;3341.8312;2135.03257155326;Evaluated;8.7666;2.4376;64;True;2;duplicate_for_same_parent_sequence
61;2;5;3;normal;1;9ae46554c8f8;move;;;37;25;;;;;;;;;;True;False;False;True;;ok;17858.78993247892;15919.915824874279;15919.915824874279;14383.409760660958;385;14383.409760660958;3353.5749;1938.8741076046426;Evaluated;9.308;2.4323;64;True;2;duplicate_for_same_parent_sequence
61;2;5;4;normal;1;9ae46554c8f8;move;;;48;25;;;;;;;;;;True;False;False;True;;ok;16373.198550496545;15919.915824874279;15919.915824874279;14383.409760660958;386;14383.409760660958;3364.609;453.2827256222663;Evaluated;8.6033;2.4301;64;True;2;duplicate_for_same_parent_sequence
61;2;5;5;normal;1;9ae46554c8f8;move;;;15;30;;;;;;;;;;True;False;False;True;;ok;15908.743607151886;15919.915824874279;15919.915824874279;14383.409760660958;387;14383.409760660958;3371.9769;-11.172217722392816;Evaluated;5.1286;2.2367;64;True;1;
61;2;5;;normal;0;;;;;;;;;;;;;;;;;;;;;End-of-iteration summary row;;;15908.743607151886;14383.409760660958;387;14383.409760660958;3371.9984;;IterationSummary;;;;;;
62;2;6;1;normal;0;26868d34c484;move;;;10;5;;;;;;;;;;True;False;False;False;;ok;18195.025388028396;15908.743607151886;15908.743607151886;14383.409760660958;388;14383.409760660958;3380.0348;2286.2817808765103;Evaluated;5.3962;2.6348;64;True;1;
62;2;6;2;normal;0;26868d34c484;swap;18;20;;;;;;;;;;;;True;False;False;False;;ok;17225.556396460815;15908.743607151886;15908.743607151886;14383.409760660958;389;14383.409760660958;3387.595;1316.8127893089295;Evaluated;5.1223;2.4352;64;True;1;
62;2;6;3;normal;0;26868d34c484;reinsert_block;;;;;;;35;40;28;;;;;True;False;False;False;;ok;18604.409933233906;15908.743607151886;15908.743607151886;14383.409760660958;390;14383.409760660958;3395.6828;2695.6663260820205;Evaluated;5.4529;2.6321;64;True;1;
62;2;6;4;normal;0;26868d34c484;move;;;50;30;;;;;;;;;;True;False;False;True;;ok;16565.025835244625;15908.743607151886;15908.743607151886;14383.409760660958;391;14383.409760660958;3403.3501;656.2822280927394;Evaluated;5.2332;2.4311;64;True;1;
62;2;6;5;normal;0;26868d34c484;move;;;40;20;;;;;;;;;;True;False;False;True;;ok;17275.084318946916;15908.743607151886;15908.743607151886;14383.409760660958;392;14383.409760660958;3414.3862;1366.34071179503;Evaluated;8.6028;2.4306;64;True;2;duplicate_for_same_parent_sequence
62;2;6;;normal;1;;;;;;;;;;;;;;;;;;;;;End-of-iteration summary row;;;15908.743607151886;14383.409760660958;392;14383.409760660958;3414.389;;IterationSummary;;;;;;
63;2;7;1;normal;1;26868d34c484;move;;;8;3;;;;;;;;;;True;False;False;False;;ok;17901.302227399556;15908.743607151886;15908.743607151886;14383.409760660958;393;14383.409760660958;3425.671;1992.5586202476698;Evaluated;8.8269;2.4365;64;True;2;duplicate_for_same_parent_sequence
63;2;7;2;normal;1;26868d34c484;swap;20;25;;;;;;;;;;;;True;False;False;False;;ok;17153.975524807414;15908.743607151886;15908.743607151886;14383.409760660958;394;14383.409760660958;3433.3448;1245.2319176555284;Evaluated;5.2388;2.4326;64;True;1;
63;2;7;3;normal;1;26868d34c484;reinsert_block;;;;;;;37;42;25;;;;;True;False;False;True;;ok;18089.268372144816;15908.743607151886;15908.743607151886;14383.409760660958;395;14383.409760660958;3441.7904;2180.5247649929297;Evaluated;5.8161;2.627;64;True;1;
63;2;7;4;normal;1;26868d34c484;move;;;50;15;;;;;;;;;;True;False;False;True;;ok;17347.128997635125;15908.743607151886;15908.743607151886;14383.409760660958;396;14383.409760660958;3449.591;1438.3853904832395;Evaluated;5.37;2.4297;64;True;1;
63;2;7;5;normal;1;26868d34c484;move;;;50;35;;;;;;;;;;True;False;False;True;;ok;16523.90161627026;15908.743607151886;15908.743607151886;14383.409760660958;397;14383.409760660958;3457.1265;615.158009118375;Evaluated;5.1014;2.4317;64;True;1;
63;2;7;;normal;2;;;;;;;;;;;;;;;;;;;;;End-of-iteration summary row;;;15908.743607151886;14383.409760660958;397;14383.409760660958;3457.1276;;IterationSummary;;;;;;
64;2;8;1;normal;2;26868d34c484;move;;;10;5;;;;;;;;;;False;True;False;;;ok;;15908.743607151886;15908.743607151886;14383.409760660958;397;14383.409760660958;3469.0597;;DuplicateForSameParentSequenceAfterRetries;11.9213;;;;3;duplicate_for_same_parent_sequence
64;2;8;2;normal;2;26868d34c484;swap;25;30;;;;;;;;;;;;True;False;False;False;;ok;16896.974329298828;15908.743607151886;15908.743607151886;14383.409760660958;398;14383.409760660958;3480.1853;988.2307221469418;Evaluated;8.6931;2.4315;64;True;2;duplicate_for_same_parent_sequence
64;2;8;3;normal;2;26868d34c484;reinsert_block;;;;;;;37;42;25;;;;;False;True;False;;;ok;;15908.743607151886;15908.743607151886;14383.409760660958;398;14383.409760660958;3493.0717;;DuplicateForSameParentSequenceAfterRetries;12.8838;;;;3;duplicate_for_same_parent_sequence
64;2;8;4;normal;2;26868d34c484;move;;;60;45;;;;;;;;;;True;False;False;True;;ok;15613.180197858519;15908.743607151886;15908.743607151886;14383.409760660958;399;14383.409760660958;3504.1524;-295.56340929336693;Evaluated;8.8483;2.2316;64;True;2;duplicate_for_same_parent_sequence
64;2;8;5;normal;2;26868d34c484;swap;2;6;;;;;;;;;;;;True;False;False;False;;ok;17680.834147020563;15908.743607151886;15908.743607151886;14383.409760660958;400;14383.409760660958;3515.0427;1772.0905398686773;Evaluated;8.4532;2.4342;64;True;2;duplicate_for_same_parent_sequence
64;2;8;;normal;0;;;;;;;;;;;;;;;;;;;;;End-of-iteration summary row;;;15613.180197858519;14383.409760660958;400;14383.409760660958;3515.0618;;IterationSummary;;;;;;
65;2;9;1;normal;0;9b36dcba632a;move;;;8;3;;;;;;;;;;True;False;False;False;;ok;17912.582456120042;15613.180197858519;15613.180197858519;14383.409760660958;401;14383.409760660958;3522.9333;2299.4022582615235;Evaluated;5.4315;2.4314;64;True;1;
65;2;9;2;normal;0;9b36dcba632a;swap;16;20;;;;;;;;;;;;True;False;False;False;;ok;18063.593649384475;15613.180197858519;15613.180197858519;14383.409760660958;402;14383.409760660958;3530.526;2450.4134515259557;Evaluated;5.1549;2.4355;64;True;1;
65;2;9;3;normal;0;9b36dcba632a;reinsert_block;;;;;;;35;40;28;;;;;True;False;False;False;;ok;18615.08887764207;15613.180197858519;15613.180197858519;14383.409760660958;403;14383.409760660958;3538.9807;3001.90867978355;Evaluated;5.8188;2.6344;64;True;1;
65;2;9;4;normal;0;9b36dcba632a;move;;;50;35;;;;;;;;;;True;False;False;True;;ok;16698.60586009552;15613.180197858519;15613.180197858519;14383.409760660958;404;14383.409760660958;3546.5486;1085.4256622369994;Evaluated;5.1296;2.4355;64;True;1;
65;2;9;5;normal;0;9b36dcba632a;move;;;15;25;;;;;;;;;;True;False;False;True;;ok;15703.802165859051;15613.180197858519;15613.180197858519;14383.409760660958;405;14383.409760660958;3557.5677;90.62196800053243;Evaluated;8.7804;2.2357;64;True;2;duplicate_for_same_parent_sequence
65;2;9;;normal;1;;;;;;;;;;;;;;;;;;;;;End-of-iteration summary row;;;15613.180197858519;14383.409760660958;405;14383.409760660958;3557.571;;IterationSummary;;;;;;
66;2;10;1;normal;1;9b36dcba632a;move;;;5;10;;;;;;;;;;True;False;False;False;;ok;17555.13301736985;15613.180197858519;15613.180197858519;14383.409760660958;406;14383.409760660958;3565.4939;1941.9528195113326;Evaluated;5.4724;2.4361;64;True;1;
66;2;10;2;normal;1;9b36dcba632a;swap;20;25;;;;;;;;;;;;True;False;False;False;;ok;17165.520090172264;15613.180197858519;15613.180197858519;14383.409760660958;407;14383.409760660958;3573.1173;1552.3398923137447;Evaluated;5.1798;2.441;64;True;1;
66;2;10;3;normal;1;9b36dcba632a;move;;;17;25;;;;;;;;;;True;False;False;False;;ok;17164.834566085643;15613.180197858519;15613.180197858519;14383.409760660958;408;14383.409760660958;3584.4938;1551.654368227124;Evaluated;8.9392;2.4344;64;True;2;duplicate_for_same_parent_sequence
66;2;10;4;normal;1;9b36dcba632a;move;;;50;40;;;;;;;;;;True;False;False;True;;ok;16927.337057325563;15613.180197858519;15613.180197858519;14383.409760660958;409;14383.409760660958;3592.1055;1314.1568594670443;Evaluated;5.1762;2.433;64;True;1;
66;2;10;5;normal;1;9b36dcba632a;move;;;15;30;;;;;;;;;;True;False;False;True;;ok;16678.253842400278;15613.180197858519;15613.180197858519;14383.409760660958;410;14383.409760660958;3599.6827;1065.0736445417588;Evaluated;5.1405;2.4338;64;True;1;
66;2;10;;normal;2;;;;;;;;;;;;;;;;;;;;;End-of-iteration summary row;;;15613.180197858519;14383.409760660958;410;14383.409760660958;3599.6834;;IterationSummary;;;;;;
67;2;11;1;normal;2;9b36dcba632a;move;;;3;8;;;;;;;;;;True;False;False;False;;ok;18123.08235201527;15613.180197858519;15613.180197858519;14383.409760660958;411;14383.409760660958;3610.9889;2509.902154156751;Evaluated;8.8608;2.4388;64;True;2;duplicate_for_same_parent_sequence
67;2;11;2;normal;2;9b36dcba632a;swap;17;25;;;;;;;;;;;;True;False;False;False;;ok;17293.397347600192;15613.180197858519;15613.180197858519;14383.409760660958;412;14383.409760660958;3622.3394;1680.217149741673;Evaluated;8.9083;2.4397;64;True;2;duplicate_for_same_parent_sequence
67;2;11;3;normal;2;9b36dcba632a;move;;;37;25;;;;;;;;;;True;False;False;True;;ok;16903.50044219251;15613.180197858519;15613.180197858519;14383.409760660958;413;14383.409760660958;3633.6841;1290.3202443339924;Evaluated;8.9021;2.4399;64;True;2;duplicate_for_same_parent_sequence
67;2;11;4;normal;2;9b36dcba632a;move;;;50;38;;;;;;;;;;True;False;False;True;;ok;16926.889621224385;15613.180197858519;15613.180197858519;14383.409760660958;414;14383.409760660958;3641.5216;1313.7094233658663;Evaluated;5.3967;2.4378;64;True;1;
67;2;11;5;normal;2;9b36dcba632a;move;;;25;40;;;;;;;;;;True;False;False;True;;ok;16531.385674640907;15613.180197858519;15613.180197858519;14383.409760660958;415;14383.409760660958;3652.8659;918.2054767823884;Evaluated;8.8985;2.443;64;True;2;duplicate_for_same_parent_sequence
67;2;11;;normal;3;;;;;;;;;;;;;;;;;;;;;End-of-iteration summary row;;;15613.180197858519;14383.409760660958;415;14383.409760660958;3652.8685;;IterationSummary;;;;;;
68;2;12;1;diversification;3;9b36dcba632a;move;;;7;20;;;;;;;;;;True;False;False;True;;ok;18016.577332759316;15613.180197858519;15613.180197858519;14383.409760660958;416;14383.409760660958;3664.6875;2403.397134900797;Evaluated;9.3603;2.4425;64;True;2;duplicate_for_same_parent_sequence
68;2;12;2;diversification;3;9b36dcba632a;reinsert_block;;;;;;;20;25;16;;;;;True;False;False;False;;ok;18779.319010413637;15613.180197858519;15613.180197858519;14383.409760660958;417;14383.409760660958;3672.8617;3166.1388125551184;Evaluated;5.5318;2.6398;64;True;1;
68;2;12;3;diversification;3;9b36dcba632a;swap;35;40;;;;;;;;;;;;True;False;False;False;;ok;15708.2349215806;15613.180197858519;15613.180197858519;14383.409760660958;418;14383.409760660958;3680.321;95.05472372208169;Evaluated;5.2231;2.2357;64;True;1;
68;2;12;4;diversification;3;9b36dcba632a;move;;;50;48;;;;;;;;;;True;False;False;False;;ok;15613.813934766518;15613.180197858519;15613.180197858519;14383.409760660958;419;14383.409760660958;3687.9819;0.6337369079992641;Evaluated;5.4286;2.2313;64;True;1;
68;2;12;5;diversification;3;9b36dcba632a;move;;;10;25;;;;;;;;;;True;False;False;True;;ok;15621.063052646523;15613.180197858519;15613.180197858519;14383.409760660958;420;14383.409760660958;3695.4874;7.882854788003897;Evaluated;5.2689;2.2338;64;True;1;
68;2;12;6;diversification;3;9b36dcba632a;move;;;17;35;;;;;;;;;;True;False;False;True;;ok;16441.819203525036;15613.180197858519;15613.180197858519;14383.409760660958;421;14383.409760660958;3706.6483;828.6390056665168;Evaluated;8.7251;2.4323;64;True;2;invalid_move
68;2;12;7;diversification;3;9b36dcba632a;move;;;42;18;;;;;;;;;;True;False;False;True;;ok;16785.513046861954;15613.180197858519;15613.180197858519;14383.409760660958;422;14383.409760660958;3717.691;1172.3328490034346;Evaluated;8.6048;2.4348;64;True;2;duplicate_for_same_parent_sequence
68;2;12;8;diversification;3;9b36dcba632a;move;;;30;40;;;;;;;;;;True;False;False;True;;ok;15854.761455842328;15613.180197858519;15613.180197858519;14383.409760660958;423;14383.409760660958;3728.6401;241.58125798380934;Evaluated;8.7158;2.2307;64;True;2;duplicate_for_same_parent_sequence
68;2;12;9;diversification;3;9b36dcba632a;move;;;28;35;;;;;;;;;;True;False;False;False;;ok;17051.74079231251;15613.180197858519;15613.180197858519;14383.409760660958;424;14383.409760660958;3736.2918;1438.5605944539911;Evaluated;5.2144;2.4347;64;True;1;
68;2;12;10;diversification;3;9b36dcba632a;move;;;45;30;;;;;;;;;;True;False;False;True;;ok;16630.204187064508;15613.180197858519;15613.180197858519;14383.409760660958;425;14383.409760660958;3744.1237;1017.023989205989;Evaluated;5.3995;2.4292;64;True;1;
68;2;12;;diversification;4;;;;;;;;;;;;;;;;;;;;;End-of-iteration summary row;;;15613.180197858519;14383.409760660958;425;14383.409760660958;3744.1244;;IterationSummary;;;;;;
69;2;13;1;diversification;4;9b36dcba632a;move;;;7;30;;;;;;;;;;True;False;False;True;;ok;17833.686927831684;15613.180197858519;15613.180197858519;14383.409760660958;426;14383.409760660958;3755.7885;2220.5067299731654;Evaluated;9.2273;2.4313;64;True;2;duplicate_for_same_parent_sequence
69;2;13;2;diversification;4;9b36dcba632a;reinsert_block;;;;;;;18;25;32;;;;;True;False;False;False;;ok;17733.02089156073;15613.180197858519;15613.180197858519;14383.409760660958;427;14383.409760660958;3764.1077;2119.84069370221;Evaluated;5.8881;2.4286;64;True;1;
69;2;13;3;diversification;4;9b36dcba632a;move;;;38;25;;;;;;;;;;True;False;False;True;;ok;16371.457161678043;15613.180197858519;15613.180197858519;14383.409760660958;428;14383.409760660958;3775.4797;758.2769638195241;Evaluated;8.9389;2.4304;64;True;2;duplicate_for_same_parent_sequence
69;2;13;4;diversification;4;9b36dcba632a;move;;;52;48;;;;;;;;;;True;False;False;False;;ok;15700.718251418764;15613.180197858519;15613.180197858519;14383.409760660958;429;14383.409760660958;3783.1203;87.53805356024532;Evaluated;5.4022;2.2359;64;True;1;
69;2;13;5;diversification;4;9b36dcba632a;swap;3;7;;;;;;;;;;;;True;False;False;False;;ok;17505.93502675274;15613.180197858519;15613.180197858519;14383.409760660958;430;14383.409760660958;3794.1756;1892.7548288942216;Evaluated;8.6188;2.4338;64;True;2;duplicate_for_same_parent_sequence
69;2;13;6;diversification;4;9b36dcba632a;move;;;20;35;;;;;;;;;;True;False;False;True;;ok;17353.90954308738;15613.180197858519;15613.180197858519;14383.409760660958;431;14383.409760660958;3805.4089;1740.7293452288595;Evaluated;8.801;2.4296;64;True;2;duplicate_for_same_parent_sequence
69;2;13;7;diversification;4;9b36dcba632a;move;;;40;20;;;;;;;;;;True;False;False;True;;ok;17295.12448034011;15613.180197858519;15613.180197858519;14383.409760660958;432;14383.409760660958;3816.5579;1681.9442824815906;Evaluated;8.7157;2.4308;64;True;2;duplicate_for_same_parent_sequence
69;2;13;8;diversification;4;9b36dcba632a;move;;;8;30;;;;;;;;;;True;False;False;True;;ok;17138.214594567224;15613.180197858519;15613.180197858519;14383.409760660958;433;14383.409760660958;3827.8365;1525.0343967087047;Evaluated;8.8411;2.4349;64;True;2;duplicate_for_same_parent_sequence
69;2;13;9;diversification;4;9b36dcba632a;move;;;24;30;;;;;;;;;;True;False;False;False;;ok;17111.610908410752;15613.180197858519;15613.180197858519;14383.409760660958;434;14383.409760660958;3835.4775;1498.430710552233;Evaluated;5.2023;2.4362;64;True;1;
69;2;13;10;diversification;4;9b36dcba632a;move;;;48;20;;;;;;;;;;True;False;False;True;;ok;15847.978956475377;15613.180197858519;15613.180197858519;14383.409760660958;435;14383.409760660958;3846.6604;234.79875861685832;Evaluated;8.9481;2.2322;64;True;2;duplicate_for_same_parent_sequence
69;2;13;;diversification;5;;;;;;;;;;;;;;;;;;;;;End-of-iteration summary row;;;15613.180197858519;14383.409760660958;435;14383.409760660958;3846.6642;;IterationSummary;;;;;;
70;2;14;1;diversification;5;9b36dcba632a;move;;;18;35;;;;;;;;;;True;False;False;True;;ok;16460.598963587334;15613.180197858519;15613.180197858519;14383.409760660958;436;14383.409760660958;3854.8616;847.4187657288148;Evaluated;5.7507;2.4332;64;True;1;
70;2;14;2;diversification;5;9b36dcba632a;reinsert_block;;;;;;;18;23;35;;;;;True;False;False;True;;ok;16329.585190789188;15613.180197858519;15613.180197858519;14383.409760660958;437;14383.409760660958;3862.7869;716.4049929306693;Evaluated;5.4881;2.4347;64;True;1;
70;2;14;3;diversification;5;9b36dcba632a;swap;32;47;;;;;;;;;;;;True;False;False;True;;ok;17783.163351002117;15613.180197858519;15613.180197858519;14383.409760660958;438;14383.409760660958;3870.6776;2169.9831531435975;Evaluated;5.4566;2.4316;64;True;1;
70;2;14;4;diversification;5;9b36dcba632a;move;;;50;32;;;;;;;;;;True;False;False;True;;ok;16696.565843093096;15613.180197858519;15613.180197858519;14383.409760660958;439;14383.409760660958;3878.3801;1083.3856452345772;Evaluated;5.2698;2.4301;64;True;1;
70;2;14;5;diversification;5;9b36dcba632a;move;;;5;30;;;;;;;;;;True;False;False;True;;ok;17559.1998726362;15613.180197858519;15613.180197858519;14383.409760660958;440;14383.409760660958;3885.9954;1946.0196747776808;Evaluated;5.1838;2.4286;64;True;1;
70;2;14;6;diversification;5;9b36dcba632a;move;;;49;30;;;;;;;;;;True;False;False;True;;ok;16667.86876329083;15613.180197858519;15613.180197858519;14383.409760660958;441;14383.409760660958;3893.6536;1054.6885654323105;Evaluated;5.2209;2.4348;64;True;1;
70;2;14;7;diversification;5;9b36dcba632a;move;;;50;20;;;;;;;;;;True;False;False;True;;ok;17295.782133755456;15613.180197858519;15613.180197858519;14383.409760660958;442;14383.409760660958;3901.2088;1682.601935896937;Evaluated;5.1186;2.4355;64;True;1;
70;2;14;8;diversification;5;9b36dcba632a;move;;;10;35;;;;;;;;;;True;False;False;True;;ok;15806.125863235116;15613.180197858519;15613.180197858519;14383.409760660958;443;14383.409760660958;3908.8712;192.9456653765974;Evaluated;5.428;2.2318;64;True;1;
70;2;14;9;diversification;5;9b36dcba632a;move;;;25;30;;;;;;;;;;True;False;False;False;;ok;17111.610908410752;15613.180197858519;15613.180197858519;14383.409760660958;444;14383.409760660958;3916.6007;1498.430710552233;Evaluated;5.2851;2.4419;64;True;1;
70;2;14;10;diversification;5;9b36dcba632a;move;;;28;15;;;;;;;;;;True;False;False;True;;ok;18532.372226897278;15613.180197858519;15613.180197858519;14383.409760660958;445;14383.409760660958;3928.1087;2919.192029038759;Evaluated;8.8705;2.6345;64;True;2;duplicate_for_same_parent_sequence
70;2;14;;diversification;6;;;;;;;;;;;;;;;;;;;;;End-of-iteration summary row;;;15613.180197858519;14383.409760660958;445;14383.409760660958;3928.112;;IterationSummary;;;;;;
71;2;15;1;diversification;6;9b36dcba632a;move;;;18;40;;;;;;;;;;True;False;False;True;;ok;16532.6107069411;15613.180197858519;15613.180197858519;14383.409760660958;446;14383.409760660958;3939.6048;919.4305090825819;Evaluated;9.0499;2.4301;64;True;2;duplicate_for_same_parent_sequence
71;2;15;2;diversification;6;9b36dcba632a;reinsert_block;;;;;;;20;25;35;;;;;True;False;False;True;;ok;17113.11967220928;15613.180197858519;15613.180197858519;14383.409760660958;447;14383.409760660958;3947.529;1499.93947435076;Evaluated;5.4876;2.4336;64;True;1;
71;2;15;3;diversification;6;9b36dcba632a;swap;35;42;;;;;;;;;;;;True;False;False;False;;ok;16162.607336608284;15613.180197858519;15613.180197858519;14383.409760660958;448;14383.409760660958;3955.4587;549.4271387497647;Evaluated;5.4987;2.4298;64;True;1;
71;2;15;4;diversification;6;9b36dcba632a;move;;;49;28;;;;;;;;;;True;False;False;True;;ok;16821.062312498543;15613.180197858519;15613.180197858519;14383.409760660958;449;14383.409760660958;3966.4282;1207.8821146400242;Evaluated;8.5273;2.4394;64;True;2;duplicate_for_same_parent_sequence
71;2;15;5;diversification;6;9b36dcba632a;move;;;52;30;;;;;;;;;;True;False;False;True;;ok;16182.870991502932;15613.180197858519;15613.180197858519;14383.409760660958;450;14383.409760660958;3974.1943;569.6907936444131;Evaluated;5.3251;2.4385;64;True;1;
71;2;15;6;diversification;6;9b36dcba632a;move;;;45;38;;;;;;;;;;True;False;False;False;;ok;16165.733725620044;15613.180197858519;15613.180197858519;14383.409760660958;451;14383.409760660958;3981.8121;552.5535277615254;Evaluated;5.1802;2.435;64;True;1;
71;2;15;7;diversification;6;9b36dcba632a;move;;;40;25;;;;;;;;;;True;False;False;True;;ok;15624.681029654173;15613.180197858519;15613.180197858519;14383.409760660958;452;14383.409760660958;3989.1777;11.500831795654449;Evaluated;5.129;2.234;64;True;1;
71;2;15;8;diversification;6;9b36dcba632a;move;;;23;15;;;;;;;;;;True;False;False;False;;ok;17748.3416679567;15613.180197858519;15613.180197858519;14383.409760660958;453;14383.409760660958;4003.3815;2135.1614700981827;Evaluated;11.7707;2.4303;64;True;3;duplicate_for_same_parent_sequence
71;2;15;9;diversification;6;9b36dcba632a;move;;;28;15;;;;;;;;;;False;True;False;;;ok;;15613.180197858519;15613.180197858519;14383.409760660958;453;14383.409760660958;4015.5146;;DuplicateForSameParentSequenceAfterRetries;12.1307;;;;3;duplicate_for_same_parent_sequence
71;2;15;10;diversification;6;9b36dcba632a;move;;;54;40;;;;;;;;;;True;False;False;True;;ok;16942.2629944383;15613.180197858519;15613.180197858519;14383.409760660958;454;14383.409760660958;4023.2056;1329.0827965797816;Evaluated;5.2541;2.436;64;True;1;
71;2;15;;diversification;7;;;;;;;;;;;;;;;;;;;;;End-of-iteration summary row;;;15613.180197858519;14383.409760660958;454;14383.409760660958;4023.2086;;IterationSummary;;;;;;
72;2;16;1;diversification;7;9b36dcba632a;move;;;20;40;;;;;;;;;;True;False;False;True;;ok;17091.716211119856;15613.180197858519;15613.180197858519;14383.409760660958;455;14383.409760660958;4034.7743;1478.5360132613368;Evaluated;9.1149;2.4357;64;True;2;duplicate_for_same_parent_sequence
72;2;16;2;diversification;7;9b36dcba632a;reinsert_block;;;;;;;20;25;35;;;;;False;True;False;;;ok;;15613.180197858519;15613.180197858519;14383.409760660958;455;14383.409760660958;4047.455;;DuplicateForSameParentSequenceAfterRetries;12.6779;;;;3;duplicate_for_same_parent_sequence
72;2;16;3;diversification;7;9b36dcba632a;swap;38;46;;;;;;;;;;;;True;False;False;False;;ok;17333.171878842077;15613.180197858519;15613.180197858519;14383.409760660958;456;14383.409760660958;4058.5624;1719.9916809835577;Evaluated;8.6753;2.4312;64;True;2;duplicate_for_same_parent_sequence
72;2;16;4;diversification;7;9b36dcba632a;move;;;61;48;;;;;;;;;;True;False;False;True;;ok;16039.02393034381;15613.180197858519;15613.180197858519;14383.409760660958;457;14383.409760660958;4069.3642;425.8437324852912;Evaluated;8.5668;2.2324;64;True;2;duplicate_for_same_parent_sequence
72;2;16;5;diversification;7;9b36dcba632a;move;;;10;20;;;;;;;;;;True;False;False;True;;ok;15724.030616031492;15613.180197858519;15613.180197858519;14383.409760660958;458;14383.409760660958;4080.1724;110.85041817297315;Evaluated;8.5716;2.2337;64;True;2;duplicate_for_same_parent_sequence
72;2;16;6;diversification;7;9b36dcba632a;move;;;45;28;;;;;;;;;;True;False;False;True;;ok;16613.637670195836;15613.180197858519;15613.180197858519;14383.409760660958;459;14383.409760660958;4091.358;1000.4574723373171;Evaluated;8.7497;2.4335;64;True;2;duplicate_for_same_parent_sequence
72;2;16;7;diversification;7;9b36dcba632a;swap;20;30;;;;;;;;;;;;True;False;False;False;;ok;17085.569670358236;15613.180197858519;15613.180197858519;14383.409760660958;460;14383.409760660958;4102.3502;1472.3894724997172;Evaluated;8.5576;2.4319;64;True;2;duplicate_for_same_parent_sequence
72;2;16;8;diversification;7;9b36dcba632a;move;;;25;35;;;;;;;;;;True;False;False;True;;ok;16118.198824354919;15613.180197858519;15613.180197858519;14383.409760660958;461;14383.409760660958;4113.5023;505.0186264963995;Evaluated;8.7119;2.4377;64;True;2;duplicate_for_same_parent_sequence
72;2;16;9;diversification;7;9b36dcba632a;move;;;48;29;;;;;;;;;;True;False;False;True;;ok;17140.522977527187;15613.180197858519;15613.180197858519;14383.409760660958;462;14383.409760660958;4128.3154;1527.3427796686683;Evaluated;12.3794;2.4312;64;True;3;duplicate_for_same_parent_sequence
72;2;16;10;diversification;7;9b36dcba632a;move;;;54;30;;;;;;;;;;True;False;False;True;;ok;17378.34396522984;15613.180197858519;15613.180197858519;14383.409760660958;463;14383.409760660958;4135.9602;1765.1637673713212;Evaluated;5.2134;2.4308;64;True;1;
72;2;16;;diversification;8;;;;;;;;;;;;;;;;;;;;;End-of-iteration summary row;;;15613.180197858519;14383.409760660958;463;14383.409760660958;4135.9623;;IterationSummary;;;;;;
73;2;17;1;diversification;8;9b36dcba632a;move;;;10;40;;;;;;;;;;True;False;False;True;;ok;16942.1314974088;15613.180197858519;15613.180197858519;14383.409760660958;464;14383.409760660958;4144.1139;1328.9512995502828;Evaluated;5.703;2.4363;64;True;1;
73;2;17;2;diversification;8;9b36dcba632a;move;;;18;30;;;;;;;;;;True;False;False;True;;ok;16986.51980523314;15613.180197858519;15613.180197858519;14383.409760660958;465;14383.409760660958;4155.5231;1373.3396073746208;Evaluated;8.9773;2.4294;64;True;2;duplicate_for_same_parent_sequence
73;2;17;3;diversification;8;9b36dcba632a;swap;35;42;;;;;;;;;;;;False;True;False;;;ok;;15613.180197858519;15613.180197858519;14383.409760660958;465;14383.409760660958;4167.8888;;DuplicateForSameParentSequenceAfterRetries;12.3634;;;;3;duplicate_for_same_parent_sequence
73;2;17;4;diversification;8;9b36dcba632a;move;;;48;25;;;;;;;;;;True;False;False;True;;ok;15857.5413260834;15613.180197858519;15613.180197858519;14383.409760660958;466;14383.409760660958;4175.3295;244.3611282248803;Evaluated;5.2081;2.2316;64;True;1;
73;2;17;5;diversification;8;9b36dcba632a;move;;;15;20;;;;;;;;;;True;False;False;False;;ok;15925.041584971474;15613.180197858519;15613.180197858519;14383.409760660958;467;14383.409760660958;4182.8909;311.8613871129546;Evaluated;5.3267;2.2322;64;True;1;
73;2;17;6;diversification;8;9b36dcba632a;move;;;50;25;;;;;;;;;;True;False;False;True;;ok;16427.5036761964;15613.180197858519;15613.180197858519;14383.409760660958;468;14383.409760660958;4197.32;814.3234783378812;Evaluated;11.9928;2.4338;64;True;3;duplicate_for_same_parent_sequence
73;2;17;7;diversification;8;9b36dcba632a;move;;;5;20;;;;;;;;;;True;False;False;True;;ok;17563.24125524967;15613.180197858519;15613.180197858519;14383.409760660958;469;14383.409760660958;4211.6702;1950.0610573911526;Evaluated;11.9145;2.433;64;True;3;duplicate_for_same_parent_sequence
73;2;17;8;diversification;8;9b36dcba632a;move;;;8;15;;;;;;;;;;True;False;False;False;;ok;16417.755177802414;15613.180197858519;15613.180197858519;14383.409760660958;470;14383.409760660958;4222.8121;804.5749799438945;Evaluated;8.7076;2.4337;64;True;2;duplicate_for_same_parent_sequence
73;2;17;9;diversification;8;9b36dcba632a;move;;;30;15;;;;;;;;;;True;False;False;True;;ok;15619.728725767845;15613.180197858519;15613.180197858519;14383.409760660958;471;14383.409760660958;4237.6863;6.548527909326367;Evaluated;12.6387;2.2324;64;True;3;duplicate_for_same_parent_sequence
73;2;17;10;diversification;8;9b36dcba632a;move;;;50;42;;;;;;;;;;True;False;False;False;;ok;16927.337057325563;15613.180197858519;15613.180197858519;14383.409760660958;472;14383.409760660958;4245.3368;1314.1568594670443;Evaluated;5.2109;2.4364;64;True;1;
73;2;17;;diversification;9;;;;;;;;;;;;;;;;;;;;;End-of-iteration summary row;;;15613.180197858519;14383.409760660958;472;14383.409760660958;4245.3398;;IterationSummary;;;;;;
74;2;18;1;diversification;9;9b36dcba632a;move;;;2;10;;;;;;;;;;True;False;False;False;;ok;18507.79314535515;15613.180197858519;15613.180197858519;14383.409760660958;473;14383.409760660958;4256.8657;2894.612947496631;Evaluated;8.8758;2.6385;64;True;2;duplicate_for_same_parent_sequence
74;2;18;2;diversification;9;9b36dcba632a;reinsert_block;;;;;;;25;31;40;;;;;True;False;False;True;;ok;16909.314577118334;15613.180197858519;15613.180197858519;14383.409760660958;474;14383.409760660958;4264.8402;1296.1343792598145;Evaluated;5.5401;2.4319;64;True;1;
74;2;18;3;diversification;9;9b36dcba632a;swap;40;52;;;;;;;;;;;;True;False;False;True;;ok;16147.171127029875;15613.180197858519;15613.180197858519;14383.409760660958;475;14383.409760660958;4272.5207;533.9909291713557;Evaluated;5.2427;2.434;64;True;1;
74;2;18;4;diversification;9;9b36dcba632a;move;;;60;50;;;;;;;;;;True;False;False;True;;ok;16111.610401703494;15613.180197858519;15613.180197858519;14383.409760660958;476;14383.409760660958;4283.6699;498.43020384497504;Evaluated;8.7158;2.4328;64;True;2;duplicate_for_same_parent_sequence
74;2;18;5;diversification;9;9b36dcba632a;swap;25;30;;;;;;;;;;;;True;False;False;False;;ok;16911.442186814566;15613.180197858519;15613.180197858519;14383.409760660958;477;14383.409760660958;4294.9209;1298.2619889560465;Evaluated;8.812;2.4365;64;True;2;duplicate_for_same_parent_sequence
74;2;18;6;diversification;9;9b36dcba632a;move;;;18;30;;;;;;;;;;False;True;False;;;ok;;15613.180197858519;15613.180197858519;14383.409760660958;477;14383.409760660958;4306.9817;;DuplicateForSameParentSequenceAfterRetries;12.0598;;;;3;duplicate_for_same_parent_sequence
74;2;18;7;diversification;9;9b36dcba632a;move;;;25;40;;;;;;;;;;False;True;True;;;ok;;15613.180197858519;15613.180197858519;14383.409760660958;477;14383.409760660958;4319.0291;;DuplicateForSameParentSequenceAfterRetries;12.0466;;;;3;duplicate_for_same_parent_sequence
74;2;18;8;diversification;9;9b36dcba632a;move;;;35;20;;;;;;;;;;True;False;False;True;;ok;17504.397444111713;15613.180197858519;15613.180197858519;14383.409760660958;478;14383.409760660958;4330.4169;1891.2172462531944;Evaluated;8.9513;2.4356;64;True;2;duplicate_for_same_parent_sequence
74;2;18;9;diversification;9;9b36dcba632a;move;;;25;30;;;;;;;;;;False;True;False;;;ok;;15613.180197858519;15613.180197858519;14383.409760660958;478;14383.409760660958;4342.5934;;DuplicateForSameParentSequenceAfterRetries;12.1741;;;;3;duplicate_for_same_parent_sequence
74;2;18;10;diversification;9;9b36dcba632a;move;;;52;40;;;;;;;;;;True;False;False;True;;ok;15710.84657617014;15613.180197858519;15613.180197858519;14383.409760660958;479;14383.409760660958;4353.6048;97.66637831162188;Evaluated;8.7736;2.2368;64;True;2;duplicate_for_same_parent_sequence
74;3;0;;diversification;0;;;;;;;;;;;;;;;;;;;;;End-of-iteration summary row;;;16630.57522948563;14383.409760660958;480;14383.409760660958;4356.0634;;IterationSummary;;;;;;
75;3;1;1;normal;0;0f63cf6f404e;move;;;10;5;;;;;;;;;;True;False;False;False;;ok;15621.654598931518;16630.57522948563;16630.57522948563;14383.409760660958;481;14383.409760660958;4363.5534;-1008.9206305541102;Evaluated;5.2497;2.2346;64;True;1;
75;3;1;2;normal;0;0f63cf6f404e;swap;20;25;;;;;;;;;;;;True;False;False;False;;ok;17127.159046974382;16630.57522948563;16630.57522948563;14383.409760660958;482;14383.409760660958;4370.8932;496.583817488754;Evaluated;4.9004;2.437;64;True;1;
75;3;1;3;normal;0;0f63cf6f404e;reinsert_block;;;;;;;32;40;50;;;;;True;False;False;True;;ok;16525.09827483657;16630.57522948563;16630.57522948563;14383.409760660958;483;14383.409760660958;4378.7671;-105.476954649057;Evaluated;5.438;2.435;64;True;1;
75;3;1;4;normal;0;0f63cf6f404e;move;;;50;40;;;;;;;;;;True;False;False;True;;ok;16534.003624488993;16630.57522948563;16630.57522948563;14383.409760660958;484;14383.409760660958;4386.2982;-96.57160499663587;Evaluated;5.1002;2.4282;64;True;1;
75;3;1;5;normal;0;0f63cf6f404e;move;;;52;40;;;;;;;;;;True;False;False;True;;ok;16491.600378966912;16630.57522948563;16630.57522948563;14383.409760660958;485;14383.409760660958;4393.5173;-138.97485051871627;Evaluated;4.7777;2.4397;64;True;1;
75;3;1;;normal;0;;;;;;;;;;;;;;;;;;;;;End-of-iteration summary row;;;15621.654598931518;14383.409760660958;485;14383.409760660958;4393.539;;IterationSummary;;;;;;
76;3;2;1;normal;0;457c4bc75f95;move;;;10;5;;;;;;;;;;True;False;False;False;;ok;18199.88513772502;15621.654598931518;15621.654598931518;14383.409760660958;486;14383.409760660958;4401.5735;2578.230538793503;Evaluated;5.3924;2.6364;64;True;1;
76;3;2;2;normal;0;457c4bc75f95;swap;20;25;;;;;;;;;;;;True;False;False;False;;ok;17724.428182261432;15621.654598931518;15621.654598931518;14383.409760660958;487;14383.409760660958;4409.2037;2102.773583329914;Evaluated;5.1826;2.4462;64;True;1;
76;3;2;3;normal;0;457c4bc75f95;reinsert_block;;;;;;;35;40;28;;;;;True;False;False;False;;ok;16717.122090524463;15621.654598931518;15621.654598931518;14383.409760660958;488;14383.409760660958;4417.4275;1095.4674915929445;Evaluated;5.7885;2.433;64;True;1;
76;3;2;4;normal;0;457c4bc75f95;move;;;50;48;;;;;;;;;;True;False;False;False;;ok;15635.256948119119;15621.654598931518;15621.654598931518;14383.409760660958;489;14383.409760660958;4424.7916;13.602349187600339;Evaluated;5.1332;2.2286;64;True;1;
76;3;2;5;normal;0;457c4bc75f95;move;;;28;45;;;;;;;;;;True;False;False;True;;ok;16550.59244930972;15621.654598931518;15621.654598931518;14383.409760660958;490;14383.409760660958;4435.812;928.9378503782009;Evaluated;8.5852;2.4322;64;True;2;duplicate_for_same_parent_sequence
76;3;2;;normal;1;;;;;;;;;;;;;;;;;;;;;End-of-iteration summary row;;;15621.654598931518;14383.409760660958;490;14383.409760660958;4435.8145;;IterationSummary;;;;;;
77;3;3;1;normal;1;457c4bc75f95;move;;;5;10;;;;;;;;;;True;False;False;False;;ok;16630.57522948563;15621.654598931518;15621.654598931518;14383.409760660958;491;14383.409760660958;4443.8284;1008.9206305541102;Evaluated;5.5645;2.4322;64;True;1;
77;3;3;2;normal;1;457c4bc75f95;swap;17;25;;;;;;;;;;;;True;False;False;False;;ok;15621.654598931518;15621.654598931518;15621.654598931518;14383.409760660958;492;14383.409760660958;4451.1957;0.0;Evaluated;5.132;2.2324;64;True;1;
77;3;3;3;normal;1;457c4bc75f95;move;;;18;10;;;;;;;;;;True;False;False;False;;ok;17736.224970121508;15621.654598931518;15621.654598931518;14383.409760660958;493;14383.409760660958;4462.5341;2114.5703711899896;Evaluated;8.8993;2.4383;64;True;2;duplicate_for_same_parent_sequence
77;3;3;4;normal;1;457c4bc75f95;move;;;50;40;;;;;;;;;;True;False;False;True;;ok;15954.590219042097;15621.654598931518;15621.654598931518;14383.409760660958;494;14383.409760660958;4469.9567;332.9356201105784;Evaluated;5.1937;2.2265;64;True;1;
77;3;3;5;normal;1;457c4bc75f95;move;;;50;45;;;;;;;;;;True;False;False;False;;ok;15625.01498102131;15621.654598931518;15621.654598931518;14383.409760660958;495;14383.409760660958;4477.3346;3.3603820897915284;Evaluated;5.1407;2.2359;64;True;1;
77;3;3;;normal;2;;;;;;;;;;;;;;;;;;;;;End-of-iteration summary row;;;15621.654598931518;14383.409760660958;495;14383.409760660958;4477.3354;;IterationSummary;;;;;;
78;3;4;1;normal;2;457c4bc75f95;move;;;8;3;;;;;;;;;;True;False;False;False;;ok;17908.192761675542;15621.654598931518;15621.654598931518;14383.409760660958;496;14383.409760660958;4488.7439;2286.538162744024;Evaluated;8.9729;2.43;64;True;2;duplicate_for_same_parent_sequence
78;3;4;2;normal;2;457c4bc75f95;swap;17;20;;;;;;;;;;;;True;False;False;False;;ok;17222.94920375672;15621.654598931518;15621.654598931518;14383.409760660958;497;14383.409760660958;4496.3839;1601.2946048252034;Evaluated;5.1965;2.4405;64;True;1;
78;3;4;3;normal;2;457c4bc75f95;reinsert_block;;;;;;;32;40;50;;;;;True;False;False;True;;ok;15973.596351365137;15621.654598931518;15621.654598931518;14383.409760660958;498;14383.409760660958;4504.0958;351.9417524336186;Evaluated;5.4763;2.2348;64;True;1;
78;3;4;4;normal;2;457c4bc75f95;move;;;62;50;;;;;;;;;;True;False;False;True;;ok;16148.22977371872;15621.654598931518;15621.654598931518;14383.409760660958;499;14383.409760660958;4515.1877;526.5751747872018;Evaluated;8.658;2.4311;64;True;2;duplicate_for_same_parent_sequence
78;3;4;5;normal;2;457c4bc75f95;move;;;18;20;;;;;;;;;;True;False;False;False;;ok;17356.63338660046;15621.654598931518;15621.654598931518;14383.409760660958;500;14383.409760660958;4526.1876;1734.9787876689425;Evaluated;8.5638;2.4336;64;True;2;duplicate_for_same_parent_sequence
78;3;4;;normal;3;;;;;;;;;;;;;;;;;;;;;End-of-iteration summary row;;;15621.654598931518;14383.409760660958;500;14383.409760660958;4526.1905;;IterationSummary;;;;;;
79;3;5;1;diversification;3;457c4bc75f95;move;;;3;10;;;;;;;;;;True;False;False;False;;ok;18506.235852681308;15621.654598931518;15621.654598931518;14383.409760660958;501;14383.409760660958;4534.4649;2884.5812537497895;Evaluated;5.6216;2.6329;64;True;1;
79;3;5;2;diversification;3;457c4bc75f95;reinsert_block;;;;;;;20;25;17;;;;;True;False;False;False;;ok;18275.690766794058;15621.654598931518;15621.654598931518;14383.409760660958;502;14383.409760660958;4542.6872;2654.0361678625395;Evaluated;5.5724;2.6473;64;True;1;
79;3;5;3;diversification;3;457c4bc75f95;swap;35;42;;;;;;;;;;;;True;False;False;False;;ok;15911.335697573944;15621.654598931518;15621.654598931518;14383.409760660958;503;14383.409760660958;4550.1781;289.68109864242615;Evaluated;5.2554;2.2324;64;True;1;
79;3;5;4;diversification;3;457c4bc75f95;move;;;60;52;;;;;;;;;;True;False;False;False;;ok;15779.265090229586;15621.654598931518;15621.654598931518;14383.409760660958;504;14383.409760660958;4561.2184;157.61049129806815;Evaluated;8.8051;2.2317;64;True;2;duplicate_for_same_parent_sequence
79;3;5;5;diversification;3;457c4bc75f95;move;;;25;30;;;;;;;;;;True;False;False;False;;ok;15618.261462754272;15621.654598931518;15621.654598931518;14383.409760660958;505;14383.409760660958;4568.7952;-3.3931361772465607;EvaluatedImprovementDespiteDiversificationMismatch;5.3396;2.2348;64;True;1;
79;3;5;6;diversification;3;457c4bc75f95;move;;;50;32;;;;;;;;;;True;False;False;True;;ok;16420.755223782882;15621.654598931518;15621.654598931518;14383.409760660958;506;14383.409760660958;4576.4031;799.100624851364;Evaluated;5.168;2.4374;64;True;1;
79;3;5;7;diversification;3;457c4bc75f95;move;;;18;40;;;;;;;;;;True;False;False;True;;ok;16436.60035584164;15621.654598931518;15621.654598931518;14383.409760660958;507;14383.409760660958;4583.9645;814.9457569101232;Evaluated;5.1273;2.4317;64;True;1;
79;3;5;8;diversification;3;457c4bc75f95;reinsert_block;;;;;;;8;12;3;;;;;True;False;False;False;;ok;17812.211269516865;15621.654598931518;15621.654598931518;14383.409760660958;508;14383.409760660958;4594.9954;2190.556670585347;Evaluated;8.5974;2.4311;64;True;2;duplicate_for_same_parent_sequence
79;3;5;9;diversification;3;457c4bc75f95;move;;;28;15;;;;;;;;;;True;False;False;True;;ok;17852.728343592724;15621.654598931518;15621.654598931518;14383.409760660958;509;14383.409760660958;4606.1414;2231.0737446612056;Evaluated;8.7013;2.4421;64;True;2;duplicate_for_same_parent_sequence
79;3;5;10;diversification;3;457c4bc75f95;move;;;45;38;;;;;;;;;;True;False;False;False;;ok;16717.103095614115;15621.654598931518;15621.654598931518;14383.409760660958;510;14383.409760660958;4613.9215;1095.4484966825967;Evaluated;5.3491;2.4302;64;True;1;
79;3;5;;diversification;0;;;;;;;;;;;;;;;;;;;;;End-of-iteration summary row;;;15618.261462754272;14383.409760660958;510;14383.409760660958;4613.9388;;IterationSummary;;;;;;
80;3;6;1;normal;0;eabc22f81c95;move;;;10;5;;;;;;;;;;True;False;False;False;;ok;18200.20197860381;15618.261462754272;15618.261462754272;14383.409760660958;511;14383.409760660958;4622.1307;2581.940515849539;Evaluated;5.5479;2.6379;64;True;1;
80;3;6;2;normal;0;eabc22f81c95;swap;18;20;;;;;;;;;;;;True;False;False;False;;ok;17287.33311445098;15618.261462754272;15618.261462754272;14383.409760660958;512;14383.409760660958;4629.7392;1669.0716516967077;Evaluated;5.1748;2.4331;64;True;1;
80;3;6;3;normal;0;eabc22f81c95;reinsert_block;;;;;;;35;40;28;;;;;True;False;False;False;;ok;16990.040702220598;15618.261462754272;15618.261462754272;14383.409760660958;513;14383.409760660958;4637.6527;1371.7792394663265;Evaluated;5.477;2.4336;64;True;1;
80;3;6;4;normal;0;eabc22f81c95;move;;;52;48;;;;;;;;;;True;False;False;False;;ok;15251.985285066346;15618.261462754272;15618.261462754272;14383.409760660958;514;14383.409760660958;4645.0885;-366.27617768792516;Evaluated;5.2043;2.2282;64;True;1;
80;3;6;5;normal;0;eabc22f81c95;move;;;25;30;;;;;;;;;;True;False;False;False;;ok;16897.676723193446;15618.261462754272;15618.261462754272;14383.409760660958;515;14383.409760660958;4652.6988;1279.4152604391747;Evaluated;5.1738;2.434;64;True;1;
80;3;6;;normal;0;;;;;;;;;;;;;;;;;;;;;End-of-iteration summary row;;;15251.985285066346;14383.409760660958;515;14383.409760660958;4652.7155;;IterationSummary;;;;;;
81;3;7;1;normal;0;0cffbf56f79b;move;;;10;5;;;;;;;;;;True;False;False;False;;ok;18415.617844826284;15251.985285066346;15251.985285066346;14383.409760660958;516;14383.409760660958;4660.8176;3163.632559759937;Evaluated;5.4595;2.6339;64;True;1;
81;3;7;2;normal;0;0cffbf56f79b;swap;20;25;;;;;;;;;;;;True;False;False;False;;ok;17451.516440288808;15251.985285066346;15251.985285066346;14383.409760660958;517;14383.409760660958;4668.5161;2199.531155222461;Evaluated;5.2596;2.436;64;True;1;
81;3;7;3;normal;0;0cffbf56f79b;reinsert_block;;;;;;;35;40;28;;;;;True;False;False;False;;ok;16785.544942256143;15251.985285066346;15251.985285066346;14383.409760660958;518;14383.409760660958;4676.4316;1533.5596571897968;Evaluated;5.4744;2.4384;64;True;1;
81;3;7;4;normal;0;0cffbf56f79b;move;;;50;32;;;;;;;;;;True;False;False;True;;ok;17337.655692549408;15251.985285066346;15251.985285066346;14383.409760660958;519;14383.409760660958;4684.0799;2085.6704074830614;Evaluated;5.213;2.4325;64;True;1;
81;3;7;5;normal;0;0cffbf56f79b;move;;;25;10;;;;;;;;;;True;False;False;True;;ok;17949.41341334755;15251.985285066346;15251.985285066346;14383.409760660958;520;14383.409760660958;4691.6775;2697.4281282812026;Evaluated;5.1642;2.4325;64;True;1;
81;3;7;;normal;1;;;;;;;;;;;;;;;;;;;;;End-of-iteration summary row;;;15251.985285066346;14383.409760660958;520;14383.409760660958;4691.68;;IterationSummary;;;;;;
82;3;8;1;normal;1;0cffbf56f79b;move;;;8;3;;;;;;;;;;True;False;False;False;;ok;18122.831190808687;15251.985285066346;15251.985285066346;14383.409760660958;521;14383.409760660958;4702.8249;2870.8459057423406;Evaluated;8.6716;2.4562;64;True;2;duplicate_for_same_parent_sequence
82;3;8;2;normal;1;0cffbf56f79b;swap;18;20;;;;;;;;;;;;True;False;False;False;;ok;17502.800231461326;15251.985285066346;15251.985285066346;14383.409760660958;522;14383.409760660958;4710.519;2250.8149463949794;Evaluated;5.2596;2.4321;64;True;1;
82;3;8;3;normal;1;0cffbf56f79b;move;;;17;5;;;;;;;;;;True;False;False;True;;ok;18415.612066576414;15251.985285066346;15251.985285066346;14383.409760660958;523;14383.409760660958;4722.1991;3163.6267815100673;Evaluated;9.037;2.6404;64;True;2;duplicate_for_same_parent_sequence
82;3;8;4;normal;1;0cffbf56f79b;move;;;50;38;;;;;;;;;;True;False;False;True;;ok;16567.955276532142;15251.985285066346;15251.985285066346;14383.409760660958;524;14383.409760660958;4729.8423;1315.9699914657958;Evaluated;5.2058;2.435;64;True;1;
82;3;8;5;normal;1;0cffbf56f79b;move;;;17;25;;;;;;;;;;True;False;False;False;;ok;15251.97600903683;15251.985285066346;15251.985285066346;14383.409760660958;525;14383.409760660958;4737.2596;-0.009276029515604023;Evaluated;5.1807;2.2336;64;True;1;
82;3;8;;normal;0;;;;;;;;;;;;;;;;;;;;;End-of-iteration summary row;;;15251.97600903683;14383.409760660958;525;14383.409760660958;4737.2747;;IterationSummary;;;;;;
83;3;9;1;normal;0;f3349f150fd3;move;;;5;10;;;;;;;;;;True;False;False;False;;ok;17308.536823807426;15251.97600903683;15251.97600903683;14383.409760660958;526;14383.409760660958;4745.2838;2056.5608147705952;Evaluated;5.5671;2.4365;64;True;1;
83;3;9;2;normal;0;f3349f150fd3;swap;18;20;;;;;;;;;;;;True;False;False;False;;ok;17450.34025861606;15251.97600903683;15251.97600903683;14383.409760660958;527;14383.409760660958;4752.8965;2198.3642495792283;Evaluated;5.1802;2.4305;64;True;1;
83;3;9;3;normal;0;f3349f150fd3;reinsert_block;;;;;;;35;40;28;;;;;True;False;False;False;;ok;16706.86215395164;15251.97600903683;15251.97600903683;14383.409760660958;528;14383.409760660958;4760.8078;1454.886144914808;Evaluated;5.477;2.4312;64;True;1;
83;3;9;4;normal;0;f3349f150fd3;move;;;50;32;;;;;;;;;;True;False;False;True;;ok;17337.655692549408;15251.97600903683;15251.97600903683;14383.409760660958;529;14383.409760660958;4768.4695;2085.679683512577;Evaluated;5.2291;2.43;64;True;1;
83;3;9;5;normal;0;f3349f150fd3;move;;;17;28;;;;;;;;;;True;False;False;True;;ok;17277.077339821262;15251.97600903683;15251.97600903683;14383.409760660958;530;14383.409760660958;4776.0591;2025.1013307844314;Evaluated;5.1536;2.4329;64;True;1;
83;3;9;;normal;1;;;;;;;;;;;;;;;;;;;;;End-of-iteration summary row;;;15251.97600903683;14383.409760660958;530;14383.409760660958;4776.0621;;IterationSummary;;;;;;
84;3;10;1;normal;1;f3349f150fd3;move;;;7;3;;;;;;;;;;True;False;False;False;;ok;17668.152249726387;15251.97600903683;15251.97600903683;14383.409760660958;531;14383.409760660958;4787.6188;2416.176240689556;Evaluated;9.1089;2.4334;64;True;2;duplicate_for_same_parent_sequence
84;3;10;2;normal;1;f3349f150fd3;swap;20;25;;;;;;;;;;;;True;False;False;False;;ok;16843.44612830065;15251.97600903683;15251.97600903683;14383.409760660958;532;14383.409760660958;4795.4829;1591.4701192638186;Evaluated;5.4276;2.434;64;True;1;
84;3;10;3;normal;1;f3349f150fd3;reinsert_block;;;;;;;35;39;28;;;;;True;False;False;False;;ok;16767.640137242743;15251.97600903683;15251.97600903683;14383.409760660958;533;14383.409760660958;4803.7092;1515.6641282059118;Evaluated;5.7905;2.4332;64;True;1;
84;3;10;4;normal;1;f3349f150fd3;move;;;50;48;;;;;;;;;;True;False;False;False;;ok;15252.798584818023;15251.97600903683;15251.97600903683;14383.409760660958;534;14383.409760660958;4811.1307;0.8225757811924268;Evaluated;5.1866;2.2324;64;True;1;
84;3;10;5;normal;1;f3349f150fd3;move;;;30;25;;;;;;;;;;True;False;False;False;;ok;17049.15663754181;15251.97600903683;15251.97600903683;14383.409760660958;535;14383.409760660958;4818.8872;1797.1806285049806;Evaluated;5.3177;2.4356;64;True;1;
84;3;10;;normal;2;;;;;;;;;;;;;;;;;;;;;End-of-iteration summary row;;;15251.97600903683;14383.409760660958;535;14383.409760660958;4818.8899;;IterationSummary;;;;;;
85;3;11;1;normal;2;f3349f150fd3;move;;;10;5;;;;;;;;;;True;False;False;False;;ok;17957.08200114327;15251.97600903683;15251.97600903683;14383.409760660958;536;14383.409760660958;4826.7277;2705.105992106439;Evaluated;5.3985;2.4301;64;True;1;
85;3;11;2;normal;2;f3349f150fd3;swap;20;31;;;;;;;;;;;;True;False;False;False;;ok;16853.11546270564;15251.97600903683;15251.97600903683;14383.409760660958;537;14383.409760660958;4834.5028;1601.1394536688076;Evaluated;5.3331;2.4393;64;True;1;
85;3;11;3;normal;2;f3349f150fd3;reinsert_block;;;;;;;34;39;28;;;;;True;False;False;False;;ok;17315.17935428513;15251.97600903683;15251.97600903683;14383.409760660958;538;14383.409760660958;4842.3974;2063.2033452482992;Evaluated;5.4529;2.4392;64;True;1;
85;3;11;4;normal;2;f3349f150fd3;move;;;50;42;;;;;;;;;;True;False;False;False;;ok;17103.279306976907;15251.97600903683;15251.97600903683;14383.409760660958;539;14383.409760660958;4850.1015;1851.303297940076;Evaluated;5.2724;2.4292;64;True;1;
85;3;11;5;normal;2;f3349f150fd3;move;;;30;40;;;;;;;;;;True;False;False;True;;ok;15403.79855242769;15251.97600903683;15251.97600903683;14383.409760660958;540;14383.409760660958;4864.4827;151.8225433908592;Evaluated;12.1503;2.2286;64;True;3;duplicate_for_same_parent_sequence
85;3;11;;normal;3;;;;;;;;;;;;;;;;;;;;;End-of-iteration summary row;;;15251.97600903683;14383.409760660958;540;14383.409760660958;4864.4836;;IterationSummary;;;;;;
86;3;12;1;diversification;3;f3349f150fd3;move;;;10;5;;;;;;;;;;False;True;False;;;ok;;15251.97600903683;15251.97600903683;14383.409760660958;540;14383.409760660958;4877.1449;;DuplicateForSameParentSequenceAfterRetries;12.6554;;;;3;duplicate_for_same_parent_sequence
86;3;12;2;diversification;3;f3349f150fd3;reinsert_block;;;;;;;25;30;16;;;;;True;False;False;True;;ok;16926.472713714997;15251.97600903683;15251.97600903683;14383.409760660958;541;14383.409760660958;4885.1671;1674.4967046781658;Evaluated;5.5901;2.4312;64;True;1;
86;3;12;3;diversification;3;f3349f150fd3;swap;35;40;;;;;;;;;;;;True;False;False;False;;ok;16235.223950405332;15251.97600903683;15251.97600903683;14383.409760660958;542;14383.409760660958;4892.8753;983.2479413685014;Evaluated;5.2736;2.434;64;True;1;
86;3;12;4;diversification;3;f3349f150fd3;move;;;32;48;;;;;;;;;;True;False;False;True;;ok;15688.387063939179;15251.97600903683;15251.97600903683;14383.409760660958;543;14383.409760660958;4903.4763;436.41105490234804;Evaluated;8.3708;2.2294;64;True;2;duplicate_for_same_parent_sequence
86;3;12;5;diversification;3;f3349f150fd3;move;;;15;8;;;;;;;;;;True;False;False;False;;ok;17360.178925511806;15251.97600903683;15251.97600903683;14383.409760660958;544;14383.409760660958;4911.1687;2108.2029164749747;Evaluated;5.2583;2.432;64;True;1;
86;3;12;6;diversification;3;f3349f150fd3;move;;;25;35;;;;;;;;;;True;False;False;True;;ok;16164.813587374414;15251.97600903683;15251.97600903683;14383.409760660958;545;14383.409760660958;4922.3495;912.8375783375832;Evaluated;8.746;2.4322;64;True;2;duplicate_for_same_parent_sequence
86;3;12;7;diversification;3;f3349f150fd3;move;;;25;10;;;;;;;;;;True;False;False;True;;ok;17055.3066605937;15251.97600903683;15251.97600903683;14383.409760660958;546;14383.409760660958;4930.0243;1803.3306515568675;Evaluated;5.2372;2.4348;64;True;1;
86;3;12;8;diversification;3;f3349f150fd3;move;;;20;30;;;;;;;;;;True;False;False;True;;ok;16844.78232324268;15251.97600903683;15251.97600903683;14383.409760660958;547;14383.409760660958;4937.9114;1592.8063142058509;Evaluated;5.4459;2.4386;64;True;1;
86;3;12;9;diversification;3;f3349f150fd3;move;;;25;30;;;;;;;;;;True;False;False;False;;ok;17054.415365969027;15251.97600903683;15251.97600903683;14383.409760660958;548;14383.409760660958;4945.6158;1802.4393569321965;Evaluated;5.2593;2.4425;64;True;1;
86;3;12;10;diversification;3;f3349f150fd3;move;;;51;45;;;;;;;;;;True;False;False;False;;ok;15506.120987766284;15251.97600903683;15251.97600903683;14383.409760660958;549;14383.409760660958;4953.0607;254.14497872945321;Evaluated;5.2044;2.2369;64;True;1;
86;3;12;;diversification;4;;;;;;;;;;;;;;;;;;;;;End-of-iteration summary row;;;15251.97600903683;14383.409760660958;549;14383.409760660958;4953.064;;IterationSummary;;;;;;
87;3;13;1;diversification;4;f3349f150fd3;move;;;5;15;;;;;;;;;;True;False;False;True;;ok;17767.041779448035;15251.97600903683;15251.97600903683;14383.409760660958;550;14383.409760660958;4960.9741;2515.0657704112036;Evaluated;5.4592;2.4383;64;True;1;
87;3;13;2;diversification;4;f3349f150fd3;reinsert_block;;;;;;;20;25;16;;;;;True;False;False;False;;ok;18795.209829386742;15251.97600903683;15251.97600903683;14383.409760660958;551;14383.409760660958;4969.3155;3543.233820349911;Evaluated;5.7011;2.6384;64;True;1;
87;3;13;3;diversification;4;f3349f150fd3;swap;32;47;;;;;;;;;;;;True;False;False;True;;ok;15423.372113496176;15251.97600903683;15251.97600903683;14383.409760660958;552;14383.409760660958;4980.4558;171.39610445934522;Evaluated;8.9039;2.2333;64;True;2;duplicate_for_same_parent_sequence
87;3;13;4;diversification;4;f3349f150fd3;move;;;51;30;;;;;;;;;;True;False;False;True;;ok;16252.594703714862;15251.97600903683;15251.97600903683;14383.409760660958;553;14383.409760660958;4991.4261;1000.6186946780308;Evaluated;8.5364;2.4312;64;True;2;duplicate_for_same_parent_sequence
87;3;13;5;diversification;4;f3349f150fd3;move;;;8;15;;;;;;;;;;True;False;False;False;;ok;15250.363938027496;15251.97600903683;15251.97600903683;14383.409760660958;554;14383.409760660958;4998.9954;-1.6120710093346133;EvaluatedImprovementDespiteDiversificationMismatch;5.3347;2.2312;64;True;1;
87;3;13;6;diversification;4;f3349f150fd3;move;;;40;15;;;;;;;;;;True;False;False;True;;ok;17076.12282996993;15251.97600903683;15251.97600903683;14383.409760660958;555;14383.409760660958;5010.0187;1824.1468209330978;Evaluated;8.5855;2.4354;64;True;2;duplicate_for_same_parent_sequence
87;3;13;7;diversification;4;f3349f150fd3;move;;;30;15;;;;;;;;;;True;False;False;True;;ok;16362.326032178582;15251.97600903683;15251.97600903683;14383.409760660958;556;14383.409760660958;5021.0232;1110.350023141751;Evaluated;8.5629;2.4381;64;True;2;duplicate_for_same_parent_sequence
87;3;13;8;diversification;4;f3349f150fd3;move;;;30;20;;;;;;;;;;True;False;False;True;;ok;17044.15807213079;15251.97600903683;15251.97600903683;14383.409760660958;557;14383.409760660958;5032.0221;1792.18206309396;Evaluated;8.5606;2.4356;64;True;2;duplicate_for_same_parent_sequence
87;3;13;9;diversification;4;f3349f150fd3;move;;;28;15;;;;;;;;;;True;False;False;True;;ok;18549.725996807236;15251.97600903683;15251.97600903683;14383.409760660958;558;14383.409760660958;5040.0994;3297.749987770405;Evaluated;5.441;2.6356;64;True;1;
87;3;13;10;diversification;4;f3349f150fd3;move;;;51;20;;;;;;;;;;True;False;False;True;;ok;16508.950811582414;15251.97600903683;15251.97600903683;14383.409760660958;559;14383.409760660958;5051.2129;1256.9748025455829;Evaluated;8.6734;2.4375;64;True;2;duplicate_for_same_parent_sequence
87;3;13;;diversification;0;;;;;;;;;;;;;;;;;;;;;End-of-iteration summary row;;;15250.363938027496;14383.409760660958;559;14383.409760660958;5051.2327;;IterationSummary;;;;;;
88;3;14;1;normal;0;5987bd4883e3;move;;;10;5;;;;;;;;;;True;False;False;False;;ok;15316.263163550253;15250.363938027496;15250.363938027496;14383.409760660958;560;14383.409760660958;5059.0761;65.89922552275675;Evaluated;5.6026;2.2331;64;True;1;
88;3;14;2;normal;0;5987bd4883e3;swap;20;25;;;;;;;;;;;;True;False;False;False;;ok;16990.96642810933;15250.363938027496;15250.363938027496;14383.409760660958;561;14383.409760660958;5066.9867;1740.602490081832;Evaluated;5.4727;2.4352;64;True;1;
88;3;14;3;normal;0;5987bd4883e3;reinsert_block;;;;;;;32;35;40;;;;;True;False;False;False;;ok;17683.295225599522;15250.363938027496;15250.363938027496;14383.409760660958;562;14383.409760660958;5074.8838;2432.931287572026;Evaluated;5.4635;2.4307;64;True;1;
88;3;14;4;normal;0;5987bd4883e3;move;;;54;18;;;;;;;;;;True;False;False;True;;ok;16162.947489294742;15250.363938027496;15250.363938027496;14383.409760660958;563;14383.409760660958;5082.5627;912.5835512672456;Evaluated;5.2463;2.4302;64;True;1;
88;3;14;5;normal;0;5987bd4883e3;move;;;28;10;;;;;;;;;;True;False;False;True;;ok;18038.54699189621;15250.363938027496;15250.363938027496;14383.409760660958;564;14383.409760660958;5090.1568;2788.1830538687154;Evaluated;5.1567;2.4349;64;True;1;
88;3;14;;normal;1;;;;;;;;;;;;;;;;;;;;;End-of-iteration summary row;;;15250.363938027496;14383.409760660958;564;14383.409760660958;5090.1604;;IterationSummary;;;;;;
89;3;15;1;normal;1;5987bd4883e3;move;;;5;10;;;;;;;;;;True;False;False;False;;ok;17309.129090428898;15250.363938027496;15250.363938027496;14383.409760660958;565;14383.409760660958;5098.1821;2058.765152401402;Evaluated;5.5742;2.4338;64;True;1;
89;3;15;2;normal;1;5987bd4883e3;swap;17;28;;;;;;;;;;;;True;False;False;False;;ok;18285.16670272205;15250.363938027496;15250.363938027496;14383.409760660958;566;14383.409760660958;5109.6137;3034.802764694554;Evaluated;8.7949;2.6337;64;True;2;duplicate_for_same_parent_sequence
89;3;15;3;normal;1;5987bd4883e3;reinsert_block;;;;;;;35;40;28;;;;;True;False;False;False;;ok;16710.65790983454;15250.363938027496;15250.363938027496;14383.409760660958;567;14383.409760660958;5117.494;1460.293971807043;Evaluated;5.4413;2.4363;64;True;1;
89;3;15;4;normal;1;5987bd4883e3;move;;;50;48;;;;;;;;;;True;False;False;False;;ok;15251.18651375418;15250.363938027496;15250.363938027496;14383.409760660958;568;14383.409760660958;5124.9474;0.8225757266845903;Evaluated;5.219;2.2314;64;True;1;
89;3;15;5;normal;1;5987bd4883e3;move;;;25;10;;;;;;;;;;True;False;False;True;;ok;17080.313831380117;15250.363938027496;15250.363938027496;14383.409760660958;569;14383.409760660958;5132.5643;1829.949893352621;Evaluated;5.182;2.4322;64;True;1;
89;3;15;;normal;2;;;;;;;;;;;;;;;;;;;;;End-of-iteration summary row;;;15250.363938027496;14383.409760660958;569;14383.409760660958;5132.5673;;IterationSummary;;;;;;
90;3;16;1;normal;2;5987bd4883e3;move;;;7;2;;;;;;;;;;True;False;False;False;;ok;17928.765025102774;15250.363938027496;15250.363938027496;14383.409760660958;570;14383.409760660958;5140.4957;2678.4010870752772;Evaluated;5.4705;2.4357;64;True;1;
90;3;16;2;normal;2;5987bd4883e3;swap;18;20;;;;;;;;;;;;True;False;False;False;;ok;17869.73080801815;15250.363938027496;15250.363938027496;14383.409760660958;571;14383.409760660958;5148.182;2619.366869990654;Evaluated;5.2478;2.4372;64;True;1;
90;3;16;3;normal;2;5987bd4883e3;move;;;17;10;;;;;;;;;;True;False;False;False;;ok;17552.08858725222;15250.363938027496;15250.363938027496;14383.409760660958;572;14383.409760660958;5159.5999;2301.724649224723;Evaluated;8.9383;2.4771;64;True;2;duplicate_for_same_parent_sequence
90;3;16;4;normal;2;5987bd4883e3;move;;;25;15;;;;;;;;;;True;False;False;True;;ok;17603.03776721271;15250.363938027496;15250.363938027496;14383.409760660958;573;14383.409760660958;5170.9706;2352.6738291852143;Evaluated;8.9314;2.4369;64;True;2;duplicate_for_same_parent_sequence
90;3;16;5;normal;2;5987bd4883e3;move;;;30;45;;;;;;;;;;True;False;False;True;;ok;15657.714506990185;15250.363938027496;15250.363938027496;14383.409760660958;574;14383.409760660958;5181.9902;407.35056896268907;Evaluated;8.7791;2.2379;64;True;2;duplicate_for_same_parent_sequence
90;3;16;;normal;3;;;;;;;;;;;;;;;;;;;;;End-of-iteration summary row;;;15250.363938027496;14383.409760660958;574;14383.409760660958;5181.9937;;IterationSummary;;;;;;
91;3;17;1;diversification;3;5987bd4883e3;move;;;10;25;;;;;;;;;;True;False;False;True;;ok;17567.939748444183;15250.363938027496;15250.363938027496;14383.409760660958;575;14383.409760660958;5190.1548;2317.575810416687;Evaluated;5.7122;2.4364;64;True;1;
91;3;17;2;diversification;3;5987bd4883e3;reinsert_block;;;;;;;25;30;17;;;;;True;False;False;True;;ok;16769.734778153088;15250.363938027496;15250.363938027496;14383.409760660958;576;14383.409760660958;5198.4275;1519.3708401255917;Evaluated;5.8405;2.4297;64;True;1;
91;3;17;3;diversification;3;5987bd4883e3;swap;35;40;;;;;;;;;;;;True;False;False;False;;ok;16236.608037903145;15250.363938027496;15250.363938027496;14383.409760660958;577;14383.409760660958;5206.1899;986.2440998756483;Evaluated;5.3267;2.435;64;True;1;
91;3;17;4;diversification;3;5987bd4883e3;move;;;50;55;;;;;;;;;;True;False;False;False;;ok;15595.255153319285;15250.363938027496;15250.363938027496;14383.409760660958;578;14383.409760660958;5217.4953;344.8912152917892;Evaluated;9.0705;2.2319;64;True;2;duplicate_for_same_parent_sequence
91;3;17;5;diversification;3;5987bd4883e3;move;;;25;18;;;;;;;;;;True;False;False;False;;ok;15251.434359950814;15250.363938027496;15250.363938027496;14383.409760660958;579;14383.409760660958;5225.127;1.0704219233175536;Evaluated;5.3949;2.2338;64;True;1;
91;3;17;6;diversification;3;5987bd4883e3;move;;;35;28;;;;;;;;;;True;False;False;False;;ok;15588.500326906471;15250.363938027496;15250.363938027496;14383.409760660958;580;14383.409760660958;5236.1122;338.1363888789747;Evaluated;8.7389;2.2437;64;True;2;duplicate_for_same_parent_sequence
91;3;17;7;diversification;3;5987bd4883e3;move;;;20;5;;;;;;;;;;True;False;False;True;;ok;17044.087520303372;15250.363938027496;15250.363938027496;14383.409760660958;581;14383.409760660958;5243.6762;1793.7235822758757;Evaluated;5.1238;2.4376;64;True;1;
91;3;17;8;diversification;3;5987bd4883e3;move;;;20;15;;;;;;;;;;True;False;False;False;;ok;18019.770470744515;15250.363938027496;15250.363938027496;14383.409760660958;582;14383.409760660958;5251.5803;2769.406532717019;Evaluated;5.4601;2.4411;64;True;1;
91;3;17;9;diversification;3;5987bd4883e3;move;;;30;15;;;;;;;;;;True;False;False;True;;ok;17603.777926525912;15250.363938027496;15250.363938027496;14383.409760660958;583;14383.409760660958;5266.128;2353.413988498416;Evaluated;12.1077;2.4374;64;True;3;duplicate_for_same_parent_sequence
91;3;17;10;diversification;3;5987bd4883e3;move;;;27;19;;;;;;;;;;True;False;False;False;;ok;16988.273991214046;15250.363938027496;15250.363938027496;14383.409760660958;584;14383.409760660958;5277.3296;1737.9100531865497;Evaluated;8.7704;2.43;64;True;2;duplicate_for_same_parent_sequence
91;3;17;;diversification;4;;;;;;;;;;;;;;;;;;;;;End-of-iteration summary row;;;15250.363938027496;14383.409760660958;584;14383.409760660958;5277.3303;;IterationSummary;;;;;;
92;3;18;1;diversification;4;5987bd4883e3;move;;;35;5;;;;;;;;;;True;False;False;True;;ok;17384.33100301275;15250.363938027496;15250.363938027496;14383.409760660958;585;14383.409760660958;5288.8879;2133.967064985254;Evaluated;9.1141;2.4372;64;True;2;duplicate_for_same_parent_sequence
92;3;18;2;diversification;4;5987bd4883e3;reinsert_block;;;;;;;20;25;10;;;;;True;False;False;True;;ok;17876.380162999187;15250.363938027496;15250.363938027496;14383.409760660958;586;14383.409760660958;5296.8794;2626.0162249716905;Evaluated;5.5539;2.435;64;True;1;
92;3;18;3;diversification;4;5987bd4883e3;swap;32;47;;;;;;;;;;;;True;False;False;True;;ok;15407.70502842891;15250.363938027496;15250.363938027496;14383.409760660958;587;14383.409760660958;5308.0644;157.34109040141448;Evaluated;8.9467;2.2352;64;True;2;duplicate_for_same_parent_sequence
92;3;18;4;diversification;4;5987bd4883e3;reinsert_block;;;;;;;50;61;2;;;;;True;False;False;True;;ok;18018.135479448458;15250.363938027496;15250.363938027496;14383.409760660958;588;14383.409760660958;5319.7326;2767.7715414209615;Evaluated;9.0324;2.6332;64;True;2;duplicate_for_same_parent_sequence
92;3;18;5;diversification;4;5987bd4883e3;move;;;30;5;;;;;;;;;;True;False;False;True;;ok;17955.472180210185;15250.363938027496;15250.363938027496;14383.409760660958;589;14383.409760660958;5330.8819;2705.1082421826886;Evaluated;8.7133;2.4331;64;True;2;duplicate_for_same_parent_sequence
92;3;18;6;diversification;4;5987bd4883e3;move;;;25;18;;;;;;;;;;False;True;True;;;ok;;15250.363938027496;15250.363938027496;14383.409760660958;589;14383.409760660958;5343.2183;;DuplicateForSameParentSequenceAfterRetries;12.3358;;;;3;duplicate_for_same_parent_sequence
92;3;18;7;diversification;4;5987bd4883e3;move;;;40;30;;;;;;;;;;True;False;False;True;;ok;17047.893340637034;15250.363938027496;15250.363938027496;14383.409760660958;590;14383.409760660958;5354.2936;1797.529402609538;Evaluated;8.6435;2.4309;64;True;2;duplicate_for_same_parent_sequence
92;3;18;8;diversification;4;5987bd4883e3;move;;;35;20;;;;;;;;;;True;False;False;True;;ok;16962.10167799374;15250.363938027496;15250.363938027496;14383.409760660958;591;14383.409760660958;5365.5412;1711.7377399662455;Evaluated;8.8089;2.4358;64;True;2;duplicate_for_same_parent_sequence
92;3;18;9;diversification;4;5987bd4883e3;move;;;30;40;;;;;;;;;;True;False;False;True;;ok;15408.232289571986;15250.363938027496;15250.363938027496;14383.409760660958;592;14383.409760660958;5376.4903;157.86835154449;Evaluated;8.712;2.2345;64;True;2;duplicate_for_same_parent_sequence
92;3;18;10;diversification;4;5987bd4883e3;move;;;50;35;;;;;;;;;;True;False;False;True;;ok;16969.151069449756;15250.363938027496;15250.363938027496;14383.409760660958;593;14383.409760660958;5384.2561;1718.7871314222593;Evaluated;5.3308;2.432;64;True;1;
92;3;18;;diversification;5;;;;;;;;;;;;;;;;;;;;;End-of-iteration summary row;;;15250.363938027496;14383.409760660958;593;14383.409760660958;5384.2602;;IterationSummary;;;;;;
93;3;19;1;diversification;5;5987bd4883e3;move;;;10;2;;;;;;;;;;True;False;False;False;;ok;18121.241846576417;15250.363938027496;15250.363938027496;14383.409760660958;594;14383.409760660958;5392.7492;2870.8779085489205;Evaluated;5.8439;2.6324;64;True;1;
93;3;19;2;diversification;5;5987bd4883e3;reinsert_block;;;;;;;20;25;10;;;;;False;True;False;;;ok;;15250.363938027496;15250.363938027496;14383.409760660958;594;14383.409760660958;5405.5082;;DuplicateForSameParentSequenceAfterRetries;12.758;;;;3;duplicate_for_same_parent_sequence
93;3;19;3;diversification;5;5987bd4883e3;move;;;35;10;;;;;;;;;;True;False;False;True;;ok;17555.044403163643;15250.363938027496;15250.363938027496;14383.409760660958;595;14383.409760660958;5419.891;2304.680465136147;Evaluated;11.9487;2.4332;64;True;3;duplicate_for_same_parent_sequence
93;3;19;4;diversification;5;5987bd4883e3;move;;;48;60;;;;;;;;;;True;False;False;True;;ok;15467.913616805155;15250.363938027496;15250.363938027496;14383.409760660958;596;14383.409760660958;5430.8399;217.5496787776592;Evaluated;8.7163;2.2305;64;True;2;duplicate_for_same_parent_sequence
93;3;19;5;diversification;5;5987bd4883e3;move;;;15;30;;;;;;;;;;True;False;False;True;;ok;15381.553264306898;15250.363938027496;15250.363938027496;14383.409760660958;597;14383.409760660958;5438.4254;131.18932627940194;Evaluated;5.349;2.234;64;True;1;
93;3;19;6;diversification;5;5987bd4883e3;reinsert_block;;;;;;;45;50;2;;;;;True;False;False;True;;ok;15817.367382371289;15250.363938027496;15250.363938027496;14383.409760660958;598;14383.409760660958;5449.8698;567.0034443437926;Evaluated;9.2108;2.2309;64;True;2;duplicate_for_same_parent_sequence
93;3;19;7;diversification;5;5987bd4883e3;move;;;50;10;;;;;;;;;;True;False;False;True;;ok;16817.11600693353;15250.363938027496;15250.363938027496;14383.409760660958;599;14383.409760660958;5457.4521;1566.7520689060348;Evaluated;5.1454;2.4345;64;True;1;
93;3;19;8;diversification;5;5987bd4883e3;move;;;8;15;;;;;;;;;;True;False;False;False;;ok;17044.900779876072;15250.363938027496;15250.363938027496;14383.409760660958;600;14383.409760660958;5464.8652;1794.536841848576;Evaluated;4.9749;2.4356;64;True;1;
93;3;19;9;diversification;5;5987bd4883e3;move;;;28;17;;;;;;;;;;True;False;False;True;;ok;18473.19991808227;15250.363938027496;15250.363938027496;14383.409760660958;601;14383.409760660958;5479.6838;3222.835980054775;Evaluated;12.1339;2.6823;64;True;3;duplicate_for_same_parent_sequence
93;3;19;10;diversification;5;5987bd4883e3;move;;;45;50;;;;;;;;;;True;False;False;False;;ok;15594.29826084006;15250.363938027496;15250.363938027496;14383.409760660958;602;14383.409760660958;5487.4724;343.93432281256355;Evaluated;5.5543;2.2312;64;True;1;
93;3;19;;diversification;6;;;;;;;;;;;;;;;;;;;;;End-of-iteration summary row;;;15250.363938027496;14383.409760660958;602;14383.409760660958;5487.4755;;IterationSummary;;;;;;
94;3;20;1;diversification;6;5987bd4883e3;move;;;30;10;;;;;;;;;;True;False;False;True;;ok;16390.522189846655;15250.363938027496;15250.363938027496;14383.409760660958;603;14383.409760660958;5502.8109;1140.158251819159;Evaluated;12.883;2.4342;64;True;3;duplicate_for_same_parent_sequence
94;3;20;2;diversification;6;5987bd4883e3;reinsert_block;;;;;;;18;25;40;;;;;True;False;False;True;;ok;16236.277781548733;15250.363938027496;15250.363938027496;14383.409760660958;604;14383.409760660958;5510.7966;985.9138435212371;Evaluated;5.5503;2.4326;64;True;1;
94;3;20;3;diversification;6;5987bd4883e3;swap;35;40;;;;;;;;;;;;False;True;False;;;ok;;15250.363938027496;15250.363938027496;14383.409760660958;604;14383.409760660958;5523.3582;;DuplicateForSameParentSequenceAfterRetries;12.5591;;;;3;duplicate_for_same_parent_sequence
94;3;20;4;diversification;6;5987bd4883e3;move;;;50;2;;;;;;;;;;True;False;False;True;;ok;15896.845111652727;15250.363938027496;15250.363938027496;14383.409760660958;605;14383.409760660958;5530.7955;646.4811736252304;Evaluated;5.204;2.2322;64;True;1;
94;3;20;5;diversification;6;5987bd4883e3;move;;;25;5;;;;;;;;;;True;False;False;True;;ok;18411.53875125446;15250.363938027496;15250.363938027496;14383.409760660958;606;14383.409760660958;5545.7881;3161.174813226962;Evaluated;12.3503;2.6397;64;True;3;duplicate_for_same_parent_sequence
94;3;20;6;diversification;6;5987bd4883e3;move;;;40;25;;;;;;;;;;True;False;False;True;;ok;17039.0633283243;15250.363938027496;15250.363938027496;14383.409760660958;607;14383.409760660958;5553.4545;1788.6993902968043;Evaluated;5.2285;2.4353;64;True;1;
94;3;20;7;diversification;6;5987bd4883e3;move;;;25;18;;;;;;;;;;False;True;True;;;ok;;15250.363938027496;15250.363938027496;14383.409760660958;607;14383.409760660958;5565.5322;;DuplicateForSameParentSequenceAfterRetries;12.0751;;;;3;duplicate_for_same_parent_sequence
94;3;20;8;diversification;6;5987bd4883e3;move;;;15;20;;;;;;;;;;True;False;False;False;;ok;16253.310820229806;15250.363938027496;15250.363938027496;14383.409760660958;608;14383.409760660958;5573.2371;1002.94688220231;Evaluated;5.2726;2.4314;64;True;1;
94;3;20;9;diversification;6;5987bd4883e3;move;;;25;18;;;;;;;;;;False;True;True;;;ok;;15250.363938027496;15250.363938027496;14383.409760660958;608;14383.409760660958;5585.727;;DuplicateForSameParentSequenceAfterRetries;12.487;;;;3;duplicate_for_same_parent_sequence
94;3;20;10;diversification;6;5987bd4883e3;move;;;40;50;;;;;;;;;;True;False;False;True;;ok;15262.991782031;15250.363938027496;15250.363938027496;14383.409760660958;609;14383.409760660958;5593.3687;12.627844003503924;Evaluated;5.4086;2.2321;64;True;1;
94;3;20;;diversification;7;;;;;;;;;;;;;;;;;;;;;End-of-iteration summary row;;;15250.363938027496;14383.409760660958;609;14383.409760660958;5593.3694;;IterationSummary;;;;;;
95;3;21;1;diversification;7;5987bd4883e3;move;;;5;20;;;;;;;;;;True;False;False;True;;ok;17734.34944408492;15250.363938027496;15250.363938027496;14383.409760660958;610;14383.409760660958;5608.5634;2483.9855060574246;Evaluated;12.7508;2.4371;64;True;3;duplicate_for_same_parent_sequence
95;3;21;2;diversification;7;5987bd4883e3;reinsert_block;;;;;;;25;29;45;;;;;True;False;False;True;;ok;17537.514744388372;15250.363938027496;15250.363938027496;14383.409760660958;611;14383.409760660958;5623.9246;2287.1508063608762;Evaluated;12.9221;2.4377;64;True;3;duplicate_for_same_parent_sequence
95;3;21;3;diversification;7;5987bd4883e3;swap;32;47;;;;;;;;;;;;False;True;True;;;ok;;15250.363938027496;15250.363938027496;14383.409760660958;611;14383.409760660958;5636.1271;;DuplicateForSameParentSequenceAfterRetries;12.2;;;;3;duplicate_for_same_parent_sequence
95;3;21;4;diversification;7;5987bd4883e3;reinsert_block;;;;;;;50;52;3;;;;;True;False;False;True;;ok;17322.583491369143;15250.363938027496;15250.363938027496;14383.409760660958;612;14383.409760660958;5647.4913;2072.219553341647;Evaluated;8.9256;2.4376;64;True;2;duplicate_for_same_parent_sequence
95;3;21;5;diversification;7;5987bd4883e3;move;;;10;5;;;;;;;;;;False;True;True;;;ok;;15250.363938027496;15250.363938027496;14383.409760660958;612;14383.409760660958;5659.7378;;DuplicateForSameParentSequenceAfterRetries;12.2438;;;;3;duplicate_for_same_parent_sequence
95;3;21;6;diversification;7;5987bd4883e3;move;;;38;12;;;;;;;;;;True;False;False;True;;ok;17832.92124979621;15250.363938027496;15250.363938027496;14383.409760660958;613;14383.409760660958;5674.7826;2582.5573117687145;Evaluated;12.6121;2.4318;64;True;3;invalid_move
95;3;21;7;diversification;7;5987bd4883e3;move;;;45;30;;;;;;;;;;True;False;False;True;;ok;17592.01415202632;15250.363938027496;15250.363938027496;14383.409760660958;614;14383.409760660958;5682.38;2341.6502139988243;Evaluated;5.1639;2.4326;64;True;1;
95;3;21;8;diversification;7;5987bd4883e3;move;;;25;10;;;;;;;;;;False;True;False;;;ok;;15250.363938027496;15250.363938027496;14383.409760660958;614;14383.409760660958;5694.3213;;DuplicateForSameParentSequenceAfterRetries;11.9382;;;;3;duplicate_for_same_parent_sequence
95;3;21;9;diversification;7;5987bd4883e3;move;;;28;35;;;;;;;;;;True;False;False;False;;ok;16964.72478521552;15250.363938027496;15250.363938027496;14383.409760660958;615;14383.409760660958;5701.9861;1714.3608471880234;Evaluated;5.2302;2.4337;64;True;1;
95;3;21;10;diversification;7;5987bd4883e3;move;;;48;3;;;;;;;;;;True;False;False;True;;ok;17124.779422300282;15250.363938027496;15250.363938027496;14383.409760660958;616;14383.409760660958;5713.0984;1874.4154842727858;Evaluated;8.6764;2.4328;64;True;2;duplicate_for_same_parent_sequence
95;3;21;;diversification;8;;;;;;;;;;;;;;;;;;;;;End-of-iteration summary row;;;15250.363938027496;14383.409760660958;616;14383.409760660958;5713.1015;;IterationSummary;;;;;;
96;3;22;1;diversification;8;5987bd4883e3;move;;;30;45;;;;;;;;;;False;True;True;;;ok;;15250.363938027496;15250.363938027496;14383.409760660958;616;14383.409760660958;5725.5288;;DuplicateForSameParentSequenceAfterRetries;12.4176;;;;3;duplicate_for_same_parent_sequence
96;3;22;2;diversification;8;5987bd4883e3;reinsert_block;;;;;;;25;30;16;;;;;True;False;False;True;;ok;16914.936511942637;15250.363938027496;15250.363938027496;14383.409760660958;617;14383.409760660958;5733.3031;1664.5725739151403;Evaluated;5.3353;2.438;64;True;1;
96;3;22;3;diversification;8;5987bd4883e3;swap;32;47;;;;;;;;;;;;False;True;True;;;ok;;15250.363938027496;15250.363938027496;14383.409760660958;617;14383.409760660958;5745.935;;DuplicateForSameParentSequenceAfterRetries;12.629;;;;3;duplicate_for_same_parent_sequence
96;3;22;4;diversification;8;5987bd4883e3;move;;;50;3;;;;;;;;;;True;False;False;True;;ok;17420.898072568998;15250.363938027496;15250.363938027496;14383.409760660958;618;14383.409760660958;5753.7593;2170.5341345415018;Evaluated;5.393;2.4304;64;True;1;
96;3;22;5;diversification;8;5987bd4883e3;swap;8;14;;;;;;;;;;;;True;False;False;False;;ok;17046.50680345714;15250.363938027496;15250.363938027496;14383.409760660958;619;14383.409760660958;5764.911;1796.142865429645;Evaluated;8.7155;2.4338;64;True;2;duplicate_for_same_parent_sequence
96;3;22;6;diversification;8;5987bd4883e3;move;;;20;35;;;;;;;;;;True;False;False;True;;ok;17019.808318075564;15250.363938027496;15250.363938027496;14383.409760660958;620;14383.409760660958;5772.7072;1769.4443800480676;Evaluated;5.3657;2.4294;64;True;1;
96;3;22;7;diversification;8;5987bd4883e3;move;;;15;25;;;;;;;;;;True;False;False;True;;ok;15263.239345441638;15250.363938027496;15250.363938027496;14383.409760660958;621;14383.409760660958;5783.5444;12.875407414141591;Evaluated;8.5967;2.2366;64;True;2;duplicate_for_same_parent_sequence
96;3;22;8;diversification;8;5987bd4883e3;move;;;20;10;;;;;;;;;;True;False;False;True;;ok;17495.594083830314;15250.363938027496;15250.363938027496;14383.409760660958;622;14383.409760660958;5794.7913;2245.230145802818;Evaluated;8.8054;2.4392;64;True;2;duplicate_for_same_parent_sequence
96;3;22;9;diversification;8;5987bd4883e3;move;;;40;5;;;;;;;;;;True;False;False;True;;ok;15568.736407257873;15250.363938027496;15250.363938027496;14383.409760660958;623;14383.409760660958;5809.0633;318.37246923037674;Evaluated;12.0328;2.2363;64;True;3;duplicate_for_same_parent_sequence
96;3;22;10;diversification;8;5987bd4883e3;move;;;51;3;;;;;;;;;;True;False;False;True;;ok;17165.60522352488;15250.363938027496;15250.363938027496;14383.409760660958;624;14383.409760660958;5820.232;1915.2412854973827;Evaluated;8.7354;2.4303;64;True;2;duplicate_for_same_parent_sequence
96;3;22;;diversification;9;;;;;;;;;;;;;;;;;;;;;End-of-iteration summary row;;;15250.363938027496;14383.409760660958;624;14383.409760660958;5820.2349;;IterationSummary;;;;;;
97;3;23;1;diversification;9;5987bd4883e3;move;;;3;18;;;;;;;;;;True;False;False;True;;ok;17410.421381249413;15250.363938027496;15250.363938027496;14383.409760660958;625;14383.409760660958;5832.0597;2160.0574432219164;Evaluated;9.3815;2.4346;64;True;2;duplicate_for_same_parent_sequence
97;3;23;2;diversification;9;5987bd4883e3;reinsert_block;;;;;;;18;23;5;;;;;True;False;False;True;;ok;17663.588995634054;15250.363938027496;15250.363938027496;14383.409760660958;626;14383.409760660958;5840.019;2413.225057606558;Evaluated;5.5204;2.4354;64;True;1;
97;3;23;3;diversification;9;5987bd4883e3;swap;34;42;;;;;;;;;;;;True;False;False;False;;ok;15250.363938027496;15250.363938027496;15250.363938027496;14383.409760660958;627;14383.409760660958;5854.3112;0.0;Evaluated;12.0557;2.234;64;True;3;duplicate_for_same_parent_sequence
97;3;23;4;diversification;9;5987bd4883e3;move;;;51;20;;;;;;;;;;True;False;False;True;;ok;16548.41078022733;15250.363938027496;15250.363938027496;14383.409760660958;628;14383.409760660958;5865.4608;1298.046842199832;Evaluated;8.7114;2.435;64;True;2;duplicate_for_same_parent_sequence
97;3;23;5;diversification;9;5987bd4883e3;move;;;40;10;;;;;;;;;;True;False;False;True;;ok;17080.691110126645;15250.363938027496;15250.363938027496;14383.409760660958;629;14383.409760660958;5876.6632;1830.3271720991488;Evaluated;8.7679;2.4319;64;True;2;duplicate_for_same_parent_sequence
97;3;23;6;diversification;9;5987bd4883e3;move;;;28;15;;;;;;;;;;True;False;False;True;;ok;18549.725996807236;15250.363938027496;15250.363938027496;14383.409760660958;630;14383.409760660958;5887.9204;3299.3620587797395;Evaluated;8.6181;2.6366;64;True;2;duplicate_for_same_parent_sequence
97;3;23;7;diversification;9;5987bd4883e3;swap;30;45;;;;;;;;;;;;True;False;False;True;;ok;17102.448022843033;15250.363938027496;15250.363938027496;14383.409760660958;631;14383.409760660958;5899.2851;1852.0840848155367;Evaluated;8.9308;2.4317;64;True;2;duplicate_for_same_parent_sequence
97;3;23;8;diversification;9;5987bd4883e3;move;;;8;16;;;;;;;;;;True;False;False;False;;ok;17044.900779876072;15250.363938027496;15250.363938027496;14383.409760660958;632;14383.409760660958;5906.6774;1794.536841848576;Evaluated;4.9613;2.4303;64;True;1;
97;3;23;9;diversification;9;5987bd4883e3;move;;;24;10;;;;;;;;;;True;False;False;True;;ok;18019.747115739472;15250.363938027496;15250.363938027496;14383.409760660958;633;14383.409760660958;5917.7038;2769.383177711976;Evaluated;8.5859;2.4398;64;True;2;duplicate_for_same_parent_sequence
97;3;23;10;diversification;9;5987bd4883e3;swap;43;47;;;;;;;;;;;;True;False;False;False;;ok;15954.136767323615;15250.363938027496;15250.363938027496;14383.409760660958;634;14383.409760660958;5932.091;703.7728292961183;Evaluated;12.1548;2.2297;64;True;3;duplicate_for_same_parent_sequence
97;4;0;;diversification;0;;;;;;;;;;;;;;;;;;;;;End-of-iteration summary row;;;16630.57522948563;14383.409760660958;635;14383.409760660958;5934.5498;;IterationSummary;;;;;;
98;4;1;1;normal;0;0f63cf6f404e;move;;;5;12;;;;;;;;;;True;False;False;False;;ok;17629.251419070504;16630.57522948563;16630.57522948563;14383.409760660958;636;14383.409760660958;5942.3747;998.6761895848758;Evaluated;5.3859;2.433;64;True;1;
98;4;1;2;normal;0;0f63cf6f404e;swap;20;25;;;;;;;;;;;;True;False;False;False;;ok;17127.159046974382;16630.57522948563;16630.57522948563;14383.409760660958;637;14383.409760660958;5949.9661;496.583817488754;Evaluated;5.1485;2.4402;64;True;1;
98;4;1;3;normal;0;0f63cf6f404e;reinsert_block;;;;;;;35;40;28;;;;;True;False;False;False;;ok;16828.62227351849;16630.57522948563;16630.57522948563;14383.409760660958;638;14383.409760660958;5957.6459;198.04704403286087;Evaluated;5.2406;2.436;64;True;1;
98;4;1;4;normal;0;0f63cf6f404e;move;;;50;40;;;;;;;;;;True;False;False;True;;ok;16534.003624488993;16630.57522948563;16630.57522948563;14383.409760660958;639;14383.409760660958;5964.9378;-96.57160499663587;Evaluated;4.8557;2.4332;64;True;1;
98;4;1;5;normal;0;0f63cf6f404e;move;;;25;30;;;;;;;;;;True;False;False;False;;ok;17077.26964954949;16630.57522948563;16630.57522948563;14383.409760660958;640;14383.409760660958;5972.3591;446.6944200638609;Evaluated;4.9798;2.4403;64;True;1;
98;4;1;;normal;0;;;;;;;;;;;;;;;;;;;;;End-of-iteration summary row;;;16534.003624488993;14383.409760660958;640;14383.409760660958;5972.3788;;IterationSummary;;;;;;
99;4;2;1;normal;0;d0fb3f504f79;move;;;5;12;;;;;;;;;;True;False;False;False;;ok;17520.133533703694;16534.003624488993;16534.003624488993;14383.409760660958;641;14383.409760660958;5980.2372;986.1299092147019;Evaluated;5.4156;2.4371;64;True;1;
99;4;2;2;normal;0;d0fb3f504f79;swap;18;20;;;;;;;;;;;;True;False;False;False;;ok;17296.535846835424;16534.003624488993;16534.003624488993;14383.409760660958;642;14383.409760660958;5987.8146;762.5322223464318;Evaluated;5.1407;2.4339;64;True;1;
99;4;2;3;normal;0;d0fb3f504f79;reinsert_block;;;;;;;35;40;28;;;;;True;False;False;False;;ok;16903.067640017525;16534.003624488993;16534.003624488993;14383.409760660958;643;14383.409760660958;5995.7452;369.06401552853276;Evaluated;5.4971;2.4305;64;True;1;
99;4;2;4;normal;0;d0fb3f504f79;move;;;50;48;;;;;;;;;;True;False;False;False;;ok;16529.97714549915;16534.003624488993;16534.003624488993;14383.409760660958;644;14383.409760660958;6003.4007;-4.026478989842872;Evaluated;5.2175;2.4355;64;True;1;
99;4;2;5;normal;0;d0fb3f504f79;move;;;50;35;;;;;;;;;;True;False;False;True;;ok;16073.937497122475;16534.003624488993;16534.003624488993;14383.409760660958;645;14383.409760660958;6010.7936;-460.0661273665173;Evaluated;5.1535;2.2365;64;True;1;
99;4;2;;normal;0;;;;;;;;;;;;;;;;;;;;;End-of-iteration summary row;;;16073.937497122475;14383.409760660958;645;14383.409760660958;6010.8132;;IterationSummary;;;;;;
100;4;3;1;normal;0;9ff466da577f;move;;;5;12;;;;;;;;;;True;False;False;False;;ok;17056.159496632;16073.937497122475;16073.937497122475;14383.409760660958;646;14383.409760660958;6018.6928;982.2219995095256;Evaluated;5.4358;2.4387;64;True;1;
100;4;3;2;normal;0;9ff466da577f;swap;16;20;;;;;;;;;;;;True;False;False;False;;ok;17265.975839386967;16073.937497122475;16073.937497122475;14383.409760660958;647;14383.409760660958;6026.4325;1192.0383422644918;Evaluated;5.2992;2.4374;64;True;1;
100;4;3;3;normal;0;9ff466da577f;reinsert_block;;;;;;;35;40;28;;;;;True;False;False;False;;ok;16388.015132722674;16073.937497122475;16073.937497122475;14383.409760660958;648;14383.409760660958;6034.3162;314.07763560019885;Evaluated;5.4483;2.4324;64;True;1;
100;4;3;4;normal;0;9ff466da577f;move;;;50;28;;;;;;;;;;True;False;False;True;;ok;16527.68694170411;16073.937497122475;16073.937497122475;14383.409760660958;649;14383.409760660958;6041.9405;453.7494445816337;Evaluated;5.1865;2.4352;64;True;1;
100;4;3;5;normal;0;9ff466da577f;move;;;50;35;;;;;;;;;;True;False;False;True;;ok;16196.364047521887;16073.937497122475;16073.937497122475;14383.409760660958;650;14383.409760660958;6049.5158;122.42655039941201;Evaluated;5.1423;2.4303;64;True;1;
100;4;3;;normal;1;;;;;;;;;;;;;;;;;;;;;End-of-iteration summary row;;;16073.937497122475;14383.409760660958;650;14383.409760660958;6049.5186;;IterationSummary;;;;;;
100;4;3;;;1;;;;;;;;;;;;;;;;;;;;;PartA | PartC | PartF | PartD | PartE | PartA | PartC | PartB | PartH | PartD | PartE | PartF | PartG | PartG | PartH | PartA | PartB | PartC | PartD | PartE | PartF | PartG | PartH | PartA | PartB | PartC | PartD | PartE | PartF | PartG | PartB | PartH | PartA | PartB | PartC | PartD | PartE | PartF | PartG | PartA | PartB | PartH | PartC | PartD | PartE | PartF | PartG | PartH | PartB | PartF | PartG | PartD | PartB | PartC | PartA | PartE | PartG | PartH | PartA | PartC | PartD | PartE | PartF | PartH;;;16073.937497122475;14383.409760660958;650;14383.409760660958;6049.5252;;FinalGlobalBestSequence;;;;;;
