iteration;restart_id;iteration_in_restart;candidate_in_iteration;search_mode;no_improvement_count_before_iteration;parent_sequence_signature;action;swap_i;swap_j;move_from;move_to;reverse_start;reverse_end;reinsert_block_start;reinsert_block_end;reinsert_block_to;swap_blocks_start1;swap_blocks_end1;swap_blocks_start2;swap_blocks_end2;valid;duplicate_for_same_parent_sequence;recently_rejected_for_same_parent_sequence;diversification_compatible;parse_error;validation_message;resulting_makespan;best_makespan_before;best_makespan_after;global_best_makespan_after;completed_simulations;actual_global_best_makespan;elapsed_optimization_time_sec;delta_vs_best_before;status;llm_time_sec;simulation_time_sec;exited_parts;completion_valid;llm_attempts;retry_reason
1;1;1;1;normal;0;0f63cf6f404e;move;;;12;3;;;;;;;;;;True;False;False;False;;ok;18045.167909780535;16630.57522948563;16630.57522948563;16630.57522948563;2;16630.57522948563;17.4647;1414.592680294907;Evaluated;15.018;2.4379;64;True;1;
1;1;1;2;normal;0;0f63cf6f404e;swap;18;20;;;;;;;;;;;;True;False;False;False;;ok;17396.195909480055;16630.57522948563;16630.57522948563;16630.57522948563;3;16630.57522948563;24.727;765.6206799944266;Evaluated;4.8337;2.4256;64;True;1;
1;1;1;3;normal;0;0f63cf6f404e;reinsert_block;;;;;;;32;40;16;;;;;True;False;False;True;;ok;16292.549924556863;16630.57522948563;16630.57522948563;16630.57522948563;4;16630.57522948563;32.2146;-338.02530492876576;Evaluated;5.0498;2.435;64;True;1;
1;1;1;4;normal;0;0f63cf6f404e;move;;;50;49;;;;;;;;;;True;False;False;False;;ok;16173.884877771556;16630.57522948563;16630.57522948563;16630.57522948563;5;16630.57522948563;39.485;-456.6903517140727;Evaluated;4.8409;2.427;64;True;1;
1;1;1;5;normal;0;0f63cf6f404e;move;;;2;4;;;;;;;;;;True;False;False;False;;ok;18506.244707833805;16630.57522948563;16630.57522948563;16630.57522948563;6;16630.57522948563;46.7853;1875.6694783481762;Evaluated;4.6707;2.6268;64;True;1;
1;1;1;;normal;0;;;;;;;;;;;;;;;;;;;;;End-of-iteration summary row;;;16173.884877771556;16173.884877771556;6;16173.884877771556;46.7921;;IterationSummary;;;;;;
2;1;2;1;normal;0;04f0b4e57a49;move;;;10;5;;;;;;;;;;True;False;False;False;;ok;15625.01498102131;16173.884877771556;16173.884877771556;16173.884877771556;7;16173.884877771556;54.5147;-548.869896750246;Evaluated;5.4913;2.2228;64;True;1;
2;1;2;2;normal;0;04f0b4e57a49;swap;17;25;;;;;;;;;;;;True;False;False;False;;ok;16173.884877771556;16173.884877771556;16173.884877771556;16173.884877771556;8;16173.884877771556;62.1557;0.0;Evaluated;5.2113;2.4267;64;True;1;
2;1;2;3;normal;0;04f0b4e57a49;reinsert_block;;;;;;;35;40;20;;;;;True;False;False;True;;ok;16892.365939336156;16173.884877771556;16173.884877771556;16173.884877771556;9;16173.884877771556;70.0649;718.4810615646002;Evaluated;5.4825;2.4259;64;True;1;
2;1;2;4;normal;0;04f0b4e57a49;move;;;51;48;;;;;;;;;;True;False;False;False;;ok;16616.5433177999;16173.884877771556;16173.884877771556;16173.884877771556;10;16173.884877771556;77.5906;442.65844002834456;Evaluated;5.0957;2.4264;64;True;1;
2;1;2;5;normal;0;04f0b4e57a49;move;;;25;10;;;;;;;;;;True;False;False;True;;ok;16756.8687252702;16173.884877771556;16173.884877771556;16173.884877771556;11;16173.884877771556;85.1373;582.9838474986445;Evaluated;5.1144;2.4296;64;True;1;
2;1;2;;normal;0;;;;;;;;;;;;;;;;;;;;;End-of-iteration summary row;;;15625.01498102131;15625.01498102131;11;15625.01498102131;85.1481;;IterationSummary;;;;;;
3;1;3;1;normal;0;86ce0f8c8dd1;move;;;10;5;;;;;;;;;;True;False;False;False;;ok;17745.69927294758;15625.01498102131;15625.01498102131;15625.01498102131;12;15625.01498102131;94.3141;2120.684291926269;Evaluated;6.733;2.425;64;True;1;
3;1;3;2;normal;0;86ce0f8c8dd1;swap;18;20;;;;;;;;;;;;True;False;False;False;;ok;16824.174878087833;15625.01498102131;15625.01498102131;15625.01498102131;13;15625.01498102131;101.8835;1199.1598970665236;Evaluated;5.1439;2.425;64;True;1;
3;1;3;3;normal;0;86ce0f8c8dd1;reinsert_block;;;;;;;35;40;25;;;;;True;False;False;True;;ok;15982.308982415176;15625.01498102131;15625.01498102131;15625.01498102131;14;15625.01498102131;109.7553;357.294001393866;Evaluated;5.6429;2.2282;64;True;1;
3;1;3;4;normal;0;86ce0f8c8dd1;move;;;50;49;;;;;;;;;;True;False;False;False;;ok;15621.654598931518;15625.01498102131;15625.01498102131;15625.01498102131;15;15625.01498102131;117.1344;-3.3603820897915284;Evaluated;5.1519;2.2244;64;True;1;
3;1;3;5;normal;0;86ce0f8c8dd1;move;;;25;10;;;;;;;;;;True;False;False;True;;ok;17277.085029270194;15625.01498102131;15625.01498102131;15625.01498102131;16;15625.01498102131;124.7158;1652.0700482488846;Evaluated;5.1517;2.4268;64;True;1;
3;1;3;;normal;0;;;;;;;;;;;;;;;;;;;;;End-of-iteration summary row;;;15621.654598931518;15621.654598931518;16;15621.654598931518;124.7226;;IterationSummary;;;;;;
4;1;4;1;normal;0;457c4bc75f95;move;;;10;5;;;;;;;;;;True;False;False;False;;ok;18199.88513772502;15621.654598931518;15621.654598931518;15621.654598931518;17;15621.654598931518;132.79;2578.230538793503;Evaluated;5.4297;2.628;64;True;1;
4;1;4;2;normal;0;457c4bc75f95;swap;17;25;;;;;;;;;;;;True;False;False;False;;ok;15621.654598931518;15621.654598931518;15621.654598931518;15621.654598931518;18;15621.654598931518;139.9976;0.0;Evaluated;4.9743;2.23;64;True;1;
4;1;4;3;normal;0;457c4bc75f95;reinsert_block;;;;;;;35;40;28;;;;;True;False;False;False;;ok;16717.122090524463;15621.654598931518;15621.654598931518;15621.654598931518;19;15621.654598931518;147.8845;1095.4674915929445;Evaluated;5.4625;2.4238;64;True;1;
4;1;4;4;normal;0;457c4bc75f95;move;;;50;48;;;;;;;;;;True;False;False;False;;ok;15635.256948119119;15621.654598931518;15621.654598931518;15621.654598931518;20;15621.654598931518;156.3304;13.602349187600339;Evaluated;6.2203;2.2229;64;True;1;
4;1;4;5;normal;0;457c4bc75f95;move;;;25;10;;;;;;;;;;True;False;False;True;;ok;17734.824505912027;15621.654598931518;15621.654598931518;15621.654598931518;21;15621.654598931518;163.91;2113.169906980509;Evaluated;5.153;2.426;64;True;1;
4;1;4;;normal;1;;;;;;;;;;;;;;;;;;;;;End-of-iteration summary row;;;15621.654598931518;15621.654598931518;21;15621.654598931518;163.9131;;IterationSummary;;;;;;
5;1;5;1;normal;1;457c4bc75f95;move;;;5;2;;;;;;;;;;True;False;False;False;;ok;18258.64463936586;15621.654598931518;15621.654598931518;15621.654598931518;22;15621.654598931518;172.1007;2636.9900404343407;Evaluated;5.5529;2.6256;64;True;1;
5;1;5;2;normal;1;457c4bc75f95;swap;18;20;;;;;;;;;;;;True;False;False;False;;ok;17278.4990275769;15621.654598931518;15621.654598931518;15621.654598931518;23;15621.654598931518;179.7448;1656.8444286453832;Evaluated;5.2145;2.4276;64;True;1;
5;1;5;3;normal;1;457c4bc75f95;reinsert_block;;;;;;;34;38;29;;;;;True;False;False;False;;ok;16449.682668221023;15621.654598931518;15621.654598931518;15621.654598931518;24;15621.654598931518;187.6539;828.0280692895049;Evaluated;5.4843;2.4224;64;True;1;
5;1;5;4;normal;1;457c4bc75f95;move;;;48;50;;;;;;;;;;True;False;False;False;;ok;15624.772278893719;15621.654598931518;15621.654598931518;15621.654598931518;25;15621.654598931518;194.9216;3.117679962200782;Evaluated;5.0434;2.2236;64;True;1;
5;1;5;5;normal;1;457c4bc75f95;move;;;50;47;;;;;;;;;;True;False;False;False;;ok;15626.130230567811;15621.654598931518;15621.654598931518;15621.654598931518;26;15621.654598931518;202.3197;4.475631636292746;Evaluated;5.1684;2.2271;64;True;1;
5;1;5;;normal;2;;;;;;;;;;;;;;;;;;;;;End-of-iteration summary row;;;15621.654598931518;15621.654598931518;26;15621.654598931518;202.321;;IterationSummary;;;;;;
6;1;6;1;normal;2;457c4bc75f95;move;;;7;3;;;;;;;;;;True;False;False;False;;ok;17908.98146210957;15621.654598931518;15621.654598931518;15621.654598931518;27;15621.654598931518;210.3331;2287.32686317805;Evaluated;5.5803;2.422;64;True;1;
6;1;6;2;normal;2;457c4bc75f95;swap;18;30;;;;;;;;;;;;True;False;False;True;;ok;17601.078601541434;15621.654598931518;15621.654598931518;15621.654598931518;28;15621.654598931518;221.157;1979.424002609916;Evaluated;8.3907;2.4308;64;True;2;duplicate_for_same_parent_sequence
6;1;6;3;normal;2;457c4bc75f95;move;;;19;6;;;;;;;;;;True;False;False;True;;ok;17783.739583696904;15621.654598931518;15621.654598931518;15621.654598931518;29;15621.654598931518;232.5509;2162.0849847653863;Evaluated;8.9562;2.4347;64;True;2;duplicate_for_same_parent_sequence
6;1;6;4;normal;2;457c4bc75f95;move;;;52;49;;;;;;;;;;True;False;False;False;;ok;15409.25650504325;15621.654598931518;15621.654598931518;15621.654598931518;30;15621.654598931518;243.5701;-212.3980938882687;Evaluated;8.7853;2.2312;64;True;2;duplicate_for_same_parent_sequence
6;1;6;5;normal;2;457c4bc75f95;move;;;30;15;;;;;;;;;;True;False;False;True;;ok;18529.284784589985;15621.654598931518;15621.654598931518;15621.654598931518;31;15621.654598931518;254.962;2907.630185658467;Evaluated;8.7659;2.6252;64;True;2;duplicate_for_same_parent_sequence
6;1;6;;normal;0;;;;;;;;;;;;;;;;;;;;;End-of-iteration summary row;;;15409.25650504325;15409.25650504325;31;15409.25650504325;254.9786;;IterationSummary;;;;;;
7;1;7;1;normal;0;5981c766b515;move;;;7;3;;;;;;;;;;True;False;False;False;;ok;17877.141285875816;15409.25650504325;15409.25650504325;15409.25650504325;32;15409.25650504325;262.7278;2467.8847808325663;Evaluated;5.322;2.422;64;True;1;
7;1;7;2;normal;0;5981c766b515;swap;18;20;;;;;;;;;;;;True;False;False;False;;ok;17246.943094448558;15409.25650504325;15409.25650504325;15409.25650504325;33;15409.25650504325;270.4713;1837.686589405308;Evaluated;5.3091;2.4319;64;True;1;
7;1;7;3;normal;0;5981c766b515;reinsert_block;;;;;;;32;37;16;;;;;True;False;False;True;;ok;17080.75585413319;15409.25650504325;15409.25650504325;15409.25650504325;34;15409.25650504325;278.4335;1671.4993490899396;Evaluated;5.5311;2.4292;64;True;1;
7;1;7;4;normal;0;5981c766b515;move;;;52;48;;;;;;;;;;True;False;False;False;;ok;15528.24534178117;15409.25650504325;15409.25650504325;15409.25650504325;35;15409.25650504325;285.8649;118.98883673792079;Evaluated;5.2024;2.2261;64;True;1;
7;1;7;5;normal;0;5981c766b515;move;;;52;47;;;;;;;;;;True;False;False;False;;ok;15528.196312634962;15409.25650504325;15409.25650504325;15409.25650504325;36;15409.25650504325;293.2696;118.93980759171245;Evaluated;5.1793;2.2226;64;True;1;
7;1;7;;normal;1;;;;;;;;;;;;;;;;;;;;;End-of-iteration summary row;;;15409.25650504325;15409.25650504325;36;15409.25650504325;293.2729;;IterationSummary;;;;;;
8;1;8;1;normal;1;5981c766b515;move;;;10;5;;;;;;;;;;True;False;False;False;;ok;18167.986431197474;15409.25650504325;15409.25650504325;15409.25650504325;37;15409.25650504325;304.6757;2758.729926154225;Evaluated;8.7613;2.6258;64;True;2;duplicate_for_same_parent_sequence
8;1;8;2;normal;1;5981c766b515;swap;17;25;;;;;;;;;;;;True;False;False;False;;ok;15409.25650504325;15409.25650504325;15409.25650504325;15409.25650504325;38;15409.25650504325;312.1233;0.0;Evaluated;5.2093;2.2351;64;True;1;
8;1;8;3;normal;1;5981c766b515;reinsert_block;;;;;;;35;41;20;;;;;True;False;False;True;;ok;16911.638438680588;15409.25650504325;15409.25650504325;15409.25650504325;39;15409.25650504325;320.0368;1502.381933637338;Evaluated;5.4789;2.4315;64;True;1;
8;1;8;4;normal;1;5981c766b515;move;;;50;46;;;;;;;;;;True;False;False;False;;ok;15580.826585332894;15409.25650504325;15409.25650504325;15409.25650504325;40;15409.25650504325;327.5196;171.57008028964447;Evaluated;5.2545;2.2275;64;True;1;
8;1;8;5;normal;1;5981c766b515;move;;;52;49;;;;;;;;;;True;False;False;False;;ok;15529.23471503966;15409.25650504325;15409.25650504325;15409.25650504325;41;15409.25650504325;334.8991;119.97820999641044;Evaluated;5.1499;2.2272;64;True;1;
8;1;8;;normal;2;;;;;;;;;;;;;;;;;;;;;End-of-iteration summary row;;;15409.25650504325;15409.25650504325;41;15409.25650504325;334.9018;;IterationSummary;;;;;;
9;1;9;1;normal;2;5981c766b515;move;;;3;7;;;;;;;;;;True;False;False;False;;ok;18087.7989891215;15409.25650504325;15409.25650504325;15409.25650504325;42;15409.25650504325;343.0997;2678.5424840782507;Evaluated;5.559;2.6235;64;True;1;
9;1;9;2;normal;2;5981c766b515;move;;;35;19;;;;;;;;;;True;False;False;True;;ok;17313.35554884436;15409.25650504325;15409.25650504325;15409.25650504325;43;15409.25650504325;354.3357;1904.0990438011104;Evaluated;8.8093;2.4253;64;True;2;duplicate_for_same_parent_sequence
9;1;9;3;normal;2;5981c766b515;move;;;40;35;;;;;;;;;;True;False;False;False;;ok;15405.892078205612;15409.25650504325;15409.25650504325;15409.25650504325;44;15409.25650504325;365.4425;-3.3644268376374384;Evaluated;8.8767;2.2275;64;True;2;duplicate_for_same_parent_sequence
9;1;9;4;normal;2;5981c766b515;move;;;48;52;;;;;;;;;;True;False;False;False;;ok;15669.853430336683;15409.25650504325;15409.25650504325;15409.25650504325;45;15409.25650504325;379.9226;260.59692529343374;Evaluated;12.2469;2.2306;64;True;3;duplicate_for_same_parent_sequence
9;1;9;5;normal;2;5981c766b515;swap;3;4;;;;;;;;;;;;True;False;False;False;;ok;17666.27503945823;15409.25650504325;15409.25650504325;15409.25650504325;46;15409.25650504325;390.6181;2257.0185344149795;Evaluated;8.2656;2.4292;64;True;2;duplicate_for_same_parent_sequence
9;1;9;;normal;0;;;;;;;;;;;;;;;;;;;;;End-of-iteration summary row;;;15405.892078205612;15405.892078205612;46;15405.892078205612;390.6376;;IterationSummary;;;;;;
10;1;10;1;normal;0;c68e1097e8c9;move;;;10;5;;;;;;;;;;True;False;False;False;;ok;17706.33319490648;15405.892078205612;15405.892078205612;15405.892078205612;47;15405.892078205612;399.3426;2300.4411167008693;Evaluated;6.2681;2.4312;64;True;1;
10;1;10;2;normal;0;c68e1097e8c9;swap;18;25;;;;;;;;;;;;True;False;False;False;;ok;16852.806898778734;15405.892078205612;15405.892078205612;15405.892078205612;48;15405.892078205612;406.9289;1446.9148205731217;Evaluated;5.1609;2.4246;64;True;1;
10;1;10;3;normal;0;c68e1097e8c9;reinsert_block;;;;;;;35;41;20;;;;;True;False;False;True;;ok;16709.365729244077;15405.892078205612;15405.892078205612;15405.892078205612;49;15405.892078205612;414.7974;1303.4736510384646;Evaluated;5.435;2.4296;64;True;1;
10;1;10;4;normal;0;c68e1097e8c9;move;;;48;50;;;;;;;;;;True;False;False;False;;ok;15696.777207707453;15405.892078205612;15405.892078205612;15405.892078205612;50;15405.892078205612;422.2595;290.8851295018412;Evaluated;5.2321;2.2274;64;True;1;
10;1;10;5;normal;0;c68e1097e8c9;move;;;15;20;;;;;;;;;;True;False;False;False;;ok;15406.642544566217;15405.892078205612;15405.892078205612;15405.892078205612;51;15405.892078205612;429.631;0.7504663606050599;Evaluated;5.1385;2.2294;64;True;1;
10;1;10;;normal;1;;;;;;;;;;;;;;;;;;;;;End-of-iteration summary row;;;15405.892078205612;15405.892078205612;51;15405.892078205612;429.6342;;IterationSummary;;;;;;
11;1;11;1;normal;1;c68e1097e8c9;move;;;5;10;;;;;;;;;;True;False;False;False;;ok;16130.218091165701;15405.892078205612;15405.892078205612;15405.892078205612;52;15405.892078205612;437.7655;724.3260129600894;Evaluated;5.6905;2.4246;64;True;1;
11;1;11;2;normal;1;c68e1097e8c9;swap;17;25;;;;;;;;;;;;True;False;False;False;;ok;15405.892078205612;15405.892078205612;15405.892078205612;15405.892078205612;53;15405.892078205612;445.2369;0.0;Evaluated;5.2505;2.2202;64;True;1;
11;1;11;3;normal;1;c68e1097e8c9;move;;;36;25;;;;;;;;;;True;False;False;True;;ok;17015.255463557216;15405.892078205612;15405.892078205612;15405.892078205612;54;15405.892078205612;456.4531;1609.363385351604;Evaluated;8.7931;2.4225;64;True;2;duplicate_for_same_parent_sequence
11;1;11;4;normal;1;c68e1097e8c9;move;;;52;47;;;;;;;;;;True;False;False;False;;ok;15528.06749143347;15405.892078205612;15405.892078205612;15405.892078205612;55;15405.892078205612;463.6762;122.17541322785837;Evaluated;4.9983;2.2241;64;True;1;
11;1;11;5;normal;1;c68e1097e8c9;move;;;15;25;;;;;;;;;;True;False;False;True;;ok;15488.083369519776;15405.892078205612;15405.892078205612;15405.892078205612;56;15405.892078205612;471.0584;82.19129131416412;Evaluated;5.1507;2.2308;64;True;1;
11;1;11;;normal;2;;;;;;;;;;;;;;;;;;;;;End-of-iteration summary row;;;15405.892078205612;15405.892078205612;56;15405.892078205612;471.059;;IterationSummary;;;;;;
12;1;12;1;normal;2;c68e1097e8c9;move;;;8;3;;;;;;;;;;True;False;False;False;;ok;17413.8937657236;15405.892078205612;15405.892078205612;15405.892078205612;57;15405.892078205612;482.3654;2008.0016875179863;Evaluated;8.8734;2.4255;64;True;2;duplicate_for_same_parent_sequence
12;1;12;2;normal;2;c68e1097e8c9;move;;;30;20;;;;;;;;;;True;False;False;True;;ok;16662.270597674607;15405.892078205612;15405.892078205612;15405.892078205612;58;15405.892078205612;493.4784;1256.3785194689954;Evaluated;8.6901;2.4223;64;True;2;duplicate_for_same_parent_sequence
12;1;12;3;normal;2;c68e1097e8c9;move;;;28;36;;;;;;;;;;True;False;False;False;;ok;16529.1398469754;15405.892078205612;15405.892078205612;15405.892078205612;59;15405.892078205612;505.2338;1123.2477687697865;Evaluated;9.3291;2.4254;64;True;2;duplicate_for_same_parent_sequence
12;1;12;4;normal;2;c68e1097e8c9;move;;;50;48;;;;;;;;;;True;False;False;False;;ok;15539.815901695709;15405.892078205612;15405.892078205612;15405.892078205612;60;15405.892078205612;512.6504;133.92382349009677;Evaluated;5.1949;2.2211;64;True;1;
12;1;12;5;normal;2;c68e1097e8c9;move;;;25;10;;;;;;;;;;True;False;False;True;;ok;17243.594037268194;15405.892078205612;15405.892078205612;15405.892078205612;61;15405.892078205612;520.2156;1837.7019590625823;Evaluated;5.1353;2.4292;64;True;1;
12;1;12;;normal;3;;;;;;;;;;;;;;;;;;;;;End-of-iteration summary row;;;15405.892078205612;15405.892078205612;61;15405.892078205612;520.2162;;IterationSummary;;;;;;
13;1;13;1;diversification;3;c68e1097e8c9;move;;;3;8;;;;;;;;;;True;False;False;False;;ok;17622.76559678342;15405.892078205612;15405.892078205612;15405.892078205612;62;15405.892078205612;531.4733;2216.8735185778096;Evaluated;8.8228;2.4282;64;True;2;duplicate_for_same_parent_sequence
13;1;13;2;diversification;3;c68e1097e8c9;reinsert_block;;;;;;;18;25;35;;;;;True;False;False;True;;ok;16840.717376226356;15405.892078205612;15405.892078205612;15405.892078205612;63;15405.892078205612;539.7054;1434.8252980207435;Evaluated;5.8062;2.4239;64;True;1;
13;1;13;3;diversification;3;c68e1097e8c9;swap;32;47;;;;;;;;;;;;True;False;False;True;;ok;15405.706981493808;15405.892078205612;15405.892078205612;15405.892078205612;64;15405.892078205612;547.0857;-0.1850967118043627;Evaluated;5.1468;2.2327;64;True;1;
13;1;13;4;diversification;3;c68e1097e8c9;move;;;48;52;;;;;;;;;;True;False;False;False;;ok;15696.777207707453;15405.892078205612;15405.892078205612;15405.892078205612;65;15405.892078205612;554.469;290.8851295018412;Evaluated;5.1543;2.2266;64;True;1;
13;1;13;5;diversification;3;c68e1097e8c9;swap;10;20;;;;;;;;;;;;True;False;False;False;;ok;17374.789403368784;15405.892078205612;15405.892078205612;15405.892078205612;66;15405.892078205612;569.1978;1968.8973251631724;Evaluated;12.3026;2.4254;64;True;3;duplicate_for_same_parent_sequence
13;1;13;6;diversification;3;c68e1097e8c9;move;;;40;35;;;;;;;;;;True;False;False;False;;ok;15405.892078205612;15405.892078205612;15405.892078205612;15405.892078205612;67;15405.892078205612;576.663;0.0;Evaluated;5.2384;2.2261;64;True;1;
13;1;13;7;diversification;3;c68e1097e8c9;move;;;8;30;;;;;;;;;;True;False;False;True;;ok;15409.591383595498;15405.892078205612;15405.892078205612;15405.892078205612;68;15405.892078205612;584.188;3.6993053898859216;Evaluated;5.3005;2.2239;64;True;1;
13;1;13;8;diversification;3;c68e1097e8c9;move;;;17;8;;;;;;;;;;True;False;False;False;;ok;16181.192699546937;15405.892078205612;15405.892078205612;15405.892078205612;69;15405.892078205612;591.8055;775.3006213413246;Evaluated;5.1879;2.4287;64;True;1;
13;1;13;9;diversification;3;c68e1097e8c9;move;;;36;48;;;;;;;;;;True;False;False;True;;ok;16124.350150525568;15405.892078205612;15405.892078205612;15405.892078205612;70;15405.892078205612;603.0672;718.458072319956;Evaluated;8.8302;2.4309;64;True;2;duplicate_for_same_parent_sequence
13;1;13;10;diversification;3;c68e1097e8c9;move;;;45;30;;;;;;;;;;True;False;False;True;;ok;17021.598939542142;15405.892078205612;15405.892078205612;15405.892078205612;71;15405.892078205612;610.7952;1615.70686133653;Evaluated;5.2923;2.433;64;True;1;
13;1;13;;diversification;0;;;;;;;;;;;;;;;;;;;;;End-of-iteration summary row;;;15405.706981493808;15405.706981493808;71;15405.706981493808;610.8143;;IterationSummary;;;;;;
14;1;14;1;normal;0;71f73b05c356;move;;;5;10;;;;;;;;;;True;False;False;False;;ok;16514.01930765308;15405.706981493808;15405.706981493808;15405.706981493808;72;15405.706981493808;618.8072;1108.3123261592737;Evaluated;5.56;2.4243;64;True;1;
14;1;14;2;normal;0;71f73b05c356;swap;17;25;;;;;;;;;;;;True;False;False;False;;ok;15405.706981493808;15405.706981493808;15405.706981493808;15405.706981493808;73;15405.706981493808;626.2044;0.0;Evaluated;5.1688;2.2255;64;True;1;
14;1;14;3;normal;0;71f73b05c356;reinsert_block;;;;;;;32;40;50;;;;;True;False;False;True;;ok;16339.635839436633;15405.706981493808;15405.706981493808;15405.706981493808;74;15405.706981493808;634.4355;933.9288579428248;Evaluated;5.7992;2.4294;64;True;1;
14;1;14;4;normal;0;71f73b05c356;move;;;52;47;;;;;;;;;;True;False;False;False;;ok;15528.939879250138;15405.706981493808;15405.706981493808;15405.706981493808;75;15405.706981493808;641.803;123.2328977563302;Evaluated;5.1376;2.2272;64;True;1;
14;1;14;5;normal;0;71f73b05c356;move;;;25;10;;;;;;;;;;True;False;False;True;;ok;17614.909148263498;15405.706981493808;15405.706981493808;15405.706981493808;76;15405.706981493808;649.3547;2209.20216676969;Evaluated;5.1229;2.4261;64;True;1;
14;1;14;;normal;1;;;;;;;;;;;;;;;;;;;;;End-of-iteration summary row;;;15405.706981493808;15405.706981493808;76;15405.706981493808;649.3577;;IterationSummary;;;;;;
15;1;15;1;normal;1;71f73b05c356;move;;;8;20;;;;;;;;;;True;False;False;True;;ok;17219.592566623964;15405.706981493808;15405.706981493808;15405.706981493808;77;15405.706981493808;660.9321;1813.885585130156;Evaluated;9.1302;2.431;64;True;2;duplicate_for_same_parent_sequence
15;1;15;2;normal;1;71f73b05c356;swap;16;25;;;;;;;;;;;;True;False;False;False;;ok;17014.140343997475;15405.706981493808;15405.706981493808;15405.706981493808;78;15405.706981493808;668.5668;1608.433362503667;Evaluated;5.2055;2.4261;64;True;1;
15;1;15;3;normal;1;71f73b05c356;reinsert_block;;;;;;;35;40;28;;;;;True;False;False;False;;ok;16866.98446484647;15405.706981493808;15405.706981493808;15405.706981493808;79;15405.706981493808;676.5178;1461.2774833526637;Evaluated;5.5169;2.4315;64;True;1;
15;1;15;4;normal;1;71f73b05c356;move;;;50;48;;;;;;;;;;True;False;False;False;;ok;16095.849489558319;15405.706981493808;15405.706981493808;15405.706981493808;80;15405.706981493808;683.9961;690.1425080645113;Evaluated;5.0465;2.4292;64;True;1;
15;1;15;5;normal;1;71f73b05c356;move;;;30;25;;;;;;;;;;True;False;False;False;;ok;17953.33325886959;15405.706981493808;15405.706981493808;15405.706981493808;81;15405.706981493808;691.7955;2547.626277375781;Evaluated;5.371;2.4256;64;True;1;
15;1;15;;normal;2;;;;;;;;;;;;;;;;;;;;;End-of-iteration summary row;;;15405.706981493808;15405.706981493808;81;15405.706981493808;691.7991;;IterationSummary;;;;;;
16;1;16;1;normal;2;71f73b05c356;move;;;7;3;;;;;;;;;;True;False;False;False;;ok;17796.423440308175;15405.706981493808;15405.706981493808;15405.706981493808;82;15405.706981493808;703.092;2390.716458814368;Evaluated;8.8534;2.4262;64;True;2;duplicate_for_same_parent_sequence
16;1;16;2;normal;2;71f73b05c356;move;;;20;18;;;;;;;;;;True;False;False;False;;ok;17102.301331594143;15405.706981493808;15405.706981493808;15405.706981493808;83;15405.706981493808;714.6301;1696.5943501003349;Evaluated;9.1044;2.4311;64;True;2;duplicate_for_same_parent_sequence
16;1;16;3;normal;2;71f73b05c356;reinsert_block;;;;;;;32;37;40;;;;;True;False;False;False;;ok;17513.790537510875;15405.706981493808;15405.706981493808;15405.706981493808;84;15405.706981493808;722.4924;2108.083556017067;Evaluated;5.4264;2.4314;64;True;1;
16;1;16;4;normal;2;71f73b05c356;move;;;50;49;;;;;;;;;;True;False;False;False;;ok;16095.849489558319;15405.706981493808;15405.706981493808;15405.706981493808;85;15405.706981493808;730.1943;690.1425080645113;Evaluated;5.4675;2.2317;64;True;1;
16;1;16;5;normal;2;71f73b05c356;move;;;50;43;;;;;;;;;;True;False;False;False;;ok;15410.914094589045;15405.706981493808;15405.706981493808;15405.706981493808;86;15405.706981493808;737.5527;5.207113095237219;Evaluated;5.1302;2.2256;64;True;1;
16;1;16;;normal;3;;;;;;;;;;;;;;;;;;;;;End-of-iteration summary row;;;15405.706981493808;15405.706981493808;86;15405.706981493808;737.5535;;IterationSummary;;;;;;
17;1;17;1;diversification;3;71f73b05c356;move;;;3;10;;;;;;;;;;True;False;False;False;;ok;18398.158434408364;15405.706981493808;15405.706981493808;15405.706981493808;87;15405.706981493808;745.9945;2992.4514529145563;Evaluated;5.8105;2.6242;64;True;1;
17;1;17;2;diversification;3;71f73b05c356;reinsert_block;;;;;;;20;24;15;;;;;True;False;False;False;;ok;18667.418810967523;15405.706981493808;15405.706981493808;15405.706981493808;88;15405.706981493808;754.1375;3261.7118294737156;Evaluated;5.5158;2.6266;64;True;1;
17;1;17;3;diversification;3;71f73b05c356;swap;35;42;;;;;;;;;;;;True;False;False;False;;ok;16658.640998873903;15405.706981493808;15405.706981493808;15405.706981493808;89;15405.706981493808;761.8154;1252.9340173800956;Evaluated;5.2478;2.4295;64;True;1;
17;1;17;4;diversification;3;71f73b05c356;move;;;25;30;;;;;;;;;;True;False;False;False;;ok;15409.06054600683;15405.706981493808;15405.706981493808;15405.706981493808;90;15405.706981493808;773.1802;3.3535645130214107;Evaluated;9.1323;2.2318;64;True;2;duplicate_for_same_parent_sequence
17;1;17;5;diversification;3;71f73b05c356;move;;;3;8;;;;;;;;;;True;False;False;False;;ok;17993.49643101906;15405.706981493808;15405.706981493808;15405.706981493808;91;15405.706981493808;784.4229;2587.7894495252513;Evaluated;8.8118;2.4281;64;True;2;duplicate_for_same_parent_sequence
17;1;17;6;diversification;3;71f73b05c356;move;;;40;25;;;;;;;;;;True;False;False;True;;ok;15502.245763855322;15405.706981493808;15405.706981493808;15405.706981493808;92;15405.706981493808;792.0461;96.53878236151468;Evaluated;5.3954;2.225;64;True;1;
17;1;17;7;diversification;3;71f73b05c356;move;;;10;5;;;;;;;;;;True;False;False;False;;ok;18085.41499006069;15405.706981493808;15405.706981493808;15405.706981493808;93;15405.706981493808;799.8791;2679.708008566882;Evaluated;5.2022;2.629;64;True;1;
17;1;17;8;diversification;3;71f73b05c356;move;;;35;19;;;;;;;;;;True;False;False;True;;ok;15550.530747910258;15405.706981493808;15405.706981493808;15405.706981493808;94;15405.706981493808;810.879;144.82376641644987;Evaluated;8.7671;2.2298;64;True;2;duplicate_for_same_parent_sequence
17;1;17;9;diversification;3;71f73b05c356;move;;;17;24;;;;;;;;;;True;False;False;False;;ok;17259.48220230297;15405.706981493808;15405.706981493808;15405.706981493808;95;15405.706981493808;822.0955;1853.7752208091624;Evaluated;8.7904;2.4252;64;True;2;duplicate_for_same_parent_sequence
17;1;17;10;diversification;3;71f73b05c356;move;;;45;25;;;;;;;;;;True;False;False;True;;ok;16999.309483721394;15405.706981493808;15405.706981493808;15405.706981493808;96;15405.706981493808;829.5846;1593.6025022275862;Evaluated;5.0617;2.4269;64;True;1;
17;1;17;;diversification;4;;;;;;;;;;;;;;;;;;;;;End-of-iteration summary row;;;15405.706981493808;15405.706981493808;96;15405.706981493808;829.5873;;IterationSummary;;;;;;
18;1;18;1;diversification;4;71f73b05c356;move;;;3;15;;;;;;;;;;True;False;False;True;;ok;17934.044801069704;15405.706981493808;15405.706981493808;15405.706981493808;97;15405.706981493808;841.0976;2528.337819575896;Evaluated;9.0621;2.4305;64;True;2;duplicate_for_same_parent_sequence
18;1;18;2;diversification;4;71f73b05c356;reinsert_block;;;;;;;18;23;5;;;;;True;False;False;True;;ok;18160.817828844043;15405.706981493808;15405.706981493808;15405.706981493808;98;15405.706981493808;849.2294;2755.1108473502354;Evaluated;5.5022;2.6266;64;True;1;
18;1;18;3;diversification;4;71f73b05c356;move;;;38;10;;;;;;;;;;True;False;False;True;;ok;18175.783943199913;15405.706981493808;15405.706981493808;15405.706981493808;99;15405.706981493808;860.5589;2770.076961706105;Evaluated;8.6973;2.6286;64;True;2;duplicate_for_same_parent_sequence
18;1;18;4;diversification;4;71f73b05c356;move;;;49;35;;;;;;;;;;True;False;False;True;;ok;16415.676580478328;15405.706981493808;15405.706981493808;15405.706981493808;100;15405.706981493808;871.7743;1009.9695989845204;Evaluated;8.786;2.4269;64;True;2;duplicate_for_same_parent_sequence
18;1;18;5;diversification;4;71f73b05c356;move;;;20;15;;;;;;;;;;True;False;False;False;;ok;17240.04326110894;15405.706981493808;15405.706981493808;15405.706981493808;101;15405.706981493808;879.5271;1834.3362796151341;Evaluated;5.3253;2.4267;64;True;1;
18;1;18;6;diversification;4;71f73b05c356;swap;37;45;;;;;;;;;;;;True;False;False;False;;ok;16862.309439548157;15405.706981493808;15405.706981493808;15405.706981493808;102;15405.706981493808;890.6268;1456.602458054349;Evaluated;8.6697;2.4273;64;True;2;duplicate_for_same_parent_sequence
18;1;18;7;diversification;4;71f73b05c356;swap;15;20;;;;;;;;;;;;True;False;False;False;;ok;17362.126234930947;15405.706981493808;15405.706981493808;15405.706981493808;103;15405.706981493808;901.7202;1956.4192534371396;Evaluated;8.6614;2.4292;64;True;2;duplicate_for_same_parent_sequence
18;1;18;8;diversification;4;71f73b05c356;move;;;8;15;;;;;;;;;;True;False;False;False;;ok;15405.718698334942;15405.706981493808;15405.706981493808;15405.706981493808;104;15405.706981493808;912.8485;0.011716841134330025;Evaluated;8.9005;2.2253;64;True;2;duplicate_for_same_parent_sequence
18;1;18;9;diversification;4;71f73b05c356;move;;;15;20;;;;;;;;;;True;False;False;False;;ok;15483.90841562835;15405.706981493808;15405.706981493808;15405.706981493808;105;15405.706981493808;923.7291;78.20143413454207;Evaluated;8.6477;2.2322;64;True;2;duplicate_for_same_parent_sequence
18;1;18;10;diversification;4;71f73b05c356;move;;;50;35;;;;;;;;;;True;False;False;True;;ok;15410.162877909264;15405.706981493808;15405.706981493808;15405.706981493808;106;15405.706981493808;934.7175;4.455896415456664;Evaluated;8.7622;2.2228;64;True;2;duplicate_for_same_parent_sequence
18;1;18;;diversification;5;;;;;;;;;;;;;;;;;;;;;End-of-iteration summary row;;;15405.706981493808;15405.706981493808;106;15405.706981493808;934.7206;;IterationSummary;;;;;;
19;1;19;1;diversification;5;71f73b05c356;move;;;17;8;;;;;;;;;;True;False;False;False;;ok;17425.68990058689;15405.706981493808;15405.706981493808;15405.706981493808;107;15405.706981493808;946.4609;2019.9829190930832;Evaluated;9.3;2.4285;64;True;2;duplicate_for_same_parent_sequence
19;1;19;2;diversification;5;71f73b05c356;move;;;40;17;;;;;;;;;;True;False;False;True;;ok;15489.795941399403;15405.706981493808;15405.706981493808;15405.706981493808;108;15405.706981493808;957.4887;84.0889599055954;Evaluated;8.7995;2.2252;64;True;2;duplicate_for_same_parent_sequence
19;1;19;3;diversification;5;71f73b05c356;swap;35;40;;;;;;;;;;;;True;False;False;False;;ok;15500.756020091983;15405.706981493808;15405.706981493808;15405.706981493808;109;15405.706981493808;965.1572;95.04903859817568;Evaluated;5.4385;2.2275;64;True;1;
19;1;19;4;diversification;5;71f73b05c356;move;;;50;38;;;;;;;;;;True;False;False;True;;ok;15410.914094589045;15405.706981493808;15405.706981493808;15405.706981493808;110;15405.706981493808;972.9134;5.207113095237219;Evaluated;5.5258;2.2269;64;True;1;
19;1;19;5;diversification;5;71f73b05c356;move;;;30;10;;;;;;;;;;True;False;False;True;;ok;17532.653035105286;15405.706981493808;15405.706981493808;15405.706981493808;111;15405.706981493808;980.8962;2126.9460536114784;Evaluated;5.5564;2.4258;64;True;1;
19;1;19;6;diversification;5;71f73b05c356;move;;;35;18;;;;;;;;;;True;False;False;True;;ok;17508.015449549697;15405.706981493808;15405.706981493808;15405.706981493808;112;15405.706981493808;992.08;2102.3084680558895;Evaluated;8.752;2.4289;64;True;2;duplicate_for_same_parent_sequence
19;1;19;7;diversification;5;71f73b05c356;move;;;40;10;;;;;;;;;;True;False;False;True;;ok;15460.960142600254;15405.706981493808;15405.706981493808;15405.706981493808;113;15405.706981493808;1002.8967;55.25316110644599;Evaluated;8.5798;2.2344;64;True;2;duplicate_for_same_parent_sequence
19;1;19;8;diversification;5;71f73b05c356;move;;;30;40;;;;;;;;;;True;False;False;True;;ok;16973.756240356746;15405.706981493808;15405.706981493808;15405.706981493808;114;15405.706981493808;1013.8975;1568.0492588629386;Evaluated;8.5666;2.4311;64;True;2;duplicate_for_same_parent_sequence
19;1;19;9;diversification;5;71f73b05c356;move;;;24;10;;;;;;;;;;True;False;False;True;;ok;17622.756929861833;15405.706981493808;15405.706981493808;15405.706981493808;115;15405.706981493808;1025.0252;2217.049948368025;Evaluated;8.6988;2.4261;64;True;2;duplicate_for_same_parent_sequence
19;1;19;10;diversification;5;71f73b05c356;move;;;45;30;;;;;;;;;;True;False;False;True;;ok;16521.959065048286;15405.706981493808;15405.706981493808;15405.706981493808;116;15405.706981493808;1032.9838;1116.2520835544783;Evaluated;5.5286;2.4273;64;True;1;
19;1;19;;diversification;6;;;;;;;;;;;;;;;;;;;;;End-of-iteration summary row;;;15405.706981493808;15405.706981493808;116;15405.706981493808;1032.9865;;IterationSummary;;;;;;
20;1;20;1;diversification;6;71f73b05c356;move;;;20;5;;;;;;;;;;True;False;False;True;;ok;17966.015126836053;15405.706981493808;15405.706981493808;15405.706981493808;117;15405.706981493808;1041.3383;2560.3081453422456;Evaluated;5.9041;2.4308;64;True;1;
20;1;20;2;diversification;6;71f73b05c356;reinsert_block;;;;;;;18;24;35;;;;;True;False;False;True;;ok;17304.181366282737;15405.706981493808;15405.706981493808;15405.706981493808;118;15405.706981493808;1049.3884;1898.4743847889295;Evaluated;5.6216;2.4254;64;True;1;
20;1;20;3;diversification;6;71f73b05c356;swap;32;38;;;;;;;;;;;;True;False;False;False;;ok;17499.06809419812;15405.706981493808;15405.706981493808;15405.706981493808;119;15405.706981493808;1060.8497;2093.3611127043114;Evaluated;9.0369;2.4238;64;True;2;duplicate_for_same_parent_sequence
20;1;20;4;diversification;6;71f73b05c356;move;;;56;48;;;;;;;;;;True;False;False;False;;ok;16089.233847727182;15405.706981493808;15405.706981493808;15405.706981493808;120;15405.706981493808;1068.4839;683.5268662333747;Evaluated;5.2063;2.4252;64;True;1;
20;1;20;5;diversification;6;71f73b05c356;move;;;20;5;;;;;;;;;;False;True;False;;;ok;;15405.706981493808;15405.706981493808;15405.706981493808;120;15405.706981493808;1080.2102;;DuplicateForSameParentSequenceAfterRetries;11.7234;;;;3;duplicate_for_same_parent_sequence
20;1;20;6;diversification;6;71f73b05c356;move;;;25;40;;;;;;;;;;True;False;False;True;;ok;15407.056749824842;15405.706981493808;15405.706981493808;15405.706981493808;121;15405.706981493808;1091.0672;1.3497683310342836;Evaluated;8.6301;2.226;64;True;2;duplicate_for_same_parent_sequence
20;1;20;7;diversification;6;71f73b05c356;move;;;48;15;;;;;;;;;;True;False;False;True;;ok;16828.37289739661;15405.706981493808;15405.706981493808;15405.706981493808;122;15405.706981493808;1102.2221;1422.6659159028022;Evaluated;8.7272;2.4249;64;True;2;duplicate_for_same_parent_sequence
20;1;20;8;diversification;6;71f73b05c356;swap;18;25;;;;;;;;;;;;True;False;False;False;;ok;17222.85820530535;15405.706981493808;15405.706981493808;15405.706981493808;123;15405.706981493808;1113.0805;1817.1512238115429;Evaluated;8.421;2.434;64;True;2;duplicate_for_same_parent_sequence
20;1;20;9;diversification;6;71f73b05c356;move;;;35;24;;;;;;;;;;True;False;False;True;;ok;15554.529040389196;15405.706981493808;15405.706981493808;15405.706981493808;124;15405.706981493808;1123.874;148.82205889538818;Evaluated;8.5546;2.236;64;True;2;duplicate_for_same_parent_sequence
20;1;20;10;diversification;6;71f73b05c356;move;;;50;15;;;;;;;;;;True;False;False;True;;ok;16466.0153226433;15405.706981493808;15405.706981493808;15405.706981493808;125;15405.706981493808;1138.7771;1060.3083411494918;Evaluated;12.4751;2.4273;64;True;3;duplicate_for_same_parent_sequence
20;1;20;;diversification;7;;;;;;;;;;;;;;;;;;;;;End-of-iteration summary row;;;15405.706981493808;15405.706981493808;125;15405.706981493808;1138.78;;IterationSummary;;;;;;
21;1;21;1;diversification;7;71f73b05c356;move;;;50;12;;;;;;;;;;True;False;False;True;;ok;16618.092384372598;15405.706981493808;15405.706981493808;15405.706981493808;126;15405.706981493808;1146.9029;1212.38540287879;Evaluated;5.6733;2.4346;64;True;1;
21;1;21;2;diversification;7;71f73b05c356;move;;;10;25;;;;;;;;;;True;False;False;True;;ok;17251.151476971878;15405.706981493808;15405.706981493808;15405.706981493808;127;15405.706981493808;1158.4822;1845.4444954780702;Evaluated;9.1439;2.4325;64;True;2;duplicate_for_same_parent_sequence
21;1;21;3;diversification;7;71f73b05c356;swap;32;47;;;;;;;;;;;;True;False;False;True;;ok;15405.892078205612;15405.706981493808;15405.706981493808;15405.706981493808;128;15405.706981493808;1169.4405;0.1850967118043627;Evaluated;8.7314;2.2238;64;True;2;duplicate_for_same_parent_sequence
21;1;21;4;diversification;7;71f73b05c356;move;;;60;15;;;;;;;;;;True;False;False;True;;ok;17033.422161410792;15405.706981493808;15405.706981493808;15405.706981493808;129;15405.706981493808;1180.6284;1627.7151799169842;Evaluated;8.7584;2.4269;64;True;2;duplicate_for_same_parent_sequence
21;1;21;5;diversification;7;71f73b05c356;swap;3;18;;;;;;;;;;;;True;False;False;True;;ok;17619.879542244584;15405.706981493808;15405.706981493808;15405.706981493808;130;15405.706981493808;1191.4354;2214.172560750776;Evaluated;8.3766;2.4278;64;True;2;duplicate_for_same_parent_sequence
21;1;21;6;diversification;7;71f73b05c356;move;;;40;32;;;;;;;;;;True;False;False;False;;ok;17466.497786137847;15405.706981493808;15405.706981493808;15405.706981493808;131;15405.706981493808;1199.208;2060.790804644039;Evaluated;5.3448;2.4268;64;True;1;
21;1;21;7;diversification;7;71f73b05c356;swap;10;30;;;;;;;;;;;;True;False;False;True;;ok;17526.17591810855;15405.706981493808;15405.706981493808;15405.706981493808;132;15405.706981493808;1210.2111;2120.468936614743;Evaluated;8.5705;2.43;64;True;2;duplicate_for_same_parent_sequence
21;1;21;8;diversification;7;71f73b05c356;swap;24;30;;;;;;;;;;;;True;False;False;False;;ok;18121.743246397982;15405.706981493808;15405.706981493808;15405.706981493808;133;15405.706981493808;1221.4158;2716.0362649041745;Evaluated;8.5586;2.6434;64;True;2;duplicate_for_same_parent_sequence
21;1;21;9;diversification;7;71f73b05c356;move;;;18;24;;;;;;;;;;True;False;False;False;;ok;17230.929360943344;15405.706981493808;15405.706981493808;15405.706981493808;134;15405.706981493808;1232.5565;1825.2223794495367;Evaluated;8.7054;2.4328;64;True;2;duplicate_for_same_parent_sequence
21;1;21;10;diversification;7;71f73b05c356;move;;;48;30;;;;;;;;;;True;False;False;True;;ok;15442.38675901894;15405.706981493808;15405.706981493808;15405.706981493808;135;15405.706981493808;1247.1961;36.67977752513252;Evaluated;12.4089;2.2268;64;True;3;duplicate_for_same_parent_sequence
21;1;21;;diversification;8;;;;;;;;;;;;;;;;;;;;;End-of-iteration summary row;;;15405.706981493808;15405.706981493808;135;15405.706981493808;1247.1996;;IterationSummary;;;;;;
22;1;22;1;diversification;8;71f73b05c356;move;;;5;15;;;;;;;;;;True;False;False;True;;ok;17903.58087860741;15405.706981493808;15405.706981493808;15405.706981493808;136;15405.706981493808;1262.3407;2497.873897113601;Evaluated;12.7038;2.4283;64;True;3;duplicate_for_same_parent_sequence
22;1;22;2;diversification;8;71f73b05c356;reinsert_block;;;;;;;20;24;35;;;;;True;False;False;True;;ok;17922.266375709438;15405.706981493808;15405.706981493808;15405.706981493808;137;15405.706981493808;1278.2125;2516.55939421563;Evaluated;13.4396;2.4297;64;True;3;duplicate_for_same_parent_sequence
22;1;22;3;diversification;8;71f73b05c356;swap;32;47;;;;;;;;;;;;False;True;True;;;ok;;15405.706981493808;15405.706981493808;15405.706981493808;137;15405.706981493808;1291.1275;;DuplicateForSameParentSequenceAfterRetries;12.914;;;;3;duplicate_for_same_parent_sequence
22;1;22;4;diversification;8;71f73b05c356;move;;;50;12;;;;;;;;;;False;True;False;;;ok;;15405.706981493808;15405.706981493808;15405.706981493808;137;15405.706981493808;1303.3168;;DuplicateForSameParentSequenceAfterRetries;12.1884;;;;3;duplicate_for_same_parent_sequence
22;1;22;5;diversification;8;71f73b05c356;move;;;40;3;;;;;;;;;;True;False;False;True;;ok;17796.556294754042;15405.706981493808;15405.706981493808;15405.706981493808;138;15405.706981493808;1314.8194;2390.8493132602343;Evaluated;9.0744;2.4271;64;True;2;duplicate_for_same_parent_sequence
22;1;22;6;diversification;8;71f73b05c356;swap;34;40;;;;;;;;;;;;True;False;False;False;;ok;17023.46190410949;15405.706981493808;15405.706981493808;15405.706981493808;139;15405.706981493808;1329.6956;1617.7549226156807;Evaluated;12.4475;2.4256;64;True;3;duplicate_for_same_parent_sequence
22;1;22;7;diversification;8;71f73b05c356;move;;;50;20;;;;;;;;;;True;False;False;True;;ok;16671.392314739;15405.706981493808;15405.706981493808;15405.706981493808;140;15405.706981493808;1337.3471;1265.6853332451938;Evaluated;5.2235;2.4252;64;True;1;
22;1;22;8;diversification;8;71f73b05c356;swap;8;15;;;;;;;;;;;;True;False;False;False;;ok;15405.706981493808;15405.706981493808;15405.706981493808;15405.706981493808;141;15405.706981493808;1348.2145;0.0;Evaluated;8.6353;2.2297;64;True;2;duplicate_for_same_parent_sequence
22;1;22;9;diversification;8;71f73b05c356;move;;;18;40;;;;;;;;;;True;False;False;True;;ok;16776.452293582675;15405.706981493808;15405.706981493808;15405.706981493808;142;15405.706981493808;1359.3447;1370.7453120888676;Evaluated;8.7026;2.4246;64;True;2;duplicate_for_same_parent_sequence
22;1;22;10;diversification;8;71f73b05c356;move;;;48;12;;;;;;;;;;True;False;False;True;;ok;16775.59605307695;15405.706981493808;15405.706981493808;15405.706981493808;143;15405.706981493808;1370.3703;1369.889071583144;Evaluated;8.5895;2.4333;64;True;2;duplicate_for_same_parent_sequence
22;1;22;;diversification;9;;;;;;;;;;;;;;;;;;;;;End-of-iteration summary row;;;15405.706981493808;15405.706981493808;143;15405.706981493808;1370.373;;IterationSummary;;;;;;
23;1;23;1;diversification;9;71f73b05c356;move;;;10;35;;;;;;;;;;True;False;False;True;;ok;15423.953878175818;15405.706981493808;15405.706981493808;15405.706981493808;144;15405.706981493808;1378.231;18.24689668201063;Evaluated;5.6134;2.2315;64;True;1;
23;1;23;2;diversification;9;71f73b05c356;reinsert_block;;;;;;;18;23;40;;;;;True;False;False;True;;ok;18198.135928698634;15405.706981493808;15405.706981493808;15405.706981493808;145;15405.706981493808;1386.4989;2792.428947204826;Evaluated;5.6328;2.6323;64;True;1;
23;1;23;3;diversification;9;71f73b05c356;move;;;35;10;;;;;;;;;;True;False;False;True;;ok;18085.526443053106;15405.706981493808;15405.706981493808;15405.706981493808;146;15405.706981493808;1397.7051;2679.8194615592984;Evaluated;8.7696;2.4334;64;True;2;duplicate_for_same_parent_sequence
23;1;23;4;diversification;9;71f73b05c356;move;;;61;25;;;;;;;;;;True;False;False;True;;ok;17687.370473565803;15405.706981493808;15405.706981493808;15405.706981493808;147;15405.706981493808;1408.8583;2281.6634920719953;Evaluated;8.7127;2.4354;64;True;2;duplicate_for_same_parent_sequence
23;1;23;5;diversification;9;71f73b05c356;move;;;25;10;;;;;;;;;;False;True;False;;;ok;;15405.706981493808;15405.706981493808;15405.706981493808;147;15405.706981493808;1421.302;;DuplicateForSameParentSequenceAfterRetries;12.441;;;;3;duplicate_for_same_parent_sequence
23;1;23;6;diversification;9;71f73b05c356;move;;;50;10;;;;;;;;;;True;False;False;True;;ok;16618.092384372598;15405.706981493808;15405.706981493808;15405.706981493808;148;15405.706981493808;1428.9372;1212.38540287879;Evaluated;5.2074;2.4267;64;True;1;
23;1;23;7;diversification;9;71f73b05c356;move;;;45;25;;;;;;;;;;False;True;False;;;ok;;15405.706981493808;15405.706981493808;15405.706981493808;148;15405.706981493808;1441.2799;;DuplicateForSameParentSequenceAfterRetries;12.3419;;;;3;duplicate_for_same_parent_sequence
23;1;23;8;diversification;9;71f73b05c356;move;;;30;8;;;;;;;;;;True;False;False;True;;ok;17552.440379583888;15405.706981493808;15405.706981493808;15405.706981493808;149;15405.706981493808;1452.3944;2146.7333980900803;Evaluated;8.6894;2.424;64;True;2;duplicate_for_same_parent_sequence
23;1;23;9;diversification;9;71f73b05c356;move;;;18;45;;;;;;;;;;True;False;False;True;;ok;16331.538520272874;15405.706981493808;15405.706981493808;15405.706981493808;150;15405.706981493808;1463.7643;925.8315387790662;Evaluated;8.9375;2.4292;64;True;2;duplicate_for_same_parent_sequence
23;1;23;10;diversification;9;71f73b05c356;swap;45;50;;;;;;;;;;;;True;False;False;False;;ok;15545.905887416926;15405.706981493808;15405.706981493808;15405.706981493808;151;15405.706981493808;1475.0648;140.19890592311822;Evaluated;9.0676;2.2304;64;True;2;duplicate_for_same_parent_sequence
23;2;0;;diversification;0;;;;;;;;;;;;;;;;;;;;;End-of-iteration summary row;;;16630.57522948563;15405.706981493808;152;15405.706981493808;1477.5142;;IterationSummary;;;;;;
24;2;1;1;normal;0;0f63cf6f404e;move;;;10;25;;;;;;;;;;True;False;False;True;;ok;17159.07537108008;16630.57522948563;16630.57522948563;15405.706981493808;153;15405.706981493808;1485.2584;528.5001415944498;Evaluated;5.3128;2.4262;64;True;1;
24;2;1;2;normal;0;0f63cf6f404e;swap;20;31;;;;;;;;;;;;True;False;False;False;;ok;17127.443120632895;16630.57522948563;16630.57522948563;15405.706981493808;154;15405.706981493808;1492.5641;496.8678911472671;Evaluated;4.8751;2.429;64;True;1;
24;2;1;3;normal;0;0f63cf6f404e;reinsert_block;;;;;;;32;40;16;;;;;True;False;False;True;;ok;16292.549924556863;16630.57522948563;16630.57522948563;15405.706981493808;155;15405.706981493808;1500.1078;-338.02530492876576;Evaluated;5.1069;2.4349;64;True;1;
24;2;1;4;normal;0;0f63cf6f404e;move;;;50;15;;;;;;;;;;True;False;False;True;;ok;17455.131482451994;16630.57522948563;16630.57522948563;15405.706981493808;156;15405.706981493808;1507.3814;824.5562529663657;Evaluated;4.8433;2.4277;64;True;1;
24;2;1;5;normal;0;0f63cf6f404e;move;;;18;45;;;;;;;;;;True;False;False;True;;ok;17094.086318521848;16630.57522948563;16630.57522948563;15405.706981493808;157;15405.706981493808;1514.7188;463.51108903621935;Evaluated;4.9091;2.4258;64;True;1;
24;2;1;;normal;0;;;;;;;;;;;;;;;;;;;;;End-of-iteration summary row;;;16292.549924556863;15405.706981493808;157;15405.706981493808;1514.7349;;IterationSummary;;;;;;
25;2;2;1;normal;0;78ad6c7cf661;move;;;5;10;;;;;;;;;;True;False;False;False;;ok;17535.06888898726;16292.549924556863;16292.549924556863;15405.706981493808;158;15405.706981493808;1522.5953;1242.5189644303991;Evaluated;5.423;2.4313;64;True;1;
25;2;2;2;normal;0;78ad6c7cf661;swap;20;31;;;;;;;;;;;;True;False;False;False;;ok;17323.030806802704;16292.549924556863;16292.549924556863;15405.706981493808;159;15405.706981493808;1530.2536;1030.4808822458417;Evaluated;5.2234;2.4329;64;True;1;
25;2;2;3;normal;0;78ad6c7cf661;reinsert_block;;;;;;;35;40;16;;;;;True;False;False;True;;ok;17549.203656723577;16292.549924556863;16292.549924556863;15405.706981493808;160;15405.706981493808;1538.1744;1256.6537321667147;Evaluated;5.4896;2.4288;64;True;1;
25;2;2;4;normal;0;78ad6c7cf661;move;;;50;10;;;;;;;;;;True;False;False;True;;ok;17915.866210144897;16292.549924556863;16292.549924556863;15405.706981493808;161;15405.706981493808;1545.8422;1623.3162855880346;Evaluated;5.2398;2.4248;64;True;1;
25;2;2;5;normal;0;78ad6c7cf661;move;;;18;45;;;;;;;;;;True;False;False;True;;ok;17094.07495082151;16292.549924556863;16292.549924556863;15405.706981493808;162;15405.706981493808;1553.4195;801.5250262646459;Evaluated;5.1474;2.4273;64;True;1;
25;2;2;;normal;1;;;;;;;;;;;;;;;;;;;;;End-of-iteration summary row;;;16292.549924556863;15405.706981493808;162;15405.706981493808;1553.4233;;IterationSummary;;;;;;
26;2;3;1;normal;1;78ad6c7cf661;move;;;10;25;;;;;;;;;;True;False;False;True;;ok;17553.90329921868;16292.549924556863;16292.549924556863;15405.706981493808;163;15405.706981493808;1561.2883;1261.3533746618177;Evaluated;5.4263;2.431;64;True;1;
26;2;3;2;normal;1;78ad6c7cf661;swap;25;30;;;;;;;;;;;;True;False;False;False;;ok;16177.168668625569;16292.549924556863;16292.549924556863;15405.706981493808;164;15405.706981493808;1569.0702;-115.38125593129371;Evaluated;5.3491;2.4294;64;True;1;
26;2;3;3;normal;1;78ad6c7cf661;move;;;25;10;;;;;;;;;;True;False;False;True;;ok;16829.467801310755;16292.549924556863;16292.549924556863;15405.706981493808;165;15405.706981493808;1580.6557;536.9178767538924;Evaluated;9.1572;2.4276;64;True;2;duplicate_for_same_parent_sequence
26;2;3;4;normal;1;78ad6c7cf661;move;;;50;15;;;;;;;;;;True;False;False;True;;ok;17439.91468002738;16292.549924556863;16292.549924556863;15405.706981493808;166;15405.706981493808;1588.2553;1147.3647554705185;Evaluated;5.1664;2.4305;64;True;1;
26;2;3;5;normal;1;78ad6c7cf661;move;;;25;5;;;;;;;;;;True;False;False;True;;ok;16812.869307321962;16292.549924556863;16292.549924556863;15405.706981493808;167;15405.706981493808;1599.2275;520.3193827650994;Evaluated;8.5381;2.4306;64;True;2;duplicate_for_same_parent_sequence
26;2;3;;normal;0;;;;;;;;;;;;;;;;;;;;;End-of-iteration summary row;;;16177.168668625569;15405.706981493808;167;15405.706981493808;1599.2407;;IterationSummary;;;;;;
27;2;4;1;normal;0;9587181cf279;move;;;5;10;;;;;;;;;;True;False;False;False;;ok;17077.733848941185;16177.168668625569;16177.168668625569;15405.706981493808;168;15405.706981493808;1607.1328;900.5651803156161;Evaluated;5.4516;2.4339;64;True;1;
27;2;4;2;normal;0;9587181cf279;swap;16;20;;;;;;;;;;;;True;False;False;False;;ok;17296.866693315846;16177.168668625569;16177.168668625569;15405.706981493808;169;15405.706981493808;1615.007;1119.6980246902767;Evaluated;5.4426;2.4308;64;True;1;
27;2;4;3;normal;0;9587181cf279;reinsert_block;;;;;;;35;40;16;;;;;True;False;False;True;;ok;17733.671258303297;16177.168668625569;16177.168668625569;15405.706981493808;170;15405.706981493808;1622.9421;1556.5025896777279;Evaluated;5.4969;2.4349;64;True;1;
27;2;4;4;normal;0;9587181cf279;move;;;50;12;;;;;;;;;;True;False;False;True;;ok;17449.29273690418;16177.168668625569;16177.168668625569;15405.706981493808;171;15405.706981493808;1630.5955;1272.1240682786101;Evaluated;5.2263;2.4243;64;True;1;
27;2;4;5;normal;0;9587181cf279;move;;;18;45;;;;;;;;;;True;False;False;True;;ok;17089.496906763296;16177.168668625569;16177.168668625569;15405.706981493808;172;15405.706981493808;1638.1967;912.3282381377267;Evaluated;5.1722;2.4263;64;True;1;
27;2;4;;normal;1;;;;;;;;;;;;;;;;;;;;;End-of-iteration summary row;;;16177.168668625569;15405.706981493808;172;15405.706981493808;1638.1998;;IterationSummary;;;;;;
28;2;5;1;normal;1;9587181cf279;move;;;10;5;;;;;;;;;;True;False;False;False;;ok;17612.554636907287;16177.168668625569;16177.168668625569;15405.706981493808;173;15405.706981493808;1646.0339;1435.3859682817183;Evaluated;5.3915;2.43;64;True;1;
28;2;5;2;normal;1;9587181cf279;swap;25;30;;;;;;;;;;;;True;False;False;False;;ok;16292.549924556863;16177.168668625569;16177.168668625569;15405.706981493808;174;15405.706981493808;1653.6135;115.38125593129371;Evaluated;5.1464;2.4306;64;True;1;
28;2;5;3;normal;1;9587181cf279;move;;;25;10;;;;;;;;;;True;False;False;True;;ok;17198.721838067286;16177.168668625569;16177.168668625569;15405.706981493808;175;15405.706981493808;1664.7699;1021.5531694417168;Evaluated;8.7275;2.4264;64;True;2;duplicate_for_same_parent_sequence
28;2;5;4;normal;1;9587181cf279;move;;;50;15;;;;;;;;;;True;False;False;True;;ok;16993.30355037046;16177.168668625569;16177.168668625569;15405.706981493808;176;15405.706981493808;1672.3897;816.1348817448907;Evaluated;5.1867;2.4299;64;True;1;
28;2;5;5;normal;1;9587181cf279;move;;;30;5;;;;;;;;;;True;False;False;True;;ok;16812.869307321962;16177.168668625569;16177.168668625569;15405.706981493808;177;15405.706981493808;1683.6115;635.7006386963931;Evaluated;8.7879;2.4306;64;True;2;duplicate_for_same_parent_sequence
28;2;5;;normal;2;;;;;;;;;;;;;;;;;;;;;End-of-iteration summary row;;;16177.168668625569;15405.706981493808;177;15405.706981493808;1683.6142;;IterationSummary;;;;;;
29;2;6;1;normal;2;9587181cf279;move;;;7;3;;;;;;;;;;True;False;False;False;;ok;17442.630303552483;16177.168668625569;16177.168668625569;15405.706981493808;178;15405.706981493808;1695.1156;1265.4616349269145;Evaluated;9.0657;2.4268;64;True;2;duplicate_for_same_parent_sequence
29;2;6;2;normal;2;9587181cf279;swap;18;25;;;;;;;;;;;;True;False;False;False;;ok;17213.876370500497;16177.168668625569;16177.168668625569;15405.706981493808;179;15405.706981493808;1706.6588;1036.7077018749278;Evaluated;9.1154;2.4248;64;True;2;duplicate_for_same_parent_sequence
29;2;6;3;normal;2;9587181cf279;move;;;20;5;;;;;;;;;;True;False;False;True;;ok;18163.08335868447;16177.168668625569;16177.168668625569;15405.706981493808;180;15405.706981493808;1718.6213;1985.9146900589021;Evaluated;9.3285;2.631;64;True;2;duplicate_for_same_parent_sequence
29;2;6;4;normal;2;9587181cf279;move;;;50;20;;;;;;;;;;True;False;False;True;;ok;16992.711283748984;16177.168668625569;16177.168668625569;15405.706981493808;181;15405.706981493808;1726.4309;815.5426151234151;Evaluated;5.3734;2.4339;64;True;1;
29;2;6;5;normal;2;9587181cf279;move;;;35;45;;;;;;;;;;True;False;False;True;;ok;16162.358541515787;16177.168668625569;16177.168668625569;15405.706981493808;182;15405.706981493808;1737.4028;-14.810127109782115;Evaluated;8.5422;2.4263;64;True;2;duplicate_for_same_parent_sequence
29;2;6;;normal;0;;;;;;;;;;;;;;;;;;;;;End-of-iteration summary row;;;16162.358541515787;15405.706981493808;182;15405.706981493808;1737.4159;;IterationSummary;;;;;;
30;2;7;1;normal;0;54f4994b5108;move;;;10;5;;;;;;;;;;True;False;False;False;;ok;17515.450197602084;16162.358541515787;16162.358541515787;15405.706981493808;183;15405.706981493808;1745.2894;1353.091656086297;Evaluated;5.4378;2.4294;64;True;1;
30;2;7;2;normal;0;54f4994b5108;swap;20;25;;;;;;;;;;;;True;False;False;False;;ok;17181.14715343991;16162.358541515787;16162.358541515787;15405.706981493808;184;15405.706981493808;1753.1598;1018.788611924123;Evaluated;5.44;2.4276;64;True;1;
30;2;7;3;normal;0;54f4994b5108;reinsert_block;;;;;;;35;40;25;;;;;True;False;False;True;;ok;16539.5955289193;16162.358541515787;16162.358541515787;15405.706981493808;185;15405.706981493808;1761.1113;377.2369874035139;Evaluated;5.5153;2.4335;64;True;1;
30;2;7;4;normal;0;54f4994b5108;move;;;50;15;;;;;;;;;;True;False;False;True;;ok;16533.03254432387;16162.358541515787;16162.358541515787;15405.706981493808;186;15405.706981493808;1768.7665;370.67400280808215;Evaluated;5.2221;2.43;64;True;1;
30;2;7;5;normal;0;54f4994b5108;move;;;40;15;;;;;;;;;;True;False;False;True;;ok;16237.450156144829;16162.358541515787;16162.358541515787;15405.706981493808;187;15405.706981493808;1776.3509;75.09161462904194;Evaluated;5.1504;2.4324;64;True;1;
30;2;7;;normal;1;;;;;;;;;;;;;;;;;;;;;End-of-iteration summary row;;;16162.358541515787;15405.706981493808;187;15405.706981493808;1776.3535;;IterationSummary;;;;;;
31;2;8;1;normal;1;54f4994b5108;move;;;30;20;;;;;;;;;;True;False;False;True;;ok;16999.599101491985;16162.358541515787;16162.358541515787;15405.706981493808;188;15405.706981493808;1787.6049;837.2405599761987;Evaluated;8.8095;2.4269;64;True;2;duplicate_for_same_parent_sequence
31;2;8;2;normal;1;54f4994b5108;swap;18;25;;;;;;;;;;;;True;False;False;False;;ok;17121.314982550874;16162.358541515787;16162.358541515787;15405.706981493808;189;15405.706981493808;1795.3872;958.9564410350868;Evaluated;5.3512;2.4284;64;True;1;
31;2;8;3;normal;1;54f4994b5108;reinsert_block;;;;;;;35;40;28;;;;;True;False;False;False;;ok;16730.9099383086;16162.358541515787;16162.358541515787;15405.706981493808;190;15405.706981493808;1803.2807;568.5513967928127;Evaluated;5.4622;2.4281;64;True;1;
31;2;8;4;normal;1;54f4994b5108;move;;;50;20;;;;;;;;;;True;False;False;True;;ok;16535.49210402613;16162.358541515787;16162.358541515787;15405.706981493808;191;15405.706981493808;1810.9344;373.133562510342;Evaluated;5.2218;2.4288;64;True;1;
31;2;8;5;normal;1;54f4994b5108;move;;;28;10;;;;;;;;;;True;False;False;True;;ok;17832.53424541708;16162.358541515787;16162.358541515787;15405.706981493808;192;15405.706981493808;1818.3521;1670.1757039012919;Evaluated;4.9854;2.4292;64;True;1;
31;2;8;;normal;2;;;;;;;;;;;;;;;;;;;;;End-of-iteration summary row;;;16162.358541515787;15405.706981493808;192;15405.706981493808;1818.353;;IterationSummary;;;;;;
32;2;9;1;normal;2;54f4994b5108;move;;;28;35;;;;;;;;;;True;False;False;False;;ok;16548.40723723403;16162.358541515787;16162.358541515787;15405.706981493808;193;15405.706981493808;1829.696;386.04869571824383;Evaluated;8.9099;2.4264;64;True;2;duplicate_for_same_parent_sequence
32;2;9;2;normal;2;54f4994b5108;swap;18;30;;;;;;;;;;;;True;False;False;True;;ok;16702.536497761896;16162.358541515787;16162.358541515787;15405.706981493808;194;15405.706981493808;1841.3763;540.1779562461088;Evaluated;9.2424;2.435;64;True;2;duplicate_for_same_parent_sequence
32;2;9;3;normal;2;54f4994b5108;move;;;37;15;;;;;;;;;;True;False;False;True;;ok;16733.745286202433;16162.358541515787;16162.358541515787;15405.706981493808;195;15405.706981493808;1852.9922;571.3867446866461;Evaluated;9.179;2.434;64;True;2;duplicate_for_same_parent_sequence
32;2;9;4;normal;2;54f4994b5108;move;;;50;18;;;;;;;;;;True;False;False;True;;ok;16541.799404197576;16162.358541515787;16162.358541515787;15405.706981493808;196;15405.706981493808;1860.803;379.44086268178944;Evaluated;5.3735;2.4342;64;True;1;
32;2;9;5;normal;2;54f4994b5108;move;;;18;30;;;;;;;;;;True;False;False;True;;ok;16642.91233861585;16162.358541515787;16162.358541515787;15405.706981493808;197;15405.706981493808;1868.3239;480.5537971000631;Evaluated;5.0839;2.4341;64;True;1;
32;2;9;;normal;3;;;;;;;;;;;;;;;;;;;;;End-of-iteration summary row;;;16162.358541515787;15405.706981493808;197;15405.706981493808;1868.3269;;IterationSummary;;;;;;
33;2;10;1;diversification;3;54f4994b5108;move;;;35;20;;;;;;;;;;True;False;False;True;;ok;16905.056199787363;16162.358541515787;16162.358541515787;15405.706981493808;198;15405.706981493808;1879.6991;742.6976582715761;Evaluated;8.9336;2.425;64;True;2;duplicate_for_same_parent_sequence
33;2;10;2;diversification;3;54f4994b5108;reinsert_block;;;;;;;18;25;40;;;;;True;False;False;True;;ok;16775.81052372651;16162.358541515787;16162.358541515787;15405.706981493808;199;15405.706981493808;1887.7109;613.451982210725;Evaluated;5.5817;2.4273;64;True;1;
33;2;10;3;diversification;3;54f4994b5108;swap;35;40;;;;;;;;;;;;True;False;False;False;;ok;17100.429439044543;16162.358541515787;16162.358541515787;15405.706981493808;200;15405.706981493808;1895.5759;938.0708975287562;Evaluated;5.4337;2.4286;64;True;1;
33;2;10;4;diversification;3;54f4994b5108;move;;;50;28;;;;;;;;;;True;False;False;True;;ok;16159.52285580496;16162.358541515787;16162.358541515787;15405.706981493808;201;15405.706981493808;1903.1921;-2.8356857108265103;Evaluated;5.1783;2.4354;64;True;1;
33;2;10;5;diversification;3;54f4994b5108;move;;;45;20;;;;;;;;;;True;False;False;True;;ok;16994.765839858628;16162.358541515787;16162.358541515787;15405.706981493808;202;15405.706981493808;1910.9352;832.4072983428414;Evaluated;5.3113;2.4291;64;True;1;
33;2;10;6;diversification;3;54f4994b5108;move;;;37;25;;;;;;;;;;True;False;False;True;;ok;16731.826956008794;16162.358541515787;16162.358541515787;15405.706981493808;203;15405.706981493808;1922.1912;569.468414493007;Evaluated;8.825;2.4282;64;True;2;duplicate_for_same_parent_sequence
33;2;10;7;diversification;3;54f4994b5108;move;;;40;25;;;;;;;;;;True;False;False;True;;ok;16618.83697628846;16162.358541515787;16162.358541515787;15405.706981493808;204;15405.706981493808;1929.6805;456.4784347726745;Evaluated;5.0522;2.4339;64;True;1;
33;2;10;8;diversification;3;54f4994b5108;move;;;18;25;;;;;;;;;;True;False;False;False;;ok;17073.170206815725;16162.358541515787;16162.358541515787;15405.706981493808;205;15405.706981493808;1937.3769;910.8116652999379;Evaluated;5.2645;2.4291;64;True;1;
33;2;10;9;diversification;3;54f4994b5108;move;;;35;24;;;;;;;;;;True;False;False;True;;ok;16570.390949980538;16162.358541515787;16162.358541515787;15405.706981493808;206;15405.706981493808;1948.3458;408.0324084647509;Evaluated;8.5403;2.4255;64;True;2;duplicate_for_same_parent_sequence
33;2;10;10;diversification;3;54f4994b5108;move;;;48;35;;;;;;;;;;True;False;False;True;;ok;16153.287168099036;16162.358541515787;16162.358541515787;15405.706981493808;207;15405.706981493808;1959.5477;-9.071373416751157;Evaluated;8.7696;2.4289;64;True;2;duplicate_for_same_parent_sequence
33;2;10;;diversification;0;;;;;;;;;;;;;;;;;;;;;End-of-iteration summary row;;;16153.287168099036;15405.706981493808;207;15405.706981493808;1959.5658;;IterationSummary;;;;;;
34;2;11;1;normal;0;eb5013aaa837;move;;;10;5;;;;;;;;;;True;False;False;False;;ok;17871.01001216942;16153.287168099036;16153.287168099036;15405.706981493808;208;15405.706981493808;1967.6409;1717.7228440703839;Evaluated;5.6401;2.4285;64;True;1;
34;2;11;2;normal;0;eb5013aaa837;swap;20;21;;;;;;;;;;;;True;False;False;False;;ok;16190.341483837037;16153.287168099036;16153.287168099036;15405.706981493808;209;15405.706981493808;1975.3066;37.054315738001605;Evaluated;5.2304;2.4326;64;True;1;
34;2;11;3;normal;0;eb5013aaa837;reinsert_block;;;;;;;35;40;25;;;;;True;False;False;True;;ok;17278.009277691926;16153.287168099036;16153.287168099036;15405.706981493808;210;15405.706981493808;1983.2121;1124.7221095928908;Evaluated;5.4698;2.4327;64;True;1;
34;2;11;4;normal;0;eb5013aaa837;move;;;50;28;;;;;;;;;;True;False;False;True;;ok;16446.51161667191;16153.287168099036;16153.287168099036;15405.706981493808;211;15405.706981493808;1990.8923;293.22444857287337;Evaluated;5.2546;2.4249;64;True;1;
34;2;11;5;normal;0;eb5013aaa837;move;;;27;10;;;;;;;;;;True;False;False;True;;ok;17831.62784182621;16153.287168099036;16153.287168099036;15405.706981493808;212;15405.706981493808;1998.2956;1678.3406737271762;Evaluated;4.9745;2.4255;64;True;1;
34;2;11;;normal;1;;;;;;;;;;;;;;;;;;;;;End-of-iteration summary row;;;16153.287168099036;15405.706981493808;212;15405.706981493808;1998.2994;;IterationSummary;;;;;;
35;2;12;1;normal;1;eb5013aaa837;move;;;7;2;;;;;;;;;;True;False;False;False;;ok;17529.40091742485;16153.287168099036;16153.287168099036;15405.706981493808;213;15405.706981493808;2009.7982;1376.1137493258138;Evaluated;9.0655;2.4262;64;True;2;duplicate_for_same_parent_sequence
35;2;12;2;normal;1;eb5013aaa837;swap;18;25;;;;;;;;;;;;True;False;False;False;;ok;17268.71333673194;16153.287168099036;16153.287168099036;15405.706981493808;214;15405.706981493808;2017.5353;1115.4261686329046;Evaluated;5.3079;2.4285;64;True;1;
35;2;12;3;normal;1;eb5013aaa837;reinsert_block;;;;;;;35;40;28;;;;;True;False;False;False;;ok;16733.17280867492;16153.287168099036;16153.287168099036;15405.706981493808;215;15405.706981493808;2025.7526;579.8856405758852;Evaluated;5.7772;2.4371;64;True;1;
35;2;12;4;normal;1;eb5013aaa837;move;;;49;30;;;;;;;;;;True;False;False;True;;ok;16992.333089955093;16153.287168099036;16153.287168099036;15405.706981493808;216;15405.706981493808;2036.7238;839.0459218560572;Evaluated;8.5374;2.4305;64;True;2;duplicate_for_same_parent_sequence
35;2;12;5;normal;1;eb5013aaa837;move;;;50;30;;;;;;;;;;True;False;False;True;;ok;16447.636399288167;16153.287168099036;16153.287168099036;15405.706981493808;217;15405.706981493808;2044.2663;294.3492311891314;Evaluated;5.106;2.434;64;True;1;
35;2;12;;normal;2;;;;;;;;;;;;;;;;;;;;;End-of-iteration summary row;;;16153.287168099036;15405.706981493808;217;15405.706981493808;2044.2698;;IterationSummary;;;;;;
36;2;13;1;normal;2;eb5013aaa837;move;;;10;5;;;;;;;;;;False;True;False;;;ok;;16153.287168099036;16153.287168099036;15405.706981493808;217;15405.706981493808;2056.5318;;DuplicateForSameParentSequenceAfterRetries;12.2522;;;;3;duplicate_for_same_parent_sequence
36;2;13;2;normal;2;eb5013aaa837;swap;17;20;;;;;;;;;;;;True;False;False;False;;ok;17432.22519038326;16153.287168099036;16153.287168099036;15405.706981493808;218;15405.706981493808;2064.2967;1278.9380222842228;Evaluated;5.3369;2.4271;64;True;1;
36;2;13;3;normal;2;eb5013aaa837;move;;;37;29;;;;;;;;;;True;False;False;False;;ok;16951.865062364042;16153.287168099036;16153.287168099036;15405.706981493808;219;15405.706981493808;2075.6874;798.5778942650068;Evaluated;8.9555;2.4321;64;True;2;duplicate_for_same_parent_sequence
36;2;13;4;normal;2;eb5013aaa837;move;;;49;35;;;;;;;;;;True;False;False;True;;ok;16981.457328375058;16153.287168099036;16153.287168099036;15405.706981493808;220;15405.706981493808;2086.9044;828.1701602760222;Evaluated;8.7864;2.428;64;True;2;duplicate_for_same_parent_sequence
36;2;13;5;normal;2;eb5013aaa837;move;;;40;15;;;;;;;;;;True;False;False;True;;ok;16791.84542539448;16153.287168099036;16153.287168099036;15405.706981493808;221;15405.706981493808;2094.6272;638.5582572954445;Evaluated;5.294;2.4254;64;True;1;
36;2;13;;normal;3;;;;;;;;;;;;;;;;;;;;;End-of-iteration summary row;;;16153.287168099036;15405.706981493808;221;15405.706981493808;2094.6307;;IterationSummary;;;;;;
37;2;14;1;diversification;3;eb5013aaa837;move;;;8;2;;;;;;;;;;True;False;False;False;;ok;17986.4329288888;16153.287168099036;16153.287168099036;15405.706981493808;222;15405.706981493808;2106.1014;1833.1457607897646;Evaluated;9.037;2.4249;64;True;2;duplicate_for_same_parent_sequence
37;2;14;2;diversification;3;eb5013aaa837;reinsert_block;;;;;;;20;25;15;;;;;True;False;False;False;;ok;17961.450534477986;16153.287168099036;16153.287168099036;15405.706981493808;223;15405.706981493808;2114.174;1808.1633663789507;Evaluated;5.6359;2.4339;64;True;1;
37;2;14;3;diversification;3;eb5013aaa837;swap;35;40;;;;;;;;;;;;True;False;False;False;;ok;16181.431852377033;16153.287168099036;16153.287168099036;15405.706981493808;224;15405.706981493808;2121.8723;28.14468427799693;Evaluated;5.2594;2.4358;64;True;1;
37;2;14;4;diversification;3;eb5013aaa837;move;;;60;49;;;;;;;;;;True;False;False;True;;ok;15985.895280198016;16153.287168099036;16153.287168099036;15405.706981493808;225;15405.706981493808;2136.2377;-167.3918879010198;Evaluated;12.1345;2.2281;64;True;3;duplicate_for_same_parent_sequence
37;2;14;5;diversification;3;eb5013aaa837;move;;;30;10;;;;;;;;;;True;False;False;True;;ok;16368.046048599965;16153.287168099036;16153.287168099036;15405.706981493808;226;15405.706981493808;2144.132;214.75888050092908;Evaluated;5.4582;2.4326;64;True;1;
37;2;14;6;diversification;3;eb5013aaa837;move;;;50;25;;;;;;;;;;True;False;False;True;;ok;16446.51161667191;16153.287168099036;16153.287168099036;15405.706981493808;227;15405.706981493808;2151.8649;293.22444857287337;Evaluated;5.2969;2.4329;64;True;1;
37;2;14;7;diversification;3;eb5013aaa837;move;;;50;29;;;;;;;;;;True;False;False;True;;ok;16478.999942561568;16153.287168099036;16153.287168099036;15405.706981493808;228;15405.706981493808;2159.4438;325.71277446253225;Evaluated;5.1387;2.4364;64;True;1;
37;2;14;8;diversification;3;eb5013aaa837;move;;;8;15;;;;;;;;;;True;False;False;False;;ok;16234.682143623455;16153.287168099036;16153.287168099036;15405.706981493808;229;15405.706981493808;2167.0293;81.39497552441935;Evaluated;5.1538;2.431;64;True;1;
37;2;14;9;diversification;3;eb5013aaa837;move;;;28;10;;;;;;;;;;True;False;False;True;;ok;17832.53424541708;16153.287168099036;16153.287168099036;15405.706981493808;230;15405.706981493808;2174.6601;1679.247077318043;Evaluated;5.2064;2.422;64;True;1;
37;2;14;10;diversification;3;eb5013aaa837;swap;41;42;;;;;;;;;;;;True;False;False;False;;ok;16153.287168099036;16153.287168099036;16153.287168099036;15405.706981493808;231;15405.706981493808;2185.763;0.0;Evaluated;8.6702;2.4296;64;True;2;duplicate_for_same_parent_sequence
37;2;14;;diversification;0;;;;;;;;;;;;;;;;;;;;;End-of-iteration summary row;;;15985.895280198016;15405.706981493808;231;15405.706981493808;2185.7766;;IterationSummary;;;;;;
38;2;15;1;normal;0;aa24723bc4f3;move;;;10;5;;;;;;;;;;True;False;False;False;;ok;17697.35071569859;15985.895280198016;15985.895280198016;15405.706981493808;232;15405.706981493808;2193.8253;1711.4554355005748;Evaluated;5.6029;2.4383;64;True;1;
38;2;15;2;normal;0;aa24723bc4f3;swap;18;20;;;;;;;;;;;;True;False;False;False;;ok;17029.775622820216;15985.895280198016;15985.895280198016;15405.706981493808;233;15405.706981493808;2201.6491;1043.8803426222003;Evaluated;5.3928;2.4283;64;True;1;
38;2;15;3;normal;0;aa24723bc4f3;reinsert_block;;;;;;;32;38;47;;;;;True;False;False;True;;ok;15844.957394579364;15985.895280198016;15985.895280198016;15405.706981493808;234;15405.706981493808;2209.3288;-140.93788561865222;Evaluated;5.4501;2.2265;64;True;1;
38;2;15;4;normal;0;aa24723bc4f3;move;;;50;35;;;;;;;;;;True;False;False;True;;ok;16316.650317125646;15985.895280198016;15985.895280198016;15405.706981493808;235;15405.706981493808;2216.9735;330.7550369276305;Evaluated;5.2109;2.431;64;True;1;
38;2;15;5;normal;0;aa24723bc4f3;move;;;40;25;;;;;;;;;;True;False;False;True;;ok;16165.332694223067;15985.895280198016;15985.895280198016;15405.706981493808;236;15405.706981493808;2224.5759;179.4374140250511;Evaluated;5.1696;2.4303;64;True;1;
38;2;15;;normal;0;;;;;;;;;;;;;;;;;;;;;End-of-iteration summary row;;;15844.957394579364;15405.706981493808;236;15405.706981493808;2224.5826;;IterationSummary;;;;;;
39;2;16;1;normal;0;04f5580bea12;move;;;10;5;;;;;;;;;;True;False;False;False;;ok;17156.8904091132;15844.957394579364;15844.957394579364;15405.706981493808;237;15405.706981493808;2232.6685;1311.9330145338354;Evaluated;5.6466;2.4322;64;True;1;
39;2;16;2;normal;0;04f5580bea12;swap;16;20;;;;;;;;;;;;True;False;False;False;;ok;16804.148289721757;15844.957394579364;15844.957394579364;15405.706981493808;238;15405.706981493808;2240.3897;959.1908951423939;Evaluated;5.2869;2.4312;64;True;1;
39;2;16;3;normal;0;04f5580bea12;reinsert_block;;;;;;;35;40;28;;;;;True;False;False;False;;ok;17335.832228680345;15844.957394579364;15844.957394579364;15405.706981493808;239;15405.706981493808;2248.3423;1490.8748341009814;Evaluated;5.5224;2.4274;64;True;1;
39;2;16;4;normal;0;04f5580bea12;move;;;50;29;;;;;;;;;;True;False;False;True;;ok;15480.41255115491;15844.957394579364;15844.957394579364;15405.706981493808;240;15405.706981493808;2255.7893;-364.5448434244536;Evaluated;5.2189;2.2252;64;True;1;
39;2;16;5;normal;0;04f5580bea12;move;;;28;10;;;;;;;;;;True;False;False;True;;ok;17463.045700661773;15844.957394579364;15844.957394579364;15405.706981493808;241;15405.706981493808;2263.6001;1618.088306082409;Evaluated;5.3835;2.4248;64;True;1;
39;2;16;;normal;0;;;;;;;;;;;;;;;;;;;;;End-of-iteration summary row;;;15480.41255115491;15405.706981493808;241;15405.706981493808;2263.6129;;IterationSummary;;;;;;
40;2;17;1;normal;0;3360efca4db8;move;;;8;15;;;;;;;;;;True;False;False;False;;ok;15504.216705696357;15480.41255115491;15480.41255115491;15405.706981493808;242;15405.706981493808;2271.669;23.804154541447133;Evaluated;5.819;2.2288;64;True;1;
40;2;17;2;normal;0;3360efca4db8;swap;20;25;;;;;;;;;;;;True;False;False;False;;ok;16339.433114555832;15480.41255115491;15480.41255115491;15405.706981493808;243;15405.706981493808;2279.2042;859.0205634009217;Evaluated;5.1068;2.4258;64;True;1;
40;2;17;3;normal;0;3360efca4db8;reinsert_block;;;;;;;32;35;47;;;;;True;False;False;True;;ok;16178.08998674773;15480.41255115491;15480.41255115491;15405.706981493808;244;15405.706981493808;2287.2527;697.6774355928192;Evaluated;5.6183;2.427;64;True;1;
40;2;17;4;normal;0;3360efca4db8;move;;;50;32;;;;;;;;;;True;False;False;True;;ok;16180.508198428914;15480.41255115491;15480.41255115491;15405.706981493808;245;15405.706981493808;2295.1894;700.0956472740036;Evaluated;5.5047;2.4311;64;True;1;
40;2;17;5;normal;0;3360efca4db8;move;;;50;35;;;;;;;;;;True;False;False;True;;ok;16180.258902133046;15480.41255115491;15480.41255115491;15405.706981493808;246;15405.706981493808;2302.7759;699.8463509781359;Evaluated;5.1524;2.4314;64;True;1;
40;2;17;;normal;1;;;;;;;;;;;;;;;;;;;;;End-of-iteration summary row;;;15480.41255115491;15405.706981493808;246;15405.706981493808;2302.7774;;IterationSummary;;;;;;
41;2;18;1;normal;1;3360efca4db8;move;;;3;7;;;;;;;;;;True;False;False;False;;ok;16963.216777952373;15480.41255115491;15480.41255115491;15405.706981493808;247;15405.706981493808;2315.345;1482.8042267974633;Evaluated;10.1251;2.4326;64;True;2;duplicate_for_same_parent_sequence
41;2;18;2;normal;1;3360efca4db8;swap;17;20;;;;;;;;;;;;True;False;False;False;;ok;16259.866500293228;15480.41255115491;15480.41255115491;15405.706981493808;248;15405.706981493808;2322.9809;779.4539491383184;Evaluated;5.2015;2.4308;64;True;1;
41;2;18;3;normal;1;3360efca4db8;reinsert_block;;;;;;;34;38;25;;;;;True;False;False;True;;ok;16198.507226017424;15480.41255115491;15480.41255115491;15405.706981493808;249;15405.706981493808;2330.7248;718.0946748625138;Evaluated;5.3129;2.4276;64;True;1;
41;2;18;4;normal;1;3360efca4db8;move;;;50;38;;;;;;;;;;True;False;False;True;;ok;16283.992279031587;15480.41255115491;15480.41255115491;15405.706981493808;250;15405.706981493808;2338.3909;803.5797278766768;Evaluated;5.2294;2.4336;64;True;1;
41;2;18;5;normal;1;3360efca4db8;move;;;50;29;;;;;;;;;;True;False;False;True;;ok;16180.347389385828;15480.41255115491;15480.41255115491;15405.706981493808;251;15405.706981493808;2345.9425;699.9348382309181;Evaluated;5.1229;2.4262;64;True;1;
41;2;18;;normal;2;;;;;;;;;;;;;;;;;;;;;End-of-iteration summary row;;;15480.41255115491;15405.706981493808;251;15405.706981493808;2345.945;;IterationSummary;;;;;;
42;2;19;1;normal;2;3360efca4db8;move;;;8;12;;;;;;;;;;True;False;False;False;;ok;15504.227876752706;15480.41255115491;15480.41255115491;15405.706981493808;252;15405.706981493808;2353.8195;23.81532559779589;Evaluated;5.6331;2.2276;64;True;1;
42;2;19;2;normal;2;3360efca4db8;swap;18;22;;;;;;;;;;;;True;False;False;False;;ok;16229.754661103832;15480.41255115491;15480.41255115491;15405.706981493808;253;15405.706981493808;2364.6058;749.3421099489224;Evaluated;8.3561;2.4276;64;True;2;duplicate_for_same_parent_sequence
42;2;19;3;normal;2;3360efca4db8;reinsert_block;;;;;;;35;40;28;;;;;True;False;False;False;;ok;16310.02346839471;15480.41255115491;15480.41255115491;15405.706981493808;254;15405.706981493808;2372.8391;829.6109172397992;Evaluated;5.804;2.4285;64;True;1;
42;2;19;4;normal;2;3360efca4db8;move;;;50;40;;;;;;;;;;True;False;False;True;;ok;15856.81433282339;15480.41255115491;15480.41255115491;15405.706981493808;255;15405.706981493808;2380.3281;376.4017816684791;Evaluated;5.2598;2.2266;64;True;1;
42;2;19;5;normal;2;3360efca4db8;move;;;40;15;;;;;;;;;;True;False;False;True;;ok;16542.32691982479;15480.41255115491;15480.41255115491;15405.706981493808;256;15405.706981493808;2387.9347;1061.9143686698808;Evaluated;5.1757;2.4285;64;True;1;
42;2;19;;normal;3;;;;;;;;;;;;;;;;;;;;;End-of-iteration summary row;;;15480.41255115491;15405.706981493808;256;15405.706981493808;2387.9375;;IterationSummary;;;;;;
43;2;20;1;diversification;3;3360efca4db8;move;;;10;5;;;;;;;;;;True;False;False;False;;ok;16677.844267552242;15480.41255115491;15480.41255115491;15405.706981493808;257;15405.706981493808;2395.9957;1197.431716397332;Evaluated;5.6145;2.4354;64;True;1;
43;2;20;2;diversification;3;3360efca4db8;reinsert_block;;;;;;;25;30;18;;;;;True;False;False;False;;ok;16360.455391667636;15480.41255115491;15480.41255115491;15405.706981493808;258;15405.706981493808;2403.9383;880.0428405127259;Evaluated;5.5143;2.4252;64;True;1;
43;2;20;3;diversification;3;3360efca4db8;swap;35;40;;;;;;;;;;;;True;False;False;False;;ok;16066.39756812327;15480.41255115491;15480.41255115491;15405.706981493808;259;15405.706981493808;2411.6345;585.9850169683596;Evaluated;5.4593;2.2336;64;True;1;
43;2;20;4;diversification;3;3360efca4db8;move;;;49;25;;;;;;;;;;True;False;False;True;;ok;15660.76815089068;15480.41255115491;15480.41255115491;15405.706981493808;260;15405.706981493808;2422.7793;180.35559973577074;Evaluated;8.9103;2.2338;64;True;2;duplicate_for_same_parent_sequence
43;2;20;5;diversification;3;3360efca4db8;move;;;25;10;;;;;;;;;;True;False;False;True;;ok;16261.046969017518;15480.41255115491;15480.41255115491;15405.706981493808;261;15405.706981493808;2430.559;780.6344178626077;Evaluated;5.343;2.4334;64;True;1;
43;2;20;6;diversification;3;3360efca4db8;move;;;40;25;;;;;;;;;;True;False;False;True;;ok;16126.734835326306;15480.41255115491;15480.41255115491;15405.706981493808;262;15405.706981493808;2438.2127;646.322284171396;Evaluated;5.2196;2.4313;64;True;1;
43;2;20;7;diversification;3;3360efca4db8;move;;;25;30;;;;;;;;;;True;False;False;False;;ok;15826.962103396634;15480.41255115491;15480.41255115491;15405.706981493808;263;15405.706981493808;2445.9515;346.5495522417241;Evaluated;5.4978;2.2385;64;True;1;
43;2;20;8;diversification;3;3360efca4db8;move;;;20;10;;;;;;;;;;True;False;False;True;;ok;16603.00070511695;15480.41255115491;15480.41255115491;15405.706981493808;264;15405.706981493808;2456.7809;1122.5881539620386;Evaluated;8.4002;2.4266;64;True;2;duplicate_for_same_parent_sequence
43;2;20;9;diversification;3;3360efca4db8;move;;;4;18;;;;;;;;;;True;False;False;True;;ok;16421.449923591983;15480.41255115491;15480.41255115491;15405.706981493808;265;15405.706981493808;2467.7169;941.0373724370729;Evaluated;8.5048;2.4284;64;True;2;duplicate_for_same_parent_sequence
43;2;20;10;diversification;3;3360efca4db8;swap;40;45;;;;;;;;;;;;True;False;False;False;;ok;15496.416879149145;15480.41255115491;15480.41255115491;15405.706981493808;266;15405.706981493808;2478.9691;16.0043279942347;Evaluated;9.0224;2.229;64;True;2;duplicate_for_same_parent_sequence
43;2;20;;diversification;4;;;;;;;;;;;;;;;;;;;;;End-of-iteration summary row;;;15480.41255115491;15405.706981493808;266;15405.706981493808;2478.9722;;IterationSummary;;;;;;
44;2;21;1;diversification;4;3360efca4db8;move;;;10;25;;;;;;;;;;True;False;False;True;;ok;16231.34551738724;15480.41255115491;15480.41255115491;15405.706981493808;267;15405.706981493808;2486.9698;750.9329662323307;Evaluated;5.5574;2.4262;64;True;1;
44;2;21;2;diversification;4;3360efca4db8;reinsert_block;;;;;;;18;25;30;;;;;True;False;False;False;;ok;16243.910500130993;15480.41255115491;15480.41255115491;15405.706981493808;268;15405.706981493808;2495.2253;763.4979489760826;Evaluated;5.8212;2.4308;64;True;1;
44;2;21;3;diversification;4;3360efca4db8;swap;32;37;;;;;;;;;;;;True;False;False;False;;ok;16016.39544453316;15480.41255115491;15480.41255115491;15405.706981493808;269;15405.706981493808;2506.1412;535.9828933782501;Evaluated;8.6878;2.2255;64;True;2;duplicate_for_same_parent_sequence
44;2;21;4;diversification;4;3360efca4db8;move;;;48;30;;;;;;;;;;True;False;False;True;;ok;15833.585928906174;15480.41255115491;15480.41255115491;15405.706981493808;270;15405.706981493808;2517.167;353.1733777512636;Evaluated;8.7982;2.2268;64;True;2;duplicate_for_same_parent_sequence
44;2;21;5;diversification;4;3360efca4db8;move;;;35;20;;;;;;;;;;True;False;False;True;;ok;16168.83973063446;15480.41255115491;15480.41255115491;15405.706981493808;271;15405.706981493808;2525.1461;688.4271794795495;Evaluated;5.5481;2.4281;64;True;1;
44;2;21;6;diversification;4;3360efca4db8;move;;;35;40;;;;;;;;;;True;False;False;False;;ok;15960.352050555859;15480.41255115491;15480.41255115491;15405.706981493808;272;15405.706981493808;2532.9471;479.939499400949;Evaluated;5.574;2.2239;64;True;1;
44;2;21;7;diversification;4;3360efca4db8;move;;;49;20;;;;;;;;;;True;False;False;True;;ok;15814.130633263947;15480.41255115491;15480.41255115491;15405.706981493808;273;15405.706981493808;2543.7363;333.7180821090369;Evaluated;8.5595;2.227;64;True;2;duplicate_for_same_parent_sequence
44;2;21;8;diversification;4;3360efca4db8;move;;;15;8;;;;;;;;;;True;False;False;False;;ok;16302.806294909247;15480.41255115491;15480.41255115491;15405.706981493808;274;15405.706981493808;2554.9867;822.3937437543373;Evaluated;8.8187;2.4281;64;True;2;duplicate_for_same_parent_sequence
44;2;21;9;diversification;4;3360efca4db8;move;;;29;40;;;;;;;;;;True;False;False;True;;ok;15961.682316172297;15480.41255115491;15480.41255115491;15405.706981493808;275;15405.706981493808;2562.5096;481.2697650173868;Evaluated;5.2899;2.2298;64;True;1;
44;2;21;10;diversification;4;3360efca4db8;move;;;47;38;;;;;;;;;;True;False;False;False;;ok;15807.464986996407;15480.41255115491;15480.41255115491;15405.706981493808;276;15405.706981493808;2573.637;327.05243584149684;Evaluated;8.8991;2.2245;64;True;2;duplicate_for_same_parent_sequence
44;2;21;;diversification;5;;;;;;;;;;;;;;;;;;;;;End-of-iteration summary row;;;15480.41255115491;15405.706981493808;276;15405.706981493808;2573.6378;;IterationSummary;;;;;;
45;2;22;1;diversification;5;3360efca4db8;move;;;4;20;;;;;;;;;;True;False;False;True;;ok;16694.59049201622;15480.41255115491;15480.41255115491;15405.706981493808;277;15405.706981493808;2581.6851;1214.177940861311;Evaluated;5.6154;2.4265;64;True;1;
45;2;22;2;diversification;5;3360efca4db8;reinsert_block;;;;;;;20;25;30;;;;;True;False;False;False;;ok;16781.73794806587;15480.41255115491;15480.41255115491;15405.706981493808;278;15405.706981493808;2589.9725;1301.325396910961;Evaluated;5.8558;2.4287;64;True;1;
45;2;22;3;diversification;5;3360efca4db8;swap;32;40;;;;;;;;;;;;True;False;False;False;;ok;16147.104309841387;15480.41255115491;15480.41255115491;15405.706981493808;279;15405.706981493808;2597.7055;666.6917586864765;Evaluated;5.3093;2.423;64;True;1;
45;2;22;4;diversification;5;3360efca4db8;move;;;50;25;;;;;;;;;;True;False;False;True;;ok;16182.329850297883;15480.41255115491;15480.41255115491;15405.706981493808;280;15405.706981493808;2612.4912;701.9172991429732;Evaluated;12.3499;2.433;64;True;3;duplicate_for_same_parent_sequence
45;2;22;5;diversification;5;3360efca4db8;move;;;50;30;;;;;;;;;;True;False;False;True;;ok;16179.56089840298;15480.41255115491;15480.41255115491;15405.706981493808;281;15405.706981493808;2620.1242;699.1483472480704;Evaluated;5.2069;2.4235;64;True;1;
45;2;22;6;diversification;5;3360efca4db8;move;;;30;40;;;;;;;;;;True;False;False;True;;ok;16051.826149602466;15480.41255115491;15480.41255115491;15405.706981493808;282;15405.706981493808;2630.9161;571.4135984475561;Evaluated;8.5549;2.234;64;True;2;duplicate_for_same_parent_sequence
45;2;22;7;diversification;5;3360efca4db8;move;;;25;10;;;;;;;;;;False;True;False;;;ok;;15480.41255115491;15480.41255115491;15405.706981493808;282;15405.706981493808;2642.8633;;DuplicateForSameParentSequenceAfterRetries;11.9444;;;;3;duplicate_for_same_parent_sequence
45;2;22;8;diversification;5;3360efca4db8;swap;18;25;;;;;;;;;;;;True;False;False;False;;ok;16287.80632483021;15480.41255115491;15480.41255115491;15405.706981493808;283;15405.706981493808;2654.0445;807.3937736752996;Evaluated;8.7449;2.4353;64;True;2;duplicate_for_same_parent_sequence
45;2;22;9;diversification;5;3360efca4db8;move;;;35;10;;;;;;;;;;True;False;False;True;;ok;15484.276501528018;15480.41255115491;15480.41255115491;15405.706981493808;284;15405.706981493808;2665.0051;3.8639503731083096;Evaluated;8.7288;2.2292;64;True;2;duplicate_for_same_parent_sequence
45;2;22;10;diversification;5;3360efca4db8;swap;41;48;;;;;;;;;;;;True;False;False;False;;ok;15365.393890459722;15480.41255115491;15480.41255115491;15405.706981493808;285;15405.706981493808;2676.0294;-115.01866069518837;EvaluatedImprovementDespiteDiversificationMismatch;8.7913;2.2298;64;True;2;duplicate_for_same_parent_sequence
45;2;22;;diversification;0;;;;;;;;;;;;;;;;;;;;;End-of-iteration summary row;;;15365.393890459722;15365.393890459722;285;15365.393890459722;2676.0477;;IterationSummary;;;;;;
46;2;23;1;normal;0;748d55dc3760;move;;;10;5;;;;;;;;;;True;False;False;False;;ok;16671.617900113095;15365.393890459722;15365.393890459722;15365.393890459722;286;15365.393890459722;2683.9255;1306.2240096533733;Evaluated;5.4446;2.4279;64;True;1;
46;2;23;2;normal;0;748d55dc3760;swap;18;20;;;;;;;;;;;;True;False;False;False;;ok;16064.97939542304;15365.393890459722;15365.393890459722;15365.393890459722;287;15365.393890459722;2691.6127;699.5855049633192;Evaluated;5.2569;2.4274;64;True;1;
46;2;23;3;normal;0;748d55dc3760;reinsert_block;;;;;;;32;38;40;;;;;True;False;False;False;;ok;16255.141463403597;15365.393890459722;15365.393890459722;15365.393890459722;288;15365.393890459722;2699.5718;889.7475729438756;Evaluated;5.53;2.4285;64;True;1;
46;2;23;4;normal;0;748d55dc3760;move;;;50;30;;;;;;;;;;True;False;False;True;;ok;16185.19377429292;15365.393890459722;15365.393890459722;15365.393890459722;289;15365.393890459722;2707.2497;819.7998838331987;Evaluated;5.2485;2.4267;64;True;1;
46;2;23;5;normal;0;748d55dc3760;move;;;30;25;;;;;;;;;;True;False;False;False;;ok;15648.855217828634;15365.393890459722;15365.393890459722;15365.393890459722;290;15365.393890459722;2714.8666;283.46132736891195;Evaluated;5.3879;2.2265;64;True;1;
46;2;23;;normal;1;;;;;;;;;;;;;;;;;;;;;End-of-iteration summary row;;;15365.393890459722;15365.393890459722;290;15365.393890459722;2714.8692;;IterationSummary;;;;;;
47;2;24;1;normal;1;748d55dc3760;move;;;25;10;;;;;;;;;;True;False;False;True;;ok;16259.665834515507;15365.393890459722;15365.393890459722;15365.393890459722;291;15365.393890459722;2726.6873;894.2719440557848;Evaluated;9.3822;2.4255;64;True;2;duplicate_for_same_parent_sequence
47;2;24;2;normal;1;748d55dc3760;swap;17;25;;;;;;;;;;;;True;False;False;False;;ok;16374.651221727501;15365.393890459722;15365.393890459722;15365.393890459722;292;15365.393890459722;2734.2452;1009.2573312677796;Evaluated;5.1295;2.4273;64;True;1;
47;2;24;3;normal;1;748d55dc3760;reinsert_block;;;;;;;35;40;28;;;;;True;False;False;False;;ok;16198.631878469514;15365.393890459722;15365.393890459722;15365.393890459722;293;15365.393890459722;2742.1741;833.2379880097924;Evaluated;5.4949;2.4308;64;True;1;
47;2;24;4;normal;1;748d55dc3760;move;;;50;48;;;;;;;;;;True;False;False;False;;ok;15840.91307322938;15365.393890459722;15365.393890459722;15365.393890459722;294;15365.393890459722;2749.6142;475.5191827696581;Evaluated;5.2125;2.2254;64;True;1;
47;2;24;5;normal;1;748d55dc3760;move;;;35;18;;;;;;;;;;True;False;False;True;;ok;15595.750480544939;15365.393890459722;15365.393890459722;15365.393890459722;295;15365.393890459722;2760.4546;230.35659008521725;Evaluated;8.6105;2.2272;64;True;2;duplicate_for_same_parent_sequence
47;2;24;;normal;2;;;;;;;;;;;;;;;;;;;;;End-of-iteration summary row;;;15365.393890459722;15365.393890459722;295;15365.393890459722;2760.4578;;IterationSummary;;;;;;
48;2;25;1;normal;2;748d55dc3760;move;;;5;10;;;;;;;;;;True;False;False;False;;ok;16138.715114522643;15365.393890459722;15365.393890459722;15365.393890459722;296;15365.393890459722;2768.6669;773.3212240629218;Evaluated;5.7628;2.432;64;True;1;
48;2;25;2;normal;2;748d55dc3760;swap;20;21;;;;;;;;;;;;True;False;False;False;;ok;15363.985612750745;15365.393890459722;15365.393890459722;15365.393890459722;297;15365.393890459722;2776.4214;-1.4082777089770389;Evaluated;5.5183;2.2332;64;True;1;
48;2;25;3;normal;2;748d55dc3760;reinsert_block;;;;;;;32;35;40;;;;;True;False;False;False;;ok;16178.432701404743;15365.393890459722;15365.393890459722;15365.393890459722;298;15365.393890459722;2784.3466;813.0388109450214;Evaluated;5.4904;2.4321;64;True;1;
48;2;25;4;normal;2;748d55dc3760;move;;;48;60;;;;;;;;;;True;False;False;True;;ok;16108.845648581015;15365.393890459722;15365.393890459722;15365.393890459722;299;15365.393890459722;2795.6527;743.4517581212931;Evaluated;8.875;2.4282;64;True;2;duplicate_for_same_parent_sequence
48;2;25;5;normal;2;748d55dc3760;move;;;50;10;;;;;;;;;;True;False;False;True;;ok;17105.666704476207;15365.393890459722;15365.393890459722;15365.393890459722;300;15365.393890459722;2803.199;1740.2728140164854;Evaluated;5.1123;2.4309;64;True;1;
48;2;25;;normal;0;;;;;;;;;;;;;;;;;;;;;End-of-iteration summary row;;;15363.985612750745;15363.985612750745;300;15363.985612750745;2803.2182;;IterationSummary;;;;;;
49;2;26;1;normal;0;4e4999cfc2eb;move;;;10;5;;;;;;;;;;True;False;False;False;;ok;16209.350880804093;15363.985612750745;15363.985612750745;15363.985612750745;301;15363.985612750745;2811.3054;845.3652680533487;Evaluated;5.6475;2.4346;64;True;1;
49;2;26;2;normal;0;4e4999cfc2eb;swap;20;21;;;;;;;;;;;;True;False;False;False;;ok;15365.393890459722;15363.985612750745;15363.985612750745;15363.985612750745;302;15363.985612750745;2818.7812;1.4082777089770389;Evaluated;5.2419;2.2312;64;True;1;
49;2;26;3;normal;0;4e4999cfc2eb;reinsert_block;;;;;;;35;40;28;;;;;True;False;False;False;;ok;16181.521715699353;15363.985612750745;15363.985612750745;15363.985612750745;303;15363.985612750745;2826.7177;817.5361029486085;Evaluated;5.5098;2.4241;64;True;1;
49;2;26;4;normal;0;4e4999cfc2eb;move;;;50;25;;;;;;;;;;True;False;False;True;;ok;16187.192237730535;15363.985612750745;15363.985612750745;15363.985612750745;304;15363.985612750745;2834.4001;823.2066249797899;Evaluated;5.247;2.4343;64;True;1;
49;2;26;5;normal;0;4e4999cfc2eb;move;;;15;28;;;;;;;;;;True;False;False;True;;ok;15561.53466035276;15363.985612750745;15363.985612750745;15363.985612750745;305;15363.985612750745;2841.78;197.54904760201498;Evaluated;5.1519;2.2249;64;True;1;
49;2;26;;normal;1;;;;;;;;;;;;;;;;;;;;;End-of-iteration summary row;;;15363.985612750745;15363.985612750745;305;15363.985612750745;2841.7807;;IterationSummary;;;;;;
50;2;27;1;normal;1;4e4999cfc2eb;move;;;5;10;;;;;;;;;;True;False;False;False;;ok;16133.914290974868;15363.985612750745;15363.985612750745;15363.985612750745;306;15363.985612750745;2849.7884;769.9286782241234;Evaluated;5.5772;2.4255;64;True;1;
50;2;27;2;normal;1;4e4999cfc2eb;swap;18;20;;;;;;;;;;;;True;False;False;False;;ok;16051.058163543838;15363.985612750745;15363.985612750745;15363.985612750745;307;15363.985612750745;2857.204;687.0725507930929;Evaluated;5.1839;2.2292;64;True;1;
50;2;27;3;normal;1;4e4999cfc2eb;move;;;30;15;;;;;;;;;;True;False;False;True;;ok;16140.580162947383;15363.985612750745;15363.985612750745;15363.985612750745;308;15363.985612750745;2868.6223;776.594550196638;Evaluated;8.9879;2.4273;64;True;2;duplicate_for_same_parent_sequence
50;2;27;4;normal;1;4e4999cfc2eb;move;;;50;30;;;;;;;;;;True;False;False;True;;ok;16185.416935980795;15363.985612750745;15363.985612750745;15363.985612750745;309;15363.985612750745;2876.2036;821.4313232300501;Evaluated;5.1485;2.4295;64;True;1;
50;2;27;5;normal;1;4e4999cfc2eb;move;;;25;40;;;;;;;;;;True;False;False;True;;ok;15791.553886741262;15363.985612750745;15363.985612750745;15363.985612750745;310;15363.985612750745;2883.5641;427.5682739905169;Evaluated;5.1252;2.2322;64;True;1;
50;2;27;;normal;2;;;;;;;;;;;;;;;;;;;;;End-of-iteration summary row;;;15363.985612750745;15363.985612750745;310;15363.985612750745;2883.5676;;IterationSummary;;;;;;
51;2;28;1;normal;2;4e4999cfc2eb;move;;;8;3;;;;;;;;;;True;False;False;False;;ok;16045.82310047748;15363.985612750745;15363.985612750745;15363.985612750745;311;15363.985612750745;2894.9096;681.8374877267361;Evaluated;8.9018;2.4286;64;True;2;duplicate_for_same_parent_sequence
51;2;28;2;normal;2;4e4999cfc2eb;swap;17;30;;;;;;;;;;;;True;False;False;True;;ok;16874.989395894954;15363.985612750745;15363.985612750745;15363.985612750745;312;15363.985612750745;2906.4261;1511.0037831442096;Evaluated;9.0832;2.4306;64;True;2;duplicate_for_same_parent_sequence
51;2;28;3;normal;2;4e4999cfc2eb;move;;;35;15;;;;;;;;;;True;False;False;True;;ok;15406.649342632038;15363.985612750745;15363.985612750745;15363.985612750745;313;15363.985612750745;2917.8147;42.663729881292966;Evaluated;9.1558;2.2297;64;True;2;duplicate_for_same_parent_sequence
51;2;28;4;normal;2;4e4999cfc2eb;move;;;50;35;;;;;;;;;;True;False;False;True;;ok;16183.822979161394;15363.985612750745;15363.985612750745;15363.985612750745;314;15363.985612750745;2925.7526;819.8373664106493;Evaluated;5.5057;2.4313;64;True;1;
51;2;28;5;normal;2;4e4999cfc2eb;move;;;45;30;;;;;;;;;;True;False;False;True;;ok;16084.838764687654;15363.985612750745;15363.985612750745;15363.985612750745;315;15363.985612750745;2932.9653;720.8531519369099;Evaluated;4.9769;2.2332;64;True;1;
51;2;28;;normal;3;;;;;;;;;;;;;;;;;;;;;End-of-iteration summary row;;;15363.985612750745;15363.985612750745;315;15363.985612750745;2932.9673;;IterationSummary;;;;;;
52;2;29;1;diversification;3;4e4999cfc2eb;move;;;10;25;;;;;;;;;;True;False;False;True;;ok;16221.561038617961;15363.985612750745;15363.985612750745;15363.985612750745;316;15363.985612750745;2941.0217;857.5754258672168;Evaluated;5.6193;2.4256;64;True;1;
52;2;29;2;diversification;3;4e4999cfc2eb;reinsert_block;;;;;;;20;25;10;;;;;True;False;False;True;;ok;16751.84692592131;15363.985612750745;15363.985612750745;15363.985612750745;317;15363.985612750745;2948.9437;1387.8613131705642;Evaluated;5.49;2.4291;64;True;1;
52;2;29;3;diversification;3;4e4999cfc2eb;swap;35;40;;;;;;;;;;;;True;False;False;False;;ok;16042.909897502264;15363.985612750745;15363.985612750745;15363.985612750745;318;15363.985612750745;2956.6453;678.9242847515197;Evaluated;5.469;2.2298;64;True;1;
52;2;29;4;diversification;3;4e4999cfc2eb;move;;;50;48;;;;;;;;;;True;False;False;False;;ok;15840.79073591659;15363.985612750745;15363.985612750745;15363.985612750745;319;15363.985612750745;2964.1731;476.80512316584463;Evaluated;5.3;2.2253;64;True;1;
52;2;29;5;diversification;3;4e4999cfc2eb;move;;;25;10;;;;;;;;;;True;False;False;True;;ok;16255.968176714048;15363.985612750745;15363.985612750745;15363.985612750745;320;15363.985612750745;2971.9846;891.9825639633036;Evaluated;5.3756;2.4349;64;True;1;
52;2;29;6;diversification;3;4e4999cfc2eb;move;;;50;20;;;;;;;;;;True;False;False;True;;ok;16187.966062039126;15363.985612750745;15363.985612750745;15363.985612750745;321;15363.985612750745;2979.756;823.9804492883814;Evaluated;5.3362;2.4325;64;True;1;
52;2;29;7;diversification;3;4e4999cfc2eb;move;;;40;18;;;;;;;;;;True;False;False;True;;ok;16114.771317840965;15363.985612750745;15363.985612750745;15363.985612750745;322;15363.985612750745;2990.7645;750.7857050902203;Evaluated;8.5802;2.4254;64;True;2;duplicate_for_same_parent_sequence
52;2;29;8;diversification;3;4e4999cfc2eb;move;;;8;15;;;;;;;;;;True;False;False;False;;ok;15424.513321196433;15363.985612750745;15363.985612750745;15363.985612750745;323;15363.985612750745;3001.5848;60.527708445688404;Evaluated;8.5826;2.2346;64;True;2;duplicate_for_same_parent_sequence
52;2;29;9;diversification;3;4e4999cfc2eb;move;;;25;30;;;;;;;;;;True;False;False;False;;ok;15729.859820344496;15363.985612750745;15363.985612750745;15363.985612750745;324;15363.985612750745;3008.8138;365.87420759375163;Evaluated;4.9886;2.2377;64;True;1;
52;2;29;10;diversification;3;4e4999cfc2eb;move;;;50;18;;;;;;;;;;True;False;False;True;;ok;16178.913891825288;15363.985612750745;15363.985612750745;15363.985612750745;325;15363.985612750745;3016.5392;814.9282790745438;Evaluated;5.296;2.4263;64;True;1;
52;2;29;;diversification;4;;;;;;;;;;;;;;;;;;;;;End-of-iteration summary row;;;15363.985612750745;15363.985612750745;325;15363.985612750745;3016.542;;IterationSummary;;;;;;
53;2;30;1;diversification;4;4e4999cfc2eb;move;;;40;25;;;;;;;;;;True;False;False;True;;ok;16111.310078621646;15363.985612750745;15363.985612750745;15363.985612750745;326;15363.985612750745;3024.6187;747.3244658709009;Evaluated;5.6331;2.4266;64;True;1;
53;2;30;2;diversification;4;4e4999cfc2eb;reinsert_block;;;;;;;18;25;30;;;;;True;False;False;False;;ok;16537.826338047314;15363.985612750745;15363.985612750745;15363.985612750745;327;15363.985612750745;3032.6745;1173.8407252965699;Evaluated;5.6269;2.4257;64;True;1;
53;2;30;3;diversification;4;4e4999cfc2eb;swap;32;47;;;;;;;;;;;;True;False;False;True;;ok;15852.341486217314;15363.985612750745;15363.985612750745;15363.985612750745;328;15363.985612750745;3043.639;488.3558734665694;Evaluated;8.7337;2.2283;64;True;2;duplicate_for_same_parent_sequence
53;2;30;4;diversification;4;4e4999cfc2eb;move;;;60;50;;;;;;;;;;True;False;False;True;;ok;16179.553496183531;15363.985612750745;15363.985612750745;15363.985612750745;329;15363.985612750745;3054.8672;815.5678834327864;Evaluated;8.7972;2.428;64;True;2;duplicate_for_same_parent_sequence
53;2;30;5;diversification;4;4e4999cfc2eb;move;;;30;10;;;;;;;;;;True;False;False;True;;ok;16607.90917738157;15363.985612750745;15363.985612750745;15363.985612750745;330;15363.985612750745;3066.0796;1243.9235646308261;Evaluated;8.7797;2.4296;64;True;2;duplicate_for_same_parent_sequence
53;2;30;6;diversification;4;4e4999cfc2eb;move;;;50;29;;;;;;;;;;True;False;False;True;;ok;16180.634653374686;15363.985612750745;15363.985612750745;15363.985612750745;331;15363.985612750745;3073.8179;816.6490406239409;Evaluated;5.313;2.4247;64;True;1;
53;2;30;7;diversification;4;4e4999cfc2eb;move;;;20;35;;;;;;;;;;True;False;False;True;;ok;16397.179679808443;15363.985612750745;15363.985612750745;15363.985612750745;332;15363.985612750745;3081.4847;1033.1940670576987;Evaluated;5.2377;2.4263;64;True;1;
53;2;30;8;diversification;4;4e4999cfc2eb;move;;;20;40;;;;;;;;;;True;False;False;True;;ok;16744.81001355705;15363.985612750745;15363.985612750745;15363.985612750745;333;15363.985612750745;3096.3527;1380.8244008063048;Evaluated;12.4344;2.431;64;True;3;duplicate_for_same_parent_sequence
53;2;30;9;diversification;4;4e4999cfc2eb;move;;;24;30;;;;;;;;;;True;False;False;False;;ok;15501.091624753733;15363.985612750745;15363.985612750745;15363.985612750745;334;15363.985612750745;3103.9435;137.1060120029888;Evaluated;5.3626;2.2249;64;True;1;
53;2;30;10;diversification;4;4e4999cfc2eb;move;;;47;38;;;;;;;;;;True;False;False;False;;ok;15780.914871484372;15363.985612750745;15363.985612750745;15363.985612750745;335;15363.985612750745;3114.9635;416.92925873362765;Evaluated;8.7924;2.2269;64;True;2;duplicate_for_same_parent_sequence
53;2;30;;diversification;5;;;;;;;;;;;;;;;;;;;;;End-of-iteration summary row;;;15363.985612750745;15363.985612750745;335;15363.985612750745;3114.9663;;IterationSummary;;;;;;
54;2;31;1;diversification;5;4e4999cfc2eb;move;;;8;25;;;;;;;;;;True;False;False;True;;ok;16095.285201660168;15363.985612750745;15363.985612750745;15363.985612750745;336;15363.985612750745;3129.8717;731.2995889094236;Evaluated;12.656;2.2363;64;True;3;duplicate_for_same_parent_sequence
54;2;31;2;diversification;5;4e4999cfc2eb;move;;;47;35;;;;;;;;;;True;False;False;True;;ok;15703.297016503495;15363.985612750745;15363.985612750745;15363.985612750745;337;15363.985612750745;3140.9282;339.31140375275027;Evaluated;8.8219;2.2323;64;True;2;duplicate_for_same_parent_sequence
54;2;31;3;diversification;5;4e4999cfc2eb;move;;;35;18;;;;;;;;;;True;False;False;True;;ok;15598.990607140591;15363.985612750745;15363.985612750745;15363.985612750745;338;15363.985612750745;3152.0324;235.00499438984662;Evaluated;8.8699;2.2312;64;True;2;duplicate_for_same_parent_sequence
54;2;31;4;diversification;5;4e4999cfc2eb;move;;;56;35;;;;;;;;;;True;False;False;True;;ok;15244.348608625352;15363.985612750745;15363.985612750745;15363.985612750745;339;15363.985612750745;3162.899;-119.6370041253922;Evaluated;8.6353;2.2283;64;True;2;duplicate_for_same_parent_sequence
54;2;31;5;diversification;5;4e4999cfc2eb;move;;;28;30;;;;;;;;;;True;False;False;False;;ok;16058.665648539753;15363.985612750745;15363.985612750745;15363.985612750745;340;15363.985612750745;3170.5237;694.6800357890079;Evaluated;5.1982;2.4241;64;True;1;
54;2;31;6;diversification;5;4e4999cfc2eb;move;;;47;30;;;;;;;;;;True;False;False;True;;ok;15694.189885835496;15363.985612750745;15363.985612750745;15363.985612750745;341;15363.985612750745;3181.5082;330.20427308475155;Evaluated;8.7516;2.2294;64;True;2;duplicate_for_same_parent_sequence
54;2;31;7;diversification;5;4e4999cfc2eb;move;;;25;45;;;;;;;;;;True;False;False;True;;ok;15791.46947090702;15363.985612750745;15363.985612750745;15363.985612750745;342;15363.985612750745;3196.1197;427.48385815627626;Evaluated;12.3773;2.2312;64;True;3;duplicate_for_same_parent_sequence
54;2;31;8;diversification;5;4e4999cfc2eb;move;;;20;15;;;;;;;;;;True;False;False;False;;ok;15364.4512016787;15363.985612750745;15363.985612750745;15363.985612750745;343;15363.985612750745;3203.4741;0.46558892795474094;Evaluated;5.122;2.2297;64;True;1;
54;2;31;9;diversification;5;4e4999cfc2eb;move;;;24;30;;;;;;;;;;False;True;True;;;ok;;15363.985612750745;15363.985612750745;15363.985612750745;343;15363.985612750745;3215.6057;;DuplicateForSameParentSequenceAfterRetries;12.1289;;;;3;duplicate_for_same_parent_sequence
54;2;31;10;diversification;5;4e4999cfc2eb;move;;;50;29;;;;;;;;;;False;True;False;;;ok;;15363.985612750745;15363.985612750745;15363.985612750745;343;15363.985612750745;3227.6395;;DuplicateForSameParentSequenceAfterRetries;12.0328;;;;3;duplicate_for_same_parent_sequence
54;2;31;;diversification;0;;;;;;;;;;;;;;;;;;;;;End-of-iteration summary row;;;15244.348608625352;15244.348608625352;343;15244.348608625352;3227.6485;;IterationSummary;;;;;;
55;2;32;1;normal;0;bc3d74f9689e;move;;;10;5;;;;;;;;;;True;False;False;False;;ok;15500.157550710834;15244.348608625352;15244.348608625352;15244.348608625352;344;15244.348608625352;3235.7244;255.80894208548125;Evaluated;5.8404;2.2273;64;True;1;
55;2;32;2;normal;0;bc3d74f9689e;swap;18;25;;;;;;;;;;;;True;False;False;False;;ok;15997.64724057255;15244.348608625352;15244.348608625352;15244.348608625352;345;15244.348608625352;3243.4599;753.2986319471984;Evaluated;5.5083;2.2243;64;True;1;
55;2;32;3;normal;0;bc3d74f9689e;reinsert_block;;;;;;;35;40;28;;;;;True;False;False;False;;ok;15312.393809026054;15244.348608625352;15244.348608625352;15244.348608625352;346;15244.348608625352;3251.1916;68.04520040070202;Evaluated;5.5019;2.2266;64;True;1;
55;2;32;4;normal;0;bc3d74f9689e;move;;;56;35;;;;;;;;;;True;False;False;True;;ok;15884.359338792083;15244.348608625352;15244.348608625352;15244.348608625352;347;15244.348608625352;3258.6422;640.0107301667304;Evaluated;5.2197;2.2279;64;True;1;
55;2;32;5;normal;0;bc3d74f9689e;move;;;47;35;;;;;;;;;;True;False;False;True;;ok;15442.24285980699;15244.348608625352;15244.348608625352;15244.348608625352;348;15244.348608625352;3266.0346;197.89425118163672;Evaluated;5.1574;2.2326;64;True;1;
55;2;32;;normal;1;;;;;;;;;;;;;;;;;;;;;End-of-iteration summary row;;;15244.348608625352;15244.348608625352;348;15244.348608625352;3266.0384;;IterationSummary;;;;;;
56;2;33;1;normal;1;bc3d74f9689e;move;;;20;10;;;;;;;;;;True;False;False;True;;ok;16397.25544559746;15244.348608625352;15244.348608625352;15244.348608625352;349;15244.348608625352;3277.706;1152.906836972108;Evaluated;9.2257;2.4283;64;True;2;duplicate_for_same_parent_sequence
56;2;33;2;normal;1;bc3d74f9689e;swap;18;20;;;;;;;;;;;;True;False;False;False;;ok;15340.594384060323;15244.348608625352;15244.348608625352;15244.348608625352;350;15244.348608625352;3285.1943;96.24577543497071;Evaluated;5.261;2.2238;64;True;1;
56;2;33;3;normal;1;bc3d74f9689e;move;;;30;15;;;;;;;;;;True;False;False;True;;ok;15840.689568124737;15244.348608625352;15244.348608625352;15244.348608625352;351;15244.348608625352;3296.6467;596.3409594993846;Evaluated;9.2156;2.2342;64;True;2;duplicate_for_same_parent_sequence
56;2;33;4;normal;1;bc3d74f9689e;move;;;50;29;;;;;;;;;;True;False;False;True;;ok;15426.726695440635;15244.348608625352;15244.348608625352;15244.348608625352;352;15244.348608625352;3304.0446;182.3780868152826;Evaluated;5.1669;2.2275;64;True;1;
56;2;33;5;normal;1;bc3d74f9689e;move;;;24;35;;;;;;;;;;True;False;False;True;;ok;15295.404363570264;15244.348608625352;15244.348608625352;15244.348608625352;353;15244.348608625352;3318.2257;51.055754944911314;Evaluated;11.9532;2.2247;64;True;3;duplicate_for_same_parent_sequence
56;2;33;;normal;2;;;;;;;;;;;;;;;;;;;;;End-of-iteration summary row;;;15244.348608625352;15244.348608625352;353;15244.348608625352;3318.2284;;IterationSummary;;;;;;
57;2;34;1;normal;2;bc3d74f9689e;move;;;7;3;;;;;;;;;;True;False;False;False;;ok;15340.677031699392;15244.348608625352;15244.348608625352;15244.348608625352;354;15244.348608625352;3329.7841;96.32842307403916;Evaluated;9.3111;2.2295;64;True;2;duplicate_for_same_parent_sequence
57;2;34;2;normal;2;bc3d74f9689e;swap;25;30;;;;;;;;;;;;True;False;False;False;;ok;15460.9856582531;15244.348608625352;15244.348608625352;15244.348608625352;355;15244.348608625352;3337.4637;216.63704962774682;Evaluated;5.4477;2.2291;64;True;1;
57;2;34;3;normal;2;bc3d74f9689e;move;;;35;10;;;;;;;;;;True;False;False;True;;ok;15252.268112704118;15244.348608625352;15244.348608625352;15244.348608625352;356;15244.348608625352;3348.5749;7.919504078765385;Evaluated;8.8774;2.2327;64;True;2;duplicate_for_same_parent_sequence
57;2;34;4;normal;2;bc3d74f9689e;move;;;50;32;;;;;;;;;;True;False;False;True;;ok;16235.847410979093;15244.348608625352;15244.348608625352;15244.348608625352;357;15244.348608625352;3356.2044;991.4988023537408;Evaluated;5.1991;2.4272;64;True;1;
57;2;34;5;normal;2;bc3d74f9689e;move;;;50;18;;;;;;;;;;True;False;False;True;;ok;15435.244280294788;15244.348608625352;15244.348608625352;15244.348608625352;358;15244.348608625352;3363.5856;190.89567166943561;Evaluated;5.1434;2.2349;64;True;1;
57;2;34;;normal;3;;;;;;;;;;;;;;;;;;;;;End-of-iteration summary row;;;15244.348608625352;15244.348608625352;358;15244.348608625352;3363.5883;;IterationSummary;;;;;;
58;2;35;1;diversification;3;bc3d74f9689e;move;;;7;15;;;;;;;;;;True;False;False;False;;ok;15249.769366213433;15244.348608625352;15244.348608625352;15244.348608625352;359;15244.348608625352;3371.6449;5.42075758808096;Evaluated;5.8164;2.228;64;True;1;
58;2;35;2;diversification;3;bc3d74f9689e;reinsert_block;;;;;;;18;23;5;;;;;True;False;False;True;;ok;16538.089528564175;15244.348608625352;15244.348608625352;15244.348608625352;360;15244.348608625352;3379.6624;1293.7409199388221;Evaluated;5.5858;2.4289;64;True;1;
58;2;35;3;diversification;3;bc3d74f9689e;swap;40;45;;;;;;;;;;;;True;False;False;False;;ok;15755.054326066385;15244.348608625352;15244.348608625352;15244.348608625352;361;15244.348608625352;3387.2003;510.7057174410329;Evaluated;5.3064;2.2282;64;True;1;
58;2;35;4;diversification;3;bc3d74f9689e;move;;;50;48;;;;;;;;;;True;False;False;False;;ok;15244.348608625352;15244.348608625352;15244.348608625352;15244.348608625352;362;15244.348608625352;3394.6435;0.0;Evaluated;5.2091;2.2303;64;True;1;
58;2;35;5;diversification;3;bc3d74f9689e;move;;;10;20;;;;;;;;;;True;False;False;True;;ok;16272.938097760585;15244.348608625352;15244.348608625352;15244.348608625352;363;15244.348608625352;3406.0518;1028.5894891352327;Evaluated;8.9804;2.4252;64;True;2;duplicate_for_same_parent_sequence
58;2;35;6;diversification;3;bc3d74f9689e;move;;;47;38;;;;;;;;;;True;False;False;False;;ok;15995.961735114626;15244.348608625352;15244.348608625352;15244.348608625352;364;15244.348608625352;3417.0191;751.6131264892738;Evaluated;8.7389;2.2277;64;True;2;duplicate_for_same_parent_sequence
58;2;35;7;diversification;3;bc3d74f9689e;move;;;45;10;;;;;;;;;;True;False;False;True;;ok;15424.056631205174;15244.348608625352;15244.348608625352;15244.348608625352;365;15244.348608625352;3427.8098;179.70802257982177;Evaluated;8.5619;2.2252;64;True;2;duplicate_for_same_parent_sequence
58;2;35;8;diversification;3;bc3d74f9689e;move;;;20;15;;;;;;;;;;True;False;False;False;;ok;15261.703627555014;15244.348608625352;15244.348608625352;15244.348608625352;366;15244.348608625352;3435.2327;17.355018929662037;Evaluated;5.1945;2.2248;64;True;1;
58;2;35;9;diversification;3;bc3d74f9689e;move;;;28;15;;;;;;;;;;True;False;False;True;;ok;15483.39126965054;15244.348608625352;15244.348608625352;15244.348608625352;367;15244.348608625352;3442.6357;239.04266102518704;Evaluated;5.1683;2.232;64;True;1;
58;2;35;10;diversification;3;bc3d74f9689e;move;;;52;38;;;;;;;;;;True;False;False;True;;ok;16063.487403254745;15244.348608625352;15244.348608625352;15244.348608625352;368;15244.348608625352;3453.8144;819.1387946293926;Evaluated;8.9442;2.232;64;True;2;duplicate_for_same_parent_sequence
58;2;35;;diversification;4;;;;;;;;;;;;;;;;;;;;;End-of-iteration summary row;;;15244.348608625352;15244.348608625352;368;15244.348608625352;3453.8156;;IterationSummary;;;;;;
59;2;36;1;diversification;4;bc3d74f9689e;move;;;18;5;;;;;;;;;;True;False;False;True;;ok;16118.778693903867;15244.348608625352;15244.348608625352;15244.348608625352;369;15244.348608625352;3461.7812;874.4300852785145;Evaluated;5.5278;2.4293;64;True;1;
59;2;36;2;diversification;4;bc3d74f9689e;reinsert_block;;;;;;;20;25;10;;;;;True;False;False;True;;ok;16463.48213774655;15244.348608625352;15244.348608625352;15244.348608625352;370;15244.348608625352;3469.7437;1219.1335291211963;Evaluated;5.5292;2.4296;64;True;1;
59;2;36;3;diversification;4;bc3d74f9689e;swap;35;40;;;;;;;;;;;;True;False;False;False;;ok;15142.526666629603;15244.348608625352;15244.348608625352;15244.348608625352;371;15244.348608625352;3477.4241;-101.82194199574951;EvaluatedImprovementDespiteDiversificationMismatch;5.4451;2.2326;64;True;1;
59;2;36;4;diversification;4;bc3d74f9689e;move;;;52;40;;;;;;;;;;True;False;False;True;;ok;15700.572705423352;15244.348608625352;15244.348608625352;15244.348608625352;372;15244.348608625352;3484.8215;456.22409679799966;Evaluated;5.1665;2.228;64;True;1;
59;2;36;5;diversification;4;bc3d74f9689e;move;;;24;10;;;;;;;;;;True;False;False;True;;ok;15258.355938022245;15244.348608625352;15244.348608625352;15244.348608625352;373;15244.348608625352;3492.3864;14.007329396892601;Evaluated;5.328;2.2343;64;True;1;
59;2;36;6;diversification;4;bc3d74f9689e;move;;;25;30;;;;;;;;;;True;False;False;False;;ok;15446.900634865333;15244.348608625352;15244.348608625352;15244.348608625352;374;15244.348608625352;3500.0089;202.55202623998048;Evaluated;5.3905;2.229;64;True;1;
59;2;36;7;diversification;4;bc3d74f9689e;move;;;5;20;;;;;;;;;;True;False;False;True;;ok;15428.443456452529;15244.348608625352;15244.348608625352;15244.348608625352;375;15244.348608625352;3507.6866;184.09484782717664;Evaluated;5.4497;2.225;64;True;1;
59;2;36;8;diversification;4;bc3d74f9689e;move;;;25;10;;;;;;;;;;True;False;False;True;;ok;15958.610684188243;15244.348608625352;15244.348608625352;15244.348608625352;376;15244.348608625352;3515.0043;714.2620755628905;Evaluated;5.0875;2.2271;64;True;1;
59;2;36;9;diversification;4;bc3d74f9689e;move;;;25;18;;;;;;;;;;True;False;False;False;;ok;15964.695255836918;15244.348608625352;15244.348608625352;15244.348608625352;377;15244.348608625352;3522.3531;720.3466472115651;Evaluated;5.1228;2.2249;64;True;1;
59;2;36;10;diversification;4;bc3d74f9689e;move;;;32;20;;;;;;;;;;True;False;False;True;;ok;15907.444801525156;15244.348608625352;15244.348608625352;15244.348608625352;378;15244.348608625352;3532.9799;663.096192899804;Evaluated;8.3942;2.23;64;True;2;duplicate_for_same_parent_sequence
59;2;36;;diversification;0;;;;;;;;;;;;;;;;;;;;;End-of-iteration summary row;;;15142.526666629603;15142.526666629603;378;15142.526666629603;3532.9962;;IterationSummary;;;;;;
60;2;37;1;normal;0;63480cc05e8b;move;;;10;5;;;;;;;;;;True;False;False;False;;ok;15676.03760533343;15142.526666629603;15142.526666629603;15142.526666629603;379;15142.526666629603;3540.7739;533.5109387038265;Evaluated;5.5365;2.233;64;True;1;
60;2;37;2;normal;0;63480cc05e8b;swap;18;20;;;;;;;;;;;;True;False;False;False;;ok;15337.140644823441;15142.526666629603;15142.526666629603;15142.526666629603;380;15142.526666629603;3548.1488;194.6139781938382;Evaluated;5.1417;2.2304;64;True;1;
60;2;37;3;normal;0;63480cc05e8b;reinsert_block;;;;;;;35;40;28;;;;;True;False;False;False;;ok;15312.393809026054;15142.526666629603;15142.526666629603;15142.526666629603;381;15142.526666629603;3555.8721;169.86714239645153;Evaluated;5.4854;2.2351;64;True;1;
60;2;37;4;normal;0;63480cc05e8b;move;;;50;48;;;;;;;;;;True;False;False;False;;ok;15142.526666629603;15142.526666629603;15142.526666629603;15142.526666629603;382;15142.526666629603;3563.3253;0.0;Evaluated;5.2198;2.2303;64;True;1;
60;2;37;5;normal;0;63480cc05e8b;move;;;30;15;;;;;;;;;;True;False;False;True;;ok;15656.904547421593;15142.526666629603;15142.526666629603;15142.526666629603;383;15142.526666629603;3570.951;514.3778807919898;Evaluated;5.3947;2.2303;64;True;1;
60;2;37;;normal;1;;;;;;;;;;;;;;;;;;;;;End-of-iteration summary row;;;15142.526666629603;15142.526666629603;383;15142.526666629603;3570.9539;;IterationSummary;;;;;;
61;2;38;1;normal;1;63480cc05e8b;move;;;8;15;;;;;;;;;;True;False;False;False;;ok;15145.129882356152;15142.526666629603;15142.526666629603;15142.526666629603;384;15142.526666629603;3578.736;2.603215726549024;Evaluated;5.5377;2.2299;64;True;1;
61;2;38;2;normal;1;63480cc05e8b;swap;20;21;;;;;;;;;;;;True;False;False;False;;ok;15142.561793593783;15142.526666629603;15142.526666629603;15142.526666629603;385;15142.526666629603;3586.3598;0.03512696417965344;Evaluated;5.3954;2.2252;64;True;1;
61;2;38;3;normal;1;63480cc05e8b;reinsert_block;;;;;;;35;40;18;;;;;True;False;False;True;;ok;15588.138517312678;15142.526666629603;15142.526666629603;15142.526666629603;386;15142.526666629603;3594.0547;445.6118506830753;Evaluated;5.4567;2.2371;64;True;1;
61;2;38;4;normal;1;63480cc05e8b;move;;;32;25;;;;;;;;;;True;False;False;False;;ok;15143.258980432574;15142.526666629603;15142.526666629603;15142.526666629603;387;15142.526666629603;3605.1394;0.7323138029714755;Evaluated;8.8563;2.2257;64;True;2;duplicate_for_same_parent_sequence
61;2;38;5;normal;1;63480cc05e8b;move;;;5;20;;;;;;;;;;True;False;False;True;;ok;15601.380949542621;15142.526666629603;15142.526666629603;15142.526666629603;388;15142.526666629603;3612.2875;458.8542829130183;Evaluated;4.9181;2.2267;64;True;1;
61;2;38;;normal;2;;;;;;;;;;;;;;;;;;;;;End-of-iteration summary row;;;15142.526666629603;15142.526666629603;388;15142.526666629603;3612.2906;;IterationSummary;;;;;;
62;2;39;1;normal;2;63480cc05e8b;move;;;5;10;;;;;;;;;;True;False;False;False;;ok;15611.067724319355;15142.526666629603;15142.526666629603;15142.526666629603;389;15142.526666629603;3620.1088;468.54105768975205;Evaluated;5.5729;2.2328;64;True;1;
62;2;39;2;normal;2;63480cc05e8b;swap;20;25;;;;;;;;;;;;True;False;False;False;;ok;15142.526666629603;15142.526666629603;15142.526666629603;15142.526666629603;390;15142.526666629603;3634.8973;0.0;Evaluated;12.5532;2.2318;64;True;3;duplicate_for_same_parent_sequence
62;2;39;3;normal;2;63480cc05e8b;move;;;25;35;;;;;;;;;;True;False;False;True;;ok;15608.336696464237;15142.526666629603;15142.526666629603;15142.526666629603;391;15142.526666629603;3646.0864;465.8100298346344;Evaluated;8.9634;2.2232;64;True;2;duplicate_for_same_parent_sequence
62;2;39;4;normal;2;63480cc05e8b;move;;;60;55;;;;;;;;;;True;False;False;False;;ok;16379.588586391259;15142.526666629603;15142.526666629603;15142.526666629603;392;15142.526666629603;3657.3557;1237.061919761656;Evaluated;8.8345;2.4314;64;True;2;duplicate_for_same_parent_sequence
62;2;39;5;normal;2;63480cc05e8b;move;;;24;35;;;;;;;;;;True;False;False;True;;ok;15254.997387252239;15142.526666629603;15142.526666629603;15142.526666629603;393;15142.526666629603;3668.3252;112.47072062263578;Evaluated;8.7364;2.2295;64;True;2;duplicate_for_same_parent_sequence
62;2;39;;normal;3;;;;;;;;;;;;;;;;;;;;;End-of-iteration summary row;;;15142.526666629603;15142.526666629603;393;15142.526666629603;3668.328;;IterationSummary;;;;;;
63;2;40;1;diversification;3;63480cc05e8b;move;;;10;25;;;;;;;;;;True;False;False;True;;ok;15637.595426635835;15142.526666629603;15142.526666629603;15142.526666629603;394;15142.526666629603;3676.1727;495.06876000623197;Evaluated;5.5963;2.2326;64;True;1;
63;2;40;2;diversification;3;63480cc05e8b;reinsert_block;;;;;;;18;23;5;;;;;True;False;False;True;;ok;16315.865779157883;15142.526666629603;15142.526666629603;15142.526666629603;395;15142.526666629603;3684.0235;1173.3391125282797;Evaluated;5.422;2.4261;64;True;1;
63;2;40;3;diversification;3;63480cc05e8b;swap;35;40;;;;;;;;;;;;True;False;False;False;;ok;15244.348608625352;15142.526666629603;15142.526666629603;15142.526666629603;396;15142.526666629603;3691.5436;101.82194199574951;Evaluated;5.2893;2.2283;64;True;1;
63;2;40;4;diversification;3;63480cc05e8b;move;;;58;49;;;;;;;;;;True;False;False;False;;ok;15148.167555889126;15142.526666629603;15142.526666629603;15142.526666629603;397;15142.526666629603;3699.0955;5.640889259522737;Evaluated;5.3238;2.2273;64;True;1;
63;2;40;5;diversification;3;63480cc05e8b;move;;;24;10;;;;;;;;;;True;False;False;True;;ok;15277.72091556159;15142.526666629603;15142.526666629603;15142.526666629603;398;15142.526666629603;3706.6686;135.1942489319863;Evaluated;5.336;2.2345;64;True;1;
63;2;40;6;diversification;3;63480cc05e8b;move;;;40;50;;;;;;;;;;True;False;False;True;;ok;15180.768284178177;15142.526666629603;15142.526666629603;15142.526666629603;399;15142.526666629603;3721.0733;38.24161754857414;Evaluated;12.1729;2.2286;64;True;3;duplicate_for_same_parent_sequence
63;2;40;7;diversification;3;63480cc05e8b;move;;;30;10;;;;;;;;;;True;False;False;True;;ok;16119.618732905381;15142.526666629603;15142.526666629603;15142.526666629603;400;15142.526666629603;3732.0932;977.092066275778;Evaluated;8.5895;2.4267;64;True;2;duplicate_for_same_parent_sequence
63;2;40;8;diversification;3;63480cc05e8b;move;;;40;35;;;;;;;;;;True;False;False;False;;ok;15354.085046588905;15142.526666629603;15142.526666629603;15142.526666629603;401;15142.526666629603;3739.5245;211.55837995930233;Evaluated;5.1988;2.2297;64;True;1;
63;2;40;9;diversification;3;63480cc05e8b;move;;;24;30;;;;;;;;;;True;False;False;False;;ok;15212.110743905949;15142.526666629603;15142.526666629603;15142.526666629603;402;15142.526666629603;3746.9218;69.58407727634585;Evaluated;5.1676;2.2291;64;True;1;
63;2;40;10;diversification;3;63480cc05e8b;move;;;32;19;;;;;;;;;;True;False;False;True;;ok;15495.578493517001;15142.526666629603;15142.526666629603;15142.526666629603;403;15142.526666629603;3758.1189;353.0518268873984;Evaluated;8.9694;2.225;64;True;2;duplicate_for_same_parent_sequence
63;2;40;;diversification;4;;;;;;;;;;;;;;;;;;;;;End-of-iteration summary row;;;15142.526666629603;15142.526666629603;403;15142.526666629603;3758.1216;;IterationSummary;;;;;;
64;2;41;1;diversification;4;63480cc05e8b;move;;;20;5;;;;;;;;;;True;False;False;True;;ok;16233.777016541964;15142.526666629603;15142.526666629603;15142.526666629603;404;15142.526666629603;3766.2429;1091.2503499123613;Evaluated;5.6882;2.4252;64;True;1;
64;2;41;2;diversification;4;63480cc05e8b;move;;;20;40;;;;;;;;;;True;False;False;True;;ok;16126.636818301571;15142.526666629603;15142.526666629603;15142.526666629603;405;15142.526666629603;3777.6758;984.1101516719682;Evaluated;9.001;2.4289;64;True;2;duplicate_for_same_parent_sequence
64;2;41;3;diversification;4;63480cc05e8b;swap;32;47;;;;;;;;;;;;True;False;False;True;;ok;15444.37145560025;15142.526666629603;15142.526666629603;15142.526666629603;406;15142.526666629603;3788.8577;301.84478897064764;Evaluated;8.9491;2.2321;64;True;2;duplicate_for_same_parent_sequence
64;2;41;4;diversification;4;63480cc05e8b;move;;;45;50;;;;;;;;;;True;False;False;False;;ok;15142.482807691518;15142.526666629603;15142.526666629603;15142.526666629603;407;15142.526666629603;3803.6861;-0.0438589380846679;EvaluatedImprovementDespiteDiversificationMismatch;12.5965;2.2293;64;True;3;duplicate_for_same_parent_sequence
64;2;41;5;diversification;4;63480cc05e8b;move;;;25;30;;;;;;;;;;True;False;False;False;;ok;15604.476731941835;15142.526666629603;15142.526666629603;15142.526666629603;408;15142.526666629603;3811.2682;461.95006531223225;Evaluated;5.35;2.2289;64;True;1;
64;2;41;6;diversification;4;63480cc05e8b;move;;;50;32;;;;;;;;;;True;False;False;True;;ok;15630.976963050782;15142.526666629603;15142.526666629603;15142.526666629603;409;15142.526666629603;3818.6857;488.4502964211788;Evaluated;5.1901;2.2247;64;True;1;
64;2;41;7;diversification;4;63480cc05e8b;move;;;36;28;;;;;;;;;;True;False;False;False;;ok;15734.450181347507;15142.526666629603;15142.526666629603;15142.526666629603;410;15142.526666629603;3829.4658;591.9235147179043;Evaluated;8.5474;2.2296;64;True;2;duplicate_for_same_parent_sequence
64;2;41;8;diversification;4;63480cc05e8b;move;;;25;10;;;;;;;;;;True;False;False;True;;ok;15690.886020401189;15142.526666629603;15142.526666629603;15142.526666629603;411;15142.526666629603;3836.8937;548.359353771586;Evaluated;5.1973;2.2274;64;True;1;
64;2;41;9;diversification;4;63480cc05e8b;move;;;25;40;;;;;;;;;;True;False;False;True;;ok;15618.494997860398;15142.526666629603;15142.526666629603;15142.526666629603;412;15142.526666629603;3844.4375;475.96833123079523;Evaluated;5.3095;2.2312;64;True;1;
64;2;41;10;diversification;4;63480cc05e8b;move;;;50;25;;;;;;;;;;True;False;False;True;;ok;15451.266860023974;15142.526666629603;15142.526666629603;15142.526666629603;413;15142.526666629603;3855.4266;308.7401933943711;Evaluated;8.7582;2.2298;64;True;2;duplicate_for_same_parent_sequence
64;2;41;;diversification;0;;;;;;;;;;;;;;;;;;;;;End-of-iteration summary row;;;15142.482807691518;15142.482807691518;413;15142.482807691518;3855.4325;;IterationSummary;;;;;;
65;2;42;1;normal;0;1071bfc62c07;move;;;10;5;;;;;;;;;;True;False;False;False;;ok;15621.092793536514;15142.482807691518;15142.482807691518;15142.482807691518;414;15142.482807691518;3863.2816;478.6099858449961;Evaluated;5.6118;2.23;64;True;1;
65;2;42;2;normal;0;1071bfc62c07;swap;20;25;;;;;;;;;;;;True;False;False;False;;ok;15142.482807691518;15142.482807691518;15142.482807691518;15142.482807691518;415;15142.482807691518;3870.6399;0.0;Evaluated;5.1293;2.2256;64;True;1;
65;2;42;3;normal;0;1071bfc62c07;reinsert_block;;;;;;;32;40;5;;;;;True;False;False;True;;ok;15399.464808009467;15142.482807691518;15142.482807691518;15142.482807691518;416;15142.482807691518;3878.317;256.9820003179484;Evaluated;5.4473;2.2271;64;True;1;
65;2;42;4;normal;0;1071bfc62c07;move;;;50;32;;;;;;;;;;True;False;False;True;;ok;15348.845739121447;15142.482807691518;15142.482807691518;15142.482807691518;417;15142.482807691518;3885.7795;206.36293142992872;Evaluated;5.2358;2.226;64;True;1;
65;2;42;5;normal;0;1071bfc62c07;move;;;40;25;;;;;;;;;;True;False;False;True;;ok;15412.294332942833;15142.482807691518;15142.482807691518;15142.482807691518;418;15142.482807691518;3893.1813;269.8115252513144;Evaluated;5.1708;2.2283;64;True;1;
65;2;42;;normal;1;;;;;;;;;;;;;;;;;;;;;End-of-iteration summary row;;;15142.482807691518;15142.482807691518;418;15142.482807691518;3893.1828;;IterationSummary;;;;;;
66;2;43;1;normal;1;1071bfc62c07;move;;;36;28;;;;;;;;;;True;False;False;False;;ok;15732.997974849395;15142.482807691518;15142.482807691518;15142.482807691518;419;15142.482807691518;3904.4301;590.5151671578769;Evaluated;9.0129;2.2244;64;True;2;duplicate_for_same_parent_sequence
66;2;43;2;normal;1;1071bfc62c07;swap;20;21;;;;;;;;;;;;True;False;False;False;;ok;15143.229915788457;15142.482807691518;15142.482807691518;15142.482807691518;420;15142.482807691518;3912.0609;0.7471080969389732;Evaluated;5.3923;2.2352;64;True;1;
66;2;43;3;normal;1;1071bfc62c07;reinsert_block;;;;;;;35;40;28;;;;;True;False;False;False;;ok;15054.479219954632;15142.482807691518;15142.482807691518;15142.482807691518;421;15142.482807691518;3919.7374;-88.0035877368864;Evaluated;5.4474;2.2258;64;True;1;
66;2;43;4;normal;1;1071bfc62c07;move;;;50;48;;;;;;;;;;True;False;False;False;;ok;15133.779255422134;15142.482807691518;15142.482807691518;15142.482807691518;422;15142.482807691518;3927.2074;-8.70355226938409;Evaluated;5.2378;2.2283;64;True;1;
66;2;43;5;normal;1;1071bfc62c07;move;;;25;40;;;;;;;;;;True;False;False;True;;ok;15620.281151499961;15142.482807691518;15142.482807691518;15142.482807691518;423;15142.482807691518;3934.628;477.79834380844295;Evaluated;5.1843;2.2328;64;True;1;
66;2;43;;normal;0;;;;;;;;;;;;;;;;;;;;;End-of-iteration summary row;;;15054.479219954632;15054.479219954632;423;15054.479219954632;3934.6449;;IterationSummary;;;;;;
67;2;44;1;normal;0;a1c311ba9d66;move;;;10;5;;;;;;;;;;True;False;False;False;;ok;15707.337778972667;15054.479219954632;15054.479219954632;15054.479219954632;424;15054.479219954632;3942.4808;652.8585590180355;Evaluated;5.6022;2.2268;64;True;1;
67;2;44;2;normal;0;a1c311ba9d66;swap;17;20;;;;;;;;;;;;True;False;False;False;;ok;15063.18062504517;15054.479219954632;15054.479219954632;15054.479219954632;425;15054.479219954632;3949.9509;8.701405090538174;Evaluated;5.236;2.2314;64;True;1;
67;2;44;3;normal;0;a1c311ba9d66;reinsert_block;;;;;;;36;40;28;;;;;True;False;False;True;;ok;15690.66277241995;15054.479219954632;15054.479219954632;15054.479219954632;426;15054.479219954632;3957.7235;636.1835524653179;Evaluated;5.5365;2.2331;64;True;1;
67;2;44;4;normal;0;a1c311ba9d66;move;;;50;49;;;;;;;;;;True;False;False;False;;ok;15054.479219954632;15054.479219954632;15054.479219954632;15054.479219954632;427;15054.479219954632;3965.0061;0.0;Evaluated;5.0546;2.2266;64;True;1;
67;2;44;5;normal;0;a1c311ba9d66;move;;;25;30;;;;;;;;;;True;False;False;False;;ok;15054.479219954632;15054.479219954632;15054.479219954632;15054.479219954632;428;15054.479219954632;3972.3671;0.0;Evaluated;5.1343;2.226;64;True;1;
67;2;44;;normal;1;;;;;;;;;;;;;;;;;;;;;End-of-iteration summary row;;;15054.479219954632;15054.479219954632;428;15054.479219954632;3972.3699;;IterationSummary;;;;;;
68;2;45;1;normal;1;a1c311ba9d66;move;;;7;3;;;;;;;;;;True;False;False;False;;ok;15419.139648263503;15054.479219954632;15054.479219954632;15054.479219954632;429;15054.479219954632;3983.5025;364.6604283088709;Evaluated;8.8952;2.2285;64;True;2;duplicate_for_same_parent_sequence
68;2;45;2;normal;1;a1c311ba9d66;swap;18;20;;;;;;;;;;;;True;False;False;False;;ok;15633.644672276845;15054.479219954632;15054.479219954632;15054.479219954632;430;15054.479219954632;3990.9645;579.1654523222132;Evaluated;5.2304;2.2288;64;True;1;
68;2;45;3;normal;1;a1c311ba9d66;reinsert_block;;;;;;;36;47;28;;;;;True;False;False;True;;ok;15786.839609074425;15054.479219954632;15054.479219954632;15054.479219954632;431;15054.479219954632;4002.2843;732.3603891197927;Evaluated;9.0928;2.2237;64;True;2;invalid_move
68;2;45;4;normal;1;a1c311ba9d66;move;;;58;49;;;;;;;;;;True;False;False;False;;ok;15408.853114664256;15054.479219954632;15054.479219954632;15054.479219954632;432;15054.479219954632;4009.7659;354.37389470962444;Evaluated;5.2544;2.2239;64;True;1;
68;2;45;5;normal;1;a1c311ba9d66;move;;;40;30;;;;;;;;;;True;False;False;True;;ok;15555.901583121746;15054.479219954632;15054.479219954632;15054.479219954632;433;15054.479219954632;4020.594;501.4223631671139;Evaluated;8.5967;2.2307;64;True;2;duplicate_for_same_parent_sequence
68;2;45;;normal;2;;;;;;;;;;;;;;;;;;;;;End-of-iteration summary row;;;15054.479219954632;15054.479219954632;433;15054.479219954632;4020.5972;;IterationSummary;;;;;;
69;2;46;1;normal;2;a1c311ba9d66;move;;;15;10;;;;;;;;;;True;False;False;False;;ok;15182.323797010542;15054.479219954632;15054.479219954632;15054.479219954632;434;15054.479219954632;4035.3451;127.84457705591012;Evaluated;12.5071;2.2297;64;True;3;duplicate_for_same_parent_sequence
69;2;46;2;normal;2;a1c311ba9d66;swap;17;24;;;;;;;;;;;;True;False;False;False;;ok;15285.769962923066;15054.479219954632;15054.479219954632;15054.479219954632;435;15054.479219954632;4049.5865;231.29074296843464;Evaluated;12.0072;2.2315;64;True;3;duplicate_for_same_parent_sequence
69;2;46;3;normal;2;a1c311ba9d66;move;;;50;55;;;;;;;;;;True;False;False;False;;ok;15022.665238638643;15054.479219954632;15054.479219954632;15054.479219954632;436;15054.479219954632;4060.7448;-31.813981315988713;Evaluated;8.9265;2.2292;64;True;2;duplicate_for_same_parent_sequence
69;2;46;4;normal;2;a1c311ba9d66;swap;19;24;;;;;;;;;;;;True;False;False;False;;ok;15707.48496336714;15054.479219954632;15054.479219954632;15054.479219954632;437;15054.479219954632;4074.9724;653.0057434125083;Evaluated;11.9963;2.2282;64;True;3;duplicate_for_same_parent_sequence
69;2;46;5;normal;2;a1c311ba9d66;swap;10;17;;;;;;;;;;;;True;False;False;False;;ok;16541.414269661647;15054.479219954632;15054.479219954632;15054.479219954632;438;15054.479219954632;4086.1068;1486.9350497070154;Evaluated;8.7025;2.4291;64;True;2;duplicate_for_same_parent_sequence
69;2;46;;normal;0;;;;;;;;;;;;;;;;;;;;;End-of-iteration summary row;;;15022.665238638643;15022.665238638643;438;15022.665238638643;4086.1248;;IterationSummary;;;;;;
70;2;47;1;normal;0;62b9923a4229;move;;;5;10;;;;;;;;;;True;False;False;False;;ok;15508.386088498932;15022.665238638643;15022.665238638643;15022.665238638643;439;15022.665238638643;4093.9963;485.7208498602886;Evaluated;5.6386;2.2267;64;True;1;
70;2;47;2;normal;0;62b9923a4229;swap;18;20;;;;;;;;;;;;True;False;False;False;;ok;15461.154175875263;15022.665238638643;15022.665238638643;15022.665238638643;440;15022.665238638643;4101.5878;438.4889372366197;Evaluated;5.3604;2.2283;64;True;1;
70;2;47;3;normal;0;62b9923a4229;reinsert_block;;;;;;;36;42;28;;;;;True;False;False;True;;ok;15465.681750364954;15022.665238638643;15022.665238638643;15022.665238638643;441;15022.665238638643;4109.2709;443.01651172631136;Evaluated;5.4498;2.2313;64;True;1;
70;2;47;4;normal;0;62b9923a4229;move;;;50;48;;;;;;;;;;True;False;False;False;;ok;15634.114969651493;15022.665238638643;15022.665238638643;15022.665238638643;442;15022.665238638643;4116.7334;611.44973101285;Evaluated;5.2313;2.2273;64;True;1;
70;2;47;5;normal;0;62b9923a4229;move;;;30;25;;;;;;;;;;True;False;False;False;;ok;15022.650696398245;15022.665238638643;15022.665238638643;15022.665238638643;443;15022.665238638643;4124.1006;-0.014542240398441209;Evaluated;5.1392;2.2251;64;True;1;
70;2;47;;normal;0;;;;;;;;;;;;;;;;;;;;;End-of-iteration summary row;;;15022.650696398245;15022.650696398245;443;15022.650696398245;4124.1074;;IterationSummary;;;;;;
71;2;48;1;normal;0;86ad57e1650d;move;;;15;10;;;;;;;;;;True;False;False;False;;ok;15177.02266527283;15022.650696398245;15022.650696398245;15022.650696398245;444;15022.650696398245;4132.0503;154.37196887458595;Evaluated;5.711;2.2235;64;True;1;
71;2;48;2;normal;0;86ad57e1650d;swap;18;20;;;;;;;;;;;;True;False;False;False;;ok;15461.154175875263;15022.650696398245;15022.650696398245;15022.650696398245;445;15022.650696398245;4139.5179;438.5034794770181;Evaluated;5.237;2.2298;64;True;1;
71;2;48;3;normal;0;86ad57e1650d;reinsert_block;;;;;;;36;42;28;;;;;True;False;False;True;;ok;15465.16528942579;15022.650696398245;15022.650696398245;15022.650696398245;446;15022.650696398245;4147.2643;442.51459302754483;Evaluated;5.515;2.2284;64;True;1;
71;2;48;4;normal;0;86ad57e1650d;move;;;50;49;;;;;;;;;;True;False;False;False;;ok;15634.16943215566;15022.650696398245;15022.650696398245;15022.650696398245;447;15022.650696398245;4154.732;611.5187357574159;Evaluated;5.2374;2.227;64;True;1;
71;2;48;5;normal;0;86ad57e1650d;move;;;25;30;;;;;;;;;;True;False;False;False;;ok;15022.665238638643;15022.650696398245;15022.650696398245;15022.650696398245;448;15022.650696398245;4162.1008;0.014542240398441209;Evaluated;5.1365;2.2291;64;True;1;
71;2;48;;normal;1;;;;;;;;;;;;;;;;;;;;;End-of-iteration summary row;;;15022.650696398245;15022.650696398245;448;15022.650696398245;4162.1017;;IterationSummary;;;;;;
72;2;49;1;normal;1;86ad57e1650d;move;;;5;10;;;;;;;;;;True;False;False;False;;ok;15493.430053378235;15022.650696398245;15022.650696398245;15022.650696398245;449;15022.650696398245;4169.9653;470.77935697999055;Evaluated;5.6273;2.2287;64;True;1;
72;2;49;2;normal;1;86ad57e1650d;swap;30;31;;;;;;;;;;;;True;False;False;False;;ok;15054.967280942163;15022.650696398245;15022.650696398245;15022.650696398245;450;15022.650696398245;4180.9444;32.316584543918;Evaluated;8.749;2.227;64;True;2;duplicate_for_same_parent_sequence
72;2;49;3;normal;1;86ad57e1650d;reinsert_block;;;;;;;36;42;10;;;;;True;False;False;True;;ok;15874.584904669995;15022.650696398245;15022.650696398245;15022.650696398245;451;15022.650696398245;4188.459;851.9342082717503;Evaluated;5.2902;2.2238;64;True;1;
72;2;49;4;normal;1;86ad57e1650d;move;;;50;48;;;;;;;;;;True;False;False;False;;ok;15634.098669470264;15022.650696398245;15022.650696398245;15022.650696398245;452;15022.650696398245;4195.9134;611.4479730720195;Evaluated;5.2257;2.228;64;True;1;
72;2;49;5;normal;1;86ad57e1650d;move;;;30;20;;;;;;;;;;True;False;False;True;;ok;15268.633579384834;15022.650696398245;15022.650696398245;15022.650696398245;453;15022.650696398245;4206.7071;245.98288298658917;Evaluated;8.5698;2.2232;64;True;2;duplicate_for_same_parent_sequence
72;2;49;;normal;2;;;;;;;;;;;;;;;;;;;;;End-of-iteration summary row;;;15022.650696398245;15022.650696398245;453;15022.650696398245;4206.7106;;IterationSummary;;;;;;
73;2;50;1;normal;2;86ad57e1650d;move;;;7;3;;;;;;;;;;True;False;False;False;;ok;15378.480332436877;15022.650696398245;15022.650696398245;15022.650696398245;454;15022.650696398245;4214.4989;355.8296360386321;Evaluated;5.5422;2.2318;64;True;1;
73;2;50;2;normal;2;86ad57e1650d;swap;20;25;;;;;;;;;;;;True;False;False;False;;ok;16309.821854586113;15022.650696398245;15022.650696398245;15022.650696398245;455;15022.650696398245;4222.1048;1287.171158187868;Evaluated;5.1798;2.4234;64;True;1;
73;2;50;3;normal;2;86ad57e1650d;move;;;45;15;;;;;;;;;;True;False;False;True;;ok;15191.705348270307;15022.650696398245;15022.650696398245;15022.650696398245;456;15022.650696398245;4233.1177;169.0546518720621;Evaluated;8.7773;2.2318;64;True;2;duplicate_for_same_parent_sequence
73;2;50;4;normal;2;86ad57e1650d;move;;;25;35;;;;;;;;;;True;False;False;True;;ok;15511.94839677526;15022.650696398245;15022.650696398245;15022.650696398245;457;15022.650696398245;4243.9103;489.29770037701564;Evaluated;8.5581;2.2313;64;True;2;duplicate_for_same_parent_sequence
73;2;50;5;normal;2;86ad57e1650d;move;;;45;35;;;;;;;;;;True;False;False;True;;ok;15166.241853004993;15022.650696398245;15022.650696398245;15022.650696398245;458;15022.650696398245;4258.3373;143.59115660674797;Evaluated;12.1937;2.2301;64;True;3;duplicate_for_same_parent_sequence
73;2;50;;normal;3;;;;;;;;;;;;;;;;;;;;;End-of-iteration summary row;;;15022.650696398245;15022.650696398245;458;15022.650696398245;4258.3406;;IterationSummary;;;;;;
74;2;51;1;diversification;3;86ad57e1650d;move;;;20;3;;;;;;;;;;True;False;False;True;;ok;15378.024208286766;15022.650696398245;15022.650696398245;15022.650696398245;459;15022.650696398245;4266.1356;355.37351188852153;Evaluated;5.5472;2.235;64;True;1;
74;2;51;2;diversification;3;86ad57e1650d;reinsert_block;;;;;;;25;30;18;;;;;True;False;False;False;;ok;15249.222730925907;15022.650696398245;15022.650696398245;15022.650696398245;460;15022.650696398245;4274.018;226.57203452766225;Evaluated;5.6438;2.2357;64;True;1;
74;2;51;3;diversification;3;86ad57e1650d;swap;35;40;;;;;;;;;;;;True;False;False;False;;ok;15281.260006996077;15022.650696398245;15022.650696398245;15022.650696398245;461;15022.650696398245;4281.5588;258.6093105978325;Evaluated;5.3101;2.2297;64;True;1;
74;2;51;4;diversification;3;86ad57e1650d;move;;;60;50;;;;;;;;;;True;False;False;True;;ok;15911.82067951221;15022.650696398245;15022.650696398245;15022.650696398245;462;15022.650696398245;4296.1284;889.1699831139649;Evaluated;12.3414;2.226;64;True;3;duplicate_for_same_parent_sequence
74;2;51;5;diversification;3;86ad57e1650d;move;;;20;15;;;;;;;;;;True;False;False;False;;ok;15025.299742426181;15022.650696398245;15022.650696398245;15022.650696398245;463;15022.650696398245;4303.6766;2.6490460279364925;Evaluated;5.3084;2.2372;64;True;1;
74;2;51;6;diversification;3;86ad57e1650d;move;;;45;25;;;;;;;;;;True;False;False;True;;ok;15527.956844921198;15022.650696398245;15022.650696398245;15022.650696398245;464;15022.650696398245;4318.1172;505.30614852295366;Evaluated;12.2131;2.2246;64;True;3;duplicate_for_same_parent_sequence
74;2;51;7;diversification;3;86ad57e1650d;move;;;10;35;;;;;;;;;;True;False;False;True;;ok;16126.135903231125;15022.650696398245;15022.650696398245;15022.650696398245;465;15022.650696398245;4325.809;1103.48520683288;Evaluated;5.261;2.4273;64;True;1;
74;2;51;8;diversification;3;86ad57e1650d;move;;;20;35;;;;;;;;;;True;False;False;True;;ok;15828.42092031784;15022.650696398245;15022.650696398245;15022.650696398245;466;15022.650696398245;4333.3149;805.7702239195951;Evaluated;5.2757;2.2275;64;True;1;
74;2;51;9;diversification;3;86ad57e1650d;move;;;45;10;;;;;;;;;;True;False;False;True;;ok;15334.061159528508;15022.650696398245;15022.650696398245;15022.650696398245;467;15022.650696398245;4344.2932;311.41046313026345;Evaluated;8.7417;2.2332;64;True;2;duplicate_for_same_parent_sequence
74;2;51;10;diversification;3;86ad57e1650d;move;;;36;25;;;;;;;;;;True;False;False;True;;ok;15481.042635723119;15022.650696398245;15022.650696398245;15022.650696398245;468;15022.650696398245;4355.2788;458.39193932487433;Evaluated;8.7562;2.2262;64;True;2;duplicate_for_same_parent_sequence
74;2;51;;diversification;4;;;;;;;;;;;;;;;;;;;;;End-of-iteration summary row;;;15022.650696398245;15022.650696398245;468;15022.650696398245;4355.282;;IterationSummary;;;;;;
75;2;52;1;diversification;4;86ad57e1650d;move;;;10;5;;;;;;;;;;True;False;False;False;;ok;15686.07293865062;15022.650696398245;15022.650696398245;15022.650696398245;469;15022.650696398245;4363.0799;663.4222422523744;Evaluated;5.5592;2.2279;64;True;1;
75;2;52;2;diversification;4;86ad57e1650d;reinsert_block;;;;;;;18;24;5;;;;;True;False;False;True;;ok;16035.689360800123;15022.650696398245;15022.650696398245;15022.650696398245;470;15022.650696398245;4370.7607;1013.0386644018781;Evaluated;5.4487;2.2293;64;True;1;
75;2;52;3;diversification;4;86ad57e1650d;swap;40;45;;;;;;;;;;;;True;False;False;False;;ok;15033.864256207831;15022.650696398245;15022.650696398245;15022.650696398245;471;15022.650696398245;4378.266;11.213559809586513;Evaluated;5.279;2.2236;64;True;1;
75;2;52;4;diversification;4;86ad57e1650d;move;;;61;50;;;;;;;;;;True;False;False;True;;ok;15417.951941526231;15022.650696398245;15022.650696398245;15022.650696398245;472;15022.650696398245;4389.2082;395.3012451279865;Evaluated;8.7096;2.2299;64;True;2;duplicate_for_same_parent_sequence
75;2;52;5;diversification;4;86ad57e1650d;move;;;15;20;;;;;;;;;;True;False;False;False;;ok;15059.825828952298;15022.650696398245;15022.650696398245;15022.650696398245;473;15022.650696398245;4397.0522;37.17513255405356;Evaluated;5.6147;2.2253;64;True;1;
75;2;52;6;diversification;4;86ad57e1650d;move;;;50;20;;;;;;;;;;True;False;False;True;;ok;15698.408672250787;15022.650696398245;15022.650696398245;15022.650696398245;474;15022.650696398245;4404.4804;675.7579758525426;Evaluated;5.1986;2.2282;64;True;1;
75;2;52;7;diversification;4;86ad57e1650d;move;;;60;45;;;;;;;;;;True;False;False;True;;ok;16166.50525428048;15022.650696398245;15022.650696398245;15022.650696398245;475;15022.650696398245;4412.1923;1143.854557882236;Evaluated;5.2839;2.4254;64;True;1;
75;2;52;8;diversification;4;86ad57e1650d;move;;;25;10;;;;;;;;;;True;False;False;True;;ok;16014.50019394569;15022.650696398245;15022.650696398245;15022.650696398245;476;15022.650696398245;4419.9126;991.8494975474459;Evaluated;5.4878;2.2297;64;True;1;
75;2;52;9;diversification;4;86ad57e1650d;move;;;45;18;;;;;;;;;;True;False;False;True;;ok;15518.77713952851;15022.650696398245;15022.650696398245;15022.650696398245;477;15022.650696398245;4430.8464;496.1264431302661;Evaluated;8.7048;2.2264;64;True;2;duplicate_for_same_parent_sequence
75;2;52;10;diversification;4;86ad57e1650d;swap;42;50;;;;;;;;;;;;True;False;False;False;;ok;15453.064903654265;15022.650696398245;15022.650696398245;15022.650696398245;478;15022.650696398245;4441.6813;430.41420725602075;Evaluated;8.5989;2.2325;64;True;2;duplicate_for_same_parent_sequence
75;2;52;;diversification;5;;;;;;;;;;;;;;;;;;;;;End-of-iteration summary row;;;15022.650696398245;15022.650696398245;478;15022.650696398245;4441.6844;;IterationSummary;;;;;;
76;2;53;1;diversification;5;86ad57e1650d;move;;;10;25;;;;;;;;;;True;False;False;True;;ok;15641.417634787505;15022.650696398245;15022.650696398245;15022.650696398245;479;15022.650696398245;4449.6731;618.7669383892608;Evaluated;5.74;2.2361;64;True;1;
76;2;53;2;diversification;5;86ad57e1650d;move;;;30;15;;;;;;;;;;True;False;False;True;;ok;15121.244309073672;15022.650696398245;15022.650696398245;15022.650696398245;480;15022.650696398245;4460.7678;98.59361267542772;Evaluated;8.8631;2.2289;64;True;2;duplicate_for_same_parent_sequence
76;2;53;3;diversification;5;86ad57e1650d;swap;32;39;;;;;;;;;;;;True;False;False;False;;ok;15337.834832851566;15022.650696398245;15022.650696398245;15022.650696398245;481;15022.650696398245;4471.6383;315.1841364533211;Evaluated;8.6412;2.2263;64;True;2;duplicate_for_same_parent_sequence
76;2;53;4;diversification;5;86ad57e1650d;move;;;58;49;;;;;;;;;;True;False;False;False;;ok;15054.465859491303;15022.650696398245;15022.650696398245;15022.650696398245;482;15022.650696398245;4479.0114;31.8151630930588;Evaluated;5.1456;2.225;64;True;1;
76;2;53;5;diversification;5;86ad57e1650d;move;;;30;40;;;;;;;;;;True;False;False;True;;ok;15032.304444438094;15022.650696398245;15022.650696398245;15022.650696398245;483;15022.650696398245;4489.9683;9.653748039849233;Evaluated;8.7204;2.2333;64;True;2;duplicate_for_same_parent_sequence
76;2;53;6;diversification;5;86ad57e1650d;swap;15;30;;;;;;;;;;;;True;False;False;True;;ok;15115.161743452145;15022.650696398245;15022.650696398245;15022.650696398245;484;15022.650696398245;4504.4096;92.51104705390026;Evaluated;12.2112;2.2275;64;True;3;duplicate_for_same_parent_sequence
76;2;53;7;diversification;5;86ad57e1650d;move;;;30;5;;;;;;;;;;True;False;False;True;;ok;15223.131508962522;15022.650696398245;15022.650696398245;15022.650696398245;485;15022.650696398245;4515.4023;200.48081256427758;Evaluated;8.7591;2.2311;64;True;2;duplicate_for_same_parent_sequence
76;2;53;8;diversification;5;86ad57e1650d;move;;;8;15;;;;;;;;;;True;False;False;False;;ok;15202.440282966556;15022.650696398245;15022.650696398245;15022.650696398245;486;15022.650696398245;4523.016;179.78958656831128;Evaluated;5.3784;2.2329;64;True;1;
76;2;53;9;diversification;5;86ad57e1650d;move;;;25;15;;;;;;;;;;True;False;False;True;;ok;15900.260699951998;15022.650696398245;15022.650696398245;15022.650696398245;487;15022.650696398245;4530.4296;877.6100035537529;Evaluated;5.1884;2.2245;64;True;1;
76;2;53;10;diversification;5;86ad57e1650d;move;;;48;50;;;;;;;;;;True;False;False;False;;ok;15636.129180008205;15022.650696398245;15022.650696398245;15022.650696398245;488;15022.650696398245;4537.8275;613.4784836099607;Evaluated;5.1686;2.2268;64;True;1;
76;2;53;;diversification;6;;;;;;;;;;;;;;;;;;;;;End-of-iteration summary row;;;15022.650696398245;15022.650696398245;488;15022.650696398245;4537.8307;;IterationSummary;;;;;;
77;2;54;1;diversification;6;86ad57e1650d;move;;;7;30;;;;;;;;;;True;False;False;True;;ok;15040.905997033155;15022.650696398245;15022.650696398245;15022.650696398245;489;15022.650696398245;4549.1392;18.255300634909872;Evaluated;9.0659;2.2336;64;True;2;duplicate_for_same_parent_sequence
77;2;54;2;diversification;6;86ad57e1650d;reinsert_block;;;;;;;18;23;5;;;;;True;False;False;True;;ok;16024.070714331576;15022.650696398245;15022.650696398245;15022.650696398245;490;15022.650696398245;4557.0715;1001.4200179333311;Evaluated;5.6948;2.2348;64;True;1;
77;2;54;3;diversification;6;86ad57e1650d;swap;35;40;;;;;;;;;;;;False;True;False;;;ok;;15022.650696398245;15022.650696398245;15022.650696398245;490;15022.650696398245;4569.5977;;DuplicateForSameParentSequenceAfterRetries;12.5225;;;;3;duplicate_for_same_parent_sequence
77;2;54;4;diversification;6;86ad57e1650d;move;;;48;35;;;;;;;;;;True;False;False;True;;ok;15078.24447645968;15022.650696398245;15022.650696398245;15022.650696398245;491;15022.650696398245;4583.9524;55.59378006143561;Evaluated;12.1296;2.2244;64;True;3;duplicate_for_same_parent_sequence
77;2;54;5;diversification;6;86ad57e1650d;swap;3;7;;;;;;;;;;;;True;False;False;False;;ok;16008.614548020465;15022.650696398245;15022.650696398245;15022.650696398245;492;15022.650696398245;4595.1157;985.9638516222203;Evaluated;8.9168;2.2435;64;True;2;duplicate_for_same_parent_sequence
77;2;54;6;diversification;6;86ad57e1650d;move;;;40;50;;;;;;;;;;True;False;False;True;;ok;15634.16943215566;15022.650696398245;15022.650696398245;15022.650696398245;493;15022.650696398245;4602.7691;611.5187357574159;Evaluated;5.4181;2.2326;64;True;1;
77;2;54;7;diversification;6;86ad57e1650d;move;;;58;30;;;;;;;;;;True;False;False;True;;ok;15061.307057099506;15022.650696398245;15022.650696398245;15022.650696398245;494;15022.650696398245;4610.2012;38.65636070126129;Evaluated;5.2009;2.2287;64;True;1;
77;2;54;8;diversification;6;86ad57e1650d;move;;;30;45;;;;;;;;;;True;False;False;True;;ok;15322.361957565901;15022.650696398245;15022.650696398245;15022.650696398245;495;15022.650696398245;4621.1456;299.71126116765663;Evaluated;8.7139;2.2274;64;True;2;duplicate_for_same_parent_sequence
77;2;54;9;diversification;6;86ad57e1650d;move;;;35;28;;;;;;;;;;True;False;False;False;;ok;15012.320390769619;15022.650696398245;15022.650696398245;15022.650696398245;496;15022.650696398245;4628.8796;-10.330305628625865;EvaluatedImprovementDespiteDiversificationMismatch;5.5075;2.2241;64;True;1;
77;2;54;10;diversification;6;86ad57e1650d;swap;42;48;;;;;;;;;;;;True;False;False;False;;ok;15628.886570823892;15022.650696398245;15022.650696398245;15022.650696398245;497;15022.650696398245;4639.9692;606.2358744256471;Evaluated;8.8594;2.2276;64;True;2;duplicate_for_same_parent_sequence
77;2;54;;diversification;0;;;;;;;;;;;;;;;;;;;;;End-of-iteration summary row;;;15012.320390769619;15012.320390769619;497;15012.320390769619;4639.9864;;IterationSummary;;;;;;
78;2;55;1;normal;0;65cc45196c7b;move;;;7;15;;;;;;;;;;True;False;False;False;;ok;15013.39027069464;15012.320390769619;15012.320390769619;15012.320390769619;498;15012.320390769619;4647.7205;1.0698799250203592;Evaluated;5.5026;2.226;64;True;1;
78;2;55;2;normal;0;65cc45196c7b;swap;18;25;;;;;;;;;;;;True;False;False;False;;ok;15012.320390769619;15012.320390769619;15012.320390769619;15012.320390769619;499;15012.320390769619;4655.1877;0.0;Evaluated;5.2391;2.2256;64;True;1;
78;2;55;3;normal;0;65cc45196c7b;reinsert_block;;;;;;;32;38;40;;;;;True;False;False;False;;ok;15096.140500418323;15012.320390769619;15012.320390769619;15012.320390769619;500;15012.320390769619;4663.0012;83.8201096487046;Evaluated;5.5887;2.2218;64;True;1;
78;2;55;4;normal;0;65cc45196c7b;move;;;52;48;;;;;;;;;;True;False;False;False;;ok;15249.307805578961;15012.320390769619;15012.320390769619;15012.320390769619;501;15012.320390769619;4670.4841;236.98741480934223;Evaluated;5.256;2.224;64;True;1;
78;2;55;5;normal;0;65cc45196c7b;move;;;25;10;;;;;;;;;;True;False;False;True;;ok;15970.520294861184;15012.320390769619;15012.320390769619;15012.320390769619;502;15012.320390769619;4677.9335;958.1999040915653;Evaluated;5.2241;2.2245;64;True;1;
78;2;55;;normal;1;;;;;;;;;;;;;;;;;;;;;End-of-iteration summary row;;;15012.320390769619;15012.320390769619;502;15012.320390769619;4677.9364;;IterationSummary;;;;;;
79;2;56;1;normal;1;65cc45196c7b;move;;;10;5;;;;;;;;;;True;False;False;False;;ok;15653.341208897249;15012.320390769619;15012.320390769619;15012.320390769619;503;15012.320390769619;4685.7128;641.0208181276303;Evaluated;5.5353;2.2236;64;True;1;
79;2;56;2;normal;1;65cc45196c7b;swap;20;25;;;;;;;;;;;;True;False;False;False;;ok;16260.554250034009;15012.320390769619;15012.320390769619;15012.320390769619;504;15012.320390769619;4693.3842;1248.23385926439;Evaluated;5.248;2.421;64;True;1;
79;2;56;3;normal;1;65cc45196c7b;reinsert_block;;;;;;;35;40;28;;;;;True;False;False;False;;ok;14954.139006985302;15012.320390769619;15012.320390769619;15012.320390769619;505;15012.320390769619;4701.0608;-58.181383784316495;Evaluated;5.4446;2.2312;64;True;1;
79;2;56;4;normal;1;65cc45196c7b;move;;;50;49;;;;;;;;;;True;False;False;False;;ok;15643.050507458885;15012.320390769619;15012.320390769619;15012.320390769619;506;15012.320390769619;4708.5307;630.7301166892667;Evaluated;5.238;2.2305;64;True;1;
79;2;56;5;normal;1;65cc45196c7b;move;;;18;30;;;;;;;;;;True;False;False;True;;ok;15515.277241551043;15012.320390769619;15012.320390769619;15012.320390769619;507;15012.320390769619;4715.8976;502.9568507814238;Evaluated;5.137;2.2266;64;True;1;
79;2;56;;normal;0;;;;;;;;;;;;;;;;;;;;;End-of-iteration summary row;;;14954.139006985302;14954.139006985302;507;14954.139006985302;4715.9118;;IterationSummary;;;;;;
80;2;57;1;normal;0;54e21aa6da00;move;;;7;15;;;;;;;;;;True;False;False;False;;ok;14955.616303700384;14954.139006985302;14954.139006985302;14954.139006985302;508;14954.139006985302;4723.7979;1.4772967150820477;Evaluated;5.6474;2.2284;64;True;1;
80;2;57;2;normal;0;54e21aa6da00;swap;18;20;;;;;;;;;;;;True;False;False;False;;ok;15482.826645430288;14954.139006985302;14954.139006985302;14954.139006985302;509;14954.139006985302;4731.2601;528.6876384449861;Evaluated;5.2349;2.2247;64;True;1;
80;2;57;3;normal;0;54e21aa6da00;reinsert_block;;;;;;;35;40;28;;;;;True;False;False;False;;ok;15004.99912218166;14954.139006985302;14954.139006985302;14954.139006985302;510;14954.139006985302;4739.0268;50.86011519635758;Evaluated;5.5323;2.2319;64;True;1;
80;2;57;4;normal;0;54e21aa6da00;move;;;50;48;;;;;;;;;;True;False;False;False;;ok;15583.392298994644;14954.139006985302;14954.139006985302;14954.139006985302;511;14954.139006985302;4746.7019;629.2532920093417;Evaluated;5.4501;2.2224;64;True;1;
80;2;57;5;normal;0;54e21aa6da00;move;;;25;30;;;;;;;;;;True;False;False;False;;ok;15387.400847086312;14954.139006985302;14954.139006985302;14954.139006985302;512;14954.139006985302;4754.0847;433.2618401010095;Evaluated;5.1524;2.2277;64;True;1;
80;2;57;;normal;1;;;;;;;;;;;;;;;;;;;;;End-of-iteration summary row;;;14954.139006985302;14954.139006985302;512;14954.139006985302;4754.0873;;IterationSummary;;;;;;
81;2;58;1;normal;1;54e21aa6da00;move;;;30;25;;;;;;;;;;True;False;False;False;;ok;15516.24280585695;14954.139006985302;14954.139006985302;14954.139006985302;513;14954.139006985302;4765.5563;562.1037988716471;Evaluated;9.2231;2.2339;64;True;2;duplicate_for_same_parent_sequence
81;2;58;2;normal;1;54e21aa6da00;swap;25;30;;;;;;;;;;;;True;False;False;False;;ok;15378.262656044686;14954.139006985302;14954.139006985302;14954.139006985302;514;14954.139006985302;4776.7672;424.12364905938375;Evaluated;8.9792;2.2289;64;True;2;duplicate_for_same_parent_sequence
81;2;58;3;normal;1;54e21aa6da00;move;;;37;31;;;;;;;;;;True;False;False;False;;ok;14962.11613284889;14954.139006985302;14954.139006985302;14954.139006985302;515;14954.139006985302;4788.0306;7.977125863588299;Evaluated;9.0365;2.2239;64;True;2;duplicate_for_same_parent_sequence
81;2;58;4;normal;1;54e21aa6da00;move;;;35;28;;;;;;;;;;True;False;False;False;;ok;15454.592613379176;14954.139006985302;14954.139006985302;14954.139006985302;516;14954.139006985302;4798.9091;500.453606393874;Evaluated;8.653;2.223;64;True;2;duplicate_for_same_parent_sequence
81;2;58;5;normal;1;54e21aa6da00;move;;;10;5;;;;;;;;;;True;False;False;False;;ok;15918.631393081572;14954.139006985302;14954.139006985302;14954.139006985302;517;14954.139006985302;4806.444;964.4923860962699;Evaluated;5.3004;2.2315;64;True;1;
81;2;58;;normal;2;;;;;;;;;;;;;;;;;;;;;End-of-iteration summary row;;;14954.139006985302;14954.139006985302;517;14954.139006985302;4806.4467;;IterationSummary;;;;;;
82;2;59;1;normal;2;54e21aa6da00;move;;;3;8;;;;;;;;;;True;False;False;False;;ok;16074.368511264425;14954.139006985302;14954.139006985302;14954.139006985302;518;14954.139006985302;4814.6568;1120.229504279123;Evaluated;5.7784;2.4233;64;True;1;
82;2;59;2;normal;2;54e21aa6da00;swap;20;25;;;;;;;;;;;;True;False;False;False;;ok;16461.649282176626;14954.139006985302;14954.139006985302;14954.139006985302;519;14954.139006985302;4822.5244;1507.5102751913237;Evaluated;5.4392;2.4274;64;True;1;
82;2;59;3;normal;2;54e21aa6da00;move;;;45;19;;;;;;;;;;True;False;False;True;;ok;15088.766917440036;14954.139006985302;14954.139006985302;14954.139006985302;520;14954.139006985302;4833.8133;134.62791045473386;Evaluated;9.063;2.2246;64;True;2;duplicate_for_same_parent_sequence
82;2;59;4;normal;2;54e21aa6da00;move;;;52;48;;;;;;;;;;True;False;False;False;;ok;15184.46327755987;14954.139006985302;14954.139006985302;14954.139006985302;521;14954.139006985302;4841.2541;230.32427057456698;Evaluated;5.2116;2.2267;64;True;1;
82;2;59;5;normal;2;54e21aa6da00;move;;;45;30;;;;;;;;;;True;False;False;True;;ok;15326.917891347757;14954.139006985302;14954.139006985302;14954.139006985302;522;14954.139006985302;4848.8871;372.77888436245485;Evaluated;5.4005;2.2294;64;True;1;
82;2;59;;normal;3;;;;;;;;;;;;;;;;;;;;;End-of-iteration summary row;;;14954.139006985302;14954.139006985302;522;14954.139006985302;4848.8897;;IterationSummary;;;;;;
83;2;60;1;diversification;3;54e21aa6da00;move;;;8;3;;;;;;;;;;True;False;False;False;;ok;15301.799661051631;14954.139006985302;14954.139006985302;14954.139006985302;523;14954.139006985302;4860.2266;347.6606540663288;Evaluated;9.1029;2.221;64;True;2;duplicate_for_same_parent_sequence
83;2;60;2;diversification;3;54e21aa6da00;reinsert_block;;;;;;;20;25;16;;;;;True;False;False;False;;ok;15986.529410757748;14954.139006985302;14954.139006985302;14954.139006985302;524;14954.139006985302;4868.0196;1032.390403772446;Evaluated;5.5679;2.2244;64;True;1;
83;2;60;3;diversification;3;54e21aa6da00;swap;35;40;;;;;;;;;;;;True;False;False;False;;ok;15383.28322827768;14954.139006985302;14954.139006985302;14954.139006985302;525;14954.139006985302;4875.7293;429.14422129237755;Evaluated;5.4781;2.2287;64;True;1;
83;2;60;4;diversification;3;54e21aa6da00;move;;;50;49;;;;;;;;;;True;False;False;False;;ok;15582.538320731102;14954.139006985302;14954.139006985302;14954.139006985302;526;14954.139006985302;4883.2526;628.3993137458001;Evaluated;5.2918;2.2279;64;True;1;
83;2;60;5;diversification;3;54e21aa6da00;swap;3;8;;;;;;;;;;;;True;False;False;False;;ok;16234.529501559175;14954.139006985302;14954.139006985302;14954.139006985302;527;14954.139006985302;4894.3803;1280.3904945738723;Evaluated;8.6938;2.4314;64;True;2;duplicate_for_same_parent_sequence
83;2;60;6;diversification;3;54e21aa6da00;move;;;32;15;;;;;;;;;;True;False;False;True;;ok;14953.538785499819;14954.139006985302;14954.139006985302;14954.139006985302;528;14954.139006985302;4905.4156;-0.6002214854834165;Evaluated;8.8089;2.2257;64;True;2;duplicate_for_same_parent_sequence
83;2;60;7;diversification;3;54e21aa6da00;move;;;40;5;;;;;;;;;;True;False;False;True;;ok;15683.676193798723;14954.139006985302;14954.139006985302;14954.139006985302;529;14954.139006985302;4912.8403;729.5371868134207;Evaluated;5.197;2.2249;64;True;1;
83;2;60;8;diversification;3;54e21aa6da00;move;;;8;15;;;;;;;;;;True;False;False;False;;ok;15017.878903636618;14954.139006985302;14954.139006985302;14954.139006985302;530;14954.139006985302;4920.2603;63.739896651315576;Evaluated;5.1846;2.2329;64;True;1;
83;2;60;9;diversification;3;54e21aa6da00;move;;;28;35;;;;;;;;;;True;False;False;False;;ok;15377.693389507196;14954.139006985302;14954.139006985302;14954.139006985302;531;14954.139006985302;4931.2033;423.5543825218938;Evaluated;8.7157;2.2247;64;True;2;duplicate_for_same_parent_sequence
83;2;60;10;diversification;3;54e21aa6da00;move;;;52;35;;;;;;;;;;True;False;False;True;;ok;15577.552829930302;14954.139006985302;14954.139006985302;14954.139006985302;532;14954.139006985302;4941.9702;623.413822945;Evaluated;8.5424;2.2219;64;True;2;duplicate_for_same_parent_sequence
83;2;60;;diversification;0;;;;;;;;;;;;;;;;;;;;;End-of-iteration summary row;;;14953.538785499819;14953.538785499819;532;14953.538785499819;4941.9887;;IterationSummary;;;;;;
84;2;61;1;normal;0;490c698d87ee;move;;;7;15;;;;;;;;;;True;False;False;False;;ok;14953.138223943657;14953.538785499819;14953.538785499819;14953.538785499819;533;14953.538785499819;4949.927;-0.40056155616184697;Evaluated;5.7097;2.2226;64;True;1;
84;2;61;2;normal;0;490c698d87ee;swap;18;25;;;;;;;;;;;;True;False;False;False;;ok;15026.931697206204;14953.538785499819;14953.538785499819;14953.538785499819;534;14953.538785499819;4957.4415;73.39291170638535;Evaluated;5.2847;2.2267;64;True;1;
84;2;61;3;normal;0;490c698d87ee;reinsert_block;;;;;;;35;40;28;;;;;True;False;False;False;;ok;15011.946709279646;14953.538785499819;14953.538785499819;14953.538785499819;535;14953.538785499819;4965.4605;58.40792377982689;Evaluated;5.7933;2.223;64;True;1;
84;2;61;4;normal;0;490c698d87ee;move;;;50;49;;;;;;;;;;True;False;False;False;;ok;15581.934107805044;14953.538785499819;14953.538785499819;14953.538785499819;536;14953.538785499819;4972.9778;628.3953223052249;Evaluated;5.2907;2.2259;64;True;1;
84;2;61;5;normal;0;490c698d87ee;move;;;25;30;;;;;;;;;;True;False;False;False;;ok;15340.661465539859;14953.538785499819;14953.538785499819;14953.538785499819;537;14953.538785499819;4980.3872;387.12268004004;Evaluated;5.1775;2.2289;64;True;1;
84;2;61;;normal;0;;;;;;;;;;;;;;;;;;;;;End-of-iteration summary row;;;14953.138223943657;14953.138223943657;537;14953.138223943657;4980.41;;IterationSummary;;;;;;
85;2;62;1;normal;0;90b66f7f4a95;move;;;7;15;;;;;;;;;;True;False;False;False;;ok;15738.59551403459;14953.138223943657;14953.138223943657;14953.138223943657;538;14953.138223943657;4988.1564;785.4572900909334;Evaluated;5.5115;2.2291;64;True;1;
85;2;62;2;normal;0;90b66f7f4a95;swap;18;25;;;;;;;;;;;;True;False;False;False;;ok;15143.87273190297;14953.138223943657;14953.138223943657;14953.138223943657;539;14953.138223943657;4995.6007;190.7345079593124;Evaluated;5.2151;2.2257;64;True;1;
85;2;62;3;normal;0;90b66f7f4a95;reinsert_block;;;;;;;35;40;28;;;;;True;False;False;False;;ok;15026.663633463444;14953.138223943657;14953.138223943657;14953.138223943657;540;14953.138223943657;5003.3446;73.52540951978699;Evaluated;5.5169;2.225;64;True;1;
85;2;62;4;normal;0;90b66f7f4a95;move;;;50;49;;;;;;;;;;True;False;False;False;;ok;15590.263668220754;14953.138223943657;14953.138223943657;14953.138223943657;541;14953.138223943657;5010.811;637.1254442770969;Evaluated;5.2424;2.2214;64;True;1;
85;2;62;5;normal;0;90b66f7f4a95;move;;;20;15;;;;;;;;;;True;False;False;False;;ok;15088.912665623246;14953.138223943657;14953.138223943657;14953.138223943657;542;14953.138223943657;5018.1913;135.77444167958856;Evaluated;5.1529;2.2248;64;True;1;
85;2;62;;normal;1;;;;;;;;;;;;;;;;;;;;;End-of-iteration summary row;;;14953.138223943657;14953.138223943657;542;14953.138223943657;5018.1942;;IterationSummary;;;;;;
86;2;63;1;normal;1;90b66f7f4a95;move;;;10;5;;;;;;;;;;True;False;False;False;;ok;16177.037472901076;14953.138223943657;14953.138223943657;14953.138223943657;543;14953.138223943657;5026.4432;1223.8992489574193;Evaluated;5.802;2.4326;64;True;1;
86;2;63;2;normal;1;90b66f7f4a95;swap;17;20;;;;;;;;;;;;True;False;False;False;;ok;15444.115571145467;14953.138223943657;14953.138223943657;14953.138223943657;544;14953.138223943657;5033.8391;490.9773472018096;Evaluated;5.1662;2.2272;64;True;1;
86;2;63;3;normal;1;90b66f7f4a95;move;;;37;31;;;;;;;;;;True;False;False;False;;ok;15015.912844977274;14953.138223943657;14953.138223943657;14953.138223943657;545;14953.138223943657;5044.9799;62.77462103361722;Evaluated;8.9143;2.2235;64;True;2;duplicate_for_same_parent_sequence
86;2;63;4;normal;1;90b66f7f4a95;move;;;50;48;;;;;;;;;;True;False;False;False;;ok;15590.263668220754;14953.138223943657;14953.138223943657;14953.138223943657;546;14953.138223943657;5052.6409;637.1254442770969;Evaluated;5.431;2.2271;64;True;1;
86;2;63;5;normal;1;90b66f7f4a95;move;;;37;25;;;;;;;;;;True;False;False;True;;ok;15335.248073055063;14953.138223943657;14953.138223943657;14953.138223943657;547;14953.138223943657;5063.2335;382.1098491114062;Evaluated;8.3584;2.2307;64;True;2;duplicate_for_same_parent_sequence
86;2;63;;normal;2;;;;;;;;;;;;;;;;;;;;;End-of-iteration summary row;;;14953.138223943657;14953.138223943657;547;14953.138223943657;5063.2365;;IterationSummary;;;;;;
87;2;64;1;normal;2;90b66f7f4a95;move;;;3;7;;;;;;;;;;True;False;False;False;;ok;15747.109645725104;14953.138223943657;14953.138223943657;14953.138223943657;548;14953.138223943657;5074.1409;793.9714217814471;Evaluated;8.6652;2.2253;64;True;2;duplicate_for_same_parent_sequence
87;2;64;2;normal;2;90b66f7f4a95;swap;20;25;;;;;;;;;;;;True;False;False;False;;ok;15504.885913705346;14953.138223943657;14953.138223943657;14953.138223943657;549;14953.138223943657;5081.5742;551.7476897616889;Evaluated;5.206;2.2246;64;True;1;
87;2;64;3;normal;2;90b66f7f4a95;move;;;15;20;;;;;;;;;;True;False;False;False;;ok;14942.4543805297;14953.138223943657;14953.138223943657;14953.138223943657;550;14953.138223943657;5092.9507;-10.68384341395722;Evaluated;9.1414;2.2325;64;True;2;duplicate_for_same_parent_sequence
87;2;64;4;normal;2;90b66f7f4a95;move;;;30;25;;;;;;;;;;True;False;False;False;;ok;15402.038004830612;14953.138223943657;14953.138223943657;14953.138223943657;551;14953.138223943657;5104.0088;448.89978088695534;Evaluated;8.8313;2.2235;64;True;2;duplicate_for_same_parent_sequence
87;2;64;5;normal;2;90b66f7f4a95;move;;;25;30;;;;;;;;;;True;False;False;False;;ok;15349.482076860693;14953.138223943657;14953.138223943657;14953.138223943657;552;14953.138223943657;5111.4094;396.3438529170362;Evaluated;5.1612;2.2365;64;True;1;
87;2;64;;normal;0;;;;;;;;;;;;;;;;;;;;;End-of-iteration summary row;;;14942.4543805297;14942.4543805297;552;14942.4543805297;5111.4291;;IterationSummary;;;;;;
88;2;65;1;normal;0;2f896a7de66e;move;;;10;5;;;;;;;;;;True;False;False;False;;ok;16166.273712839731;14942.4543805297;14942.4543805297;14942.4543805297;553;14942.4543805297;5119.6304;1223.8193323100313;Evaluated;5.7711;2.4247;64;True;1;
88;2;65;2;normal;0;2f896a7de66e;swap;17;20;;;;;;;;;;;;True;False;False;False;;ok;14947.311904113929;14942.4543805297;14942.4543805297;14942.4543805297;554;14942.4543805297;5127.1445;4.857523584229057;Evaluated;5.2898;2.2219;64;True;1;
88;2;65;3;normal;0;2f896a7de66e;reinsert_block;;;;;;;35;40;28;;;;;True;False;False;False;;ok;15002.963862227909;14942.4543805297;14942.4543805297;14942.4543805297;555;14942.4543805297;5134.8917;60.50948169820913;Evaluated;5.5166;2.2294;64;True;1;
88;2;65;4;normal;0;2f896a7de66e;move;;;50;48;;;;;;;;;;True;False;False;False;;ok;15573.945441705851;14942.4543805297;14942.4543805297;14942.4543805297;556;14942.4543805297;5142.3583;631.4910611761516;Evaluated;5.2394;2.2245;64;True;1;
88;2;65;5;normal;0;2f896a7de66e;move;;;20;15;;;;;;;;;;True;False;False;False;;ok;14953.138223943657;14942.4543805297;14942.4543805297;14942.4543805297;557;14942.4543805297;5149.7415;10.68384341395722;Evaluated;5.1532;2.2271;64;True;1;
88;2;65;;normal;1;;;;;;;;;;;;;;;;;;;;;End-of-iteration summary row;;;14942.4543805297;14942.4543805297;557;14942.4543805297;5149.7444;;IterationSummary;;;;;;
89;2;66;1;normal;1;2f896a7de66e;move;;;8;3;;;;;;;;;;True;False;False;False;;ok;15298.808579388247;14942.4543805297;14942.4543805297;14942.4543805297;558;14942.4543805297;5160.8972;356.35419885854753;Evaluated;8.9148;2.2306;64;True;2;duplicate_for_same_parent_sequence
89;2;66;2;normal;1;2f896a7de66e;swap;20;25;;;;;;;;;;;;True;False;False;False;;ok;14946.703995762684;14942.4543805297;14942.4543805297;14942.4543805297;559;14942.4543805297;5168.4106;4.24961523298407;Evaluated;5.2777;2.233;64;True;1;
89;2;66;3;normal;1;2f896a7de66e;move;;;37;28;;;;;;;;;;True;False;False;False;;ok;15043.598243544237;14942.4543805297;14942.4543805297;14942.4543805297;560;14942.4543805297;5179.909;101.14386301453669;Evaluated;9.2686;2.2266;64;True;2;duplicate_for_same_parent_sequence
89;2;66;4;normal;1;2f896a7de66e;move;;;50;49;;;;;;;;;;True;False;False;False;;ok;15573.945441705851;14942.4543805297;14942.4543805297;14942.4543805297;561;14942.4543805297;5187.5673;631.4910611761516;Evaluated;5.4333;2.2225;64;True;1;
89;2;66;5;normal;1;2f896a7de66e;move;;;25;30;;;;;;;;;;True;False;False;False;;ok;15512.015283316918;14942.4543805297;14942.4543805297;14942.4543805297;562;14942.4543805297;5194.9293;569.5609027872179;Evaluated;5.1331;2.226;64;True;1;
89;2;66;;normal;2;;;;;;;;;;;;;;;;;;;;;End-of-iteration summary row;;;14942.4543805297;14942.4543805297;562;14942.4543805297;5194.9324;;IterationSummary;;;;;;
90;2;67;1;normal;2;2f896a7de66e;move;;;10;5;;;;;;;;;;False;True;False;;;ok;;14942.4543805297;14942.4543805297;14942.4543805297;562;14942.4543805297;5207.2349;;DuplicateForSameParentSequenceAfterRetries;12.2944;;;;3;duplicate_for_same_parent_sequence
90;2;67;2;normal;2;2f896a7de66e;swap;18;20;;;;;;;;;;;;True;False;False;False;;ok;15716.822208203648;14942.4543805297;14942.4543805297;14942.4543805297;563;14942.4543805297;5214.6982;774.3678276739483;Evaluated;5.231;2.2313;64;True;1;
90;2;67;3;normal;2;2f896a7de66e;move;;;35;19;;;;;;;;;;True;False;False;True;;ok;15503.83437227749;14942.4543805297;14942.4543805297;14942.4543805297;564;14942.4543805297;5225.9364;561.37999174779;Evaluated;9.0094;2.2262;64;True;2;duplicate_for_same_parent_sequence
90;2;67;4;normal;2;2f896a7de66e;move;;;30;25;;;;;;;;;;True;False;False;False;;ok;15401.623984056447;14942.4543805297;14942.4543805297;14942.4543805297;565;14942.4543805297;5236.994;459.16960352674687;Evaluated;8.8245;2.2292;64;True;2;duplicate_for_same_parent_sequence
90;2;67;5;normal;2;2f896a7de66e;move;;;40;35;;;;;;;;;;True;False;False;False;;ok;15617.210223781263;14942.4543805297;14942.4543805297;14942.4543805297;566;14942.4543805297;5244.5177;674.7558432515634;Evaluated;5.2869;2.2342;64;True;1;
90;2;67;;normal;3;;;;;;;;;;;;;;;;;;;;;End-of-iteration summary row;;;14942.4543805297;14942.4543805297;566;14942.4543805297;5244.5199;;IterationSummary;;;;;;
91;2;68;1;diversification;3;2f896a7de66e;move;;;28;4;;;;;;;;;;True;False;False;True;;ok;15308.26176705232;14942.4543805297;14942.4543805297;14942.4543805297;567;14942.4543805297;5255.7151;365.8073865226197;Evaluated;8.9495;2.2326;64;True;2;duplicate_for_same_parent_sequence
91;2;68;2;diversification;3;2f896a7de66e;reinsert_block;;;;;;;18;25;32;;;;;True;False;False;False;;ok;15192.0322824431;14942.4543805297;14942.4543805297;14942.4543805297;568;14942.4543805297;5263.62;249.57790191340064;Evaluated;5.6709;2.2314;64;True;1;
91;2;68;3;diversification;3;2f896a7de66e;swap;35;40;;;;;;;;;;;;True;False;False;False;;ok;15391.946946627048;14942.4543805297;14942.4543805297;14942.4543805297;569;14942.4543805297;5271.3518;449.49256609734766;Evaluated;5.5027;2.226;64;True;1;
91;2;68;4;diversification;3;2f896a7de66e;move;;;37;29;;;;;;;;;;True;False;False;False;;ok;15043.598243544237;14942.4543805297;14942.4543805297;14942.4543805297;570;14942.4543805297;5282.4887;101.14386301453669;Evaluated;8.9007;2.2334;64;True;2;duplicate_for_same_parent_sequence
91;2;68;5;diversification;3;2f896a7de66e;move;;;42;35;;;;;;;;;;True;False;False;False;;ok;15501.482801174665;14942.4543805297;14942.4543805297;14942.4543805297;571;14942.4543805297;5289.953;559.0284206449651;Evaluated;5.2318;2.2293;64;True;1;
91;2;68;6;diversification;3;2f896a7de66e;move;;;28;35;;;;;;;;;;True;False;False;False;;ok;15100.083785458492;14942.4543805297;14942.4543805297;14942.4543805297;572;14942.4543805297;5300.7338;157.6294049287917;Evaluated;8.5485;2.2295;64;True;2;duplicate_for_same_parent_sequence
91;2;68;7;diversification;3;2f896a7de66e;swap;3;24;;;;;;;;;;;;True;False;False;True;;ok;15575.609452549415;14942.4543805297;14942.4543805297;14942.4543805297;573;14942.4543805297;5311.2776;633.1550720197156;Evaluated;8.314;2.2273;64;True;2;duplicate_for_same_parent_sequence
91;2;68;8;diversification;3;2f896a7de66e;move;;;15;8;;;;;;;;;;True;False;False;False;;ok;14948.42933413627;14942.4543805297;14942.4543805297;14942.4543805297;574;14942.4543805297;5318.696;5.974953606570125;Evaluated;5.1838;2.234;64;True;1;
91;2;68;9;diversification;3;2f896a7de66e;move;;;40;25;;;;;;;;;;True;False;False;True;;ok;15645.733890185738;14942.4543805297;14942.4543805297;14942.4543805297;575;14942.4543805297;5329.5225;703.2795096560385;Evaluated;8.5909;2.2325;64;True;2;duplicate_for_same_parent_sequence
91;2;68;10;diversification;3;2f896a7de66e;move;;;45;28;;;;;;;;;;True;False;False;True;;ok;15411.119909271109;14942.4543805297;14942.4543805297;14942.4543805297;576;14942.4543805297;5336.9175;468.6655287414087;Evaluated;5.1615;2.2301;64;True;1;
91;2;68;;diversification;4;;;;;;;;;;;;;;;;;;;;;End-of-iteration summary row;;;14942.4543805297;14942.4543805297;576;14942.4543805297;5336.9206;;IterationSummary;;;;;;
92;2;69;1;diversification;4;2f896a7de66e;move;;;18;5;;;;;;;;;;True;False;False;True;;ok;15896.821048297972;14942.4543805297;14942.4543805297;14942.4543805297;577;14942.4543805297;5344.7369;954.3666677682722;Evaluated;5.5834;2.2235;64;True;1;
92;2;69;2;diversification;4;2f896a7de66e;reinsert_block;;;;;;;18;24;32;;;;;True;False;False;True;;ok;15393.329456821695;14942.4543805297;14942.4543805297;14942.4543805297;578;14942.4543805297;5352.6187;450.87507629199536;Evaluated;5.641;2.2373;64;True;1;
92;2;69;3;diversification;4;2f896a7de66e;swap;32;47;;;;;;;;;;;;True;False;False;True;;ok;15333.327302004946;14942.4543805297;14942.4543805297;14942.4543805297;579;14942.4543805297;5363.7481;390.8729214752457;Evaluated;8.8964;2.2303;64;True;2;duplicate_for_same_parent_sequence
92;2;69;4;diversification;4;2f896a7de66e;move;;;52;48;;;;;;;;;;True;False;False;False;;ok;15177.59077693743;14942.4543805297;14942.4543805297;14942.4543805297;580;14942.4543805297;5371.5235;235.13639640773;Evaluated;5.5445;2.2275;64;True;1;
92;2;69;5;diversification;4;2f896a7de66e;move;;;20;10;;;;;;;;;;True;False;False;True;;ok;14950.179751077;14942.4543805297;14942.4543805297;14942.4543805297;581;14942.4543805297;5379.1177;7.7253705472994625;Evaluated;5.3624;2.2294;64;True;1;
92;2;69;6;diversification;4;2f896a7de66e;move;;;35;28;;;;;;;;;;True;False;False;False;;ok;15396.553837490568;14942.4543805297;14942.4543805297;14942.4543805297;582;14942.4543805297;5386.9351;454.09945696086834;Evaluated;5.5845;2.2299;64;True;1;
92;2;69;7;diversification;4;2f896a7de66e;move;;;28;15;;;;;;;;;;True;False;False;True;;ok;15633.520476535448;14942.4543805297;14942.4543805297;14942.4543805297;583;14942.4543805297;5394.4344;691.0660960057485;Evaluated;5.2691;2.2267;64;True;1;
92;2;69;8;diversification;4;2f896a7de66e;move;;;18;25;;;;;;;;;;True;False;False;False;;ok;15938.237423855673;14942.4543805297;14942.4543805297;14942.4543805297;584;14942.4543805297;5401.8991;995.7830433259733;Evaluated;5.2351;2.2268;64;True;1;
92;2;69;9;diversification;4;2f896a7de66e;swap;30;35;;;;;;;;;;;;True;False;False;False;;ok;15526.308358601522;14942.4543805297;14942.4543805297;14942.4543805297;585;14942.4543805297;5412.6554;583.853978071822;Evaluated;8.5273;2.2259;64;True;2;duplicate_for_same_parent_sequence
92;2;69;10;diversification;4;2f896a7de66e;move;;;50;41;;;;;;;;;;True;False;False;False;;ok;15440.027169861645;14942.4543805297;14942.4543805297;14942.4543805297;586;14942.4543805297;5420.1106;497.5727893319454;Evaluated;5.2316;2.2202;64;True;1;
92;2;69;;diversification;5;;;;;;;;;;;;;;;;;;;;;End-of-iteration summary row;;;14942.4543805297;14942.4543805297;586;14942.4543805297;5420.1126;;IterationSummary;;;;;;
93;2;70;1;diversification;5;2f896a7de66e;move;;;10;2;;;;;;;;;;True;False;False;False;;ok;15677.723488783191;14942.4543805297;14942.4543805297;14942.4543805297;587;14942.4543805297;5428.0491;735.2691082534911;Evaluated;5.6988;2.2241;64;True;1;
93;2;70;2;diversification;5;2f896a7de66e;reinsert_block;;;;;;;25;30;16;;;;;True;False;False;True;;ok;14968.012185120784;14942.4543805297;14942.4543805297;14942.4543805297;588;14942.4543805297;5439.8602;25.557804591084277;Evaluated;9.5779;2.2307;64;True;2;duplicate_for_same_parent_sequence
93;2;70;3;diversification;5;2f896a7de66e;swap;35;42;;;;;;;;;;;;True;False;False;False;;ok;16555.170573038093;14942.4543805297;14942.4543805297;14942.4543805297;589;14942.4543805297;5447.782;1612.7161925083929;Evaluated;5.4879;2.4309;64;True;1;
93;2;70;4;diversification;5;2f896a7de66e;move;;;60;50;;;;;;;;;;True;False;False;True;;ok;15670.38028120955;14942.4543805297;14942.4543805297;14942.4543805297;590;14942.4543805297;5458.6823;727.9259006798493;Evaluated;8.6627;2.2349;64;True;2;duplicate_for_same_parent_sequence
93;2;70;5;diversification;5;2f896a7de66e;move;;;20;3;;;;;;;;;;True;False;False;True;;ok;15296.041835559068;14942.4543805297;14942.4543805297;14942.4543805297;591;14942.4543805297;5469.8285;353.58745502936836;Evaluated;8.9143;2.2292;64;True;2;duplicate_for_same_parent_sequence
93;2;70;6;diversification;5;2f896a7de66e;move;;;40;55;;;;;;;;;;True;False;False;True;;ok;15785.67343869025;14942.4543805297;14942.4543805297;14942.4543805297;592;14942.4543805297;5477.1199;843.21905816055;Evaluated;5.0629;2.2254;64;True;1;
93;2;70;7;diversification;5;2f896a7de66e;move;;;40;30;;;;;;;;;;True;False;False;True;;ok;15700.452703505993;14942.4543805297;14942.4543805297;14942.4543805297;593;14942.4543805297;5488.28;757.9983229762929;Evaluated;8.927;2.2304;64;True;2;duplicate_for_same_parent_sequence
93;2;70;8;diversification;5;2f896a7de66e;move;;;10;20;;;;;;;;;;True;False;False;True;;ok;15629.04459646302;14942.4543805297;14942.4543805297;14942.4543805297;594;14942.4543805297;5495.8395;686.59021593332;Evaluated;5.3337;2.2226;64;True;1;
93;2;70;9;diversification;5;2f896a7de66e;move;;;30;45;;;;;;;;;;True;False;False;True;;ok;15523.201228056156;14942.4543805297;14942.4543805297;14942.4543805297;595;14942.4543805297;5510.2089;580.7468475264559;Evaluated;12.1445;2.2239;64;True;3;duplicate_for_same_parent_sequence
93;2;70;10;diversification;5;2f896a7de66e;move;;;45;20;;;;;;;;;;True;False;False;True;;ok;15274.308163800833;14942.4543805297;14942.4543805297;14942.4543805297;596;14942.4543805297;5517.6794;331.8537832711336;Evaluated;5.2403;2.2272;64;True;1;
93;2;70;;diversification;6;;;;;;;;;;;;;;;;;;;;;End-of-iteration summary row;;;14942.4543805297;14942.4543805297;596;14942.4543805297;5517.6823;;IterationSummary;;;;;;
94;2;71;1;diversification;6;2f896a7de66e;move;;;5;20;;;;;;;;;;True;False;False;True;;ok;15945.106228986017;14942.4543805297;14942.4543805297;14942.4543805297;597;14942.4543805297;5525.6208;1002.6518484563167;Evaluated;5.6969;2.2274;64;True;1;
94;2;71;2;diversification;6;2f896a7de66e;reinsert_block;;;;;;;18;24;30;;;;;True;False;False;False;;ok;15391.192427531716;14942.4543805297;14942.4543805297;14942.4543805297;598;14942.4543805297;5533.3963;448.7380470020162;Evaluated;5.536;2.2363;64;True;1;
94;2;71;3;diversification;6;2f896a7de66e;swap;32;47;;;;;;;;;;;;False;True;False;;;ok;;14942.4543805297;14942.4543805297;14942.4543805297;598;14942.4543805297;5546.1835;;DuplicateForSameParentSequenceAfterRetries;12.7847;;;;3;duplicate_for_same_parent_sequence
94;2;71;4;diversification;6;2f896a7de66e;reinsert_block;;;;;;;50;55;30;;;;;True;False;False;True;;ok;15996.763177116238;14942.4543805297;14942.4543805297;14942.4543805297;599;14942.4543805297;5557.1879;1054.308796586538;Evaluated;8.7732;2.2303;64;True;2;duplicate_for_same_parent_sequence
94;2;71;5;diversification;6;2f896a7de66e;move;;;20;5;;;;;;;;;;True;False;False;True;;ok;15128.490951068434;14942.4543805297;14942.4543805297;14942.4543805297;600;14942.4543805297;5567.7951;186.03657053873394;Evaluated;8.3785;2.2261;64;True;2;duplicate_for_same_parent_sequence
94;2;71;6;diversification;6;2f896a7de66e;move;;;50;40;;;;;;;;;;True;False;False;True;;ok;15582.372513505072;14942.4543805297;14942.4543805297;14942.4543805297;601;14942.4543805297;5575.2549;639.9181329753719;Evaluated;5.2287;2.2285;64;True;1;
94;2;71;7;diversification;6;2f896a7de66e;move;;;43;15;;;;;;;;;;True;False;False;True;;ok;15746.758201096636;14942.4543805297;14942.4543805297;14942.4543805297;602;14942.4543805297;5582.7951;804.3038205669363;Evaluated;5.3144;2.2252;64;True;1;
94;2;71;8;diversification;6;2f896a7de66e;move;;;8;15;;;;;;;;;;True;False;False;False;;ok;15852.62857125931;14942.4543805297;14942.4543805297;14942.4543805297;603;14942.4543805297;5593.7183;910.1741907296109;Evaluated;8.6939;2.2268;64;True;2;duplicate_for_same_parent_sequence
94;2;71;9;diversification;6;2f896a7de66e;move;;;30;40;;;;;;;;;;True;False;False;True;;ok;15322.97301506624;14942.4543805297;14942.4543805297;14942.4543805297;604;14942.4543805297;5608.1709;380.51863453654005;Evaluated;12.2272;2.2224;64;True;3;duplicate_for_same_parent_sequence
94;2;71;10;diversification;6;2f896a7de66e;move;;;50;42;;;;;;;;;;True;False;False;False;;ok;15773.399605204986;14942.4543805297;14942.4543805297;14942.4543805297;605;14942.4543805297;5615.6351;830.9452246752862;Evaluated;5.2337;2.2278;64;True;1;
94;2;71;;diversification;7;;;;;;;;;;;;;;;;;;;;;End-of-iteration summary row;;;14942.4543805297;14942.4543805297;605;14942.4543805297;5615.6381;;IterationSummary;;;;;;
95;2;72;1;diversification;7;2f896a7de66e;move;;;2;10;;;;;;;;;;True;False;False;False;;ok;15770.651017762895;14942.4543805297;14942.4543805297;14942.4543805297;606;14942.4543805297;5623.5494;828.1966372331954;Evaluated;5.6796;2.2261;64;True;1;
95;2;72;2;diversification;7;2f896a7de66e;move;;;25;16;;;;;;;;;;True;False;False;False;;ok;15382.377340718669;14942.4543805297;14942.4543805297;14942.4543805297;607;14942.4543805297;5634.7835;439.9229601889692;Evaluated;9.0063;2.2248;64;True;2;duplicate_for_same_parent_sequence
95;2;72;3;diversification;7;2f896a7de66e;swap;37;42;;;;;;;;;;;;True;False;False;False;;ok;15497.006013814567;14942.4543805297;14942.4543805297;14942.4543805297;608;14942.4543805297;5645.943;554.5516332848674;Evaluated;8.9294;2.226;64;True;2;duplicate_for_same_parent_sequence
95;2;72;4;diversification;7;2f896a7de66e;move;;;50;35;;;;;;;;;;True;False;False;True;;ok;15651.191726176026;14942.4543805297;14942.4543805297;14942.4543805297;609;14942.4543805297;5653.6542;708.7373456463265;Evaluated;5.4837;2.2247;64;True;1;
95;2;72;5;diversification;7;2f896a7de66e;move;;;10;25;;;;;;;;;;True;False;False;True;;ok;15935.23544378535;14942.4543805297;14942.4543805297;14942.4543805297;610;14942.4543805297;5661.2043;992.7810632556502;Evaluated;5.3207;2.2264;64;True;1;
95;2;72;6;diversification;7;2f896a7de66e;move;;;25;10;;;;;;;;;;True;False;False;True;;ok;15023.56673355515;14942.4543805297;14942.4543805297;14942.4543805297;611;14942.4543805297;5672.0066;81.11235302544992;Evaluated;8.5723;2.2274;64;True;2;duplicate_for_same_parent_sequence
95;2;72;7;diversification;7;2f896a7de66e;move;;;18;30;;;;;;;;;;True;False;False;True;;ok;15784.331327500686;14942.4543805297;14942.4543805297;14942.4543805297;612;14942.4543805297;5683.217;841.876946970986;Evaluated;8.9863;2.2229;64;True;2;duplicate_for_same_parent_sequence
95;2;72;8;diversification;7;2f896a7de66e;move;;;30;15;;;;;;;;;;True;False;False;True;;ok;15383.6722623474;14942.4543805297;14942.4543805297;14942.4543805297;613;14942.4543805297;5690.9796;441.2178818176999;Evaluated;5.5389;2.2208;64;True;1;
95;2;72;9;diversification;7;2f896a7de66e;move;;;28;10;;;;;;;;;;True;False;False;True;;ok;15024.926651280331;14942.4543805297;14942.4543805297;14942.4543805297;614;14942.4543805297;5705.351;82.47227075063165;Evaluated;12.143;2.2277;64;True;3;duplicate_for_same_parent_sequence
95;2;72;10;diversification;7;2f896a7de66e;move;;;52;43;;;;;;;;;;True;False;False;False;;ok;15430.248467959907;14942.4543805297;14942.4543805297;14942.4543805297;615;14942.4543805297;5712.8224;487.7940874302076;Evaluated;5.2444;2.2263;64;True;1;
95;2;72;;diversification;8;;;;;;;;;;;;;;;;;;;;;End-of-iteration summary row;;;14942.4543805297;14942.4543805297;615;14942.4543805297;5712.8251;;IterationSummary;;;;;;
96;2;73;1;diversification;8;2f896a7de66e;move;;;15;28;;;;;;;;;;True;False;False;True;;ok;14959.546738141333;14942.4543805297;14942.4543805297;14942.4543805297;616;14942.4543805297;5720.6335;17.092357611632906;Evaluated;5.5678;2.2259;64;True;1;
96;2;73;2;diversification;8;2f896a7de66e;reinsert_block;;;;;;;20;25;15;;;;;True;False;False;False;;ok;16187.92430009884;14942.4543805297;14942.4543805297;14942.4543805297;617;14942.4543805297;5728.9919;1245.469919569141;Evaluated;5.9331;2.4245;64;True;1;
96;2;73;3;diversification;8;2f896a7de66e;swap;38;42;;;;;;;;;;;;True;False;False;False;;ok;15498.3328037451;14942.4543805297;14942.4543805297;14942.4543805297;618;14942.4543805297;5740.1457;555.8784232153994;Evaluated;8.9264;2.2254;64;True;2;duplicate_for_same_parent_sequence
96;2;73;4;diversification;8;2f896a7de66e;move;;;48;60;;;;;;;;;;True;False;False;True;;ok;15581.29912010451;14942.4543805297;14942.4543805297;14942.4543805297;619;14942.4543805297;5750.986;638.8447395748099;Evaluated;8.6093;2.2275;64;True;2;duplicate_for_same_parent_sequence
96;2;73;5;diversification;8;2f896a7de66e;move;;;18;3;;;;;;;;;;True;False;False;True;;ok;16355.610938600295;14942.4543805297;14942.4543805297;14942.4543805297;620;14942.4543805297;5762.1122;1413.1565580705956;Evaluated;8.7002;2.4236;64;True;2;duplicate_for_same_parent_sequence
96;2;73;6;diversification;8;2f896a7de66e;move;;;45;19;;;;;;;;;;True;False;False;True;;ok;15271.586880444276;14942.4543805297;14942.4543805297;14942.4543805297;621;14942.4543805297;5769.5815;329.13249991457633;Evaluated;5.2432;2.2253;64;True;1;
96;2;73;7;diversification;8;2f896a7de66e;move;;;18;40;;;;;;;;;;True;False;False;True;;ok;15928.226528840016;14942.4543805297;14942.4543805297;14942.4543805297;622;14942.4543805297;5780.5148;985.772148310316;Evaluated;8.7056;2.2244;64;True;2;duplicate_for_same_parent_sequence
96;2;73;8;diversification;8;2f896a7de66e;move;;;34;20;;;;;;;;;;True;False;False;True;;ok;15192.068183577596;14942.4543805297;14942.4543805297;14942.4543805297;623;14942.4543805297;5791.3348;249.613803047896;Evaluated;8.5904;2.229;64;True;2;duplicate_for_same_parent_sequence
96;2;73;9;diversification;8;2f896a7de66e;move;;;35;20;;;;;;;;;;True;False;False;True;;ok;16012.286654986823;14942.4543805297;14942.4543805297;14942.4543805297;624;14942.4543805297;5802.5123;1069.8322744571233;Evaluated;8.954;2.2229;64;True;2;duplicate_for_same_parent_sequence
96;2;73;10;diversification;8;2f896a7de66e;move;;;45;19;;;;;;;;;;False;True;False;;;ok;;14942.4543805297;14942.4543805297;14942.4543805297;624;14942.4543805297;5814.9238;;DuplicateForSameParentSequenceAfterRetries;12.4107;;;;3;duplicate_for_same_parent_sequence
96;2;73;;diversification;9;;;;;;;;;;;;;;;;;;;;;End-of-iteration summary row;;;14942.4543805297;14942.4543805297;624;14942.4543805297;5814.9248;;IterationSummary;;;;;;
97;2;74;1;diversification;9;2f896a7de66e;move;;;10;5;;;;;;;;;;False;True;False;;;ok;;14942.4543805297;14942.4543805297;14942.4543805297;624;14942.4543805297;5827.8455;;DuplicateForSameParentSequenceAfterRetries;12.9137;;;;3;duplicate_for_same_parent_sequence
97;2;74;2;diversification;9;2f896a7de66e;reinsert_block;;;;;;;18;25;30;;;;;True;False;False;False;;ok;15738.824030306112;14942.4543805297;14942.4543805297;14942.4543805297;625;14942.4543805297;5835.652;796.3696497764122;Evaluated;5.5814;2.2244;64;True;1;
97;2;74;3;diversification;9;2f896a7de66e;swap;40;45;;;;;;;;;;;;True;False;False;False;;ok;14939.355790151492;14942.4543805297;14942.4543805297;14942.4543805297;626;14942.4543805297;5842.9686;-3.0985903782075184;EvaluatedImprovementDespiteDiversificationMismatch;5.0911;2.2227;64;True;1;
97;2;74;4;diversification;9;2f896a7de66e;move;;;21;30;;;;;;;;;;True;False;False;False;;ok;15514.977658272226;14942.4543805297;14942.4543805297;14942.4543805297;627;14942.4543805297;5853.9385;572.5232777425263;Evaluated;8.7412;2.2275;64;True;2;duplicate_for_same_parent_sequence
97;2;74;5;diversification;9;2f896a7de66e;move;;;30;25;;;;;;;;;;False;True;True;;;ok;;14942.4543805297;14942.4543805297;14942.4543805297;627;14942.4543805297;5866.2705;;DuplicateForSameParentSequenceAfterRetries;12.3296;;;;3;duplicate_for_same_parent_sequence
97;2;74;6;diversification;9;2f896a7de66e;move;;;28;15;;;;;;;;;;False;True;False;;;ok;;14942.4543805297;14942.4543805297;14942.4543805297;627;14942.4543805297;5878.2929;;DuplicateForSameParentSequenceAfterRetries;12.0213;;;;3;duplicate_for_same_parent_sequence
97;2;74;7;diversification;9;2f896a7de66e;move;;;25;10;;;;;;;;;;False;True;True;;;ok;;14942.4543805297;14942.4543805297;14942.4543805297;627;14942.4543805297;5890.2575;;DuplicateForSameParentSequenceAfterRetries;11.9637;;;;3;duplicate_for_same_parent_sequence
97;2;74;8;diversification;9;2f896a7de66e;move;;;28;15;;;;;;;;;;False;True;False;;;ok;;14942.4543805297;14942.4543805297;14942.4543805297;627;14942.4543805297;5902.4119;;DuplicateForSameParentSequenceAfterRetries;12.1534;;;;3;duplicate_for_same_parent_sequence
97;2;74;9;diversification;9;2f896a7de66e;move;;;28;4;;;;;;;;;;False;True;False;;;ok;;14942.4543805297;14942.4543805297;14942.4543805297;627;14942.4543805297;5914.6107;;DuplicateForSameParentSequenceAfterRetries;12.1979;;;;3;duplicate_for_same_parent_sequence
97;2;74;10;diversification;9;2f896a7de66e;move;;;50;38;;;;;;;;;;True;False;False;True;;ok;15835.126728464182;14942.4543805297;14942.4543805297;14942.4543805297;628;14942.4543805297;5925.8041;892.6723479344819;Evaluated;8.965;2.2274;64;True;2;duplicate_for_same_parent_sequence
97;2;74;;diversification;0;;;;;;;;;;;;;;;;;;;;;End-of-iteration summary row;;;14939.355790151492;14939.355790151492;628;14939.355790151492;5925.8139;;IterationSummary;;;;;;
98;2;75;1;normal;0;afe3a3136b09;move;;;25;10;;;;;;;;;;True;False;False;True;;ok;15014.392099679837;14939.355790151492;14939.355790151492;14939.355790151492;629;14939.355790151492;5933.7547;75.03630952834465;Evaluated;5.6991;2.2328;64;True;1;
98;2;75;2;normal;0;afe3a3136b09;swap;18;20;;;;;;;;;;;;True;False;False;False;;ok;15716.931613099781;14939.355790151492;14939.355790151492;14939.355790151492;630;14939.355790151492;5941.2577;777.575822948289;Evaluated;5.2682;2.232;64;True;1;
98;2;75;3;normal;0;afe3a3136b09;reinsert_block;;;;;;;35;40;28;;;;;True;False;False;False;;ok;15004.960273070143;14939.355790151492;14939.355790151492;14939.355790151492;631;14939.355790151492;5948.98;65.60448291865032;Evaluated;5.4905;2.2287;64;True;1;
98;2;75;4;normal;0;afe3a3136b09;move;;;50;28;;;;;;;;;;True;False;False;True;;ok;15557.536401292436;14939.355790151492;14939.355790151492;14939.355790151492;632;14939.355790151492;5956.4597;618.1806111409442;Evaluated;5.2516;2.2254;64;True;1;
98;2;75;5;normal;0;afe3a3136b09;move;;;35;10;;;;;;;;;;True;False;False;True;;ok;15783.650718062197;14939.355790151492;14939.355790151492;14939.355790151492;633;14939.355790151492;5963.6513;844.2949279107052;Evaluated;4.9633;2.2258;64;True;1;
98;2;75;;normal;1;;;;;;;;;;;;;;;;;;;;;End-of-iteration summary row;;;14939.355790151492;14939.355790151492;633;14939.355790151492;5963.6547;;IterationSummary;;;;;;
99;2;76;1;normal;1;afe3a3136b09;move;;;15;8;;;;;;;;;;True;False;False;False;;ok;14937.011912292266;14939.355790151492;14939.355790151492;14939.355790151492;634;14939.355790151492;5971.4798;-2.343877859226268;Evaluated;5.588;2.2295;64;True;1;
99;2;76;2;normal;1;afe3a3136b09;swap;20;25;;;;;;;;;;;;True;False;False;False;;ok;14942.606534494942;14939.355790151492;14939.355790151492;14939.355790151492;635;14939.355790151492;5978.8858;3.2507443434496963;Evaluated;5.1759;2.2272;64;True;1;
99;2;76;3;normal;1;afe3a3136b09;move;;;37;15;;;;;;;;;;True;False;False;True;;ok;15450.85504716406;14939.355790151492;14939.355790151492;14939.355790151492;636;14939.355790151492;5990.0372;511.4992570125669;Evaluated;8.9247;2.2237;64;True;2;duplicate_for_same_parent_sequence
99;2;76;4;normal;1;afe3a3136b09;move;;;50;4;;;;;;;;;;True;False;False;True;;ok;15970.49292662112;14939.355790151492;14939.355790151492;14939.355790151492;637;14939.355790151492;5997.4071;1031.1371364696279;Evaluated;5.1405;2.2261;64;True;1;
99;2;76;5;normal;1;afe3a3136b09;move;;;30;15;;;;;;;;;;True;False;False;True;;ok;16023.62554270379;14939.355790151492;14939.355790151492;14939.355790151492;638;14939.355790151492;6008.235;1084.269752552298;Evaluated;8.5952;2.2302;64;True;2;duplicate_for_same_parent_sequence
99;2;76;;normal;0;;;;;;;;;;;;;;;;;;;;;End-of-iteration summary row;;;14937.011912292266;14937.011912292266;638;14937.011912292266;6008.2508;;IterationSummary;;;;;;
100;2;77;1;normal;0;1f4c57dd3e60;move;;;5;10;;;;;;;;;;True;False;False;False;;ok;15391.664833577868;14937.011912292266;14937.011912292266;14937.011912292266;639;14937.011912292266;6016.4;454.65292128560213;Evaluated;5.9144;2.2285;64;True;1;
100;2;77;2;normal;0;1f4c57dd3e60;swap;18;20;;;;;;;;;;;;True;False;False;False;;ok;15937.388617739814;14937.011912292266;14937.011912292266;14937.011912292266;640;14937.011912292266;6023.849;1000.3767054475484;Evaluated;5.2187;2.2273;64;True;1;
100;2;77;3;normal;0;1f4c57dd3e60;reinsert_block;;;;;;;35;40;28;;;;;True;False;False;False;;ok;15011.948637959938;14937.011912292266;14937.011912292266;14937.011912292266;641;14937.011912292266;6031.5671;74.93672566767236;Evaluated;5.4911;2.2246;64;True;1;
100;2;77;4;normal;0;1f4c57dd3e60;move;;;50;28;;;;;;;;;;True;False;False;True;;ok;15553.605532223415;14937.011912292266;14937.011912292266;14937.011912292266;642;14937.011912292266;6039.0404;616.5936199311491;Evaluated;5.2407;2.2318;64;True;1;
100;2;77;5;normal;0;1f4c57dd3e60;move;;;20;15;;;;;;;;;;True;False;False;False;;ok;14940.632836413184;14937.011912292266;14937.011912292266;14937.011912292266;643;14937.011912292266;6046.4334;3.620924120918062;Evaluated;5.164;2.2261;64;True;1;
100;2;77;;normal;1;;;;;;;;;;;;;;;;;;;;;End-of-iteration summary row;;;14937.011912292266;14937.011912292266;643;14937.011912292266;6046.4363;;IterationSummary;;;;;;
100;2;77;;;1;;;;;;;;;;;;;;;;;;;;;PartA | PartB | PartC | PartD | PartE | PartF | PartG | PartA | PartH | PartB | PartC | PartD | PartE | PartF | PartG | PartG | PartA | PartB | PartC | PartD | PartH | PartF | PartE | PartG | PartH | PartA | PartC | PartF | PartB | PartD | PartE | PartA | PartG | PartH | PartB | PartC | PartF | PartB | PartD | PartE | PartA | PartC | PartF | PartH | PartA | PartH | PartD | PartE | PartG | PartH | PartE | PartC | PartD | PartE | PartF | PartB | PartG | PartA | PartB | PartC | PartD | PartF | PartG | PartH;;;14937.011912292266;14937.011912292266;643;14937.011912292266;6046.4429;;FinalGlobalBestSequence;;;;;;
