iteration;restart_id;iteration_in_restart;candidate_in_iteration;search_mode;no_improvement_count_before_iteration;parent_sequence_signature;action;swap_i;swap_j;move_from;move_to;reverse_start;reverse_end;reinsert_block_start;reinsert_block_end;reinsert_block_to;swap_blocks_start1;swap_blocks_end1;swap_blocks_start2;swap_blocks_end2;valid;duplicate_for_same_parent_sequence;recently_rejected_for_same_parent_sequence;diversification_compatible;parse_error;validation_message;resulting_makespan;best_makespan_before;best_makespan_after;global_best_makespan_after;completed_simulations;actual_global_best_makespan;elapsed_optimization_time_sec;delta_vs_best_before;status;llm_time_sec;simulation_time_sec;exited_parts;completion_valid;llm_attempts;retry_reason
1;1;1;1;normal;0;0f63cf6f404e;move;;;10;5;;;;;;;;;;True;False;False;False;;ok;15632.208925194025;16625.423888583944;16625.423888583944;16625.423888583944;2;16625.423888583944;15.1077;-993.2149633899189;Evaluated;14.4725;0.6257;64;True;1;
1;1;1;2;normal;0;0f63cf6f404e;swap;17;32;;;;;;;;;;;;True;False;False;True;;ok;16804.633565715376;16625.423888583944;16625.423888583944;16625.423888583944;3;16625.423888583944;21.0573;179.20967713143182;Evaluated;5.2375;0.7014;64;True;1;
1;1;1;3;normal;0;0f63cf6f404e;reinsert_block;;;;;;;32;40;16;;;;;True;False;False;True;;ok;16292.2047037198;16625.423888583944;16625.423888583944;16625.423888583944;4;16625.423888583944;27.0143;-333.21918486414324;Evaluated;5.329;0.6272;64;True;1;
1;1;1;4;normal;0;0f63cf6f404e;move;;;52;48;;;;;;;;;;True;False;False;False;;ok;16844.800829468957;16625.423888583944;16625.423888583944;16625.423888583944;5;16625.423888583944;32.695;219.37694088501303;Evaluated;5.0576;0.6225;64;True;1;
1;1;1;5;normal;0;0f63cf6f404e;move;;;24;16;;;;;;;;;;True;False;False;False;;ok;17223.320356425866;16625.423888583944;16625.423888583944;16625.423888583944;6;16625.423888583944;38.458;597.8964678419215;Evaluated;5.1351;0.6272;64;True;1;
1;1;1;;normal;0;;;;;;;;;;;;;;;;;;;;;End-of-iteration summary row;;;15632.208925194025;15632.208925194025;6;15632.208925194025;38.4665;;IterationSummary;;;;;;
2;1;2;1;normal;0;457c4bc75f95;move;;;10;5;;;;;;;;;;True;False;False;False;;ok;18203.82111546928;15632.208925194025;15632.208925194025;15632.208925194025;7;15632.208925194025;44.8898;2571.6121902752548;Evaluated;5.7904;0.6236;64;True;1;
2;1;2;2;normal;0;457c4bc75f95;swap;18;25;;;;;;;;;;;;True;False;False;False;;ok;17350.49494750648;15632.208925194025;15632.208925194025;15632.208925194025;8;15632.208925194025;51.3885;1718.2860223124535;Evaluated;5.8738;0.624;64;True;1;
2;1;2;3;normal;0;457c4bc75f95;reinsert_block;;;;;;;34;40;16;;;;;True;False;False;True;;ok;16821.415148426466;15632.208925194025;15632.208925194025;15632.208925194025;9;15632.208925194025;57.9533;1189.2062232324406;Evaluated;5.9383;0.6258;64;True;1;
2;1;2;4;normal;0;457c4bc75f95;move;;;48;32;;;;;;;;;;True;False;False;True;;ok;16823.90750690728;15632.208925194025;15632.208925194025;15632.208925194025;10;15632.208925194025;64.1369;1191.6985817132536;Evaluated;5.5572;0.6255;64;True;1;
2;1;2;5;normal;0;457c4bc75f95;move;;;8;20;;;;;;;;;;True;False;False;True;;ok;15638.21302189564;15632.208925194025;15632.208925194025;15632.208925194025;11;15632.208925194025;70.563;6.004096701615708;Evaluated;5.8002;0.6252;64;True;1;
2;1;2;;normal;1;;;;;;;;;;;;;;;;;;;;;End-of-iteration summary row;;;15632.208925194025;15632.208925194025;11;15632.208925194025;70.5641;;IterationSummary;;;;;;
3;1;3;1;normal;1;457c4bc75f95;move;;;8;16;;;;;;;;;;True;False;False;False;;ok;15717.476736027025;15632.208925194025;15632.208925194025;15632.208925194025;12;15632.208925194025;76.9609;85.26781083300011;Evaluated;5.7653;0.6235;64;True;1;
3;1;3;2;normal;1;457c4bc75f95;swap;16;20;;;;;;;;;;;;True;False;False;False;;ok;17794.729685748574;15632.208925194025;15632.208925194025;15632.208925194025;13;15632.208925194025;83.4519;2162.5207605545493;Evaluated;5.8654;0.6248;64;True;1;
3;1;3;3;normal;1;457c4bc75f95;reinsert_block;;;;;;;35;40;20;;;;;True;False;False;True;;ok;17259.281991006712;15632.208925194025;15632.208925194025;15632.208925194025;14;15632.208925194025;90.1547;1627.0730658126868;Evaluated;6.0781;0.6238;64;True;1;
3;1;3;4;normal;1;457c4bc75f95;move;;;52;48;;;;;;;;;;True;False;False;False;;ok;15428.67252579456;15632.208925194025;15632.208925194025;15632.208925194025;15;15632.208925194025;96.3513;-203.53639939946515;Evaluated;5.5698;0.6258;64;True;1;
3;1;3;5;normal;1;457c4bc75f95;move;;;8;32;;;;;;;;;;True;False;False;True;;ok;15717.179013934145;15632.208925194025;15632.208925194025;15632.208925194025;16;15632.208925194025;102.5296;84.97008874011954;Evaluated;5.5497;0.6278;64;True;1;
3;1;3;;normal;0;;;;;;;;;;;;;;;;;;;;;End-of-iteration summary row;;;15428.67252579456;15428.67252579456;16;15428.67252579456;102.5377;;IterationSummary;;;;;;
4;1;4;1;normal;0;713dcafcb7e3;move;;;10;5;;;;;;;;;;True;False;False;False;;ok;18421.744210078443;15428.67252579456;15428.67252579456;15428.67252579456;17;15428.67252579456;109.0959;2993.071684283883;Evaluated;5.9224;0.6252;64;True;1;
4;1;4;2;normal;0;713dcafcb7e3;swap;20;24;;;;;;;;;;;;True;False;False;False;;ok;17501.949445333747;15428.67252579456;15428.67252579456;15428.67252579456;18;15428.67252579456;115.3027;2073.2769195391866;Evaluated;5.5822;0.6238;64;True;1;
4;1;4;3;normal;0;713dcafcb7e3;reinsert_block;;;;;;;35;40;28;;;;;True;False;False;False;;ok;16994.725539115578;15428.67252579456;15428.67252579456;15428.67252579456;19;15428.67252579456;122.3689;1566.0530133210177;Evaluated;6.4416;0.6237;64;True;1;
4;1;4;4;normal;0;713dcafcb7e3;move;;;48;52;;;;;;;;;;True;False;False;False;;ok;15632.208925194025;15428.67252579456;15428.67252579456;15428.67252579456;20;15428.67252579456;128.5678;203.53639939946515;Evaluated;5.5744;0.6235;64;True;1;
4;1;4;5;normal;0;713dcafcb7e3;move;;;8;16;;;;;;;;;;True;False;False;False;;ok;15515.407960948818;15428.67252579456;15428.67252579456;15428.67252579456;21;15428.67252579456;134.6573;86.73543515425808;Evaluated;5.466;0.6229;64;True;1;
4;1;4;;normal;1;;;;;;;;;;;;;;;;;;;;;End-of-iteration summary row;;;15428.67252579456;15428.67252579456;21;15428.67252579456;134.6582;;IterationSummary;;;;;;
5;1;5;1;normal;1;713dcafcb7e3;move;;;8;24;;;;;;;;;;True;False;False;True;;ok;15499.452371846492;15428.67252579456;15428.67252579456;15428.67252579456;22;15428.67252579456;141.1838;70.7798460519316;Evaluated;5.8939;0.626;64;True;1;
5;1;5;2;normal;1;713dcafcb7e3;swap;17;25;;;;;;;;;;;;True;False;False;False;;ok;15428.67252579456;15428.67252579456;15428.67252579456;15428.67252579456;23;15428.67252579456;151.3503;0.0;Evaluated;9.5396;0.6261;64;True;2;duplicate_for_same_parent_sequence
5;1;5;3;normal;1;713dcafcb7e3;reinsert_block;;;;;;;36;40;18;;;;;True;False;False;True;;ok;16778.75381249591;15428.67252579456;15428.67252579456;15428.67252579456;24;15428.67252579456;162.357;1350.08128670135;Evaluated;10.3791;0.6249;64;True;2;duplicate_for_same_parent_sequence
5;1;5;4;normal;1;713dcafcb7e3;move;;;52;48;;;;;;;;;;True;False;False;False;;ok;15540.001918798765;15428.67252579456;15428.67252579456;15428.67252579456;25;15428.67252579456;168.8359;111.32939300420549;Evaluated;5.8533;0.6229;64;True;1;
5;1;5;5;normal;1;713dcafcb7e3;move;;;8;32;;;;;;;;;;True;False;False;True;;ok;15507.665269786574;15428.67252579456;15428.67252579456;15428.67252579456;26;15428.67252579456;175.0104;78.99274399201386;Evaluated;5.5483;0.6255;64;True;1;
5;1;5;;normal;2;;;;;;;;;;;;;;;;;;;;;End-of-iteration summary row;;;15428.67252579456;15428.67252579456;26;15428.67252579456;175.014;;IterationSummary;;;;;;
6;1;6;1;normal;2;713dcafcb7e3;move;;;8;10;;;;;;;;;;True;False;False;False;;ok;15408.32358934798;15428.67252579456;15428.67252579456;15428.67252579456;27;15428.67252579456;181.5249;-20.34893644658041;Evaluated;5.8777;0.6259;64;True;1;
6;1;6;2;normal;2;713dcafcb7e3;swap;18;22;;;;;;;;;;;;True;False;False;False;;ok;18273.492485257128;15428.67252579456;15428.67252579456;15428.67252579456;28;15428.67252579456;192.0416;2844.8199594625676;Evaluated;9.8894;0.6244;64;True;2;duplicate_for_same_parent_sequence
6;1;6;3;normal;2;713dcafcb7e3;move;;;16;28;;;;;;;;;;True;False;False;True;;ok;16430.929615816327;15428.67252579456;15428.67252579456;15428.67252579456;29;15428.67252579456;202.3957;1002.257090021767;Evaluated;9.7261;0.6256;64;True;2;duplicate_for_same_parent_sequence
6;1;6;4;normal;2;713dcafcb7e3;move;;;36;40;;;;;;;;;;True;False;False;False;;ok;17057.49494715796;15428.67252579456;15428.67252579456;15428.67252579456;30;15428.67252579456;212.3413;1628.8224213634003;Evaluated;9.3216;0.623;64;True;2;duplicate_for_same_parent_sequence
6;1;6;5;normal;2;713dcafcb7e3;move;;;34;25;;;;;;;;;;True;False;False;False;;ok;17115.379364048174;15428.67252579456;15428.67252579456;15428.67252579456;31;15428.67252579456;222.9929;1686.7068382536145;Evaluated;10.0248;0.6259;64;True;2;duplicate_for_same_parent_sequence
6;1;6;;normal;0;;;;;;;;;;;;;;;;;;;;;End-of-iteration summary row;;;15408.32358934798;15408.32358934798;31;15408.32358934798;223.0099;;IterationSummary;;;;;;
7;1;7;1;normal;0;9ee7b5b56961;move;;;10;25;;;;;;;;;;True;False;False;True;;ok;15497.111581021449;15408.32358934798;15408.32358934798;15408.32358934798;32;15408.32358934798;230.2956;88.78799167346915;Evaluated;6.6508;0.6268;64;True;1;
7;1;7;2;normal;0;9ee7b5b56961;swap;17;25;;;;;;;;;;;;True;False;False;False;;ok;15408.32358934798;15408.32358934798;15408.32358934798;15408.32358934798;33;15408.32358934798;236.5252;0.0;Evaluated;5.6018;0.6247;64;True;1;
7;1;7;3;normal;0;9ee7b5b56961;reinsert_block;;;;;;;36;40;18;;;;;True;False;False;True;;ok;16793.422801294873;15408.32358934798;15408.32358934798;15408.32358934798;34;15408.32358934798;243.1363;1385.0992119468938;Evaluated;5.9846;0.6239;64;True;1;
7;1;7;4;normal;0;9ee7b5b56961;move;;;52;48;;;;;;;;;;True;False;False;False;;ok;15530.818442562677;15408.32358934798;15408.32358934798;15408.32358934798;35;15408.32358934798;249.3471;122.49485321469729;Evaluated;5.5793;0.6287;64;True;1;
7;1;7;5;normal;0;9ee7b5b56961;move;;;8;24;;;;;;;;;;True;False;False;True;;ok;17500.280796084036;15408.32358934798;15408.32358934798;15408.32358934798;36;15408.32358934798;255.4461;2091.957206736057;Evaluated;5.474;0.6244;64;True;1;
7;1;7;;normal;1;;;;;;;;;;;;;;;;;;;;;End-of-iteration summary row;;;15408.32358934798;15408.32358934798;36;15408.32358934798;255.4497;;IterationSummary;;;;;;
8;1;8;1;normal;1;9ee7b5b56961;move;;;8;10;;;;;;;;;;True;False;False;False;;ok;16895.556129313707;15408.32358934798;15408.32358934798;15408.32358934798;37;15408.32358934798;261.947;1487.2325399657275;Evaluated;5.8583;0.6276;64;True;1;
8;1;8;2;normal;1;9ee7b5b56961;swap;20;25;;;;;;;;;;;;True;False;False;False;;ok;17954.376776557558;15408.32358934798;15408.32358934798;15408.32358934798;38;15408.32358934798;268.2405;2546.053187209578;Evaluated;5.666;0.6262;64;True;1;
8;1;8;3;normal;1;9ee7b5b56961;move;;;25;32;;;;;;;;;;True;False;False;False;;ok;17055.06727123658;15408.32358934798;15408.32358934798;15408.32358934798;39;15408.32358934798;278.5763;1646.7436818886017;Evaluated;9.7032;0.6281;64;True;2;duplicate_for_same_parent_sequence
8;1;8;4;normal;1;9ee7b5b56961;move;;;30;55;;;;;;;;;;True;False;False;True;;ok;16476.029440345977;15408.32358934798;15408.32358934798;15408.32358934798;40;15408.32358934798;288.5009;1067.705850997998;Evaluated;9.2993;0.6234;64;True;2;duplicate_for_same_parent_sequence
8;1;8;5;normal;1;9ee7b5b56961;move;;;28;15;;;;;;;;;;True;False;False;True;;ok;18068.403912374193;15408.32358934798;15408.32358934798;15408.32358934798;41;15408.32358934798;294.6514;2660.0803230262136;Evaluated;5.5246;0.6245;64;True;1;
8;1;8;;normal;2;;;;;;;;;;;;;;;;;;;;;End-of-iteration summary row;;;15408.32358934798;15408.32358934798;41;15408.32358934798;294.652;;IterationSummary;;;;;;
9;1;9;1;normal;2;9ee7b5b56961;move;;;3;8;;;;;;;;;;True;False;False;False;;ok;18335.17868305231;15408.32358934798;15408.32358934798;15408.32358934798;42;15408.32358934798;301.3953;2926.855093704329;Evaluated;6.1078;0.6297;64;True;1;
9;1;9;2;normal;2;9ee7b5b56961;swap;18;30;;;;;;;;;;;;True;False;False;True;;ok;17819.216466020844;15408.32358934798;15408.32358934798;15408.32358934798;43;15408.32358934798;311.3359;2410.892876672864;Evaluated;9.3128;0.6246;64;True;2;duplicate_for_same_parent_sequence
9;1;9;3;normal;2;9ee7b5b56961;move;;;25;35;;;;;;;;;;True;False;False;True;;ok;16431.096462615864;15408.32358934798;15408.32358934798;15408.32358934798;44;15408.32358934798;321.7488;1022.7728732678843;Evaluated;9.7827;0.6275;64;True;2;duplicate_for_same_parent_sequence
9;1;9;4;normal;2;9ee7b5b56961;move;;;50;49;;;;;;;;;;True;False;False;False;;ok;15677.398053210176;15408.32358934798;15408.32358934798;15408.32358934798;45;15408.32358934798;328.0043;269.07446386219635;Evaluated;5.6283;0.6244;64;True;1;
9;1;9;5;normal;2;9ee7b5b56961;move;;;8;16;;;;;;;;;;True;False;False;False;;ok;17951.623879655035;15408.32358934798;15408.32358934798;15408.32358934798;46;15408.32358934798;334.2137;2543.3002903070555;Evaluated;5.5849;0.6219;64;True;1;
9;1;9;;normal;3;;;;;;;;;;;;;;;;;;;;;End-of-iteration summary row;;;15408.32358934798;15408.32358934798;46;15408.32358934798;334.2163;;IterationSummary;;;;;;
10;1;10;1;diversification;3;9ee7b5b56961;move;;;7;20;;;;;;;;;;True;False;False;True;;ok;17779.085867734066;15408.32358934798;15408.32358934798;15408.32358934798;47;15408.32358934798;340.8373;2370.762278386086;Evaluated;5.9838;0.6241;64;True;1;
10;1;10;2;diversification;3;9ee7b5b56961;reinsert_block;;;;;;;18;23;5;;;;;True;False;False;True;;ok;18512.365694218974;15408.32358934798;15408.32358934798;15408.32358934798;48;15408.32358934798;347.4669;3104.042104870994;Evaluated;6.0035;0.6227;64;True;1;
10;1;10;3;diversification;3;9ee7b5b56961;swap;35;40;;;;;;;;;;;;True;False;False;False;;ok;16243.4022803091;15408.32358934798;15408.32358934798;15408.32358934798;49;15408.32358934798;353.7064;835.0786909611197;Evaluated;5.6162;0.6214;64;True;1;
10;1;10;4;diversification;3;9ee7b5b56961;move;;;50;48;;;;;;;;;;True;False;False;False;;ok;15578.22651676001;15408.32358934798;15408.32358934798;15408.32358934798;50;15408.32358934798;359.9376;169.9029274120312;Evaluated;5.6085;0.6221;64;True;1;
10;1;10;5;diversification;3;9ee7b5b56961;swap;3;7;;;;;;;;;;;;True;False;False;False;;ok;17411.826430325505;15408.32358934798;15408.32358934798;15408.32358934798;51;15408.32358934798;369.8227;2003.502840977526;Evaluated;9.2598;0.6246;64;True;2;duplicate_for_same_parent_sequence
10;1;10;6;diversification;3;9ee7b5b56961;move;;;30;45;;;;;;;;;;True;False;False;True;;ok;16430.606544711594;15408.32358934798;15408.32358934798;15408.32358934798;52;15408.32358934798;379.864;1022.2829553636147;Evaluated;9.4141;0.6263;64;True;2;duplicate_for_same_parent_sequence
10;1;10;7;diversification;3;9ee7b5b56961;move;;;30;50;;;;;;;;;;True;False;False;True;;ok;16835.994669069965;15408.32358934798;15408.32358934798;15408.32358934798;53;15408.32358934798;393.7054;1427.6710797219857;Evaluated;13.2099;0.6284;64;True;3;duplicate_for_same_parent_sequence
10;1;10;8;diversification;3;9ee7b5b56961;swap;25;30;;;;;;;;;;;;True;False;False;False;;ok;18081.004630604326;15408.32358934798;15408.32358934798;15408.32358934798;54;15408.32358934798;403.6569;2672.6810412563464;Evaluated;9.3269;0.6219;64;True;2;duplicate_for_same_parent_sequence
10;1;10;9;diversification;3;9ee7b5b56961;move;;;28;35;;;;;;;;;;True;False;False;False;;ok;16680.631457165146;15408.32358934798;15408.32358934798;15408.32358934798;55;15408.32358934798;409.9026;1272.307867817166;Evaluated;5.6194;0.6238;64;True;1;
10;1;10;10;diversification;3;9ee7b5b56961;move;;;40;50;;;;;;;;;;True;False;False;True;;ok;15401.31487729195;15408.32358934798;15408.32358934798;15408.32358934798;56;15408.32358934798;416.2503;-7.008712056029253;Evaluated;5.7218;0.6231;64;True;1;
10;1;10;;diversification;0;;;;;;;;;;;;;;;;;;;;;End-of-iteration summary row;;;15401.31487729195;15401.31487729195;56;15401.31487729195;416.2589;;IterationSummary;;;;;;
11;1;11;1;normal;0;509844bde9db;move;;;5;10;;;;;;;;;;True;False;False;False;;ok;16830.510036432464;15401.31487729195;15401.31487729195;15401.31487729195;57;15401.31487729195;422.8837;1429.195159140514;Evaluated;5.9935;0.6234;64;True;1;
11;1;11;2;normal;0;509844bde9db;swap;18;20;;;;;;;;;;;;True;False;False;False;;ok;17482.175617263307;15401.31487729195;15401.31487729195;15401.31487729195;58;15401.31487729195;429.1992;2080.8607399713565;Evaluated;5.69;0.6247;64;True;1;
11;1;11;3;normal;0;509844bde9db;reinsert_block;;;;;;;34;38;20;;;;;True;False;False;True;;ok;17251.67504399769;15401.31487729195;15401.31487729195;15401.31487729195;59;15401.31487729195;436.2349;1850.3601667057392;Evaluated;6.4082;0.6269;64;True;1;
11;1;11;4;normal;0;509844bde9db;move;;;52;49;;;;;;;;;;True;False;False;False;;ok;15488.262879110398;15401.31487729195;15401.31487729195;15401.31487729195;60;15401.31487729195;442.4538;86.94800181844766;Evaluated;5.5941;0.6225;64;True;1;
11;1;11;5;normal;0;509844bde9db;move;;;10;35;;;;;;;;;;True;False;False;True;;ok;15402.395408255064;15401.31487729195;15401.31487729195;15401.31487729195;61;15401.31487729195;448.6524;1.0805309631141427;Evaluated;5.5733;0.6246;64;True;1;
11;1;11;;normal;1;;;;;;;;;;;;;;;;;;;;;End-of-iteration summary row;;;15401.31487729195;15401.31487729195;61;15401.31487729195;448.6556;;IterationSummary;;;;;;
12;1;12;1;normal;1;509844bde9db;move;;;10;25;;;;;;;;;;True;False;False;True;;ok;15481.236618619883;15401.31487729195;15401.31487729195;15401.31487729195;62;15401.31487729195;455.2531;79.92174132793298;Evaluated;5.9527;0.6299;64;True;1;
12;1;12;2;normal;1;509844bde9db;swap;17;25;;;;;;;;;;;;True;False;False;False;;ok;15401.31487729195;15401.31487729195;15401.31487729195;15401.31487729195;63;15401.31487729195;461.7563;0.0;Evaluated;5.8763;0.6259;64;True;1;
12;1;12;3;normal;1;509844bde9db;reinsert_block;;;;;;;34;38;25;;;;;True;False;False;True;;ok;15636.68773108327;15401.31487729195;15401.31487729195;15401.31487729195;64;15401.31487729195;468.6278;235.37285379131936;Evaluated;6.2438;0.6244;64;True;1;
12;1;12;4;normal;1;509844bde9db;move;;;50;48;;;;;;;;;;True;False;False;False;;ok;15681.656325585574;15401.31487729195;15401.31487729195;15401.31487729195;65;15401.31487729195;475.1264;280.3414482936241;Evaluated;5.8708;0.6261;64;True;1;
12;1;12;5;normal;1;509844bde9db;move;;;25;40;;;;;;;;;;True;False;False;True;;ok;15407.209123843317;15401.31487729195;15401.31487729195;15401.31487729195;66;15401.31487729195;481.3701;5.89424655136645;Evaluated;5.6167;0.6243;64;True;1;
12;1;12;;normal;2;;;;;;;;;;;;;;;;;;;;;End-of-iteration summary row;;;15401.31487729195;15401.31487729195;66;15401.31487729195;481.3733;;IterationSummary;;;;;;
13;1;13;1;normal;2;509844bde9db;move;;;7;2;;;;;;;;;;True;False;False;False;;ok;18374.32175819753;15401.31487729195;15401.31487729195;15401.31487729195;67;15401.31487729195;491.9473;2973.0068809055792;Evaluated;9.9374;0.6228;64;True;2;duplicate_for_same_parent_sequence
13;1;13;2;normal;2;509844bde9db;move;;;20;25;;;;;;;;;;True;False;False;False;;ok;17934.18620033606;15401.31487729195;15401.31487729195;15401.31487729195;68;15401.31487729195;502.3682;2532.871323044108;Evaluated;9.7934;0.6247;64;True;2;duplicate_for_same_parent_sequence
13;1;13;3;normal;2;509844bde9db;move;;;15;20;;;;;;;;;;True;False;False;False;;ok;15422.116806437565;15401.31487729195;15401.31487729195;15401.31487729195;69;15401.31487729195;512.9362;20.80192914561485;Evaluated;9.9428;0.6224;64;True;2;duplicate_for_same_parent_sequence
13;1;13;4;normal;2;509844bde9db;move;;;29;35;;;;;;;;;;True;False;False;False;;ok;16831.536049201037;15401.31487729195;15401.31487729195;15401.31487729195;70;15401.31487729195;522.8953;1430.2211719090865;Evaluated;9.3343;0.6234;64;True;2;duplicate_for_same_parent_sequence
13;1;13;5;normal;2;509844bde9db;move;;;20;30;;;;;;;;;;True;False;False;True;;ok;17799.11181469827;15401.31487729195;15401.31487729195;15401.31487729195;71;15401.31487729195;528.9335;2397.7969374063196;Evaluated;5.404;0.6311;64;True;1;
13;1;13;;normal;3;;;;;;;;;;;;;;;;;;;;;End-of-iteration summary row;;;15401.31487729195;15401.31487729195;71;15401.31487729195;528.9376;;IterationSummary;;;;;;
14;1;14;1;diversification;3;509844bde9db;move;;;34;18;;;;;;;;;;True;False;False;True;;ok;17546.21622114067;15401.31487729195;15401.31487729195;15401.31487729195;72;15401.31487729195;539.3972;2144.901343848718;Evaluated;9.8272;0.6249;64;True;2;duplicate_for_same_parent_sequence
14;1;14;2;diversification;3;509844bde9db;reinsert_block;;;;;;;20;24;15;;;;;True;False;False;False;;ok;18981.304543046248;15401.31487729195;15401.31487729195;15401.31487729195;73;15401.31487729195;546.0702;3579.9896657542977;Evaluated;6.0445;0.6257;64;True;1;
14;1;14;3;diversification;3;509844bde9db;swap;35;42;;;;;;;;;;;;True;False;False;False;;ok;15401.31487729195;15401.31487729195;15401.31487729195;15401.31487729195;74;15401.31487729195;552.3632;0.0;Evaluated;5.6644;0.6248;64;True;1;
14;1;14;4;diversification;3;509844bde9db;move;;;60;55;;;;;;;;;;True;False;False;False;;ok;15603.655787195677;15401.31487729195;15401.31487729195;15401.31487729195;75;15401.31487729195;562.451;202.34090990372715;Evaluated;9.4596;0.6274;64;True;2;duplicate_for_same_parent_sequence
14;1;14;5;diversification;3;509844bde9db;move;;;30;15;;;;;;;;;;True;False;False;True;;ok;18721.06563579986;15401.31487729195;15401.31487729195;15401.31487729195;76;15401.31487729195;572.4425;3319.7507585079093;Evaluated;9.3608;0.6281;64;True;2;duplicate_for_same_parent_sequence
14;1;14;6;diversification;3;509844bde9db;move;;;35;15;;;;;;;;;;True;False;False;True;;ok;17553.39578213795;15401.31487729195;15401.31487729195;15401.31487729195;77;15401.31487729195;582.5841;2152.0809048460014;Evaluated;9.5122;0.627;64;True;2;duplicate_for_same_parent_sequence
14;1;14;7;diversification;3;509844bde9db;move;;;8;20;;;;;;;;;;True;False;False;True;;ok;17024.292010032885;15401.31487729195;15401.31487729195;15401.31487729195;78;15401.31487729195;592.3966;1622.9771327409344;Evaluated;9.183;0.6263;64;True;2;duplicate_for_same_parent_sequence
14;1;14;8;diversification;3;509844bde9db;move;;;8;16;;;;;;;;;;True;False;False;False;;ok;17931.273629840103;15401.31487729195;15401.31487729195;15401.31487729195;79;15401.31487729195;598.5855;2529.958752548153;Evaluated;5.5599;0.6254;64;True;1;
14;1;14;9;diversification;3;509844bde9db;move;;;17;30;;;;;;;;;;True;False;False;True;;ok;15423.046571026825;15401.31487729195;15401.31487729195;15401.31487729195;80;15401.31487729195;604.5808;21.73169373487508;Evaluated;5.368;0.6246;64;True;1;
14;1;14;10;diversification;3;509844bde9db;swap;41;52;;;;;;;;;;;;True;False;False;False;;ok;15422.556872614143;15401.31487729195;15401.31487729195;15401.31487729195;81;15401.31487729195;614.6908;21.24199532219245;Evaluated;9.4808;0.6265;64;True;2;duplicate_for_same_parent_sequence
14;1;14;;diversification;4;;;;;;;;;;;;;;;;;;;;;End-of-iteration summary row;;;15401.31487729195;15401.31487729195;81;15401.31487729195;614.6937;;IterationSummary;;;;;;
15;1;15;1;diversification;4;509844bde9db;move;;;2;10;;;;;;;;;;True;False;False;False;;ok;18703.769638125686;15401.31487729195;15401.31487729195;15401.31487729195;82;15401.31487729195;621.4255;3302.454760833736;Evaluated;6.0906;0.63;64;True;1;
15;1;15;2;diversification;4;509844bde9db;reinsert_block;;;;;;;18;24;15;;;;;True;False;False;False;;ok;18025.421878658453;15401.31487729195;15401.31487729195;15401.31487729195;83;15401.31487729195;628.0821;2624.107001366503;Evaluated;6.0305;0.6231;64;True;1;
15;1;15;3;diversification;4;509844bde9db;swap;36;40;;;;;;;;;;;;True;False;False;False;;ok;16422.52601428807;15401.31487729195;15401.31487729195;15401.31487729195;84;15401.31487729195;638.2187;1021.2111369961185;Evaluated;9.5103;0.6253;64;True;2;duplicate_for_same_parent_sequence
15;1;15;4;diversification;4;509844bde9db;move;;;50;49;;;;;;;;;;True;False;False;False;;ok;15681.656325585574;15401.31487729195;15401.31487729195;15401.31487729195;85;15401.31487729195;644.5696;280.3414482936241;Evaluated;5.7191;0.6278;64;True;1;
15;1;15;5;diversification;4;509844bde9db;move;;;32;18;;;;;;;;;;True;False;False;True;;ok;17318.700515413144;15401.31487729195;15401.31487729195;15401.31487729195;86;15401.31487729195;654.5541;1917.3856381211936;Evaluated;9.3567;0.6248;64;True;2;duplicate_for_same_parent_sequence
15;1;15;6;diversification;4;509844bde9db;move;;;35;20;;;;;;;;;;True;False;False;True;;ok;17551.17983961263;15401.31487729195;15401.31487729195;15401.31487729195;87;15401.31487729195;664.6383;2149.8649623206784;Evaluated;9.4562;0.6247;64;True;2;duplicate_for_same_parent_sequence
15;1;15;7;diversification;4;509844bde9db;move;;;30;10;;;;;;;;;;True;False;False;True;;ok;17398.75482898937;15401.31487729195;15401.31487729195;15401.31487729195;88;15401.31487729195;678.4626;1997.4399516974208;Evaluated;13.1961;0.6256;64;True;3;duplicate_for_same_parent_sequence
15;1;15;8;diversification;4;509844bde9db;move;;;18;30;;;;;;;;;;True;False;False;True;;ok;17088.624932989864;15401.31487729195;15401.31487729195;15401.31487729195;89;15401.31487729195;692.2197;1687.3100556979134;Evaluated;13.1258;0.6278;64;True;3;duplicate_for_same_parent_sequence
15;1;15;9;diversification;4;509844bde9db;move;;;24;30;;;;;;;;;;True;False;False;False;;ok;16403.268613566448;15401.31487729195;15401.31487729195;15401.31487729195;90;15401.31487729195;698.5244;1001.9537362744977;Evaluated;5.6779;0.6237;64;True;1;
15;1;15;10;diversification;4;509844bde9db;move;;;41;52;;;;;;;;;;True;False;False;True;;ok;15908.211306502071;15401.31487729195;15401.31487729195;15401.31487729195;91;15401.31487729195;704.8293;506.8964292101209;Evaluated;5.6771;0.6253;64;True;1;
15;1;15;;diversification;5;;;;;;;;;;;;;;;;;;;;;End-of-iteration summary row;;;15401.31487729195;15401.31487729195;91;15401.31487729195;704.8329;;IterationSummary;;;;;;
16;1;16;1;diversification;5;509844bde9db;move;;;5;20;;;;;;;;;;True;False;False;True;;ok;17750.683175150676;15401.31487729195;15401.31487729195;15401.31487729195;92;15401.31487729195;711.5555;2349.368297858726;Evaluated;6.0811;0.6265;64;True;1;
16;1;16;2;diversification;5;509844bde9db;reinsert_block;;;;;;;18;24;30;;;;;True;False;False;False;;ok;17538.448342579948;15401.31487729195;15401.31487729195;15401.31487729195;93;15401.31487729195;718.2458;2137.1334652879978;Evaluated;6.0622;0.6246;64;True;1;
16;1;16;3;diversification;5;509844bde9db;swap;35;40;;;;;;;;;;;;True;False;False;False;;ok;16051.486128038636;15401.31487729195;15401.31487729195;15401.31487729195;94;15401.31487729195;724.5646;650.1712507466855;Evaluated;5.6919;0.6255;64;True;1;
16;1;16;4;diversification;5;509844bde9db;move;;;58;49;;;;;;;;;;True;False;False;False;;ok;15263.447718368669;15401.31487729195;15401.31487729195;15401.31487729195;95;15401.31487729195;730.7789;-137.86715892328175;EvaluatedImprovementDespiteDiversificationMismatch;5.5856;0.6261;64;True;1;
16;1;16;5;diversification;5;509844bde9db;move;;;8;15;;;;;;;;;;True;False;False;False;;ok;17931.273629840103;15401.31487729195;15401.31487729195;15401.31487729195;96;15401.31487729195;737.103;2529.958752548153;Evaluated;5.6898;0.6307;64;True;1;
16;1;16;6;diversification;5;509844bde9db;move;;;40;32;;;;;;;;;;True;False;False;False;;ok;17045.116047778745;15401.31487729195;15401.31487729195;15401.31487729195;97;15401.31487729195;743.532;1643.801170486795;Evaluated;5.801;0.6254;64;True;1;
16;1;16;7;diversification;5;509844bde9db;move;;;40;15;;;;;;;;;;True;False;False;True;;ok;17074.059448561144;15401.31487729195;15401.31487729195;15401.31487729195;98;15401.31487729195;749.7615;1672.7445712691933;Evaluated;5.603;0.6258;64;True;1;
16;1;16;8;diversification;5;509844bde9db;move;;;20;10;;;;;;;;;;True;False;False;True;;ok;18368.87394664811;15401.31487729195;15401.31487729195;15401.31487729195;99;15401.31487729195;756.1154;2967.559069356159;Evaluated;5.726;0.625;64;True;1;
16;1;16;9;diversification;5;509844bde9db;move;;;25;30;;;;;;;;;;True;False;False;False;;ok;15407.209123843317;15401.31487729195;15401.31487729195;15401.31487729195;100;15401.31487729195;762.402;5.89424655136645;Evaluated;5.6592;0.6246;64;True;1;
16;1;16;10;diversification;5;509844bde9db;swap;43;48;;;;;;;;;;;;True;False;False;False;;ok;16341.877277180683;15401.31487729195;15401.31487729195;15401.31487729195;101;15401.31487729195;772.3923;940.5623998887331;Evaluated;9.3628;0.6252;64;True;2;duplicate_for_same_parent_sequence
16;1;16;;diversification;0;;;;;;;;;;;;;;;;;;;;;End-of-iteration summary row;;;15263.447718368669;15263.447718368669;101;15263.447718368669;772.4115;;IterationSummary;;;;;;
17;1;17;1;normal;0;78df8c80dce1;move;;;5;10;;;;;;;;;;True;False;False;False;;ok;16137.029554893392;15263.447718368669;15263.447718368669;15263.447718368669;102;15263.447718368669;779.47;873.5818365247233;Evaluated;6.4239;0.6254;64;True;1;
17;1;17;2;normal;0;78df8c80dce1;swap;20;25;;;;;;;;;;;;True;False;False;False;;ok;17242.119866621448;15263.447718368669;15263.447718368669;15263.447718368669;103;15263.447718368669;786.0065;1978.6721482527792;Evaluated;5.9087;0.6251;64;True;1;
17;1;17;3;normal;0;78df8c80dce1;reinsert_block;;;;;;;35;40;28;;;;;True;False;False;False;;ok;15820.509319471812;15263.447718368669;15263.447718368669;15263.447718368669;104;15263.447718368669;792.6822;557.0616011031434;Evaluated;6.0477;0.6252;64;True;1;
17;1;17;4;normal;0;78df8c80dce1;move;;;50;49;;;;;;;;;;True;False;False;False;;ok;15263.540000548819;15263.447718368669;15263.447718368669;15263.447718368669;105;15263.447718368669;798.9315;0.09228218015050516;Evaluated;5.6213;0.625;64;True;1;
17;1;17;5;normal;0;78df8c80dce1;move;;;8;15;;;;;;;;;;True;False;False;False;;ok;17239.322885309168;15263.447718368669;15263.447718368669;15263.447718368669;106;15263.447718368669;805.05;1975.8751669404992;Evaluated;5.4917;0.6242;64;True;1;
17;1;17;;normal;1;;;;;;;;;;;;;;;;;;;;;End-of-iteration summary row;;;15263.447718368669;15263.447718368669;106;15263.447718368669;805.0518;;IterationSummary;;;;;;
18;1;18;1;normal;1;78df8c80dce1;move;;;8;20;;;;;;;;;;True;False;False;True;;ok;16327.58752158557;15263.447718368669;15263.447718368669;15263.447718368669;107;15263.447718368669;811.4995;1064.1398032169018;Evaluated;5.814;0.6249;64;True;1;
18;1;18;2;normal;1;78df8c80dce1;swap;17;25;;;;;;;;;;;;True;False;False;False;;ok;15263.447718368669;15263.447718368669;15263.447718368669;15263.447718368669;108;15263.447718368669;818.0123;0.0;Evaluated;5.8874;0.6227;64;True;1;
18;1;18;3;normal;1;78df8c80dce1;move;;;40;15;;;;;;;;;;True;False;False;True;;ok;16384.99800641872;15263.447718368669;15263.447718368669;15263.447718368669;109;15263.447718368669;828.8307;1121.5502880500499;Evaluated;10.1921;0.6243;64;True;2;duplicate_for_same_parent_sequence
18;1;18;4;normal;1;78df8c80dce1;move;;;48;52;;;;;;;;;;True;False;False;False;;ok;15627.630492390192;15263.447718368669;15263.447718368669;15263.447718368669;110;15263.447718368669;835.1032;364.1827740215231;Evaluated;5.6456;0.6237;64;True;1;
18;1;18;5;normal;1;78df8c80dce1;move;;;30;15;;;;;;;;;;True;False;False;True;;ok;18027.56221289622;15263.447718368669;15263.447718368669;15263.447718368669;111;15263.447718368669;844.9228;2764.114494527552;Evaluated;9.1905;0.6284;64;True;2;duplicate_for_same_parent_sequence
18;1;18;;normal;2;;;;;;;;;;;;;;;;;;;;;End-of-iteration summary row;;;15263.447718368669;15263.447718368669;111;15263.447718368669;844.9265;;IterationSummary;;;;;;
19;1;19;1;normal;2;78df8c80dce1;move;;;3;8;;;;;;;;;;True;False;False;False;;ok;17622.936366980375;15263.447718368669;15263.447718368669;15263.447718368669;112;15263.447718368669;855.5081;2359.4886486117066;Evaluated;9.9414;0.63;64;True;2;duplicate_for_same_parent_sequence
19;1;19;2;normal;2;78df8c80dce1;move;;;30;45;;;;;;;;;;True;False;False;True;;ok;16132.06588684347;15263.447718368669;15263.447718368669;15263.447718368669;113;15263.447718368669;865.16;868.6181684748008;Evaluated;9.0285;0.6227;64;True;2;duplicate_for_same_parent_sequence
19;1;19;3;normal;2;78df8c80dce1;move;;;35;20;;;;;;;;;;True;False;False;True;;ok;16857.451439636756;15263.447718368669;15263.447718368669;15263.447718368669;114;15263.447718368669;875.4992;1594.0037212680872;Evaluated;9.7137;0.6248;64;True;2;duplicate_for_same_parent_sequence
19;1;19;4;normal;2;78df8c80dce1;move;;;20;18;;;;;;;;;;True;False;False;False;;ok;16736.58338780907;15263.447718368669;15263.447718368669;15263.447718368669;115;15263.447718368669;885.6547;1473.1356694404021;Evaluated;9.5233;0.6287;64;True;2;duplicate_for_same_parent_sequence
19;1;19;5;normal;2;78df8c80dce1;move;;;25;30;;;;;;;;;;True;False;False;False;;ok;15263.696683961956;15263.447718368669;15263.447718368669;15263.447718368669;116;15263.447718368669;891.6043;0.24896559328772128;Evaluated;5.3199;0.6268;64;True;1;
19;1;19;;normal;3;;;;;;;;;;;;;;;;;;;;;End-of-iteration summary row;;;15263.447718368669;15263.447718368669;116;15263.447718368669;891.6075;;IterationSummary;;;;;;
20;1;20;1;diversification;3;78df8c80dce1;move;;;10;35;;;;;;;;;;True;False;False;True;;ok;15262.609038236347;15263.447718368669;15263.447718368669;15263.447718368669;117;15263.447718368669;898.4177;-0.8386801323213149;Evaluated;6.179;0.6241;64;True;1;
20;1;20;2;diversification;3;78df8c80dce1;reinsert_block;;;;;;;20;25;35;;;;;True;False;False;True;;ok;16719.603132140393;15263.447718368669;15263.447718368669;15263.447718368669;118;15263.447718368669;905.1188;1456.1554137717249;Evaluated;6.0737;0.6238;64;True;1;
20;1;20;3;diversification;3;78df8c80dce1;swap;35;40;;;;;;;;;;;;True;False;False;False;;ok;15762.900772530294;15263.447718368669;15263.447718368669;15263.447718368669;119;15263.447718368669;911.3008;499.4530541616259;Evaluated;5.5317;0.6494;64;True;1;
20;1;20;4;diversification;3;78df8c80dce1;move;;;50;48;;;;;;;;;;True;False;False;False;;ok;15605.757958317983;15263.447718368669;15263.447718368669;15263.447718368669;120;15263.447718368669;917.822;342.31023994931456;Evaluated;5.8939;0.6265;64;True;1;
20;1;20;5;diversification;3;78df8c80dce1;move;;;25;10;;;;;;;;;;True;False;False;True;;ok;17039.980839916;15263.447718368669;15263.447718368669;15263.447718368669;121;15263.447718368669;924.1682;1776.5331215473307;Evaluated;5.7175;0.6261;64;True;1;
20;1;20;6;diversification;3;78df8c80dce1;move;;;25;40;;;;;;;;;;True;False;False;True;;ok;15262.401239210158;15263.447718368669;15263.447718368669;15263.447718368669;122;15263.447718368669;930.5233;-1.0464791585109197;Evaluated;5.7236;0.628;64;True;1;
20;1;20;7;diversification;3;78df8c80dce1;move;;;5;20;;;;;;;;;;True;False;False;True;;ok;17057.634701326337;15263.447718368669;15263.447718368669;15263.447718368669;123;15263.447718368669;936.7751;1794.186982957668;Evaluated;5.6227;0.6267;64;True;1;
20;1;20;8;diversification;3;78df8c80dce1;swap;8;20;;;;;;;;;;;;True;False;False;True;;ok;17775.64576243865;15263.447718368669;15263.447718368669;15263.447718368669;124;15263.447718368669;946.8549;2512.198044069981;Evaluated;9.4511;0.6279;64;True;2;duplicate_for_same_parent_sequence
20;1;20;9;diversification;3;78df8c80dce1;move;;;25;18;;;;;;;;;;True;False;False;False;;ok;16847.948907955382;15263.447718368669;15263.447718368669;15263.447718368669;125;15263.447718368669;953.1966;1584.5011895867137;Evaluated;5.7107;0.6278;64;True;1;
20;1;20;10;diversification;3;78df8c80dce1;move;;;18;30;;;;;;;;;;True;False;False;True;;ok;16395.03240538488;15263.447718368669;15263.447718368669;15263.447718368669;126;15263.447718368669;963.1225;1131.5846870162131;Evaluated;9.297;0.6263;64;True;2;duplicate_for_same_parent_sequence
20;1;20;;diversification;0;;;;;;;;;;;;;;;;;;;;;End-of-iteration summary row;;;15262.401239210158;15262.401239210158;126;15262.401239210158;963.1382;;IterationSummary;;;;;;
21;1;21;1;normal;0;6838ada8bfa1;move;;;5;10;;;;;;;;;;True;False;False;False;;ok;16594.802366323267;15262.401239210158;15262.401239210158;15262.401239210158;127;15262.401239210158;969.9449;1332.4011271131094;Evaluated;6.1711;0.6276;64;True;1;
21;1;21;2;normal;0;6838ada8bfa1;swap;17;20;;;;;;;;;;;;True;False;False;False;;ok;16728.577153789876;15262.401239210158;15262.401239210158;15262.401239210158;128;15262.401239210158;976.2765;1466.1759145797187;Evaluated;5.7024;0.6265;64;True;1;
21;1;21;3;normal;0;6838ada8bfa1;reinsert_block;;;;;;;34;40;25;;;;;True;False;False;True;;ok;15748.62418392914;15262.401239210158;15262.401239210158;15262.401239210158;129;15262.401239210158;983.0242;486.22294471898203;Evaluated;6.1141;0.6302;64;True;1;
21;1;21;4;normal;0;6838ada8bfa1;move;;;48;55;;;;;;;;;;True;False;False;False;;ok;15607.898370663037;15262.401239210158;15262.401239210158;15262.401239210158;130;15262.401239210158;989.2977;345.49713145287933;Evaluated;5.642;0.6285;64;True;1;
21;1;21;5;normal;0;6838ada8bfa1;move;;;40;25;;;;;;;;;;True;False;False;True;;ok;15263.447718368669;15262.401239210158;15262.401239210158;15262.401239210158;131;15262.401239210158;995.5834;1.0464791585109197;Evaluated;5.6572;0.626;64;True;1;
21;1;21;;normal;1;;;;;;;;;;;;;;;;;;;;;End-of-iteration summary row;;;15262.401239210158;15262.401239210158;131;15262.401239210158;995.584;;IterationSummary;;;;;;
22;1;22;1;normal;1;6838ada8bfa1;move;;;10;5;;;;;;;;;;True;False;False;False;;ok;15262.199064859826;15262.401239210158;15262.401239210158;15262.401239210158;132;15262.401239210158;1002.0504;-0.20217435033191578;Evaluated;5.8321;0.6288;64;True;1;
22;1;22;2;normal;1;6838ada8bfa1;swap;18;20;;;;;;;;;;;;True;False;False;False;;ok;16790.006771137592;15262.401239210158;15262.401239210158;15262.401239210158;133;15262.401239210158;1008.2746;1527.6055319274346;Evaluated;5.5973;0.6262;64;True;1;
22;1;22;3;normal;1;6838ada8bfa1;reinsert_block;;;;;;;35;40;28;;;;;True;False;False;False;;ok;16322.182593037713;15262.401239210158;15262.401239210158;15262.401239210158;134;15262.401239210158;1015.0685;1059.781353827555;Evaluated;6.1626;0.6287;64;True;1;
22;1;22;4;normal;1;6838ada8bfa1;move;;;50;49;;;;;;;;;;True;False;False;False;;ok;15262.41632679618;15262.401239210158;15262.401239210158;15262.401239210158;135;15262.401239210158;1021.7252;0.015087586021763855;Evaluated;6.0217;0.6314;64;True;1;
22;1;22;5;normal;1;6838ada8bfa1;move;;;25;18;;;;;;;;;;True;False;False;False;;ok;16852.52490531848;15262.401239210158;15262.401239210158;15262.401239210158;136;15262.401239210158;1027.9752;1590.123666108324;Evaluated;5.6175;0.6295;64;True;1;
22;1;22;;normal;0;;;;;;;;;;;;;;;;;;;;;End-of-iteration summary row;;;15262.199064859826;15262.199064859826;136;15262.199064859826;1027.9952;;IterationSummary;;;;;;
23;1;23;1;normal;0;3e48e81c88b8;move;;;7;10;;;;;;;;;;True;False;False;False;;ok;17069.42014878199;15262.199064859826;15262.199064859826;15262.199064859826;137;15262.199064859826;1035.0696;1807.2210839221625;Evaluated;6.4432;0.6243;64;True;1;
23;1;23;2;normal;0;3e48e81c88b8;swap;17;25;;;;;;;;;;;;True;False;False;False;;ok;16656.326681198752;15262.199064859826;15262.199064859826;15262.199064859826;138;15262.199064859826;1041.5465;1394.1276163389266;Evaluated;5.8475;0.6276;64;True;1;
23;1;23;3;normal;0;3e48e81c88b8;reinsert_block;;;;;;;35;40;28;;;;;True;False;False;False;;ok;16335.633470510991;15262.199064859826;15262.199064859826;15262.199064859826;139;15262.199064859826;1048.24;1073.4344056511654;Evaluated;6.0647;0.6259;64;True;1;
23;1;23;4;normal;0;3e48e81c88b8;move;;;50;48;;;;;;;;;;True;False;False;False;;ok;15603.414260766109;15262.199064859826;15262.199064859826;15262.199064859826;140;15262.199064859826;1054.5982;341.21519590628304;Evaluated;5.7247;0.6302;64;True;1;
23;1;23;5;normal;0;3e48e81c88b8;move;;;15;20;;;;;;;;;;True;False;False;False;;ok;15272.503648668904;15262.199064859826;15262.199064859826;15262.199064859826;141;15262.199064859826;1060.8325;10.304583809078395;Evaluated;5.6075;0.6241;64;True;1;
23;1;23;;normal;1;;;;;;;;;;;;;;;;;;;;;End-of-iteration summary row;;;15262.199064859826;15262.199064859826;141;15262.199064859826;1060.8331;;IterationSummary;;;;;;
24;1;24;1;normal;1;3e48e81c88b8;move;;;7;12;;;;;;;;;;True;False;False;False;;ok;17132.889526536164;15262.199064859826;15262.199064859826;15262.199064859826;142;15262.199064859826;1067.7739;1870.6904616763386;Evaluated;6.3056;0.6282;64;True;1;
24;1;24;2;normal;1;3e48e81c88b8;swap;18;20;;;;;;;;;;;;True;False;False;False;;ok;16789.985159352298;15262.199064859826;15262.199064859826;15262.199064859826;143;15262.199064859826;1074.0046;1527.7860944924723;Evaluated;5.6014;0.6264;64;True;1;
24;1;24;3;normal;1;3e48e81c88b8;move;;;18;25;;;;;;;;;;True;False;False;False;;ok;16857.363226739144;15262.199064859826;15262.199064859826;15262.199064859826;144;15262.199064859826;1085.0884;1595.1641618793183;Evaluated;10.4508;0.63;64;True;2;duplicate_for_same_parent_sequence
24;1;24;4;normal;1;3e48e81c88b8;move;;;48;50;;;;;;;;;;True;False;False;False;;ok;15603.414261961732;15262.199064859826;15262.199064859826;15262.199064859826;145;15262.199064859826;1091.3576;341.2151971019066;Evaluated;5.6407;0.6259;64;True;1;
24;1;24;5;normal;1;3e48e81c88b8;move;;;25;30;;;;;;;;;;True;False;False;False;;ok;16408.570840950422;15262.199064859826;15262.199064859826;15262.199064859826;146;15262.199064859826;1097.6093;1146.3717760905965;Evaluated;5.6217;0.627;64;True;1;
24;1;24;;normal;2;;;;;;;;;;;;;;;;;;;;;End-of-iteration summary row;;;15262.199064859826;15262.199064859826;146;15262.199064859826;1097.612;;IterationSummary;;;;;;
25;1;25;1;normal;2;3e48e81c88b8;move;;;5;8;;;;;;;;;;True;False;False;False;;ok;15265.015755197768;15262.199064859826;15262.199064859826;15262.199064859826;147;15262.199064859826;1107.9109;2.8166903379424184;Evaluated;9.6433;0.6404;64;True;2;duplicate_for_same_parent_sequence
25;1;25;2;normal;2;3e48e81c88b8;swap;20;25;;;;;;;;;;;;True;False;False;False;;ok;16741.548105644863;15262.199064859826;15262.199064859826;15262.199064859826;148;15262.199064859826;1114.4983;1479.3490407850368;Evaluated;5.9575;0.627;64;True;1;
25;1;25;3;normal;2;3e48e81c88b8;move;;;36;41;;;;;;;;;;True;False;False;False;;ok;15671.63116514613;15262.199064859826;15262.199064859826;15262.199064859826;149;15262.199064859826;1125.0102;409.43210028630347;Evaluated;9.8825;0.6261;64;True;2;duplicate_for_same_parent_sequence
25;1;25;4;normal;2;3e48e81c88b8;move;;;61;49;;;;;;;;;;True;False;False;True;;ok;15940.366283045867;15262.199064859826;15262.199064859826;15262.199064859826;150;15262.199064859826;1135.1171;678.1672181860413;Evaluated;9.474;0.63;64;True;2;duplicate_for_same_parent_sequence
25;1;25;5;normal;2;3e48e81c88b8;move;;;6;10;;;;;;;;;;True;False;False;False;;ok;17236.93752185064;15262.199064859826;15262.199064859826;15262.199064859826;151;15262.199064859826;1141.2966;1974.7384569908136;Evaluated;5.55;0.6266;64;True;1;
25;1;25;;normal;3;;;;;;;;;;;;;;;;;;;;;End-of-iteration summary row;;;15262.199064859826;15262.199064859826;151;15262.199064859826;1141.2993;;IterationSummary;;;;;;
26;1;26;1;diversification;3;3e48e81c88b8;move;;;3;20;;;;;;;;;;True;False;False;True;;ok;16693.183875451083;15262.199064859826;15262.199064859826;15262.199064859826;152;15262.199064859826;1148.3317;1430.984810591257;Evaluated;6.3994;0.6237;64;True;1;
26;1;26;2;diversification;3;3e48e81c88b8;reinsert_block;;;;;;;18;24;35;;;;;True;False;False;True;;ok;15793.468406439008;15262.199064859826;15262.199064859826;15262.199064859826;153;15262.199064859826;1155.0466;531.2693415791819;Evaluated;6.0841;0.6279;64;True;1;
26;1;26;3;diversification;3;3e48e81c88b8;swap;35;40;;;;;;;;;;;;True;False;False;False;;ok;15885.45650268609;15262.199064859826;15262.199064859826;15262.199064859826;154;15262.199064859826;1161.4094;623.2574378262634;Evaluated;5.7323;0.6272;64;True;1;
26;1;26;4;diversification;3;3e48e81c88b8;move;;;50;49;;;;;;;;;;True;False;False;False;;ok;15262.29344565621;15262.199064859826;15262.199064859826;15262.199064859826;155;15262.199064859826;1167.6632;0.09438079638493946;Evaluated;5.6198;0.6303;64;True;1;
26;1;26;5;diversification;3;3e48e81c88b8;move;;;8;15;;;;;;;;;;True;False;False;False;;ok;17501.211347079225;15262.199064859826;15262.199064859826;15262.199064859826;156;15262.199064859826;1173.9848;2239.012282219399;Evaluated;5.6908;0.6267;64;True;1;
26;1;26;6;diversification;3;3e48e81c88b8;move;;;40;25;;;;;;;;;;True;False;False;True;;ok;15263.605007664728;15262.199064859826;15262.199064859826;15262.199064859826;157;15262.199064859826;1180.4108;1.4059428049022245;Evaluated;5.7951;0.628;64;True;1;
26;1;26;7;diversification;3;3e48e81c88b8;move;;;45;30;;;;;;;;;;True;False;False;True;;ok;17132.78935874576;15262.199064859826;15262.199064859826;15262.199064859826;158;15262.199064859826;1186.6337;1870.5902938859326;Evaluated;5.5949;0.6248;64;True;1;
26;1;26;8;diversification;3;3e48e81c88b8;move;;;22;30;;;;;;;;;;True;False;False;False;;ok;16590.07126494216;15262.199064859826;15262.199064859826;15262.199064859826;159;15262.199064859826;1200.5089;1327.8722000823327;Evaluated;13.2464;0.6257;64;True;3;duplicate_for_same_parent_sequence
26;1;26;9;diversification;3;3e48e81c88b8;move;;;26;35;;;;;;;;;;True;False;False;False;;ok;15947.96787715621;15262.199064859826;15262.199064859826;15262.199064859826;160;15262.199064859826;1206.7905;685.7688122963846;Evaluated;5.6507;0.6284;64;True;1;
26;1;26;10;diversification;3;3e48e81c88b8;move;;;45;50;;;;;;;;;;True;False;False;False;;ok;15263.90647295651;15262.199064859826;15262.199064859826;15262.199064859826;161;15262.199064859826;1213.3183;1.7074080966849579;Evaluated;5.8951;0.63;64;True;1;
26;1;26;;diversification;4;;;;;;;;;;;;;;;;;;;;;End-of-iteration summary row;;;15262.199064859826;15262.199064859826;161;15262.199064859826;1213.3212;;IterationSummary;;;;;;
27;1;27;1;diversification;4;3e48e81c88b8;move;;;10;40;;;;;;;;;;True;False;False;True;;ok;15272.951091325895;15262.199064859826;15262.199064859826;15262.199064859826;162;15262.199064859826;1220.1232;10.752026466068855;Evaluated;6.1632;0.6264;64;True;1;
27;1;27;2;diversification;4;3e48e81c88b8;move;;;30;17;;;;;;;;;;True;False;False;True;;ok;15350.696881278642;15262.199064859826;15262.199064859826;15262.199064859826;163;15262.199064859826;1230.6889;88.497816418816;Evaluated;9.9359;0.6269;64;True;2;duplicate_for_same_parent_sequence
27;1;27;3;diversification;4;3e48e81c88b8;swap;35;42;;;;;;;;;;;;True;False;False;False;;ok;16208.611040582753;15262.199064859826;15262.199064859826;15262.199064859826;164;15262.199064859826;1236.9951;946.4119757229273;Evaluated;5.6754;0.6274;64;True;1;
27;1;27;4;diversification;4;3e48e81c88b8;move;;;62;49;;;;;;;;;;True;False;False;True;;ok;15389.516756173201;15262.199064859826;15262.199064859826;15262.199064859826;165;15262.199064859826;1247.1995;127.31769131337569;Evaluated;9.5778;0.6251;64;True;2;duplicate_for_same_parent_sequence
27;1;27;5;diversification;4;3e48e81c88b8;swap;10;20;;;;;;;;;;;;True;False;False;False;;ok;17378.610438780677;15262.199064859826;15262.199064859826;15262.199064859826;166;15262.199064859826;1253.3164;2116.4113739208515;Evaluated;5.4879;0.6276;64;True;1;
27;1;27;6;diversification;4;3e48e81c88b8;reinsert_block;;;;;;;40;47;30;;;;;True;False;False;True;;ok;15673.281215891013;15262.199064859826;15262.199064859826;15262.199064859826;167;15262.199064859826;1263.8118;411.0821510311871;Evaluated;9.8621;0.6302;64;True;2;duplicate_for_same_parent_sequence
27;1;27;7;diversification;4;3e48e81c88b8;move;;;30;15;;;;;;;;;;True;False;False;True;;ok;15318.676060884032;15262.199064859826;15262.199064859826;15262.199064859826;168;15262.199064859826;1273.7515;56.47699602420653;Evaluated;9.3135;0.6237;64;True;2;duplicate_for_same_parent_sequence
27;1;27;8;diversification;4;3e48e81c88b8;move;;;17;8;;;;;;;;;;True;False;False;False;;ok;15740.273461895442;15262.199064859826;15262.199064859826;15262.199064859826;169;15262.199064859826;1280.0735;478.07439703561613;Evaluated;5.6945;0.6263;64;True;1;
27;1;27;9;diversification;4;3e48e81c88b8;move;;;28;35;;;;;;;;;;True;False;False;False;;ok;16118.699760623653;15262.199064859826;15262.199064859826;15262.199064859826;170;15262.199064859826;1286.6565;856.500695763827;Evaluated;5.9524;0.6285;64;True;1;
27;1;27;10;diversification;4;3e48e81c88b8;move;;;50;40;;;;;;;;;;True;False;False;True;;ok;15510.321292509774;15262.199064859826;15262.199064859826;15262.199064859826;171;15262.199064859826;1293.3081;248.1222276499484;Evaluated;6.0208;0.6292;64;True;1;
27;1;27;;diversification;5;;;;;;;;;;;;;;;;;;;;;End-of-iteration summary row;;;15262.199064859826;15262.199064859826;171;15262.199064859826;1293.311;;IterationSummary;;;;;;
28;1;28;1;diversification;5;3e48e81c88b8;move;;;5;30;;;;;;;;;;True;False;False;True;;ok;15268.814704408212;15262.199064859826;15262.199064859826;15262.199064859826;172;15262.199064859826;1303.748;6.615639548386753;Evaluated;9.7966;0.6249;64;True;2;duplicate_for_same_parent_sequence
28;1;28;2;diversification;5;3e48e81c88b8;reinsert_block;;;;;;;20;25;10;;;;;True;False;False;True;;ok;16659.268229977413;15262.199064859826;15262.199064859826;15262.199064859826;173;15262.199064859826;1310.5379;1397.0691651175875;Evaluated;6.1604;0.6256;64;True;1;
28;1;28;3;diversification;5;3e48e81c88b8;swap;38;45;;;;;;;;;;;;True;False;False;False;;ok;16677.702223535693;15262.199064859826;15262.199064859826;15262.199064859826;174;15262.199064859826;1320.8309;1415.5031586758669;Evaluated;9.6609;0.6291;64;True;2;duplicate_for_same_parent_sequence
28;1;28;4;diversification;5;3e48e81c88b8;move;;;60;52;;;;;;;;;;True;False;False;False;;ok;16466.232128791096;15262.199064859826;15262.199064859826;15262.199064859826;175;15262.199064859826;1327.1598;1204.0330639312706;Evaluated;5.6985;0.627;64;True;1;
28;1;28;5;diversification;5;3e48e81c88b8;move;;;20;35;;;;;;;;;;True;False;False;True;;ok;17124.189337006865;15262.199064859826;15262.199064859826;15262.199064859826;176;15262.199064859826;1333.3912;1861.990272147039;Evaluated;5.602;0.626;64;True;1;
28;1;28;6;diversification;5;3e48e81c88b8;move;;;17;30;;;;;;;;;;True;False;False;True;;ok;15262.71094903105;15262.199064859826;15262.199064859826;15262.199064859826;177;15262.199064859826;1343.8623;0.5118841712246649;Evaluated;9.8388;0.6277;64;True;2;duplicate_for_same_parent_sequence
28;1;28;7;diversification;5;3e48e81c88b8;move;;;50;20;;;;;;;;;;True;False;False;True;;ok;16812.500910569142;15262.199064859826;15262.199064859826;15262.199064859826;178;15262.199064859826;1350.1467;1550.3018457093167;Evaluated;5.6527;0.6285;64;True;1;
28;1;28;8;diversification;5;3e48e81c88b8;move;;;20;10;;;;;;;;;;True;False;False;True;;ok;17679.187615308754;15262.199064859826;15262.199064859826;15262.199064859826;179;15262.199064859826;1356.5262;2416.9885504489284;Evaluated;5.7516;0.6252;64;True;1;
28;1;28;9;diversification;5;3e48e81c88b8;move;;;25;30;;;;;;;;;;False;True;False;;;ok;;15262.199064859826;15262.199064859826;15262.199064859826;179;15262.199064859826;1369.0695;;DuplicateForSameParentSequenceAfterRetries;12.5403;;;;3;duplicate_for_same_parent_sequence
28;1;28;10;diversification;5;3e48e81c88b8;swap;45;52;;;;;;;;;;;;True;False;False;False;;ok;15821.079441642009;15262.199064859826;15262.199064859826;15262.199064859826;180;15262.199064859826;1375.368;558.8803767821828;Evaluated;5.6715;0.6259;64;True;1;
28;1;28;;diversification;6;;;;;;;;;;;;;;;;;;;;;End-of-iteration summary row;;;15262.199064859826;15262.199064859826;180;15262.199064859826;1375.3688;;IterationSummary;;;;;;
29;1;29;1;diversification;6;3e48e81c88b8;move;;;15;30;;;;;;;;;;True;False;False;True;;ok;15266.981803360535;15262.199064859826;15262.199064859826;15262.199064859826;181;15262.199064859826;1382.1902;4.782738500709456;Evaluated;6.1871;0.6262;64;True;1;
29;1;29;2;diversification;6;3e48e81c88b8;reinsert_block;;;;;;;17;25;30;;;;;True;False;False;False;;ok;16398.890557668976;15262.199064859826;15262.199064859826;15262.199064859826;182;15262.199064859826;1388.9392;1136.69149280915;Evaluated;6.1186;0.6274;64;True;1;
29;1;29;3;diversification;6;3e48e81c88b8;swap;32;40;;;;;;;;;;;;True;False;False;False;;ok;15262.199064859826;15262.199064859826;15262.199064859826;15262.199064859826;183;15262.199064859826;1402.7766;0.0;Evaluated;13.2084;0.6258;64;True;3;duplicate_for_same_parent_sequence
29;1;29;4;diversification;6;3e48e81c88b8;move;;;50;30;;;;;;;;;;True;False;False;True;;ok;15548.336602453193;15262.199064859826;15262.199064859826;15262.199064859826;184;15262.199064859826;1409.1254;286.1375375933676;Evaluated;5.7172;0.6291;64;True;1;
29;1;29;5;diversification;6;3e48e81c88b8;swap;3;8;;;;;;;;;;;;True;False;False;False;;ok;16700.531343510884;15262.199064859826;15262.199064859826;15262.199064859826;185;15262.199064859826;1419.2899;1438.332278651058;Evaluated;9.5346;0.6264;64;True;2;duplicate_for_same_parent_sequence
29;1;29;6;diversification;6;3e48e81c88b8;move;;;35;20;;;;;;;;;;True;False;False;True;;ok;16375.919679933708;15262.199064859826;15262.199064859826;15262.199064859826;186;15262.199064859826;1429.3708;1113.720615073882;Evaluated;9.4484;0.6295;64;True;2;duplicate_for_same_parent_sequence
29;1;29;7;diversification;6;3e48e81c88b8;move;;;30;15;;;;;;;;;;False;True;False;;;ok;;15262.199064859826;15262.199064859826;15262.199064859826;186;15262.199064859826;1442.5696;;DuplicateForSameParentSequenceAfterRetries;13.1958;;;;3;duplicate_for_same_parent_sequence
29;1;29;8;diversification;6;3e48e81c88b8;swap;20;30;;;;;;;;;;;;True;False;False;False;;ok;16561.353610898448;15262.199064859826;15262.199064859826;15262.199064859826;187;15262.199064859826;1452.309;1299.1545460386224;Evaluated;9.1102;0.6281;64;True;2;duplicate_for_same_parent_sequence
29;1;29;9;diversification;6;3e48e81c88b8;move;;;35;42;;;;;;;;;;True;False;False;False;;ok;16200.774382509633;15262.199064859826;15262.199064859826;15262.199064859826;188;15262.199064859826;1462.6356;938.5753176498074;Evaluated;9.6965;0.6265;64;True;2;duplicate_for_same_parent_sequence
29;1;29;10;diversification;6;3e48e81c88b8;move;;;40;50;;;;;;;;;;True;False;False;True;;ok;15261.77640108135;15262.199064859826;15262.199064859826;15262.199064859826;189;15262.199064859826;1469.0635;-0.42266377847590775;Evaluated;5.7991;0.6261;64;True;1;
29;1;29;;diversification;0;;;;;;;;;;;;;;;;;;;;;End-of-iteration summary row;;;15261.77640108135;15261.77640108135;189;15261.77640108135;1469.079;;IterationSummary;;;;;;
30;1;30;1;normal;0;6d5ba9341898;move;;;10;4;;;;;;;;;;True;False;False;False;;ok;17711.074458414136;15261.77640108135;15261.77640108135;15261.77640108135;190;15261.77640108135;1475.7834;2449.298057332786;Evaluated;6.072;0.6247;64;True;1;
30;1;30;2;normal;0;6d5ba9341898;swap;20;25;;;;;;;;;;;;True;False;False;False;;ok;16731.005113338448;15261.77640108135;15261.77640108135;15261.77640108135;191;15261.77640108135;1482.3615;1469.2287122570979;Evaluated;5.9487;0.6269;64;True;1;
30;1;30;3;normal;0;6d5ba9341898;reinsert_block;;;;;;;35;42;17;;;;;True;False;False;True;;ok;16839.283640226622;15261.77640108135;15261.77640108135;15261.77640108135;192;15261.77640108135;1489.0541;1577.5072391452723;Evaluated;6.0672;0.6245;64;True;1;
30;1;30;4;normal;0;6d5ba9341898;move;;;50;32;;;;;;;;;;True;False;False;True;;ok;16337.873029198652;15261.77640108135;15261.77640108135;15261.77640108135;193;15261.77640108135;1495.2912;1076.0966281173023;Evaluated;5.6068;0.6276;64;True;1;
30;1;30;5;normal;0;6d5ba9341898;move;;;50;30;;;;;;;;;;True;False;False;True;;ok;15263.48794586743;15261.77640108135;15261.77640108135;15261.77640108135;194;15261.77640108135;1501.5893;1.7115447860796849;Evaluated;5.6623;0.6324;64;True;1;
30;1;30;;normal;1;;;;;;;;;;;;;;;;;;;;;End-of-iteration summary row;;;15261.77640108135;15261.77640108135;194;15261.77640108135;1501.5922;;IterationSummary;;;;;;
31;1;31;1;normal;1;6d5ba9341898;move;;;8;5;;;;;;;;;;True;False;False;False;;ok;17034.825795613822;15261.77640108135;15261.77640108135;15261.77640108135;195;15261.77640108135;1511.6072;1773.0493945324724;Evaluated;9.3762;0.6284;64;True;2;duplicate_for_same_parent_sequence
31;1;31;2;normal;1;6d5ba9341898;swap;20;30;;;;;;;;;;;;True;False;False;False;;ok;16568.87679432824;15261.77640108135;15261.77640108135;15261.77640108135;196;15261.77640108135;1517.8758;1307.1003932468902;Evaluated;5.6379;0.6273;64;True;1;
31;1;31;3;normal;1;6d5ba9341898;reinsert_block;;;;;;;35;40;17;;;;;True;False;False;True;;ok;16832.851875263485;15261.77640108135;15261.77640108135;15261.77640108135;197;15261.77640108135;1524.4957;1571.0754741821347;Evaluated;5.9908;0.6263;64;True;1;
31;1;31;4;normal;1;6d5ba9341898;move;;;50;35;;;;;;;;;;True;False;False;True;;ok;15887.970240299042;15261.77640108135;15261.77640108135;15261.77640108135;198;15261.77640108135;1531.0747;626.1938392176926;Evaluated;5.9501;0.6257;64;True;1;
31;1;31;5;normal;1;6d5ba9341898;move;;;40;25;;;;;;;;;;True;False;False;True;;ok;16193.201987267517;15261.77640108135;15261.77640108135;15261.77640108135;199;15261.77640108135;1537.3679;931.4255861861675;Evaluated;5.6622;0.6279;64;True;1;
31;1;31;;normal;2;;;;;;;;;;;;;;;;;;;;;End-of-iteration summary row;;;15261.77640108135;15261.77640108135;199;15261.77640108135;1537.3712;;IterationSummary;;;;;;
32;1;32;1;normal;2;6d5ba9341898;move;;;8;3;;;;;;;;;;True;False;False;False;;ok;17031.79969109467;15261.77640108135;15261.77640108135;15261.77640108135;200;15261.77640108135;1548.0801;1770.0232900133215;Evaluated;10.0689;0.6273;64;True;2;duplicate_for_same_parent_sequence
32;1;32;2;normal;2;6d5ba9341898;swap;17;30;;;;;;;;;;;;True;False;False;True;;ok;16420.09450541966;15261.77640108135;15261.77640108135;15261.77640108135;201;15261.77640108135;1558.3947;1158.3181043383101;Evaluated;9.6849;0.6263;64;True;2;duplicate_for_same_parent_sequence
32;1;32;3;normal;2;6d5ba9341898;move;;;38;25;;;;;;;;;;True;False;False;True;;ok;15346.374539539838;15261.77640108135;15261.77640108135;15261.77640108135;202;15261.77640108135;1568.7023;84.59813845848839;Evaluated;9.6814;0.6256;64;True;2;duplicate_for_same_parent_sequence
32;1;32;4;normal;2;6d5ba9341898;move;;;50;42;;;;;;;;;;True;False;False;False;;ok;15262.199064859826;15261.77640108135;15261.77640108135;15261.77640108135;203;15261.77640108135;1575.2998;0.42266377847590775;Evaluated;5.9688;0.6271;64;True;1;
32;1;32;5;normal;2;6d5ba9341898;move;;;50;20;;;;;;;;;;True;False;False;True;;ok;16795.788885820162;15261.77640108135;15261.77640108135;15261.77640108135;204;15261.77640108135;1581.5579;1534.0124847388124;Evaluated;5.6307;0.6248;64;True;1;
32;1;32;;normal;3;;;;;;;;;;;;;;;;;;;;;End-of-iteration summary row;;;15261.77640108135;15261.77640108135;204;15261.77640108135;1581.5588;;IterationSummary;;;;;;
33;1;33;1;diversification;3;6d5ba9341898;move;;;10;25;;;;;;;;;;True;False;False;True;;ok;15276.206504578751;15261.77640108135;15261.77640108135;15261.77640108135;205;15261.77640108135;1588.3763;14.430103497401433;Evaluated;6.1866;0.6246;64;True;1;
33;1;33;2;diversification;3;6d5ba9341898;reinsert_block;;;;;;;25;30;18;;;;;True;False;False;False;;ok;16338.24061968763;15261.77640108135;15261.77640108135;15261.77640108135;206;15261.77640108135;1595.1141;1076.464218606281;Evaluated;6.1112;0.6258;64;True;1;
33;1;33;3;diversification;3;6d5ba9341898;swap;35;42;;;;;;;;;;;;True;False;False;False;;ok;15261.77640108135;15261.77640108135;15261.77640108135;15261.77640108135;207;15261.77640108135;1601.7676;0.0;Evaluated;6.0289;0.6228;64;True;1;
33;1;33;4;diversification;3;6d5ba9341898;move;;;50;28;;;;;;;;;;True;False;False;True;;ok;15263.48794586743;15261.77640108135;15261.77640108135;15261.77640108135;208;15261.77640108135;1608.0871;1.7115447860796849;Evaluated;5.671;0.6479;64;True;1;
33;1;33;5;diversification;3;6d5ba9341898;swap;3;7;;;;;;;;;;;;True;False;False;False;;ok;17269.930270621604;15261.77640108135;15261.77640108135;15261.77640108135;209;15261.77640108135;1618.3327;2008.1538695402542;Evaluated;9.6175;0.6271;64;True;2;duplicate_for_same_parent_sequence
33;1;33;6;diversification;3;6d5ba9341898;move;;;40;35;;;;;;;;;;True;False;False;False;;ok;15745.341552833936;15261.77640108135;15261.77640108135;15261.77640108135;210;15261.77640108135;1624.6882;483.56515175258573;Evaluated;5.7251;0.6277;64;True;1;
33;1;33;7;diversification;3;6d5ba9341898;move;;;25;40;;;;;;;;;;True;False;False;True;;ok;15738.624380094869;15261.77640108135;15261.77640108135;15261.77640108135;211;15261.77640108135;1631.3034;476.84797901351885;Evaluated;5.9838;0.6285;64;True;1;
33;1;33;8;diversification;3;6d5ba9341898;swap;17;38;;;;;;;;;;;;True;False;False;True;;ok;15346.24766396632;15261.77640108135;15261.77640108135;15261.77640108135;212;15261.77640108135;1644.8599;84.4712628849702;Evaluated;12.9282;0.625;64;True;3;duplicate_for_same_parent_sequence
33;1;33;9;diversification;3;6d5ba9341898;move;;;28;35;;;;;;;;;;True;False;False;False;;ok;16127.15105002467;15261.77640108135;15261.77640108135;15261.77640108135;213;15261.77640108135;1651.509;865.3746489433197;Evaluated;6.0199;0.626;64;True;1;
33;1;33;10;diversification;3;6d5ba9341898;move;;;50;45;;;;;;;;;;True;False;False;False;;ok;15253.834956927647;15261.77640108135;15261.77640108135;15261.77640108135;214;15261.77640108135;1657.8255;-7.941444153702832;EvaluatedImprovementDespiteDiversificationMismatch;5.6851;0.6273;64;True;1;
33;1;33;;diversification;0;;;;;;;;;;;;;;;;;;;;;End-of-iteration summary row;;;15253.834956927647;15253.834956927647;214;15253.834956927647;1657.8425;;IterationSummary;;;;;;
34;1;34;1;normal;0;bcfa67180792;move;;;10;25;;;;;;;;;;True;False;False;True;;ok;15268.265060425048;15253.834956927647;15253.834956927647;15253.834956927647;215;15253.834956927647;1664.5922;14.430103497401433;Evaluated;6.115;0.6282;64;True;1;
34;1;34;2;normal;0;bcfa67180792;swap;20;25;;;;;;;;;;;;True;False;False;False;;ok;16744.490135977227;15253.834956927647;15253.834956927647;15253.834956927647;216;15253.834956927647;1670.573;1490.6551790495796;Evaluated;5.3518;0.6263;64;True;1;
34;1;34;3;normal;0;bcfa67180792;reinsert_block;;;;;;;35;40;28;;;;;True;False;False;False;;ok;15827.32704376441;15253.834956927647;15253.834956927647;15253.834956927647;217;15253.834956927647;1677.2423;573.4920868367626;Evaluated;6.0414;0.6247;64;True;1;
34;1;34;4;normal;0;bcfa67180792;move;;;50;48;;;;;;;;;;True;False;False;False;;ok;15413.020156104458;15253.834956927647;15253.834956927647;15253.834956927647;218;15253.834956927647;1683.5414;159.18519917681078;Evaluated;5.6695;0.6289;64;True;1;
34;1;34;5;normal;0;bcfa67180792;move;;;20;35;;;;;;;;;;True;False;False;True;;ok;17122.92783876681;15253.834956927647;15253.834956927647;15253.834956927647;219;15253.834956927647;1689.7922;1869.0928818391621;Evaluated;5.6222;0.6257;64;True;1;
34;1;34;;normal;1;;;;;;;;;;;;;;;;;;;;;End-of-iteration summary row;;;15253.834956927647;15253.834956927647;219;15253.834956927647;1689.7952;;IterationSummary;;;;;;
35;1;35;1;normal;1;bcfa67180792;move;;;10;5;;;;;;;;;;True;False;False;False;;ok;17701.87740223885;15253.834956927647;15253.834956927647;15253.834956927647;220;15253.834956927647;1696.2058;2448.0424453112028;Evaluated;5.7728;0.6296;64;True;1;
35;1;35;2;normal;1;bcfa67180792;swap;17;38;;;;;;;;;;;;True;False;False;True;;ok;15341.487401931527;15253.834956927647;15253.834956927647;15253.834956927647;221;15253.834956927647;1706.2619;87.65244500387962;Evaluated;9.4282;0.625;64;True;2;duplicate_for_same_parent_sequence
35;1;35;3;normal;1;bcfa67180792;move;;;32;35;;;;;;;;;;True;False;False;False;;ok;15262.97694228052;15253.834956927647;15253.834956927647;15253.834956927647;222;15253.834956927647;1716.7539;9.141985352873235;Evaluated;9.8609;0.6281;64;True;2;duplicate_for_same_parent_sequence
35;1;35;4;normal;1;bcfa67180792;move;;;50;42;;;;;;;;;;True;False;False;False;;ok;15516.270817373446;15253.834956927647;15253.834956927647;15253.834956927647;223;15253.834956927647;1722.9706;262.43586044579934;Evaluated;5.5888;0.6273;64;True;1;
35;1;35;5;normal;1;bcfa67180792;move;;;40;35;;;;;;;;;;True;False;False;False;;ok;15755.909249729297;15253.834956927647;15253.834956927647;15253.834956927647;224;15253.834956927647;1729.1725;502.0742928016498;Evaluated;5.5718;0.6269;64;True;1;
35;1;35;;normal;2;;;;;;;;;;;;;;;;;;;;;End-of-iteration summary row;;;15253.834956927647;15253.834956927647;224;15253.834956927647;1729.1754;;IterationSummary;;;;;;
36;1;36;1;normal;2;bcfa67180792;move;;;8;12;;;;;;;;;;True;False;False;False;;ok;15253.834956927647;15253.834956927647;15253.834956927647;15253.834956927647;225;15253.834956927647;1739.3386;0.0;Evaluated;9.5167;0.6267;64;True;2;duplicate_for_same_parent_sequence
36;1;36;2;normal;2;bcfa67180792;swap;18;25;;;;;;;;;;;;True;False;False;False;;ok;15253.834956927647;15253.834956927647;15253.834956927647;15253.834956927647;226;15253.834956927647;1745.8623;0.0;Evaluated;5.894;0.6272;64;True;1;
36;1;36;3;normal;2;bcfa67180792;move;;;17;30;;;;;;;;;;True;False;False;True;;ok;15262.71094903105;15253.834956927647;15253.834956927647;15253.834956927647;227;15253.834956927647;1756.0348;8.875992103403405;Evaluated;9.5433;0.6262;64;True;2;duplicate_for_same_parent_sequence
36;1;36;4;normal;2;bcfa67180792;move;;;50;30;;;;;;;;;;True;False;False;True;;ok;15548.336602453193;15253.834956927647;15253.834956927647;15253.834956927647;228;15253.834956927647;1765.9006;294.50164552554634;Evaluated;9.2376;0.6275;64;True;2;duplicate_for_same_parent_sequence
36;1;36;5;normal;2;bcfa67180792;move;;;10;35;;;;;;;;;;True;False;False;True;;ok;15273.252244587089;15253.834956927647;15253.834956927647;15253.834956927647;229;15253.834956927647;1772.1515;19.41728765944208;Evaluated;5.6222;0.6256;64;True;1;
36;1;36;;normal;3;;;;;;;;;;;;;;;;;;;;;End-of-iteration summary row;;;15253.834956927647;15253.834956927647;229;15253.834956927647;1772.1542;;IterationSummary;;;;;;
37;1;37;1;diversification;3;bcfa67180792;move;;;8;25;;;;;;;;;;True;False;False;True;;ok;17385.825492471864;15253.834956927647;15253.834956927647;15253.834956927647;230;15253.834956927647;1782.5162;2131.990535544217;Evaluated;9.7256;0.6233;64;True;2;duplicate_for_same_parent_sequence
37;1;37;2;diversification;3;bcfa67180792;reinsert_block;;;;;;;20;25;10;;;;;True;False;False;True;;ok;16658.111837652403;15253.834956927647;15253.834956927647;15253.834956927647;231;15253.834956927647;1789.2287;1404.2768807247558;Evaluated;6.0866;0.6232;64;True;1;
37;1;37;3;diversification;3;bcfa67180792;swap;35;42;;;;;;;;;;;;True;False;False;False;;ok;15253.834956927647;15253.834956927647;15253.834956927647;15253.834956927647;232;15253.834956927647;1795.5793;0.0;Evaluated;5.726;0.6238;64;True;1;
37;1;37;4;diversification;3;bcfa67180792;move;;;61;38;;;;;;;;;;True;False;False;True;;ok;16666.0960694921;15253.834956927647;15253.834956927647;15253.834956927647;233;15253.834956927647;1805.3911;1412.2611125644544;Evaluated;9.1891;0.6216;64;True;2;duplicate_for_same_parent_sequence
37;1;37;5;diversification;3;bcfa67180792;move;;;20;45;;;;;;;;;;True;False;False;True;;ok;17111.12289218194;15253.834956927647;15253.834956927647;15253.834956927647;234;15253.834956927647;1811.7498;1857.2879352542914;Evaluated;5.7321;0.626;64;True;1;
37;1;37;6;diversification;3;bcfa67180792;move;;;17;20;;;;;;;;;;True;False;False;False;;ok;16351.647948007176;15253.834956927647;15253.834956927647;15253.834956927647;235;15253.834956927647;1821.8789;1097.8129910795287;Evaluated;9.502;0.6241;64;True;2;duplicate_for_same_parent_sequence
37;1;37;7;diversification;3;bcfa67180792;move;;;8;20;;;;;;;;;;True;False;False;True;;ok;17063.830857280263;15253.834956927647;15253.834956927647;15253.834956927647;236;15253.834956927647;1828.077;1809.9959003526164;Evaluated;5.5722;0.623;64;True;1;
37;1;37;8;diversification;3;bcfa67180792;move;;;8;15;;;;;;;;;;True;False;False;False;;ok;17499.10061550735;15253.834956927647;15253.834956927647;15253.834956927647;237;15253.834956927647;1834.324;2245.2656585797013;Evaluated;5.6244;0.6219;64;True;1;
37;1;37;9;diversification;3;bcfa67180792;move;;;28;35;;;;;;;;;;True;False;False;False;;ok;16117.591930832661;15253.834956927647;15253.834956927647;15253.834956927647;238;15253.834956927647;1840.3513;863.7569739050141;Evaluated;5.4039;0.6227;64;True;1;
37;1;37;10;diversification;3;bcfa67180792;move;;;45;30;;;;;;;;;;True;False;False;True;;ok;15263.48794586743;15253.834956927647;15253.834956927647;15253.834956927647;239;15253.834956927647;1846.5965;9.652988939782517;Evaluated;5.6185;0.6247;64;True;1;
37;1;37;;diversification;4;;;;;;;;;;;;;;;;;;;;;End-of-iteration summary row;;;15253.834956927647;15253.834956927647;239;15253.834956927647;1846.6;;IterationSummary;;;;;;
38;1;38;1;diversification;4;bcfa67180792;move;;;5;20;;;;;;;;;;True;False;False;True;;ok;15262.640694363306;15253.834956927647;15253.834956927647;15253.834956927647;240;15253.834956927647;1853.6554;8.805737435659466;Evaluated;6.4153;0.6265;64;True;1;
38;1;38;2;diversification;4;bcfa67180792;move;;;30;45;;;;;;;;;;True;False;False;True;;ok;15615.992311323562;15253.834956927647;15253.834956927647;15253.834956927647;241;15253.834956927647;1864.5449;362.1573543959148;Evaluated;10.261;0.6257;64;True;2;duplicate_for_same_parent_sequence
38;1;38;3;diversification;4;bcfa67180792;swap;40;50;;;;;;;;;;;;True;False;False;False;;ok;16865.324138486954;15253.834956927647;15253.834956927647;15253.834956927647;242;15253.834956927647;1870.5451;1611.4891815593073;Evaluated;5.3734;0.6241;64;True;1;
38;1;38;4;diversification;4;bcfa67180792;move;;;50;25;;;;;;;;;;True;False;False;True;;ok;15490.19789979287;15253.834956927647;15253.834956927647;15253.834956927647;243;15253.834956927647;1876.7778;236.36294286522389;Evaluated;5.6072;0.6248;64;True;1;
38;1;38;5;diversification;4;bcfa67180792;swap;3;6;;;;;;;;;;;;True;False;False;False;;ok;17236.61079343322;15253.834956927647;15253.834956927647;15253.834956927647;244;15253.834956927647;1886.8501;1982.7758365055743;Evaluated;9.4458;0.6234;64;True;2;duplicate_for_same_parent_sequence
38;1;38;6;diversification;4;bcfa67180792;move;;;48;10;;;;;;;;;;True;False;False;True;;ok;17766.58644911529;15253.834956927647;15253.834956927647;15253.834956927647;245;15253.834956927647;1896.9156;2512.7514921876427;Evaluated;9.4371;0.625;64;True;2;duplicate_for_same_parent_sequence
38;1;38;7;diversification;4;bcfa67180792;move;;;38;10;;;;;;;;;;True;False;False;True;;ok;15310.609244867635;15253.834956927647;15253.834956927647;15253.834956927647;246;15253.834956927647;1906.3075;56.774287939988426;Evaluated;8.7642;0.6251;64;True;2;duplicate_for_same_parent_sequence
38;1;38;8;diversification;4;bcfa67180792;move;;;17;8;;;;;;;;;;True;False;False;False;;ok;15726.362632773216;15253.834956927647;15253.834956927647;15253.834956927647;247;15253.834956927647;1916.2328;472.5276758455693;Evaluated;9.2975;0.6248;64;True;2;duplicate_for_same_parent_sequence
38;1;38;9;diversification;4;bcfa67180792;move;;;25;30;;;;;;;;;;True;False;False;False;;ok;16411.555852668913;15253.834956927647;15253.834956927647;15253.834956927647;248;15253.834956927647;1922.5535;1157.7208957412658;Evaluated;5.6918;0.6257;64;True;1;
38;1;38;10;diversification;4;bcfa67180792;move;;;50;38;;;;;;;;;;True;False;False;True;;ok;15516.270817373446;15253.834956927647;15253.834956927647;15253.834956927647;249;15253.834956927647;1932.5821;262.43586044579934;Evaluated;9.4007;0.6248;64;True;2;duplicate_for_same_parent_sequence
38;1;38;;diversification;5;;;;;;;;;;;;;;;;;;;;;End-of-iteration summary row;;;15253.834956927647;15253.834956927647;249;15253.834956927647;1932.5854;;IterationSummary;;;;;;
39;1;39;1;diversification;5;bcfa67180792;move;;;3;10;;;;;;;;;;True;False;False;False;;ok;17536.746854144505;15253.834956927647;15253.834956927647;15253.834956927647;250;15253.834956927647;1943.0411;2282.911897216858;Evaluated;9.8183;0.6225;64;True;2;duplicate_for_same_parent_sequence
39;1;39;2;diversification;5;bcfa67180792;reinsert_block;;;;;;;18;23;5;;;;;True;False;False;True;;ok;16337.006001467691;15253.834956927647;15253.834956927647;15253.834956927647;251;15253.834956927647;1957.6816;1083.171044540044;Evaluated;14.0131;0.6245;64;True;3;duplicate_for_same_parent_sequence
39;1;39;3;diversification;5;bcfa67180792;swap;35;40;;;;;;;;;;;;True;False;False;False;;ok;15841.11227706597;15253.834956927647;15253.834956927647;15253.834956927647;252;15253.834956927647;1963.9577;587.2773201383225;Evaluated;5.6476;0.6265;64;True;1;
39;1;39;4;diversification;5;bcfa67180792;move;;;48;55;;;;;;;;;;True;False;False;False;;ok;15413.020156104458;15253.834956927647;15253.834956927647;15253.834956927647;253;15253.834956927647;1970.3674;159.18519917681078;Evaluated;5.7789;0.6272;64;True;1;
39;1;39;5;diversification;5;bcfa67180792;move;;;15;20;;;;;;;;;;True;False;False;False;;ok;15260.409806978329;15253.834956927647;15253.834956927647;15253.834956927647;254;15253.834956927647;1976.7117;6.574850050681562;Evaluated;5.7176;0.6239;64;True;1;
39;1;39;6;diversification;5;bcfa67180792;move;;;40;25;;;;;;;;;;True;False;False;True;;ok;16210.914729516408;15253.834956927647;15253.834956927647;15253.834956927647;255;15253.834956927647;1983.1384;957.0797725887605;Evaluated;5.7989;0.6251;64;True;1;
39;1;39;7;diversification;5;bcfa67180792;move;;;20;35;;;;;;;;;;False;True;False;;;ok;;15253.834956927647;15253.834956927647;15253.834956927647;255;15253.834956927647;1996.1069;;DuplicateForSameParentSequenceAfterRetries;12.965;;;;3;duplicate_for_same_parent_sequence
39;1;39;8;diversification;5;bcfa67180792;move;;;20;30;;;;;;;;;;True;False;False;True;;ok;17100.708573072705;15253.834956927647;15253.834956927647;15253.834956927647;256;15253.834956927647;2006.2412;1846.873616145058;Evaluated;9.5073;0.626;64;True;2;duplicate_for_same_parent_sequence
39;1;39;9;diversification;5;bcfa67180792;move;;;25;40;;;;;;;;;;True;False;False;True;;ok;15740.735996029409;15253.834956927647;15253.834956927647;15253.834956927647;257;15253.834956927647;2020.1137;486.90103910176185;Evaluated;13.2481;0.6218;64;True;3;duplicate_for_same_parent_sequence
39;1;39;10;diversification;5;bcfa67180792;move;;;40;52;;;;;;;;;;True;False;False;True;;ok;16000.573280538925;15253.834956927647;15253.834956927647;15253.834956927647;258;15253.834956927647;2026.4752;746.7383236112782;Evaluated;5.7362;0.6245;64;True;1;
39;1;39;;diversification;6;;;;;;;;;;;;;;;;;;;;;End-of-iteration summary row;;;15253.834956927647;15253.834956927647;258;15253.834956927647;2026.4784;;IterationSummary;;;;;;
40;1;40;1;diversification;6;bcfa67180792;move;;;5;20;;;;;;;;;;False;True;True;;;ok;;15253.834956927647;15253.834956927647;15253.834956927647;258;15253.834956927647;2040.0471;;DuplicateForSameParentSequenceAfterRetries;13.554;;;;3;duplicate_for_same_parent_sequence
40;1;40;2;diversification;6;bcfa67180792;move;;;17;40;;;;;;;;;;True;False;False;True;;ok;15249.954389042257;15253.834956927647;15253.834956927647;15253.834956927647;259;15253.834956927647;2050.3294;-3.8805678853896097;Evaluated;9.6566;0.6247;64;True;2;duplicate_for_same_parent_sequence
40;1;40;3;diversification;6;bcfa67180792;swap;36;41;;;;;;;;;;;;True;False;False;False;;ok;15754.908063264449;15253.834956927647;15253.834956927647;15253.834956927647;260;15253.834956927647;2060.8803;501.0731063368021;Evaluated;9.9229;0.6245;64;True;2;duplicate_for_same_parent_sequence
40;1;40;4;diversification;6;bcfa67180792;move;;;48;52;;;;;;;;;;True;False;False;False;;ok;15619.711763924517;15253.834956927647;15253.834956927647;15253.834956927647;261;15253.834956927647;2070.9277;365.8768069968701;Evaluated;9.4228;0.6219;64;True;2;duplicate_for_same_parent_sequence
40;1;40;5;diversification;6;bcfa67180792;swap;10;15;;;;;;;;;;;;True;False;False;False;;ok;17243.221025128376;15253.834956927647;15253.834956927647;15253.834956927647;262;15253.834956927647;2080.9278;1989.386068200729;Evaluated;9.3759;0.6234;64;True;2;duplicate_for_same_parent_sequence
40;1;40;6;diversification;6;bcfa67180792;move;;;45;25;;;;;;;;;;True;False;False;True;;ok;15263.605007664728;15253.834956927647;15253.834956927647;15253.834956927647;263;15253.834956927647;2091.1679;9.770050737080965;Evaluated;9.6162;0.6232;64;True;2;duplicate_for_same_parent_sequence
40;1;40;7;diversification;6;bcfa67180792;move;;;17;25;;;;;;;;;;True;False;False;False;;ok;15249.861279552351;15253.834956927647;15253.834956927647;15253.834956927647;264;15253.834956927647;2101.1226;-3.973677375295665;EvaluatedImprovementDespiteDiversificationMismatch;9.3265;0.6254;64;True;2;duplicate_for_same_parent_sequence
40;1;40;8;diversification;6;bcfa67180792;move;;;25;10;;;;;;;;;;True;False;False;True;;ok;17238.138297791123;15253.834956927647;15253.834956927647;15253.834956927647;265;15253.834956927647;2107.7369;1984.3033408634765;Evaluated;5.9894;0.6221;64;True;1;
40;1;40;9;diversification;6;bcfa67180792;move;;;28;45;;;;;;;;;;True;False;False;True;;ok;16178.058774274485;15253.834956927647;15253.834956927647;15253.834956927647;266;15253.834956927647;2117.8814;924.2238173468377;Evaluated;9.516;0.6279;64;True;2;duplicate_for_same_parent_sequence
40;1;40;10;diversification;6;bcfa67180792;move;;;45;50;;;;;;;;;;True;False;False;False;;ok;15261.77640108135;15253.834956927647;15253.834956927647;15253.834956927647;267;15253.834956927647;2128.2014;7.941444153702832;Evaluated;9.6909;0.6265;64;True;2;duplicate_for_same_parent_sequence
40;1;40;;diversification;0;;;;;;;;;;;;;;;;;;;;;End-of-iteration summary row;;;15249.861279552351;15249.861279552351;267;15249.861279552351;2128.2121;;IterationSummary;;;;;;
41;1;41;1;normal;0;4799cac09a0a;move;;;10;25;;;;;;;;;;True;False;False;True;;ok;16359.803407516925;15249.861279552351;15249.861279552351;15249.861279552351;268;15249.861279552351;2135.0561;1109.942127964574;Evaluated;6.2119;0.6246;64;True;1;
41;1;41;2;normal;0;4799cac09a0a;swap;18;20;;;;;;;;;;;;True;False;False;False;;ok;16729.98430787482;15249.861279552351;15249.861279552351;15249.861279552351;269;15249.861279552351;2141.3868;1480.1230283224686;Evaluated;5.702;0.6257;64;True;1;
41;1;41;3;normal;0;4799cac09a0a;reinsert_block;;;;;;;35;40;28;;;;;True;False;False;False;;ok;15844.94599486626;15249.861279552351;15249.861279552351;15249.861279552351;270;15249.861279552351;2147.822;595.0847153139093;Evaluated;5.805;0.627;64;True;1;
41;1;41;4;normal;0;4799cac09a0a;move;;;50;35;;;;;;;;;;True;False;False;True;;ok;15897.86172072778;15249.861279552351;15249.861279552351;15249.861279552351;271;15249.861279552351;2154.0486;648.0004411754289;Evaluated;5.599;0.6251;64;True;1;
41;1;41;5;normal;0;4799cac09a0a;move;;;28;10;;;;;;;;;;True;False;False;True;;ok;17332.48579775175;15249.861279552351;15249.861279552351;15249.861279552351;272;15249.861279552351;2160.2316;2082.624518199398;Evaluated;5.5527;0.6274;64;True;1;
41;1;41;;normal;1;;;;;;;;;;;;;;;;;;;;;End-of-iteration summary row;;;15249.861279552351;15249.861279552351;272;15249.861279552351;2160.2349;;IterationSummary;;;;;;
42;1;42;1;normal;1;4799cac09a0a;move;;;8;15;;;;;;;;;;True;False;False;False;;ok;17048.15806365562;15249.861279552351;15249.861279552351;15249.861279552351;273;15249.861279552351;2170.868;1798.2967841032696;Evaluated;9.9973;0.6244;64;True;2;duplicate_for_same_parent_sequence
42;1;42;2;normal;1;4799cac09a0a;swap;20;25;;;;;;;;;;;;True;False;False;False;;ok;16581.51247613492;15249.861279552351;15249.861279552351;15249.861279552351;274;15249.861279552351;2177.1754;1331.6511965825703;Evaluated;5.6777;0.6266;64;True;1;
42;1;42;3;normal;1;4799cac09a0a;move;;;32;15;;;;;;;;;;True;False;False;True;;ok;15736.656151614876;15249.861279552351;15249.861279552351;15249.861279552351;275;15249.861279552351;2188.3551;486.7948720625245;Evaluated;10.5493;0.6271;64;True;2;duplicate_for_same_parent_sequence
42;1;42;4;normal;1;4799cac09a0a;move;;;50;28;;;;;;;;;;True;False;False;True;;ok;16867.413653959164;15249.861279552351;15249.861279552351;15249.861279552351;276;15249.861279552351;2194.5962;1617.5523744068123;Evaluated;5.6119;0.6261;64;True;1;
42;1;42;5;normal;1;4799cac09a0a;move;;;45;25;;;;;;;;;;True;False;False;True;;ok;16336.212911873905;15249.861279552351;15249.861279552351;15249.861279552351;277;15249.861279552351;2200.8057;1086.3516323215536;Evaluated;5.5788;0.6278;64;True;1;
42;1;42;;normal;2;;;;;;;;;;;;;;;;;;;;;End-of-iteration summary row;;;15249.861279552351;15249.861279552351;277;15249.861279552351;2200.8071;;IterationSummary;;;;;;
43;1;43;1;normal;2;4799cac09a0a;move;;;20;3;;;;;;;;;;True;False;False;True;;ok;16104.315749864661;15249.861279552351;15249.861279552351;15249.861279552351;278;15249.861279552351;2215.1972;854.4544703123101;Evaluated;13.7557;0.6276;64;True;3;duplicate_for_same_parent_sequence
43;1;43;2;normal;2;4799cac09a0a;swap;20;21;;;;;;;;;;;;True;False;False;False;;ok;16588.205428786587;15249.861279552351;15249.861279552351;15249.861279552351;279;15249.861279552351;2221.4213;1338.3441492342354;Evaluated;5.5937;0.6293;64;True;1;
43;1;43;3;normal;2;4799cac09a0a;move;;;37;18;;;;;;;;;;True;False;False;True;;ok;16247.657653824923;15249.861279552351;15249.861279552351;15249.861279552351;280;15249.861279552351;2231.8399;997.7963742725715;Evaluated;9.7895;0.626;64;True;2;duplicate_for_same_parent_sequence
43;1;43;4;normal;2;4799cac09a0a;move;;;18;25;;;;;;;;;;True;False;False;False;;ok;16855.411764307224;15249.861279552351;15249.861279552351;15249.861279552351;281;15249.861279552351;2241.8919;1605.5504847548727;Evaluated;9.4206;0.6283;64;True;2;duplicate_for_same_parent_sequence
43;1;43;5;normal;2;4799cac09a0a;move;;;28;40;;;;;;;;;;True;False;False;True;;ok;16146.402757690927;15249.861279552351;15249.861279552351;15249.861279552351;282;15249.861279552351;2251.8567;896.5414781385753;Evaluated;9.3347;0.6271;64;True;2;duplicate_for_same_parent_sequence
43;1;43;;normal;3;;;;;;;;;;;;;;;;;;;;;End-of-iteration summary row;;;15249.861279552351;15249.861279552351;282;15249.861279552351;2251.8592;;IterationSummary;;;;;;
44;1;44;1;diversification;3;4799cac09a0a;move;;;3;8;;;;;;;;;;True;False;False;False;;ok;16743.409816985273;15249.861279552351;15249.861279552351;15249.861279552351;283;15249.861279552351;2262.2743;1493.5485374329219;Evaluated;9.7743;0.6279;64;True;2;duplicate_for_same_parent_sequence
44;1;44;2;diversification;3;4799cac09a0a;reinsert_block;;;;;;;18;25;30;;;;;True;False;False;False;;ok;16887.757585817013;15249.861279552351;15249.861279552351;15249.861279552351;284;15249.861279552351;2269.0366;1637.8963062646617;Evaluated;6.1332;0.6251;64;True;1;
44;1;44;3;diversification;3;4799cac09a0a;swap;35;42;;;;;;;;;;;;True;False;False;False;;ok;15249.861279552351;15249.861279552351;15249.861279552351;15249.861279552351;285;15249.861279552351;2275.6701;0.0;Evaluated;6.0043;0.626;64;True;1;
44;1;44;4;diversification;3;4799cac09a0a;move;;;49;30;;;;;;;;;;True;False;False;True;;ok;16009.583703447406;15249.861279552351;15249.861279552351;15249.861279552351;286;15249.861279552351;2286.3302;759.7224238950548;Evaluated;10.0317;0.6251;64;True;2;duplicate_for_same_parent_sequence
44;1;44;5;diversification;3;4799cac09a0a;move;;;40;35;;;;;;;;;;True;False;False;False;;ok;15757.739978649266;15249.861279552351;15249.861279552351;15249.861279552351;287;15249.861279552351;2292.6533;507.8786990969147;Evaluated;5.691;0.6309;64;True;1;
44;1;44;6;diversification;3;4799cac09a0a;move;;;50;38;;;;;;;;;;True;False;False;True;;ok;15522.93013804026;15249.861279552351;15249.861279552351;15249.861279552351;288;15249.861279552351;2299.0087;273.0688584879081;Evaluated;5.7239;0.6285;64;True;1;
44;1;44;7;diversification;3;4799cac09a0a;move;;;45;28;;;;;;;;;;True;False;False;True;;ok;16336.212911873905;15249.861279552351;15249.861279552351;15249.861279552351;289;15249.861279552351;2305.3393;1086.3516323215536;Evaluated;5.7002;0.6275;64;True;1;
44;1;44;8;diversification;3;4799cac09a0a;move;;;25;30;;;;;;;;;;True;False;False;False;;ok;15262.71094903105;15249.861279552351;15249.861279552351;15249.861279552351;290;15249.861279552351;2315.2367;12.84966947869907;Evaluated;9.2665;0.6283;64;True;2;duplicate_for_same_parent_sequence
44;1;44;9;diversification;3;4799cac09a0a;move;;;28;15;;;;;;;;;;True;False;False;True;;ok;17468.318358607074;15249.861279552351;15249.861279552351;15249.861279552351;291;15249.861279552351;2325.1311;2218.4570790547223;Evaluated;9.2644;0.6269;64;True;2;duplicate_for_same_parent_sequence
44;1;44;10;diversification;3;4799cac09a0a;move;;;50;30;;;;;;;;;;True;False;False;True;;ok;15553.202965916307;15249.861279552351;15249.861279552351;15249.861279552351;292;15249.861279552351;2331.4191;303.3416863639559;Evaluated;5.6562;0.6288;64;True;1;
44;1;44;;diversification;4;;;;;;;;;;;;;;;;;;;;;End-of-iteration summary row;;;15249.861279552351;15249.861279552351;292;15249.861279552351;2331.4219;;IterationSummary;;;;;;
45;1;45;1;diversification;4;4799cac09a0a;move;;;10;25;;;;;;;;;;False;True;False;;;ok;;15249.861279552351;15249.861279552351;15249.861279552351;292;15249.861279552351;2344.7582;;DuplicateForSameParentSequenceAfterRetries;13.3228;;;;3;duplicate_for_same_parent_sequence
45;1;45;2;diversification;4;4799cac09a0a;move;;;17;4;;;;;;;;;;True;False;False;True;;ok;15767.867523921448;15249.861279552351;15249.861279552351;15249.861279552351;293;15249.861279552351;2355.1451;518.0062443690967;Evaluated;9.7575;0.6282;64;True;2;duplicate_for_same_parent_sequence
45;1;45;3;diversification;4;4799cac09a0a;swap;35;38;;;;;;;;;;;;True;False;False;False;;ok;15337.717186551901;15249.861279552351;15249.861279552351;15249.861279552351;294;15249.861279552351;2365.2294;87.85590699954992;Evaluated;9.4516;0.6294;64;True;2;duplicate_for_same_parent_sequence
45;1;45;4;diversification;4;4799cac09a0a;reinsert_block;;;;;;;49;52;30;;;;;True;False;False;True;;ok;16786.410314910794;15249.861279552351;15249.861279552351;15249.861279552351;295;15249.861279552351;2376.0127;1536.5490353584428;Evaluated;10.1536;0.627;64;True;2;duplicate_for_same_parent_sequence
45;1;45;5;diversification;4;4799cac09a0a;move;;;30;15;;;;;;;;;;True;False;False;True;;ok;15262.200818589963;15249.861279552351;15249.861279552351;15249.861279552351;296;15249.861279552351;2382.6801;12.339539037611758;Evaluated;6.037;0.6276;64;True;1;
45;1;45;6;diversification;4;4799cac09a0a;move;;;38;15;;;;;;;;;;True;False;False;True;;ok;15262.179036864889;15249.861279552351;15249.861279552351;15249.861279552351;297;15249.861279552351;2393.3593;12.317757312537651;Evaluated;10.0464;0.6291;64;True;2;invalid_move
45;1;45;7;diversification;4;4799cac09a0a;swap;30;40;;;;;;;;;;;;True;False;False;False;;ok;15952.829523396962;15249.861279552351;15249.861279552351;15249.861279552351;298;15249.861279552351;2403.3454;702.9682438446107;Evaluated;9.356;0.6269;64;True;2;duplicate_for_same_parent_sequence
45;1;45;8;diversification;4;4799cac09a0a;move;;;20;15;;;;;;;;;;True;False;False;False;;ok;17231.858798441695;15249.861279552351;15249.861279552351;15249.861279552351;299;15249.861279552351;2409.606;1981.997518889344;Evaluated;5.6322;0.6249;64;True;1;
45;1;45;9;diversification;4;4799cac09a0a;move;;;18;35;;;;;;;;;;True;False;False;True;;ok;15940.001146678913;15249.861279552351;15249.861279552351;15249.861279552351;300;15249.861279552351;2419.3645;690.1398671265615;Evaluated;9.1288;0.6289;64;True;2;duplicate_for_same_parent_sequence
45;1;45;10;diversification;4;4799cac09a0a;move;;;42;10;;;;;;;;;;True;False;False;True;;ok;16578.339342343766;15249.861279552351;15249.861279552351;15249.861279552351;301;15249.861279552351;2429.7978;1328.4780627914151;Evaluated;9.8006;0.6297;64;True;2;duplicate_for_same_parent_sequence
45;1;45;;diversification;5;;;;;;;;;;;;;;;;;;;;;End-of-iteration summary row;;;15249.861279552351;15249.861279552351;301;15249.861279552351;2429.799;;IterationSummary;;;;;;
46;1;46;1;diversification;5;4799cac09a0a;move;;;10;35;;;;;;;;;;True;False;False;True;;ok;15265.775180042878;15249.861279552351;15249.861279552351;15249.861279552351;302;15249.861279552351;2436.6699;15.91390049052643;Evaluated;6.237;0.6276;64;True;1;
46;1;46;2;diversification;5;4799cac09a0a;reinsert_block;;;;;;;18;24;35;;;;;True;False;False;True;;ok;15957.37026087774;15249.861279552351;15249.861279552351;15249.861279552351;303;15249.861279552351;2443.3785;707.508981325389;Evaluated;6.0754;0.6307;64;True;1;
46;1;46;3;diversification;5;4799cac09a0a;swap;38;45;;;;;;;;;;;;True;False;False;False;;ok;15608.897388531728;15249.861279552351;15249.861279552351;15249.861279552351;304;15249.861279552351;2454.0242;359.0361089793769;Evaluated;10.0177;0.6254;64;True;2;duplicate_for_same_parent_sequence
46;1;46;4;diversification;5;4799cac09a0a;move;;;48;10;;;;;;;;;;True;False;False;True;;ok;17310.704058363768;15249.861279552351;15249.861279552351;15249.861279552351;305;15249.861279552351;2464.3764;2060.842778811417;Evaluated;9.7223;0.6267;64;True;2;duplicate_for_same_parent_sequence
46;1;46;5;diversification;5;4799cac09a0a;move;;;25;10;;;;;;;;;;True;False;False;True;;ok;15355.781454150367;15249.861279552351;15249.861279552351;15249.861279552351;306;15249.861279552351;2470.7175;105.92017459801536;Evaluated;5.7085;0.6294;64;True;1;
46;1;46;6;diversification;5;4799cac09a0a;move;;;35;10;;;;;;;;;;True;False;False;True;;ok;16844.285015702764;15249.861279552351;15249.861279552351;15249.861279552351;307;15249.861279552351;2480.5609;1594.4237361504129;Evaluated;9.2131;0.6273;64;True;2;duplicate_for_same_parent_sequence
46;1;46;7;diversification;5;4799cac09a0a;move;;;18;30;;;;;;;;;;True;False;False;True;;ok;16393.876013059875;15249.861279552351;15249.861279552351;15249.861279552351;308;15249.861279552351;2486.8817;1144.0147335075235;Evaluated;5.6921;0.6257;64;True;1;
46;1;46;8;diversification;5;4799cac09a0a;move;;;20;30;;;;;;;;;;True;False;False;True;;ok;16136.75086640062;15249.861279552351;15249.861279552351;15249.861279552351;309;15249.861279552351;2496.766;886.8895868482687;Evaluated;9.2548;0.6273;64;True;2;duplicate_for_same_parent_sequence
46;1;46;9;diversification;5;4799cac09a0a;move;;;28;35;;;;;;;;;;True;False;False;False;;ok;16126.60596961586;15249.861279552351;15249.861279552351;15249.861279552351;310;15249.861279552351;2503.1121;876.7446900635096;Evaluated;5.7195;0.6237;64;True;1;
46;1;46;10;diversification;5;4799cac09a0a;move;;;45;50;;;;;;;;;;True;False;False;False;;ok;15267.377471023736;15249.861279552351;15249.861279552351;15249.861279552351;311;15249.861279552351;2509.4784;17.516191471384445;Evaluated;5.7372;0.6283;64;True;1;
46;1;46;;diversification;6;;;;;;;;;;;;;;;;;;;;;End-of-iteration summary row;;;15249.861279552351;15249.861279552351;311;15249.861279552351;2509.4824;;IterationSummary;;;;;;
47;1;47;1;diversification;6;4799cac09a0a;move;;;5;20;;;;;;;;;;True;False;False;True;;ok;16423.504581590347;15249.861279552351;15249.861279552351;15249.861279552351;312;15249.861279552351;2516.505;1173.6433020379955;Evaluated;6.3843;0.6287;64;True;1;
47;1;47;2;diversification;6;4799cac09a0a;move;;;7;20;;;;;;;;;;True;False;False;True;;ok;17029.207998261823;15249.861279552351;15249.861279552351;15249.861279552351;313;15249.861279552351;2526.8249;1779.346718709472;Evaluated;9.6924;0.6244;64;True;2;duplicate_for_same_parent_sequence
47;1;47;3;diversification;6;4799cac09a0a;swap;40;52;;;;;;;;;;;;True;False;False;True;;ok;15249.861279552351;15249.861279552351;15249.861279552351;15249.861279552351;314;15249.861279552351;2540.7957;0.0;Evaluated;13.3446;0.6255;64;True;3;duplicate_for_same_parent_sequence
47;1;47;4;diversification;6;4799cac09a0a;move;;;50;48;;;;;;;;;;True;False;False;False;;ok;15416.911041972035;15249.861279552351;15249.861279552351;15249.861279552351;315;15249.861279552351;2547.1337;167.04976241968325;Evaluated;5.7076;0.6286;64;True;1;
47;1;47;5;diversification;6;4799cac09a0a;move;;;25;40;;;;;;;;;;True;False;False;True;;ok;15249.954389042257;15249.861279552351;15249.861279552351;15249.861279552351;316;15249.861279552351;2561.0604;0.09310948990605539;Evaluated;13.2971;0.6263;64;True;3;duplicate_for_same_parent_sequence
47;1;47;6;diversification;6;4799cac09a0a;swap;35;40;;;;;;;;;;;;True;False;False;False;;ok;15842.943005746909;15249.861279552351;15249.861279552351;15249.861279552351;317;15249.861279552351;2575.0018;593.0817261945576;Evaluated;13.3079;0.6305;64;True;3;duplicate_for_same_parent_sequence
47;1;47;7;diversification;6;4799cac09a0a;move;;;30;40;;;;;;;;;;True;False;False;True;;ok;15397.183095530088;15249.861279552351;15249.861279552351;15249.861279552351;318;15249.861279552351;2585.2141;147.32181597773706;Evaluated;9.5833;0.6259;64;True;2;duplicate_for_same_parent_sequence
47;1;47;8;diversification;6;4799cac09a0a;move;;;8;20;;;;;;;;;;True;False;False;True;;ok;17034.96872069137;15249.861279552351;15249.861279552351;15249.861279552351;319;15249.861279552351;2595.1017;1785.1074411390182;Evaluated;9.2552;0.6297;64;True;2;duplicate_for_same_parent_sequence
47;1;47;9;diversification;6;4799cac09a0a;move;;;25;10;;;;;;;;;;False;True;False;;;ok;;15249.861279552351;15249.861279552351;15249.861279552351;319;15249.861279552351;2608.4864;;DuplicateForSameParentSequenceAfterRetries;13.3813;;;;3;duplicate_for_same_parent_sequence
47;1;47;10;diversification;6;4799cac09a0a;swap;45;50;;;;;;;;;;;;True;False;False;False;;ok;15249.861279552351;15249.861279552351;15249.861279552351;15249.861279552351;320;15249.861279552351;2614.8785;0.0;Evaluated;5.7629;0.6281;64;True;1;
47;1;47;;diversification;7;;;;;;;;;;;;;;;;;;;;;End-of-iteration summary row;;;15249.861279552351;15249.861279552351;320;15249.861279552351;2614.8814;;IterationSummary;;;;;;
48;1;48;1;diversification;7;4799cac09a0a;move;;;15;3;;;;;;;;;;True;False;False;True;;ok;16637.542572837003;15249.861279552351;15249.861279552351;15249.861279552351;321;15249.861279552351;2625.181;1387.6812932846515;Evaluated;9.6587;0.6277;64;True;2;duplicate_for_same_parent_sequence
48;1;48;2;diversification;7;4799cac09a0a;reinsert_block;;;;;;;18;23;5;;;;;True;False;False;True;;ok;16653.827089609076;15249.861279552351;15249.861279552351;15249.861279552351;322;15249.861279552351;2631.8328;1403.9658100567249;Evaluated;6.0217;0.6277;64;True;1;
48;1;48;3;diversification;7;4799cac09a0a;swap;38;47;;;;;;;;;;;;True;False;False;False;;ok;16060.209338390021;15249.861279552351;15249.861279552351;15249.861279552351;323;15249.861279552351;2641.5139;810.3480588376697;Evaluated;9.0523;0.6257;64;True;2;duplicate_for_same_parent_sequence
48;1;48;4;diversification;7;4799cac09a0a;move;;;52;30;;;;;;;;;;True;False;False;True;;ok;16538.798731321185;15249.861279552351;15249.861279552351;15249.861279552351;324;15249.861279552351;2651.8981;1288.9374517688339;Evaluated;9.7566;0.6248;64;True;2;duplicate_for_same_parent_sequence
48;1;48;5;diversification;7;4799cac09a0a;move;;;35;20;;;;;;;;;;True;False;False;True;;ok;16382.360524841828;15249.861279552351;15249.861279552351;15249.861279552351;325;15249.861279552351;2661.9653;1132.4992452894767;Evaluated;9.4399;0.6247;64;True;2;duplicate_for_same_parent_sequence
48;1;48;6;diversification;7;4799cac09a0a;move;;;20;35;;;;;;;;;;True;False;False;True;;ok;16148.341326571574;15249.861279552351;15249.861279552351;15249.861279552351;326;15249.861279552351;2668.2893;898.4800470192222;Evaluated;5.6962;0.6269;64;True;1;
48;1;48;7;diversification;7;4799cac09a0a;move;;;35;18;;;;;;;;;;True;False;False;True;;ok;16388.92787316746;15249.861279552351;15249.861279552351;15249.861279552351;327;15249.861279552351;2678.0419;1139.066593615109;Evaluated;9.1228;0.6271;64;True;2;duplicate_for_same_parent_sequence
48;1;48;8;diversification;7;4799cac09a0a;move;;;15;20;;;;;;;;;;True;False;False;False;;ok;16424.582318802255;15249.861279552351;15249.861279552351;15249.861279552351;328;15249.861279552351;2691.6358;1174.7210392499037;Evaluated;12.9657;0.6257;64;True;3;duplicate_for_same_parent_sequence
48;1;48;9;diversification;7;4799cac09a0a;move;;;15;25;;;;;;;;;;True;False;False;True;;ok;15258.109883974981;15249.861279552351;15249.861279552351;15249.861279552351;329;15249.861279552351;2702.0326;8.248604422629796;Evaluated;9.7679;0.6253;64;True;2;duplicate_for_same_parent_sequence
48;1;48;10;diversification;7;4799cac09a0a;move;;;45;30;;;;;;;;;;True;False;False;True;;ok;15268.354313560147;15249.861279552351;15249.861279552351;15249.861279552351;330;15249.861279552351;2715.8621;18.49303400779536;Evaluated;13.2011;0.6274;64;True;3;duplicate_for_same_parent_sequence
48;1;48;;diversification;8;;;;;;;;;;;;;;;;;;;;;End-of-iteration summary row;;;15249.861279552351;15249.861279552351;330;15249.861279552351;2715.865;;IterationSummary;;;;;;
49;1;49;1;diversification;8;4799cac09a0a;move;;;8;2;;;;;;;;;;True;False;False;False;;ok;17221.280559424376;15249.861279552351;15249.861279552351;15249.861279552351;331;15249.861279552351;2726.3711;1971.419279872025;Evaluated;9.8724;0.626;64;True;2;duplicate_for_same_parent_sequence
49;1;49;2;diversification;8;4799cac09a0a;reinsert_block;;;;;;;16;20;35;;;;;True;False;False;True;;ok;17436.223852063755;15249.861279552351;15249.861279552351;15249.861279552351;332;15249.861279552351;2733.0709;2186.3625725114034;Evaluated;6.0716;0.6273;64;True;1;
49;1;49;3;diversification;8;4799cac09a0a;swap;32;47;;;;;;;;;;;;True;False;False;True;;ok;16413.814381339416;15249.861279552351;15249.861279552351;15249.861279552351;333;15249.861279552351;2743.4988;1163.953101787065;Evaluated;9.797;0.6282;64;True;2;duplicate_for_same_parent_sequence
49;1;49;4;diversification;8;4799cac09a0a;move;;;50;49;;;;;;;;;;True;False;False;False;;ok;15260.39414593056;15249.861279552351;15249.861279552351;15249.861279552351;334;15249.861279552351;2749.5784;10.532866378209292;Evaluated;5.4497;0.6273;64;True;1;
49;1;49;5;diversification;8;4799cac09a0a;move;;;10;5;;;;;;;;;;True;False;False;False;;ok;17241.62027105273;15249.861279552351;15249.861279552351;15249.861279552351;335;15249.861279552351;2760.1081;1991.7589915003773;Evaluated;9.8993;0.6271;64;True;2;duplicate_for_same_parent_sequence
49;1;49;6;diversification;8;4799cac09a0a;move;;;52;40;;;;;;;;;;True;False;False;True;;ok;15875.157676428873;15249.861279552351;15249.861279552351;15249.861279552351;336;15249.861279552351;2766.424;625.2963968765216;Evaluated;5.6848;0.6281;64;True;1;
49;1;49;7;diversification;8;4799cac09a0a;move;;;10;3;;;;;;;;;;True;False;False;False;;ok;17243.202505208257;15249.861279552351;15249.861279552351;15249.861279552351;337;15249.861279552351;2776.394;1993.3412256559059;Evaluated;9.3381;0.6284;64;True;2;duplicate_for_same_parent_sequence
49;1;49;8;diversification;8;4799cac09a0a;move;;;30;8;;;;;;;;;;True;False;False;True;;ok;15729.566947521167;15249.861279552351;15249.861279552351;15249.861279552351;338;15249.861279552351;2786.6339;479.70566796881576;Evaluated;9.6078;0.6295;64;True;2;duplicate_for_same_parent_sequence
49;1;49;9;diversification;8;4799cac09a0a;move;;;35;25;;;;;;;;;;True;False;False;True;;ok;16388.90476225254;15249.861279552351;15249.861279552351;15249.861279552351;339;15249.861279552351;2800.2598;1139.0434827001882;Evaluated;12.9956;0.6269;64;True;3;duplicate_for_same_parent_sequence
49;1;49;10;diversification;8;4799cac09a0a;move;;;50;42;;;;;;;;;;True;False;False;False;;ok;15522.93013804026;15249.861279552351;15249.861279552351;15249.861279552351;340;15249.861279552351;2806.6366;273.0688584879081;Evaluated;5.7436;0.63;64;True;1;
49;1;49;;diversification;9;;;;;;;;;;;;;;;;;;;;;End-of-iteration summary row;;;15249.861279552351;15249.861279552351;340;15249.861279552351;2806.64;;IterationSummary;;;;;;
50;1;50;1;diversification;9;4799cac09a0a;move;;;5;10;;;;;;;;;;True;False;False;False;;ok;15250.154307002993;15249.861279552351;15249.861279552351;15249.861279552351;341;15249.861279552351;2820.3894;0.2930274506416026;Evaluated;13.1064;0.6265;64;True;3;duplicate_for_same_parent_sequence
50;1;50;2;diversification;9;4799cac09a0a;move;;;40;52;;;;;;;;;;True;False;False;True;;ok;16004.991751016432;15249.861279552351;15249.861279552351;15249.861279552351;342;15249.861279552351;2830.9005;755.130471464081;Evaluated;9.883;0.6274;64;True;2;duplicate_for_same_parent_sequence
50;1;50;3;diversification;9;4799cac09a0a;swap;32;47;;;;;;;;;;;;False;True;False;;;ok;;15249.861279552351;15249.861279552351;15249.861279552351;342;15249.861279552351;2844.4706;;DuplicateForSameParentSequenceAfterRetries;13.5673;;;;3;duplicate_for_same_parent_sequence
50;1;50;4;diversification;9;4799cac09a0a;move;;;48;20;;;;;;;;;;True;False;False;True;;ok;16860.515884723463;15249.861279552351;15249.861279552351;15249.861279552351;343;15249.861279552351;2858.2974;1610.654605171112;Evaluated;13.2006;0.6251;64;True;3;duplicate_for_same_parent_sequence
50;1;50;5;diversification;9;4799cac09a0a;swap;15;20;;;;;;;;;;;;True;False;False;False;;ok;17245.47738551258;15249.861279552351;15249.861279552351;15249.861279552351;344;15249.861279552351;2868.6341;1995.6161059602273;Evaluated;9.7071;0.6264;64;True;2;duplicate_for_same_parent_sequence
50;1;50;6;diversification;9;4799cac09a0a;swap;40;50;;;;;;;;;;;;True;False;False;False;;ok;16879.110035759295;15249.861279552351;15249.861279552351;15249.861279552351;345;15249.861279552351;2878.8847;1629.2487562069437;Evaluated;9.6196;0.6282;64;True;2;duplicate_for_same_parent_sequence
50;1;50;7;diversification;9;4799cac09a0a;move;;;40;50;;;;;;;;;;True;False;False;True;;ok;15941.276787864896;15249.861279552351;15249.861279552351;15249.861279552351;346;15249.861279552351;2888.8182;691.4155083125443;Evaluated;9.3035;0.6264;64;True;2;duplicate_for_same_parent_sequence
50;1;50;8;diversification;9;4799cac09a0a;swap;8;20;;;;;;;;;;;;True;False;False;True;;ok;17132.671683139994;15249.861279552351;15249.861279552351;15249.861279552351;347;15249.861279552351;2898.7078;1882.8104035876422;Evaluated;9.257;0.6292;64;True;2;duplicate_for_same_parent_sequence
50;1;50;9;diversification;9;4799cac09a0a;move;;;30;10;;;;;;;;;;True;False;False;True;;ok;15258.45349069795;15249.861279552351;15249.861279552351;15249.861279552351;348;15249.861279552351;2912.7559;8.592211145598412;Evaluated;13.4158;0.6297;64;True;3;duplicate_for_same_parent_sequence
50;1;50;10;diversification;9;4799cac09a0a;swap;42;49;;;;;;;;;;;;True;False;False;False;;ok;15354.223787089515;15249.861279552351;15249.861279552351;15249.861279552351;349;15249.861279552351;2922.7423;104.36250753716376;Evaluated;9.3577;0.6255;64;True;2;duplicate_for_same_parent_sequence
50;2;0;;diversification;0;;;;;;;;;;;;;;;;;;;;;End-of-iteration summary row;;;16625.423888583944;15249.861279552351;350;15249.861279552351;2923.3831;;IterationSummary;;;;;;
51;2;1;1;normal;0;0f63cf6f404e;move;;;14;2;;;;;;;;;;True;False;False;True;;ok;17730.749076565924;16625.423888583944;16625.423888583944;15249.861279552351;351;15249.861279552351;2929.7939;1105.32518798198;Evaluated;5.781;0.6237;64;True;1;
51;2;1;2;normal;0;0f63cf6f404e;swap;18;25;;;;;;;;;;;;True;False;False;False;;ok;17689.750254672133;16625.423888583944;16625.423888583944;15249.861279552351;352;15249.861279552351;2935.5947;1064.3263660881894;Evaluated;5.1729;0.6272;64;True;1;
51;2;1;3;normal;0;0f63cf6f404e;reinsert_block;;;;;;;35;40;12;;;;;True;False;False;True;;ok;17810.90659490179;16625.423888583944;16625.423888583944;15249.861279552351;353;15249.861279552351;2941.8295;1185.4827063178454;Evaluated;5.6066;0.6257;64;True;1;
51;2;1;4;normal;0;0f63cf6f404e;move;;;50;20;;;;;;;;;;True;False;False;True;;ok;17454.01956470652;16625.423888583944;16625.423888583944;15249.861279552351;354;15249.861279552351;2947.8248;828.5956761225752;Evaluated;5.3673;0.6274;64;True;1;
51;2;1;5;normal;0;0f63cf6f404e;move;;;25;30;;;;;;;;;;True;False;False;False;;ok;17074.2322113001;16625.423888583944;16625.423888583944;15249.861279552351;355;15249.861279552351;2953.6924;448.8083227161551;Evaluated;5.2375;0.6268;64;True;1;
51;2;1;;normal;1;;;;;;;;;;;;;;;;;;;;;End-of-iteration summary row;;;16625.423888583944;15249.861279552351;355;15249.861279552351;2953.6961;;IterationSummary;;;;;;
52;2;2;1;normal;1;0f63cf6f404e;move;;;10;5;;;;;;;;;;True;False;False;False;;ok;15632.208925194025;16625.423888583944;16625.423888583944;15249.861279552351;356;15249.861279552351;2959.822;-993.2149633899189;Evaluated;5.4875;0.6274;64;True;1;
52;2;2;2;normal;1;0f63cf6f404e;swap;16;30;;;;;;;;;;;;True;False;False;True;;ok;16604.5021075822;16625.423888583944;16625.423888583944;15249.861279552351;357;15249.861279552351;2969.8574;-20.92178100174351;Evaluated;9.4031;0.6287;64;True;2;duplicate_for_same_parent_sequence
52;2;2;3;normal;1;0f63cf6f404e;reinsert_block;;;;;;;40;45;12;;;;;True;False;False;True;;ok;18479.14080287893;16625.423888583944;16625.423888583944;15249.861279552351;358;15249.861279552351;2975.9476;1853.716914294986;Evaluated;5.4616;0.6257;64;True;1;
52;2;2;4;normal;1;0f63cf6f404e;move;;;56;48;;;;;;;;;;True;False;False;False;;ok;16622.344647438564;16625.423888583944;16625.423888583944;15249.861279552351;359;15249.861279552351;2981.8095;-3.079241145380365;Evaluated;5.2346;0.6265;64;True;1;
52;2;2;5;normal;1;0f63cf6f404e;move;;;40;20;;;;;;;;;;True;False;False;True;;ok;17093.075329845757;16625.423888583944;16625.423888583944;15249.861279552351;360;15249.861279552351;2987.7158;467.6514412618126;Evaluated;5.2772;0.6258;64;True;1;
52;2;2;;normal;0;;;;;;;;;;;;;;;;;;;;;End-of-iteration summary row;;;15632.208925194025;15249.861279552351;360;15249.861279552351;2987.7338;;IterationSummary;;;;;;
53;2;3;1;normal;0;457c4bc75f95;move;;;10;5;;;;;;;;;;True;False;False;False;;ok;18203.82111546928;15632.208925194025;15632.208925194025;15249.861279552351;361;15249.861279552351;2994.3429;2571.6121902752548;Evaluated;5.973;0.6287;64;True;1;
53;2;3;2;normal;0;457c4bc75f95;swap;20;25;;;;;;;;;;;;True;False;False;False;;ok;17741.899020227225;15632.208925194025;15632.208925194025;15249.861279552351;362;15249.861279552351;3000.8049;2109.6900950332;Evaluated;5.832;0.6269;64;True;1;
53;2;3;3;normal;0;457c4bc75f95;reinsert_block;;;;;;;35;40;12;;;;;True;False;False;True;;ok;17691.59046003281;15632.208925194025;15632.208925194025;15249.861279552351;363;15249.861279552351;3007.8858;2059.3815348387852;Evaluated;6.4492;0.6284;64;True;1;
53;2;3;4;normal;0;457c4bc75f95;move;;;50;48;;;;;;;;;;True;False;False;False;;ok;15645.659750200617;15632.208925194025;15632.208925194025;15249.861279552351;364;15249.861279552351;3014.1161;13.450825006591913;Evaluated;5.6009;0.6263;64;True;1;
53;2;3;5;normal;0;457c4bc75f95;move;;;25;30;;;;;;;;;;True;False;False;False;;ok;15622.955541699463;15632.208925194025;15632.208925194025;15249.861279552351;365;15249.861279552351;3020.2913;-9.253383494562513;Evaluated;5.5454;0.6276;64;True;1;
53;2;3;;normal;0;;;;;;;;;;;;;;;;;;;;;End-of-iteration summary row;;;15622.955541699463;15249.861279552351;365;15249.861279552351;3020.3047;;IterationSummary;;;;;;
54;2;4;1;normal;0;eabc22f81c95;move;;;10;5;;;;;;;;;;True;False;False;False;;ok;18203.917714002342;15622.955541699463;15622.955541699463;15249.861279552351;366;15249.861279552351;3026.915;2580.9621723028795;Evaluated;5.976;0.6276;64;True;1;
54;2;4;2;normal;0;eabc22f81c95;swap;17;20;;;;;;;;;;;;True;False;False;False;;ok;17223.914323448444;15622.955541699463;15622.955541699463;15249.861279552351;367;15249.861279552351;3033.2451;1600.958781748981;Evaluated;5.7006;0.626;64;True;1;
54;2;4;3;normal;0;eabc22f81c95;reinsert_block;;;;;;;35;40;12;;;;;True;False;False;True;;ok;17696.233863320907;15622.955541699463;15622.955541699463;15249.861279552351;368;15249.861279552351;3040.2953;2073.278321621445;Evaluated;6.4217;0.6254;64;True;1;
54;2;4;4;normal;0;eabc22f81c95;move;;;50;48;;;;;;;;;;True;False;False;False;;ok;15622.955541699463;15622.955541699463;15622.955541699463;15249.861279552351;369;15249.861279552351;3046.5198;0.0;Evaluated;5.5921;0.629;64;True;1;
54;2;4;5;normal;0;eabc22f81c95;move;;;15;20;;;;;;;;;;True;False;False;False;;ok;16886.61621684685;15622.955541699463;15622.955541699463;15249.861279552351;370;15249.861279552351;3052.6788;1263.6606751473882;Evaluated;5.5293;0.6266;64;True;1;
54;2;4;;normal;1;;;;;;;;;;;;;;;;;;;;;End-of-iteration summary row;;;15622.955541699463;15249.861279552351;370;15249.861279552351;3052.6816;;IterationSummary;;;;;;
55;2;5;1;normal;1;eabc22f81c95;move;;;8;3;;;;;;;;;;True;False;False;False;;ok;17895.93772484332;15622.955541699463;15622.955541699463;15249.861279552351;371;15249.861279552351;3062.8221;2272.9821831438567;Evaluated;9.5022;0.6247;64;True;2;duplicate_for_same_parent_sequence
55;2;5;2;normal;1;eabc22f81c95;swap;25;30;;;;;;;;;;;;True;False;False;False;;ok;16911.251541595833;15622.955541699463;15622.955541699463;15249.861279552351;372;15249.861279552351;3072.8103;1288.2959998963706;Evaluated;9.3597;0.6255;64;True;2;duplicate_for_same_parent_sequence
55;2;5;3;normal;1;eabc22f81c95;move;;;38;30;;;;;;;;;;True;False;False;False;;ok;18256.69494213219;15622.955541699463;15622.955541699463;15249.861279552351;373;15249.861279552351;3083.2793;2633.739400432729;Evaluated;9.8429;0.6254;64;True;2;duplicate_for_same_parent_sequence
55;2;5;4;normal;1;eabc22f81c95;move;;;49;52;;;;;;;;;;True;False;False;False;;ok;15622.955541699463;15622.955541699463;15622.955541699463;15249.861279552351;374;15249.861279552351;3089.5149;0.0;Evaluated;5.6047;0.6282;64;True;1;
55;2;5;5;normal;1;eabc22f81c95;move;;;25;30;;;;;;;;;;True;False;False;False;;ok;16899.5170136941;15622.955541699463;15622.955541699463;15249.861279552351;375;15249.861279552351;3095.8222;1276.5614719946389;Evaluated;5.6749;0.6297;64;True;1;
55;2;5;;normal;2;;;;;;;;;;;;;;;;;;;;;End-of-iteration summary row;;;15622.955541699463;15249.861279552351;375;15249.861279552351;3095.8255;;IterationSummary;;;;;;
56;2;6;1;normal;2;eabc22f81c95;move;;;7;3;;;;;;;;;;True;False;False;False;;ok;17896.726425277346;15622.955541699463;15622.955541699463;15249.861279552351;376;15249.861279552351;3105.622;2273.770883577883;Evaluated;9.1607;0.628;64;True;2;duplicate_for_same_parent_sequence
56;2;6;2;normal;2;eabc22f81c95;swap;18;20;;;;;;;;;;;;True;False;False;False;;ok;17280.833948662832;15622.955541699463;15622.955541699463;15249.861279552351;377;15249.861279552351;3111.9233;1657.8784069633693;Evaluated;5.6711;0.6276;64;True;1;
56;2;6;3;normal;2;eabc22f81c95;move;;;38;42;;;;;;;;;;True;False;False;False;;ok;15622.955541699463;15622.955541699463;15622.955541699463;15249.861279552351;378;15249.861279552351;3122.5027;0.0;Evaluated;9.9512;0.6256;64;True;2;duplicate_for_same_parent_sequence
56;2;6;4;normal;2;eabc22f81c95;move;;;39;31;;;;;;;;;;True;False;False;False;;ok;15622.955541699463;15622.955541699463;15622.955541699463;15249.861279552351;379;15249.861279552351;3132.1326;0.0;Evaluated;8.9997;0.6275;64;True;2;duplicate_for_same_parent_sequence
56;2;6;5;normal;2;eabc22f81c95;move;;;17;23;;;;;;;;;;True;False;False;False;;ok;15618.261462754272;15622.955541699463;15622.955541699463;15249.861279552351;380;15249.861279552351;3142.0706;-4.694078945190995;Evaluated;9.3103;0.6244;64;True;2;duplicate_for_same_parent_sequence
56;2;6;;normal;0;;;;;;;;;;;;;;;;;;;;;End-of-iteration summary row;;;15618.261462754272;15249.861279552351;380;15249.861279552351;3142.0764;;IterationSummary;;;;;;
57;2;7;1;normal;0;381d617b8752;move;;;5;2;;;;;;;;;;True;False;False;False;;ok;18255.2945486338;15618.261462754272;15618.261462754272;15249.861279552351;381;15249.861279552351;3148.9476;2637.033085879528;Evaluated;6.2371;0.6269;64;True;1;
57;2;7;2;normal;0;381d617b8752;swap;18;20;;;;;;;;;;;;True;False;False;False;;ok;17557.426730060593;15618.261462754272;15618.261462754272;15249.861279552351;382;15249.861279552351;3155.4817;1939.1652673063218;Evaluated;5.9053;0.6256;64;True;1;
57;2;7;3;normal;0;381d617b8752;reinsert_block;;;;;;;32;35;40;;;;;True;False;False;False;;ok;17157.987172952846;15618.261462754272;15618.261462754272;15249.861279552351;383;15249.861279552351;3162.0826;1539.7257101985742;Evaluated;5.9707;0.6272;64;True;1;
57;2;7;4;normal;0;381d617b8752;move;;;50;48;;;;;;;;;;True;False;False;False;;ok;15618.261462754272;15618.261462754272;15618.261462754272;15249.861279552351;384;15249.861279552351;3168.5851;0.0;Evaluated;5.8706;0.6289;64;True;1;
57;2;7;5;normal;0;381d617b8752;move;;;25;30;;;;;;;;;;True;False;False;False;;ok;16897.676723193446;15618.261462754272;15618.261462754272;15249.861279552351;385;15249.861279552351;3174.8232;1279.4152604391747;Evaluated;5.6083;0.6289;64;True;1;
57;2;7;;normal;1;;;;;;;;;;;;;;;;;;;;;End-of-iteration summary row;;;15618.261462754272;15249.861279552351;385;15249.861279552351;3174.8265;;IterationSummary;;;;;;
58;2;8;1;normal;1;381d617b8752;move;;;10;5;;;;;;;;;;True;False;False;False;;ok;18196.05195046842;15618.261462754272;15618.261462754272;15249.861279552351;386;15249.861279552351;3181.3358;2577.790487714148;Evaluated;5.8708;0.6274;64;True;1;
58;2;8;2;normal;1;381d617b8752;swap;25;30;;;;;;;;;;;;True;False;False;False;;ok;16902.344229664373;15618.261462754272;15618.261462754272;15249.861279552351;387;15249.861279552351;3191.2542;1284.0827669101018;Evaluated;9.2885;0.6269;64;True;2;duplicate_for_same_parent_sequence
58;2;8;3;normal;1;381d617b8752;reinsert_block;;;;;;;35;40;28;;;;;True;False;False;False;;ok;16985.911407555235;15618.261462754272;15618.261462754272;15249.861279552351;388;15249.861279552351;3197.8603;1367.6499448009636;Evaluated;5.9764;0.6268;64;True;1;
58;2;8;4;normal;1;381d617b8752;move;;;50;45;;;;;;;;;;True;False;False;False;;ok;15618.261462754272;15618.261462754272;15618.261462754272;15249.861279552351;389;15249.861279552351;3204.0678;0.0;Evaluated;5.5768;0.6278;64;True;1;
58;2;8;5;normal;1;381d617b8752;move;;;15;20;;;;;;;;;;True;False;False;False;;ok;15718.130193500298;15618.261462754272;15618.261462754272;15249.861279552351;390;15249.861279552351;3210.3517;99.8687307460259;Evaluated;5.6535;0.6273;64;True;1;
58;2;8;;normal;2;;;;;;;;;;;;;;;;;;;;;End-of-iteration summary row;;;15618.261462754272;15249.861279552351;390;15249.861279552351;3210.3541;;IterationSummary;;;;;;
59;2;9;1;normal;2;381d617b8752;move;;;8;3;;;;;;;;;;True;False;False;False;;ok;17906.176814102382;15618.261462754272;15618.261462754272;15249.861279552351;391;15249.861279552351;3220.5043;2287.9153513481106;Evaluated;9.5134;0.6258;64;True;2;duplicate_for_same_parent_sequence
59;2;9;2;normal;2;381d617b8752;swap;20;25;;;;;;;;;;;;True;False;False;False;;ok;17077.635610085326;15618.261462754272;15618.261462754272;15249.861279552351;392;15249.861279552351;3226.8321;1459.3741473310547;Evaluated;5.7001;0.6269;64;True;1;
59;2;9;3;normal;2;381d617b8752;move;;;17;10;;;;;;;;;;True;False;False;False;;ok;17741.44702352542;15618.261462754272;15618.261462754272;15249.861279552351;393;15249.861279552351;3237.1423;2123.1855607711477;Evaluated;9.6795;0.6279;64;True;2;duplicate_for_same_parent_sequence
59;2;9;4;normal;2;381d617b8752;swap;27;31;;;;;;;;;;;;True;False;False;False;;ok;15707.28800699301;15618.261462754272;15618.261462754272;15249.861279552351;394;15249.861279552351;3246.8485;89.026544238739;Evaluated;9.0771;0.626;64;True;2;duplicate_for_same_parent_sequence
59;2;9;5;normal;2;381d617b8752;swap;28;32;;;;;;;;;;;;True;False;False;False;;ok;16737.54405339541;15618.261462754272;15618.261462754272;15249.861279552351;395;15249.861279552351;3256.9497;1119.282590641138;Evaluated;9.4706;0.6273;64;True;2;duplicate_for_same_parent_sequence
59;2;9;;normal;3;;;;;;;;;;;;;;;;;;;;;End-of-iteration summary row;;;15618.261462754272;15249.861279552351;395;15249.861279552351;3256.9532;;IterationSummary;;;;;;
60;2;10;1;diversification;3;381d617b8752;move;;;15;20;;;;;;;;;;False;True;False;;;ok;;15618.261462754272;15618.261462754272;15249.861279552351;395;15249.861279552351;3270.2611;;DuplicateForSameParentSequenceAfterRetries;13.2963;;;;3;duplicate_for_same_parent_sequence
60;2;10;2;diversification;3;381d617b8752;reinsert_block;;;;;;;18;23;35;;;;;True;False;False;True;;ok;16988.860996182797;15618.261462754272;15618.261462754272;15249.861279552351;396;15249.861279552351;3276.8928;1370.5995334285253;Evaluated;6.0055;0.6251;64;True;1;
60;2;10;3;diversification;3;381d617b8752;swap;35;42;;;;;;;;;;;;True;False;False;False;;ok;15618.261462754272;15618.261462754272;15618.261462754272;15249.861279552351;397;15249.861279552351;3283.2385;0.0;Evaluated;5.7169;0.626;64;True;1;
60;2;10;4;diversification;3;381d617b8752;move;;;49;46;;;;;;;;;;True;False;False;False;;ok;15997.207152167966;15618.261462754272;15618.261462754272;15249.861279552351;398;15249.861279552351;3292.7867;378.9456894136947;Evaluated;8.9214;0.6261;64;True;2;duplicate_for_same_parent_sequence
60;2;10;5;diversification;3;381d617b8752;move;;;20;15;;;;;;;;;;True;False;False;False;;ok;18068.009378691957;15618.261462754272;15618.261462754272;15249.861279552351;399;15249.861279552351;3303.0751;2449.7479159376853;Evaluated;9.6604;0.6248;64;True;2;duplicate_for_same_parent_sequence
60;2;10;6;diversification;3;381d617b8752;move;;;40;35;;;;;;;;;;True;False;False;False;;ok;16816.797327605404;15618.261462754272;15618.261462754272;15249.861279552351;400;15249.861279552351;3309.1823;1198.535864851132;Evaluated;5.4765;0.6299;64;True;1;
60;2;10;7;diversification;3;381d617b8752;move;;;40;25;;;;;;;;;;True;False;False;True;;ok;17288.24359320879;15618.261462754272;15618.261462754272;15249.861279552351;401;15249.861279552351;3319.2477;1669.9821304545185;Evaluated;9.435;0.6274;64;True;2;duplicate_for_same_parent_sequence
60;2;10;8;diversification;3;381d617b8752;move;;;18;10;;;;;;;;;;True;False;False;False;;ok;17738.367640712033;15618.261462754272;15618.261462754272;15249.861279552351;402;15249.861279552351;3329.2671;2120.1061779577612;Evaluated;9.3906;0.626;64;True;2;duplicate_for_same_parent_sequence
60;2;10;9;diversification;3;381d617b8752;swap;24;30;;;;;;;;;;;;True;False;False;False;;ok;16371.392771935798;15618.261462754272;15618.261462754272;15249.861279552351;403;15249.861279552351;3339.7303;753.1313091815264;Evaluated;9.8309;0.6293;64;True;2;duplicate_for_same_parent_sequence
60;2;10;10;diversification;3;381d617b8752;move;;;45;50;;;;;;;;;;True;False;False;False;;ok;15698.654824199275;15618.261462754272;15618.261462754272;15249.861279552351;404;15249.861279552351;3346.0376;80.39336144500339;Evaluated;5.6769;0.6274;64;True;1;
60;2;10;;diversification;4;;;;;;;;;;;;;;;;;;;;;End-of-iteration summary row;;;15618.261462754272;15249.861279552351;404;15249.861279552351;3346.0384;;IterationSummary;;;;;;
61;2;11;1;diversification;4;381d617b8752;move;;;7;15;;;;;;;;;;True;False;False;False;;ok;17984.2528290372;15618.261462754272;15618.261462754272;15249.861279552351;405;15249.861279552351;3352.7782;2365.9913662829276;Evaluated;6.107;0.6275;64;True;1;
61;2;11;2;diversification;4;381d617b8752;move;;;20;25;;;;;;;;;;True;False;False;False;;ok;17076.6548714229;15618.261462754272;15618.261462754272;15249.861279552351;406;15249.861279552351;3363.4905;1458.3934086686277;Evaluated;10.0819;0.627;64;True;2;duplicate_for_same_parent_sequence
61;2;11;3;diversification;4;381d617b8752;swap;33;40;;;;;;;;;;;;True;False;False;False;;ok;15931.486530173528;15618.261462754272;15618.261462754272;15249.861279552351;407;15249.861279552351;3373.8427;313.22506741925645;Evaluated;9.7229;0.6264;64;True;2;duplicate_for_same_parent_sequence
61;2;11;4;diversification;4;381d617b8752;move;;;52;48;;;;;;;;;;True;False;False;False;;ok;15602.197968326664;15618.261462754272;15618.261462754272;15249.861279552351;408;15249.861279552351;3380.4774;-16.06349442760802;EvaluatedImprovementDespiteDiversificationMismatch;6.005;0.627;64;True;1;
61;2;11;5;diversification;4;381d617b8752;move;;;5;10;;;;;;;;;;True;False;False;False;;ok;17547.046230885157;15618.261462754272;15618.261462754272;15249.861279552351;409;15249.861279552351;3386.7783;1928.784768130885;Evaluated;5.6716;0.626;64;True;1;
61;2;11;6;diversification;4;381d617b8752;move;;;30;20;;;;;;;;;;True;False;False;True;;ok;16366.309579567167;15618.261462754272;15618.261462754272;15249.861279552351;410;15249.861279552351;3397.1295;748.0481168128954;Evaluated;9.7204;0.6265;64;True;2;duplicate_for_same_parent_sequence
61;2;11;7;diversification;4;381d617b8752;move;;;20;35;;;;;;;;;;True;False;False;True;;ok;17091.759437802764;15618.261462754272;15618.261462754272;15249.861279552351;411;15249.861279552351;3403.3751;1473.4979750484927;Evaluated;5.6167;0.6281;64;True;1;
61;2;11;8;diversification;4;381d617b8752;move;;;18;25;;;;;;;;;;True;False;False;False;;ok;17348.673825726593;15618.261462754272;15618.261462754272;15249.861279552351;412;15249.861279552351;3409.6155;1730.4123629723217;Evaluated;5.6119;0.6243;64;True;1;
61;2;11;9;diversification;4;381d617b8752;swap;24;39;;;;;;;;;;;;True;False;False;True;;ok;17224.154905190964;15618.261462754272;15618.261462754272;15249.861279552351;413;15249.861279552351;3419.6321;1605.8934424366926;Evaluated;9.3872;0.628;64;True;2;duplicate_for_same_parent_sequence
61;2;11;10;diversification;4;381d617b8752;swap;40;50;;;;;;;;;;;;True;False;False;False;;ok;15975.61412429194;15618.261462754272;15618.261462754272;15249.861279552351;414;15249.861279552351;3425.9973;357.3526615376686;Evaluated;5.7352;0.6265;64;True;1;
61;2;11;;diversification;0;;;;;;;;;;;;;;;;;;;;;End-of-iteration summary row;;;15602.197968326664;15249.861279552351;414;15249.861279552351;3426.0173;;IterationSummary;;;;;;
62;2;12;1;normal;0;a11ba1072f62;move;;;7;15;;;;;;;;;;True;False;False;False;;ok;18205.675091680434;15602.197968326664;15602.197968326664;15249.861279552351;415;15249.861279552351;3432.7555;2603.4771233537704;Evaluated;6.1023;0.6271;64;True;1;
62;2;12;2;normal;0;a11ba1072f62;swap;18;25;;;;;;;;;;;;True;False;False;False;;ok;15602.197968326664;15602.197968326664;15602.197968326664;15249.861279552351;416;15249.861279552351;3439.2474;0.0;Evaluated;5.8598;0.6283;64;True;1;
62;2;12;3;normal;0;a11ba1072f62;reinsert_block;;;;;;;35;40;25;;;;;True;False;False;True;;ok;16582.29829941067;15602.197968326664;15602.197968326664;15249.861279552351;417;15249.861279552351;3445.9621;980.1003310840078;Evaluated;6.0832;0.6288;64;True;1;
62;2;12;4;normal;0;a11ba1072f62;move;;;50;48;;;;;;;;;;True;False;False;False;;ok;15397.413508218446;15602.197968326664;15602.197968326664;15249.861279552351;418;15249.861279552351;3452.1782;-204.7844601082179;Evaluated;5.5851;0.6276;64;True;1;
62;2;12;5;normal;0;a11ba1072f62;move;;;40;35;;;;;;;;;;True;False;False;False;;ok;17050.799385430826;15602.197968326664;15602.197968326664;15249.861279552351;419;15249.861279552351;3458.3635;1448.6014171041625;Evaluated;5.5538;0.628;64;True;1;
62;2;12;;normal;0;;;;;;;;;;;;;;;;;;;;;End-of-iteration summary row;;;15397.413508218446;15249.861279552351;419;15249.861279552351;3458.3824;;IterationSummary;;;;;;
63;2;13;1;normal;0;3e73c0b9c8b0;move;;;10;5;;;;;;;;;;True;False;False;False;;ok;18298.47908434195;15397.413508218446;15397.413508218446;15249.861279552351;420;15249.861279552351;3464.895;2901.065576123505;Evaluated;5.8802;0.6267;64;True;1;
63;2;13;2;normal;0;3e73c0b9c8b0;swap;20;25;;;;;;;;;;;;True;False;False;False;;ok;17177.683516948207;15397.413508218446;15397.413508218446;15249.861279552351;421;15249.861279552351;3471.433;1780.2700087297617;Evaluated;5.9046;0.63;64;True;1;
63;2;13;3;normal;0;3e73c0b9c8b0;reinsert_block;;;;;;;35;40;25;;;;;True;False;False;True;;ok;16976.248916729724;15397.413508218446;15397.413508218446;15249.861279552351;422;15249.861279552351;3478.1101;1578.8354085112787;Evaluated;6.0485;0.6258;64;True;1;
63;2;13;4;normal;0;3e73c0b9c8b0;move;;;58;60;;;;;;;;;;True;False;False;False;;ok;15406.898577575013;15397.413508218446;15397.413508218446;15249.861279552351;423;15249.861279552351;3484.3285;9.485069356567692;Evaluated;5.5862;0.6291;64;True;1;
63;2;13;5;normal;0;3e73c0b9c8b0;move;;;40;35;;;;;;;;;;True;False;False;False;;ok;16789.89460117823;15397.413508218446;15397.413508218446;15249.861279552351;424;15249.861279552351;3490.4875;1392.4810929597825;Evaluated;5.5308;0.6248;64;True;1;
63;2;13;;normal;1;;;;;;;;;;;;;;;;;;;;;End-of-iteration summary row;;;15397.413508218446;15249.861279552351;424;15249.861279552351;3490.4881;;IterationSummary;;;;;;
64;2;14;1;normal;1;3e73c0b9c8b0;move;;;7;15;;;;;;;;;;True;False;False;False;;ok;18086.672441304418;15397.413508218446;15397.413508218446;15249.861279552351;425;15249.861279552351;3497.052;2689.258933085972;Evaluated;5.9309;0.6268;64;True;1;
64;2;14;2;normal;1;3e73c0b9c8b0;swap;18;30;;;;;;;;;;;;True;False;False;True;;ok;16990.47245985461;15397.413508218446;15397.413508218446;15249.861279552351;426;15249.861279552351;3506.9949;1593.0589516361633;Evaluated;9.3142;0.6252;64;True;2;duplicate_for_same_parent_sequence
64;2;14;3;normal;1;3e73c0b9c8b0;move;;;38;33;;;;;;;;;;True;False;False;False;;ok;17710.6146215849;15397.413508218446;15397.413508218446;15249.861279552351;427;15249.861279552351;3517.8265;2313.2011133664546;Evaluated;10.1992;0.629;64;True;2;duplicate_for_same_parent_sequence
64;2;14;4;normal;1;3e73c0b9c8b0;move;;;50;48;;;;;;;;;;True;False;False;False;;ok;15598.021549034294;15397.413508218446;15397.413508218446;15249.861279552351;428;15249.861279552351;3524.1108;200.60804081584865;Evaluated;5.6574;0.6235;64;True;1;
64;2;14;5;normal;1;3e73c0b9c8b0;move;;;30;25;;;;;;;;;;True;False;False;False;;ok;17387.992336259413;15397.413508218446;15397.413508218446;15249.861279552351;429;15249.861279552351;3534.2274;1990.578828040967;Evaluated;9.4939;0.6221;64;True;2;duplicate_for_same_parent_sequence
64;2;14;;normal;2;;;;;;;;;;;;;;;;;;;;;End-of-iteration summary row;;;15397.413508218446;15249.861279552351;429;15249.861279552351;3534.2282;;IterationSummary;;;;;;
65;2;15;1;normal;2;3e73c0b9c8b0;move;;;8;3;;;;;;;;;;True;False;False;False;;ok;18005.848135108205;15397.413508218446;15397.413508218446;15249.861279552351;430;15249.861279552351;3544.446;2608.434626889759;Evaluated;9.5845;0.628;64;True;2;duplicate_for_same_parent_sequence
65;2;15;2;normal;2;3e73c0b9c8b0;swap;17;25;;;;;;;;;;;;True;False;False;False;;ok;15397.413508218446;15397.413508218446;15397.413508218446;15249.861279552351;431;15249.861279552351;3550.6962;0.0;Evaluated;5.6189;0.6286;64;True;1;
65;2;15;3;normal;2;3e73c0b9c8b0;move;;;45;38;;;;;;;;;;True;False;False;False;;ok;16577.134509842934;15397.413508218446;15397.413508218446;15249.861279552351;432;15249.861279552351;3561.55;1179.721001624488;Evaluated;10.2249;0.626;64;True;2;duplicate_for_same_parent_sequence
65;2;15;4;normal;2;3e73c0b9c8b0;move;;;52;49;;;;;;;;;;True;False;False;False;;ok;15564.539682580687;15397.413508218446;15397.413508218446;15249.861279552351;433;15249.861279552351;3567.8897;167.12617436224173;Evaluated;5.7127;0.6262;64;True;1;
65;2;15;5;normal;2;3e73c0b9c8b0;move;;;42;35;;;;;;;;;;True;False;False;False;;ok;16234.657446509875;15397.413508218446;15397.413508218446;15249.861279552351;434;15249.861279552351;3574.0996;837.243938291429;Evaluated;5.5788;0.628;64;True;1;
65;2;15;;normal;3;;;;;;;;;;;;;;;;;;;;;End-of-iteration summary row;;;15397.413508218446;15249.861279552351;434;15249.861279552351;3574.1028;;IterationSummary;;;;;;
66;2;16;1;diversification;3;3e73c0b9c8b0;move;;;20;8;;;;;;;;;;True;False;False;True;;ok;18002.33310115022;15397.413508218446;15397.413508218446;15249.861279552351;435;15249.861279552351;3584.4558;2604.919592931774;Evaluated;9.7159;0.6267;64;True;2;duplicate_for_same_parent_sequence
66;2;16;2;diversification;3;3e73c0b9c8b0;reinsert_block;;;;;;;18;25;32;;;;;True;False;False;False;;ok;17083.742824310077;15397.413508218446;15397.413508218446;15249.861279552351;436;15249.861279552351;3591.1681;1686.329316091631;Evaluated;6.0804;0.6281;64;True;1;
66;2;16;3;diversification;3;3e73c0b9c8b0;swap;35;42;;;;;;;;;;;;True;False;False;False;;ok;15403.553243561728;15397.413508218446;15397.413508218446;15249.861279552351;437;15249.861279552351;3597.5791;6.139735343282155;Evaluated;5.7777;0.6305;64;True;1;
66;2;16;4;diversification;3;3e73c0b9c8b0;reinsert_block;;;;;;;52;56;39;;;;;True;False;False;True;;ok;16906.8441576713;15397.413508218446;15397.413508218446;15249.861279552351;438;15249.861279552351;3608.0964;1509.4306494528555;Evaluated;9.8894;0.6248;64;True;2;duplicate_for_same_parent_sequence
66;2;16;5;diversification;3;3e73c0b9c8b0;move;;;20;15;;;;;;;;;;True;False;False;False;;ok;18167.7435640191;15397.413508218446;15397.413508218446;15249.861279552351;439;15249.861279552351;3621.705;2770.330055800654;Evaluated;12.9784;0.6295;64;True;3;duplicate_for_same_parent_sequence
66;2;16;6;diversification;3;3e73c0b9c8b0;move;;;50;42;;;;;;;;;;True;False;False;False;;ok;16934.437922721347;15397.413508218446;15397.413508218446;15249.861279552351;440;15249.861279552351;3628.1;1537.024414502901;Evaluated;5.7634;0.6277;64;True;1;
66;2;16;7;diversification;3;3e73c0b9c8b0;move;;;30;20;;;;;;;;;;True;False;False;True;;ok;16324.810565256315;15397.413508218446;15397.413508218446;15249.861279552351;441;15249.861279552351;3638.3818;927.3970570378697;Evaluated;9.6526;0.6257;64;True;2;duplicate_for_same_parent_sequence
66;2;16;8;diversification;3;3e73c0b9c8b0;move;;;20;15;;;;;;;;;;False;True;False;;;ok;;15397.413508218446;15397.413508218446;15249.861279552351;441;15249.861279552351;3652.2411;;DuplicateForSameParentSequenceAfterRetries;13.8564;;;;3;duplicate_for_same_parent_sequence
66;2;16;9;diversification;3;3e73c0b9c8b0;move;;;25;30;;;;;;;;;;True;False;False;False;;ok;17019.567031171413;15397.413508218446;15397.413508218446;15249.861279552351;442;15249.861279552351;3658.4819;1622.1535229529673;Evaluated;5.6143;0.6254;64;True;1;
66;2;16;10;diversification;3;3e73c0b9c8b0;move;;;49;52;;;;;;;;;;True;False;False;False;;ok;15618.736268680424;15397.413508218446;15397.413508218446;15249.861279552351;443;15249.861279552351;3664.7203;221.32276046197876;Evaluated;5.6089;0.6265;64;True;1;
66;2;16;;diversification;4;;;;;;;;;;;;;;;;;;;;;End-of-iteration summary row;;;15397.413508218446;15249.861279552351;443;15249.861279552351;3664.7233;;IterationSummary;;;;;;
67;2;17;1;diversification;4;3e73c0b9c8b0;move;;;8;20;;;;;;;;;;True;False;False;True;;ok;15497.436141488952;15397.413508218446;15397.413508218446;15249.861279552351;444;15249.861279552351;3674.9688;100.02263327050605;Evaluated;9.6066;0.6274;64;True;2;duplicate_for_same_parent_sequence
67;2;17;2;diversification;4;3e73c0b9c8b0;move;;;27;40;;;;;;;;;;True;False;False;True;;ok;17275.23762592188;15397.413508218446;15397.413508218446;15249.861279552351;445;15249.861279552351;3685.4547;1877.8241177034342;Evaluated;9.8563;0.6266;64;True;2;duplicate_for_same_parent_sequence
67;2;17;3;diversification;4;3e73c0b9c8b0;swap;34;41;;;;;;;;;;;;True;False;False;False;;ok;17110.91136635902;15397.413508218446;15397.413508218446;15249.861279552351;446;15249.861279552351;3691.7297;1713.4978581405758;Evaluated;5.6477;0.6251;64;True;1;
67;2;17;4;diversification;4;3e73c0b9c8b0;move;;;52;39;;;;;;;;;;True;False;False;True;;ok;15803.916841526665;15397.413508218446;15397.413508218446;15249.861279552351;447;15249.861279552351;3702.1037;406.5033333082192;Evaluated;9.7437;0.6268;64;True;2;duplicate_for_same_parent_sequence
67;2;17;5;diversification;4;3e73c0b9c8b0;swap;2;3;;;;;;;;;;;;True;False;False;False;;ok;17244.771877413223;15397.413508218446;15397.413508218446;15249.861279552351;448;15249.861279552351;3712.1814;1847.358369194777;Evaluated;9.445;0.6295;64;True;2;duplicate_for_same_parent_sequence
67;2;17;6;diversification;4;3e73c0b9c8b0;move;;;35;25;;;;;;;;;;True;False;False;True;;ok;16823.601327068976;15397.413508218446;15397.413508218446;15249.861279552351;449;15249.861279552351;3722.3403;1426.1878188505307;Evaluated;9.5285;0.6273;64;True;2;duplicate_for_same_parent_sequence
67;2;17;7;diversification;4;3e73c0b9c8b0;move;;;45;30;;;;;;;;;;True;False;False;True;;ok;17709.638223243168;15397.413508218446;15397.413508218446;15249.861279552351;450;15249.861279552351;3728.6358;2312.224715024722;Evaluated;5.6665;0.6255;64;True;1;
67;2;17;8;diversification;4;3e73c0b9c8b0;move;;;27;18;;;;;;;;;;True;False;False;False;;ok;17432.700160211192;15397.413508218446;15397.413508218446;15249.861279552351;451;15249.861279552351;3734.9038;2035.2866519927466;Evaluated;5.6372;0.6276;64;True;1;
67;2;17;9;diversification;4;3e73c0b9c8b0;move;;;27;35;;;;;;;;;;True;False;False;False;;ok;17276.864410875365;15397.413508218446;15397.413508218446;15249.861279552351;452;15249.861279552351;3741.5418;1879.4509026569194;Evaluated;6.0094;0.6254;64;True;1;
67;2;17;10;diversification;4;3e73c0b9c8b0;move;;;49;42;;;;;;;;;;True;False;False;False;;ok;16551.348289067973;15397.413508218446;15397.413508218446;15249.861279552351;453;15249.861279552351;3751.5006;1153.9347808495277;Evaluated;9.3276;0.6282;64;True;2;duplicate_for_same_parent_sequence
67;2;17;;diversification;5;;;;;;;;;;;;;;;;;;;;;End-of-iteration summary row;;;15397.413508218446;15249.861279552351;453;15249.861279552351;3751.5034;;IterationSummary;;;;;;
68;2;18;1;diversification;5;3e73c0b9c8b0;move;;;10;25;;;;;;;;;;True;False;False;True;;ok;16941.71065708053;15397.413508218446;15397.413508218446;15249.861279552351;454;15249.861279552351;3758.356;1544.2971488620842;Evaluated;6.2129;0.6233;64;True;1;
68;2;18;2;diversification;5;3e73c0b9c8b0;reinsert_block;;;;;;;17;24;35;;;;;True;False;False;True;;ok;16481.500735607075;15397.413508218446;15397.413508218446;15249.861279552351;455;15249.861279552351;3765.133;1084.087227388629;Evaluated;6.1479;0.6283;64;True;1;
68;2;18;3;diversification;5;3e73c0b9c8b0;swap;34;42;;;;;;;;;;;;True;False;False;False;;ok;15397.413508218446;15397.413508218446;15397.413508218446;15249.861279552351;456;15249.861279552351;3771.4425;0.0;Evaluated;5.6828;0.6258;64;True;1;
68;2;18;4;diversification;5;3e73c0b9c8b0;reinsert_block;;;;;;;52;63;15;;;;;True;False;False;True;;ok;15926.08847522505;15397.413508218446;15397.413508218446;15249.861279552351;457;15249.861279552351;3782.2546;528.6749670066038;Evaluated;10.1836;0.6257;64;True;2;duplicate_for_same_parent_sequence
68;2;18;5;diversification;5;3e73c0b9c8b0;move;;;15;4;;;;;;;;;;True;False;False;True;;ok;18004.06295253074;15397.413508218446;15397.413508218446;15249.861279552351;458;15249.861279552351;3792.2197;2606.6494443122956;Evaluated;9.337;0.627;64;True;2;duplicate_for_same_parent_sequence
68;2;18;6;diversification;5;3e73c0b9c8b0;move;;;40;50;;;;;;;;;;True;False;False;True;;ok;15610.47725352025;15397.413508218446;15397.413508218446;15249.861279552351;459;15249.861279552351;3798.4875;213.06374530180437;Evaluated;5.6355;0.6298;64;True;1;
68;2;18;7;diversification;5;3e73c0b9c8b0;move;;;40;15;;;;;;;;;;True;False;False;True;;ok;15621.365250693796;15397.413508218446;15397.413508218446;15249.861279552351;460;15249.861279552351;3808.5365;223.95174247535033;Evaluated;9.4169;0.6294;64;True;2;duplicate_for_same_parent_sequence
68;2;18;8;diversification;5;3e73c0b9c8b0;move;;;23;10;;;;;;;;;;True;False;False;True;;ok;16933.74866046884;15397.413508218446;15397.413508218446;15249.861279552351;461;15249.861279552351;3814.8552;1536.3351522503926;Evaluated;5.688;0.6281;64;True;1;
68;2;18;9;diversification;5;3e73c0b9c8b0;move;;;18;24;;;;;;;;;;True;False;False;False;;ok;17451.322920640687;15397.413508218446;15397.413508218446;15249.861279552351;462;15249.861279552351;3824.8919;2053.909412422241;Evaluated;9.4095;0.6246;64;True;2;duplicate_for_same_parent_sequence
68;2;18;10;diversification;5;3e73c0b9c8b0;move;;;52;48;;;;;;;;;;True;False;False;False;;ok;15564.539682580687;15397.413508218446;15397.413508218446;15249.861279552351;463;15249.861279552351;3835.2132;167.12617436224173;Evaluated;9.6957;0.625;64;True;2;duplicate_for_same_parent_sequence
68;2;18;;diversification;6;;;;;;;;;;;;;;;;;;;;;End-of-iteration summary row;;;15397.413508218446;15249.861279552351;463;15249.861279552351;3835.2139;;IterationSummary;;;;;;
69;2;19;1;diversification;6;3e73c0b9c8b0;move;;;1;20;;;;;;;;;;True;False;False;True;;ok;16647.54207891862;15397.413508218446;15397.413508218446;15249.861279552351;464;15249.861279552351;3842.0701;1250.1285707001753;Evaluated;6.2238;0.6274;64;True;1;
69;2;19;2;diversification;6;3e73c0b9c8b0;move;;;30;10;;;;;;;;;;True;False;False;True;;ok;16312.99316510006;15397.413508218446;15397.413508218446;15249.861279552351;465;15249.861279552351;3852.9525;915.5796568816149;Evaluated;10.2544;0.6263;64;True;2;duplicate_for_same_parent_sequence
69;2;19;3;diversification;6;3e73c0b9c8b0;swap;36;40;;;;;;;;;;;;True;False;False;False;;ok;16388.561996541663;15397.413508218446;15397.413508218446;15249.861279552351;466;15249.861279552351;3863.2309;991.148488323217;Evaluated;9.649;0.6267;64;True;2;duplicate_for_same_parent_sequence
69;2;19;4;diversification;6;3e73c0b9c8b0;move;;;62;1;;;;;;;;;;True;False;False;True;;ok;15264.53377165932;15397.413508218446;15397.413508218446;15249.861279552351;467;15249.861279552351;3873.2141;-132.87973655912538;Evaluated;9.3528;0.6276;64;True;2;duplicate_for_same_parent_sequence
69;2;19;5;diversification;6;3e73c0b9c8b0;move;;;8;30;;;;;;;;;;True;False;False;True;;ok;15522.436042591984;15397.413508218446;15397.413508218446;15249.861279552351;468;15249.861279552351;3887.6925;125.02253437353829;Evaluated;13.849;0.6264;64;True;3;duplicate_for_same_parent_sequence
69;2;19;6;diversification;6;3e73c0b9c8b0;move;;;45;32;;;;;;;;;;True;False;False;True;;ok;17073.31863666888;15397.413508218446;15397.413508218446;15249.861279552351;469;15249.861279552351;3894.0541;1675.905128450433;Evaluated;5.7319;0.6266;64;True;1;
69;2;19;7;diversification;6;3e73c0b9c8b0;move;;;20;30;;;;;;;;;;True;False;False;True;;ok;17200.639969423733;15397.413508218446;15397.413508218446;15249.861279552351;470;15249.861279552351;3900.3497;1803.2264612052877;Evaluated;5.6673;0.6258;64;True;1;
69;2;19;8;diversification;6;3e73c0b9c8b0;move;;;8;15;;;;;;;;;;True;False;False;False;;ok;15391.69802106471;15397.413508218446;15397.413508218446;15249.861279552351;471;15249.861279552351;3910.1983;-5.715487153735012;EvaluatedImprovementDespiteDiversificationMismatch;9.2232;0.6247;64;True;2;duplicate_for_same_parent_sequence
69;2;19;9;diversification;6;3e73c0b9c8b0;move;;;28;35;;;;;;;;;;True;False;False;False;;ok;16779.763040507234;15397.413508218446;15397.413508218446;15249.861279552351;472;15249.861279552351;3916.4632;1382.3495322887884;Evaluated;5.6354;0.6289;64;True;1;
69;2;19;10;diversification;6;3e73c0b9c8b0;move;;;52;10;;;;;;;;;;True;False;False;True;;ok;17551.72463165906;15397.413508218446;15397.413508218446;15249.861279552351;473;15249.861279552351;3926.7475;2154.311123440615;Evaluated;9.651;0.6295;64;True;2;duplicate_for_same_parent_sequence
69;2;19;;diversification;0;;;;;;;;;;;;;;;;;;;;;End-of-iteration summary row;;;15264.53377165932;15249.861279552351;473;15249.861279552351;3926.7672;;IterationSummary;;;;;;
70;2;20;1;normal;0;8ea6ffaa466d;move;;;8;10;;;;;;;;;;True;False;False;False;;ok;15256.915264805337;15264.53377165932;15264.53377165932;15249.861279552351;474;15249.861279552351;3933.6028;-7.61850685398349;Evaluated;6.2013;0.6287;64;True;1;
70;2;20;2;normal;0;8ea6ffaa466d;swap;20;31;;;;;;;;;;;;True;False;False;False;;ok;17545.469295709143;15264.53377165932;15264.53377165932;15249.861279552351;475;15249.861279552351;3939.7922;2280.9355240498226;Evaluated;5.5589;0.6271;64;True;1;
70;2;20;3;normal;0;8ea6ffaa466d;reinsert_block;;;;;;;32;40;15;;;;;True;False;False;True;;ok;17143.078677299;15264.53377165932;15264.53377165932;15249.861279552351;476;15249.861279552351;3946.4176;1878.5449056396792;Evaluated;5.9952;0.6274;64;True;1;
70;2;20;4;normal;0;8ea6ffaa466d;move;;;52;40;;;;;;;;;;True;False;False;True;;ok;15657.40677449197;15264.53377165932;15264.53377165932;15249.861279552351;477;15249.861279552351;3952.7299;392.87300283264995;Evaluated;5.6823;0.6269;64;True;1;
70;2;20;5;normal;0;8ea6ffaa466d;move;;;25;40;;;;;;;;;;True;False;False;True;;ok;15658.801171486659;15264.53377165932;15264.53377165932;15249.861279552351;478;15249.861279552351;3958.9489;394.2673998273385;Evaluated;5.5885;0.6274;64;True;1;
70;2;20;;normal;0;;;;;;;;;;;;;;;;;;;;;End-of-iteration summary row;;;15256.915264805337;15249.861279552351;478;15249.861279552351;3958.9682;;IterationSummary;;;;;;
71;2;21;1;normal;0;0fb978564be5;move;;;8;15;;;;;;;;;;True;False;False;False;;ok;15249.250751990747;15256.915264805337;15256.915264805337;15249.861279552351;479;15249.861279552351;3965.7682;-7.664512814590125;Evaluated;6.1665;0.6269;64;True;1;
71;2;21;2;normal;0;0fb978564be5;swap;20;25;;;;;;;;;;;;True;False;False;False;;ok;17672.927763461164;15256.915264805337;15256.915264805337;15249.861279552351;480;15249.861279552351;3972.2743;2416.0124986558276;Evaluated;5.8771;0.6261;64;True;1;
71;2;21;3;normal;0;0fb978564be5;reinsert_block;;;;;;;35;40;18;;;;;True;False;False;True;;ok;17252.048060669164;15256.915264805337;15256.915264805337;15249.861279552351;481;15249.861279552351;3979.4044;1995.1327958638267;Evaluated;6.5013;0.6252;64;True;1;
71;2;21;4;normal;0;0fb978564be5;move;;;58;49;;;;;;;;;;True;False;False;False;;ok;15638.20852912621;15256.915264805337;15256.915264805337;15249.861279552351;482;15249.861279552351;3985.7184;381.2932643208733;Evaluated;5.6826;0.6279;64;True;1;
71;2;21;5;normal;0;0fb978564be5;move;;;42;35;;;;;;;;;;True;False;False;False;;ok;17548.79558590516;15256.915264805337;15256.915264805337;15249.861279552351;483;15249.861279552351;3991.9523;2291.880321099825;Evaluated;5.6023;0.6287;64;True;1;
71;2;21;;normal;0;;;;;;;;;;;;;;;;;;;;;End-of-iteration summary row;;;15249.250751990747;15249.250751990747;483;15249.250751990747;3991.9644;;IterationSummary;;;;;;
72;2;22;1;normal;0;6554510431d4;move;;;8;15;;;;;;;;;;True;False;False;False;;ok;17327.430131320427;15249.250751990747;15249.250751990747;15249.250751990747;484;15249.250751990747;3998.7358;2078.17937932968;Evaluated;6.1344;0.63;64;True;1;
72;2;22;2;normal;0;6554510431d4;swap;17;25;;;;;;;;;;;;True;False;False;False;;ok;15249.250751990747;15249.250751990747;15249.250751990747;15249.250751990747;485;15249.250751990747;4005.0044;0.0;Evaluated;5.638;0.6275;64;True;1;
72;2;22;3;normal;0;6554510431d4;reinsert_block;;;;;;;35;40;18;;;;;True;False;False;True;;ok;17244.961496807584;15249.250751990747;15249.250751990747;15249.250751990747;486;15249.250751990747;4011.7213;1995.7107448168372;Evaluated;6.0877;0.6278;64;True;1;
72;2;22;4;normal;0;6554510431d4;move;;;58;49;;;;;;;;;;True;False;False;False;;ok;15630.656777046597;15249.250751990747;15249.250751990747;15249.250751990747;487;15249.250751990747;4017.7425;381.4060250558505;Evaluated;5.3926;0.6259;64;True;1;
72;2;22;5;normal;0;6554510431d4;move;;;50;38;;;;;;;;;;True;False;False;True;;ok;15886.402290841377;15249.250751990747;15249.250751990747;15249.250751990747;488;15249.250751990747;4023.9335;637.1515388506305;Evaluated;5.5614;0.6267;64;True;1;
72;2;22;;normal;1;;;;;;;;;;;;;;;;;;;;;End-of-iteration summary row;;;15249.250751990747;15249.250751990747;488;15249.250751990747;4023.9369;;IterationSummary;;;;;;
73;2;23;1;normal;1;6554510431d4;move;;;10;2;;;;;;;;;;True;False;False;False;;ok;15437.638609684278;15249.250751990747;15249.250751990747;15249.250751990747;489;15249.250751990747;4030.599;188.38785769353126;Evaluated;6.0274;0.628;64;True;1;
73;2;23;2;normal;1;6554510431d4;swap;18;20;;;;;;;;;;;;True;False;False;False;;ok;17275.964667883483;15249.250751990747;15249.250751990747;15249.250751990747;490;15249.250751990747;4036.9007;2026.7139158927366;Evaluated;5.671;0.6275;64;True;1;
73;2;23;3;normal;1;6554510431d4;move;;;27;35;;;;;;;;;;True;False;False;False;;ok;16520.592105878357;15249.250751990747;15249.250751990747;15249.250751990747;491;15249.250751990747;4047.3154;1271.3413538876102;Evaluated;9.7859;0.6259;64;True;2;duplicate_for_same_parent_sequence
73;2;23;4;normal;1;6554510431d4;move;;;50;48;;;;;;;;;;True;False;False;False;;ok;15250.689148041389;15249.250751990747;15249.250751990747;15249.250751990747;492;15249.250751990747;4053.5874;1.4383960506420408;Evaluated;5.6388;0.6297;64;True;1;
73;2;23;5;normal;1;6554510431d4;move;;;45;30;;;;;;;;;;True;False;False;True;;ok;16401.61203590981;15249.250751990747;15249.250751990747;15249.250751990747;493;15249.250751990747;4059.8718;1152.3612839190628;Evaluated;5.6534;0.6279;64;True;1;
73;2;23;;normal;2;;;;;;;;;;;;;;;;;;;;;End-of-iteration summary row;;;15249.250751990747;15249.250751990747;493;15249.250751990747;4059.876;;IterationSummary;;;;;;
74;2;24;1;normal;2;6554510431d4;move;;;7;3;;;;;;;;;;True;False;False;False;;ok;17556.496676748477;15249.250751990747;15249.250751990747;15249.250751990747;494;15249.250751990747;4070.7212;2307.24592475773;Evaluated;10.2048;0.6265;64;True;2;duplicate_for_same_parent_sequence
74;2;24;2;normal;2;6554510431d4;swap;20;25;;;;;;;;;;;;True;False;False;False;;ok;15334.862128349376;15249.250751990747;15249.250751990747;15249.250751990747;495;15249.250751990747;4076.9425;85.61137635862906;Evaluated;5.5927;0.6254;64;True;1;
74;2;24;3;normal;2;6554510431d4;reinsert_block;;;;;;;35;40;28;;;;;True;False;False;False;;ok;17191.254538371984;15249.250751990747;15249.250751990747;15249.250751990747;496;15249.250751990747;4083.5384;1942.0037863812377;Evaluated;5.967;0.6262;64;True;1;
74;2;24;4;normal;2;6554510431d4;move;;;50;42;;;;;;;;;;True;False;False;False;;ok;15886.989312694011;15249.250751990747;15249.250751990747;15249.250751990747;497;15249.250751990747;4089.7578;637.7385607032647;Evaluated;5.5889;0.6275;64;True;1;
74;2;24;5;normal;2;6554510431d4;move;;;20;15;;;;;;;;;;True;False;False;False;;ok;17046.562181780304;15249.250751990747;15249.250751990747;15249.250751990747;498;15249.250751990747;4096.0671;1797.3114297895572;Evaluated;5.6773;0.6285;64;True;1;
74;2;24;;normal;3;;;;;;;;;;;;;;;;;;;;;End-of-iteration summary row;;;15249.250751990747;15249.250751990747;498;15249.250751990747;4096.0703;;IterationSummary;;;;;;
75;2;25;1;diversification;3;6554510431d4;move;;;10;5;;;;;;;;;;True;False;False;False;;ok;17848.860622100095;15249.250751990747;15249.250751990747;15249.250751990747;499;15249.250751990747;4106.4397;2599.609870109349;Evaluated;9.7267;0.6258;64;True;2;duplicate_for_same_parent_sequence
75;2;25;2;diversification;3;6554510431d4;reinsert_block;;;;;;;20;25;30;;;;;True;False;False;False;;ok;17490.292336877323;15249.250751990747;15249.250751990747;15249.250751990747;500;15249.250751990747;4113.6049;2241.041584886576;Evaluated;6.5343;0.628;64;True;1;
75;2;25;3;diversification;3;6554510431d4;swap;35;42;;;;;;;;;;;;True;False;False;False;;ok;16954.24501841829;15249.250751990747;15249.250751990747;15249.250751990747;501;15249.250751990747;4119.9517;1704.9942664275422;Evaluated;5.7166;0.6266;64;True;1;
75;2;25;4;diversification;3;6554510431d4;move;;;60;52;;;;;;;;;;True;False;False;False;;ok;15449.887027179466;15249.250751990747;15249.250751990747;15249.250751990747;502;15249.250751990747;4129.9162;200.63627518871908;Evaluated;9.334;0.6262;64;True;2;duplicate_for_same_parent_sequence
75;2;25;5;diversification;3;6554510431d4;swap;10;15;;;;;;;;;;;;True;False;False;False;;ok;17687.30867467396;15249.250751990747;15249.250751990747;15249.250751990747;503;15249.250751990747;4140.0843;2438.057922683214;Evaluated;9.5388;0.6259;64;True;2;duplicate_for_same_parent_sequence
75;2;25;6;diversification;3;6554510431d4;move;;;50;40;;;;;;;;;;True;False;False;True;;ok;15888.02270655429;15249.250751990747;15249.250751990747;15249.250751990747;504;15249.250751990747;4146.3878;638.7719545635427;Evaluated;5.6777;0.6246;64;True;1;
75;2;25;7;diversification;3;6554510431d4;move;;;42;10;;;;;;;;;;True;False;False;True;;ok;15493.935872203281;15249.250751990747;15249.250751990747;15249.250751990747;505;15249.250751990747;4152.6973;244.68512021253446;Evaluated;5.6753;0.6309;64;True;1;
75;2;25;8;diversification;3;6554510431d4;swap;20;35;;;;;;;;;;;;True;False;False;True;;ok;17482.928014615438;15249.250751990747;15249.250751990747;15249.250751990747;506;15249.250751990747;4158.9609;2233.677262624691;Evaluated;5.6329;0.6274;64;True;1;
75;2;25;9;diversification;3;6554510431d4;move;;;40;10;;;;;;;;;;True;False;False;True;;ok;15249.308184981635;15249.250751990747;15249.250751990747;15249.250751990747;507;15249.250751990747;4169.2805;0.05743299088862841;Evaluated;9.6887;0.6283;64;True;2;duplicate_for_same_parent_sequence
75;2;25;10;diversification;3;6554510431d4;move;;;17;22;;;;;;;;;;True;False;False;False;;ok;15248.920195509372;15249.250751990747;15249.250751990747;15249.250751990747;508;15249.250751990747;4180.061;-0.330556481374515;EvaluatedImprovementDespiteDiversificationMismatch;10.153;0.6267;64;True;2;duplicate_for_same_parent_sequence
75;2;25;;diversification;0;;;;;;;;;;;;;;;;;;;;;End-of-iteration summary row;;;15248.920195509372;15248.920195509372;508;15248.920195509372;4180.0776;;IterationSummary;;;;;;
76;2;26;1;normal;0;fba6fe6ac251;move;;;10;5;;;;;;;;;;True;False;False;False;;ok;17847.075070337178;15248.920195509372;15248.920195509372;15248.920195509372;509;15248.920195509372;4186.8837;2598.1548748278055;Evaluated;6.1708;0.6275;64;True;1;
76;2;26;2;normal;0;fba6fe6ac251;swap;20;25;;;;;;;;;;;;True;False;False;False;;ok;17343.907718375634;15248.920195509372;15248.920195509372;15248.920195509372;510;15248.920195509372;4192.9975;2094.987522866262;Evaluated;5.4838;0.627;64;True;1;
76;2;26;3;normal;0;fba6fe6ac251;reinsert_block;;;;;;;35;40;28;;;;;True;False;False;False;;ok;17194.910994545433;15248.920195509372;15248.920195509372;15248.920195509372;511;15248.920195509372;4199.6933;1945.9907990360607;Evaluated;6.0674;0.6254;64;True;1;
76;2;26;4;normal;0;fba6fe6ac251;move;;;50;48;;;;;;;;;;True;False;False;False;;ok;15250.358591560014;15248.920195509372;15248.920195509372;15248.920195509372;512;15248.920195509372;4205.905;1.4383960506420408;Evaluated;5.5812;0.6274;64;True;1;
76;2;26;5;normal;0;fba6fe6ac251;move;;;30;15;;;;;;;;;;True;False;False;True;;ok;18252.718362889165;15248.920195509372;15248.920195509372;15248.920195509372;513;15248.920195509372;4212.52;3003.798167379793;Evaluated;5.9847;0.6276;64;True;1;
76;2;26;;normal;1;;;;;;;;;;;;;;;;;;;;;End-of-iteration summary row;;;15248.920195509372;15248.920195509372;513;15248.920195509372;4212.5233;;IterationSummary;;;;;;
77;2;27;1;normal;1;fba6fe6ac251;move;;;8;20;;;;;;;;;;True;False;False;True;;ok;17869.963345043438;15248.920195509372;15248.920195509372;15248.920195509372;514;15248.920195509372;4219.2759;2621.0431495340654;Evaluated;6.1148;0.6234;64;True;1;
77;2;27;2;normal;1;fba6fe6ac251;swap;20;35;;;;;;;;;;;;True;False;False;True;;ok;16834.11835905696;15248.920195509372;15248.920195509372;15248.920195509372;515;15248.920195509372;4225.7805;1585.1981635475877;Evaluated;5.8782;0.6258;64;True;1;
77;2;27;3;normal;1;fba6fe6ac251;move;;;42;10;;;;;;;;;;True;False;False;True;;ok;15480.379249508504;15248.920195509372;15248.920195509372;15248.920195509372;516;15248.920195509372;4236.1301;231.45905399913136;Evaluated;9.7207;0.6265;64;True;2;duplicate_for_same_parent_sequence
77;2;27;4;normal;1;fba6fe6ac251;move;;;50;40;;;;;;;;;;True;False;False;True;;ok;15887.115066514289;15248.920195509372;15248.920195509372;15248.920195509372;517;15248.920195509372;4242.4332;638.1948710049164;Evaluated;5.6754;0.627;64;True;1;
77;2;27;5;normal;1;fba6fe6ac251;move;;;17;22;;;;;;;;;;True;False;False;False;;ok;17286.43874446604;15248.920195509372;15248.920195509372;15248.920195509372;518;15248.920195509372;4248.6607;2037.5185489566666;Evaluated;5.5973;0.6268;64;True;1;
77;2;27;;normal;2;;;;;;;;;;;;;;;;;;;;;End-of-iteration summary row;;;15248.920195509372;15248.920195509372;518;15248.920195509372;4248.6645;;IterationSummary;;;;;;
78;2;28;1;normal;2;fba6fe6ac251;move;;;5;10;;;;;;;;;;True;False;False;False;;ok;17804.05478877875;15248.920195509372;15248.920195509372;15248.920195509372;519;15248.920195509372;4255.3025;2555.1345932693785;Evaluated;6.0016;0.6268;64;True;1;
78;2;28;2;normal;2;fba6fe6ac251;swap;18;24;;;;;;;;;;;;True;False;False;False;;ok;17297.775033887952;15248.920195509372;15248.920195509372;15248.920195509372;520;15248.920195509372;4265.7235;2048.85483837858;Evaluated;9.7932;0.6253;64;True;2;duplicate_for_same_parent_sequence
78;2;28;3;normal;2;fba6fe6ac251;reinsert_block;;;;;;;34;38;25;;;;;True;False;False;True;;ok;16593.251930590315;15248.920195509372;15248.920195509372;15248.920195509372;521;15248.920195509372;4272.4333;1344.331735080943;Evaluated;6.0796;0.6277;64;True;1;
78;2;28;4;normal;2;fba6fe6ac251;move;;;42;28;;;;;;;;;;True;False;False;True;;ok;16895.583929828994;15248.920195509372;15248.920195509372;15248.920195509372;522;15248.920195509372;4286.2904;1646.6637343196217;Evaluated;13.2269;0.6267;64;True;3;duplicate_for_same_parent_sequence
78;2;28;5;normal;2;fba6fe6ac251;move;;;50;15;;;;;;;;;;True;False;False;True;;ok;17663.43802564094;15248.920195509372;15248.920195509372;15248.920195509372;523;15248.920195509372;4292.4772;2414.5178301315664;Evaluated;5.5562;0.628;64;True;1;
78;2;28;;normal;3;;;;;;;;;;;;;;;;;;;;;End-of-iteration summary row;;;15248.920195509372;15248.920195509372;523;15248.920195509372;4292.4806;;IterationSummary;;;;;;
79;2;29;1;diversification;3;fba6fe6ac251;move;;;10;25;;;;;;;;;;True;False;False;True;;ok;17763.193647734148;15248.920195509372;15248.920195509372;15248.920195509372;524;15248.920195509372;4299.359;2514.2734522247756;Evaluated;6.2469;0.6229;64;True;1;
79;2;29;2;diversification;3;fba6fe6ac251;reinsert_block;;;;;;;17;23;6;;;;;True;False;False;True;;ok;15739.932958863748;15248.920195509372;15248.920195509372;15248.920195509372;525;15248.920195509372;4306.0787;491.01276335437615;Evaluated;6.0873;0.629;64;True;1;
79;2;29;3;diversification;3;fba6fe6ac251;swap;35;40;;;;;;;;;;;;True;False;False;False;;ok;16311.167430654692;15248.920195509372;15248.920195509372;15248.920195509372;526;15248.920195509372;4312.464;1062.2472351453198;Evaluated;5.752;0.6299;64;True;1;
79;2;29;4;diversification;3;fba6fe6ac251;move;;;58;60;;;;;;;;;;True;False;False;False;;ok;15248.920195509372;15248.920195509372;15248.920195509372;15248.920195509372;527;15248.920195509372;4318.7149;0.0;Evaluated;5.6216;0.6262;64;True;1;
79;2;29;5;diversification;3;fba6fe6ac251;move;;;50;30;;;;;;;;;;True;False;False;True;;ok;16709.35852383024;15248.920195509372;15248.920195509372;15248.920195509372;528;15248.920195509372;4325.0652;1460.438328320868;Evaluated;5.7202;0.6272;64;True;1;
79;2;29;6;diversification;3;fba6fe6ac251;move;;;40;35;;;;;;;;;;True;False;False;False;;ok;15358.048053742526;15248.920195509372;15248.920195509372;15248.920195509372;529;15248.920195509372;4331.4306;109.12785823315426;Evaluated;5.7342;0.6278;64;True;1;
79;2;29;7;diversification;3;fba6fe6ac251;move;;;15;30;;;;;;;;;;True;False;False;True;;ok;15370.478316120387;15248.920195509372;15248.920195509372;15248.920195509372;530;15248.920195509372;4337.6586;121.5581206110146;Evaluated;5.5982;0.6272;64;True;1;
79;2;29;8;diversification;3;fba6fe6ac251;move;;;17;25;;;;;;;;;;True;False;False;False;;ok;17295.37026466504;15248.920195509372;15248.920195509372;15248.920195509372;531;15248.920195509372;4344.0068;2046.4500691556696;Evaluated;5.7182;0.6274;64;True;1;
79;2;29;9;diversification;3;fba6fe6ac251;move;;;28;35;;;;;;;;;;True;False;False;False;;ok;16751.74875248491;15248.920195509372;15248.920195509372;15248.920195509372;532;15248.920195509372;4350.3079;1502.8285569755371;Evaluated;5.6698;0.6284;64;True;1;
79;2;29;10;diversification;3;fba6fe6ac251;move;;;50;45;;;;;;;;;;True;False;False;False;;ok;15248.920195509372;15248.920195509372;15248.920195509372;15248.920195509372;533;15248.920195509372;4356.6538;0.0;Evaluated;5.7168;0.6258;64;True;1;
79;2;29;;diversification;4;;;;;;;;;;;;;;;;;;;;;End-of-iteration summary row;;;15248.920195509372;15248.920195509372;533;15248.920195509372;4356.657;;IterationSummary;;;;;;
80;2;30;1;diversification;4;fba6fe6ac251;move;;;7;20;;;;;;;;;;True;False;False;True;;ok;17728.01887685103;15248.920195509372;15248.920195509372;15248.920195509372;534;15248.920195509372;4367.419;2479.0986813416584;Evaluated;10.1285;0.6254;64;True;2;duplicate_for_same_parent_sequence
80;2;30;2;diversification;4;fba6fe6ac251;reinsert_block;;;;;;;18;23;6;;;;;True;False;False;True;;ok;17369.342116817552;15248.920195509372;15248.920195509372;15248.920195509372;535;15248.920195509372;4374.0422;2120.4219213081797;Evaluated;5.9929;0.6267;64;True;1;
80;2;30;3;diversification;4;fba6fe6ac251;swap;34;42;;;;;;;;;;;;True;False;False;False;;ok;15248.920195509372;15248.920195509372;15248.920195509372;15248.920195509372;536;15248.920195509372;4380.6728;0.0;Evaluated;6.0024;0.6255;64;True;1;
80;2;30;4;diversification;4;fba6fe6ac251;move;;;60;55;;;;;;;;;;True;False;False;False;;ok;15448.234727333478;15248.920195509372;15248.920195509372;15248.920195509372;537;15248.920195509372;4390.8568;199.31453182410587;Evaluated;9.5589;0.624;64;True;2;duplicate_for_same_parent_sequence
80;2;30;5;diversification;4;fba6fe6ac251;move;;;8;30;;;;;;;;;;True;False;False;True;;ok;16975.375687780215;15248.920195509372;15248.920195509372;15248.920195509372;538;15248.920195509372;4401.1261;1726.455492270843;Evaluated;9.6407;0.6278;64;True;2;duplicate_for_same_parent_sequence
80;2;30;6;diversification;4;fba6fe6ac251;move;;;43;50;;;;;;;;;;True;False;False;False;;ok;15758.149823128588;15248.920195509372;15248.920195509372;15248.920195509372;539;15248.920195509372;4407.4914;509.22962761921553;Evaluated;5.734;0.6281;64;True;1;
80;2;30;7;diversification;4;fba6fe6ac251;move;;;40;55;;;;;;;;;;True;False;False;True;;ok;15555.123654791192;15248.920195509372;15248.920195509372;15248.920195509372;540;15248.920195509372;4413.7777;306.20345928181996;Evaluated;5.6565;0.6272;64;True;1;
80;2;30;8;diversification;4;fba6fe6ac251;move;;;17;35;;;;;;;;;;True;False;False;True;;ok;16549.78249675149;15248.920195509372;15248.920195509372;15248.920195509372;541;15248.920195509372;4427.4526;1300.8623012421176;Evaluated;13.0477;0.6256;64;True;3;duplicate_for_same_parent_sequence
80;2;30;9;diversification;4;fba6fe6ac251;move;;;30;25;;;;;;;;;;True;False;False;False;;ok;18011.52797737284;15248.920195509372;15248.920195509372;15248.920195509372;542;15248.920195509372;4434.0854;2762.6077818634676;Evaluated;6.005;0.625;64;True;1;
80;2;30;10;diversification;4;fba6fe6ac251;move;;;52;47;;;;;;;;;;True;False;False;False;;ok;15378.20551624665;15248.920195509372;15248.920195509372;15248.920195509372;543;15248.920195509372;4440.7061;129.2853207372773;Evaluated;5.9924;0.6258;64;True;1;
80;2;30;;diversification;5;;;;;;;;;;;;;;;;;;;;;End-of-iteration summary row;;;15248.920195509372;15248.920195509372;543;15248.920195509372;4440.7097;;IterationSummary;;;;;;
81;2;31;1;diversification;5;fba6fe6ac251;move;;;18;35;;;;;;;;;;True;False;False;True;;ok;16552.025372989505;15248.920195509372;15248.920195509372;15248.920195509372;544;15248.920195509372;4451.1799;1303.1051774801326;Evaluated;9.8281;0.6255;64;True;2;duplicate_for_same_parent_sequence
81;2;31;2;diversification;5;fba6fe6ac251;move;;;20;45;;;;;;;;;;True;False;False;True;;ok;17537.441317417983;15248.920195509372;15248.920195509372;15248.920195509372;545;15248.920195509372;4461.9409;2288.5211219086104;Evaluated;10.1314;0.6268;64;True;2;duplicate_for_same_parent_sequence
81;2;31;3;diversification;5;fba6fe6ac251;swap;35;42;;;;;;;;;;;;True;False;False;False;;ok;16956.4150871423;15248.920195509372;15248.920195509372;15248.920195509372;546;15248.920195509372;4468.2469;1707.4948916329286;Evaluated;5.6774;0.6253;64;True;1;
81;2;31;4;diversification;5;fba6fe6ac251;move;;;60;53;;;;;;;;;;True;False;False;False;;ok;15449.556470698091;15248.920195509372;15248.920195509372;15248.920195509372;547;15248.920195509372;4478.3517;200.63627518871908;Evaluated;9.4767;0.6249;64;True;2;duplicate_for_same_parent_sequence
81;2;31;5;diversification;5;fba6fe6ac251;move;;;15;45;;;;;;;;;;True;False;False;True;;ok;15379.255329137693;15248.920195509372;15248.920195509372;15248.920195509372;548;15248.920195509372;4488.7111;130.33513362832127;Evaluated;9.7287;0.6274;64;True;2;duplicate_for_same_parent_sequence
81;2;31;6;diversification;5;fba6fe6ac251;move;;;32;45;;;;;;;;;;True;False;False;True;;ok;17172.015040324983;15248.920195509372;15248.920195509372;15248.920195509372;549;15248.920195509372;4499.0846;1923.0948448156105;Evaluated;9.7415;0.6287;64;True;2;duplicate_for_same_parent_sequence
81;2;31;7;diversification;5;fba6fe6ac251;move;;;30;40;;;;;;;;;;True;False;False;True;;ok;16907.863941457603;15248.920195509372;15248.920195509372;15248.920195509372;550;15248.920195509372;4509.3405;1658.9437459482306;Evaluated;9.625;0.6269;64;True;2;duplicate_for_same_parent_sequence
81;2;31;8;diversification;5;fba6fe6ac251;move;;;18;6;;;;;;;;;;True;False;False;True;;ok;17554.451405066487;15248.920195509372;15248.920195509372;15248.920195509372;551;15248.920195509372;4515.5592;2305.5312095571153;Evaluated;5.5844;0.6312;64;True;1;
81;2;31;9;diversification;5;fba6fe6ac251;move;;;25;30;;;;;;;;;;True;False;False;False;;ok;16641.6566593457;15248.920195509372;15248.920195509372;15248.920195509372;552;15248.920195509372;4521.8255;1392.736463836327;Evaluated;5.6372;0.6265;64;True;1;
81;2;31;10;diversification;5;fba6fe6ac251;move;;;45;30;;;;;;;;;;True;False;False;True;;ok;16398.96566290744;15248.920195509372;15248.920195509372;15248.920195509372;553;15248.920195509372;4528.1779;1150.0454673980694;Evaluated;5.7243;0.6251;64;True;1;
81;2;31;;diversification;6;;;;;;;;;;;;;;;;;;;;;End-of-iteration summary row;;;15248.920195509372;15248.920195509372;553;15248.920195509372;4528.1815;;IterationSummary;;;;;;
82;2;32;1;diversification;6;fba6fe6ac251;move;;;8;35;;;;;;;;;;True;False;False;True;;ok;16778.442851586264;15248.920195509372;15248.920195509372;15248.920195509372;554;15248.920195509372;4538.5279;1529.5226560768915;Evaluated;9.7075;0.624;64;True;2;duplicate_for_same_parent_sequence
82;2;32;2;diversification;6;fba6fe6ac251;reinsert_block;;;;;;;18;23;5;;;;;True;False;False;True;;ok;18107.810824155793;15248.920195509372;15248.920195509372;15248.920195509372;555;15248.920195509372;4545.1269;2858.8906286464207;Evaluated;5.97;0.6261;64;True;1;
82;2;32;3;diversification;6;fba6fe6ac251;swap;38;45;;;;;;;;;;;;True;False;False;False;;ok;16346.153509827953;15248.920195509372;15248.920195509372;15248.920195509372;556;15248.920195509372;4555.4549;1097.2333143185806;Evaluated;9.6998;0.6252;64;True;2;duplicate_for_same_parent_sequence
82;2;32;4;diversification;6;fba6fe6ac251;move;;;50;60;;;;;;;;;;True;False;False;True;;ok;15638.023027220937;15248.920195509372;15248.920195509372;15248.920195509372;557;15248.920195509372;4565.5963;389.10283171156516;Evaluated;9.5138;0.6243;64;True;2;duplicate_for_same_parent_sequence
82;2;32;5;diversification;6;fba6fe6ac251;move;;;20;5;;;;;;;;;;True;False;False;True;;ok;17605.521797192734;15248.920195509372;15248.920195509372;15248.920195509372;558;15248.920195509372;4571.9312;2356.601601683362;Evaluated;5.6866;0.6448;64;True;1;
82;2;32;6;diversification;6;fba6fe6ac251;reinsert_block;;;;;;;32;38;16;;;;;True;False;False;True;;ok;16868.1339414276;15248.920195509372;15248.920195509372;15248.920195509372;559;15248.920195509372;4582.1294;1619.2137459182286;Evaluated;9.5667;0.6282;64;True;2;duplicate_for_same_parent_sequence
82;2;32;7;diversification;6;fba6fe6ac251;move;;;5;20;;;;;;;;;;True;False;False;True;;ok;18093.054910949024;15248.920195509372;15248.920195509372;15248.920195509372;560;15248.920195509372;4588.3011;2844.1347154396517;Evaluated;5.5413;0.6264;64;True;1;
82;2;32;8;diversification;6;fba6fe6ac251;move;;;8;15;;;;;;;;;;True;False;False;False;;ok;15331.395670131998;15248.920195509372;15248.920195509372;15248.920195509372;561;15248.920195509372;4598.6511;82.47547462262628;Evaluated;9.7233;0.6233;64;True;2;duplicate_for_same_parent_sequence
82;2;32;9;diversification;6;fba6fe6ac251;move;;;24;15;;;;;;;;;;True;False;False;False;;ok;16821.863995248554;15248.920195509372;15248.920195509372;15248.920195509372;562;15248.920195509372;4608.9751;1572.9437997391815;Evaluated;9.7003;0.6231;64;True;2;duplicate_for_same_parent_sequence
82;2;32;10;diversification;6;fba6fe6ac251;move;;;42;15;;;;;;;;;;True;False;False;True;;ok;15480.379249508504;15248.920195509372;15248.920195509372;15248.920195509372;563;15248.920195509372;4615.652;231.45905399913136;Evaluated;6.051;0.6251;64;True;1;
82;2;32;;diversification;7;;;;;;;;;;;;;;;;;;;;;End-of-iteration summary row;;;15248.920195509372;15248.920195509372;563;15248.920195509372;4615.6528;;IterationSummary;;;;;;
83;2;33;1;diversification;7;fba6fe6ac251;move;;;17;5;;;;;;;;;;True;False;False;True;;ok;17753.84322453313;15248.920195509372;15248.920195509372;15248.920195509372;564;15248.920195509372;4622.4231;2504.923029023759;Evaluated;6.137;0.6276;64;True;1;
83;2;33;2;diversification;7;fba6fe6ac251;move;;;40;2;;;;;;;;;;True;False;False;True;;ok;15424.068229818624;15248.920195509372;15248.920195509372;15248.920195509372;565;15248.920195509372;4632.7444;175.14803430925167;Evaluated;9.6929;0.6256;64;True;2;duplicate_for_same_parent_sequence
83;2;33;3;diversification;7;fba6fe6ac251;swap;32;38;;;;;;;;;;;;True;False;False;False;;ok;16952.594566083615;15248.920195509372;15248.920195509372;15248.920195509372;566;15248.920195509372;4646.5682;1703.6743705742429;Evaluated;13.1936;0.6275;64;True;3;duplicate_for_same_parent_sequence
83;2;33;4;diversification;7;fba6fe6ac251;move;;;53;48;;;;;;;;;;True;False;False;False;;ok;15747.934442682084;15248.920195509372;15248.920195509372;15248.920195509372;567;15248.920195509372;4652.9312;499.0142471727122;Evaluated;5.7334;0.6263;64;True;1;
83;2;33;5;diversification;7;fba6fe6ac251;move;;;6;30;;;;;;;;;;True;False;False;True;;ok;18039.61223827676;15248.920195509372;15248.920195509372;15248.920195509372;568;15248.920195509372;4659.277;2790.6920427673886;Evaluated;5.7173;0.6254;64;True;1;
83;2;33;6;diversification;7;fba6fe6ac251;move;;;50;12;;;;;;;;;;True;False;False;True;;ok;17681.456463891314;15248.920195509372;15248.920195509372;15248.920195509372;569;15248.920195509372;4665.6986;2432.536268381942;Evaluated;5.7965;0.6246;64;True;1;
83;2;33;7;diversification;7;fba6fe6ac251;move;;;24;35;;;;;;;;;;True;False;False;True;;ok;16908.37647758145;15248.920195509372;15248.920195509372;15248.920195509372;570;15248.920195509372;4671.9289;1659.4562820720766;Evaluated;5.6017;0.6278;64;True;1;
83;2;33;8;diversification;7;fba6fe6ac251;move;;;24;30;;;;;;;;;;True;False;False;False;;ok;16708.70741585192;15248.920195509372;15248.920195509372;15248.920195509372;571;15248.920195509372;4678.161;1459.7872203425486;Evaluated;5.602;0.6269;64;True;1;
83;2;33;9;diversification;7;fba6fe6ac251;move;;;28;45;;;;;;;;;;True;False;False;True;;ok;17160.612568881712;15248.920195509372;15248.920195509372;15248.920195509372;572;15248.920195509372;4688.5224;1911.6923733723397;Evaluated;9.7299;0.6283;64;True;2;duplicate_for_same_parent_sequence
83;2;33;10;diversification;7;fba6fe6ac251;swap;42;51;;;;;;;;;;;;True;False;False;False;;ok;15244.5590653203;15248.920195509372;15248.920195509372;15248.920195509372;573;15248.920195509372;4698.3236;-4.361130189072355;EvaluatedImprovementDespiteDiversificationMismatch;9.1714;0.6264;64;True;2;duplicate_for_same_parent_sequence
83;2;33;;diversification;0;;;;;;;;;;;;;;;;;;;;;End-of-iteration summary row;;;15244.5590653203;15244.5590653203;573;15244.5590653203;4698.3339;;IterationSummary;;;;;;
84;2;34;1;normal;0;ea5ba055ada0;move;;;5;10;;;;;;;;;;True;False;False;False;;ok;17719.75951009722;15244.5590653203;15244.5590653203;15244.5590653203;574;15244.5590653203;4705.164;2475.2004447769214;Evaluated;6.1953;0.6266;64;True;1;
84;2;34;2;normal;0;ea5ba055ada0;swap;20;25;;;;;;;;;;;;True;False;False;False;;ok;17342.63180291504;15244.5590653203;15244.5590653203;15244.5590653203;575;15244.5590653203;4711.7682;2098.072737594739;Evaluated;5.9747;0.6268;64;True;1;
84;2;34;3;normal;0;ea5ba055ada0;reinsert_block;;;;;;;34;38;25;;;;;True;False;False;True;;ok;16265.978216878208;15244.5590653203;15244.5590653203;15244.5590653203;576;15244.5590653203;4718.4759;1021.4191515579078;Evaluated;6.0788;0.625;64;True;1;
84;2;34;4;normal;0;ea5ba055ada0;move;;;50;12;;;;;;;;;;True;False;False;True;;ok;17224.541091606116;15244.5590653203;15244.5590653203;15244.5590653203;577;15244.5590653203;4724.7212;1979.9820262858157;Evaluated;5.6184;0.624;64;True;1;
84;2;34;5;normal;0;ea5ba055ada0;move;;;45;30;;;;;;;;;;True;False;False;True;;ok;16403.109423431426;15244.5590653203;15244.5590653203;15244.5590653203;578;15244.5590653203;4734.557;1158.5503581111261;Evaluated;9.2076;0.6273;64;True;2;duplicate_for_same_parent_sequence
84;2;34;;normal;1;;;;;;;;;;;;;;;;;;;;;End-of-iteration summary row;;;15244.5590653203;15244.5590653203;578;15244.5590653203;4734.5602;;IterationSummary;;;;;;
85;2;35;1;normal;1;ea5ba055ada0;move;;;15;20;;;;;;;;;;True;False;False;False;;ok;17197.74712895754;15244.5590653203;15244.5590653203;15244.5590653203;579;15244.5590653203;4741.3399;1953.1880636372407;Evaluated;6.1477;0.6239;64;True;1;
85;2;35;2;normal;1;ea5ba055ada0;swap;18;20;;;;;;;;;;;;True;False;False;False;;ok;17768.361938645485;15244.5590653203;15244.5590653203;15244.5590653203;580;15244.5590653203;4747.6616;2523.802873325185;Evaluated;5.695;0.626;64;True;1;
85;2;35;3;normal;1;ea5ba055ada0;move;;;36;15;;;;;;;;;;True;False;False;True;;ok;17112.383735493335;15244.5590653203;15244.5590653203;15244.5590653203;581;15244.5590653203;4758.153;1867.824670173035;Evaluated;9.862;0.6266;64;True;2;duplicate_for_same_parent_sequence
85;2;35;4;normal;1;ea5ba055ada0;move;;;58;60;;;;;;;;;;True;False;False;False;;ok;15244.5590653203;15244.5590653203;15244.5590653203;15244.5590653203;582;15244.5590653203;4764.4458;0.0;Evaluated;5.6623;0.6271;64;True;1;
85;2;35;5;normal;1;ea5ba055ada0;move;;;24;30;;;;;;;;;;True;False;False;False;;ok;16466.045109094088;15244.5590653203;15244.5590653203;15244.5590653203;583;15244.5590653203;4770.7407;1221.486043773788;Evaluated;5.6663;0.6255;64;True;1;
85;2;35;;normal;2;;;;;;;;;;;;;;;;;;;;;End-of-iteration summary row;;;15244.5590653203;15244.5590653203;583;15244.5590653203;4770.7448;;IterationSummary;;;;;;
86;2;36;1;normal;2;ea5ba055ada0;move;;;10;5;;;;;;;;;;True;False;False;False;;ok;17762.779368269938;15244.5590653203;15244.5590653203;15244.5590653203;584;15244.5590653203;4777.4798;2518.2203029496377;Evaluated;6.094;0.628;64;True;1;
86;2;36;2;normal;2;ea5ba055ada0;swap;25;30;;;;;;;;;;;;True;False;False;False;;ok;17846.718840554186;15244.5590653203;15244.5590653203;15244.5590653203;585;15244.5590653203;4787.5125;2602.1597752338857;Evaluated;9.4029;0.6267;64;True;2;duplicate_for_same_parent_sequence
86;2;36;3;normal;2;ea5ba055ada0;move;;;39;25;;;;;;;;;;True;False;False;True;;ok;17998.580722015464;15244.5590653203;15244.5590653203;15244.5590653203;586;15244.5590653203;4797.9379;2754.021656695164;Evaluated;9.797;0.6268;64;True;2;duplicate_for_same_parent_sequence
86;2;36;4;normal;2;ea5ba055ada0;move;;;54;48;;;;;;;;;;True;False;False;False;;ok;16149.864749977996;15244.5590653203;15244.5590653203;15244.5590653203;587;15244.5590653203;4804.2199;905.3056846576965;Evaluated;5.6515;0.6275;64;True;1;
86;2;36;5;normal;2;ea5ba055ada0;move;;;40;25;;;;;;;;;;True;False;False;True;;ok;16844.843075702567;15244.5590653203;15244.5590653203;15244.5590653203;588;15244.5590653203;4810.7112;1600.2840103822673;Evaluated;5.8598;0.6281;64;True;1;
86;2;36;;normal;3;;;;;;;;;;;;;;;;;;;;;End-of-iteration summary row;;;15244.5590653203;15244.5590653203;588;15244.5590653203;4810.7127;;IterationSummary;;;;;;
87;2;37;1;diversification;3;ea5ba055ada0;move;;;5;20;;;;;;;;;;True;False;False;True;;ok;18090.436387895785;15244.5590653203;15244.5590653203;15244.5590653203;589;15244.5590653203;4817.4544;2845.877322575485;Evaluated;6.1016;0.6291;64;True;1;
87;2;37;2;diversification;3;ea5ba055ada0;reinsert_block;;;;;;;18;25;32;;;;;True;False;False;False;;ok;17463.183326247403;15244.5590653203;15244.5590653203;15244.5590653203;590;15244.5590653203;4823.9999;2218.624260927103;Evaluated;5.9172;0.6252;64;True;1;
87;2;37;3;diversification;3;ea5ba055ada0;swap;35;40;;;;;;;;;;;;True;False;False;False;;ok;16082.742099100873;15244.5590653203;15244.5590653203;15244.5590653203;591;15244.5590653203;4830.067;838.1830337805732;Evaluated;5.4363;0.6281;64;True;1;
87;2;37;4;diversification;3;ea5ba055ada0;move;;;58;49;;;;;;;;;;True;False;False;False;;ok;15630.326220565223;15244.5590653203;15244.5590653203;15244.5590653203;592;15244.5590653203;4836.3266;385.76715524492283;Evaluated;5.6303;0.6285;64;True;1;
87;2;37;5;diversification;3;ea5ba055ada0;swap;3;7;;;;;;;;;;;;True;False;False;False;;ok;17528.172731977083;15244.5590653203;15244.5590653203;15244.5590653203;593;15244.5590653203;4846.177;2283.6136666567836;Evaluated;9.222;0.6253;64;True;2;duplicate_for_same_parent_sequence
87;2;37;6;diversification;3;ea5ba055ada0;move;;;40;35;;;;;;;;;;True;False;False;False;;ok;15352.167582833492;15244.5590653203;15244.5590653203;15244.5590653203;594;15244.5590653203;4852.7802;107.60851751319206;Evaluated;5.9754;0.6271;64;True;1;
87;2;37;7;diversification;3;ea5ba055ada0;move;;;42;10;;;;;;;;;;True;False;False;True;;ok;17958.976756996042;15244.5590653203;15244.5590653203;15244.5590653203;595;15244.5590653203;4859.0468;2714.4176916757424;Evaluated;5.6357;0.6275;64;True;1;
87;2;37;8;diversification;3;ea5ba055ada0;move;;;20;15;;;;;;;;;;True;False;False;False;;ok;17931.011025959193;15244.5590653203;15244.5590653203;15244.5590653203;596;15244.5590653203;4865.3035;2686.451960638893;Evaluated;5.6253;0.6283;64;True;1;
87;2;37;9;diversification;3;ea5ba055ada0;move;;;28;35;;;;;;;;;;True;False;False;False;;ok;17043.311515900205;15244.5590653203;15244.5590653203;15244.5590653203;597;15244.5590653203;4871.6344;1798.7524505799047;Evaluated;5.7011;0.6267;64;True;1;
87;2;37;10;diversification;3;ea5ba055ada0;move;;;48;25;;;;;;;;;;True;False;False;True;;ok;16844.238382088486;15244.5590653203;15244.5590653203;15244.5590653203;598;15244.5590653203;4881.6906;1599.6793167681863;Evaluated;9.4251;0.6281;64;True;2;duplicate_for_same_parent_sequence
87;2;37;;diversification;4;;;;;;;;;;;;;;;;;;;;;End-of-iteration summary row;;;15244.5590653203;15244.5590653203;598;15244.5590653203;4881.6939;;IterationSummary;;;;;;
88;2;38;1;diversification;4;ea5ba055ada0;move;;;18;30;;;;;;;;;;True;False;False;True;;ok;16799.29833612643;15244.5590653203;15244.5590653203;15244.5590653203;599;15244.5590653203;4892.2764;1554.7392708061307;Evaluated;9.9514;0.6234;64;True;2;duplicate_for_same_parent_sequence
88;2;38;2;diversification;4;ea5ba055ada0;reinsert_block;;;;;;;20;25;32;;;;;True;False;False;False;;ok;17524.084989353298;15244.5590653203;15244.5590653203;15244.5590653203;600;15244.5590653203;4899.0624;2279.525924032998;Evaluated;6.1601;0.6252;64;True;1;
88;2;38;3;diversification;4;ea5ba055ada0;swap;32;47;;;;;;;;;;;;True;False;False;True;;ok;17478.64451758589;15244.5590653203;15244.5590653203;15244.5590653203;601;15244.5590653203;4905.7257;2234.08545226559;Evaluated;6.033;0.6274;64;True;1;
88;2;38;4;diversification;4;ea5ba055ada0;move;;;50;15;;;;;;;;;;True;False;False;True;;ok;17206.672392156048;15244.5590653203;15244.5590653203;15244.5590653203;602;15244.5590653203;4912.0509;1962.113326835748;Evaluated;5.6941;0.6277;64;True;1;
88;2;38;5;diversification;4;ea5ba055ada0;swap;20;35;;;;;;;;;;;;True;False;False;True;;ok;16802.074366448625;15244.5590653203;15244.5590653203;15244.5590653203;603;15244.5590653203;4918.1898;1557.5153011283255;Evaluated;5.51;0.6259;64;True;1;
88;2;38;6;diversification;4;ea5ba055ada0;move;;;50;20;;;;;;;;;;True;False;False;True;;ok;16708.190390518146;15244.5590653203;15244.5590653203;15244.5590653203;604;15244.5590653203;4924.4811;1463.6313251978463;Evaluated;5.6631;0.6275;64;True;1;
88;2;38;7;diversification;4;ea5ba055ada0;move;;;60;15;;;;;;;;;;True;False;False;True;;ok;16797.841069565555;15244.5590653203;15244.5590653203;15244.5590653203;605;15244.5590653203;4930.728;1553.282004245255;Evaluated;5.6197;0.6242;64;True;1;
88;2;38;8;diversification;4;ea5ba055ada0;move;;;8;15;;;;;;;;;;True;False;False;False;;ok;15327.337255018145;15244.5590653203;15244.5590653203;15244.5590653203;606;15244.5590653203;4937.3115;82.77818969784494;Evaluated;5.9528;0.6291;64;True;1;
88;2;38;9;diversification;4;ea5ba055ada0;move;;;25;35;;;;;;;;;;True;False;False;True;;ok;16471.10961666491;15244.5590653203;15244.5590653203;15244.5590653203;607;15244.5590653203;4943.6636;1226.5505513446114;Evaluated;5.7209;0.6288;64;True;1;
88;2;38;10;diversification;4;ea5ba055ada0;move;;;54;28;;;;;;;;;;True;False;False;True;;ok;15872.98100275857;15244.5590653203;15244.5590653203;15244.5590653203;608;15244.5590653203;4950.0012;628.4219374382701;Evaluated;5.7063;0.6279;64;True;1;
88;2;38;;diversification;5;;;;;;;;;;;;;;;;;;;;;End-of-iteration summary row;;;15244.5590653203;15244.5590653203;608;15244.5590653203;4950.005;;IterationSummary;;;;;;
89;2;39;1;diversification;5;ea5ba055ada0;move;;;15;40;;;;;;;;;;True;False;False;True;;ok;15255.243675100253;15244.5590653203;15244.5590653203;15244.5590653203;609;15244.5590653203;4956.7618;10.684609779953462;Evaluated;6.1167;0.6264;64;True;1;
89;2;39;2;diversification;5;ea5ba055ada0;move;;;20;35;;;;;;;;;;True;False;False;True;;ok;17227.248979951153;15244.5590653203;15244.5590653203;15244.5590653203;610;15244.5590653203;4967.203;1982.6899146308533;Evaluated;9.8137;0.6248;64;True;2;duplicate_for_same_parent_sequence
89;2;39;3;diversification;5;ea5ba055ada0;move;;;35;10;;;;;;;;;;True;False;False;True;;ok;17871.32167211829;15244.5590653203;15244.5590653203;15244.5590653203;611;15244.5590653203;4980.8069;2626.762606797991;Evaluated;12.973;0.6281;64;True;3;duplicate_for_same_parent_sequence
89;2;39;4;diversification;5;ea5ba055ada0;move;;;50;48;;;;;;;;;;True;False;False;False;;ok;15253.013155780412;15244.5590653203;15244.5590653203;15244.5590653203;612;15244.5590653203;4987.0731;8.454090460112639;Evaluated;5.6337;0.629;64;True;1;
89;2;39;5;diversification;5;ea5ba055ada0;swap;3;10;;;;;;;;;;;;True;False;False;False;;ok;18534.844445667248;15244.5590653203;15244.5590653203;15244.5590653203;613;15244.5590653203;4996.991;3290.285380346948;Evaluated;9.2878;0.6278;64;True;2;duplicate_for_same_parent_sequence
89;2;39;6;diversification;5;ea5ba055ada0;reinsert_block;;;;;;;52;56;45;;;;;True;False;False;False;;ok;15460.421592063425;15244.5590653203;15244.5590653203;15244.5590653203;614;15244.5590653203;5007.8718;215.86252674312527;Evaluated;10.2503;0.627;64;True;2;duplicate_for_same_parent_sequence
89;2;39;7;diversification;5;ea5ba055ada0;move;;;18;30;;;;;;;;;;False;True;False;;;ok;;15244.5590653203;15244.5590653203;15244.5590653203;614;15244.5590653203;5021.0538;;DuplicateForSameParentSequenceAfterRetries;13.1786;;;;3;duplicate_for_same_parent_sequence
89;2;39;8;diversification;5;ea5ba055ada0;move;;;10;25;;;;;;;;;;True;False;False;True;;ok;17692.75834725885;15244.5590653203;15244.5590653203;15244.5590653203;615;15244.5590653203;5027.3834;2448.1992819385487;Evaluated;5.7044;0.6241;64;True;1;
89;2;39;9;diversification;5;ea5ba055ada0;move;;;28;15;;;;;;;;;;True;False;False;True;;ok;17693.6167757143;15244.5590653203;15244.5590653203;15244.5590653203;616;15244.5590653203;5037.576;2449.0577103940013;Evaluated;9.5683;0.6233;64;True;2;duplicate_for_same_parent_sequence
89;2;39;10;diversification;5;ea5ba055ada0;swap;42;50;;;;;;;;;;;;True;False;False;False;;ok;15788.04186039929;15244.5590653203;15244.5590653203;15244.5590653203;617;15244.5590653203;5047.6346;543.4827950789895;Evaluated;9.4304;0.6275;64;True;2;duplicate_for_same_parent_sequence
89;2;39;;diversification;6;;;;;;;;;;;;;;;;;;;;;End-of-iteration summary row;;;15244.5590653203;15244.5590653203;617;15244.5590653203;5047.6368;;IterationSummary;;;;;;
90;2;40;1;diversification;6;ea5ba055ada0;move;;;20;3;;;;;;;;;;True;False;False;True;;ok;17229.571121095883;15244.5590653203;15244.5590653203;15244.5590653203;618;15244.5590653203;5062.3293;1985.0120557755836;Evaluated;14.0548;0.6264;64;True;3;duplicate_for_same_parent_sequence
90;2;40;2;diversification;6;ea5ba055ada0;reinsert_block;;;;;;;18;24;30;;;;;True;False;False;False;;ok;17057.65257530252;15244.5590653203;15244.5590653203;15244.5590653203;619;15244.5590653203;5069.0104;1813.09350998222;Evaluated;6.0525;0.6259;64;True;1;
90;2;40;3;diversification;6;ea5ba055ada0;swap;35;42;;;;;;;;;;;;True;False;False;False;;ok;17415.160610147253;15244.5590653203;15244.5590653203;15244.5590653203;620;15244.5590653203;5075.6723;2170.6015448269536;Evaluated;6.0337;0.6274;64;True;1;
90;2;40;4;diversification;6;ea5ba055ada0;move;;;61;2;;;;;;;;;;True;False;False;True;;ok;15124.217999373299;15244.5590653203;15244.5590653203;15244.5590653203;621;15244.5590653203;5085.6805;-120.34106594700097;Evaluated;9.3787;0.6267;64;True;2;duplicate_for_same_parent_sequence
90;2;40;5;diversification;6;ea5ba055ada0;move;;;18;40;;;;;;;;;;True;False;False;True;;ok;16746.326601755423;15244.5590653203;15244.5590653203;15244.5590653203;622;15244.5590653203;5096.0249;1501.7675364351235;Evaluated;9.7145;0.627;64;True;2;duplicate_for_same_parent_sequence
90;2;40;6;diversification;6;ea5ba055ada0;move;;;45;18;;;;;;;;;;True;False;False;True;;ok;16699.740202734774;15244.5590653203;15244.5590653203;15244.5590653203;623;15244.5590653203;5106.0282;1455.1811374144745;Evaluated;9.3751;0.6258;64;True;2;duplicate_for_same_parent_sequence
90;2;40;7;diversification;6;ea5ba055ada0;move;;;45;10;;;;;;;;;;True;False;False;True;;ok;17849.314247802056;15244.5590653203;15244.5590653203;15244.5590653203;624;15244.5590653203;5112.3035;2604.7551824817565;Evaluated;5.6473;0.6253;64;True;1;
90;2;40;8;diversification;6;ea5ba055ada0;move;;;20;35;;;;;;;;;;False;True;False;;;ok;;15244.5590653203;15244.5590653203;15244.5590653203;624;15244.5590653203;5125.6046;;DuplicateForSameParentSequenceAfterRetries;13.298;;;;3;duplicate_for_same_parent_sequence
90;2;40;9;diversification;6;ea5ba055ada0;move;;;25;30;;;;;;;;;;True;False;False;False;;ok;16915.85936932821;15244.5590653203;15244.5590653203;15244.5590653203;625;15244.5590653203;5131.8069;1671.3003040079093;Evaluated;5.5754;0.6258;64;True;1;
90;2;40;10;diversification;6;ea5ba055ada0;move;;;45;20;;;;;;;;;;True;False;False;True;;ok;16249.551929789084;15244.5590653203;15244.5590653203;15244.5590653203;626;15244.5590653203;5138.1934;1004.9928644687843;Evaluated;5.7516;0.6316;64;True;1;
90;2;40;;diversification;0;;;;;;;;;;;;;;;;;;;;;End-of-iteration summary row;;;15124.217999373299;15124.217999373299;626;15124.217999373299;5138.2033;;IterationSummary;;;;;;
91;2;41;1;normal;0;4a6318d7ed15;move;;;5;10;;;;;;;;;;True;False;False;False;;ok;17408.351375906594;15124.217999373299;15124.217999373299;15124.217999373299;627;15124.217999373299;5145.0684;2284.1333765332947;Evaluated;6.2296;0.6282;64;True;1;
91;2;41;2;normal;0;4a6318d7ed15;swap;16;20;;;;;;;;;;;;True;False;False;False;;ok;16650.518691389865;15124.217999373299;15124.217999373299;15124.217999373299;628;15124.217999373299;5151.3716;1526.3006920165662;Evaluated;5.6758;0.6266;64;True;1;
91;2;41;3;normal;0;4a6318d7ed15;reinsert_block;;;;;;;34;38;25;;;;;True;False;False;True;;ok;15668.412607221057;15124.217999373299;15124.217999373299;15124.217999373299;629;15124.217999373299;5158.1165;544.1946078477577;Evaluated;6.1156;0.6262;64;True;1;
91;2;41;4;normal;0;4a6318d7ed15;move;;;58;48;;;;;;;;;;True;False;False;True;;ok;15493.287534076979;15124.217999373299;15124.217999373299;15124.217999373299;630;15124.217999373299;5164.3562;369.0695347036799;Evaluated;5.607;0.6293;64;True;1;
91;2;41;5;normal;0;4a6318d7ed15;move;;;54;20;;;;;;;;;;True;False;False;True;;ok;17020.041910833337;15124.217999373299;15124.217999373299;15124.217999373299;631;15124.217999373299;5170.5396;1895.8239114600383;Evaluated;5.5537;0.6287;64;True;1;
91;2;41;;normal;1;;;;;;;;;;;;;;;;;;;;;End-of-iteration summary row;;;15124.217999373299;15124.217999373299;631;15124.217999373299;5170.5425;;IterationSummary;;;;;;
92;2;42;1;normal;1;4a6318d7ed15;move;;;10;5;;;;;;;;;;True;False;False;False;;ok;17347.674488604665;15124.217999373299;15124.217999373299;15124.217999373299;632;15124.217999373299;5177.3042;2223.4564892313665;Evaluated;6.1202;0.6298;64;True;1;
92;2;42;2;normal;1;4a6318d7ed15;swap;18;20;;;;;;;;;;;;True;False;False;False;;ok;16802.425103010242;15124.217999373299;15124.217999373299;15124.217999373299;633;15124.217999373299;5183.8394;1678.2071036369434;Evaluated;5.9072;0.6248;64;True;1;
92;2;42;3;normal;1;4a6318d7ed15;reinsert_block;;;;;;;34;37;25;;;;;True;False;False;True;;ok;16419.383870720314;15124.217999373299;15124.217999373299;15124.217999373299;634;15124.217999373299;5190.5636;1295.1658713470151;Evaluated;6.0941;0.6255;64;True;1;
92;2;42;4;normal;1;4a6318d7ed15;move;;;50;48;;;;;;;;;;True;False;False;False;;ok;15204.898701559296;15124.217999373299;15124.217999373299;15124.217999373299;635;15124.217999373299;5196.896;80.68070218599678;Evaluated;5.7015;0.6269;64;True;1;
92;2;42;5;normal;1;4a6318d7ed15;move;;;42;30;;;;;;;;;;True;False;False;True;;ok;16546.454534923487;15124.217999373299;15124.217999373299;15124.217999373299;636;15124.217999373299;5203.2799;1422.236535550188;Evaluated;5.7544;0.6266;64;True;1;
92;2;42;;normal;2;;;;;;;;;;;;;;;;;;;;;End-of-iteration summary row;;;15124.217999373299;15124.217999373299;636;15124.217999373299;5203.2845;;IterationSummary;;;;;;
93;2;43;1;normal;2;4a6318d7ed15;move;;;3;8;;;;;;;;;;True;False;False;False;;ok;17358.454309026853;15124.217999373299;15124.217999373299;15124.217999373299;637;15124.217999373299;5213.5681;2234.2363096535537;Evaluated;9.6485;0.6271;64;True;2;duplicate_for_same_parent_sequence
93;2;43;2;normal;2;4a6318d7ed15;swap;20;25;;;;;;;;;;;;True;False;False;False;;ok;16375.218359150816;15124.217999373299;15124.217999373299;15124.217999373299;638;15124.217999373299;5219.8738;1251.0003597775176;Evaluated;5.6751;0.6271;64;True;1;
93;2;43;3;normal;2;4a6318d7ed15;reinsert_block;;;;;;;35;40;28;;;;;True;False;False;False;;ok;16816.071423111047;15124.217999373299;15124.217999373299;15124.217999373299;639;15124.217999373299;5226.928;1691.853423737748;Evaluated;6.4248;0.6266;64;True;1;
93;2;43;4;normal;2;4a6318d7ed15;move;;;62;50;;;;;;;;;;True;False;False;True;;ok;15815.10373094729;15124.217999373299;15124.217999373299;15124.217999373299;640;15124.217999373299;5236.9361;690.8857315739915;Evaluated;9.3769;0.6284;64;True;2;duplicate_for_same_parent_sequence
93;2;43;5;normal;2;4a6318d7ed15;move;;;18;30;;;;;;;;;;True;False;False;True;;ok;16511.249062412982;15124.217999373299;15124.217999373299;15124.217999373299;641;15124.217999373299;5243.1519;1387.0310630396834;Evaluated;5.5861;0.6269;64;True;1;
93;2;43;;normal;3;;;;;;;;;;;;;;;;;;;;;End-of-iteration summary row;;;15124.217999373299;15124.217999373299;641;15124.217999373299;5243.1552;;IterationSummary;;;;;;
94;2;44;1;diversification;3;4a6318d7ed15;move;;;8;20;;;;;;;;;;True;False;False;True;;ok;17255.00029779295;15124.217999373299;15124.217999373299;15124.217999373299;642;15124.217999373299;5253.643;2130.782298419652;Evaluated;9.8489;0.6257;64;True;2;duplicate_for_same_parent_sequence
94;2;44;2;diversification;3;4a6318d7ed15;reinsert_block;;;;;;;18;25;30;;;;;True;False;False;False;;ok;17263.88493958027;15124.217999373299;15124.217999373299;15124.217999373299;643;15124.217999373299;5260.3716;2139.666940206973;Evaluated;6.0997;0.628;64;True;1;
94;2;44;3;diversification;3;4a6318d7ed15;swap;35;42;;;;;;;;;;;;True;False;False;False;;ok;15122.59160877099;15124.217999373299;15124.217999373299;15124.217999373299;644;15124.217999373299;5266.7252;-1.6263906023086747;EvaluatedImprovementDespiteDiversificationMismatch;5.7208;0.6288;64;True;1;
94;2;44;4;diversification;3;4a6318d7ed15;move;;;62;30;;;;;;;;;;True;False;False;True;;ok;17698.191463670537;15124.217999373299;15124.217999373299;15124.217999373299;645;15124.217999373299;5277.0771;2573.973464297238;Evaluated;9.7214;0.6268;64;True;2;duplicate_for_same_parent_sequence
94;2;44;5;diversification;3;4a6318d7ed15;move;;;25;15;;;;;;;;;;True;False;False;True;;ok;16430.028919619843;15124.217999373299;15124.217999373299;15124.217999373299;646;15124.217999373299;5287.3896;1305.810920246544;Evaluated;9.6814;0.6283;64;True;2;duplicate_for_same_parent_sequence
94;2;44;6;diversification;3;4a6318d7ed15;move;;;50;40;;;;;;;;;;True;False;False;True;;ok;16015.481172767328;15124.217999373299;15124.217999373299;15124.217999373299;647;15124.217999373299;5293.7173;891.2631733940289;Evaluated;5.6992;0.6243;64;True;1;
94;2;44;7;diversification;3;4a6318d7ed15;move;;;28;15;;;;;;;;;;True;False;False;True;;ok;16801.049329912694;15124.217999373299;15124.217999373299;15124.217999373299;648;15124.217999373299;5300.0605;1676.831330539395;Evaluated;5.7146;0.6255;64;True;1;
94;2;44;8;diversification;3;4a6318d7ed15;move;;;25;40;;;;;;;;;;True;False;False;True;;ok;15686.201968708898;15124.217999373299;15124.217999373299;15124.217999373299;649;15124.217999373299;5310.5185;561.9839693355989;Evaluated;9.824;0.6282;64;True;2;duplicate_for_same_parent_sequence
94;2;44;9;diversification;3;4a6318d7ed15;move;;;28;35;;;;;;;;;;True;False;False;False;;ok;16341.45844676305;15124.217999373299;15124.217999373299;15124.217999373299;650;15124.217999373299;5317.0573;1217.2404473897514;Evaluated;5.9093;0.6263;64;True;1;
94;2;44;10;diversification;3;4a6318d7ed15;move;;;45;30;;;;;;;;;;True;False;False;True;;ok;15842.401841371262;15124.217999373299;15124.217999373299;15124.217999373299;651;15124.217999373299;5323.3617;718.1838419979631;Evaluated;5.6772;0.6265;64;True;1;
94;2;44;;diversification;0;;;;;;;;;;;;;;;;;;;;;End-of-iteration summary row;;;15122.59160877099;15122.59160877099;651;15122.59160877099;5323.3777;;IterationSummary;;;;;;
95;2;45;1;normal;0;45565a614c4f;move;;;8;15;;;;;;;;;;True;False;False;False;;ok;16992.357897265694;15122.59160877099;15122.59160877099;15122.59160877099;652;15122.59160877099;5330.1285;1869.766288494704;Evaluated;6.1188;0.6255;64;True;1;
95;2;45;2;normal;0;45565a614c4f;swap;20;25;;;;;;;;;;;;True;False;False;False;;ok;16384.931633157834;15122.59160877099;15122.59160877099;15122.59160877099;653;15122.59160877099;5336.4175;1262.3400243868437;Evaluated;5.6615;0.6249;64;True;1;
95;2;45;3;normal;0;45565a614c4f;reinsert_block;;;;;;;32;38;40;;;;;True;False;False;False;;ok;16789.13781361892;15122.59160877099;15122.59160877099;15122.59160877099;654;15122.59160877099;5343.0873;1666.5462048479294;Evaluated;6.039;0.6281;64;True;1;
95;2;45;4;normal;0;45565a614c4f;move;;;58;48;;;;;;;;;;True;False;False;True;;ok;15870.374737886315;15122.59160877099;15122.59160877099;15122.59160877099;655;15122.59160877099;5349.2977;747.7831291153252;Evaluated;5.58;0.6274;64;True;1;
95;2;45;5;normal;0;45565a614c4f;move;;;20;35;;;;;;;;;;True;False;False;True;;ok;16654.902826941932;15122.59160877099;15122.59160877099;15122.59160877099;656;15122.59160877099;5355.9086;1532.311218170942;Evaluated;5.9811;0.6269;64;True;1;
95;2;45;;normal;1;;;;;;;;;;;;;;;;;;;;;End-of-iteration summary row;;;15122.59160877099;15122.59160877099;656;15122.59160877099;5355.9115;;IterationSummary;;;;;;
96;2;46;1;normal;1;45565a614c4f;move;;;5;10;;;;;;;;;;True;False;False;False;;ok;17409.270037555645;15122.59160877099;15122.59160877099;15122.59160877099;657;15122.59160877099;5362.9609;2286.678428784655;Evaluated;6.4102;0.6285;64;True;1;
96;2;46;2;normal;1;45565a614c4f;swap;18;24;;;;;;;;;;;;True;False;False;False;;ok;17022.624311468728;15122.59160877099;15122.59160877099;15122.59160877099;658;15122.59160877099;5373.3867;1900.0327026977375;Evaluated;9.7941;0.6282;64;True;2;duplicate_for_same_parent_sequence
96;2;46;3;normal;1;45565a614c4f;reinsert_block;;;;;;;34;38;25;;;;;True;False;False;True;;ok;15670.645431977857;15122.59160877099;15122.59160877099;15122.59160877099;659;15122.59160877099;5380.084;548.0538232068666;Evaluated;6.0662;0.6277;64;True;1;
96;2;46;4;normal;1;45565a614c4f;move;;;58;40;;;;;;;;;;True;False;False;True;;ok;15853.730036389778;15122.59160877099;15122.59160877099;15122.59160877099;660;15122.59160877099;5386.416;731.1384276187873;Evaluated;5.7015;0.6262;64;True;1;
96;2;46;5;normal;1;45565a614c4f;move;;;30;45;;;;;;;;;;True;False;False;True;;ok;16593.96855252279;15122.59160877099;15122.59160877099;15122.59160877099;661;15122.59160877099;5399.9173;1471.3769437518004;Evaluated;12.8712;0.6269;64;True;3;duplicate_for_same_parent_sequence
96;2;46;;normal;2;;;;;;;;;;;;;;;;;;;;;End-of-iteration summary row;;;15122.59160877099;15122.59160877099;661;15122.59160877099;5399.9182;;IterationSummary;;;;;;
97;2;47;1;normal;2;45565a614c4f;move;;;3;8;;;;;;;;;;True;False;False;False;;ok;17355.08293602681;15122.59160877099;15122.59160877099;15122.59160877099;662;15122.59160877099;5410.4864;2232.4913272558206;Evaluated;9.9379;0.6238;64;True;2;duplicate_for_same_parent_sequence
97;2;47;2;normal;2;45565a614c4f;swap;18;25;;;;;;;;;;;;True;False;False;False;;ok;16799.21847802563;15122.59160877099;15122.59160877099;15122.59160877099;663;15122.59160877099;5417.0656;1676.6268692546382;Evaluated;5.9518;0.6267;64;True;1;
97;2;47;3;normal;2;45565a614c4f;reinsert_block;;;;;;;35;40;28;;;;;True;False;False;False;;ok;16799.690241260694;15122.59160877099;15122.59160877099;15122.59160877099;664;15122.59160877099;5423.782;1677.098632489704;Evaluated;6.0873;0.6281;64;True;1;
97;2;47;4;normal;2;45565a614c4f;move;;;54;48;;;;;;;;;;True;False;False;False;;ok;15300.79210848321;15122.59160877099;15122.59160877099;15122.59160877099;665;15122.59160877099;5430.0461;178.20049971222033;Evaluated;5.6333;0.6278;64;True;1;
97;2;47;5;normal;2;45565a614c4f;move;;;28;15;;;;;;;;;;True;False;False;True;;ok;16791.121101272485;15122.59160877099;15122.59160877099;15122.59160877099;666;15122.59160877099;5436.244;1668.529492501495;Evaluated;5.5709;0.6248;64;True;1;
97;2;47;;normal;3;;;;;;;;;;;;;;;;;;;;;End-of-iteration summary row;;;15122.59160877099;15122.59160877099;666;15122.59160877099;5436.248;;IterationSummary;;;;;;
98;2;48;1;diversification;3;45565a614c4f;move;;;10;5;;;;;;;;;;True;False;False;False;;ok;17349.623980944216;15122.59160877099;15122.59160877099;15122.59160877099;667;15122.59160877099;5442.9155;2227.0323721732257;Evaluated;6.0226;0.6293;64;True;1;
98;2;48;2;diversification;3;45565a614c4f;reinsert_block;;;;;;;20;25;16;;;;;True;False;False;False;;ok;17605.347206591327;15122.59160877099;15122.59160877099;15122.59160877099;668;15122.59160877099;5449.6578;2482.7555978203363;Evaluated;6.1127;0.6264;64;True;1;
98;2;48;3;diversification;3;45565a614c4f;swap;35;40;;;;;;;;;;;;True;False;False;False;;ok;16913.94146997768;15122.59160877099;15122.59160877099;15122.59160877099;669;15122.59160877099;5456.2022;1791.3498612066887;Evaluated;5.9171;0.6263;64;True;1;
98;2;48;4;diversification;3;45565a614c4f;move;;;50;48;;;;;;;;;;True;False;False;False;;ok;15205.08539427941;15122.59160877099;15122.59160877099;15122.59160877099;670;15122.59160877099;5462.7911;82.49378550841902;Evaluated;5.9596;0.6266;64;True;1;
98;2;48;5;diversification;3;45565a614c4f;move;;;10;25;;;;;;;;;;True;False;False;True;;ok;17440.856424098867;15122.59160877099;15122.59160877099;15122.59160877099;671;15122.59160877099;5469.1971;2318.264815327877;Evaluated;5.7775;0.6249;64;True;1;
98;2;48;6;diversification;3;45565a614c4f;move;;;50;38;;;;;;;;;;True;False;False;True;;ok;16220.56156711644;15122.59160877099;15122.59160877099;15122.59160877099;672;15122.59160877099;5475.5076;1097.9699583454494;Evaluated;5.6813;0.6263;64;True;1;
98;2;48;7;diversification;3;45565a614c4f;move;;;50;40;;;;;;;;;;True;False;False;True;;ok;16013.807938913906;15122.59160877099;15122.59160877099;15122.59160877099;673;15122.59160877099;5481.8321;891.2163301429155;Evaluated;5.6968;0.6246;64;True;1;
98;2;48;8;diversification;3;45565a614c4f;move;;;20;15;;;;;;;;;;True;False;False;False;;ok;15479.845232886595;15122.59160877099;15122.59160877099;15122.59160877099;674;15122.59160877099;5488.3812;357.2536241156049;Evaluated;5.9209;0.6275;64;True;1;
98;2;48;9;diversification;3;45565a614c4f;swap;30;45;;;;;;;;;;;;True;False;False;True;;ok;16407.360114620238;15122.59160877099;15122.59160877099;15122.59160877099;675;15122.59160877099;5498.6555;1284.768505849248;Evaluated;9.6426;0.6286;64;True;2;duplicate_for_same_parent_sequence
98;2;48;10;diversification;3;45565a614c4f;move;;;32;15;;;;;;;;;;True;False;False;True;;ok;15808.947199808059;15122.59160877099;15122.59160877099;15122.59160877099;676;15122.59160877099;5508.9706;686.3555910370687;Evaluated;9.6836;0.6289;64;True;2;duplicate_for_same_parent_sequence
98;2;48;;diversification;4;;;;;;;;;;;;;;;;;;;;;End-of-iteration summary row;;;15122.59160877099;15122.59160877099;676;15122.59160877099;5508.9741;;IterationSummary;;;;;;
99;2;49;1;diversification;4;45565a614c4f;move;;;20;5;;;;;;;;;;True;False;False;True;;ok;17307.978221013294;15122.59160877099;15122.59160877099;15122.59160877099;677;15122.59160877099;5515.7347;2185.386612242304;Evaluated;6.127;0.6235;64;True;1;
99;2;49;2;diversification;4;45565a614c4f;move;;;34;20;;;;;;;;;;True;False;False;True;;ok;15116.203072565688;15122.59160877099;15122.59160877099;15122.59160877099;678;15122.59160877099;5526.4685;-6.388536205302444;Evaluated;10.1062;0.6269;64;True;2;duplicate_for_same_parent_sequence
99;2;49;3;diversification;4;45565a614c4f;swap;35;42;;;;;;;;;;;;True;False;False;False;;ok;15124.217999373299;15122.59160877099;15122.59160877099;15122.59160877099;679;15122.59160877099;5532.7994;1.6263906023086747;Evaluated;5.702;0.6253;64;True;1;
99;2;49;4;diversification;4;45565a614c4f;move;;;58;62;;;;;;;;;;True;False;False;False;;ok;15544.205860602158;15122.59160877099;15122.59160877099;15122.59160877099;680;15122.59160877099;5539.0551;421.6142518311681;Evaluated;5.6252;0.6278;64;True;1;
99;2;49;5;diversification;4;45565a614c4f;move;;;25;10;;;;;;;;;;True;False;False;True;;ok;15143.323542815611;15122.59160877099;15122.59160877099;15122.59160877099;681;15122.59160877099;5545.4241;20.731934044621084;Evaluated;5.7406;0.6258;64;True;1;
99;2;49;6;diversification;4;45565a614c4f;move;;;35;48;;;;;;;;;;True;False;False;True;;ok;15124.217999373299;15122.59160877099;15122.59160877099;15122.59160877099;682;15122.59160877099;5559.2396;1.6263906023086747;Evaluated;13.1868;0.6259;64;True;3;duplicate_for_same_parent_sequence
99;2;49;7;diversification;4;45565a614c4f;move;;;25;10;;;;;;;;;;False;True;False;;;ok;;15122.59160877099;15122.59160877099;15122.59160877099;682;15122.59160877099;5572.2736;;DuplicateForSameParentSequenceAfterRetries;13.0311;;;;3;duplicate_for_same_parent_sequence
99;2;49;8;diversification;4;45565a614c4f;move;;;15;8;;;;;;;;;;True;False;False;False;;ok;17674.958418564293;15122.59160877099;15122.59160877099;15122.59160877099;683;15122.59160877099;5578.3062;2552.3668097933023;Evaluated;5.4033;0.6283;64;True;1;
99;2;49;9;diversification;4;45565a614c4f;move;;;25;18;;;;;;;;;;True;False;False;False;;ok;16333.32189617606;15122.59160877099;15122.59160877099;15122.59160877099;684;15122.59160877099;5584.6362;1210.7302874050692;Evaluated;5.7007;0.6263;64;True;1;
99;2;49;10;diversification;4;45565a614c4f;move;;;50;42;;;;;;;;;;True;False;False;False;;ok;16547.788388610967;15122.59160877099;15122.59160877099;15122.59160877099;685;15122.59160877099;5591.2398;1425.1967798399764;Evaluated;5.9761;0.6243;64;True;1;
99;2;49;;diversification;0;;;;;;;;;;;;;;;;;;;;;End-of-iteration summary row;;;15116.203072565688;15116.203072565688;685;15116.203072565688;5591.2479;;IterationSummary;;;;;;
100;2;50;1;normal;0;a91d91da5656;move;;;15;8;;;;;;;;;;True;False;False;False;;ok;17747.204104268392;15116.203072565688;15116.203072565688;15116.203072565688;686;15116.203072565688;5598.0569;2631.0010317027045;Evaluated;6.1779;0.6241;64;True;1;
100;2;50;2;normal;0;a91d91da5656;swap;18;20;;;;;;;;;;;;True;False;False;False;;ok;16288.25356281262;15116.203072565688;15116.203072565688;15116.203072565688;687;15116.203072565688;5604.1265;1172.050490246933;Evaluated;5.4412;0.6278;64;True;1;
100;2;50;3;normal;0;a91d91da5656;reinsert_block;;;;;;;34;38;25;;;;;True;False;False;True;;ok;15573.894501572755;15116.203072565688;15116.203072565688;15116.203072565688;688;15116.203072565688;5610.5802;457.6914290070672;Evaluated;5.8229;0.6277;64;True;1;
100;2;50;4;normal;0;a91d91da5656;move;;;48;52;;;;;;;;;;True;False;False;False;;ok;15116.203072565688;15116.203072565688;15116.203072565688;15116.203072565688;689;15116.203072565688;5616.8196;0.0;Evaluated;5.6131;0.6236;64;True;1;
100;2;50;5;normal;0;a91d91da5656;move;;;25;18;;;;;;;;;;True;False;False;False;;ok;17550.687353211757;15116.203072565688;15116.203072565688;15116.203072565688;690;15116.203072565688;5622.8527;2434.4842806460692;Evaluated;5.4014;0.6298;64;True;1;
100;2;50;;normal;1;;;;;;;;;;;;;;;;;;;;;End-of-iteration summary row;;;15116.203072565688;15116.203072565688;690;15116.203072565688;5622.8555;;IterationSummary;;;;;;
100;2;50;;;1;;;;;;;;;;;;;;;;;;;;;PartA | PartG | PartE | PartB | PartC | PartD | PartE | PartC | PartF | PartA | PartG | PartB | PartD | PartE | PartF | PartG | PartH | PartH | PartC | PartD | PartA | PartE | PartF | PartG | PartA | PartH | PartB | PartA | PartC | PartD | PartE | PartF | PartG | PartB | PartH | PartA | PartC | PartD | PartE | PartF | PartG | PartH | PartB | PartA | PartC | PartD | PartE | PartF | PartG | PartH | PartB | PartE | PartB | PartC | PartD | PartF | PartG | PartH | PartA | PartB | PartC | PartD | PartF | PartH;;;15116.203072565688;15116.203072565688;690;15116.203072565688;5622.8628;;FinalGlobalBestSequence;;;;;;
