iteration;restart_id;iteration_in_restart;candidate_in_iteration;search_mode;no_improvement_count_before_iteration;parent_sequence_signature;action;swap_i;swap_j;move_from;move_to;reverse_start;reverse_end;reinsert_block_start;reinsert_block_end;reinsert_block_to;swap_blocks_start1;swap_blocks_end1;swap_blocks_start2;swap_blocks_end2;valid;duplicate_for_same_parent_sequence;recently_rejected_for_same_parent_sequence;diversification_compatible;parse_error;validation_message;resulting_makespan;best_makespan_before;best_makespan_after;global_best_makespan_after;completed_simulations;actual_global_best_makespan;elapsed_optimization_time_sec;delta_vs_best_before;status;llm_time_sec;simulation_time_sec;exited_parts;completion_valid;llm_attempts;retry_reason
1;1;1;1;normal;0;0f63cf6f404e;move;;;5;2;;;;;;;;;;True;False;False;False;;ok;17615.753874614704;16625.423888583944;16625.423888583944;16625.423888583944;2;16625.423888583944;16.7502;990.3299860307598;Evaluated;16.0105;0.7331;64;True;1;
1;1;1;2;normal;0;0f63cf6f404e;swap;17;32;;;;;;;;;;;;True;False;False;True;;ok;16804.633565715376;16625.423888583944;16625.423888583944;16625.423888583944;3;16625.423888583944;22.555;179.20967713143182;Evaluated;5.1664;0.6355;64;True;1;
1;1;1;3;normal;0;0f63cf6f404e;reinsert_block;;;;;;;32;40;16;;;;;True;False;False;True;;ok;16292.2047037198;16625.423888583944;16625.423888583944;16625.423888583944;4;16625.423888583944;28.7717;-333.21918486414324;Evaluated;5.5859;0.6277;64;True;1;
1;1;1;4;normal;0;0f63cf6f404e;move;;;50;48;;;;;;;;;;True;False;False;False;;ok;16168.73353686987;16625.423888583944;16625.423888583944;16625.423888583944;5;16625.423888583944;34.363;-456.6903517140745;Evaluated;4.959;0.6297;64;True;1;
1;1;1;5;normal;0;0f63cf6f404e;move;;;16;32;;;;;;;;;;True;False;False;True;;ok;17549.423779222932;16625.423888583944;16625.423888583944;16625.423888583944;6;16625.423888583944;40.1643;923.9998906389883;Evaluated;5.1735;0.6252;64;True;1;
1;1;1;;normal;0;;;;;;;;;;;;;;;;;;;;;End-of-iteration summary row;;;16168.73353686987;16168.73353686987;6;16168.73353686987;40.1764;;IterationSummary;;;;;;
2;1;2;1;normal;0;660e1a9970ee;move;;;10;5;;;;;;;;;;True;False;False;False;;ok;15645.659750200617;16168.73353686987;16168.73353686987;16168.73353686987;7;16168.73353686987;46.85;-523.0737866692525;Evaluated;6.0154;0.6495;64;True;1;
2;1;2;2;normal;0;660e1a9970ee;swap;18;20;;;;;;;;;;;;True;False;False;False;;ok;16930.623814515664;16168.73353686987;16168.73353686987;16168.73353686987;8;16168.73353686987;53.1378;761.8902776457944;Evaluated;5.6418;0.643;64;True;1;
2;1;2;3;normal;0;660e1a9970ee;reinsert_block;;;;;;;35;40;16;;;;;True;False;False;True;;ok;16548.227202001053;16168.73353686987;16168.73353686987;16168.73353686987;9;16168.73353686987;59.6865;379.49366513118366;Evaluated;5.9208;0.6259;64;True;1;
2;1;2;4;normal;0;660e1a9970ee;move;;;50;49;;;;;;;;;;True;False;False;False;;ok;16213.883426405979;16168.73353686987;16168.73353686987;16168.73353686987;10;16168.73353686987;65.9016;45.149889536109185;Evaluated;5.587;0.6255;64;True;1;
2;1;2;5;normal;0;660e1a9970ee;swap;10;20;;;;;;;;;;;;True;False;False;False;;ok;17382.61382734191;16168.73353686987;16168.73353686987;16168.73353686987;11;16168.73353686987;75.7339;1213.8802904720396;Evaluated;9.2025;0.6273;64;True;2;duplicate_for_same_parent_sequence
2;1;2;;normal;0;;;;;;;;;;;;;;;;;;;;;End-of-iteration summary row;;;15645.659750200617;15645.659750200617;11;15645.659750200617;75.75;;IterationSummary;;;;;;
3;1;3;1;normal;0;48dc97c613aa;move;;;7;5;;;;;;;;;;True;False;False;False;;ok;17084.55129992606;15645.659750200617;15645.659750200617;15645.659750200617;12;15645.659750200617;82.5601;1438.8915497254438;Evaluated;6.1752;0.6256;64;True;1;
3;1;3;2;normal;0;48dc97c613aa;swap;20;31;;;;;;;;;;;;True;False;False;False;;ok;16748.440478287936;15645.659750200617;15645.659750200617;15645.659750200617;13;15645.659750200617;88.8608;1102.7807280873185;Evaluated;5.6601;0.6374;64;True;1;
3;1;3;3;normal;0;48dc97c613aa;reinsert_block;;;;;;;35;40;16;;;;;True;False;False;True;;ok;16739.95735198485;15645.659750200617;15645.659750200617;15645.659750200617;14;15645.659750200617;95.4877;1094.297601784232;Evaluated;5.9974;0.6259;64;True;1;
3;1;3;4;normal;0;48dc97c613aa;move;;;50;48;;;;;;;;;;True;False;False;False;;ok;15631.966223066434;15645.659750200617;15645.659750200617;15645.659750200617;15;15645.659750200617;101.6993;-13.69352713418266;Evaluated;5.5732;0.6352;64;True;1;
3;1;3;5;normal;0;48dc97c613aa;move;;;25;30;;;;;;;;;;True;False;False;False;;ok;15622.955541699463;15645.659750200617;15645.659750200617;15645.659750200617;16;15645.659750200617;107.9422;-22.704208501154426;Evaluated;5.5884;0.6513;64;True;1;
3;1;3;;normal;0;;;;;;;;;;;;;;;;;;;;;End-of-iteration summary row;;;15622.955541699463;15622.955541699463;16;15622.955541699463;107.9638;;IterationSummary;;;;;;
4;1;4;1;normal;0;8687db6c5c35;move;;;10;5;;;;;;;;;;True;False;False;False;;ok;17745.9849594573;15622.955541699463;15622.955541699463;15622.955541699463;17;15622.955541699463;114.8292;2123.029417757836;Evaluated;6.2225;0.6311;64;True;1;
4;1;4;2;normal;0;8687db6c5c35;swap;18;20;;;;;;;;;;;;True;False;False;False;;ok;16824.232369564917;15622.955541699463;15622.955541699463;15622.955541699463;18;15622.955541699463;121.0953;1201.2768278654548;Evaluated;5.6211;0.6438;64;True;1;
4;1;4;3;normal;0;8687db6c5c35;reinsert_block;;;;;;;35;40;16;;;;;True;False;False;True;;ok;16377.133696631858;15622.955541699463;15622.955541699463;15622.955541699463;19;15622.955541699463;127.7155;754.178154932395;Evaluated;5.991;0.6259;64;True;1;
4;1;4;4;normal;0;8687db6c5c35;move;;;50;49;;;;;;;;;;True;False;False;False;;ok;15623.430347625615;15622.955541699463;15622.955541699463;15622.955541699463;20;15622.955541699463;133.904;0.4748059261528397;Evaluated;5.5514;0.6347;64;True;1;
4;1;4;5;normal;0;8687db6c5c35;move;;;25;40;;;;;;;;;;True;False;False;True;;ok;16032.441611931934;15622.955541699463;15622.955541699463;15622.955541699463;21;15622.955541699463;140.0919;409.4860702324713;Evaluated;5.5537;0.6314;64;True;1;
4;1;4;;normal;1;;;;;;;;;;;;;;;;;;;;;End-of-iteration summary row;;;15622.955541699463;15622.955541699463;21;15622.955541699463;140.0955;;IterationSummary;;;;;;
5;1;5;1;normal;1;8687db6c5c35;move;;;2;5;;;;;;;;;;True;False;False;False;;ok;17229.260877262062;15622.955541699463;15622.955541699463;15622.955541699463;22;15622.955541699463;146.5102;1606.3053355625998;Evaluated;5.7553;0.6472;64;True;1;
5;1;5;2;normal;1;8687db6c5c35;move;;;25;35;;;;;;;;;;True;False;False;True;;ok;16252.812020265876;15622.955541699463;15622.955541699463;15622.955541699463;23;15622.955541699463;156.488;629.856478566413;Evaluated;9.3401;0.6347;64;True;2;duplicate_for_same_parent_sequence
5;1;5;3;normal;1;8687db6c5c35;move;;;25;28;;;;;;;;;;True;False;False;False;;ok;16738.974734923104;15622.955541699463;15622.955541699463;15622.955541699463;24;15622.955541699463;166.9603;1116.0191932236412;Evaluated;9.8011;0.6685;64;True;2;duplicate_for_same_parent_sequence
5;1;5;4;normal;1;8687db6c5c35;move;;;50;48;;;;;;;;;;True;False;False;False;;ok;15623.430347625615;15622.955541699463;15622.955541699463;15622.955541699463;25;15622.955541699463;173.3132;0.4748059261528397;Evaluated;5.7029;0.6475;64;True;1;
5;1;5;5;normal;1;8687db6c5c35;move;;;25;30;;;;;;;;;;True;False;False;False;;ok;16445.793967895246;15622.955541699463;15622.955541699463;15622.955541699463;26;15622.955541699463;179.4552;822.8384261957835;Evaluated;5.5166;0.6229;64;True;1;
5;1;5;;normal;2;;;;;;;;;;;;;;;;;;;;;End-of-iteration summary row;;;15622.955541699463;15622.955541699463;26;15622.955541699463;179.458;;IterationSummary;;;;;;
6;1;6;1;normal;2;8687db6c5c35;move;;;8;3;;;;;;;;;;True;False;False;False;;ok;17447.41637313473;15622.955541699463;15622.955541699463;15622.955541699463;27;15622.955541699463;189.7444;1824.4608314352663;Evaluated;9.6339;0.6443;64;True;2;duplicate_for_same_parent_sequence
6;1;6;2;normal;2;8687db6c5c35;swap;17;20;;;;;;;;;;;;True;False;False;False;;ok;16767.172059865952;15622.955541699463;15622.955541699463;15622.955541699463;28;15622.955541699463;196.026;1144.2165181664895;Evaluated;5.6446;0.6342;64;True;1;
6;1;6;3;normal;2;8687db6c5c35;move;;;25;20;;;;;;;;;;True;False;False;False;;ok;16898.0548774016;15622.955541699463;15622.955541699463;15622.955541699463;29;15622.955541699463;206.3766;1275.0993357021362;Evaluated;9.7147;0.6353;64;True;2;duplicate_for_same_parent_sequence
6;1;6;4;normal;2;8687db6c5c35;move;;;48;50;;;;;;;;;;True;False;False;False;;ok;15622.955541699463;15622.955541699463;15622.955541699463;15622.955541699463;30;15622.955541699463;212.7193;0.0;Evaluated;5.7176;0.6245;64;True;1;
6;1;6;5;normal;2;8687db6c5c35;move;;;20;5;;;;;;;;;;True;False;False;True;;ok;17639.10888684537;15622.955541699463;15622.955541699463;15622.955541699463;31;15622.955541699463;218.8354;2016.1533451459072;Evaluated;5.4934;0.622;64;True;1;
6;1;6;;normal;3;;;;;;;;;;;;;;;;;;;;;End-of-iteration summary row;;;15622.955541699463;15622.955541699463;31;15622.955541699463;218.838;;IterationSummary;;;;;;
7;1;7;1;diversification;3;8687db6c5c35;move;;;10;25;;;;;;;;;;True;False;False;True;;ok;15638.379558666813;15622.955541699463;15622.955541699463;15622.955541699463;32;15622.955541699463;233.2236;15.424016967350326;Evaluated;13.712;0.6578;64;True;3;duplicate_for_same_parent_sequence
7;1;7;2;diversification;3;8687db6c5c35;reinsert_block;;;;;;;20;25;16;;;;;True;False;False;False;;ok;17899.305205995202;15622.955541699463;15622.955541699463;15622.955541699463;33;15622.955541699463;239.9133;2276.34966429574;Evaluated;6.0524;0.6343;64;True;1;
7;1;7;3;diversification;3;8687db6c5c35;swap;35;40;;;;;;;;;;;;True;False;False;False;;ok;15987.060682739768;15622.955541699463;15622.955541699463;15622.955541699463;34;15622.955541699463;246.5245;364.10514104030517;Evaluated;5.9692;0.6413;64;True;1;
7;1;7;4;diversification;3;8687db6c5c35;move;;;50;30;;;;;;;;;;True;False;False;True;;ok;16378.637622541872;15622.955541699463;15622.955541699463;15622.955541699463;35;15622.955541699463;256.8191;755.682080842409;Evaluated;9.6489;0.6451;64;True;2;duplicate_for_same_parent_sequence
7;1;7;5;diversification;3;8687db6c5c35;move;;;15;20;;;;;;;;;;True;False;False;False;;ok;16430.414268652705;15622.955541699463;15622.955541699463;15622.955541699463;36;15622.955541699463;263.4185;807.4587269532421;Evaluated;5.9633;0.634;64;True;1;
7;1;7;6;diversification;3;8687db6c5c35;move;;;40;35;;;;;;;;;;True;False;False;False;;ok;16380.150327862732;15622.955541699463;15622.955541699463;15622.955541699463;37;15622.955541699463;269.7316;757.1947861632689;Evaluated;5.6586;0.6538;64;True;1;
7;1;7;7;diversification;3;8687db6c5c35;move;;;8;15;;;;;;;;;;True;False;False;False;;ok;15623.245687767481;15622.955541699463;15622.955541699463;15622.955541699463;38;15622.955541699463;279.9185;0.2901460680186574;Evaluated;9.5514;0.6328;64;True;2;duplicate_for_same_parent_sequence
7;1;7;8;diversification;3;8687db6c5c35;reinsert_block;;;;;;;8;12;24;;;;;True;False;False;True;;ok;17484.475710218583;15622.955541699463;15622.955541699463;15622.955541699463;39;15622.955541699463;290.2789;1861.5201685191205;Evaluated;9.719;0.6384;64;True;2;duplicate_for_same_parent_sequence
7;1;7;9;diversification;3;8687db6c5c35;move;;;27;18;;;;;;;;;;True;False;False;False;;ok;16856.966259201028;15622.955541699463;15622.955541699463;15622.955541699463;40;15622.955541699463;296.6427;1234.0107175015655;Evaluated;5.7295;0.6319;64;True;1;
7;1;7;10;diversification;3;8687db6c5c35;move;;;45;50;;;;;;;;;;True;False;False;False;;ok;15703.348903144466;15622.955541699463;15622.955541699463;15622.955541699463;41;15622.955541699463;303.1818;80.39336144500339;Evaluated;5.9107;0.6277;64;True;1;
7;1;7;;diversification;4;;;;;;;;;;;;;;;;;;;;;End-of-iteration summary row;;;15622.955541699463;15622.955541699463;41;15622.955541699463;303.1825;;IterationSummary;;;;;;
8;1;8;1;diversification;4;8687db6c5c35;move;;;30;5;;;;;;;;;;True;False;False;True;;ok;17284.8788330925;15622.955541699463;15622.955541699463;15622.955541699463;42;15622.955541699463;313.4336;1661.923291393039;Evaluated;9.6038;0.6417;64;True;2;duplicate_for_same_parent_sequence
8;1;8;2;diversification;4;8687db6c5c35;move;;;43;28;;;;;;;;;;True;False;False;True;;ok;15975.385187263622;15622.955541699463;15622.955541699463;15622.955541699463;43;15622.955541699463;323.9054;352.4296455641597;Evaluated;9.8247;0.6466;64;True;2;duplicate_for_same_parent_sequence
8;1;8;3;diversification;4;8687db6c5c35;swap;32;47;;;;;;;;;;;;True;False;False;True;;ok;15409.43629194782;15622.955541699463;15622.955541699463;15622.955541699463;44;15622.955541699463;334.0043;-213.51924975164184;Evaluated;9.4549;0.6412;64;True;2;duplicate_for_same_parent_sequence
8;1;8;4;diversification;4;8687db6c5c35;move;;;48;60;;;;;;;;;;True;False;False;True;;ok;15489.634046135188;15622.955541699463;15622.955541699463;15622.955541699463;45;15622.955541699463;343.9918;-133.3214955642743;Evaluated;9.3551;0.6295;64;True;2;duplicate_for_same_parent_sequence
8;1;8;5;diversification;4;8687db6c5c35;move;;;30;25;;;;;;;;;;True;False;False;False;;ok;15645.659750200617;15622.955541699463;15622.955541699463;15622.955541699463;46;15622.955541699463;350.7568;22.704208501154426;Evaluated;6.1082;0.6534;64;True;1;
8;1;8;6;diversification;4;8687db6c5c35;move;;;35;45;;;;;;;;;;True;False;False;True;;ok;15892.360568144486;15622.955541699463;15622.955541699463;15622.955541699463;47;15622.955541699463;360.5953;269.4050264450234;Evaluated;9.1908;0.6444;64;True;2;duplicate_for_same_parent_sequence
8;1;8;7;diversification;4;8687db6c5c35;move;;;27;30;;;;;;;;;;True;False;False;False;;ok;16229.60970246523;15622.955541699463;15622.955541699463;15622.955541699463;48;15622.955541699463;366.8482;606.6541607657673;Evaluated;5.6123;0.6374;64;True;1;
8;1;8;8;diversification;4;8687db6c5c35;move;;;30;40;;;;;;;;;;True;False;False;True;;ok;15913.40215803426;15622.955541699463;15622.955541699463;15622.955541699463;49;15622.955541699463;377.0705;290.446616334797;Evaluated;9.5755;0.6441;64;True;2;duplicate_for_same_parent_sequence
8;1;8;9;diversification;4;8687db6c5c35;move;;;28;35;;;;;;;;;;True;False;False;False;;ok;16300.206474054356;15622.955541699463;15622.955541699463;15622.955541699463;50;15622.955541699463;383.4398;677.2509323548929;Evaluated;5.7315;0.6345;64;True;1;
8;1;8;10;diversification;4;8687db6c5c35;move;;;45;30;;;;;;;;;;True;False;False;True;;ok;17334.787840253564;15622.955541699463;15622.955541699463;15622.955541699463;51;15622.955541699463;389.8569;1711.8322985541017;Evaluated;5.7714;0.6439;64;True;1;
8;1;8;;diversification;0;;;;;;;;;;;;;;;;;;;;;End-of-iteration summary row;;;15409.43629194782;15409.43629194782;51;15409.43629194782;389.8634;;IterationSummary;;;;;;
9;1;9;1;normal;0;acb18c650a9f;move;;;2;10;;;;;;;;;;True;False;False;False;;ok;18049.550306080546;15409.43629194782;15409.43629194782;15409.43629194782;52;15409.43629194782;396.5595;2640.114014132725;Evaluated;6.0523;0.6356;64;True;1;
9;1;9;2;normal;0;acb18c650a9f;swap;18;20;;;;;;;;;;;;True;False;False;False;;ok;16830.99118275253;15409.43629194782;15409.43629194782;15409.43629194782;53;15409.43629194782;403.0865;1421.5548908047076;Evaluated;5.9032;0.6231;64;True;1;
9;1;9;3;normal;0;acb18c650a9f;reinsert_block;;;;;;;35;40;28;;;;;True;False;False;False;;ok;16104.664727565647;15409.43629194782;15409.43629194782;15409.43629194782;54;15409.43629194782;409.8366;695.2284356178261;Evaluated;6.1149;0.6341;64;True;1;
9;1;9;4;normal;0;acb18c650a9f;move;;;50;48;;;;;;;;;;True;False;False;False;;ok;15626.36881072531;15409.43629194782;15409.43629194782;15409.43629194782;55;15409.43629194782;416.2286;216.93251877748844;Evaluated;5.7343;0.655;64;True;1;
9;1;9;5;normal;0;acb18c650a9f;move;;;27;15;;;;;;;;;;True;False;False;True;;ok;16860.314040407866;15409.43629194782;15409.43629194782;15409.43629194782;56;15409.43629194782;422.5092;1450.877748460045;Evaluated;5.6427;0.6353;64;True;1;
9;1;9;;normal;1;;;;;;;;;;;;;;;;;;;;;End-of-iteration summary row;;;15409.43629194782;15409.43629194782;56;15409.43629194782;422.5119;;IterationSummary;;;;;;
10;1;10;1;normal;1;acb18c650a9f;move;;;10;5;;;;;;;;;;True;False;False;False;;ok;17744.56863225486;15409.43629194782;15409.43629194782;15409.43629194782;57;15409.43629194782;429.0768;2335.13234030704;Evaluated;5.9258;0.626;64;True;1;
10;1;10;2;normal;1;acb18c650a9f;move;;;27;35;;;;;;;;;;True;False;False;False;;ok;16714.945731295964;15409.43629194782;15409.43629194782;15409.43629194782;58;15409.43629194782;439.4502;1305.5094393481431;Evaluated;9.7363;0.6345;64;True;2;duplicate_for_same_parent_sequence
10;1;10;3;normal;1;acb18c650a9f;move;;;37;25;;;;;;;;;;True;False;False;True;;ok;17057.483720336313;15409.43629194782;15409.43629194782;15409.43629194782;59;15409.43629194782;449.8519;1648.0474283884923;Evaluated;9.7637;0.6354;64;True;2;duplicate_for_same_parent_sequence
10;1;10;4;normal;1;acb18c650a9f;move;;;50;49;;;;;;;;;;True;False;False;False;;ok;15626.36881072531;15409.43629194782;15409.43629194782;15409.43629194782;60;15409.43629194782;456.1369;216.93251877748844;Evaluated;5.651;0.6315;64;True;1;
10;1;10;5;normal;1;acb18c650a9f;move;;;30;25;;;;;;;;;;True;False;False;False;;ok;15409.249112538377;15409.43629194782;15409.43629194782;15409.43629194782;61;15409.43629194782;466.3351;-0.1871794094440702;Evaluated;9.5712;0.6262;64;True;2;duplicate_for_same_parent_sequence
10;1;10;;normal;0;;;;;;;;;;;;;;;;;;;;;End-of-iteration summary row;;;15409.249112538377;15409.249112538377;61;15409.249112538377;466.3431;;IterationSummary;;;;;;
11;1;11;1;normal;0;c9b3d25144d2;move;;;10;5;;;;;;;;;;True;False;False;False;;ok;17748.26824255226;15409.249112538377;15409.249112538377;15409.249112538377;62;15409.249112538377;473.0029;2339.019130013885;Evaluated;6.0195;0.6337;64;True;1;
11;1;11;2;normal;0;c9b3d25144d2;swap;20;25;;;;;;;;;;;;True;False;False;False;;ok;17282.614951355295;15409.249112538377;15409.249112538377;15409.249112538377;63;15409.249112538377;479.3232;1873.3658388169188;Evaluated;5.6781;0.6398;64;True;1;
11;1;11;3;normal;0;c9b3d25144d2;reinsert_block;;;;;;;37;41;25;;;;;True;False;False;True;;ok;17350.156549615127;15409.249112538377;15409.249112538377;15409.249112538377;64;15409.249112538377;485.9645;1940.9074370767503;Evaluated;6.0134;0.6251;64;True;1;
11;1;11;4;normal;0;c9b3d25144d2;move;;;50;48;;;;;;;;;;True;False;False;False;;ok;15632.352960164802;15409.249112538377;15409.249112538377;15409.249112538377;65;15409.249112538377;492.1975;223.1038476264257;Evaluated;5.5953;0.6349;64;True;1;
11;1;11;5;normal;0;c9b3d25144d2;move;;;30;15;;;;;;;;;;True;False;False;True;;ok;18065.447686906246;15409.249112538377;15409.249112538377;15409.249112538377;66;15409.249112538377;502.0214;2656.198574367869;Evaluated;9.1896;0.6336;64;True;2;duplicate_for_same_parent_sequence
11;1;11;;normal;1;;;;;;;;;;;;;;;;;;;;;End-of-iteration summary row;;;15409.249112538377;15409.249112538377;66;15409.249112538377;502.0233;;IterationSummary;;;;;;
12;1;12;1;normal;1;c9b3d25144d2;move;;;8;3;;;;;;;;;;True;False;False;False;;ok;17452.284521838053;15409.249112538377;15409.249112538377;15409.249112538377;67;15409.249112538377;513.2169;2043.0354092996768;Evaluated;10.5598;0.6233;64;True;2;duplicate_for_same_parent_sequence
12;1;12;2;normal;1;c9b3d25144d2;swap;17;20;;;;;;;;;;;;True;False;False;False;;ok;16768.28675413719;15409.249112538377;15409.249112538377;15409.249112538377;68;15409.249112538377;519.5112;1359.0376415988121;Evaluated;5.6705;0.623;64;True;1;
12;1;12;3;normal;1;c9b3d25144d2;reinsert_block;;;;;;;32;40;15;;;;;True;False;False;True;;ok;16478.61875493698;15409.249112538377;15409.249112538377;15409.249112538377;69;15409.249112538377;526.1774;1069.369642398602;Evaluated;6.0379;0.6255;64;True;1;
12;1;12;4;normal;1;c9b3d25144d2;move;;;50;47;;;;;;;;;;True;False;False;False;;ok;15630.379890576545;15409.249112538377;15409.249112538377;15409.249112538377;70;15409.249112538377;532.1312;221.1307780381685;Evaluated;5.3265;0.6243;64;True;1;
12;1;12;5;normal;1;c9b3d25144d2;move;;;27;10;;;;;;;;;;True;False;False;True;;ok;17270.633274450884;15409.249112538377;15409.249112538377;15409.249112538377;71;15409.249112538377;538.337;1861.384161912507;Evaluated;5.579;0.6238;64;True;1;
12;1;12;;normal;2;;;;;;;;;;;;;;;;;;;;;End-of-iteration summary row;;;15409.249112538377;15409.249112538377;71;15409.249112538377;538.3395;;IterationSummary;;;;;;
13;1;13;1;normal;2;c9b3d25144d2;move;;;10;5;;;;;;;;;;False;True;False;;;ok;;15409.249112538377;15409.249112538377;15409.249112538377;71;15409.249112538377;552.3835;;DuplicateForSameParentSequenceAfterRetries;14.028;;;;3;duplicate_for_same_parent_sequence
13;1;13;2;normal;2;c9b3d25144d2;swap;18;25;;;;;;;;;;;;True;False;False;False;;ok;16894.323395723593;15409.249112538377;15409.249112538377;15409.249112538377;72;15409.249112538377;562.6654;1485.0742831852167;Evaluated;9.628;0.6528;64;True;2;duplicate_for_same_parent_sequence
13;1;13;3;normal;2;c9b3d25144d2;reinsert_block;;;;;;;35;40;18;;;;;True;False;False;True;;ok;16070.513048470204;15409.249112538377;15409.249112538377;15409.249112538377;73;15409.249112538377;569.3756;661.2639359318273;Evaluated;6.0616;0.6458;64;True;1;
13;1;13;4;normal;2;c9b3d25144d2;move;;;30;12;;;;;;;;;;True;False;False;True;;ok;16309.678160918053;15409.249112538377;15409.249112538377;15409.249112538377;74;15409.249112538377;579.3315;900.4290483796758;Evaluated;9.3189;0.6341;64;True;2;duplicate_for_same_parent_sequence
13;1;13;5;normal;2;c9b3d25144d2;move;;;15;7;;;;;;;;;;True;False;False;False;;ok;17277.54283740664;15409.249112538377;15409.249112538377;15409.249112538377;75;15409.249112538377;592.6929;1868.2937248682629;Evaluated;12.7366;0.6222;64;True;3;duplicate_for_same_parent_sequence
13;1;13;;normal;3;;;;;;;;;;;;;;;;;;;;;End-of-iteration summary row;;;15409.249112538377;15409.249112538377;75;15409.249112538377;592.6936;;IterationSummary;;;;;;
14;1;14;1;diversification;3;c9b3d25144d2;move;;;20;5;;;;;;;;;;True;False;False;True;;ok;17641.600088024665;15409.249112538377;15409.249112538377;15409.249112538377;76;15409.249112538377;599.3774;2232.350975486288;Evaluated;6.0491;0.629;64;True;1;
14;1;14;2;diversification;3;c9b3d25144d2;reinsert_block;;;;;;;25;30;16;;;;;True;False;False;True;;ok;15524.77009404979;15409.249112538377;15409.249112538377;15409.249112538377;77;15409.249112538377;606.1632;115.52098151141399;Evaluated;6.1308;0.6536;64;True;1;
14;1;14;3;diversification;3;c9b3d25144d2;swap;35;40;;;;;;;;;;;;True;False;False;False;;ok;15987.142217896599;15409.249112538377;15409.249112538377;15409.249112538377;78;15409.249112538377;612.7325;577.8931053582219;Evaluated;5.9238;0.6424;64;True;1;
14;1;14;4;diversification;3;c9b3d25144d2;move;;;50;48;;;;;;;;;;False;True;True;;;ok;;15409.249112538377;15409.249112538377;15409.249112538377;78;15409.249112538377;626.1444;;DuplicateForSameParentSequenceAfterRetries;13.4112;;;;3;duplicate_for_same_parent_sequence
14;1;14;5;diversification;3;c9b3d25144d2;swap;3;28;;;;;;;;;;;;True;False;False;True;;ok;16538.035846798928;15409.249112538377;15409.249112538377;15409.249112538377;79;15409.249112538377;636.1114;1128.7867342605514;Evaluated;9.3245;0.6416;64;True;2;duplicate_for_same_parent_sequence
14;1;14;6;diversification;3;c9b3d25144d2;move;;;50;32;;;;;;;;;;True;False;False;True;;ok;15727.638466018821;15409.249112538377;15409.249112538377;15409.249112538377;80;15409.249112538377;642.5133;318.3893534804447;Evaluated;5.7673;0.6339;64;True;1;
14;1;14;7;diversification;3;c9b3d25144d2;swap;30;35;;;;;;;;;;;;True;False;False;False;;ok;15209.463484965723;15409.249112538377;15409.249112538377;15409.249112538377;81;15409.249112538377;652.3572;-199.78562757265354;EvaluatedImprovementDespiteDiversificationMismatch;9.206;0.6373;64;True;2;duplicate_for_same_parent_sequence
14;1;14;8;diversification;3;c9b3d25144d2;move;;;25;10;;;;;;;;;;True;False;False;True;;ok;17275.67181651554;15409.249112538377;15409.249112538377;15409.249112538377;82;15409.249112538377;658.424;1866.422703977163;Evaluated;5.4441;0.6221;64;True;1;
14;1;14;9;diversification;3;c9b3d25144d2;move;;;28;35;;;;;;;;;;True;False;False;False;;ok;16096.110871306364;15409.249112538377;15409.249112538377;15409.249112538377;83;15409.249112538377;664.7734;686.8617587679873;Evaluated;5.7078;0.6408;64;True;1;
14;1;14;10;diversification;3;c9b3d25144d2;move;;;50;42;;;;;;;;;;True;False;False;False;;ok;15975.205824236784;15409.249112538377;15409.249112538377;15409.249112538377;84;15409.249112538377;671.4603;565.9567116984072;Evaluated;6.0261;0.6601;64;True;1;
14;1;14;;diversification;0;;;;;;;;;;;;;;;;;;;;;End-of-iteration summary row;;;15209.463484965723;15209.463484965723;84;15209.463484965723;671.4746;;IterationSummary;;;;;;
15;1;15;1;normal;0;d0b5c59e33ce;move;;;5;10;;;;;;;;;;True;False;False;False;;ok;16013.843676405617;15209.463484965723;15209.463484965723;15209.463484965723;85;15209.463484965723;678.2027;804.3801914398937;Evaluated;6.0863;0.6351;64;True;1;
15;1;15;2;normal;0;d0b5c59e33ce;swap;17;20;;;;;;;;;;;;True;False;False;False;;ok;16768.4935036951;15209.463484965723;15209.463484965723;15209.463484965723;86;15209.463484965723;684.7763;1559.030018729376;Evaluated;5.9366;0.6342;64;True;1;
15;1;15;3;normal;0;d0b5c59e33ce;reinsert_block;;;;;;;35;40;20;;;;;True;False;False;True;;ok;16919.157690559947;15209.463484965723;15209.463484965723;15209.463484965723;87;15209.463484965723;691.4924;1709.6942055942236;Evaluated;6.0818;0.6317;64;True;1;
15;1;15;4;normal;0;d0b5c59e33ce;move;;;50;49;;;;;;;;;;True;False;False;False;;ok;15211.507984178774;15209.463484965723;15209.463484965723;15209.463484965723;88;15209.463484965723;698.0162;2.0444992130505852;Evaluated;5.8968;0.6247;64;True;1;
15;1;15;5;normal;0;d0b5c59e33ce;move;;;50;47;;;;;;;;;;True;False;False;False;;ok;15907.223179694942;15209.463484965723;15209.463484965723;15209.463484965723;89;15209.463484965723;704.301;697.7596947292186;Evaluated;5.6477;0.6346;64;True;1;
15;1;15;;normal;1;;;;;;;;;;;;;;;;;;;;;End-of-iteration summary row;;;15209.463484965723;15209.463484965723;89;15209.463484965723;704.3038;;IterationSummary;;;;;;
16;1;16;1;normal;1;d0b5c59e33ce;move;;;10;5;;;;;;;;;;True;False;False;False;;ok;16905.03298320164;15209.463484965723;15209.463484965723;15209.463484965723;90;15209.463484965723;711.3904;1695.5694982359164;Evaluated;6.4393;0.6357;64;True;1;
16;1;16;2;normal;1;d0b5c59e33ce;swap;16;20;;;;;;;;;;;;True;False;False;False;;ok;17179.513400866635;15209.463484965723;15209.463484965723;15209.463484965723;91;15209.463484965723;717.9705;1970.0499159009123;Evaluated;5.9393;0.6386;64;True;1;
16;1;16;3;normal;1;d0b5c59e33ce;reinsert_block;;;;;;;35;40;25;;;;;True;False;False;True;;ok;17287.828676851263;15209.463484965723;15209.463484965723;15209.463484965723;92;15209.463484965723;724.6453;2078.3651918855394;Evaluated;6.0324;0.6393;64;True;1;
16;1;16;4;normal;1;d0b5c59e33ce;move;;;50;42;;;;;;;;;;True;False;False;False;;ok;16148.108181280173;15209.463484965723;15209.463484965723;15209.463484965723;93;15209.463484965723;730.9311;938.6446963144499;Evaluated;5.6299;0.6533;64;True;1;
16;1;16;5;normal;1;d0b5c59e33ce;move;;;50;32;;;;;;;;;;True;False;False;True;;ok;15922.458164480724;15209.463484965723;15209.463484965723;15209.463484965723;94;15209.463484965723;737.2418;712.9946795150008;Evaluated;5.6755;0.6327;64;True;1;
16;1;16;;normal;2;;;;;;;;;;;;;;;;;;;;;End-of-iteration summary row;;;15209.463484965723;15209.463484965723;94;15209.463484965723;737.2455;;IterationSummary;;;;;;
17;1;17;1;normal;2;d0b5c59e33ce;move;;;8;15;;;;;;;;;;True;False;False;False;;ok;15931.635278818678;15209.463484965723;15209.463484965723;15209.463484965723;95;15209.463484965723;743.9041;722.1717938529546;Evaluated;6.0132;0.6301;64;True;1;
17;1;17;2;normal;2;d0b5c59e33ce;swap;18;20;;;;;;;;;;;;True;False;False;False;;ok;16910.493171679285;15209.463484965723;15209.463484965723;15209.463484965723;96;15209.463484965723;750.2137;1701.0296867135621;Evaluated;5.6714;0.6357;64;True;1;
17;1;17;3;normal;2;d0b5c59e33ce;reinsert_block;;;;;;;38;41;25;;;;;True;False;False;True;;ok;17903.35339472481;15209.463484965723;15209.463484965723;15209.463484965723;97;15209.463484965723;756.9085;2693.8899097590875;Evaluated;6.0465;0.6454;64;True;1;
17;1;17;4;normal;2;d0b5c59e33ce;swap;32;36;;;;;;;;;;;;True;False;False;False;;ok;16365.895688352768;15209.463484965723;15209.463484965723;15209.463484965723;98;15209.463484965723;766.747;1156.4322033870449;Evaluated;9.2087;0.6292;64;True;2;duplicate_for_same_parent_sequence
17;1;17;5;normal;2;d0b5c59e33ce;move;;;30;25;;;;;;;;;;True;False;False;False;;ok;16148.430269436858;15209.463484965723;15209.463484965723;15209.463484965723;99;15209.463484965723;773.3018;938.9667844711348;Evaluated;5.9281;0.6237;64;True;1;
17;1;17;;normal;3;;;;;;;;;;;;;;;;;;;;;End-of-iteration summary row;;;15209.463484965723;15209.463484965723;99;15209.463484965723;773.3045;;IterationSummary;;;;;;
18;1;18;1;diversification;3;d0b5c59e33ce;move;;;7;2;;;;;;;;;;True;False;False;False;;ok;16872.151965406912;15209.463484965723;15209.463484965723;15209.463484965723;100;15209.463484965723;783.998;1662.6884804411893;Evaluated;10.0255;0.656;64;True;2;duplicate_for_same_parent_sequence
18;1;18;2;diversification;3;d0b5c59e33ce;reinsert_block;;;;;;;18;25;30;;;;;True;False;False;False;;ok;15711.772899751059;15209.463484965723;15209.463484965723;15209.463484965723;101;15209.463484965723;790.5153;502.3094147853353;Evaluated;5.8735;0.643;64;True;1;
18;1;18;3;diversification;3;d0b5c59e33ce;swap;35;42;;;;;;;;;;;;True;False;False;False;;ok;15859.667214891557;15209.463484965723;15209.463484965723;15209.463484965723;102;15209.463484965723;797.1624;650.2037299258336;Evaluated;6.0117;0.6347;64;True;1;
18;1;18;4;diversification;3;d0b5c59e33ce;reinsert_block;;;;;;;50;53;38;;;;;True;False;False;True;;ok;16071.748818142729;15209.463484965723;15209.463484965723;15209.463484965723;103;15209.463484965723;808.1116;862.2853331770057;Evaluated;10.3147;0.6338;64;True;2;duplicate_for_same_parent_sequence
18;1;18;5;diversification;3;d0b5c59e33ce;swap;8;25;;;;;;;;;;;;True;False;False;True;;ok;16471.360574332455;15209.463484965723;15209.463484965723;15209.463484965723;104;15209.463484965723;818.6896;1261.897089366732;Evaluated;9.9347;0.6406;64;True;2;duplicate_for_same_parent_sequence
18;1;18;6;diversification;3;d0b5c59e33ce;move;;;35;28;;;;;;;;;;True;False;False;False;;ok;16240.015656624799;15209.463484965723;15209.463484965723;15209.463484965723;105;15209.463484965723;825.4038;1030.5521716590756;Evaluated;6.0713;0.64;64;True;1;
18;1;18;7;diversification;3;d0b5c59e33ce;swap;10;15;;;;;;;;;;;;True;False;False;False;;ok;16438.81746624074;15209.463484965723;15209.463484965723;15209.463484965723;106;15209.463484965723;835.4911;1229.3539812750168;Evaluated;9.4497;0.6351;64;True;2;duplicate_for_same_parent_sequence
18;1;18;8;diversification;3;d0b5c59e33ce;swap;8;12;;;;;;;;;;;;True;False;False;False;;ok;16726.57236400173;15209.463484965723;15209.463484965723;15209.463484965723;107;15209.463484965723;845.4567;1517.1088790360081;Evaluated;9.3168;0.6462;64;True;2;duplicate_for_same_parent_sequence
18;1;18;9;diversification;3;d0b5c59e33ce;move;;;28;10;;;;;;;;;;True;False;False;True;;ok;17514.69353084878;15209.463484965723;15209.463484965723;15209.463484965723;108;15209.463484965723;851.7397;2305.2300458830578;Evaluated;5.6374;0.6427;64;True;1;
18;1;18;10;diversification;3;d0b5c59e33ce;swap;48;52;;;;;;;;;;;;True;False;False;False;;ok;15900.790865921399;15209.463484965723;15209.463484965723;15209.463484965723;109;15209.463484965723;861.9491;691.3273809556758;Evaluated;9.5822;0.6244;64;True;2;duplicate_for_same_parent_sequence
18;1;18;;diversification;4;;;;;;;;;;;;;;;;;;;;;End-of-iteration summary row;;;15209.463484965723;15209.463484965723;109;15209.463484965723;861.9521;;IterationSummary;;;;;;
19;1;19;1;diversification;4;d0b5c59e33ce;move;;;30;5;;;;;;;;;;True;False;False;True;;ok;17241.842136717903;15209.463484965723;15209.463484965723;15209.463484965723;110;15209.463484965723;872.4072;2032.3786517521803;Evaluated;9.7942;0.6459;64;True;2;duplicate_for_same_parent_sequence
19;1;19;2;diversification;4;d0b5c59e33ce;reinsert_block;;;;;;;20;25;18;;;;;True;False;False;False;;ok;17130.671279946037;15209.463484965723;15209.463484965723;15209.463484965723;111;15209.463484965723;879.1123;1921.2077949803133;Evaluated;6.0786;0.6235;64;True;1;
19;1;19;3;diversification;4;d0b5c59e33ce;swap;38;42;;;;;;;;;;;;True;False;False;False;;ok;15955.11995677551;15209.463484965723;15209.463484965723;15209.463484965723;112;15209.463484965723;885.7863;745.656471809787;Evaluated;6.0375;0.635;64;True;1;
19;1;19;4;diversification;4;d0b5c59e33ce;move;;;62;38;;;;;;;;;;True;False;False;True;;ok;16383.620558192682;15209.463484965723;15209.463484965723;15209.463484965723;113;15209.463484965723;895.6711;1174.1570732269593;Evaluated;9.2412;0.641;64;True;2;duplicate_for_same_parent_sequence
19;1;19;5;diversification;4;d0b5c59e33ce;swap;3;7;;;;;;;;;;;;True;False;False;False;;ok;15894.568759113954;15209.463484965723;15209.463484965723;15209.463484965723;114;15209.463484965723;905.7123;685.1052741482308;Evaluated;9.3939;0.6442;64;True;2;duplicate_for_same_parent_sequence
19;1;19;6;diversification;4;d0b5c59e33ce;move;;;40;50;;;;;;;;;;True;False;False;True;;ok;15923.651924154361;15209.463484965723;15209.463484965723;15209.463484965723;115;15209.463484965723;912.1567;714.1884391886379;Evaluated;5.7936;0.6479;64;True;1;
19;1;19;7;diversification;4;d0b5c59e33ce;move;;;25;10;;;;;;;;;;True;False;False;True;;ok;16433.38715215249;15209.463484965723;15209.463484965723;15209.463484965723;116;15209.463484965723;918.2065;1223.9236671867657;Evaluated;5.4116;0.6352;64;True;1;
19;1;19;8;diversification;4;d0b5c59e33ce;move;;;18;25;;;;;;;;;;True;False;False;False;;ok;17028.617106518028;15209.463484965723;15209.463484965723;15209.463484965723;117;15209.463484965723;924.5082;1819.1536215523047;Evaluated;5.6541;0.645;64;True;1;
19;1;19;9;diversification;4;d0b5c59e33ce;move;;;28;15;;;;;;;;;;True;False;False;True;;ok;17044.4302543576;15209.463484965723;15209.463484965723;15209.463484965723;118;15209.463484965723;930.8529;1834.9667693918782;Evaluated;5.7022;0.6395;64;True;1;
19;1;19;10;diversification;4;d0b5c59e33ce;move;;;45;38;;;;;;;;;;True;False;False;False;;ok;16364.342588123685;15209.463484965723;15209.463484965723;15209.463484965723;119;15209.463484965723;937.2391;1154.8791031579622;Evaluated;5.7602;0.6234;64;True;1;
19;1;19;;diversification;5;;;;;;;;;;;;;;;;;;;;;End-of-iteration summary row;;;15209.463484965723;15209.463484965723;119;15209.463484965723;937.2425;;IterationSummary;;;;;;
20;1;20;1;diversification;5;d0b5c59e33ce;move;;;10;35;;;;;;;;;;True;False;False;True;;ok;15949.220382518139;15209.463484965723;15209.463484965723;15209.463484965723;120;15209.463484965723;944.1187;739.7568975524155;Evaluated;6.2348;0.6313;64;True;1;
20;1;20;2;diversification;5;d0b5c59e33ce;reinsert_block;;;;;;;17;23;5;;;;;True;False;False;True;;ok;16677.05330977848;15209.463484965723;15209.463484965723;15209.463484965723;121;15209.463484965723;950.8334;1467.589824812756;Evaluated;6.0774;0.6346;64;True;1;
20;1;20;3;diversification;5;d0b5c59e33ce;swap;35;40;;;;;;;;;;;;True;False;False;False;;ok;16224.914210415358;15209.463484965723;15209.463484965723;15209.463484965723;122;15209.463484965723;957.2301;1015.4507254496348;Evaluated;5.7688;0.6247;64;True;1;
20;1;20;4;diversification;5;d0b5c59e33ce;move;;;48;15;;;;;;;;;;True;False;False;True;;ok;16906.16745332617;15209.463484965723;15209.463484965723;15209.463484965723;123;15209.463484965723;967.4982;1696.7039683604453;Evaluated;9.6168;0.6487;64;True;2;duplicate_for_same_parent_sequence
20;1;20;5;diversification;5;d0b5c59e33ce;move;;;20;15;;;;;;;;;;True;False;False;False;;ok;16761.367441704606;15209.463484965723;15209.463484965723;15209.463484965723;124;15209.463484965723;973.8437;1551.9039567388827;Evaluated;5.7121;0.6323;64;True;1;
20;1;20;6;diversification;5;d0b5c59e33ce;reinsert_block;;;;;;;40;46;18;;;;;True;False;False;True;;ok;17635.767358114237;15209.463484965723;15209.463484965723;15209.463484965723;125;15209.463484965723;984.276;2426.303873148514;Evaluated;9.792;0.6374;64;True;2;duplicate_for_same_parent_sequence
20;1;20;7;diversification;5;d0b5c59e33ce;move;;;6;40;;;;;;;;;;True;False;False;True;;ok;17609.353320146758;15209.463484965723;15209.463484965723;15209.463484965723;126;15209.463484965723;994.3534;2399.889835181035;Evaluated;9.4506;0.6243;64;True;2;duplicate_for_same_parent_sequence
20;1;20;8;diversification;5;d0b5c59e33ce;move;;;40;12;;;;;;;;;;True;False;False;True;;ok;16159.451711277254;15209.463484965723;15209.463484965723;15209.463484965723;127;15209.463484965723;1000.6752;949.9882263115305;Evaluated;5.6814;0.6373;64;True;1;
20;1;20;9;diversification;5;d0b5c59e33ce;swap;30;45;;;;;;;;;;;;True;False;False;True;;ok;16352.275768948011;15209.463484965723;15209.463484965723;15209.463484965723;128;15209.463484965723;1010.8045;1142.8122839822881;Evaluated;9.4754;0.6512;64;True;2;duplicate_for_same_parent_sequence
20;1;20;10;diversification;5;d0b5c59e33ce;move;;;50;48;;;;;;;;;;True;False;False;False;;ok;15921.562373640105;15209.463484965723;15209.463484965723;15209.463484965723;129;15209.463484965723;1017.1958;712.0988886743817;Evaluated;5.7566;0.633;64;True;1;
20;1;20;;diversification;6;;;;;;;;;;;;;;;;;;;;;End-of-iteration summary row;;;15209.463484965723;15209.463484965723;129;15209.463484965723;1017.1984;;IterationSummary;;;;;;
21;1;21;1;diversification;6;d0b5c59e33ce;move;;;25;5;;;;;;;;;;True;False;False;True;;ok;16441.412973216968;15209.463484965723;15209.463484965723;15209.463484965723;130;15209.463484965723;1027.7735;1231.9494882512445;Evaluated;9.9191;0.6433;64;True;2;duplicate_for_same_parent_sequence
21;1;21;2;diversification;6;d0b5c59e33ce;move;;;30;18;;;;;;;;;;True;False;False;True;;ok;17002.058453254784;15209.463484965723;15209.463484965723;15209.463484965723;131;15209.463484965723;1038.1976;1792.5949682890605;Evaluated;9.7785;0.6427;64;True;2;duplicate_for_same_parent_sequence
21;1;21;3;diversification;6;d0b5c59e33ce;swap;32;47;;;;;;;;;;;;True;False;False;True;;ok;15241.010798159858;15209.463484965723;15209.463484965723;15209.463484965723;132;15209.463484965723;1048.254;31.547313194134404;Evaluated;9.4152;0.6382;64;True;2;duplicate_for_same_parent_sequence
21;1;21;4;diversification;6;d0b5c59e33ce;move;;;49;18;;;;;;;;;;True;False;False;True;;ok;16278.084356751575;15209.463484965723;15209.463484965723;15209.463484965723;133;15209.463484965723;1058.1187;1068.6208717858517;Evaluated;9.2259;0.6363;64;True;2;duplicate_for_same_parent_sequence
21;1;21;5;diversification;6;d0b5c59e33ce;move;;;30;40;;;;;;;;;;True;False;False;True;;ok;15992.619517800022;15209.463484965723;15209.463484965723;15209.463484965723;134;15209.463484965723;1068.2013;783.1560328342985;Evaluated;9.4567;0.6227;64;True;2;duplicate_for_same_parent_sequence
21;1;21;6;diversification;6;d0b5c59e33ce;move;;;37;25;;;;;;;;;;True;False;False;True;;ok;17155.508386551748;15209.463484965723;15209.463484965723;15209.463484965723;135;15209.463484965723;1078.4475;1946.044901586025;Evaluated;9.6074;0.6363;64;True;2;duplicate_for_same_parent_sequence
21;1;21;7;diversification;6;d0b5c59e33ce;move;;;30;45;;;;;;;;;;True;False;False;True;;ok;15791.957122758999;15209.463484965723;15209.463484965723;15209.463484965723;136;15209.463484965723;1088.4444;582.4936377932754;Evaluated;9.3381;0.6558;64;True;2;duplicate_for_same_parent_sequence
21;1;21;8;diversification;6;d0b5c59e33ce;move;;;8;20;;;;;;;;;;True;False;False;True;;ok;16398.72185779684;15209.463484965723;15209.463484965723;15209.463484965723;137;15209.463484965723;1098.3184;1189.2583728311183;Evaluated;9.2245;0.6467;64;True;2;duplicate_for_same_parent_sequence
21;1;21;9;diversification;6;d0b5c59e33ce;move;;;25;30;;;;;;;;;;True;False;False;False;;ok;15921.583161839355;15209.463484965723;15209.463484965723;15209.463484965723;138;15209.463484965723;1104.6255;712.1196768736318;Evaluated;5.6592;0.645;64;True;1;
21;1;21;10;diversification;6;d0b5c59e33ce;move;;;45;20;;;;;;;;;;True;False;False;True;;ok;15841.66579542607;15209.463484965723;15209.463484965723;15209.463484965723;139;15209.463484965723;1111.3139;632.2023104603468;Evaluated;6.0442;0.6414;64;True;1;
21;1;21;;diversification;7;;;;;;;;;;;;;;;;;;;;;End-of-iteration summary row;;;15209.463484965723;15209.463484965723;139;15209.463484965723;1111.3145;;IterationSummary;;;;;;
22;1;22;1;diversification;7;d0b5c59e33ce;move;;;40;15;;;;;;;;;;True;False;False;True;;ok;17078.403504167225;15209.463484965723;15209.463484965723;15209.463484965723;140;15209.463484965723;1118.0763;1868.9400192015019;Evaluated;6.1314;0.6241;64;True;1;
22;1;22;2;diversification;7;d0b5c59e33ce;reinsert_block;;;;;;;18;23;5;;;;;True;False;False;True;;ok;17675.735693933362;15209.463484965723;15209.463484965723;15209.463484965723;141;15209.463484965723;1124.7893;2466.272208967639;Evaluated;6.0716;0.6381;64;True;1;
22;1;22;3;diversification;7;d0b5c59e33ce;swap;36;41;;;;;;;;;;;;True;False;False;False;;ok;15337.218114417445;15209.463484965723;15209.463484965723;15209.463484965723;142;15209.463484965723;1135.2062;127.75462945172148;Evaluated;9.7881;0.6263;64;True;2;duplicate_for_same_parent_sequence
22;1;22;4;diversification;7;d0b5c59e33ce;move;;;48;10;;;;;;;;;;True;False;False;True;;ok;17289.770213042048;15209.463484965723;15209.463484965723;15209.463484965723;143;15209.463484965723;1149.0034;2080.3067280763244;Evaluated;13.1504;0.6438;64;True;3;duplicate_for_same_parent_sequence
22;1;22;5;diversification;7;d0b5c59e33ce;move;;;25;35;;;;;;;;;;True;False;False;True;;ok;15931.318130821828;15209.463484965723;15209.463484965723;15209.463484965723;144;15209.463484965723;1162.8464;721.854645856105;Evaluated;13.21;0.6295;64;True;3;duplicate_for_same_parent_sequence
22;1;22;6;diversification;7;d0b5c59e33ce;move;;;40;10;;;;;;;;;;True;False;False;True;;ok;16611.971572096107;15209.463484965723;15209.463484965723;15209.463484965723;145;15209.463484965723;1173.274;1402.5080871303835;Evaluated;9.7959;0.6286;64;True;2;duplicate_for_same_parent_sequence
22;1;22;7;diversification;7;d0b5c59e33ce;move;;;10;25;;;;;;;;;;True;False;False;True;;ok;16012.82584252192;15209.463484965723;15209.463484965723;15209.463484965723;146;15209.463484965723;1179.8485;803.362357556196;Evaluated;5.9429;0.6308;64;True;1;
22;1;22;8;diversification;7;d0b5c59e33ce;move;;;8;10;;;;;;;;;;True;False;False;False;;ok;15929.993668675714;15209.463484965723;15209.463484965723;15209.463484965723;147;15209.463484965723;1186.0896;720.5301837099905;Evaluated;5.6136;0.6259;64;True;1;
22;1;22;9;diversification;7;d0b5c59e33ce;move;;;30;15;;;;;;;;;;True;False;False;True;;ok;17002.33958667331;15209.463484965723;15209.463484965723;15209.463484965723;148;15209.463484965723;1196.1003;1792.8761017075885;Evaluated;9.3801;0.6278;64;True;2;duplicate_for_same_parent_sequence
22;1;22;10;diversification;7;d0b5c59e33ce;move;;;50;32;;;;;;;;;;False;True;True;;;ok;;15209.463484965723;15209.463484965723;15209.463484965723;148;15209.463484965723;1209.6238;;DuplicateForSameParentSequenceAfterRetries;13.5208;;;;3;duplicate_for_same_parent_sequence
22;1;22;;diversification;8;;;;;;;;;;;;;;;;;;;;;End-of-iteration summary row;;;15209.463484965723;15209.463484965723;148;15209.463484965723;1209.6248;;IterationSummary;;;;;;
23;1;23;1;diversification;8;d0b5c59e33ce;move;;;20;5;;;;;;;;;;True;False;False;True;;ok;16798.204858120596;15209.463484965723;15209.463484965723;15209.463484965723;149;15209.463484965723;1216.3822;1588.7413731548731;Evaluated;6.1097;0.6406;64;True;1;
23;1;23;2;diversification;8;d0b5c59e33ce;reinsert_block;;;;;;;20;23;5;;;;;True;False;False;True;;ok;16802.851105828995;15209.463484965723;15209.463484965723;15209.463484965723;150;15209.463484965723;1231.0927;1593.3876208632719;Evaluated;14.0816;0.6259;64;True;3;duplicate_for_same_parent_sequence
23;1;23;3;diversification;8;d0b5c59e33ce;swap;35;42;;;;;;;;;;;;False;True;False;;;ok;;15209.463484965723;15209.463484965723;15209.463484965723;150;15209.463484965723;1244.0885;;DuplicateForSameParentSequenceAfterRetries;12.9951;;;;3;duplicate_for_same_parent_sequence
23;1;23;4;diversification;8;d0b5c59e33ce;move;;;62;30;;;;;;;;;;True;False;False;True;;ok;16144.279734533086;15209.463484965723;15209.463484965723;15209.463484965723;151;15209.463484965723;1254.0701;934.8162495673623;Evaluated;9.3513;0.6293;64;True;2;duplicate_for_same_parent_sequence
23;1;23;5;diversification;8;d0b5c59e33ce;move;;;35;20;;;;;;;;;;True;False;False;True;;ok;16245.947265780012;15209.463484965723;15209.463484965723;15209.463484965723;152;15209.463484965723;1260.7936;1036.4837808142893;Evaluated;6.0874;0.6325;64;True;1;
23;1;23;6;diversification;8;d0b5c59e33ce;move;;;20;30;;;;;;;;;;True;False;False;True;;ok;16972.479661307876;15209.463484965723;15209.463484965723;15209.463484965723;153;15209.463484965723;1270.9485;1763.016176342153;Evaluated;9.5232;0.6287;64;True;2;duplicate_for_same_parent_sequence
23;1;23;7;diversification;8;d0b5c59e33ce;move;;;20;45;;;;;;;;;;True;False;False;True;;ok;17334.741658132774;15209.463484965723;15209.463484965723;15209.463484965723;154;15209.463484965723;1277.0178;2125.278173167051;Evaluated;5.4398;0.6265;64;True;1;
23;1;23;8;diversification;8;d0b5c59e33ce;move;;;20;35;;;;;;;;;;True;False;False;True;;ok;17326.297219087515;15209.463484965723;15209.463484965723;15209.463484965723;155;15209.463484965723;1283.3204;2116.833734121792;Evaluated;5.6686;0.6309;64;True;1;
23;1;23;9;diversification;8;d0b5c59e33ce;move;;;36;28;;;;;;;;;;True;False;False;False;;ok;16160.288409245055;15209.463484965723;15209.463484965723;15209.463484965723;156;15209.463484965723;1293.1027;950.8249242793318;Evaluated;9.1503;0.6291;64;True;2;duplicate_for_same_parent_sequence
23;1;23;10;diversification;8;d0b5c59e33ce;move;;;48;15;;;;;;;;;;False;True;False;;;ok;;15209.463484965723;15209.463484965723;15209.463484965723;156;15209.463484965723;1306.1763;;DuplicateForSameParentSequenceAfterRetries;13.0699;;;;3;duplicate_for_same_parent_sequence
23;1;23;;diversification;9;;;;;;;;;;;;;;;;;;;;;End-of-iteration summary row;;;15209.463484965723;15209.463484965723;156;15209.463484965723;1306.1773;;IterationSummary;;;;;;
24;1;24;1;diversification;9;d0b5c59e33ce;move;;;18;30;;;;;;;;;;True;False;False;True;;ok;16759.215043031414;15209.463484965723;15209.463484965723;15209.463484965723;157;15209.463484965723;1316.693;1549.751558065691;Evaluated;9.8815;0.6268;64;True;2;duplicate_for_same_parent_sequence
24;1;24;2;diversification;9;d0b5c59e33ce;reinsert_block;;;;;;;20;23;18;;;;;True;False;False;False;;ok;16779.50810219004;15209.463484965723;15209.463484965723;15209.463484965723;158;15209.463484965723;1323.4949;1570.0446172243173;Evaluated;6.1689;0.6299;64;True;1;
24;1;24;3;diversification;9;d0b5c59e33ce;swap;36;42;;;;;;;;;;;;True;False;False;False;;ok;16392.643114738392;15209.463484965723;15209.463484965723;15209.463484965723;159;15209.463484965723;1337.6818;1183.1796297726687;Evaluated;13.5467;0.6375;64;True;3;duplicate_for_same_parent_sequence
24;1;24;4;diversification;9;d0b5c59e33ce;move;;;50;25;;;;;;;;;;True;False;False;True;;ok;16230.216053909166;15209.463484965723;15209.463484965723;15209.463484965723;160;15209.463484965723;1344.0793;1020.7525689434424;Evaluated;5.765;0.629;64;True;1;
24;1;24;5;diversification;9;d0b5c59e33ce;move;;;25;10;;;;;;;;;;False;True;False;;;ok;;15209.463484965723;15209.463484965723;15209.463484965723;160;15209.463484965723;1357.0849;;DuplicateForSameParentSequenceAfterRetries;13.0025;;;;3;duplicate_for_same_parent_sequence
24;1;24;6;diversification;9;d0b5c59e33ce;move;;;36;10;;;;;;;;;;True;False;False;True;;ok;17847.508629285065;15209.463484965723;15209.463484965723;15209.463484965723;161;15209.463484965723;1367.1179;2638.0451443193415;Evaluated;9.4071;0.6249;64;True;2;duplicate_for_same_parent_sequence
24;1;24;7;diversification;9;d0b5c59e33ce;move;;;25;10;;;;;;;;;;False;True;False;;;ok;;15209.463484965723;15209.463484965723;15209.463484965723;161;15209.463484965723;1379.8382;;DuplicateForSameParentSequenceAfterRetries;12.7177;;;;3;duplicate_for_same_parent_sequence
24;1;24;8;diversification;9;d0b5c59e33ce;move;;;15;30;;;;;;;;;;True;False;False;True;;ok;15346.725996570181;15209.463484965723;15209.463484965723;15209.463484965723;162;15209.463484965723;1390.0431;137.26251160445827;Evaluated;9.5704;0.6335;64;True;2;duplicate_for_same_parent_sequence
24;1;24;9;diversification;9;d0b5c59e33ce;move;;;28;35;;;;;;;;;;True;False;False;False;;ok;16097.213506813821;15209.463484965723;15209.463484965723;15209.463484965723;163;15209.463484965723;1396.4172;887.7500218480982;Evaluated;5.7407;0.6305;64;True;1;
24;1;24;10;diversification;9;d0b5c59e33ce;swap;48;53;;;;;;;;;;;;True;False;False;False;;ok;16427.724115500318;15209.463484965723;15209.463484965723;15209.463484965723;164;15209.463484965723;1406.5044;1218.2606305345944;Evaluated;9.4568;0.6278;64;True;2;duplicate_for_same_parent_sequence
24;2;0;;diversification;0;;;;;;;;;;;;;;;;;;;;;End-of-iteration summary row;;;16625.423888583944;15209.463484965723;165;15209.463484965723;1407.1441;;IterationSummary;;;;;;
25;2;1;1;normal;0;0f63cf6f404e;move;;;5;20;;;;;;;;;;True;False;False;True;;ok;17525.78161085211;16625.423888583944;16625.423888583944;15209.463484965723;166;15209.463484965723;1413.8308;900.357722268167;Evaluated;6.0527;0.627;64;True;1;
25;2;1;2;normal;0;0f63cf6f404e;swap;18;25;;;;;;;;;;;;True;False;False;False;;ok;17689.750254672133;16625.423888583944;16625.423888583944;15209.463484965723;167;15209.463484965723;1420.0198;1064.3263660881894;Evaluated;5.55;0.6364;64;True;1;
25;2;1;3;normal;0;0f63cf6f404e;reinsert_block;;;;;;;35;40;18;;;;;True;False;False;True;;ok;17095.712734088112;16625.423888583944;16625.423888583944;15209.463484965723;168;15209.463484965723;1426.3082;470.2888455041684;Evaluated;5.6544;0.6313;64;True;1;
25;2;1;4;normal;0;0f63cf6f404e;move;;;50;25;;;;;;;;;;True;False;False;True;;ok;16992.909142251323;16625.423888583944;16625.423888583944;15209.463484965723;169;15209.463484965723;1432.538;367.48525366737886;Evaluated;5.5989;0.6275;64;True;1;
25;2;1;5;normal;0;0f63cf6f404e;move;;;45;12;;;;;;;;;;True;False;False;True;;ok;17280.855284909234;16625.423888583944;16625.423888583944;15209.463484965723;170;15209.463484965723;1438.4392;655.4313963252898;Evaluated;5.2717;0.6263;64;True;1;
25;2;1;;normal;1;;;;;;;;;;;;;;;;;;;;;End-of-iteration summary row;;;16625.423888583944;15209.463484965723;170;15209.463484965723;1438.4414;;IterationSummary;;;;;;
26;2;2;1;normal;1;0f63cf6f404e;move;;;10;5;;;;;;;;;;True;False;False;False;;ok;15632.208925194025;16625.423888583944;16625.423888583944;15209.463484965723;171;15209.463484965723;1444.5117;-993.2149633899189;Evaluated;5.4324;0.6274;64;True;1;
26;2;2;2;normal;1;0f63cf6f404e;move;;;30;20;;;;;;;;;;True;False;False;True;;ok;17138.46350133372;16625.423888583944;16625.423888583944;15209.463484965723;172;15209.463484965723;1454.2099;513.039612749777;Evaluated;9.0617;0.6326;64;True;2;duplicate_for_same_parent_sequence
26;2;2;3;normal;1;0f63cf6f404e;reinsert_block;;;;;;;35;40;20;;;;;True;False;False;True;;ok;17354.502866280138;16625.423888583944;16625.423888583944;15209.463484965723;173;15209.463484965723;1460.5349;729.0789776961938;Evaluated;5.6949;0.627;64;True;1;
26;2;2;4;normal;1;0f63cf6f404e;move;;;52;49;;;;;;;;;;True;False;False;False;;ok;16580.650347283306;16625.423888583944;16625.423888583944;15209.463484965723;174;15209.463484965723;1466.4147;-44.77354130063759;Evaluated;5.2507;0.6264;64;True;1;
26;2;2;5;normal;1;0f63cf6f404e;move;;;20;35;;;;;;;;;;True;False;False;True;;ok;16764.05782445507;16625.423888583944;16625.423888583944;15209.463484965723;175;15209.463484965723;1472.2366;138.6339358711266;Evaluated;5.1953;0.6237;64;True;1;
26;2;2;;normal;0;;;;;;;;;;;;;;;;;;;;;End-of-iteration summary row;;;15632.208925194025;15209.463484965723;175;15209.463484965723;1472.2493;;IterationSummary;;;;;;
27;2;3;1;normal;0;457c4bc75f95;move;;;5;12;;;;;;;;;;True;False;False;False;;ok;18020.187817894057;15632.208925194025;15632.208925194025;15209.463484965723;176;15209.463484965723;1478.9997;2387.978892700032;Evaluated;6.1145;0.6267;64;True;1;
27;2;3;2;normal;0;457c4bc75f95;swap;18;25;;;;;;;;;;;;True;False;False;False;;ok;17350.49494750648;15632.208925194025;15632.208925194025;15209.463484965723;177;15209.463484965723;1485.4999;1718.2860223124535;Evaluated;5.8626;0.6345;64;True;1;
27;2;3;3;normal;0;457c4bc75f95;reinsert_block;;;;;;;32;40;16;;;;;True;False;False;True;;ok;16826.5187276387;15632.208925194025;15632.208925194025;15209.463484965723;178;15209.463484965723;1492.1922;1194.3098024446754;Evaluated;6.0616;0.628;64;True;1;
27;2;3;4;normal;0;457c4bc75f95;move;;;50;25;;;;;;;;;;True;False;False;True;;ok;16900.242803682057;15632.208925194025;15632.208925194025;15209.463484965723;179;15209.463484965723;1498.3953;1268.0338784880314;Evaluated;5.5742;0.6257;64;True;1;
27;2;3;5;normal;0;457c4bc75f95;move;;;15;30;;;;;;;;;;True;False;False;True;;ok;15621.798188416657;15632.208925194025;15632.208925194025;15209.463484965723;180;15209.463484965723;1504.8349;-10.410736777368584;Evaluated;5.8103;0.6261;64;True;1;
27;2;3;;normal;0;;;;;;;;;;;;;;;;;;;;;End-of-iteration summary row;;;15621.798188416657;15209.463484965723;180;15209.463484965723;1504.8482;;IterationSummary;;;;;;
28;2;4;1;normal;0;97c2213d3191;move;;;10;5;;;;;;;;;;True;False;False;False;;ok;18203.366975489196;15621.798188416657;15621.798188416657;15209.463484965723;181;15209.463484965723;1511.1953;2581.5687870725396;Evaluated;5.711;0.6304;64;True;1;
28;2;4;2;normal;0;97c2213d3191;swap;20;25;;;;;;;;;;;;True;False;False;False;;ok;16620.074902200708;15621.798188416657;15621.798188416657;15209.463484965723;182;15209.463484965723;1517.1846;998.276713784051;Evaluated;5.3482;0.6403;64;True;1;
28;2;4;3;normal;0;97c2213d3191;reinsert_block;;;;;;;35;40;20;;;;;True;False;False;True;;ok;16520.069906190212;15621.798188416657;15621.798188416657;15209.463484965723;183;15209.463484965723;1524.2298;898.2717177735558;Evaluated;6.4153;0.6269;64;True;1;
28;2;4;4;normal;0;97c2213d3191;move;;;50;30;;;;;;;;;;True;False;False;True;;ok;16746.485646228273;15621.798188416657;15621.798188416657;15209.463484965723;184;15209.463484965723;1530.545;1124.6874578116167;Evaluated;5.6863;0.628;64;True;1;
28;2;4;5;normal;0;97c2213d3191;move;;;40;15;;;;;;;;;;True;False;False;True;;ok;17733.68319569687;15621.798188416657;15621.798188416657;15209.463484965723;185;15209.463484965723;1536.7834;2111.8850072802143;Evaluated;5.6072;0.6278;64;True;1;
28;2;4;;normal;1;;;;;;;;;;;;;;;;;;;;;End-of-iteration summary row;;;15621.798188416657;15209.463484965723;185;15209.463484965723;1536.7868;;IterationSummary;;;;;;
29;2;5;1;normal;1;97c2213d3191;move;;;8;4;;;;;;;;;;True;False;False;False;;ok;17906.407579098082;15621.798188416657;15621.798188416657;15209.463484965723;186;15209.463484965723;1546.8385;2284.609390681426;Evaluated;9.4124;0.6297;64;True;2;duplicate_for_same_parent_sequence
29;2;5;2;normal;1;97c2213d3191;move;;;18;25;;;;;;;;;;True;False;False;False;;ok;17349.29523663124;15621.798188416657;15621.798188416657;15209.463484965723;187;15209.463484965723;1556.99;1727.4970482145818;Evaluated;9.5144;0.6346;64;True;2;duplicate_for_same_parent_sequence
29;2;5;3;normal;1;97c2213d3191;reinsert_block;;;;;;;35;40;25;;;;;True;False;False;True;;ok;16534.923524755926;15621.798188416657;15621.798188416657;15209.463484965723;188;15209.463484965723;1563.5993;913.1253363392698;Evaluated;5.9787;0.6275;64;True;1;
29;2;5;4;normal;1;97c2213d3191;move;;;50;20;;;;;;;;;;True;False;False;True;;ok;16895.55818743364;15621.798188416657;15621.798188416657;15209.463484965723;189;15209.463484965723;1570.0976;1273.759999016982;Evaluated;5.8692;0.626;64;True;1;
29;2;5;5;normal;1;97c2213d3191;move;;;20;15;;;;;;;;;;True;False;False;False;;ok;18063.635308978217;15621.798188416657;15621.798188416657;15209.463484965723;190;15209.463484965723;1576.3294;2441.8371205615604;Evaluated;5.6041;0.6258;64;True;1;
29;2;5;;normal;2;;;;;;;;;;;;;;;;;;;;;End-of-iteration summary row;;;15621.798188416657;15209.463484965723;190;15209.463484965723;1576.33;;IterationSummary;;;;;;
30;2;6;1;normal;2;97c2213d3191;move;;;8;3;;;;;;;;;;True;False;False;False;;ok;17908.192761675542;15621.798188416657;15621.798188416657;15209.463484965723;191;15209.463484965723;1586.4229;2286.3945732588854;Evaluated;9.4592;0.6279;64;True;2;duplicate_for_same_parent_sequence
30;2;6;2;normal;2;97c2213d3191;swap;18;20;;;;;;;;;;;;True;False;False;False;;ok;17558.227755960033;15621.798188416657;15621.798188416657;15209.463484965723;192;15209.463484965723;1592.9942;1936.4295675433768;Evaluated;5.9356;0.6328;64;True;1;
30;2;6;3;normal;2;97c2213d3191;reinsert_block;;;;;;;32;40;50;;;;;True;False;False;True;;ok;15963.495428282355;15621.798188416657;15621.798188416657;15209.463484965723;193;15209.463484965723;1599.7761;341.69723986569807;Evaluated;6.1453;0.6332;64;True;1;
30;2;6;4;normal;2;97c2213d3191;move;;;48;35;;;;;;;;;;True;False;False;True;;ok;15920.664028547011;15621.798188416657;15621.798188416657;15209.463484965723;194;15209.463484965723;1606.1188;298.8658401303546;Evaluated;5.7163;0.6252;64;True;1;
30;2;6;5;normal;2;97c2213d3191;move;;;6;10;;;;;;;;;;True;False;False;False;;ok;18018.72261649372;15621.798188416657;15621.798188416657;15209.463484965723;195;15209.463484965723;1612.2789;2396.9244280770636;Evaluated;5.5303;0.629;64;True;1;
30;2;6;;normal;3;;;;;;;;;;;;;;;;;;;;;End-of-iteration summary row;;;15621.798188416657;15209.463484965723;195;15209.463484965723;1612.2818;;IterationSummary;;;;;;
31;2;7;1;diversification;3;97c2213d3191;move;;;15;20;;;;;;;;;;True;False;False;False;;ok;15946.492657915562;15621.798188416657;15621.798188416657;15209.463484965723;196;15209.463484965723;1622.6251;324.69446949890516;Evaluated;9.7074;0.6283;64;True;2;duplicate_for_same_parent_sequence
31;2;7;2;diversification;3;97c2213d3191;reinsert_block;;;;;;;20;25;45;;;;;True;False;False;True;;ok;17195.29428965238;15621.798188416657;15621.798188416657;15209.463484965723;197;15209.463484965723;1629.3623;1573.4961012357217;Evaluated;6.1078;0.6254;64;True;1;
31;2;7;3;diversification;3;97c2213d3191;swap;35;40;;;;;;;;;;;;True;False;False;False;;ok;16434.84384102696;15621.798188416657;15621.798188416657;15209.463484965723;198;15209.463484965723;1635.6121;813.0456526103026;Evaluated;5.6095;0.6371;64;True;1;
31;2;7;4;diversification;3;97c2213d3191;move;;;50;48;;;;;;;;;;True;False;False;False;;ok;15634.964619795428;15621.798188416657;15621.798188416657;15209.463484965723;199;15209.463484965723;1641.8475;13.166431378771449;Evaluated;5.5985;0.6338;64;True;1;
31;2;7;5;diversification;3;97c2213d3191;move;;;25;30;;;;;;;;;;True;False;False;False;;ok;17114.508126237823;15621.798188416657;15621.798188416657;15209.463484965723;200;15209.463484965723;1648.4822;1492.709937821166;Evaluated;6.0042;0.6275;64;True;1;
31;2;7;6;diversification;3;97c2213d3191;reinsert_block;;;;;;;48;56;15;;;;;True;False;False;True;;ok;17278.18936076246;15621.798188416657;15621.798188416657;15209.463484965723;201;15209.463484965723;1659.0076;1656.3911723458023;Evaluated;9.896;0.6265;64;True;2;duplicate_for_same_parent_sequence
31;2;7;7;diversification;3;97c2213d3191;move;;;15;8;;;;;;;;;;True;False;False;False;;ok;17737.726263484823;15621.798188416657;15621.798188416657;15209.463484965723;202;15209.463484965723;1668.9057;2115.9280750681664;Evaluated;9.2682;0.6272;64;True;2;duplicate_for_same_parent_sequence
31;2;7;8;diversification;3;97c2213d3191;move;;;8;15;;;;;;;;;;True;False;False;False;;ok;15621.049724584425;15621.798188416657;15621.798188416657;15209.463484965723;203;15209.463484965723;1675.1342;-0.7484638322312094;EvaluatedImprovementDespiteDiversificationMismatch;5.6003;0.6257;64;True;1;
31;2;7;9;diversification;3;97c2213d3191;move;;;28;30;;;;;;;;;;True;False;False;False;;ok;16636.973107544676;15621.798188416657;15621.798188416657;15209.463484965723;204;15209.463484965723;1681.3833;1015.1749191280196;Evaluated;5.6103;0.6355;64;True;1;
31;2;7;10;diversification;3;97c2213d3191;move;;;50;25;;;;;;;;;;True;False;False;True;;ok;16693.79638701731;15621.798188416657;15621.798188416657;15209.463484965723;205;15209.463484965723;1687.7229;1071.998198600655;Evaluated;5.7101;0.627;64;True;1;
31;2;7;;diversification;0;;;;;;;;;;;;;;;;;;;;;End-of-iteration summary row;;;15621.049724584425;15209.463484965723;205;15209.463484965723;1687.7403;;IterationSummary;;;;;;
32;2;8;1;normal;0;9392681682ba;move;;;5;10;;;;;;;;;;True;False;False;False;;ok;17552.250478109418;15621.049724584425;15621.049724584425;15209.463484965723;206;15209.463484965723;1694.5928;1931.2007535249923;Evaluated;6.2181;0.6271;64;True;1;
32;2;8;2;normal;0;9392681682ba;swap;17;20;;;;;;;;;;;;True;False;False;False;;ok;18241.238451060035;15621.049724584425;15621.049724584425;15209.463484965723;207;15209.463484965723;1700.9104;2620.1887264756097;Evaluated;5.6796;0.6353;64;True;1;
32;2;8;3;normal;0;9392681682ba;reinsert_block;;;;;;;35;40;20;;;;;True;False;False;True;;ok;16517.91100267339;15621.049724584425;15621.049724584425;15209.463484965723;208;15209.463484965723;1707.5593;896.8612780889653;Evaluated;6.0051;0.6395;64;True;1;
32;2;8;4;normal;0;9392681682ba;move;;;50;35;;;;;;;;;;True;False;False;True;;ok;16523.450008113774;15621.049724584425;15621.049724584425;15209.463484965723;209;15209.463484965723;1713.8984;902.4002835293486;Evaluated;5.7082;0.6275;64;True;1;
32;2;8;5;normal;0;9392681682ba;move;;;40;15;;;;;;;;;;True;False;False;True;;ok;17738.05324011296;15621.049724584425;15621.049724584425;15209.463484965723;210;15209.463484965723;1720.1314;2117.003515528535;Evaluated;5.6044;0.6261;64;True;1;
32;2;8;;normal;1;;;;;;;;;;;;;;;;;;;;;End-of-iteration summary row;;;15621.049724584425;15209.463484965723;210;15209.463484965723;1720.1347;;IterationSummary;;;;;;
33;2;9;1;normal;1;9392681682ba;move;;;10;5;;;;;;;;;;True;False;False;False;;ok;16675.690516437557;15621.049724584425;15621.049724584425;15209.463484965723;211;15209.463484965723;1726.7689;1054.6407918531313;Evaluated;5.9991;0.6265;64;True;1;
33;2;9;2;normal;1;9392681682ba;swap;18;20;;;;;;;;;;;;True;False;False;False;;ok;17558.227755960033;15621.049724584425;15621.049724584425;15209.463484965723;212;15209.463484965723;1733.1154;1937.178031375608;Evaluated;5.7187;0.6252;64;True;1;
33;2;9;3;normal;1;9392681682ba;reinsert_block;;;;;;;32;36;48;;;;;True;False;False;True;;ok;16835.69860444867;15621.049724584425;15621.049724584425;15209.463484965723;213;15209.463484965723;1739.6439;1214.648879864244;Evaluated;5.8912;0.634;64;True;1;
33;2;9;4;normal;1;9392681682ba;move;;;50;25;;;;;;;;;;True;False;False;True;;ok;16688.727517183986;15621.049724584425;15621.049724584425;15209.463484965723;214;15209.463484965723;1745.9273;1067.6777925995611;Evaluated;5.6448;0.6357;64;True;1;
33;2;9;5;normal;1;9392681682ba;move;;;17;25;;;;;;;;;;True;False;False;False;;ok;17344.912007085353;15621.049724584425;15621.049724584425;15209.463484965723;215;15209.463484965723;1752.1108;1723.862282500928;Evaluated;5.5552;0.6255;64;True;1;
33;2;9;;normal;2;;;;;;;;;;;;;;;;;;;;;End-of-iteration summary row;;;15621.049724584425;15209.463484965723;215;15209.463484965723;1752.1141;;IterationSummary;;;;;;
34;2;10;1;normal;2;9392681682ba;move;;;7;15;;;;;;;;;;True;False;False;False;;ok;17994.501709651744;15621.049724584425;15621.049724584425;15209.463484965723;216;15209.463484965723;1758.6121;2373.4519850673187;Evaluated;5.8547;0.6273;64;True;1;
34;2;10;2;normal;2;9392681682ba;move;;;31;25;;;;;;;;;;True;False;False;False;;ok;15705.699503364036;15621.049724584425;15621.049724584425;15209.463484965723;217;15209.463484965723;1768.7813;84.64977877961064;Evaluated;9.5239;0.6419;64;True;2;duplicate_for_same_parent_sequence
34;2;10;3;normal;2;9392681682ba;move;;;36;25;;;;;;;;;;True;False;False;True;;ok;17184.07255106789;15621.049724584425;15621.049724584425;15209.463484965723;218;15209.463484965723;1779.362;1563.022826483464;Evaluated;9.9502;0.6278;64;True;2;duplicate_for_same_parent_sequence
34;2;10;4;normal;2;9392681682ba;swap;48;50;;;;;;;;;;;;True;False;False;False;;ok;15620.807022456835;15621.049724584425;15621.049724584425;15209.463484965723;219;15209.463484965723;1789.3365;-0.24270212759074639;Evaluated;9.3447;0.6263;64;True;2;duplicate_for_same_parent_sequence
34;2;10;5;normal;2;9392681682ba;move;;;40;25;;;;;;;;;;True;False;False;True;;ok;16830.638276229307;15621.049724584425;15621.049724584425;15209.463484965723;220;15209.463484965723;1795.6347;1209.5885516448816;Evaluated;5.6693;0.6253;64;True;1;
34;2;10;;normal;0;;;;;;;;;;;;;;;;;;;;;End-of-iteration summary row;;;15620.807022456835;15209.463484965723;220;15209.463484965723;1795.6418;;IterationSummary;;;;;;
35;2;11;1;normal;0;9201c9900882;move;;;7;15;;;;;;;;;;True;False;False;False;;ok;17573.51421815177;15620.807022456835;15620.807022456835;15209.463484965723;221;15209.463484965723;1802.2907;1952.7071956949349;Evaluated;6.0155;0.6255;64;True;1;
35;2;11;2;normal;0;9201c9900882;swap;18;20;;;;;;;;;;;;True;False;False;False;;ok;17133.711800898167;15620.807022456835;15620.807022456835;15209.463484965723;222;15209.463484965723;1808.533;1512.9047784413324;Evaluated;5.6082;0.6333;64;True;1;
35;2;11;3;normal;0;9201c9900882;reinsert_block;;;;;;;32;36;48;;;;;True;False;False;True;;ok;17010.939549871342;15620.807022456835;15620.807022456835;15209.463484965723;223;15209.463484965723;1815.2182;1390.1325274145074;Evaluated;6.0538;0.6285;64;True;1;
35;2;11;4;normal;0;9201c9900882;move;;;50;25;;;;;;;;;;True;False;False;True;;ok;16376.887380443904;15620.807022456835;15620.807022456835;15209.463484965723;224;15209.463484965723;1821.4709;756.0803579870699;Evaluated;5.6267;0.6233;64;True;1;
35;2;11;5;normal;0;9201c9900882;move;;;25;30;;;;;;;;;;True;False;False;False;;ok;16712.789485670408;15620.807022456835;15620.807022456835;15209.463484965723;225;15209.463484965723;1827.6418;1091.9824632135733;Evaluated;5.5418;0.6262;64;True;1;
35;2;11;;normal;1;;;;;;;;;;;;;;;;;;;;;End-of-iteration summary row;;;15620.807022456835;15209.463484965723;225;15209.463484965723;1827.6424;;IterationSummary;;;;;;
36;2;12;1;normal;1;9201c9900882;move;;;30;20;;;;;;;;;;True;False;False;True;;ok;15638.815304171801;15620.807022456835;15620.807022456835;15209.463484965723;226;15209.463484965723;1837.9387;18.00828171496687;Evaluated;9.6643;0.6265;64;True;2;duplicate_for_same_parent_sequence
36;2;12;2;normal;1;9201c9900882;swap;17;20;;;;;;;;;;;;True;False;False;False;;ok;17821.26057643826;15620.807022456835;15620.807022456835;15209.463484965723;227;15209.463484965723;1844.2589;2200.453553981426;Evaluated;5.6827;0.6345;64;True;1;
36;2;12;3;normal;1;9201c9900882;reinsert_block;;;;;;;35;40;20;;;;;True;False;False;True;;ok;16065.786373290013;15620.807022456835;15620.807022456835;15209.463484965723;228;15209.463484965723;1851.3879;444.9793508331786;Evaluated;6.4908;0.6355;64;True;1;
36;2;12;4;normal;1;9201c9900882;move;;;50;48;;;;;;;;;;True;False;False;False;;ok;15621.049724584425;15620.807022456835;15620.807022456835;15209.463484965723;229;15209.463484965723;1857.9652;0.24270212759074639;Evaluated;5.9477;0.6272;64;True;1;
36;2;12;5;normal;1;9201c9900882;move;;;25;10;;;;;;;;;;True;False;False;True;;ok;17373.749022468484;15620.807022456835;15620.807022456835;15209.463484965723;230;15209.463484965723;1864.2466;1752.9420000116497;Evaluated;5.653;0.6258;64;True;1;
36;2;12;;normal;2;;;;;;;;;;;;;;;;;;;;;End-of-iteration summary row;;;15620.807022456835;15209.463484965723;230;15209.463484965723;1864.2498;;IterationSummary;;;;;;
37;2;13;1;normal;2;9201c9900882;move;;;2;8;;;;;;;;;;True;False;False;False;;ok;17702.00905619236;15620.807022456835;15620.807022456835;15209.463484965723;231;15209.463484965723;1874.7483;2081.202033735526;Evaluated;9.8597;0.628;64;True;2;duplicate_for_same_parent_sequence
37;2;13;2;normal;2;9201c9900882;swap;16;20;;;;;;;;;;;;True;False;False;False;;ok;17635.953016392094;15620.807022456835;15620.807022456835;15209.463484965723;232;15209.463484965723;1881.0281;2015.145993935259;Evaluated;5.6408;0.636;64;True;1;
37;2;13;3;normal;2;9201c9900882;reinsert_block;;;;;;;32;35;48;;;;;True;False;False;True;;ok;16276.560616913757;15620.807022456835;15620.807022456835;15209.463484965723;233;15209.463484965723;1887.6854;655.7535944569227;Evaluated;6.0179;0.6364;64;True;1;
37;2;13;4;normal;2;9201c9900882;move;;;62;55;;;;;;;;;;True;False;False;False;;ok;16034.745573301721;15620.807022456835;15620.807022456835;15209.463484965723;234;15209.463484965723;1897.6237;413.9385508448868;Evaluated;9.3069;0.6282;64;True;2;duplicate_for_same_parent_sequence
37;2;13;5;normal;2;9201c9900882;move;;;10;25;;;;;;;;;;True;False;False;True;;ok;16766.653933895923;15620.807022456835;15620.807022456835;15209.463484965723;235;15209.463484965723;1904.1445;1145.8469114390882;Evaluated;5.8898;0.6285;64;True;1;
37;2;13;;normal;3;;;;;;;;;;;;;;;;;;;;;End-of-iteration summary row;;;15620.807022456835;15209.463484965723;235;15209.463484965723;1904.1474;;IterationSummary;;;;;;
38;2;14;1;diversification;3;9201c9900882;move;;;15;30;;;;;;;;;;True;False;False;True;;ok;16715.96238401694;15620.807022456835;15620.807022456835;15209.463484965723;236;15209.463484965723;1910.9641;1095.155361560106;Evaluated;6.1729;0.6271;64;True;1;
38;2;14;2;diversification;3;9201c9900882;reinsert_block;;;;;;;25;30;10;;;;;True;False;False;True;;ok;17372.9600260622;15620.807022456835;15620.807022456835;15209.463484965723;237;15209.463484965723;1917.7254;1752.1530036053646;Evaluated;6.1306;0.6281;64;True;1;
38;2;14;3;diversification;3;9201c9900882;swap;35;40;;;;;;;;;;;;True;False;False;False;;ok;15990.529590706396;15620.807022456835;15620.807022456835;15209.463484965723;238;15209.463484965723;1924.0591;369.72256824956094;Evaluated;5.7038;0.6273;64;True;1;
38;2;14;4;diversification;3;9201c9900882;move;;;62;35;;;;;;;;;;True;False;False;True;;ok;15683.855150329255;15620.807022456835;15620.807022456835;15209.463484965723;239;15209.463484965723;1934.0233;63.04812787242008;Evaluated;9.328;0.6329;64;True;2;duplicate_for_same_parent_sequence
38;2;14;5;diversification;3;9201c9900882;move;;;40;35;;;;;;;;;;True;False;False;False;;ok;15620.807022456835;15620.807022456835;15620.807022456835;15209.463484965723;240;15209.463484965723;1940.4547;0.0;Evaluated;5.7951;0.6337;64;True;1;
38;2;14;6;diversification;3;9201c9900882;reinsert_block;;;;;;;35;40;50;;;;;True;False;False;True;;ok;16062.916709370487;15620.807022456835;15620.807022456835;15209.463484965723;241;15209.463484965723;1950.8397;442.1096869136527;Evaluated;9.7543;0.6271;64;True;2;duplicate_for_same_parent_sequence
38;2;14;7;diversification;3;9201c9900882;move;;;20;15;;;;;;;;;;True;False;False;False;;ok;17651.276642794037;15620.807022456835;15620.807022456835;15209.463484965723;242;15209.463484965723;1957.0696;2030.4696203372023;Evaluated;5.5991;0.6278;64;True;1;
38;2;14;8;diversification;3;9201c9900882;reinsert_block;;;;;;;8;13;24;;;;;True;False;False;True;;ok;17379.273486827813;15620.807022456835;15620.807022456835;15209.463484965723;243;15209.463484965723;1967.855;1758.4664643709784;Evaluated;10.1391;0.6452;64;True;2;duplicate_for_same_parent_sequence
38;2;14;9;diversification;3;9201c9900882;swap;30;40;;;;;;;;;;;;True;False;False;False;;ok;15763.145848463333;15620.807022456835;15620.807022456835;15209.463484965723;244;15209.463484965723;1977.8579;142.3388260064985;Evaluated;9.3722;0.6276;64;True;2;duplicate_for_same_parent_sequence
38;2;14;10;diversification;3;9201c9900882;move;;;45;30;;;;;;;;;;True;False;False;True;;ok;16726.785134740876;15620.807022456835;15620.807022456835;15209.463484965723;245;15209.463484965723;1984.2395;1105.9781122840413;Evaluated;5.7531;0.6254;64;True;1;
38;2;14;;diversification;4;;;;;;;;;;;;;;;;;;;;;End-of-iteration summary row;;;15620.807022456835;15209.463484965723;245;15209.463484965723;1984.2426;;IterationSummary;;;;;;
39;2;15;1;diversification;4;9201c9900882;move;;;8;30;;;;;;;;;;True;False;False;True;;ok;16015.920213962716;15620.807022456835;15620.807022456835;15209.463484965723;246;15209.463484965723;1995.139;395.11319150588133;Evaluated;10.2597;0.628;64;True;2;duplicate_for_same_parent_sequence
39;2;15;2;diversification;4;9201c9900882;reinsert_block;;;;;;;18;24;35;;;;;True;False;False;True;;ok;16235.39639556567;15620.807022456835;15620.807022456835;15209.463484965723;247;15209.463484965723;2001.8991;614.5893731088363;Evaluated;6.1224;0.635;64;True;1;
39;2;15;3;diversification;4;9201c9900882;swap;32;47;;;;;;;;;;;;True;False;False;True;;ok;16666.335093297268;15620.807022456835;15620.807022456835;15209.463484965723;248;15209.463484965723;2012.4462;1045.5280708404334;Evaluated;9.9082;0.636;64;True;2;duplicate_for_same_parent_sequence
39;2;15;4;diversification;4;9201c9900882;reinsert_block;;;;;;;48;53;30;;;;;True;False;False;True;;ok;16776.559588248623;15620.807022456835;15620.807022456835;15209.463484965723;249;15209.463484965723;2023.3074;1155.7525657917886;Evaluated;10.2304;0.6273;64;True;2;duplicate_for_same_parent_sequence
39;2;15;5;diversification;4;9201c9900882;move;;;10;5;;;;;;;;;;True;False;False;False;;ok;16266.70166914271;15620.807022456835;15620.807022456835;15209.463484965723;250;15209.463484965723;2033.3978;645.8946466858761;Evaluated;9.4603;0.6294;64;True;2;duplicate_for_same_parent_sequence
39;2;15;6;diversification;4;9201c9900882;move;;;35;20;;;;;;;;;;True;False;False;True;;ok;16557.73847088586;15620.807022456835;15620.807022456835;15209.463484965723;251;15209.463484965723;2039.9897;936.9314484290244;Evaluated;5.9541;0.6349;64;True;1;
39;2;15;7;diversification;4;9201c9900882;move;;;50;30;;;;;;;;;;True;False;False;True;;ok;15962.73210355969;15620.807022456835;15620.807022456835;15209.463484965723;252;15209.463484965723;2046.3569;341.925081102856;Evaluated;5.7305;0.6336;64;True;1;
39;2;15;8;diversification;4;9201c9900882;move;;;35;10;;;;;;;;;;True;False;False;True;;ok;17385.046408458602;15620.807022456835;15620.807022456835;15209.463484965723;253;15209.463484965723;2056.4596;1764.2393860017673;Evaluated;9.4741;0.6258;64;True;2;duplicate_for_same_parent_sequence
39;2;15;9;diversification;4;9201c9900882;move;;;18;25;;;;;;;;;;True;False;False;False;;ok;16930.320379621735;15620.807022456835;15620.807022456835;15209.463484965723;254;15209.463484965723;2066.4693;1309.5133571649003;Evaluated;9.3751;0.6338;64;True;2;duplicate_for_same_parent_sequence
39;2;15;10;diversification;4;9201c9900882;swap;42;48;;;;;;;;;;;;True;False;False;False;;ok;15620.807022456835;15620.807022456835;15620.807022456835;15209.463484965723;255;15209.463484965723;2076.5685;0.0;Evaluated;9.47;0.6267;64;True;2;duplicate_for_same_parent_sequence
39;2;15;;diversification;5;;;;;;;;;;;;;;;;;;;;;End-of-iteration summary row;;;15620.807022456835;15209.463484965723;255;15209.463484965723;2076.5724;;IterationSummary;;;;;;
40;2;16;1;diversification;5;9201c9900882;move;;;15;25;;;;;;;;;;True;False;False;True;;ok;15614.0057151139;15620.807022456835;15620.807022456835;15209.463484965723;256;15209.463484965723;2091.1449;-6.8013073429337965;Evaluated;13.9268;0.6303;64;True;3;duplicate_for_same_parent_sequence
40;2;16;2;diversification;5;9201c9900882;move;;;60;20;;;;;;;;;;True;False;False;True;;ok;16752.085246899176;15620.807022456835;15620.807022456835;15209.463484965723;257;15209.463484965723;2101.6641;1131.2782244423415;Evaluated;9.8787;0.6376;64;True;2;duplicate_for_same_parent_sequence
40;2;16;3;diversification;5;9201c9900882;swap;32;47;;;;;;;;;;;;False;True;False;;;ok;;15620.807022456835;15620.807022456835;15209.463484965723;257;15209.463484965723;2115.2082;;DuplicateForSameParentSequenceAfterRetries;13.5416;;;;3;duplicate_for_same_parent_sequence
40;2;16;4;diversification;5;9201c9900882;move;;;60;50;;;;;;;;;;True;False;False;True;;ok;15367.189422368201;15620.807022456835;15620.807022456835;15209.463484965723;258;15209.463484965723;2121.4339;-253.61760008863348;Evaluated;5.5898;0.6349;64;True;1;
40;2;16;5;diversification;5;9201c9900882;move;;;8;30;;;;;;;;;;False;True;False;;;ok;;15620.807022456835;15620.807022456835;15209.463484965723;258;15209.463484965723;2135.2551;;DuplicateForSameParentSequenceAfterRetries;13.8187;;;;3;duplicate_for_same_parent_sequence
40;2;16;6;diversification;5;9201c9900882;move;;;40;55;;;;;;;;;;True;False;False;True;;ok;15618.093536293394;15620.807022456835;15620.807022456835;15209.463484965723;259;15209.463484965723;2141.6302;-2.7134861634403933;Evaluated;5.7455;0.6286;64;True;1;
40;2;16;7;diversification;5;9201c9900882;move;;;25;40;;;;;;;;;;True;False;False;True;;ok;16135.238696326545;15620.807022456835;15620.807022456835;15209.463484965723;260;15209.463484965723;2147.935;514.4316738697107;Evaluated;5.6744;0.6273;64;True;1;
40;2;16;8;diversification;5;9201c9900882;move;;;18;30;;;;;;;;;;True;False;False;True;;ok;16563.606524381226;15620.807022456835;15620.807022456835;15209.463484965723;261;15209.463484965723;2154.2485;942.7995019243917;Evaluated;5.6712;0.6396;64;True;1;
40;2;16;9;diversification;5;9201c9900882;move;;;18;40;;;;;;;;;;True;False;False;True;;ok;16045.643104630668;15620.807022456835;15620.807022456835;15209.463484965723;262;15209.463484965723;2164.4113;424.83608217383335;Evaluated;9.5317;0.6286;64;True;2;duplicate_for_same_parent_sequence
40;2;16;10;diversification;5;9201c9900882;move;;;52;40;;;;;;;;;;True;False;False;True;;ok;16335.558995087746;15620.807022456835;15620.807022456835;15209.463484965723;263;15209.463484965723;2170.7671;714.751972630911;Evaluated;5.7238;0.6286;64;True;1;
40;2;16;;diversification;0;;;;;;;;;;;;;;;;;;;;;End-of-iteration summary row;;;15367.189422368201;15209.463484965723;263;15209.463484965723;2170.7804;;IterationSummary;;;;;;
41;2;17;1;normal;0;13496778430a;move;;;8;15;;;;;;;;;;True;False;False;False;;ok;16653.636592367162;15367.189422368201;15367.189422368201;15209.463484965723;264;15209.463484965723;2177.5507;1286.4471699989608;Evaluated;6.1367;0.6252;64;True;1;
41;2;17;2;normal;0;13496778430a;swap;16;30;;;;;;;;;;;;True;False;False;True;;ok;15372.55047776162;15367.189422368201;15367.189422368201;15209.463484965723;265;15209.463484965723;2184.0632;5.3610553934195195;Evaluated;5.8846;0.6259;64;True;1;
41;2;17;3;normal;0;13496778430a;reinsert_block;;;;;;;32;38;25;;;;;True;False;False;False;;ok;16668.582318269495;15367.189422368201;15367.189422368201;15209.463484965723;266;15209.463484965723;2190.9828;1301.3928959012937;Evaluated;6.2828;0.634;64;True;1;
41;2;17;4;normal;0;13496778430a;move;;;50;20;;;;;;;;;;True;False;False;True;;ok;16752.085246899176;15367.189422368201;15367.189422368201;15209.463484965723;267;15209.463484965723;2197.4191;1384.895824530975;Evaluated;5.8026;0.6308;64;True;1;
41;2;17;5;normal;0;13496778430a;move;;;45;20;;;;;;;;;;True;False;False;True;;ok;16397.816741550767;15367.189422368201;15367.189422368201;15209.463484965723;268;15209.463484965723;2203.7266;1030.6273191825658;Evaluated;5.6772;0.6279;64;True;1;
41;2;17;;normal;1;;;;;;;;;;;;;;;;;;;;;End-of-iteration summary row;;;15367.189422368201;15209.463484965723;268;15209.463484965723;2203.7298;;IterationSummary;;;;;;
42;2;18;1;normal;1;13496778430a;move;;;10;5;;;;;;;;;;True;False;False;False;;ok;16055.918762693876;15367.189422368201;15367.189422368201;15209.463484965723;269;15209.463484965723;2210.4136;688.7293403256754;Evaluated;6.048;0.626;64;True;1;
42;2;18;2;normal;1;13496778430a;swap;16;20;;;;;;;;;;;;True;False;False;False;;ok;17437.346008167315;15367.189422368201;15367.189422368201;15209.463484965723;270;15209.463484965723;2216.7112;2070.1565857991136;Evaluated;5.6651;0.6299;64;True;1;
42;2;18;3;normal;1;13496778430a;reinsert_block;;;;;;;35;40;25;;;;;True;False;False;True;;ok;15919.347043819082;15367.189422368201;15367.189422368201;15209.463484965723;271;15209.463484965723;2223.5757;552.1576214508805;Evaluated;6.212;0.6499;64;True;1;
42;2;18;4;normal;1;13496778430a;move;;;50;25;;;;;;;;;;True;False;False;True;;ok;16717.23379380738;15367.189422368201;15367.189422368201;15209.463484965723;272;15209.463484965723;2229.9104;1350.0443714391786;Evaluated;5.6979;0.634;64;True;1;
42;2;18;5;normal;1;13496778430a;move;;;25;40;;;;;;;;;;True;False;False;True;;ok;15819.299792241402;15367.189422368201;15367.189422368201;15209.463484965723;273;15209.463484965723;2236.1553;452.1103698732004;Evaluated;5.6073;0.6349;64;True;1;
42;2;18;;normal;2;;;;;;;;;;;;;;;;;;;;;End-of-iteration summary row;;;15367.189422368201;15209.463484965723;273;15209.463484965723;2236.158;;IterationSummary;;;;;;
43;2;19;1;normal;2;13496778430a;move;;;8;12;;;;;;;;;;True;False;False;False;;ok;16677.71053601653;15367.189422368201;15367.189422368201;15209.463484965723;274;15209.463484965723;2246.5338;1310.5211136483285;Evaluated;9.7356;0.6267;64;True;2;duplicate_for_same_parent_sequence
43;2;19;2;normal;2;13496778430a;move;;;25;45;;;;;;;;;;True;False;False;True;;ok;15422.328217360622;15367.189422368201;15367.189422368201;15209.463484965723;275;15209.463484965723;2256.4939;55.138794992421026;Evaluated;9.3264;0.631;64;True;2;duplicate_for_same_parent_sequence
43;2;19;3;normal;2;13496778430a;reinsert_block;;;;;;;32;35;48;;;;;True;False;False;True;;ok;15978.04043961064;15367.189422368201;15367.189422368201;15209.463484965723;276;15209.463484965723;2263.1542;610.8510172424394;Evaluated;6.0351;0.6234;64;True;1;
43;2;19;4;normal;2;13496778430a;move;;;54;30;;;;;;;;;;True;False;False;True;;ok;16719.548447208843;15367.189422368201;15367.189422368201;15209.463484965723;277;15209.463484965723;2269.4941;1352.3590248406417;Evaluated;5.713;0.626;64;True;1;
43;2;19;5;normal;2;13496778430a;move;;;50;10;;;;;;;;;;True;False;False;True;;ok;17730.642312469347;15367.189422368201;15367.189422368201;15209.463484965723;278;15209.463484965723;2275.7373;2363.4528901011454;Evaluated;5.6074;0.6332;64;True;1;
43;2;19;;normal;3;;;;;;;;;;;;;;;;;;;;;End-of-iteration summary row;;;15367.189422368201;15209.463484965723;278;15209.463484965723;2275.7409;;IterationSummary;;;;;;
44;2;20;1;diversification;3;13496778430a;move;;;15;30;;;;;;;;;;True;False;False;True;;ok;16510.91463607138;15367.189422368201;15367.189422368201;15209.463484965723;279;15209.463484965723;2282.5082;1143.7252137031774;Evaluated;6.1307;0.6289;64;True;1;
44;2;20;2;diversification;3;13496778430a;reinsert_block;;;;;;;18;23;5;;;;;True;False;False;True;;ok;16732.715012121662;15367.189422368201;15367.189422368201;15209.463484965723;280;15209.463484965723;2289.1531;1365.5255897534607;Evaluated;6.0046;0.6363;64;True;1;
44;2;20;3;diversification;3;13496778430a;swap;32;45;;;;;;;;;;;;True;False;False;True;;ok;16729.050451988103;15367.189422368201;15367.189422368201;15209.463484965723;281;15209.463484965723;2295.54;1361.8610296199022;Evaluated;5.7492;0.6349;64;True;1;
44;2;20;4;diversification;3;13496778430a;move;;;57;48;;;;;;;;;;True;False;False;False;;ok;15368.737419758678;15367.189422368201;15367.189422368201;15209.463484965723;282;15209.463484965723;2301.9029;1.5479973904766666;Evaluated;5.7332;0.6272;64;True;1;
44;2;20;5;diversification;3;13496778430a;move;;;50;15;;;;;;;;;;True;False;False;True;;ok;17180.078486898332;15367.189422368201;15367.189422368201;15209.463484965723;283;15209.463484965723;2308.3143;1812.8890645301308;Evaluated;5.7828;0.6273;64;True;1;
44;2;20;6;diversification;3;13496778430a;move;;;25;15;;;;;;;;;;True;False;False;True;;ok;16730.56019816293;15367.189422368201;15367.189422368201;15209.463484965723;284;15209.463484965723;2318.8388;1363.3707757947286;Evaluated;9.8925;0.6291;64;True;2;duplicate_for_same_parent_sequence
44;2;20;7;diversification;3;13496778430a;move;;;20;15;;;;;;;;;;True;False;False;False;;ok;17452.669634569258;15367.189422368201;15367.189422368201;15209.463484965723;285;15209.463484965723;2325.1332;2085.480212201057;Evaluated;5.666;0.6254;64;True;1;
44;2;20;8;diversification;3;13496778430a;move;;;20;4;;;;;;;;;;True;False;False;True;;ok;17018.24447129891;15367.189422368201;15367.189422368201;15209.463484965723;286;15209.463484965723;2335.1223;1651.055048930708;Evaluated;9.3515;0.6349;64;True;2;duplicate_for_same_parent_sequence
44;2;20;9;diversification;3;13496778430a;move;;;25;30;;;;;;;;;;True;False;False;False;;ok;16502.5768114919;15367.189422368201;15367.189422368201;15209.463484965723;287;15209.463484965723;2341.4838;1135.3873891237;Evaluated;5.7256;0.6352;64;True;1;
44;2;20;10;diversification;3;13496778430a;move;;;54;60;;;;;;;;;;True;False;False;False;;ok;16212.210460371783;15367.189422368201;15367.189422368201;15209.463484965723;288;15209.463484965723;2347.7464;845.0210380035824;Evaluated;5.6325;0.6275;64;True;1;
44;2;20;;diversification;4;;;;;;;;;;;;;;;;;;;;;End-of-iteration summary row;;;15367.189422368201;15209.463484965723;288;15209.463484965723;2347.7491;;IterationSummary;;;;;;
45;2;21;1;diversification;4;13496778430a;move;;;5;30;;;;;;;;;;True;False;False;True;;ok;16928.78326987793;15367.189422368201;15367.189422368201;15209.463484965723;289;15209.463484965723;2354.525;1561.59384750973;Evaluated;6.1431;0.6228;64;True;1;
45;2;21;2;diversification;4;13496778430a;reinsert_block;;;;;;;20;25;30;;;;;True;False;False;False;;ok;16397.19241426989;15367.189422368201;15367.189422368201;15209.463484965723;290;15209.463484965723;2361.2998;1030.0029919016906;Evaluated;6.1486;0.625;64;True;1;
45;2;21;3;diversification;4;13496778430a;swap;35;40;;;;;;;;;;;;True;False;False;False;;ok;15820.378071272533;15367.189422368201;15367.189422368201;15209.463484965723;291;15209.463484965723;2367.4158;453.1886489043318;Evaluated;5.479;0.6346;64;True;1;
45;2;21;4;diversification;4;13496778430a;move;;;62;10;;;;;;;;;;True;False;False;True;;ok;15783.862318707184;15367.189422368201;15367.189422368201;15209.463484965723;292;15209.463484965723;2377.7605;416.67289633898326;Evaluated;9.7084;0.633;64;True;2;duplicate_for_same_parent_sequence
45;2;21;5;diversification;4;13496778430a;swap;3;8;;;;;;;;;;;;True;False;False;False;;ok;17216.643619321017;15367.189422368201;15367.189422368201;15209.463484965723;293;15209.463484965723;2387.6097;1849.4541969528163;Evaluated;9.2226;0.6239;64;True;2;duplicate_for_same_parent_sequence
45;2;21;6;diversification;4;13496778430a;move;;;45;30;;;;;;;;;;True;False;False;True;;ok;16563.79077815596;15367.189422368201;15367.189422368201;15209.463484965723;294;15209.463484965723;2393.9338;1196.6013557877577;Evaluated;5.6963;0.6256;64;True;1;
45;2;21;7;diversification;4;13496778430a;move;;;30;45;;;;;;;;;;True;False;False;True;;ok;15588.324291439567;15367.189422368201;15367.189422368201;15209.463484965723;295;15209.463484965723;2403.9633;221.13486907136576;Evaluated;9.401;0.6258;64;True;2;duplicate_for_same_parent_sequence
45;2;21;8;diversification;4;13496778430a;move;;;18;5;;;;;;;;;;True;False;False;True;;ok;16966.714301023043;15367.189422368201;15367.189422368201;15209.463484965723;296;15209.463484965723;2409.9913;1599.5248786548418;Evaluated;5.3965;0.6274;64;True;1;
45;2;21;9;diversification;4;13496778430a;move;;;24;35;;;;;;;;;;True;False;False;True;;ok;15803.839040670597;15367.189422368201;15367.189422368201;15209.463484965723;297;15209.463484965723;2416.3512;436.64961830239554;Evaluated;5.7253;0.6318;64;True;1;
45;2;21;10;diversification;4;13496778430a;move;;;50;35;;;;;;;;;;True;False;False;True;;ok;16373.435626804583;15367.189422368201;15367.189422368201;15209.463484965723;298;15209.463484965723;2422.7042;1006.246204436382;Evaluated;5.723;0.627;64;True;1;
45;2;21;;diversification;5;;;;;;;;;;;;;;;;;;;;;End-of-iteration summary row;;;15367.189422368201;15209.463484965723;298;15209.463484965723;2422.7068;;IterationSummary;;;;;;
46;2;22;1;diversification;5;13496778430a;move;;;10;25;;;;;;;;;;True;False;False;True;;ok;16566.987845543947;15367.189422368201;15367.189422368201;15209.463484965723;299;15209.463484965723;2429.5486;1199.7984231757455;Evaluated;6.1994;0.6262;64;True;1;
46;2;22;2;diversification;5;13496778430a;reinsert_block;;;;;;;25;30;18;;;;;True;False;False;False;;ok;16525.32541111557;15367.189422368201;15367.189422368201;15209.463484965723;300;15209.463484965723;2436.3117;1158.1359887473682;Evaluated;6.1351;0.6255;64;True;1;
46;2;22;3;diversification;5;13496778430a;swap;36;40;;;;;;;;;;;;True;False;False;False;;ok;15457.274218961093;15367.189422368201;15367.189422368201;15209.463484965723;301;15209.463484965723;2442.6663;90.08479659289151;Evaluated;5.7264;0.6274;64;True;1;
46;2;22;4;diversification;5;13496778430a;move;;;60;50;;;;;;;;;;True;False;False;True;;ok;15491.70359102344;15367.189422368201;15367.189422368201;15209.463484965723;302;15209.463484965723;2452.6884;124.5141686552397;Evaluated;9.3844;0.6343;64;True;2;duplicate_for_same_parent_sequence
46;2;22;5;diversification;5;13496778430a;move;;;15;20;;;;;;;;;;True;False;False;False;;ok;15587.83710855129;15367.189422368201;15367.189422368201;15209.463484965723;303;15209.463484965723;2459.406;220.6476861830888;Evaluated;6.0871;0.6285;64;True;1;
46;2;22;6;diversification;5;13496778430a;move;;;40;25;;;;;;;;;;True;False;False;True;;ok;16214.609335822324;15367.189422368201;15367.189422368201;15209.463484965723;304;15209.463484965723;2465.7132;847.4199134541232;Evaluated;5.6719;0.6318;64;True;1;
46;2;22;7;diversification;5;13496778430a;move;;;35;50;;;;;;;;;;True;False;False;True;;ok;15700.317629265628;15367.189422368201;15367.189422368201;15209.463484965723;305;15209.463484965723;2475.9973;333.12820689742694;Evaluated;9.6463;0.6353;64;True;2;duplicate_for_same_parent_sequence
46;2;22;8;diversification;5;13496778430a;move;;;8;25;;;;;;;;;;True;False;False;True;;ok;15462.704715039537;15367.189422368201;15367.189422368201;15209.463484965723;306;15209.463484965723;2482.233;95.51529267133628;Evaluated;5.6039;0.6289;64;True;1;
46;2;22;9;diversification;5;13496778430a;move;;;24;30;;;;;;;;;;True;False;False;False;;ok;15477.47444386568;15367.189422368201;15367.189422368201;15209.463484965723;307;15209.463484965723;2488.487;110.28502149747874;Evaluated;5.6271;0.6242;64;True;1;
46;2;22;10;diversification;5;13496778430a;move;;;48;60;;;;;;;;;;True;False;False;True;;ok;15696.848680855921;15367.189422368201;15367.189422368201;15209.463484965723;308;15209.463484965723;2498.8001;329.65925848771985;Evaluated;9.6855;0.627;64;True;2;duplicate_for_same_parent_sequence
46;2;22;;diversification;6;;;;;;;;;;;;;;;;;;;;;End-of-iteration summary row;;;15367.189422368201;15209.463484965723;308;15209.463484965723;2498.8034;;IterationSummary;;;;;;
47;2;23;1;diversification;6;13496778430a;move;;;3;10;;;;;;;;;;True;False;False;False;;ok;17886.169549404683;15367.189422368201;15367.189422368201;15209.463484965723;309;15209.463484965723;2505.8503;2518.9801270364824;Evaluated;6.4055;0.6335;64;True;1;
47;2;23;2;diversification;6;13496778430a;reinsert_block;;;;;;;18;24;35;;;;;True;False;False;True;;ok;16037.126847266602;15367.189422368201;15367.189422368201;15209.463484965723;310;15209.463484965723;2512.2826;669.9374248984004;Evaluated;5.7975;0.6323;64;True;1;
47;2;23;3;diversification;6;13496778430a;swap;32;47;;;;;;;;;;;;True;False;False;True;;ok;16503.171461373626;15367.189422368201;15367.189422368201;15209.463484965723;311;15209.463484965723;2522.5958;1135.9820390054247;Evaluated;9.6829;0.6276;64;True;2;duplicate_for_same_parent_sequence
47;2;23;4;diversification;6;13496778430a;move;;;48;50;;;;;;;;;;True;False;False;False;;ok;15353.8312858028;15367.189422368201;15367.189422368201;15209.463484965723;312;15209.463484965723;2528.8798;-13.358136565400855;EvaluatedImprovementDespiteDiversificationMismatch;5.6525;0.6288;64;True;1;
47;2;23;5;diversification;6;13496778430a;swap;3;7;;;;;;;;;;;;True;False;False;False;;ok;16888.694839208954;15367.189422368201;15367.189422368201;15209.463484965723;313;15209.463484965723;2538.8997;1521.5054168407532;Evaluated;9.3847;0.6326;64;True;2;duplicate_for_same_parent_sequence
47;2;23;6;diversification;6;13496778430a;move;;;20;10;;;;;;;;;;True;False;False;True;;ok;17120.863408575042;15367.189422368201;15367.189422368201;15209.463484965723;314;15209.463484965723;2552.9763;1753.6739862068407;Evaluated;13.4488;0.6272;64;True;3;duplicate_for_same_parent_sequence
47;2;23;7;diversification;6;13496778430a;move;;;5;10;;;;;;;;;;True;False;False;False;;ok;16932.424265896207;15367.189422368201;15367.189422368201;15209.463484965723;315;15209.463484965723;2559.1936;1565.2348435280055;Evaluated;5.5884;0.6258;64;True;1;
47;2;23;8;diversification;6;13496778430a;move;;;30;40;;;;;;;;;;True;False;False;True;;ok;15474.63816523208;15367.189422368201;15367.189422368201;15209.463484965723;316;15209.463484965723;2569.2069;107.44874286387858;Evaluated;9.377;0.6334;64;True;2;duplicate_for_same_parent_sequence
47;2;23;9;diversification;6;13496778430a;move;;;30;15;;;;;;;;;;True;False;False;True;;ok;15374.128322440805;15367.189422368201;15367.189422368201;15209.463484965723;317;15209.463484965723;2579.4767;6.938900072604156;Evaluated;9.6067;0.6605;64;True;2;duplicate_for_same_parent_sequence
47;2;23;10;diversification;6;13496778430a;swap;48;52;;;;;;;;;;;;True;False;False;False;;ok;15368.737419758678;15367.189422368201;15367.189422368201;15209.463484965723;318;15209.463484965723;2589.6144;1.5479973904766666;Evaluated;9.5076;0.6275;64;True;2;duplicate_for_same_parent_sequence
47;2;23;;diversification;0;;;;;;;;;;;;;;;;;;;;;End-of-iteration summary row;;;15353.8312858028;15209.463484965723;318;15209.463484965723;2589.6206;;IterationSummary;;;;;;
48;2;24;1;normal;0;39eea038b70c;move;;;14;5;;;;;;;;;;True;False;False;False;;ok;17258.598006094722;15353.8312858028;15353.8312858028;15209.463484965723;319;15209.463484965723;2596.4332;1904.766720291922;Evaluated;6.1781;0.6266;64;True;1;
48;2;24;2;normal;0;39eea038b70c;swap;18;20;;;;;;;;;;;;True;False;False;False;;ok;17083.10885213533;15353.8312858028;15353.8312858028;15209.463484965723;320;15209.463484965723;2602.7669;1729.2775663325301;Evaluated;5.7035;0.6272;64;True;1;
48;2;24;3;normal;0;39eea038b70c;reinsert_block;;;;;;;32;40;50;;;;;True;False;False;True;;ok;15912.003793564232;15353.8312858028;15353.8312858028;15209.463484965723;321;15209.463484965723;2609.4487;558.1725077614319;Evaluated;6.0425;0.6363;64;True;1;
48;2;24;4;normal;0;39eea038b70c;move;;;50;25;;;;;;;;;;True;False;False;True;;ok;16353.674660749075;15353.8312858028;15353.8312858028;15209.463484965723;322;15209.463484965723;2615.7828;999.8433749462747;Evaluated;5.6988;0.6328;64;True;1;
48;2;24;5;normal;0;39eea038b70c;move;;;50;20;;;;;;;;;;True;False;False;True;;ok;16550.182904243302;15353.8312858028;15353.8312858028;15209.463484965723;323;15209.463484965723;2622.0228;1196.3516184405016;Evaluated;5.6112;0.6275;64;True;1;
48;2;24;;normal;1;;;;;;;;;;;;;;;;;;;;;End-of-iteration summary row;;;15353.8312858028;15209.463484965723;323;15209.463484965723;2622.0263;;IterationSummary;;;;;;
49;2;25;1;normal;1;39eea038b70c;move;;;10;5;;;;;;;;;;True;False;False;False;;ok;16198.16463298215;15353.8312858028;15353.8312858028;15209.463484965723;324;15209.463484965723;2628.5922;844.3333471793503;Evaluated;5.9242;0.6273;64;True;1;
49;2;25;2;normal;1;39eea038b70c;swap;17;23;;;;;;;;;;;;True;False;False;False;;ok;16869.885603377115;15353.8312858028;15353.8312858028;15209.463484965723;325;15209.463484965723;2634.8002;1516.054317574315;Evaluated;5.3868;0.8185;64;True;1;
49;2;25;3;normal;1;39eea038b70c;reinsert_block;;;;;;;35;40;28;;;;;True;False;False;False;;ok;16068.813662734561;15353.8312858028;15353.8312858028;15209.463484965723;326;15209.463484965723;2641.6207;714.9823769317609;Evaluated;6.1893;0.6283;64;True;1;
49;2;25;4;normal;1;39eea038b70c;move;;;50;30;;;;;;;;;;True;False;False;True;;ok;16408.449781015785;15353.8312858028;15353.8312858028;15209.463484965723;327;15209.463484965723;2647.9565;1054.6184952129843;Evaluated;5.7084;0.624;64;True;1;
49;2;25;5;normal;1;39eea038b70c;move;;;25;10;;;;;;;;;;True;False;False;True;;ok;17314.53106303889;15353.8312858028;15353.8312858028;15209.463484965723;328;15209.463484965723;2654.4559;1960.6997772360883;Evaluated;5.8539;0.644;64;True;1;
49;2;25;;normal;2;;;;;;;;;;;;;;;;;;;;;End-of-iteration summary row;;;15353.8312858028;15209.463484965723;328;15209.463484965723;2654.4589;;IterationSummary;;;;;;
50;2;26;1;normal;2;39eea038b70c;move;;;8;3;;;;;;;;;;True;False;False;False;;ok;17431.424147048914;15353.8312858028;15353.8312858028;15209.463484965723;329;15209.463484965723;2661.4405;2077.592861246114;Evaluated;6.3395;0.6327;64;True;1;
50;2;26;2;normal;2;39eea038b70c;swap;17;24;;;;;;;;;;;;True;False;False;False;;ok;16872.604290710384;15353.8312858028;15353.8312858028;15209.463484965723;330;15209.463484965723;2671.6109;1518.7730049075835;Evaluated;9.541;0.6268;64;True;2;duplicate_for_same_parent_sequence
50;2;26;3;normal;2;39eea038b70c;reinsert_block;;;;;;;32;35;40;;;;;True;False;False;False;;ok;17402.00959022072;15353.8312858028;15353.8312858028;15209.463484965723;331;15209.463484965723;2678.3803;2048.178304417921;Evaluated;6.1319;0.6349;64;True;1;
50;2;26;4;normal;2;39eea038b70c;move;;;57;48;;;;;;;;;;True;False;False;False;;ok;15351.387175856358;15353.8312858028;15353.8312858028;15209.463484965723;332;15209.463484965723;2684.6146;-2.4441099464420404;Evaluated;5.6051;0.6261;64;True;1;
50;2;26;5;normal;2;39eea038b70c;move;;;40;15;;;;;;;;;;True;False;False;True;;ok;17257.460864022418;15353.8312858028;15353.8312858028;15209.463484965723;333;15209.463484965723;2694.5868;1903.6295782196175;Evaluated;9.3432;0.6282;64;True;2;duplicate_for_same_parent_sequence
50;2;26;;normal;0;;;;;;;;;;;;;;;;;;;;;End-of-iteration summary row;;;15351.387175856358;15209.463484965723;333;15209.463484965723;2694.6059;;IterationSummary;;;;;;
51;2;27;1;normal;0;614df7ca2ba2;move;;;10;5;;;;;;;;;;True;False;False;False;;ok;16193.619289062293;15351.387175856358;15351.387175856358;15209.463484965723;334;15209.463484965723;2701.3986;842.2321132059351;Evaluated;6.1592;0.626;64;True;1;
51;2;27;2;normal;0;614df7ca2ba2;swap;18;20;;;;;;;;;;;;True;False;False;False;;ok;17078.773953340267;15351.387175856358;15351.387175856358;15209.463484965723;335;15209.463484965723;2707.4915;1727.386777483909;Evaluated;5.4593;0.6304;64;True;1;
51;2;27;3;normal;0;614df7ca2ba2;reinsert_block;;;;;;;35;40;28;;;;;True;False;False;False;;ok;16064.73581077397;15351.387175856358;15351.387175856358;15209.463484965723;336;15209.463484965723;2714.167;713.348634917611;Evaluated;6.0442;0.6285;64;True;1;
51;2;27;4;normal;0;614df7ca2ba2;move;;;58;49;;;;;;;;;;True;False;False;False;;ok;15816.09090828243;15351.387175856358;15351.387175856358;15209.463484965723;337;15209.463484965723;2720.3796;464.7037324260709;Evaluated;5.5777;0.6341;64;True;1;
51;2;27;5;normal;0;614df7ca2ba2;move;;;50;30;;;;;;;;;;True;False;False;True;;ok;16168.801656602085;15351.387175856358;15351.387175856358;15209.463484965723;338;15209.463484965723;2726.6631;817.4144807457269;Evaluated;5.6528;0.6275;64;True;1;
51;2;27;;normal;1;;;;;;;;;;;;;;;;;;;;;End-of-iteration summary row;;;15351.387175856358;15209.463484965723;338;15209.463484965723;2726.6647;;IterationSummary;;;;;;
52;2;28;1;normal;1;614df7ca2ba2;move;;;8;3;;;;;;;;;;True;False;False;False;;ok;17426.785094287625;15351.387175856358;15351.387175856358;15209.463484965723;339;15209.463484965723;2737.3498;2075.3979184312666;Evaluated;10.0497;0.6256;64;True;2;duplicate_for_same_parent_sequence
52;2;28;2;normal;1;614df7ca2ba2;swap;17;24;;;;;;;;;;;;True;False;False;False;;ok;16868.037238048833;15351.387175856358;15351.387175856358;15209.463484965723;340;15209.463484965723;2743.5941;1516.6500621924752;Evaluated;5.6165;0.6253;64;True;1;
52;2;28;3;normal;1;614df7ca2ba2;move;;;62;55;;;;;;;;;;True;False;False;False;;ok;15366.546981009356;15351.387175856358;15351.387175856358;15209.463484965723;341;15209.463484965723;2754.1763;15.15980515299816;Evaluated;9.9463;0.6353;64;True;2;duplicate_for_same_parent_sequence
52;2;28;4;normal;1;614df7ca2ba2;move;;;57;60;;;;;;;;;;True;False;False;False;;ok;15898.984106592812;15351.387175856358;15351.387175856358;15209.463484965723;342;15209.463484965723;2760.5274;547.5969307364539;Evaluated;5.7208;0.6268;64;True;1;
52;2;28;5;normal;1;614df7ca2ba2;move;;;25;40;;;;;;;;;;True;False;False;True;;ok;15954.686103086213;15351.387175856358;15351.387175856358;15209.463484965723;343;15209.463484965723;2766.7262;603.2989272298546;Evaluated;5.5721;0.6239;64;True;1;
52;2;28;;normal;2;;;;;;;;;;;;;;;;;;;;;End-of-iteration summary row;;;15351.387175856358;15209.463484965723;343;15209.463484965723;2766.7295;;IterationSummary;;;;;;
53;2;29;1;normal;2;614df7ca2ba2;move;;;10;5;;;;;;;;;;False;True;False;;;ok;;15351.387175856358;15351.387175856358;15209.463484965723;343;15209.463484965723;2780.0512;;DuplicateForSameParentSequenceAfterRetries;13.3123;;;;3;duplicate_for_same_parent_sequence
53;2;29;2;normal;2;614df7ca2ba2;swap;20;25;;;;;;;;;;;;True;False;False;False;;ok;16140.610574286364;15351.387175856358;15351.387175856358;15209.463484965723;344;15209.463484965723;2786.6417;789.2233984300055;Evaluated;5.9514;0.6382;64;True;1;
53;2;29;3;normal;2;614df7ca2ba2;move;;;17;35;;;;;;;;;;True;False;False;True;;ok;16504.090679597168;15351.387175856358;15351.387175856358;15209.463484965723;345;15209.463484965723;2797.1587;1152.7035037408095;Evaluated;9.8884;0.6278;64;True;2;duplicate_for_same_parent_sequence
53;2;29;4;normal;2;614df7ca2ba2;move;;;48;60;;;;;;;;;;True;False;False;True;;ok;15353.140874989693;15351.387175856358;15351.387175856358;15209.463484965723;346;15209.463484965723;2806.9512;1.7536991333345213;Evaluated;9.1614;0.6278;64;True;2;duplicate_for_same_parent_sequence
53;2;29;5;normal;2;614df7ca2ba2;move;;;45;10;;;;;;;;;;True;False;False;True;;ok;17353.41447149938;15351.387175856358;15351.387175856358;15209.463484965723;347;15209.463484965723;2816.894;2002.0272956430235;Evaluated;9.3139;0.6262;64;True;2;duplicate_for_same_parent_sequence
53;2;29;;normal;3;;;;;;;;;;;;;;;;;;;;;End-of-iteration summary row;;;15351.387175856358;15209.463484965723;347;15209.463484965723;2816.8946;;IterationSummary;;;;;;
54;2;30;1;diversification;3;614df7ca2ba2;move;;;5;20;;;;;;;;;;True;False;False;True;;ok;17065.386737753786;15351.387175856358;15351.387175856358;15209.463484965723;348;15209.463484965723;2823.6176;1713.999561897428;Evaluated;6.0912;0.6265;64;True;1;
54;2;30;2;diversification;3;614df7ca2ba2;reinsert_block;;;;;;;20;25;10;;;;;True;False;False;True;;ok;17258.900642747692;15351.387175856358;15351.387175856358;15209.463484965723;349;15209.463484965723;2830.3374;1907.5134668913342;Evaluated;6.0789;0.6372;64;True;1;
54;2;30;3;diversification;3;614df7ca2ba2;swap;42;50;;;;;;;;;;;;True;False;False;False;;ok;15485.921075624892;15351.387175856358;15351.387175856358;15209.463484965723;350;15209.463484965723;2836.7111;134.53389976853396;Evaluated;5.7432;0.6277;64;True;1;
54;2;30;4;diversification;3;614df7ca2ba2;move;;;56;48;;;;;;;;;;True;False;False;False;;ok;15763.421483667158;15351.387175856358;15351.387175856358;15209.463484965723;351;15209.463484965723;2842.9729;412.0343078107999;Evaluated;5.631;0.6273;64;True;1;
54;2;30;5;diversification;3;614df7ca2ba2;swap;15;20;;;;;;;;;;;;True;False;False;False;;ok;17575.81119130331;15351.387175856358;15351.387175856358;15209.463484965723;352;15209.463484965723;2857.3031;2224.4240154469517;Evaluated;13.6932;0.6344;64;True;3;duplicate_for_same_parent_sequence
54;2;30;6;diversification;3;614df7ca2ba2;move;;;50;35;;;;;;;;;;True;False;False;True;;ok;16247.589324077991;15351.387175856358;15351.387175856358;15209.463484965723;353;15209.463484965723;2863.7429;896.2021482216333;Evaluated;5.8077;0.6314;64;True;1;
54;2;30;7;diversification;3;614df7ca2ba2;move;;;20;35;;;;;;;;;;True;False;False;True;;ok;16599.35878897703;15351.387175856358;15351.387175856358;15209.463484965723;354;15209.463484965723;2870.0774;1247.9716131206733;Evaluated;5.7033;0.6275;64;True;1;
54;2;30;8;diversification;3;614df7ca2ba2;move;;;18;30;;;;;;;;;;True;False;False;True;;ok;16490.524144300813;15351.387175856358;15351.387175856358;15209.463484965723;355;15209.463484965723;2876.3897;1139.1369684444544;Evaluated;5.6788;0.6299;64;True;1;
54;2;30;9;diversification;3;614df7ca2ba2;move;;;28;35;;;;;;;;;;True;False;False;False;;ok;16138.46025354687;15351.387175856358;15351.387175856358;15209.463484965723;356;15209.463484965723;2882.719;787.0730776905111;Evaluated;5.6984;0.6291;64;True;1;
54;2;30;10;diversification;3;614df7ca2ba2;move;;;45;20;;;;;;;;;;True;False;False;True;;ok;16393.365928723935;15351.387175856358;15351.387175856358;15209.463484965723;357;15209.463484965723;2888.9851;1041.978752867577;Evaluated;5.6271;0.6364;64;True;1;
54;2;30;;diversification;4;;;;;;;;;;;;;;;;;;;;;End-of-iteration summary row;;;15351.387175856358;15209.463484965723;357;15209.463484965723;2888.988;;IterationSummary;;;;;;
55;2;31;1;diversification;4;614df7ca2ba2;move;;;7;14;;;;;;;;;;True;False;False;False;;ok;17053.61275192334;15351.387175856358;15351.387175856358;15209.463484965723;358;15209.463484965723;2899.7273;1702.2255760669832;Evaluated;10.0831;0.6416;64;True;2;duplicate_for_same_parent_sequence
55;2;31;2;diversification;4;614df7ca2ba2;reinsert_block;;;;;;;18;23;40;;;;;True;False;False;True;;ok;16865.59964846503;15351.387175856358;15351.387175856358;15209.463484965723;359;15209.463484965723;2906.3791;1514.2124726086731;Evaluated;6.0235;0.6248;64;True;1;
55;2;31;3;diversification;4;614df7ca2ba2;swap;35;40;;;;;;;;;;;;True;False;False;False;;ok;15958.96791216013;15351.387175856358;15351.387175856358;15209.463484965723;360;15209.463484965723;2912.7298;607.5807363037711;Evaluated;5.7237;0.6262;64;True;1;
55;2;31;4;diversification;4;614df7ca2ba2;move;;;57;48;;;;;;;;;;True;False;False;False;;ok;15369.849931863035;15351.387175856358;15351.387175856358;15209.463484965723;361;15209.463484965723;2919.0854;18.4627560066765;Evaluated;5.7255;0.6276;64;True;1;
55;2;31;5;diversification;4;614df7ca2ba2;move;;;25;10;;;;;;;;;;True;False;False;True;;ok;17309.98571911903;15351.387175856358;15351.387175856358;15209.463484965723;362;15209.463484965723;2925.4912;1958.598543262673;Evaluated;5.7674;0.6355;64;True;1;
55;2;31;6;diversification;4;614df7ca2ba2;move;;;40;25;;;;;;;;;;True;False;False;True;;ok;16349.362253897358;15351.387175856358;15351.387175856358;15209.463484965723;363;15209.463484965723;2931.9065;997.9750780409995;Evaluated;5.7801;0.6322;64;True;1;
55;2;31;7;diversification;4;614df7ca2ba2;swap;10;15;;;;;;;;;;;;True;False;False;False;;ok;17323.29751903037;15351.387175856358;15351.387175856358;15209.463484965723;364;15209.463484965723;2945.9792;1971.9103431740114;Evaluated;13.4443;0.6277;64;True;3;duplicate_for_same_parent_sequence
55;2;31;8;diversification;4;614df7ca2ba2;move;;;15;25;;;;;;;;;;True;False;False;True;;ok;15568.27817076046;15351.387175856358;15351.387175856358;15209.463484965723;365;15209.463484965723;2952.1081;216.89099490410263;Evaluated;5.4828;0.6432;64;True;1;
55;2;31;9;diversification;4;614df7ca2ba2;move;;;30;15;;;;;;;;;;True;False;False;True;;ok;15359.29097232884;15351.387175856358;15351.387175856358;15209.463484965723;366;15209.463484965723;2962.3492;7.90379647248119;Evaluated;9.6074;0.633;64;True;2;duplicate_for_same_parent_sequence
55;2;31;10;diversification;4;614df7ca2ba2;move;;;50;42;;;;;;;;;;True;False;False;False;;ok;15674.26758835935;15351.387175856358;15351.387175856358;15209.463484965723;367;15209.463484965723;2968.7152;322.880412502991;Evaluated;5.7383;0.6252;64;True;1;
55;2;31;;diversification;5;;;;;;;;;;;;;;;;;;;;;End-of-iteration summary row;;;15351.387175856358;15209.463484965723;367;15209.463484965723;2968.7185;;IterationSummary;;;;;;
56;2;32;1;diversification;5;614df7ca2ba2;move;;;7;20;;;;;;;;;;True;False;False;True;;ok;17515.589004594178;15351.387175856358;15351.387175856358;15209.463484965723;368;15209.463484965723;2975.5007;2164.2018287378196;Evaluated;6.1478;0.6264;64;True;1;
56;2;32;2;diversification;5;614df7ca2ba2;reinsert_block;;;;;;;20;25;35;;;;;True;False;False;True;;ok;16549.86495146271;15351.387175856358;15351.387175856358;15209.463484965723;369;15209.463484965723;2982.3086;1198.4777756063522;Evaluated;6.1765;0.6274;64;True;1;
56;2;32;3;diversification;5;614df7ca2ba2;swap;40;50;;;;;;;;;;;;True;False;False;False;;ok;15829.183987677316;15351.387175856358;15351.387175856358;15209.463484965723;370;15209.463484965723;2988.6686;477.7968118209574;Evaluated;5.7275;0.6298;64;True;1;
56;2;32;4;diversification;5;614df7ca2ba2;move;;;60;52;;;;;;;;;;True;False;False;False;;ok;15627.81761087377;15351.387175856358;15351.387175856358;15209.463484965723;371;15209.463484965723;2999.2228;276.4304350174116;Evaluated;9.9203;0.6331;64;True;2;duplicate_for_same_parent_sequence
56;2;32;5;diversification;5;614df7ca2ba2;move;;;8;14;;;;;;;;;;True;False;False;False;;ok;17249.871630568334;15351.387175856358;15351.387175856358;15209.463484965723;372;15209.463484965723;3009.5511;1898.4844547119756;Evaluated;9.6981;0.6268;64;True;2;duplicate_for_same_parent_sequence
56;2;32;6;diversification;5;614df7ca2ba2;move;;;40;35;;;;;;;;;;True;False;False;False;;ok;15348.327861123535;15351.387175856358;15351.387175856358;15209.463484965723;373;15209.463484965723;3015.8918;-3.0593147328236228;EvaluatedImprovementDespiteDiversificationMismatch;5.7019;0.636;64;True;1;
56;2;32;7;diversification;5;614df7ca2ba2;move;;;60;25;;;;;;;;;;True;False;False;True;;ok;17147.483863380097;15351.387175856358;15351.387175856358;15209.463484965723;374;15209.463484965723;3022.2596;1796.096687523739;Evaluated;5.7337;0.6309;64;True;1;
56;2;32;8;diversification;5;614df7ca2ba2;move;;;25;18;;;;;;;;;;True;False;False;False;;ok;16664.322805993892;15351.387175856358;15351.387175856358;15209.463484965723;375;15209.463484965723;3032.8074;1312.9356301375337;Evaluated;9.9164;0.6282;64;True;2;duplicate_for_same_parent_sequence
56;2;32;9;diversification;5;614df7ca2ba2;move;;;28;15;;;;;;;;;;True;False;False;True;;ok;17481.634569690796;15351.387175856358;15351.387175856358;15209.463484965723;376;15209.463484965723;3039.0895;2130.2473938344374;Evaluated;5.649;0.6301;64;True;1;
56;2;32;10;diversification;5;614df7ca2ba2;swap;48;53;;;;;;;;;;;;True;False;False;False;;ok;15811.85920438349;15351.387175856358;15351.387175856358;15209.463484965723;377;15209.463484965723;3049.4341;460.47202852713235;Evaluated;9.7132;0.6288;64;True;2;duplicate_for_same_parent_sequence
56;2;32;;diversification;0;;;;;;;;;;;;;;;;;;;;;End-of-iteration summary row;;;15348.327861123535;15209.463484965723;377;15209.463484965723;3049.4505;;IterationSummary;;;;;;
57;2;33;1;normal;0;9bcbeb388481;move;;;10;5;;;;;;;;;;True;False;False;False;;ok;16193.619289062293;15348.327861123535;15348.327861123535;15209.463484965723;378;15209.463484965723;3056.2996;845.2914279387587;Evaluated;6.212;0.6284;64;True;1;
57;2;33;2;normal;0;9bcbeb388481;swap;20;25;;;;;;;;;;;;True;False;False;False;;ok;16140.610574286364;15348.327861123535;15348.327861123535;15209.463484965723;379;15209.463484965723;3062.6312;792.2827131628292;Evaluated;5.6966;0.6324;64;True;1;
57;2;33;3;normal;0;9bcbeb388481;reinsert_block;;;;;;;35;40;28;;;;;True;False;False;False;;ok;16225.258459180968;15348.327861123535;15348.327861123535;15209.463484965723;380;15209.463484965723;3069.2529;876.9305980574336;Evaluated;5.9917;0.6271;64;True;1;
57;2;33;4;normal;0;9bcbeb388481;move;;;57;49;;;;;;;;;;True;False;False;False;;ok;15360.688993542937;15348.327861123535;15348.327861123535;15209.463484965723;381;15209.463484965723;3075.5971;12.361132419402566;Evaluated;5.7145;0.6271;64;True;1;
57;2;33;5;normal;0;9bcbeb388481;move;;;57;48;;;;;;;;;;True;False;False;False;;ok;15370.528077067773;15348.327861123535;15348.327861123535;15209.463484965723;382;15209.463484965723;3081.8147;22.200215944238153;Evaluated;5.5885;0.6284;64;True;1;
57;2;33;;normal;1;;;;;;;;;;;;;;;;;;;;;End-of-iteration summary row;;;15348.327861123535;15209.463484965723;382;15209.463484965723;3081.818;;IterationSummary;;;;;;
58;2;34;1;normal;1;9bcbeb388481;move;;;5;10;;;;;;;;;;True;False;False;False;;ok;16601.901779456683;15348.327861123535;15348.327861123535;15209.463484965723;383;15209.463484965723;3088.4796;1253.573918333148;Evaluated;6.0186;0.6275;64;True;1;
58;2;34;2;normal;1;9bcbeb388481;swap;18;23;;;;;;;;;;;;True;False;False;False;;ok;16406.48724389337;15348.327861123535;15348.327861123535;15209.463484965723;384;15209.463484965723;3097.9893;1058.1593827698362;Evaluated;8.8773;0.6297;64;True;2;duplicate_for_same_parent_sequence
58;2;34;3;normal;1;9bcbeb388481;reinsert_block;;;;;;;32;35;40;;;;;True;False;False;False;;ok;16443.115073030498;15348.327861123535;15348.327861123535;15209.463484965723;385;15209.463484965723;3104.686;1094.7872119069634;Evaluated;6.0676;0.6267;64;True;1;
58;2;34;4;normal;1;9bcbeb388481;move;;;60;25;;;;;;;;;;True;False;False;True;;ok;16813.536459062958;15348.327861123535;15348.327861123535;15209.463484965723;386;15209.463484965723;3114.4376;1465.2085979394233;Evaluated;9.1232;0.6257;64;True;2;duplicate_for_same_parent_sequence
58;2;34;5;normal;1;9bcbeb388481;move;;;50;20;;;;;;;;;;True;False;False;True;;ok;16227.63987980013;15348.327861123535;15348.327861123535;15209.463484965723;387;15209.463484965723;3120.629;879.3120186765955;Evaluated;5.5644;0.6245;64;True;1;
58;2;34;;normal;2;;;;;;;;;;;;;;;;;;;;;End-of-iteration summary row;;;15348.327861123535;15209.463484965723;387;15209.463484965723;3120.6297;;IterationSummary;;;;;;
59;2;35;1;normal;2;9bcbeb388481;move;;;8;3;;;;;;;;;;True;False;False;False;;ok;16967.885760089113;15348.327861123535;15348.327861123535;15209.463484965723;388;15209.463484965723;3130.894;1619.5578989655787;Evaluated;9.6315;0.627;64;True;2;duplicate_for_same_parent_sequence
59;2;35;2;normal;2;9bcbeb388481;swap;18;30;;;;;;;;;;;;True;False;False;True;;ok;16227.319718752773;15348.327861123535;15348.327861123535;15209.463484965723;389;15209.463484965723;3141.1986;878.9918576292384;Evaluated;9.6641;0.638;64;True;2;duplicate_for_same_parent_sequence
59;2;35;3;normal;2;9bcbeb388481;move;;;37;19;;;;;;;;;;True;False;False;True;;ok;16920.68213034723;15348.327861123535;15348.327861123535;15209.463484965723;390;15209.463484965723;3152.0455;1572.354269223697;Evaluated;10.2158;0.6284;64;True;2;duplicate_for_same_parent_sequence
59;2;35;4;normal;2;9bcbeb388481;swap;50;55;;;;;;;;;;;;True;False;False;False;;ok;15883.042553925166;15348.327861123535;15348.327861123535;15209.463484965723;391;15209.463484965723;3162.0623;534.7146928016318;Evaluated;9.3886;0.6257;64;True;2;duplicate_for_same_parent_sequence
59;2;35;5;normal;2;9bcbeb388481;move;;;50;25;;;;;;;;;;True;False;False;True;;ok;16126.557368920227;15348.327861123535;15348.327861123535;15209.463484965723;392;15209.463484965723;3168.3677;778.2295077966919;Evaluated;5.6733;0.6287;64;True;1;
59;2;35;;normal;3;;;;;;;;;;;;;;;;;;;;;End-of-iteration summary row;;;15348.327861123535;15209.463484965723;392;15209.463484965723;3168.3706;;IterationSummary;;;;;;
60;2;36;1;diversification;3;9bcbeb388481;move;;;3;20;;;;;;;;;;True;False;False;True;;ok;17096.82639023743;15348.327861123535;15348.327861123535;15209.463484965723;393;15209.463484965723;3182.352;1748.4985291138964;Evaluated;13.334;0.6334;64;True;3;duplicate_for_same_parent_sequence
60;2;36;2;diversification;3;9bcbeb388481;reinsert_block;;;;;;;18;24;35;;;;;True;False;False;True;;ok;16209.16576515564;15348.327861123535;15348.327861123535;15209.463484965723;394;15209.463484965723;3189.0486;860.8379040321051;Evaluated;6.0658;0.6274;64;True;1;
60;2;36;3;diversification;3;9bcbeb388481;swap;35;40;;;;;;;;;;;;True;False;False;False;;ok;15443.870604153068;15348.327861123535;15348.327861123535;15209.463484965723;395;15209.463484965723;3195.3959;95.54274302953309;Evaluated;5.717;0.6276;64;True;1;
60;2;36;4;diversification;3;9bcbeb388481;reinsert_block;;;;;;;50;53;46;;;;;True;False;False;False;;ok;16155.584301511512;15348.327861123535;15348.327861123535;15209.463484965723;396;15209.463484965723;3202.1923;807.2564403879769;Evaluated;6.1622;0.6309;64;True;1;
60;2;36;5;diversification;3;9bcbeb388481;move;;;43;18;;;;;;;;;;True;False;False;True;;ok;16208.185250022083;15348.327861123535;15348.327861123535;15209.463484965723;397;15209.463484965723;3208.6075;859.8573888985484;Evaluated;5.7882;0.626;64;True;1;
60;2;36;6;diversification;3;9bcbeb388481;move;;;40;25;;;;;;;;;;True;False;False;True;;ok;15436.897959940945;15348.327861123535;15348.327861123535;15209.463484965723;398;15209.463484965723;3215.3169;88.57009881741033;Evaluated;6.0764;0.6302;64;True;1;
60;2;36;7;diversification;3;9bcbeb388481;move;;;20;15;;;;;;;;;;True;False;False;False;;ok;17127.395553580078;15348.327861123535;15348.327861123535;15209.463484965723;399;15209.463484965723;3221.5883;1779.0676924565432;Evaluated;5.6422;0.6276;64;True;1;
60;2;36;8;diversification;3;9bcbeb388481;move;;;18;25;;;;;;;;;;True;False;False;False;;ok;16408.052302205833;15348.327861123535;15348.327861123535;15209.463484965723;400;15209.463484965723;3227.9724;1059.7244410822987;Evaluated;5.7549;0.6286;64;True;1;
60;2;36;9;diversification;3;9bcbeb388481;move;;;28;35;;;;;;;;;;True;False;False;False;;ok;16138.46025354687;15348.327861123535;15348.327861123535;15209.463484965723;401;15209.463484965723;3234.3832;790.1323924233347;Evaluated;5.7838;0.6245;64;True;1;
60;2;36;10;diversification;3;9bcbeb388481;swap;45;50;;;;;;;;;;;;True;False;False;False;;ok;15365.264444654427;15348.327861123535;15348.327861123535;15209.463484965723;402;15209.463484965723;3240.7283;16.936583530892676;Evaluated;5.7167;0.6256;64;True;1;
60;2;36;;diversification;4;;;;;;;;;;;;;;;;;;;;;End-of-iteration summary row;;;15348.327861123535;15209.463484965723;402;15209.463484965723;3240.7312;;IterationSummary;;;;;;
61;2;37;1;diversification;4;9bcbeb388481;move;;;5;30;;;;;;;;;;True;False;False;True;;ok;16679.63144114233;15348.327861123535;15348.327861123535;15209.463484965723;403;15209.463484965723;3247.4756;1331.3035800187954;Evaluated;6.0965;0.6309;64;True;1;
61;2;37;2;diversification;4;9bcbeb388481;reinsert_block;;;;;;;20;24;16;;;;;True;False;False;False;;ok;17235.04356205324;15348.327861123535;15348.327861123535;15209.463484965723;404;15209.463484965723;3254.3889;1886.7157009297061;Evaluated;6.277;0.6327;64;True;1;
61;2;37;3;diversification;4;9bcbeb388481;swap;40;45;;;;;;;;;;;;True;False;False;False;;ok;16214.57876492719;15348.327861123535;15348.327861123535;15209.463484965723;405;15209.463484965723;3260.5291;866.2509038036551;Evaluated;5.4998;0.6377;64;True;1;
61;2;37;4;diversification;4;9bcbeb388481;move;;;58;49;;;;;;;;;;True;False;False;False;;ok;15813.022278198114;15348.327861123535;15348.327861123535;15209.463484965723;406;15209.463484965723;3266.8388;464.6944170745792;Evaluated;5.6808;0.6264;64;True;1;
61;2;37;5;diversification;4;9bcbeb388481;move;;;10;25;;;;;;;;;;True;False;False;True;;ok;16249.334328849505;15348.327861123535;15348.327861123535;15209.463484965723;407;15209.463484965723;3273.2595;901.0064677259707;Evaluated;5.7913;0.6268;64;True;1;
61;2;37;6;diversification;4;9bcbeb388481;move;;;50;35;;;;;;;;;;True;False;False;True;;ok;16142.13146049361;15348.327861123535;15348.327861123535;15209.463484965723;408;15209.463484965723;3279.6021;793.803599370076;Evaluated;5.7161;0.6257;64;True;1;
61;2;37;7;diversification;4;9bcbeb388481;move;;;30;45;;;;;;;;;;True;False;False;True;;ok;15606.280453967385;15348.327861123535;15348.327861123535;15209.463484965723;409;15209.463484965723;3293.3425;257.95259284385065;Evaluated;13.1071;0.6304;64;True;3;duplicate_for_same_parent_sequence
61;2;37;8;diversification;4;9bcbeb388481;move;;;8;15;;;;;;;;;;True;False;False;False;;ok;16495.44901801324;15348.327861123535;15348.327861123535;15209.463484965723;410;15209.463484965723;3299.5302;1147.121156889707;Evaluated;5.5574;0.6274;64;True;1;
61;2;37;9;diversification;4;9bcbeb388481;move;;;25;30;;;;;;;;;;True;False;False;False;;ok;16633.848259344995;15348.327861123535;15348.327861123535;15209.463484965723;411;15209.463484965723;3305.8074;1285.5203982214607;Evaluated;5.65;0.6242;64;True;1;
61;2;37;10;diversification;4;9bcbeb388481;move;;;45;20;;;;;;;;;;True;False;False;True;;ok;16390.41583622572;15348.327861123535;15348.327861123535;15209.463484965723;412;15209.463484965723;3312.1762;1042.087975102184;Evaluated;5.7439;0.6243;64;True;1;
61;2;37;;diversification;5;;;;;;;;;;;;;;;;;;;;;End-of-iteration summary row;;;15348.327861123535;15209.463484965723;412;15209.463484965723;3312.1795;;IterationSummary;;;;;;
62;2;38;1;diversification;5;9bcbeb388481;move;;;7;30;;;;;;;;;;True;False;False;True;;ok;17419.71907377126;15348.327861123535;15348.327861123535;15209.463484965723;413;15209.463484965723;3322.8322;2071.3912126477244;Evaluated;9.9972;0.6393;64;True;2;duplicate_for_same_parent_sequence
62;2;38;2;diversification;5;9bcbeb388481;reinsert_block;;;;;;;18;24;5;;;;;True;False;False;True;;ok;16219.30928975119;15348.327861123535;15348.327861123535;15209.463484965723;414;15209.463484965723;3329.5058;870.981428627656;Evaluated;6.0437;0.6266;64;True;1;
62;2;38;3;diversification;5;9bcbeb388481;swap;40;50;;;;;;;;;;;;True;False;False;False;;ok;16039.611256656292;15348.327861123535;15348.327861123535;15209.463484965723;415;15209.463484965723;3335.7918;691.2833955327569;Evaluated;5.656;0.627;64;True;1;
62;2;38;4;diversification;5;9bcbeb388481;move;;;60;52;;;;;;;;;;True;False;False;False;;ok;15625.300399492844;15348.327861123535;15348.327861123535;15209.463484965723;416;15209.463484965723;3345.9827;276.9725383693094;Evaluated;9.5542;0.6333;64;True;2;duplicate_for_same_parent_sequence
62;2;38;5;diversification;5;9bcbeb388481;swap;2;7;;;;;;;;;;;;True;False;False;False;;ok;17354.142918731734;15348.327861123535;15348.327861123535;15209.463484965723;417;15209.463484965723;3355.8742;2005.815057608199;Evaluated;9.2574;0.6312;64;True;2;duplicate_for_same_parent_sequence
62;2;38;6;diversification;5;9bcbeb388481;reinsert_block;;;;;;;38;47;50;;;;;True;False;False;False;;ok;15664.762720055303;15348.327861123535;15348.327861123535;15209.463484965723;418;15209.463484965723;3362.6009;316.43485893176876;Evaluated;6.0954;0.6281;64;True;1;
62;2;38;7;diversification;5;9bcbeb388481;move;;;50;15;;;;;;;;;;True;False;False;True;;ok;16580.390688024458;15348.327861123535;15348.327861123535;15209.463484965723;419;15209.463484965723;3368.8966;1232.062826900923;Evaluated;5.6661;0.6267;64;True;1;
62;2;38;8;diversification;5;9bcbeb388481;move;;;15;30;;;;;;;;;;True;False;False;True;;ok;16644.462642075727;15348.327861123535;15348.327861123535;15209.463484965723;420;15209.463484965723;3375.1686;1296.1347809521922;Evaluated;5.6416;0.6278;64;True;1;
62;2;38;9;diversification;5;9bcbeb388481;move;;;25;40;;;;;;;;;;True;False;False;True;;ok;15955.71731176044;15348.327861123535;15348.327861123535;15209.463484965723;421;15209.463484965723;3381.4899;607.3894506369052;Evaluated;5.6936;0.6251;64;True;1;
62;2;38;10;diversification;5;9bcbeb388481;move;;;30;20;;;;;;;;;;True;False;False;True;;ok;15366.092490399746;15348.327861123535;15348.327861123535;15209.463484965723;422;15209.463484965723;3395.3696;17.764629276211053;Evaluated;13.2344;0.6444;64;True;3;duplicate_for_same_parent_sequence
62;2;38;;diversification;6;;;;;;;;;;;;;;;;;;;;;End-of-iteration summary row;;;15348.327861123535;15209.463484965723;422;15209.463484965723;3395.3729;;IterationSummary;;;;;;
63;2;39;1;diversification;6;9bcbeb388481;move;;;3;40;;;;;;;;;;True;False;False;True;;ok;17109.893357870227;15348.327861123535;15348.327861123535;15209.463484965723;423;15209.463484965723;3405.8601;1761.5654967466926;Evaluated;9.8528;0.627;64;True;2;duplicate_for_same_parent_sequence
63;2;39;2;diversification;6;9bcbeb388481;reinsert_block;;;;;;;20;24;10;;;;;True;False;False;True;;ok;16618.52142746169;15348.327861123535;15348.327861123535;15209.463484965723;424;15209.463484965723;3412.5904;1270.1935663381537;Evaluated;6.1009;0.626;64;True;1;
63;2;39;3;diversification;6;9bcbeb388481;swap;32;47;;;;;;;;;;;;True;False;False;True;;ok;16654.5342737907;15348.327861123535;15348.327861123535;15209.463484965723;425;15209.463484965723;3423.0776;1306.2064126671667;Evaluated;9.8578;0.6266;64;True;2;duplicate_for_same_parent_sequence
63;2;39;4;diversification;6;9bcbeb388481;move;;;60;30;;;;;;;;;;True;False;False;True;;ok;16856.945893964672;15348.327861123535;15348.327861123535;15209.463484965723;426;15209.463484965723;3433.4102;1508.6180328411374;Evaluated;9.6935;0.6358;64;True;2;duplicate_for_same_parent_sequence
63;2;39;5;diversification;6;9bcbeb388481;move;;;40;5;;;;;;;;;;True;False;False;True;;ok;15355.477047692573;15348.327861123535;15348.327861123535;15209.463484965723;427;15209.463484965723;3439.4324;7.149186569038648;Evaluated;5.3909;0.6287;64;True;1;
63;2;39;6;diversification;6;9bcbeb388481;move;;;40;55;;;;;;;;;;True;False;False;True;;ok;15820.282250772852;15348.327861123535;15348.327861123535;15209.463484965723;428;15209.463484965723;3445.7177;471.9543896493178;Evaluated;5.6541;0.6281;64;True;1;
63;2;39;7;diversification;6;9bcbeb388481;move;;;20;5;;;;;;;;;;True;False;False;True;;ok;16158.054681294234;15348.327861123535;15348.327861123535;15209.463484965723;429;15209.463484965723;3452.0189;809.7268201706993;Evaluated;5.6687;0.6313;64;True;1;
63;2;39;8;diversification;6;9bcbeb388481;move;;;4;30;;;;;;;;;;True;False;False;True;;ok;16825.780017150384;15348.327861123535;15348.327861123535;15209.463484965723;430;15209.463484965723;3462.1145;1477.4521560268495;Evaluated;9.4589;0.6341;64;True;2;duplicate_for_same_parent_sequence
63;2;39;9;diversification;6;9bcbeb388481;move;;;25;10;;;;;;;;;;True;False;False;True;;ok;16917.533640954232;15348.327861123535;15348.327861123535;15209.463484965723;431;15209.463484965723;3468.3677;1569.2057798306978;Evaluated;5.6215;0.6289;64;True;1;
63;2;39;10;diversification;6;9bcbeb388481;move;;;50;18;;;;;;;;;;True;False;False;True;;ok;16584.053807692024;15348.327861123535;15348.327861123535;15209.463484965723;432;15209.463484965723;3474.7185;1235.7259465684892;Evaluated;5.7178;0.6303;64;True;1;
63;2;39;;diversification;7;;;;;;;;;;;;;;;;;;;;;End-of-iteration summary row;;;15348.327861123535;15209.463484965723;432;15209.463484965723;3474.7217;;IterationSummary;;;;;;
64;2;40;1;diversification;7;9bcbeb388481;move;;;10;35;;;;;;;;;;True;False;False;True;;ok;16534.264590069244;15348.327861123535;15348.327861123535;15209.463484965723;433;15209.463484965723;3481.5617;1185.9367289457095;Evaluated;6.2004;0.6287;64;True;1;
64;2;40;2;diversification;7;9bcbeb388481;reinsert_block;;;;;;;18;23;5;;;;;True;False;False;True;;ok;16405.094458116393;15348.327861123535;15348.327861123535;15209.463484965723;434;15209.463484965723;3488.2026;1056.7665969928585;Evaluated;6.0093;0.628;64;True;1;
64;2;40;3;diversification;7;9bcbeb388481;move;;;35;10;;;;;;;;;;True;False;False;True;;ok;17286.83062513851;15348.327861123535;15348.327861123535;15209.463484965723;435;15209.463484965723;3498.2429;1938.5027640149765;Evaluated;9.4073;0.6303;64;True;2;duplicate_for_same_parent_sequence
64;2;40;4;diversification;7;9bcbeb388481;move;;;60;20;;;;;;;;;;True;False;False;True;;ok;16618.289685777803;15348.327861123535;15348.327861123535;15209.463484965723;436;15209.463484965723;3508.3819;1269.9618246542686;Evaluated;9.5093;0.6267;64;True;2;duplicate_for_same_parent_sequence
64;2;40;5;diversification;7;9bcbeb388481;move;;;28;15;;;;;;;;;;True;False;False;True;;ok;17029.20448194839;15348.327861123535;15348.327861123535;15209.463484965723;437;15209.463484965723;3514.5136;1680.8766208248544;Evaluated;5.4978;0.6315;64;True;1;
64;2;40;6;diversification;7;9bcbeb388481;move;;;50;32;;;;;;;;;;True;False;False;True;;ok;16113.558237622863;15348.327861123535;15348.327861123535;15209.463484965723;438;15209.463484965723;3520.8896;765.2303764993285;Evaluated;5.7487;0.6264;64;True;1;
64;2;40;7;diversification;7;9bcbeb388481;move;;;27;45;;;;;;;;;;True;False;False;True;;ok;16686.23026101831;15348.327861123535;15348.327861123535;15209.463484965723;439;15209.463484965723;3530.9146;1337.902399894776;Evaluated;9.3969;0.625;64;True;2;duplicate_for_same_parent_sequence
64;2;40;8;diversification;7;9bcbeb388481;move;;;30;25;;;;;;;;;;True;False;False;False;;ok;15435.376842838348;15348.327861123535;15348.327861123535;15209.463484965723;440;15209.463484965723;3540.9737;87.04898171481364;Evaluated;9.4233;0.635;64;True;2;duplicate_for_same_parent_sequence
64;2;40;9;diversification;7;9bcbeb388481;move;;;28;15;;;;;;;;;;False;True;False;;;ok;;15348.327861123535;15348.327861123535;15209.463484965723;440;15209.463484965723;3554.0763;;DuplicateForSameParentSequenceAfterRetries;13.0998;;;;3;duplicate_for_same_parent_sequence
64;2;40;10;diversification;7;9bcbeb388481;move;;;61;27;;;;;;;;;;True;False;False;True;;ok;15872.138573176804;15348.327861123535;15348.327861123535;15209.463484965723;441;15209.463484965723;3567.8852;523.8107120532695;Evaluated;13.1815;0.6263;64;True;3;duplicate_for_same_parent_sequence
64;2;40;;diversification;8;;;;;;;;;;;;;;;;;;;;;End-of-iteration summary row;;;15348.327861123535;15209.463484965723;441;15209.463484965723;3567.8882;;IterationSummary;;;;;;
65;2;41;1;diversification;8;9bcbeb388481;move;;;18;5;;;;;;;;;;True;False;False;True;;ok;16652.39179830579;15348.327861123535;15348.327861123535;15209.463484965723;442;15209.463484965723;3574.6932;1304.0639371822563;Evaluated;6.1593;0.63;64;True;1;
65;2;41;2;diversification;8;9bcbeb388481;reinsert_block;;;;;;;18;23;5;;;;;False;True;False;;;ok;;15348.327861123535;15348.327861123535;15209.463484965723;442;15209.463484965723;3588.4352;;DuplicateForSameParentSequenceAfterRetries;13.7394;;;;3;duplicate_for_same_parent_sequence
65;2;41;3;diversification;8;9bcbeb388481;swap;35;40;;;;;;;;;;;;False;True;False;;;ok;;15348.327861123535;15348.327861123535;15209.463484965723;442;15209.463484965723;3601.4746;;DuplicateForSameParentSequenceAfterRetries;13.0384;;;;3;duplicate_for_same_parent_sequence
65;2;41;4;diversification;8;9bcbeb388481;move;;;20;30;;;;;;;;;;True;False;False;True;;ok;16601.35897554533;15348.327861123535;15348.327861123535;15209.463484965723;443;15209.463484965723;3611.8004;1253.031114421794;Evaluated;9.6965;0.6282;64;True;2;duplicate_for_same_parent_sequence
65;2;41;5;diversification;8;9bcbeb388481;move;;;18;3;;;;;;;;;;True;False;False;True;;ok;16847.26149735962;15348.327861123535;15348.327861123535;15209.463484965723;444;15209.463484965723;3622.1293;1498.9336362360864;Evaluated;9.7008;0.6253;64;True;2;duplicate_for_same_parent_sequence
65;2;41;6;diversification;8;9bcbeb388481;move;;;40;15;;;;;;;;;;True;False;False;True;;ok;15359.190182270271;15348.327861123535;15348.327861123535;15209.463484965723;445;15209.463484965723;3628.7817;10.862321146736576;Evaluated;6.014;0.6353;64;True;1;
65;2;41;7;diversification;8;9bcbeb388481;move;;;50;10;;;;;;;;;;True;False;False;True;;ok;17130.506396230587;15348.327861123535;15348.327861123535;15209.463484965723;446;15209.463484965723;3635.0722;1782.178535107052;Evaluated;5.6611;0.6265;64;True;1;
65;2;41;8;diversification;8;9bcbeb388481;move;;;37;12;;;;;;;;;;True;False;False;True;;ok;16932.521373758114;15348.327861123535;15348.327861123535;15209.463484965723;447;15209.463484965723;3645.0625;1584.1935126345797;Evaluated;9.3507;0.6364;64;True;2;duplicate_for_same_parent_sequence
65;2;41;9;diversification;8;9bcbeb388481;move;;;30;10;;;;;;;;;;True;False;False;True;;ok;15352.23391633366;15348.327861123535;15348.327861123535;15209.463484965723;448;15209.463484965723;3655.064;3.906055210125487;Evaluated;9.3678;0.6303;64;True;2;duplicate_for_same_parent_sequence
65;2;41;10;diversification;8;9bcbeb388481;move;;;50;42;;;;;;;;;;True;False;False;False;;ok;15670.559513331218;15348.327861123535;15348.327861123535;15209.463484965723;449;15209.463484965723;3661.3966;322.2316522076835;Evaluated;5.7033;0.6265;64;True;1;
65;2;41;;diversification;9;;;;;;;;;;;;;;;;;;;;;End-of-iteration summary row;;;15348.327861123535;15209.463484965723;449;15209.463484965723;3661.4002;;IterationSummary;;;;;;
66;2;42;1;diversification;9;9bcbeb388481;move;;;20;3;;;;;;;;;;True;False;False;True;;ok;16507.935026083298;15348.327861123535;15348.327861123535;15209.463484965723;450;15209.463484965723;3671.7711;1159.6071649597634;Evaluated;9.7389;0.6246;64;True;2;duplicate_for_same_parent_sequence
66;2;42;2;diversification;9;9bcbeb388481;reinsert_block;;;;;;;18;23;5;;;;;False;True;False;;;ok;;15348.327861123535;15348.327861123535;15209.463484965723;450;15209.463484965723;3685.4116;;DuplicateForSameParentSequenceAfterRetries;13.6374;;;;3;duplicate_for_same_parent_sequence
66;2;42;3;diversification;9;9bcbeb388481;swap;35;40;;;;;;;;;;;;False;True;False;;;ok;;15348.327861123535;15348.327861123535;15209.463484965723;450;15209.463484965723;3698.6232;;DuplicateForSameParentSequenceAfterRetries;13.2106;;;;3;duplicate_for_same_parent_sequence
66;2;42;4;diversification;9;9bcbeb388481;move;;;54;30;;;;;;;;;;True;False;False;True;;ok;16836.601952038698;15348.327861123535;15348.327861123535;15209.463484965723;451;15209.463484965723;3704.731;1488.2740909151635;Evaluated;5.4665;0.6402;64;True;1;
66;2;42;5;diversification;9;9bcbeb388481;move;;;15;5;;;;;;;;;;True;False;False;True;;ok;15347.885555991179;15348.327861123535;15348.327861123535;15209.463484965723;452;15209.463484965723;3718.2002;-0.44230513235561375;Evaluated;12.838;0.6277;64;True;3;duplicate_for_same_parent_sequence
66;2;42;6;diversification;9;9bcbeb388481;move;;;35;20;;;;;;;;;;True;False;False;True;;ok;15499.794015589527;15348.327861123535;15348.327861123535;15209.463484965723;453;15209.463484965723;3728.4528;151.46615446599208;Evaluated;9.6165;0.6354;64;True;2;duplicate_for_same_parent_sequence
66;2;42;7;diversification;9;9bcbeb388481;move;;;35;18;;;;;;;;;;True;False;False;True;;ok;15494.326511592548;15348.327861123535;15348.327861123535;15209.463484965723;454;15209.463484965723;3738.7642;145.99865046901323;Evaluated;9.6768;0.6313;64;True;2;duplicate_for_same_parent_sequence
66;2;42;8;diversification;9;9bcbeb388481;move;;;18;3;;;;;;;;;;False;True;False;;;ok;;15348.327861123535;15348.327861123535;15209.463484965723;454;15209.463484965723;3752.0593;;DuplicateForSameParentSequenceAfterRetries;13.2924;;;;3;duplicate_for_same_parent_sequence
66;2;42;9;diversification;9;9bcbeb388481;move;;;31;26;;;;;;;;;;True;False;False;False;;ok;15347.69378495933;15348.327861123535;15348.327861123535;15209.463484965723;455;15209.463484965723;3762.2191;-0.6340761642040889;EvaluatedImprovementDespiteDiversificationMismatch;9.5291;0.6296;64;True;2;duplicate_for_same_parent_sequence
66;2;42;10;diversification;9;9bcbeb388481;swap;50;42;;;;;;;;;;;;True;False;False;False;;ok;15496.400713599116;15348.327861123535;15348.327861123535;15209.463484965723;456;15209.463484965723;3768.5673;148.07285247558139;Evaluated;5.717;0.6284;64;True;1;
66;2;42;;diversification;0;;;;;;;;;;;;;;;;;;;;;End-of-iteration summary row;;;15347.69378495933;15209.463484965723;456;15209.463484965723;3768.5797;;IterationSummary;;;;;;
67;2;43;1;normal;0;190dd3ec2d76;move;;;25;10;;;;;;;;;;True;False;False;True;;ok;16918.918993252177;15347.69378495933;15347.69378495933;15209.463484965723;457;15209.463484965723;3775.3925;1571.2252082928462;Evaluated;6.1771;0.6274;64;True;1;
67;2;43;2;normal;0;190dd3ec2d76;swap;20;25;;;;;;;;;;;;True;False;False;False;;ok;16232.623240079964;15347.69378495933;15347.69378495933;15209.463484965723;458;15209.463484965723;3781.5894;884.9294551206331;Evaluated;5.5649;0.6292;64;True;1;
67;2;43;3;normal;0;190dd3ec2d76;reinsert_block;;;;;;;35;40;18;;;;;True;False;False;True;;ok;15954.402018393963;15347.69378495933;15347.69378495933;15209.463484965723;459;15209.463484965723;3788.2245;606.7082334346323;Evaluated;6.0008;0.6316;64;True;1;
67;2;43;4;normal;0;190dd3ec2d76;move;;;57;49;;;;;;;;;;True;False;False;False;;ok;15347.58555879009;15347.69378495933;15347.69378495933;15209.463484965723;460;15209.463484965723;3794.5431;-0.10822616924087924;Evaluated;5.6877;0.6283;64;True;1;
67;2;43;5;normal;0;190dd3ec2d76;move;;;50;26;;;;;;;;;;True;False;False;True;;ok;16128.824156976025;15347.69378495933;15347.69378495933;15209.463484965723;461;15209.463484965723;3800.5425;781.1303720166943;Evaluated;5.3682;0.6283;64;True;1;
67;2;43;;normal;0;;;;;;;;;;;;;;;;;;;;;End-of-iteration summary row;;;15347.58555879009;15209.463484965723;461;15209.463484965723;3800.5619;;IterationSummary;;;;;;
68;2;44;1;normal;0;10d596ad6c99;move;;;10;5;;;;;;;;;;True;False;False;False;;ok;15419.13528277562;15347.58555879009;15347.58555879009;15209.463484965723;462;15209.463484965723;3807.2396;71.54972398553036;Evaluated;6.0445;0.6267;64;True;1;
68;2;44;2;normal;0;10d596ad6c99;swap;20;25;;;;;;;;;;;;True;False;False;False;;ok;15947.505603387834;15347.58555879009;15347.58555879009;15209.463484965723;463;15209.463484965723;3813.8394;599.920044597744;Evaluated;5.9636;0.633;64;True;1;
68;2;44;3;normal;0;10d596ad6c99;reinsert_block;;;;;;;35;40;20;;;;;True;False;False;True;;ok;15728.573432633484;15347.58555879009;15347.58555879009;15209.463484965723;464;15209.463484965723;3820.9451;380.9878738433945;Evaluated;6.4769;0.6255;64;True;1;
68;2;44;4;normal;0;10d596ad6c99;move;;;48;20;;;;;;;;;;True;False;False;True;;ok;15628.530802668538;15347.58555879009;15347.58555879009;15209.463484965723;465;15209.463484965723;3827.2013;280.9452438784483;Evaluated;5.6251;0.6285;64;True;1;
68;2;44;5;normal;0;10d596ad6c99;move;;;45;30;;;;;;;;;;True;False;False;True;;ok;16059.744414663453;15347.58555879009;15347.58555879009;15209.463484965723;466;15209.463484965723;3833.4931;712.1588558733638;Evaluated;5.6628;0.6257;64;True;1;
68;2;44;;normal;1;;;;;;;;;;;;;;;;;;;;;End-of-iteration summary row;;;15347.58555879009;15209.463484965723;466;15209.463484965723;3833.494;;IterationSummary;;;;;;
69;2;45;1;normal;1;10d596ad6c99;move;;;5;10;;;;;;;;;;True;False;False;False;;ok;15862.859782454705;15347.58555879009;15347.58555879009;15209.463484965723;467;15209.463484965723;3840.4908;515.2742236646154;Evaluated;6.364;0.6267;64;True;1;
69;2;45;2;normal;1;10d596ad6c99;swap;18;20;;;;;;;;;;;;True;False;False;False;;ok;16005.074472700986;15347.58555879009;15347.58555879009;15209.463484965723;468;15209.463484965723;3846.7796;657.4889139108964;Evaluated;5.6574;0.6283;64;True;1;
69;2;45;3;normal;1;10d596ad6c99;move;;;26;15;;;;;;;;;;True;False;False;True;;ok;15354.797810954473;15347.58555879009;15347.58555879009;15209.463484965723;469;15209.463484965723;3857.3995;7.212252164383244;Evaluated;9.9874;0.6291;64;True;2;duplicate_for_same_parent_sequence
69;2;45;4;normal;1;10d596ad6c99;move;;;57;49;;;;;;;;;;True;False;False;False;;ok;15808.537684736244;15347.58555879009;15347.58555879009;15209.463484965723;470;15209.463484965723;3863.7106;460.9521259461544;Evaluated;5.6787;0.6296;64;True;1;
69;2;45;5;normal;1;10d596ad6c99;move;;;50;25;;;;;;;;;;True;False;False;True;;ok;15567.1361950958;15347.58555879009;15347.58555879009;15209.463484965723;471;15209.463484965723;3869.9736;219.5506363057102;Evaluated;5.6289;0.6308;64;True;1;
69;2;45;;normal;2;;;;;;;;;;;;;;;;;;;;;End-of-iteration summary row;;;15347.58555879009;15209.463484965723;471;15209.463484965723;3869.9775;;IterationSummary;;;;;;
70;2;46;1;normal;2;10d596ad6c99;move;;;8;3;;;;;;;;;;True;False;False;False;;ok;16227.25046333568;15347.58555879009;15347.58555879009;15209.463484965723;472;15209.463484965723;3880.4531;879.6649045455906;Evaluated;9.8363;0.629;64;True;2;duplicate_for_same_parent_sequence
70;2;46;2;normal;2;10d596ad6c99;swap;18;30;;;;;;;;;;;;True;False;False;True;;ok;16085.400917764455;15347.58555879009;15347.58555879009;15209.463484965723;473;15209.463484965723;3891.0526;737.8153589743652;Evaluated;9.9637;0.633;64;True;2;duplicate_for_same_parent_sequence
70;2;46;3;normal;2;10d596ad6c99;reinsert_block;;;;;;;35;40;25;;;;;True;False;False;True;;ok;15681.219575924726;15347.58555879009;15347.58555879009;15209.463484965723;474;15209.463484965723;3897.7872;333.63401713463645;Evaluated;6.104;0.6274;64;True;1;
70;2;46;4;normal;2;10d596ad6c99;move;;;60;25;;;;;;;;;;True;False;False;True;;ok;16517.646782248892;15347.58555879009;15347.58555879009;15209.463484965723;475;15209.463484965723;3907.7669;1170.0612234588025;Evaluated;9.3438;0.6333;64;True;2;duplicate_for_same_parent_sequence
70;2;46;5;normal;2;10d596ad6c99;move;;;57;20;;;;;;;;;;True;False;False;True;;ok;16135.356299667308;15347.58555879009;15347.58555879009;15209.463484965723;476;15209.463484965723;3914.0769;787.7707408772185;Evaluated;5.6784;0.6274;64;True;1;
70;2;46;;normal;3;;;;;;;;;;;;;;;;;;;;;End-of-iteration summary row;;;15347.58555879009;15209.463484965723;476;15209.463484965723;3914.0796;;IterationSummary;;;;;;
71;2;47;1;diversification;3;10d596ad6c99;move;;;26;3;;;;;;;;;;True;False;False;True;;ok;16684.934819101538;15347.58555879009;15347.58555879009;15209.463484965723;477;15209.463484965723;3924.4883;1337.3492603114482;Evaluated;9.7671;0.6269;64;True;2;duplicate_for_same_parent_sequence
71;2;47;2;diversification;3;10d596ad6c99;reinsert_block;;;;;;;20;25;10;;;;;True;False;False;True;;ok;16433.82356105387;15347.58555879009;15347.58555879009;15209.463484965723;478;15209.463484965723;3931.2138;1086.238002263779;Evaluated;6.0909;0.632;64;True;1;
71;2;47;3;diversification;3;10d596ad6c99;swap;35;40;;;;;;;;;;;;True;False;False;False;;ok;15348.508305938502;15347.58555879009;15347.58555879009;15209.463484965723;479;15209.463484965723;3937.6173;0.9227471484118723;Evaluated;5.7675;0.6331;64;True;1;
71;2;47;4;diversification;3;10d596ad6c99;move;;;48;10;;;;;;;;;;True;False;False;True;;ok;16095.745475877417;15347.58555879009;15347.58555879009;15209.463484965723;480;15209.463484965723;3947.9346;748.1599170873269;Evaluated;9.6877;0.6268;64;True;2;duplicate_for_same_parent_sequence
71;2;47;5;diversification;3;10d596ad6c99;move;;;45;20;;;;;;;;;;True;False;False;True;;ok;16390.41583622572;15347.58555879009;15347.58555879009;15209.463484965723;481;15209.463484965723;3954.3301;1042.830277435629;Evaluated;5.7622;0.6305;64;True;1;
71;2;47;6;diversification;3;10d596ad6c99;move;;;45;15;;;;;;;;;;True;False;False;True;;ok;16253.591383915387;15347.58555879009;15347.58555879009;15209.463484965723;482;15209.463484965723;3964.6073;906.0058251252976;Evaluated;9.649;0.625;64;True;2;duplicate_for_same_parent_sequence
71;2;47;7;diversification;3;10d596ad6c99;move;;;50;35;;;;;;;;;;True;False;False;True;;ok;15603.35605153005;15347.58555879009;15347.58555879009;15209.463484965723;483;15209.463484965723;3970.8962;255.7704927399609;Evaluated;5.653;0.6331;64;True;1;
71;2;47;8;diversification;3;10d596ad6c99;move;;;15;30;;;;;;;;;;True;False;False;True;;ok;15589.458130328661;15347.58555879009;15347.58555879009;15209.463484965723;484;15209.463484965723;3977.1901;241.87257153857172;Evaluated;5.6582;0.631;64;True;1;
71;2;47;9;diversification;3;10d596ad6c99;swap;26;30;;;;;;;;;;;;True;False;False;False;;ok;16433.586152926742;15347.58555879009;15347.58555879009;15209.463484965723;485;15209.463484965723;3987.1556;1086.0005941366526;Evaluated;9.3393;0.6233;64;True;2;duplicate_for_same_parent_sequence
71;2;47;10;diversification;3;10d596ad6c99;move;;;45;20;;;;;;;;;;False;True;False;;;ok;;15347.58555879009;15347.58555879009;15209.463484965723;485;15209.463484965723;4000.4748;;DuplicateForSameParentSequenceAfterRetries;13.3185;;;;3;duplicate_for_same_parent_sequence
71;2;47;;diversification;4;;;;;;;;;;;;;;;;;;;;;End-of-iteration summary row;;;15347.58555879009;15209.463484965723;485;15209.463484965723;4000.4759;;IterationSummary;;;;;;
72;2;48;1;diversification;4;10d596ad6c99;move;;;20;5;;;;;;;;;;True;False;False;True;;ok;15414.802647752333;15347.58555879009;15347.58555879009;15209.463484965723;486;15209.463484965723;4007.1818;67.217088962243;Evaluated;6.07;0.6284;64;True;1;
72;2;48;2;diversification;4;10d596ad6c99;move;;;30;15;;;;;;;;;;True;False;False;True;;ok;16626.41192717915;15347.58555879009;15347.58555879009;15209.463484965723;487;15209.463484965723;4017.7791;1278.82636838906;Evaluated;9.9585;0.636;64;True;2;duplicate_for_same_parent_sequence
72;2;48;3;diversification;4;10d596ad6c99;swap;32;37;;;;;;;;;;;;True;False;False;False;;ok;15903.471843279882;15347.58555879009;15347.58555879009;15209.463484965723;488;15209.463484965723;4028.1884;555.8862844897922;Evaluated;9.7756;0.631;64;True;2;duplicate_for_same_parent_sequence
72;2;48;4;diversification;4;10d596ad6c99;move;;;55;25;;;;;;;;;;True;False;False;True;;ok;16355.731980406164;15347.58555879009;15347.58555879009;15209.463484965723;489;15209.463484965723;4042.1881;1008.1464216160748;Evaluated;13.3697;0.6273;64;True;3;duplicate_for_same_parent_sequence
72;2;48;5;diversification;4;10d596ad6c99;move;;;40;15;;;;;;;;;;True;False;False;True;;ok;15352.941014542988;15347.58555879009;15347.58555879009;15209.463484965723;490;15209.463484965723;4048.5492;5.355455752898706;Evaluated;5.7325;0.6252;64;True;1;
72;2;48;6;diversification;4;10d596ad6c99;move;;;40;5;;;;;;;;;;True;False;False;True;;ok;15351.415922490409;15347.58555879009;15347.58555879009;15209.463484965723;491;15209.463484965723;4054.8359;3.8303637003191398;Evaluated;5.6546;0.6314;64;True;1;
72;2;48;7;diversification;4;10d596ad6c99;move;;;25;10;;;;;;;;;;True;False;False;True;;ok;16633.80135656005;15347.58555879009;15347.58555879009;15209.463484965723;492;15209.463484965723;4061.369;1286.215797769959;Evaluated;5.9066;0.6247;64;True;1;
72;2;48;8;diversification;4;10d596ad6c99;move;;;30;8;;;;;;;;;;True;False;False;True;;ok;16649.648290087105;15347.58555879009;15347.58555879009;15209.463484965723;493;15209.463484965723;4071.2718;1302.0627312970155;Evaluated;9.2747;0.625;64;True;2;duplicate_for_same_parent_sequence
72;2;48;9;diversification;4;10d596ad6c99;swap;30;40;;;;;;;;;;;;True;False;False;False;;ok;15861.027982762766;15347.58555879009;15347.58555879009;15209.463484965723;494;15209.463484965723;4081.5373;513.4424239726759;Evaluated;9.6315;0.632;64;True;2;duplicate_for_same_parent_sequence
72;2;48;10;diversification;4;10d596ad6c99;move;;;55;20;;;;;;;;;;True;False;False;True;;ok;16365.485905113148;15347.58555879009;15347.58555879009;15209.463484965723;495;15209.463484965723;4095.8102;1017.9003463230583;Evaluated;13.6367;0.6332;64;True;3;duplicate_for_same_parent_sequence
72;2;48;;diversification;5;;;;;;;;;;;;;;;;;;;;;End-of-iteration summary row;;;15347.58555879009;15209.463484965723;495;15209.463484965723;4095.8141;;IterationSummary;;;;;;
73;2;49;1;diversification;5;10d596ad6c99;move;;;5;20;;;;;;;;;;True;False;False;True;;ok;16281.966964935304;15347.58555879009;15347.58555879009;15209.463484965723;496;15209.463484965723;4102.5642;934.381406145214;Evaluated;6.111;0.6295;64;True;1;
73;2;49;2;diversification;5;10d596ad6c99;reinsert_block;;;;;;;25;31;5;;;;;True;False;False;True;;ok;16336.858953141062;15347.58555879009;15347.58555879009;15209.463484965723;497;15209.463484965723;4109.2367;989.273394350972;Evaluated;6.0453;0.625;64;True;1;
73;2;49;3;diversification;5;10d596ad6c99;swap;32;47;;;;;;;;;;;;True;False;False;True;;ok;15525.737937384745;15347.58555879009;15347.58555879009;15209.463484965723;498;15209.463484965723;4119.3287;178.1523785946556;Evaluated;9.4621;0.627;64;True;2;duplicate_for_same_parent_sequence
73;2;49;4;diversification;5;10d596ad6c99;move;;;50;15;;;;;;;;;;True;False;False;True;;ok;16060.863635973117;15347.58555879009;15347.58555879009;15209.463484965723;499;15209.463484965723;4125.4292;713.2780771830276;Evaluated;5.4684;0.629;64;True;1;
73;2;49;5;diversification;5;10d596ad6c99;move;;;35;18;;;;;;;;;;True;False;False;True;;ok;16095.937677273747;15347.58555879009;15347.58555879009;15209.463484965723;500;15209.463484965723;4135.8055;748.3521184836573;Evaluated;9.7448;0.6284;64;True;2;duplicate_for_same_parent_sequence
73;2;49;6;diversification;5;10d596ad6c99;move;;;48;30;;;;;;;;;;True;False;False;True;;ok;15824.0542207995;15347.58555879009;15347.58555879009;15209.463484965723;501;15209.463484965723;4145.6929;476.46866200941076;Evaluated;9.2558;0.6308;64;True;2;duplicate_for_same_parent_sequence
73;2;49;7;diversification;5;10d596ad6c99;move;;;18;35;;;;;;;;;;True;False;False;True;;ok;16117.985646767314;15347.58555879009;15347.58555879009;15209.463484965723;502;15209.463484965723;4152.0176;770.4000879772248;Evaluated;5.6971;0.6268;64;True;1;
73;2;49;8;diversification;5;10d596ad6c99;move;;;35;20;;;;;;;;;;True;False;False;True;;ok;16090.50338041965;15347.58555879009;15347.58555879009;15209.463484965723;503;15209.463484965723;4158.5651;742.9178216295604;Evaluated;5.9155;0.6291;64;True;1;
73;2;49;9;diversification;5;10d596ad6c99;swap;45;50;;;;;;;;;;;;True;False;False;False;;ok;15351.822834240236;15347.58555879009;15347.58555879009;15209.463484965723;504;15209.463484965723;4172.4681;4.237275450146626;Evaluated;13.2726;0.6297;64;True;3;duplicate_for_same_parent_sequence
73;2;49;10;diversification;5;10d596ad6c99;move;;;50;42;;;;;;;;;;True;False;False;False;;ok;15346.039977913322;15347.58555879009;15347.58555879009;15209.463484965723;505;15209.463484965723;4179.148;-1.545580876767417;EvaluatedImprovementDespiteDiversificationMismatch;6.0492;0.6299;64;True;1;
73;2;49;;diversification;0;;;;;;;;;;;;;;;;;;;;;End-of-iteration summary row;;;15346.039977913322;15209.463484965723;505;15209.463484965723;4179.16;;IterationSummary;;;;;;
74;2;50;1;normal;0;36996442bfba;move;;;5;10;;;;;;;;;;True;False;False;False;;ok;15861.974965691488;15346.039977913322;15346.039977913322;15209.463484965723;506;15209.463484965723;4185.9407;515.934987778166;Evaluated;6.1465;0.6262;64;True;1;
74;2;50;2;normal;0;36996442bfba;swap;20;25;;;;;;;;;;;;True;False;False;False;;ok;16032.289671730572;15346.039977913322;15346.039977913322;15209.463484965723;507;15209.463484965723;4192.5466;686.2496938172499;Evaluated;5.9761;0.6263;64;True;1;
74;2;50;3;normal;0;36996442bfba;reinsert_block;;;;;;;32;40;15;;;;;True;False;False;True;;ok;16505.424585753975;15346.039977913322;15346.039977913322;15209.463484965723;508;15209.463484965723;4199.2494;1159.3846078406532;Evaluated;6.0708;0.6286;64;True;1;
74;2;50;4;normal;0;36996442bfba;move;;;50;42;;;;;;;;;;True;False;False;False;;ok;15451.01893846765;15346.039977913322;15346.039977913322;15209.463484965723;509;15209.463484965723;4205.7676;104.9789605543283;Evaluated;5.8781;0.6374;64;True;1;
74;2;50;5;normal;0;36996442bfba;move;;;60;35;;;;;;;;;;True;False;False;True;;ok;16115.098505250087;15346.039977913322;15346.039977913322;15209.463484965723;510;15209.463484965723;4212.0015;769.0585273367651;Evaluated;5.6001;0.6307;64;True;1;
74;2;50;;normal;1;;;;;;;;;;;;;;;;;;;;;End-of-iteration summary row;;;15346.039977913322;15209.463484965723;510;15209.463484965723;4212.003;;IterationSummary;;;;;;
75;2;51;1;normal;1;36996442bfba;move;;;8;15;;;;;;;;;;True;False;False;False;;ok;15478.727025870778;15346.039977913322;15346.039977913322;15209.463484965723;511;15209.463484965723;4218.6629;132.68704795745543;Evaluated;6.0256;0.6268;64;True;1;
75;2;51;2;normal;1;36996442bfba;swap;17;20;;;;;;;;;;;;True;False;False;False;;ok;16641.277375338126;15346.039977913322;15346.039977913322;15209.463484965723;512;15209.463484965723;4224.9542;1295.237397424804;Evaluated;5.6637;0.6252;64;True;1;
75;2;51;3;normal;1;36996442bfba;reinsert_block;;;;;;;35;40;18;;;;;True;False;False;True;;ok;15675.762111975253;15346.039977913322;15346.039977913322;15209.463484965723;513;15209.463484965723;4231.6492;329.7221340619308;Evaluated;6.0675;0.6262;64;True;1;
75;2;51;4;normal;1;36996442bfba;move;;;50;35;;;;;;;;;;True;False;False;True;;ok;15396.632246144709;15346.039977913322;15346.039977913322;15209.463484965723;514;15209.463484965723;4237.9816;50.5922682313867;Evaluated;5.698;0.6319;64;True;1;
75;2;51;5;normal;1;36996442bfba;move;;;50;25;;;;;;;;;;True;False;False;True;;ok;15428.283797200353;15346.039977913322;15346.039977913322;15209.463484965723;515;15209.463484965723;4244.2066;82.24381928703042;Evaluated;5.5952;0.6266;64;True;1;
75;2;51;;normal;2;;;;;;;;;;;;;;;;;;;;;End-of-iteration summary row;;;15346.039977913322;15209.463484965723;515;15209.463484965723;4244.2098;;IterationSummary;;;;;;
76;2;52;1;normal;2;36996442bfba;move;;;10;5;;;;;;;;;;True;False;False;False;;ok;15415.838646406255;15346.039977913322;15346.039977913322;15209.463484965723;516;15209.463484965723;4251.0293;69.79866849293285;Evaluated;6.1801;0.6266;64;True;1;
76;2;52;2;normal;2;36996442bfba;swap;25;30;;;;;;;;;;;;True;False;False;False;;ok;16773.570458389317;15346.039977913322;15346.039977913322;15209.463484965723;517;15209.463484965723;4261.3514;1427.5304804759944;Evaluated;9.6939;0.625;64;True;2;duplicate_for_same_parent_sequence
76;2;52;3;normal;2;36996442bfba;reinsert_block;;;;;;;32;40;18;;;;;True;False;False;True;;ok;16242.788374871636;15346.039977913322;15346.039977913322;15209.463484965723;518;15209.463484965723;4268.0273;896.7483969583136;Evaluated;6.0354;0.6374;64;True;1;
76;2;52;4;normal;2;36996442bfba;move;;;55;35;;;;;;;;;;True;False;False;True;;ok;16372.641393982227;15346.039977913322;15346.039977913322;15209.463484965723;519;15209.463484965723;4278.0426;1026.6014160689047;Evaluated;9.3834;0.6291;64;True;2;duplicate_for_same_parent_sequence
76;2;52;5;normal;2;36996442bfba;move;;;20;35;;;;;;;;;;True;False;False;True;;ok;15406.569714513362;15346.039977913322;15346.039977913322;15209.463484965723;520;15209.463484965723;4284.2882;60.52973660003954;Evaluated;5.6182;0.6266;64;True;1;
76;2;52;;normal;3;;;;;;;;;;;;;;;;;;;;;End-of-iteration summary row;;;15346.039977913322;15209.463484965723;520;15209.463484965723;4284.2911;;IterationSummary;;;;;;
77;2;53;1;diversification;3;36996442bfba;move;;;5;18;;;;;;;;;;True;False;False;True;;ok;16337.35155380833;15346.039977913322;15346.039977913322;15209.463484965723;521;15209.463484965723;4291.081;991.311575895008;Evaluated;6.1493;0.627;64;True;1;
77;2;53;2;diversification;3;36996442bfba;reinsert_block;;;;;;;20;26;35;;;;;True;False;False;True;;ok;16241.966671410662;15346.039977913322;15346.039977913322;15209.463484965723;522;15209.463484965723;4297.84;895.9266934973402;Evaluated;6.1278;0.628;64;True;1;
77;2;53;3;diversification;3;36996442bfba;swap;32;40;;;;;;;;;;;;True;False;False;False;;ok;15607.971184212027;15346.039977913322;15346.039977913322;15209.463484965723;523;15209.463484965723;4304.49;261.93120629870464;Evaluated;6.0134;0.6329;64;True;1;
77;2;53;4;diversification;3;36996442bfba;move;;;48;35;;;;;;;;;;True;False;False;True;;ok;15396.632246144709;15346.039977913322;15346.039977913322;15209.463484965723;524;15209.463484965723;4314.5994;50.5922682313867;Evaluated;9.4723;0.634;64;True;2;duplicate_for_same_parent_sequence
77;2;53;5;diversification;3;36996442bfba;move;;;4;20;;;;;;;;;;True;False;False;True;;ok;16070.790265967706;15346.039977913322;15346.039977913322;15209.463484965723;525;15209.463484965723;4320.8964;724.7502880543834;Evaluated;5.6681;0.6259;64;True;1;
77;2;53;6;diversification;3;36996442bfba;move;;;45;20;;;;;;;;;;True;False;False;True;;ok;15840.096730436795;15346.039977913322;15346.039977913322;15209.463484965723;526;15209.463484965723;4327.2034;494.0567525234728;Evaluated;5.6793;0.6268;64;True;1;
77;2;53;7;diversification;3;36996442bfba;move;;;60;25;;;;;;;;;;True;False;False;True;;ok;16508.02556083762;15346.039977913322;15346.039977913322;15209.463484965723;527;15209.463484965723;4333.4333;1161.9855829242988;Evaluated;5.5946;0.6326;64;True;1;
77;2;53;8;diversification;3;36996442bfba;move;;;18;10;;;;;;;;;;True;False;False;False;;ok;16125.648371682051;15346.039977913322;15346.039977913322;15209.463484965723;528;15209.463484965723;4347.4837;779.608393768729;Evaluated;13.416;0.6315;64;True;3;duplicate_for_same_parent_sequence
77;2;53;9;diversification;3;36996442bfba;move;;;28;35;;;;;;;;;;True;False;False;False;;ok;16286.983175241388;15346.039977913322;15346.039977913322;15209.463484965723;529;15209.463484965723;4354.1244;940.9431973280662;Evaluated;6.0121;0.6259;64;True;1;
77;2;53;10;diversification;3;36996442bfba;reinsert_block;;;;;;;45;51;30;;;;;True;False;False;True;;ok;16902.081801130364;15346.039977913322;15346.039977913322;15209.463484965723;530;15209.463484965723;4364.8176;1556.0418232170414;Evaluated;10.0608;0.6297;64;True;2;duplicate_for_same_parent_sequence
77;2;53;;diversification;4;;;;;;;;;;;;;;;;;;;;;End-of-iteration summary row;;;15346.039977913322;15209.463484965723;530;15209.463484965723;4364.8213;;IterationSummary;;;;;;
78;2;54;1;diversification;4;36996442bfba;move;;;10;25;;;;;;;;;;True;False;False;True;;ok;16296.540633113937;15346.039977913322;15346.039977913322;15209.463484965723;531;15209.463484965723;4371.7088;950.5006552006143;Evaluated;6.2362;0.6335;64;True;1;
78;2;54;2;diversification;4;36996442bfba;reinsert_block;;;;;;;25;30;16;;;;;True;False;False;True;;ok;16358.526321981753;15346.039977913322;15346.039977913322;15209.463484965723;532;15209.463484965723;4378.4326;1012.4863440684312;Evaluated;6.0916;0.6292;64;True;1;
78;2;54;3;diversification;4;36996442bfba;swap;35;40;;;;;;;;;;;;True;False;False;False;;ok;15606.456956587679;15346.039977913322;15346.039977913322;15209.463484965723;533;15209.463484965723;4385.0451;260.41697867435687;Evaluated;5.9831;0.6263;64;True;1;
78;2;54;4;diversification;4;36996442bfba;move;;;50;36;;;;;;;;;;True;False;False;True;;ok;15394.017338266363;15346.039977913322;15346.039977913322;15209.463484965723;534;15209.463484965723;4391.3993;47.97736035304115;Evaluated;5.7202;0.6308;64;True;1;
78;2;54;5;diversification;4;36996442bfba;swap;15;20;;;;;;;;;;;;True;False;False;False;;ok;16720.30512650754;15346.039977913322;15346.039977913322;15209.463484965723;535;15209.463484965723;4401.4092;1374.2651485942188;Evaluated;9.3762;0.6308;64;True;2;duplicate_for_same_parent_sequence
78;2;54;6;diversification;4;36996442bfba;move;;;40;15;;;;;;;;;;True;False;False;True;;ok;15353.525235668856;15346.039977913322;15346.039977913322;15209.463484965723;536;15209.463484965723;4411.8395;7.485257755533894;Evaluated;9.7955;0.634;64;True;2;duplicate_for_same_parent_sequence
78;2;54;7;diversification;4;36996442bfba;move;;;15;40;;;;;;;;;;True;False;False;True;;ok;15573.962982404095;15346.039977913322;15346.039977913322;15209.463484965723;537;15209.463484965723;4421.7809;227.92300449077266;Evaluated;9.3109;0.6271;64;True;2;duplicate_for_same_parent_sequence
78;2;54;8;diversification;4;36996442bfba;move;;;20;5;;;;;;;;;;True;False;False;True;;ok;15055.359579792119;15346.039977913322;15346.039977913322;15209.463484965723;538;15209.463484965723;4428.3735;-290.6803981212033;Evaluated;5.962;0.6275;64;True;1;
78;2;54;9;diversification;4;36996442bfba;move;;;30;15;;;;;;;;;;True;False;False;True;;ok;16635.545284227454;15346.039977913322;15346.039977913322;15209.463484965723;539;15209.463484965723;4434.7282;1289.5053063141313;Evaluated;5.725;0.6264;64;True;1;
78;2;54;10;diversification;4;36996442bfba;move;;;45;30;;;;;;;;;;True;False;False;True;;ok;15398.590162488288;15346.039977913322;15346.039977913322;15209.463484965723;540;15209.463484965723;4440.9887;52.5501845749659;Evaluated;5.6282;0.6296;64;True;1;
78;2;54;;diversification;0;;;;;;;;;;;;;;;;;;;;;End-of-iteration summary row;;;15055.359579792119;15055.359579792119;540;15055.359579792119;4440.9955;;IterationSummary;;;;;;
79;2;55;1;normal;0;b0f1649732a9;move;;;10;25;;;;;;;;;;True;False;False;True;;ok;15562.952091090638;15055.359579792119;15055.359579792119;15055.359579792119;541;15055.359579792119;4447.9115;507.59251129851873;Evaluated;6.2784;0.6297;64;True;1;
79;2;55;2;normal;0;b0f1649732a9;swap;20;25;;;;;;;;;;;;True;False;False;False;;ok;16053.668511905234;15055.359579792119;15055.359579792119;15055.359579792119;542;15055.359579792119;4454.1927;998.3089321131156;Evaluated;5.6469;0.6309;64;True;1;
79;2;55;3;normal;0;b0f1649732a9;reinsert_block;;;;;;;35;40;25;;;;;True;False;False;True;;ok;15782.435191133109;15055.359579792119;15055.359579792119;15055.359579792119;543;15055.359579792119;4460.9135;727.0756113409898;Evaluated;6.0909;0.6264;64;True;1;
79;2;55;4;normal;0;b0f1649732a9;move;;;50;36;;;;;;;;;;True;False;False;True;;ok;15066.7947658786;15055.359579792119;15055.359579792119;15055.359579792119;544;15055.359579792119;4466.9164;11.435186086480826;Evaluated;5.3708;0.6284;64;True;1;
79;2;55;5;normal;0;b0f1649732a9;move;;;35;10;;;;;;;;;;True;False;False;True;;ok;16208.73504596343;15055.359579792119;15055.359579792119;15055.359579792119;545;15055.359579792119;4476.9221;1153.375466171312;Evaluated;9.3719;0.6312;64;True;2;duplicate_for_same_parent_sequence
79;2;55;;normal;1;;;;;;;;;;;;;;;;;;;;;End-of-iteration summary row;;;15055.359579792119;15055.359579792119;545;15055.359579792119;4476.9228;;IterationSummary;;;;;;
80;2;56;1;normal;1;b0f1649732a9;move;;;10;5;;;;;;;;;;True;False;False;False;;ok;16148.864639253243;15055.359579792119;15055.359579792119;15055.359579792119;546;15055.359579792119;4483.3454;1093.505059461124;Evaluated;5.7891;0.6272;64;True;1;
80;2;56;2;normal;1;b0f1649732a9;swap;17;20;;;;;;;;;;;;True;False;False;False;;ok;15798.030771938806;15055.359579792119;15055.359579792119;15055.359579792119;547;15055.359579792119;4489.6927;742.6711921466867;Evaluated;5.7191;0.6267;64;True;1;
80;2;56;3;normal;1;b0f1649732a9;move;;;37;18;;;;;;;;;;True;False;False;True;;ok;15664.13005654603;15055.359579792119;15055.359579792119;15055.359579792119;548;15055.359579792119;4500.1113;608.7704767539108;Evaluated;9.7901;0.6259;64;True;2;duplicate_for_same_parent_sequence
80;2;56;4;normal;1;b0f1649732a9;move;;;50;25;;;;;;;;;;True;False;False;True;;ok;15943.261861147546;15055.359579792119;15055.359579792119;15055.359579792119;549;15055.359579792119;4506.327;887.9022813554275;Evaluated;5.5822;0.6322;64;True;1;
80;2;56;5;normal;1;b0f1649732a9;move;;;25;40;;;;;;;;;;True;False;False;True;;ok;15780.901346808081;15055.359579792119;15055.359579792119;15055.359579792119;550;15055.359579792119;4512.5229;725.5417670159623;Evaluated;5.564;0.6294;64;True;1;
80;2;56;;normal;2;;;;;;;;;;;;;;;;;;;;;End-of-iteration summary row;;;15055.359579792119;15055.359579792119;550;15055.359579792119;4512.5255;;IterationSummary;;;;;;
81;2;57;1;normal;2;b0f1649732a9;move;;;26;3;;;;;;;;;;True;False;False;True;;ok;16759.392447488557;15055.359579792119;15055.359579792119;15055.359579792119;551;15055.359579792119;4522.8721;1704.0328676964382;Evaluated;9.6969;0.6323;64;True;2;duplicate_for_same_parent_sequence
81;2;57;2;normal;2;b0f1649732a9;move;;;18;25;;;;;;;;;;True;False;False;False;;ok;16164.806651864556;15055.359579792119;15055.359579792119;15055.359579792119;552;15055.359579792119;4532.8705;1109.4470720724366;Evaluated;9.3712;0.6264;64;True;2;duplicate_for_same_parent_sequence
81;2;57;3;normal;2;b0f1649732a9;move;;;38;15;;;;;;;;;;True;False;False;True;;ok;16628.569082124493;15055.359579792119;15055.359579792119;15055.359579792119;553;15055.359579792119;4543.6565;1573.2095023323745;Evaluated;10.1578;0.6252;64;True;2;duplicate_for_same_parent_sequence
81;2;57;4;normal;2;b0f1649732a9;move;;;52;48;;;;;;;;;;True;False;False;False;;ok;15100.43725977387;15055.359579792119;15055.359579792119;15055.359579792119;554;15055.359579792119;4549.9241;45.07767998175041;Evaluated;5.6361;0.6309;64;True;1;
81;2;57;5;normal;2;b0f1649732a9;move;;;15;20;;;;;;;;;;True;False;False;False;;ok;15569.661559839635;15055.359579792119;15055.359579792119;15055.359579792119;555;15055.359579792119;4556.3244;514.3019800475158;Evaluated;5.7664;0.6332;64;True;1;
81;2;57;;normal;3;;;;;;;;;;;;;;;;;;;;;End-of-iteration summary row;;;15055.359579792119;15055.359579792119;555;15055.359579792119;4556.3274;;IterationSummary;;;;;;
82;2;58;1;diversification;3;b0f1649732a9;move;;;3;20;;;;;;;;;;True;False;False;True;;ok;16445.561092760392;15055.359579792119;15055.359579792119;15055.359579792119;556;15055.359579792119;4566.8237;1390.2015129682732;Evaluated;9.8603;0.6235;64;True;2;duplicate_for_same_parent_sequence
82;2;58;2;diversification;3;b0f1649732a9;reinsert_block;;;;;;;25;30;15;;;;;True;False;False;True;;ok;16438.88212010616;15055.359579792119;15055.359579792119;15055.359579792119;557;15055.359579792119;4573.5406;1383.5225403140394;Evaluated;6.0904;0.6258;64;True;1;
82;2;58;3;diversification;3;b0f1649732a9;swap;35;40;;;;;;;;;;;;True;False;False;False;;ok;15050.56955517219;15055.359579792119;15055.359579792119;15055.359579792119;558;15055.359579792119;4579.8454;-4.790024619929682;EvaluatedImprovementDespiteDiversificationMismatch;5.6735;0.628;64;True;1;
82;2;58;4;diversification;3;b0f1649732a9;move;;;50;42;;;;;;;;;;True;False;False;False;;ok;15065.06283281408;15055.359579792119;15055.359579792119;15055.359579792119;559;15055.359579792119;4586.107;9.703253021960336;Evaluated;5.633;0.626;64;True;1;
82;2;58;5;diversification;3;b0f1649732a9;move;;;18;5;;;;;;;;;;True;False;False;True;;ok;15891.877089035534;15055.359579792119;15055.359579792119;15055.359579792119;560;15055.359579792119;4592.4798;836.5175092434147;Evaluated;5.7381;0.6322;64;True;1;
82;2;58;6;diversification;3;b0f1649732a9;move;;;40;35;;;;;;;;;;True;False;False;False;;ok;15070.726555494859;15055.359579792119;15055.359579792119;15055.359579792119;561;15055.359579792119;4598.9135;15.366975702740092;Evaluated;5.7991;0.6315;64;True;1;
82;2;58;7;diversification;3;b0f1649732a9;move;;;30;45;;;;;;;;;;True;False;False;True;;ok;15637.452521873416;15055.359579792119;15055.359579792119;15055.359579792119;562;15055.359579792119;4605.5382;582.0929420812972;Evaluated;5.9927;0.629;64;True;1;
82;2;58;8;diversification;3;b0f1649732a9;move;;;4;10;;;;;;;;;;True;False;False;False;;ok;15827.183277562905;15055.359579792119;15055.359579792119;15055.359579792119;563;15055.359579792119;4611.8357;771.8236977707857;Evaluated;5.6677;0.6273;64;True;1;
82;2;58;9;diversification;3;b0f1649732a9;move;;;26;35;;;;;;;;;;True;False;False;False;;ok;15873.222981775862;15055.359579792119;15055.359579792119;15055.359579792119;564;15055.359579792119;4618.1617;817.8634019837427;Evaluated;5.6924;0.6307;64;True;1;
82;2;58;10;diversification;3;b0f1649732a9;move;;;48;12;;;;;;;;;;True;False;False;True;;ok;15079.343240678443;15055.359579792119;15055.359579792119;15055.359579792119;565;15055.359579792119;4628.3046;23.983660886324287;Evaluated;9.513;0.6277;64;True;2;duplicate_for_same_parent_sequence
82;2;58;;diversification;0;;;;;;;;;;;;;;;;;;;;;End-of-iteration summary row;;;15050.56955517219;15050.56955517219;565;15050.56955517219;4628.3213;;IterationSummary;;;;;;
83;2;59;1;normal;0;d6827ec97249;move;;;10;5;;;;;;;;;;True;False;False;False;;ok;16148.864639253243;15050.56955517219;15050.56955517219;15050.56955517219;566;15050.56955517219;4635.1428;1098.2950840810536;Evaluated;6.1704;0.6427;64;True;1;
83;2;59;2;normal;0;d6827ec97249;swap;20;25;;;;;;;;;;;;True;False;False;False;;ok;15882.174171274954;15050.56955517219;15050.56955517219;15050.56955517219;567;15050.56955517219;4641.7416;831.6046161027643;Evaluated;5.9664;0.6296;64;True;1;
83;2;59;3;normal;0;d6827ec97249;reinsert_block;;;;;;;35;40;25;;;;;True;False;False;True;;ok;15780.937098825405;15050.56955517219;15050.56955517219;15050.56955517219;568;15050.56955517219;4648.4251;730.3675436532158;Evaluated;6.0551;0.6255;64;True;1;
83;2;59;4;normal;0;d6827ec97249;move;;;50;36;;;;;;;;;;True;False;False;True;;ok;15077.320683557316;15050.56955517219;15050.56955517219;15050.56955517219;569;15050.56955517219;4654.7051;26.75112838512723;Evaluated;5.6485;0.628;64;True;1;
83;2;59;5;normal;0;d6827ec97249;move;;;26;3;;;;;;;;;;True;False;False;True;;ok;16762.522166859286;15050.56955517219;15050.56955517219;15050.56955517219;570;15050.56955517219;4664.6557;1711.9526116870966;Evaluated;9.309;0.6381;64;True;2;duplicate_for_same_parent_sequence
83;2;59;;normal;1;;;;;;;;;;;;;;;;;;;;;End-of-iteration summary row;;;15050.56955517219;15050.56955517219;570;15050.56955517219;4664.6591;;IterationSummary;;;;;;
84;2;60;1;normal;1;d6827ec97249;move;;;37;20;;;;;;;;;;True;False;False;True;;ok;15666.086632066055;15050.56955517219;15050.56955517219;15050.56955517219;571;15050.56955517219;4675.0576;615.517076893866;Evaluated;9.7611;0.6289;64;True;2;duplicate_for_same_parent_sequence
84;2;60;2;normal;1;d6827ec97249;swap;17;30;;;;;;;;;;;;True;False;False;True;;ok;16488.51516367447;15050.56955517219;15050.56955517219;15050.56955517219;572;15050.56955517219;4685.0721;1437.9456085022812;Evaluated;9.3865;0.6241;64;True;2;duplicate_for_same_parent_sequence
84;2;60;3;normal;1;d6827ec97249;reinsert_block;;;;;;;35;40;26;;;;;True;False;False;True;;ok;15773.011431141535;15050.56955517219;15050.56955517219;15050.56955517219;573;15050.56955517219;4691.6898;722.4418759693453;Evaluated;5.9935;0.6233;64;True;1;
84;2;60;4;normal;1;d6827ec97249;move;;;50;42;;;;;;;;;;True;False;False;False;;ok;15040.077140838303;15050.56955517219;15050.56955517219;15050.56955517219;574;15050.56955517219;4697.9623;-10.4924143338867;Evaluated;5.6442;0.6275;64;True;1;
84;2;60;5;normal;1;d6827ec97249;move;;;26;15;;;;;;;;;;True;False;False;True;;ok;15980.918124482563;15050.56955517219;15050.56955517219;15050.56955517219;575;15050.56955517219;4704.2011;930.3485693103739;Evaluated;5.6056;0.6295;64;True;1;
84;2;60;;normal;0;;;;;;;;;;;;;;;;;;;;;End-of-iteration summary row;;;15040.077140838303;15040.077140838303;575;15040.077140838303;4704.2084;;IterationSummary;;;;;;
85;2;61;1;normal;0;0099293d41c4;move;;;10;5;;;;;;;;;;True;False;False;False;;ok;16145.852661727222;15040.077140838303;15040.077140838303;15040.077140838303;576;15040.077140838303;4710.9681;1105.7755208889193;Evaluated;6.1157;0.6357;64;True;1;
85;2;61;2;normal;0;0099293d41c4;swap;18;24;;;;;;;;;;;;True;False;False;False;;ok;16087.786348052517;15040.077140838303;15040.077140838303;15040.077140838303;577;15040.077140838303;4717.556;1047.709207214215;Evaluated;5.9503;0.6336;64;True;1;
85;2;61;3;normal;0;0099293d41c4;reinsert_block;;;;;;;35;40;26;;;;;True;False;False;True;;ok;15776.952945053334;15040.077140838303;15040.077140838303;15040.077140838303;578;15040.077140838303;4724.2512;736.8758042150312;Evaluated;6.0636;0.6286;64;True;1;
85;2;61;4;normal;0;0099293d41c4;move;;;50;36;;;;;;;;;;True;False;False;True;;ok;15720.69548082598;15040.077140838303;15040.077140838303;15040.077140838303;579;15040.077140838303;4730.6241;680.6183399876772;Evaluated;5.7413;0.6286;64;True;1;
85;2;61;5;normal;0;0099293d41c4;move;;;26;10;;;;;;;;;;True;False;False;True;;ok;15020.923018771577;15040.077140838303;15040.077140838303;15040.077140838303;580;15040.077140838303;4736.8257;-19.154122066725904;Evaluated;5.5711;0.6276;64;True;1;
85;2;61;;normal;0;;;;;;;;;;;;;;;;;;;;;End-of-iteration summary row;;;15020.923018771577;15020.923018771577;580;15020.923018771577;4736.8338;;IterationSummary;;;;;;
86;2;62;1;normal;0;5ace7c0626ad;move;;;10;5;;;;;;;;;;True;False;False;False;;ok;16599.912029621366;15020.923018771577;15020.923018771577;15020.923018771577;581;15020.923018771577;4743.8997;1578.9890108497893;Evaluated;6.4331;0.6254;64;True;1;
86;2;62;2;normal;0;5ace7c0626ad;swap;20;31;;;;;;;;;;;;True;False;False;False;;ok;16598.7625991149;15020.923018771577;15020.923018771577;15020.923018771577;582;15020.923018771577;4750.1634;1577.8395803433232;Evaluated;5.6308;0.6323;64;True;1;
86;2;62;3;normal;0;5ace7c0626ad;reinsert_block;;;;;;;35;40;26;;;;;True;False;False;True;;ok;16227.86096454359;15020.923018771577;15020.923018771577;15020.923018771577;583;15020.923018771577;4756.8453;1206.9379457720133;Evaluated;6.049;0.63;64;True;1;
86;2;62;4;normal;0;5ace7c0626ad;move;;;50;36;;;;;;;;;;True;False;False;True;;ok;15715.778923006037;15020.923018771577;15020.923018771577;15020.923018771577;584;15020.923018771577;4763.0693;694.8559042344605;Evaluated;5.5903;0.6329;64;True;1;
86;2;62;5;normal;0;5ace7c0626ad;move;;;48;35;;;;;;;;;;True;False;False;True;;ok;16207.982249664145;15020.923018771577;15020.923018771577;15020.923018771577;585;15020.923018771577;4769.359;1187.059230892568;Evaluated;5.6611;0.6263;64;True;1;
86;2;62;;normal;1;;;;;;;;;;;;;;;;;;;;;End-of-iteration summary row;;;15020.923018771577;15020.923018771577;585;15020.923018771577;4769.3598;;IterationSummary;;;;;;
87;2;63;1;normal;1;5ace7c0626ad;move;;;5;10;;;;;;;;;;True;False;False;False;;ok;16524.7921143482;15020.923018771577;15020.923018771577;15020.923018771577;586;15020.923018771577;4776.3798;1503.869095576625;Evaluated;6.3869;0.6269;64;True;1;
87;2;63;2;normal;1;5ace7c0626ad;swap;17;20;;;;;;;;;;;;True;False;False;False;;ok;16004.717281172037;15020.923018771577;15020.923018771577;15020.923018771577;587;15020.923018771577;4782.6634;983.7942624004609;Evaluated;5.6551;0.6243;64;True;1;
87;2;63;3;normal;1;5ace7c0626ad;move;;;37;18;;;;;;;;;;True;False;False;True;;ok;16125.749063155807;15020.923018771577;15020.923018771577;15020.923018771577;588;15020.923018771577;4793.1737;1104.82604438423;Evaluated;9.8753;0.6323;64;True;2;duplicate_for_same_parent_sequence
87;2;63;4;normal;1;5ace7c0626ad;move;;;50;42;;;;;;;;;;True;False;False;False;;ok;15909.928619308468;15020.923018771577;15020.923018771577;15020.923018771577;589;15020.923018771577;4799.4329;889.0056005368915;Evaluated;5.6326;0.6256;64;True;1;
87;2;63;5;normal;1;5ace7c0626ad;move;;;43;25;;;;;;;;;;True;False;False;True;;ok;16095.357835417039;15020.923018771577;15020.923018771577;15020.923018771577;590;15020.923018771577;4805.7219;1074.434816645462;Evaluated;5.6615;0.6248;64;True;1;
87;2;63;;normal;2;;;;;;;;;;;;;;;;;;;;;End-of-iteration summary row;;;15020.923018771577;15020.923018771577;590;15020.923018771577;4805.7251;;IterationSummary;;;;;;
88;2;64;1;normal;2;5ace7c0626ad;move;;;8;3;;;;;;;;;;True;False;False;False;;ok;16771.350635114053;15020.923018771577;15020.923018771577;15020.923018771577;591;15020.923018771577;4816.1322;1750.4276163424765;Evaluated;9.765;0.6273;64;True;2;duplicate_for_same_parent_sequence
88;2;64;2;normal;2;5ace7c0626ad;swap;18;25;;;;;;;;;;;;True;False;False;False;;ok;15020.923018771577;15020.923018771577;15020.923018771577;15020.923018771577;592;15020.923018771577;4826.3408;0.0;Evaluated;9.5718;0.6338;64;True;2;duplicate_for_same_parent_sequence
88;2;64;3;normal;2;5ace7c0626ad;move;;;38;27;;;;;;;;;;True;False;False;True;;ok;15970.696059091877;15020.923018771577;15020.923018771577;15020.923018771577;593;15020.923018771577;4836.7644;949.7730403203004;Evaluated;9.7938;0.627;64;True;2;duplicate_for_same_parent_sequence
88;2;64;4;normal;2;5ace7c0626ad;move;;;52;48;;;;;;;;;;True;False;False;False;;ok;15164.014835241936;15020.923018771577;15020.923018771577;15020.923018771577;594;15020.923018771577;4843.3506;143.09181647035984;Evaluated;5.9562;0.6274;64;True;1;
88;2;64;5;normal;2;5ace7c0626ad;move;;;20;35;;;;;;;;;;True;False;False;True;;ok;16224.867701634807;15020.923018771577;15020.923018771577;15020.923018771577;595;15020.923018771577;4849.5876;1203.94468286323;Evaluated;5.603;0.6308;64;True;1;
88;2;64;;normal;3;;;;;;;;;;;;;;;;;;;;;End-of-iteration summary row;;;15020.923018771577;15020.923018771577;595;15020.923018771577;4849.5909;;IterationSummary;;;;;;
89;2;65;1;diversification;3;5ace7c0626ad;move;;;15;20;;;;;;;;;;True;False;False;False;;ok;15012.719753287653;15020.923018771577;15020.923018771577;15020.923018771577;596;15020.923018771577;4856.331;-8.203265483924042;EvaluatedImprovementDespiteDiversificationMismatch;6.1023;0.6252;64;True;1;
89;2;65;2;diversification;3;5ace7c0626ad;reinsert_block;;;;;;;18;23;35;;;;;True;False;False;True;;ok;16614.379185740632;15020.923018771577;15020.923018771577;15020.923018771577;597;15020.923018771577;4863.049;1593.4561669690556;Evaluated;6.0878;0.6273;64;True;1;
89;2;65;3;diversification;3;5ace7c0626ad;swap;32;47;;;;;;;;;;;;True;False;False;True;;ok;15491.650756589168;15020.923018771577;15020.923018771577;15020.923018771577;598;15020.923018771577;4869.6708;470.72773781759133;Evaluated;5.9922;0.6268;64;True;1;
89;2;65;4;diversification;3;5ace7c0626ad;move;;;48;27;;;;;;;;;;True;False;False;True;;ok;16140.957801919849;15020.923018771577;15020.923018771577;15020.923018771577;599;15020.923018771577;4879.6368;1120.0347831482723;Evaluated;9.3356;0.6273;64;True;2;duplicate_for_same_parent_sequence
89;2;65;5;diversification;3;5ace7c0626ad;move;;;40;5;;;;;;;;;;True;False;False;True;;ok;16590.813133005275;15020.923018771577;15020.923018771577;15020.923018771577;600;15020.923018771577;4885.9315;1569.8901142336981;Evaluated;5.6609;0.6312;64;True;1;
89;2;65;6;diversification;3;5ace7c0626ad;move;;;40;15;;;;;;;;;;True;False;False;True;;ok;15741.95027877758;15020.923018771577;15020.923018771577;15020.923018771577;601;15020.923018771577;4899.5965;721.0272600060034;Evaluated;13.0244;0.6377;64;True;3;duplicate_for_same_parent_sequence
89;2;65;7;diversification;3;5ace7c0626ad;move;;;45;10;;;;;;;;;;True;False;False;True;;ok;16503.86300124241;15020.923018771577;15020.923018771577;15020.923018771577;602;15020.923018771577;4905.9105;1482.9399824708344;Evaluated;5.687;0.6246;64;True;1;
89;2;65;8;diversification;3;5ace7c0626ad;move;;;30;15;;;;;;;;;;True;False;False;True;;ok;16964.645461450542;15020.923018771577;15020.923018771577;15020.923018771577;603;15020.923018771577;4915.9362;1943.7224426789653;Evaluated;9.3989;0.626;64;True;2;duplicate_for_same_parent_sequence
89;2;65;9;diversification;3;5ace7c0626ad;move;;;25;30;;;;;;;;;;True;False;False;False;;ok;16184.821339375647;15020.923018771577;15020.923018771577;15020.923018771577;604;15020.923018771577;4922.2082;1163.8983206040702;Evaluated;5.6419;0.627;64;True;1;
89;2;65;10;diversification;3;5ace7c0626ad;move;;;45;30;;;;;;;;;;True;False;False;True;;ok;15463.97187073715;15020.923018771577;15020.923018771577;15020.923018771577;605;15020.923018771577;4928.5504;443.0488519655737;Evaluated;5.7081;0.6313;64;True;1;
89;2;65;;diversification;0;;;;;;;;;;;;;;;;;;;;;End-of-iteration summary row;;;15012.719753287653;15012.719753287653;605;15012.719753287653;4928.5652;;IterationSummary;;;;;;
90;2;66;1;normal;0;84d3fa473ed4;move;;;10;5;;;;;;;;;;True;False;False;False;;ok;16601.13156879018;15012.719753287653;15012.719753287653;15012.719753287653;606;15012.719753287653;4935.317;1588.411815502528;Evaluated;6.1179;0.6276;64;True;1;
90;2;66;2;normal;0;84d3fa473ed4;swap;18;25;;;;;;;;;;;;True;False;False;False;;ok;16228.760221106415;15012.719753287653;15012.719753287653;15012.719753287653;607;15012.719753287653;4941.8678;1216.0404678187624;Evaluated;5.9202;0.6274;64;True;1;
90;2;66;3;normal;0;84d3fa473ed4;reinsert_block;;;;;;;35;40;28;;;;;True;False;False;False;;ok;15681.270131109932;15012.719753287653;15012.719753287653;15012.719753287653;608;15012.719753287653;4948.9555;668.5503778222792;Evaluated;6.4588;0.627;64;True;1;
90;2;66;4;normal;0;84d3fa473ed4;move;;;50;36;;;;;;;;;;True;False;False;True;;ok;15719.478855398509;15012.719753287653;15012.719753287653;15012.719753287653;609;15012.719753287653;4955.3156;706.7591021108565;Evaluated;5.7231;0.634;64;True;1;
90;2;66;5;normal;0;84d3fa473ed4;move;;;40;15;;;;;;;;;;True;False;False;True;;ok;16085.240053162175;15012.719753287653;15012.719753287653;15012.719753287653;610;15012.719753287653;4961.5719;1072.5202998745226;Evaluated;5.6201;0.6334;64;True;1;
90;2;66;;normal;1;;;;;;;;;;;;;;;;;;;;;End-of-iteration summary row;;;15012.719753287653;15012.719753287653;610;15012.719753287653;4961.5755;;IterationSummary;;;;;;
91;2;67;1;normal;1;84d3fa473ed4;move;;;8;3;;;;;;;;;;True;False;False;False;;ok;16771.350635114053;15012.719753287653;15012.719753287653;15012.719753287653;611;15012.719753287653;4972.1952;1758.6308818264006;Evaluated;9.9738;0.6307;64;True;2;duplicate_for_same_parent_sequence
91;2;67;2;normal;1;84d3fa473ed4;move;;;20;35;;;;;;;;;;True;False;False;True;;ok;15917.368095883174;15012.719753287653;15012.719753287653;15012.719753287653;612;15012.719753287653;4982.459;904.6483425955212;Evaluated;9.6326;0.6271;64;True;2;duplicate_for_same_parent_sequence
91;2;67;3;normal;1;84d3fa473ed4;reinsert_block;;;;;;;37;42;32;;;;;True;False;False;False;;ok;16530.08260164319;15012.719753287653;15012.719753287653;15012.719753287653;613;15012.719753287653;4996.998;1517.3628483555367;Evaluated;13.9095;0.6267;64;True;3;duplicate_for_same_parent_sequence
91;2;67;4;normal;1;84d3fa473ed4;move;;;48;15;;;;;;;;;;True;False;False;True;;ok;15349.896028813298;15012.719753287653;15012.719753287653;15012.719753287653;614;15012.719753287653;5007.4662;337.1762755256459;Evaluated;9.833;0.6323;64;True;2;duplicate_for_same_parent_sequence
91;2;67;5;normal;1;84d3fa473ed4;move;;;48;25;;;;;;;;;;True;False;False;True;;ok;16141.009156147042;15012.719753287653;15012.719753287653;15012.719753287653;615;15012.719753287653;5017.664;1128.2894028593892;Evaluated;9.5636;0.6307;64;True;2;duplicate_for_same_parent_sequence
91;2;67;;normal;2;;;;;;;;;;;;;;;;;;;;;End-of-iteration summary row;;;15012.719753287653;15012.719753287653;615;15012.719753287653;5017.6678;;IterationSummary;;;;;;
92;2;68;1;normal;2;84d3fa473ed4;move;;;10;5;;;;;;;;;;False;True;False;;;ok;;15012.719753287653;15012.719753287653;15012.719753287653;615;15012.719753287653;5030.8084;;DuplicateForSameParentSequenceAfterRetries;13.1267;;;;3;duplicate_for_same_parent_sequence
92;2;68;2;normal;2;84d3fa473ed4;move;;;30;19;;;;;;;;;;True;False;False;True;;ok;15826.594987008697;15012.719753287653;15012.719753287653;15012.719753287653;616;15012.719753287653;5040.9021;813.8752337210444;Evaluated;9.4653;0.6274;64;True;2;duplicate_for_same_parent_sequence
92;2;68;3;normal;2;84d3fa473ed4;move;;;35;10;;;;;;;;;;True;False;False;True;;ok;15093.941558670083;15012.719753287653;15012.719753287653;15012.719753287653;617;15012.719753287653;5051.1738;81.22180538243083;Evaluated;9.6395;0.6286;64;True;2;duplicate_for_same_parent_sequence
92;2;68;4;normal;2;84d3fa473ed4;move;;;52;48;;;;;;;;;;True;False;False;False;;ok;15154.847159809975;15012.719753287653;15012.719753287653;15012.719753287653;618;15012.719753287653;5061.1762;142.12740652232242;Evaluated;9.3656;0.6341;64;True;2;duplicate_for_same_parent_sequence
92;2;68;5;normal;2;84d3fa473ed4;move;;;50;18;;;;;;;;;;True;False;False;True;;ok;15204.446627549452;15012.719753287653;15012.719753287653;15012.719753287653;619;15012.719753287653;5067.4562;191.72687426179982;Evaluated;5.6451;0.6318;64;True;1;
92;2;68;;normal;3;;;;;;;;;;;;;;;;;;;;;End-of-iteration summary row;;;15012.719753287653;15012.719753287653;619;15012.719753287653;5067.4596;;IterationSummary;;;;;;
93;2;69;1;diversification;3;84d3fa473ed4;move;;;8;17;;;;;;;;;;True;False;False;False;;ok;16436.74970160146;15012.719753287653;15012.719753287653;15012.719753287653;620;15012.719753287653;5077.8599;1424.0299483138078;Evaluated;9.7548;0.6312;64;True;2;duplicate_for_same_parent_sequence
93;2;69;2;diversification;3;84d3fa473ed4;reinsert_block;;;;;;;25;30;16;;;;;True;False;False;True;;ok;16354.036729643834;15012.719753287653;15012.719753287653;15012.719753287653;621;15012.719753287653;5084.5583;1341.3169763561818;Evaluated;6.0692;0.6263;64;True;1;
93;2;69;3;diversification;3;84d3fa473ed4;swap;35;40;;;;;;;;;;;;True;False;False;False;;ok;15007.817035868004;15012.719753287653;15012.719753287653;15012.719753287653;622;15012.719753287653;5090.9053;-4.90271741964898;EvaluatedImprovementDespiteDiversificationMismatch;5.7123;0.6315;64;True;1;
93;2;69;4;diversification;3;84d3fa473ed4;move;;;40;25;;;;;;;;;;True;False;False;True;;ok;16096.398502606778;15012.719753287653;15012.719753287653;15012.719753287653;623;15012.719753287653;5097.4242;1083.678749319126;Evaluated;5.8916;0.6244;64;True;1;
93;2;69;5;diversification;3;84d3fa473ed4;move;;;20;5;;;;;;;;;;True;False;False;True;;ok;16853.213797954937;15012.719753287653;15012.719753287653;15012.719753287653;624;15012.719753287653;5107.2375;1840.4940446672845;Evaluated;9.1831;0.6273;64;True;2;duplicate_for_same_parent_sequence
93;2;69;6;diversification;3;84d3fa473ed4;move;;;52;30;;;;;;;;;;True;False;False;True;;ok;16146.715852940026;15012.719753287653;15012.719753287653;15012.719753287653;625;15012.719753287653;5113.5494;1133.9960996523732;Evaluated;5.6828;0.6261;64;True;1;
93;2;69;7;diversification;3;84d3fa473ed4;move;;;25;10;;;;;;;;;;True;False;False;True;;ok;16215.147336008242;15012.719753287653;15012.719753287653;15012.719753287653;626;15012.719753287653;5119.8653;1202.4275827205893;Evaluated;5.6878;0.6266;64;True;1;
93;2;69;8;diversification;3;84d3fa473ed4;move;;;8;19;;;;;;;;;;True;False;False;True;;ok;16437.701348505412;15012.719753287653;15012.719753287653;15012.719753287653;627;15012.719753287653;5129.9487;1424.9815952177596;Evaluated;9.4472;0.6332;64;True;2;duplicate_for_same_parent_sequence
93;2;69;9;diversification;3;84d3fa473ed4;move;;;25;30;;;;;;;;;;True;False;False;False;;ok;16190.528410392499;15012.719753287653;15012.719753287653;15012.719753287653;628;15012.719753287653;5136.303;1177.8086571048461;Evaluated;5.723;0.6276;64;True;1;
93;2;69;10;diversification;3;84d3fa473ed4;move;;;45;30;;;;;;;;;;True;False;False;True;;ok;15460.258936427252;15012.719753287653;15012.719753287653;15012.719753287653;629;15012.719753287653;5142.7043;447.5391831395991;Evaluated;5.7643;0.6339;64;True;1;
93;2;69;;diversification;0;;;;;;;;;;;;;;;;;;;;;End-of-iteration summary row;;;15007.817035868004;15007.817035868004;629;15007.817035868004;5142.7196;;IterationSummary;;;;;;
94;2;70;1;normal;0;36cbe374c369;move;;;5;10;;;;;;;;;;True;False;False;False;;ok;16522.020844105296;15007.817035868004;15007.817035868004;15007.817035868004;630;15007.817035868004;5149.5578;1514.2038082372928;Evaluated;6.202;0.6292;64;True;1;
94;2;70;2;normal;0;36cbe374c369;swap;18;25;;;;;;;;;;;;True;False;False;False;;ok;16227.182722252519;15007.817035868004;15007.817035868004;15007.817035868004;631;15007.817035868004;5155.8452;1219.3656863845154;Evaluated;5.6586;0.6277;64;True;1;
94;2;70;3;normal;0;36cbe374c369;reinsert_block;;;;;;;35;40;28;;;;;True;False;False;False;;ok;15683.896795543145;15007.817035868004;15007.817035868004;15007.817035868004;632;15007.817035868004;5162.5062;676.0797596751418;Evaluated;6.0297;0.6272;64;True;1;
94;2;70;4;normal;0;36cbe374c369;move;;;50;42;;;;;;;;;;True;False;False;False;;ok;15723.430720019687;15007.817035868004;15007.817035868004;15007.817035868004;633;15007.817035868004;5168.8437;715.6136841516836;Evaluated;5.7007;0.6335;64;True;1;
94;2;70;5;normal;0;36cbe374c369;move;;;20;5;;;;;;;;;;True;False;False;True;;ok;16850.05794381641;15007.817035868004;15007.817035868004;15007.817035868004;634;15007.817035868004;5175.3292;1842.240907948406;Evaluated;5.8525;0.6304;64;True;1;
94;2;70;;normal;1;;;;;;;;;;;;;;;;;;;;;End-of-iteration summary row;;;15007.817035868004;15007.817035868004;634;15007.817035868004;5175.3307;;IterationSummary;;;;;;
95;2;71;1;normal;1;36cbe374c369;move;;;10;5;;;;;;;;;;True;False;False;False;;ok;16597.812180839766;15007.817035868004;15007.817035868004;15007.817035868004;635;15007.817035868004;5182.0813;1589.9951449717628;Evaluated;6.1124;0.6279;64;True;1;
95;2;71;2;normal;1;36cbe374c369;move;;;30;20;;;;;;;;;;True;False;False;True;;ok;15822.661037249603;15007.817035868004;15007.817035868004;15007.817035868004;636;15007.817035868004;5192.1654;814.8440013815998;Evaluated;9.4531;0.6272;64;True;2;duplicate_for_same_parent_sequence
95;2;71;3;normal;1;36cbe374c369;move;;;15;25;;;;;;;;;;True;False;False;True;;ok;16105.14358449892;15007.817035868004;15007.817035868004;15007.817035868004;637;15007.817035868004;5202.6939;1097.3265486309156;Evaluated;9.8971;0.628;64;True;2;duplicate_for_same_parent_sequence
95;2;71;4;normal;1;36cbe374c369;move;;;52;30;;;;;;;;;;True;False;False;True;;ok;16146.715852940026;15007.817035868004;15007.817035868004;15007.817035868004;638;15007.817035868004;5209.0089;1138.8988170720222;Evaluated;5.6826;0.6293;64;True;1;
95;2;71;5;normal;1;36cbe374c369;move;;;25;10;;;;;;;;;;True;False;False;True;;ok;16213.19686163279;15007.817035868004;15007.817035868004;15007.817035868004;639;15007.817035868004;5215.2641;1205.3798257647868;Evaluated;5.6237;0.6297;64;True;1;
95;2;71;;normal;2;;;;;;;;;;;;;;;;;;;;;End-of-iteration summary row;;;15007.817035868004;15007.817035868004;639;15007.817035868004;5215.2653;;IterationSummary;;;;;;
96;2;72;1;normal;2;36cbe374c369;move;;;8;3;;;;;;;;;;True;False;False;False;;ok;16768.194780975522;15007.817035868004;15007.817035868004;15007.817035868004;640;15007.817035868004;5225.8756;1760.3777451075184;Evaluated;9.9671;0.6278;64;True;2;duplicate_for_same_parent_sequence
96;2;72;2;normal;2;36cbe374c369;swap;17;24;;;;;;;;;;;;True;False;False;False;;ok;15013.44772444746;15007.817035868004;15007.817035868004;15007.817035868004;641;15007.817035868004;5232.195;5.630688579456546;Evaluated;5.6916;0.625;64;True;1;
96;2;72;3;normal;2;36cbe374c369;move;;;35;10;;;;;;;;;;True;False;False;True;;ok;16665.97016259736;15007.817035868004;15007.817035868004;15007.817035868004;642;15007.817035868004;5242.5152;1658.1531267293576;Evaluated;9.6829;0.6338;64;True;2;duplicate_for_same_parent_sequence
96;2;72;4;normal;2;36cbe374c369;move;;;50;36;;;;;;;;;;True;False;False;True;;ok;15720.411917698633;15007.817035868004;15007.817035868004;15007.817035868004;643;15007.817035868004;5252.7213;712.5948818306297;Evaluated;9.5596;0.644;64;True;2;duplicate_for_same_parent_sequence
96;2;72;5;normal;2;36cbe374c369;move;;;20;15;;;;;;;;;;True;False;False;False;;ok;15008.643899311068;15007.817035868004;15007.817035868004;15007.817035868004;644;15007.817035868004;5259.0217;0.8268634430642123;Evaluated;5.6698;0.6288;64;True;1;
96;2;72;;normal;3;;;;;;;;;;;;;;;;;;;;;End-of-iteration summary row;;;15007.817035868004;15007.817035868004;644;15007.817035868004;5259.0224;;IterationSummary;;;;;;
97;2;73;1;diversification;3;36cbe374c369;move;;;4;20;;;;;;;;;;True;False;False;True;;ok;16543.06500213689;15007.817035868004;15007.817035868004;15007.817035868004;645;15007.817035868004;5265.8279;1535.2479662688856;Evaluated;6.1392;0.6582;64;True;1;
97;2;73;2;diversification;3;36cbe374c369;reinsert_block;;;;;;;20;24;15;;;;;True;False;False;False;;ok;17671.573971044905;15007.817035868004;15007.817035868004;15007.817035868004;646;15007.817035868004;5272.5559;2663.7569351769016;Evaluated;6.1032;0.624;64;True;1;
97;2;73;3;diversification;3;36cbe374c369;swap;35;40;;;;;;;;;;;;True;False;False;False;;ok;15012.719753287653;15007.817035868004;15007.817035868004;15007.817035868004;647;15007.817035868004;5279.2189;4.90271741964898;Evaluated;6.0372;0.6231;64;True;1;
97;2;73;4;diversification;3;36cbe374c369;move;;;52;48;;;;;;;;;;True;False;False;False;;ok;15150.221322892294;15007.817035868004;15007.817035868004;15007.817035868004;648;15007.817035868004;5285.6161;142.40428702429017;Evaluated;5.7664;0.6301;64;True;1;
97;2;73;5;diversification;3;36cbe374c369;swap;3;8;;;;;;;;;;;;True;False;False;False;;ok;16493.037045465637;15007.817035868004;15007.817035868004;15007.817035868004;649;15007.817035868004;5295.5776;1485.2200095976332;Evaluated;9.3211;0.6377;64;True;2;duplicate_for_same_parent_sequence
97;2;73;6;diversification;3;36cbe374c369;move;;;40;35;;;;;;;;;;True;False;False;False;;ok;15076.712073107683;15007.817035868004;15007.817035868004;15007.817035868004;650;15007.817035868004;5301.9007;68.89503723967937;Evaluated;5.6937;0.6258;64;True;1;
97;2;73;7;diversification;3;36cbe374c369;move;;;50;20;;;;;;;;;;True;False;False;True;;ok;15199.990759860026;15007.817035868004;15007.817035868004;15007.817035868004;651;15007.817035868004;5308.193;192.17372399202213;Evaluated;5.6565;0.6326;64;True;1;
97;2;73;8;diversification;3;36cbe374c369;move;;;25;10;;;;;;;;;;False;True;False;;;ok;;15007.817035868004;15007.817035868004;15007.817035868004;651;15007.817035868004;5321.4456;;DuplicateForSameParentSequenceAfterRetries;13.2502;;;;3;duplicate_for_same_parent_sequence
97;2;73;9;diversification;3;36cbe374c369;move;;;28;35;;;;;;;;;;True;False;False;False;;ok;15411.345613997082;15007.817035868004;15007.817035868004;15007.817035868004;652;15007.817035868004;5327.8067;403.5285781290786;Evaluated;5.7122;0.6478;64;True;1;
97;2;73;10;diversification;3;36cbe374c369;move;;;45;30;;;;;;;;;;True;False;False;True;;ok;15456.19900852629;15007.817035868004;15007.817035868004;15007.817035868004;653;15007.817035868004;5334.1066;448.38197265828603;Evaluated;5.6649;0.6317;64;True;1;
97;2;73;;diversification;4;;;;;;;;;;;;;;;;;;;;;End-of-iteration summary row;;;15007.817035868004;15007.817035868004;653;15007.817035868004;5334.1093;;IterationSummary;;;;;;
98;2;74;1;diversification;4;36cbe374c369;move;;;20;35;;;;;;;;;;True;False;False;True;;ok;16215.151885334337;15007.817035868004;15007.817035868004;15007.817035868004;654;15007.817035868004;5340.9099;1207.3348494663333;Evaluated;6.15;0.6338;64;True;1;
98;2;74;2;diversification;4;36cbe374c369;move;;;30;5;;;;;;;;;;True;False;False;True;;ok;16850.117537108774;15007.817035868004;15007.817035868004;15007.817035868004;655;15007.817035868004;5351.7273;1842.3005012407702;Evaluated;10.1601;0.6538;64;True;2;duplicate_for_same_parent_sequence
98;2;74;3;diversification;4;36cbe374c369;swap;32;47;;;;;;;;;;;;True;False;False;True;;ok;15512.103989281457;15007.817035868004;15007.817035868004;15007.817035868004;656;15007.817035868004;5362.0471;504.2869534134534;Evaluated;9.6911;0.6251;64;True;2;duplicate_for_same_parent_sequence
98;2;74;4;diversification;4;36cbe374c369;move;;;60;50;;;;;;;;;;True;False;False;True;;ok;15319.485925471867;15007.817035868004;15007.817035868004;15007.817035868004;657;15007.817035868004;5371.8506;311.66888960386314;Evaluated;9.1758;0.6245;64;True;2;duplicate_for_same_parent_sequence
98;2;74;5;diversification;4;36cbe374c369;move;;;15;30;;;;;;;;;;True;False;False;True;;ok;15873.406832892004;15007.817035868004;15007.817035868004;15007.817035868004;658;15007.817035868004;5378.2214;865.5897970240003;Evaluated;5.7419;0.6262;64;True;1;
98;2;74;6;diversification;4;36cbe374c369;move;;;40;15;;;;;;;;;;True;False;False;True;;ok;15123.516095269775;15007.817035868004;15007.817035868004;15007.817035868004;659;15007.817035868004;5388.2759;115.69905940177159;Evaluated;9.4013;0.6502;64;True;2;duplicate_for_same_parent_sequence
98;2;74;7;diversification;4;36cbe374c369;move;;;15;20;;;;;;;;;;True;False;False;False;;ok;15014.308408724428;15007.817035868004;15007.817035868004;15007.817035868004;660;15007.817035868004;5394.5936;6.491372856424277;Evaluated;5.6799;0.635;64;True;1;
98;2;74;8;diversification;4;36cbe374c369;move;;;18;25;;;;;;;;;;True;False;False;False;;ok;16240.554288443202;15007.817035868004;15007.817035868004;15007.817035868004;661;15007.817035868004;5404.5844;1232.737252575198;Evaluated;9.3489;0.639;64;True;2;duplicate_for_same_parent_sequence
98;2;74;9;diversification;4;36cbe374c369;move;;;25;30;;;;;;;;;;True;False;False;False;;ok;16192.523646547377;15007.817035868004;15007.817035868004;15007.817035868004;662;15007.817035868004;5410.8828;1184.7066106793736;Evaluated;5.6501;0.645;64;True;1;
98;2;74;10;diversification;4;36cbe374c369;move;;;48;25;;;;;;;;;;True;False;False;True;;ok;16120.649509924166;15007.817035868004;15007.817035868004;15007.817035868004;663;15007.817035868004;5424.5948;1112.832474056162;Evaluated;13.0736;0.6377;64;True;3;duplicate_for_same_parent_sequence
98;2;74;;diversification;5;;;;;;;;;;;;;;;;;;;;;End-of-iteration summary row;;;15007.817035868004;15007.817035868004;663;15007.817035868004;5424.5984;;IterationSummary;;;;;;
99;2;75;1;diversification;5;36cbe374c369;move;;;7;20;;;;;;;;;;True;False;False;True;;ok;15007.925558760606;15007.817035868004;15007.817035868004;15007.817035868004;664;15007.817035868004;5435.1744;0.1085228926021955;Evaluated;9.9377;0.6258;64;True;2;duplicate_for_same_parent_sequence
99;2;75;2;diversification;5;36cbe374c369;reinsert_block;;;;;;;18;23;5;;;;;True;False;False;True;;ok;17013.27573181793;15007.817035868004;15007.817035868004;15007.817035868004;665;15007.817035868004;5441.8091;2005.4586959499247;Evaluated;5.9995;0.6322;64;True;1;
99;2;75;3;diversification;5;36cbe374c369;move;;;35;10;;;;;;;;;;False;True;False;;;ok;;15007.817035868004;15007.817035868004;15007.817035868004;665;15007.817035868004;5455.2361;;DuplicateForSameParentSequenceAfterRetries;13.4264;;;;3;duplicate_for_same_parent_sequence
99;2;75;4;diversification;5;36cbe374c369;move;;;48;15;;;;;;;;;;True;False;False;True;;ok;15349.896028813298;15007.817035868004;15007.817035868004;15007.817035868004;666;15007.817035868004;5465.24;342.0789929452949;Evaluated;9.36;0.6432;64;True;2;duplicate_for_same_parent_sequence
99;2;75;5;diversification;5;36cbe374c369;move;;;10;25;;;;;;;;;;True;False;False;True;;ok;15960.624368170244;15007.817035868004;15007.817035868004;15007.817035868004;667;15007.817035868004;5475.4216;952.80733230224;Evaluated;9.5312;0.6493;64;True;2;duplicate_for_same_parent_sequence
99;2;75;6;diversification;5;36cbe374c369;move;;;45;28;;;;;;;;;;True;False;False;True;;ok;15767.948883805406;15007.817035868004;15007.817035868004;15007.817035868004;668;15007.817035868004;5485.6958;760.1318479374022;Evaluated;9.6385;0.6326;64;True;2;duplicate_for_same_parent_sequence
99;2;75;7;diversification;5;36cbe374c369;swap;10;20;;;;;;;;;;;;True;False;False;False;;ok;16456.48516564224;15007.817035868004;15007.817035868004;15007.817035868004;669;15007.817035868004;5495.6212;1448.6681297742361;Evaluated;9.2834;0.6403;64;True;2;duplicate_for_same_parent_sequence
99;2;75;8;diversification;5;36cbe374c369;move;;;8;15;;;;;;;;;;True;False;False;False;;ok;16434.950636816877;15007.817035868004;15007.817035868004;15007.817035868004;670;15007.817035868004;5505.7551;1427.1336009488732;Evaluated;9.4976;0.634;64;True;2;duplicate_for_same_parent_sequence
99;2;75;9;diversification;5;36cbe374c369;move;;;28;40;;;;;;;;;;True;False;False;True;;ok;16153.405431845133;15007.817035868004;15007.817035868004;15007.817035868004;671;15007.817035868004;5512.0297;1145.588395977129;Evaluated;5.6336;0.6377;64;True;1;
99;2;75;10;diversification;5;36cbe374c369;swap;48;52;;;;;;;;;;;;True;False;False;False;;ok;15156.71764016721;15007.817035868004;15007.817035868004;15007.817035868004;672;15007.817035868004;5525.9895;148.90060429920595;Evaluated;13.3222;0.637;64;True;3;duplicate_for_same_parent_sequence
99;2;75;;diversification;6;;;;;;;;;;;;;;;;;;;;;End-of-iteration summary row;;;15007.817035868004;15007.817035868004;672;15007.817035868004;5525.9933;;IterationSummary;;;;;;
100;2;76;1;diversification;6;36cbe374c369;move;;;25;8;;;;;;;;;;True;False;False;True;;ok;16019.846656440388;15007.817035868004;15007.817035868004;15007.817035868004;673;15007.817035868004;5540.8405;1012.0296205723844;Evaluated;14.1833;0.6487;64;True;3;duplicate_for_same_parent_sequence
100;2;76;2;diversification;6;36cbe374c369;reinsert_block;;;;;;;20;25;10;;;;;True;False;False;True;;ok;17343.052122852652;15007.817035868004;15007.817035868004;15007.817035868004;674;15007.817035868004;5547.5887;2335.2350869846487;Evaluated;6.1056;0.6399;64;True;1;
100;2;76;3;diversification;6;36cbe374c369;swap;32;38;;;;;;;;;;;;True;False;False;False;;ok;15576.823553401144;15007.817035868004;15007.817035868004;15007.817035868004;675;15007.817035868004;5557.7038;569.0065175331401;Evaluated;9.4771;0.6354;64;True;2;duplicate_for_same_parent_sequence
100;2;76;4;diversification;6;36cbe374c369;move;;;48;20;;;;;;;;;;True;False;False;True;;ok;15355.695248854212;15007.817035868004;15007.817035868004;15007.817035868004;676;15007.817035868004;5568.0737;347.8782129862084;Evaluated;9.7446;0.6229;64;True;2;duplicate_for_same_parent_sequence
100;2;76;5;diversification;6;36cbe374c369;move;;;7;30;;;;;;;;;;True;False;False;True;;ok;16423.485441068093;15007.817035868004;15007.817035868004;15007.817035868004;677;15007.817035868004;5578.3778;1415.6684052000892;Evaluated;9.6732;0.63;64;True;2;duplicate_for_same_parent_sequence
100;2;76;6;diversification;6;36cbe374c369;swap;38;42;;;;;;;;;;;;True;False;False;False;;ok;15507.765882840591;15007.817035868004;15007.817035868004;15007.817035868004;678;15007.817035868004;5588.5175;499.9488469725875;Evaluated;9.495;0.6432;64;True;2;duplicate_for_same_parent_sequence
100;2;76;7;diversification;6;36cbe374c369;move;;;15;28;;;;;;;;;;True;False;False;True;;ok;15877.513641614445;15007.817035868004;15007.817035868004;15007.817035868004;679;15007.817035868004;5594.7562;869.6966057464415;Evaluated;5.5838;0.6516;64;True;1;
100;2;76;8;diversification;6;36cbe374c369;move;;;30;18;;;;;;;;;;True;False;False;True;;ok;15818.46509243805;15007.817035868004;15007.817035868004;15007.817035868004;680;15007.817035868004;5604.7874;810.6480565700458;Evaluated;9.3853;0.6433;64;True;2;duplicate_for_same_parent_sequence
100;2;76;9;diversification;6;36cbe374c369;move;;;28;15;;;;;;;;;;True;False;False;True;;ok;15783.147194303565;15007.817035868004;15007.817035868004;15007.817035868004;681;15007.817035868004;5614.8406;775.3301584355613;Evaluated;9.42;0.6318;64;True;2;duplicate_for_same_parent_sequence
100;2;76;10;diversification;6;36cbe374c369;move;;;42;50;;;;;;;;;;True;False;False;False;;ok;14947.238721828657;15007.817035868004;15007.817035868004;15007.817035868004;682;15007.817035868004;5625.2704;-60.57831403934688;EvaluatedImprovementDespiteDiversificationMismatch;9.7999;0.627;64;True;2;duplicate_for_same_parent_sequence
100;2;76;;diversification;0;;;;;;;;;;;;;;;;;;;;;End-of-iteration summary row;;;14947.238721828657;14947.238721828657;682;14947.238721828657;5625.2848;;IterationSummary;;;;;;
100;2;76;;;0;;;;;;;;;;;;;;;;;;;;;PartA | PartB | PartC | PartD | PartE | PartF | PartC | PartF | PartG | PartA | PartH | PartB | PartD | PartE | PartF | PartA | PartH | PartB | PartC | PartD | PartG | PartE | PartG | PartH | PartA | PartB | PartC | PartD | PartE | PartF | PartG | PartH | PartA | PartB | PartC | PartA | PartD | PartE | PartF | PartG | PartH | PartB | PartB | PartC | PartD | PartE | PartF | PartG | PartH | PartA | PartH | PartE | PartC | PartA | PartD | PartE | PartF | PartG | PartB | PartC | PartD | PartF | PartG | PartH;;;14947.238721828657;14947.238721828657;682;14947.238721828657;5625.2859;;FinalGlobalBestSequence;;;;;;
