iteration;restart_id;iteration_in_restart;candidate_in_iteration;search_mode;no_improvement_count_before_iteration;parent_sequence_signature;action;swap_i;swap_j;move_from;move_to;reverse_start;reverse_end;reinsert_block_start;reinsert_block_end;reinsert_block_to;swap_blocks_start1;swap_blocks_end1;swap_blocks_start2;swap_blocks_end2;valid;duplicate_for_same_parent_sequence;recently_rejected_for_same_parent_sequence;diversification_compatible;parse_error;validation_message;resulting_makespan;best_makespan_before;best_makespan_after;global_best_makespan_after;completed_simulations;actual_global_best_makespan;elapsed_optimization_time_sec;delta_vs_best_before;status;llm_time_sec;simulation_time_sec;exited_parts;completion_valid;llm_attempts;retry_reason
1;1;1;1;normal;0;0f63cf6f404e;move;;;10;5;;;;;;;;;;True;False;False;False;;ok;15632.208925194025;16625.423888583944;16625.423888583944;16625.423888583944;2;16625.423888583944;17.0392;-993.2149633899189;Evaluated;16.2731;0.7608;64;True;1;
1;1;1;2;normal;0;0f63cf6f404e;swap;16;32;;;;;;;;;;;;True;False;False;True;;ok;16625.423888583944;16625.423888583944;16625.423888583944;16625.423888583944;3;16625.423888583944;26.46;0.0;Evaluated;8.7961;0.6239;64;True;1;
1;1;1;3;normal;0;0f63cf6f404e;reinsert_block;;;;;;;32;40;16;;;;;True;False;False;True;;ok;16292.2047037198;16625.423888583944;16625.423888583944;16625.423888583944;4;16625.423888583944;36.3096;-333.21918486414324;Evaluated;9.2197;0.6267;64;True;1;
1;1;1;4;normal;0;0f63cf6f404e;move;;;50;48;;;;;;;;;;True;False;False;False;;ok;16168.73353686987;16625.423888583944;16625.423888583944;16625.423888583944;5;16625.423888583944;45.7545;-456.6903517140745;Evaluated;8.8152;0.6256;64;True;1;
1;1;1;5;normal;0;0f63cf6f404e;move;;;10;20;;;;;;;;;;True;False;False;True;;ok;17557.566088678097;16625.423888583944;16625.423888583944;16625.423888583944;6;16625.423888583944;55.1079;932.1422000941529;Evaluated;8.7247;0.6254;64;True;1;
1;1;1;;normal;0;;;;;;;;;;;;;;;;;;;;;End-of-iteration summary row;;;15632.208925194025;15632.208925194025;6;15632.208925194025;55.1207;;IterationSummary;;;;;;
2;1;2;1;normal;0;457c4bc75f95;move;;;10;5;;;;;;;;;;True;False;False;False;;ok;18203.82111546928;15632.208925194025;15632.208925194025;15632.208925194025;7;15632.208925194025;67.0976;2571.6121902752548;Evaluated;11.3467;0.6224;64;True;1;
2;1;2;2;normal;0;457c4bc75f95;swap;17;20;;;;;;;;;;;;True;False;False;False;;ok;17222.94920375672;15632.208925194025;15632.208925194025;15632.208925194025;8;15632.208925194025;77.7532;1590.7402785626964;Evaluated;10.0316;0.6234;64;True;1;
2;1;2;3;normal;0;457c4bc75f95;reinsert_block;;;;;;;35;40;16;;;;;True;False;False;True;;ok;17192.04797260418;15632.208925194025;15632.208925194025;15632.208925194025;9;15632.208925194025;89.263;1559.8390474101561;Evaluated;10.8819;0.6254;64;True;1;
2;1;2;4;normal;0;457c4bc75f95;move;;;50;49;;;;;;;;;;True;False;False;False;;ok;15632.208925194025;15632.208925194025;15632.208925194025;15632.208925194025;10;15632.208925194025;99.9243;0.0;Evaluated;10.0325;0.6263;64;True;1;
2;1;2;5;normal;0;457c4bc75f95;swap;24;36;;;;;;;;;;;;True;False;False;True;;ok;17500.975801112192;15632.208925194025;15632.208925194025;15632.208925194025;11;15632.208925194025;114.3176;1868.766875918167;Evaluated;13.7666;0.6241;64;True;2;duplicate_for_same_parent_sequence
2;1;2;;normal;1;;;;;;;;;;;;;;;;;;;;;End-of-iteration summary row;;;15632.208925194025;15632.208925194025;11;15632.208925194025;114.3207;;IterationSummary;;;;;;
3;1;3;1;normal;1;457c4bc75f95;move;;;8;3;;;;;;;;;;True;False;False;False;;ok;17908.192761675542;15632.208925194025;15632.208925194025;15632.208925194025;12;15632.208925194025;129.6599;2275.983836481517;Evaluated;14.699;0.6228;64;True;2;duplicate_for_same_parent_sequence
3;1;3;2;normal;1;457c4bc75f95;swap;18;25;;;;;;;;;;;;True;False;False;False;;ok;17350.49494750648;15632.208925194025;15632.208925194025;15632.208925194025;13;15632.208925194025;140.3874;1718.2860223124535;Evaluated;10.0966;0.6283;64;True;1;
3;1;3;3;normal;1;457c4bc75f95;reinsert_block;;;;;;;38;42;16;;;;;True;False;False;True;;ok;18574.328661708532;15632.208925194025;15632.208925194025;15632.208925194025;14;15632.208925194025;151.9199;2942.119736514507;Evaluated;10.9047;0.6247;64;True;1;
3;1;3;4;normal;1;457c4bc75f95;swap;49;50;;;;;;;;;;;;True;False;False;False;;ok;15632.208925194025;15632.208925194025;15632.208925194025;15632.208925194025;15;15632.208925194025;162.6485;0.0;Evaluated;10.1005;0.6247;64;True;1;
3;1;3;5;normal;1;457c4bc75f95;swap;10;25;;;;;;;;;;;;True;False;False;True;;ok;15632.208925194025;15632.208925194025;15632.208925194025;15632.208925194025;16;15632.208925194025;173.2805;0.0;Evaluated;10.0047;0.6245;64;True;1;
3;1;3;;normal;2;;;;;;;;;;;;;;;;;;;;;End-of-iteration summary row;;;15632.208925194025;15632.208925194025;16;15632.208925194025;173.2837;;IterationSummary;;;;;;
4;1;4;1;normal;2;457c4bc75f95;move;;;15;20;;;;;;;;;;True;False;False;False;;ok;15637.56089483743;15632.208925194025;15632.208925194025;15632.208925194025;17;15632.208925194025;189.4357;5.3519696434050275;Evaluated;15.5089;0.6257;64;True;2;duplicate_for_same_parent_sequence
4;1;4;2;normal;2;457c4bc75f95;swap;20;25;;;;;;;;;;;;True;False;False;False;;ok;17741.899020227225;15632.208925194025;15632.208925194025;15632.208925194025;18;15632.208925194025;200.6171;2109.6900950332;Evaluated;10.5534;0.6256;64;True;1;
4;1;4;3;normal;2;457c4bc75f95;move;;;38;20;;;;;;;;;;True;False;False;True;;ok;16309.390971741108;15632.208925194025;15632.208925194025;15632.208925194025;19;15632.208925194025;215.7718;677.1820465470828;Evaluated;14.5277;0.6243;64;True;2;duplicate_for_same_parent_sequence
4;1;4;4;normal;2;457c4bc75f95;move;;;38;25;;;;;;;;;;True;False;False;True;;ok;18071.566994536417;15632.208925194025;15632.208925194025;15632.208925194025;20;15632.208925194025;230.7085;2439.358069342392;Evaluated;14.1161;0.8176;64;True;2;duplicate_for_same_parent_sequence
4;1;4;5;normal;2;457c4bc75f95;move;;;25;10;;;;;;;;;;True;False;False;True;;ok;17734.824505912027;15632.208925194025;15632.208925194025;15632.208925194025;21;15632.208925194025;241.5066;2102.615580718002;Evaluated;10.1705;0.6259;64;True;1;
4;1;4;;normal;3;;;;;;;;;;;;;;;;;;;;;End-of-iteration summary row;;;15632.208925194025;15632.208925194025;21;15632.208925194025;241.51;;IterationSummary;;;;;;
5;1;5;1;diversification;3;457c4bc75f95;move;;;5;20;;;;;;;;;;True;False;False;True;;ok;17557.566088678097;15632.208925194025;15632.208925194025;15632.208925194025;22;15632.208925194025;253.6484;1925.3571634840719;Evaluated;11.4887;0.6302;64;True;1;
5;1;5;2;diversification;3;457c4bc75f95;reinsert_block;;;;;;;18;25;30;;;;;True;False;False;False;;ok;15864.680641595362;15632.208925194025;15632.208925194025;15632.208925194025;23;15632.208925194025;265.0308;232.47171640133638;Evaluated;10.7533;0.626;64;True;1;
5;1;5;3;diversification;3;457c4bc75f95;swap;35;42;;;;;;;;;;;;True;False;False;False;;ok;15915.995234352586;15632.208925194025;15632.208925194025;15632.208925194025;24;15632.208925194025;275.9883;283.78630915856047;Evaluated;10.3287;0.6254;64;True;1;
5;1;5;4;diversification;3;457c4bc75f95;move;;;50;16;;;;;;;;;;True;False;False;True;;ok;17359.13631956098;15632.208925194025;15632.208925194025;15632.208925194025;25;15632.208925194025;287.2044;1726.927394366956;Evaluated;10.5865;0.6271;64;True;1;
5;1;5;5;diversification;3;457c4bc75f95;move;;;30;15;;;;;;;;;;True;False;False;True;;ok;18524.619689803134;15632.208925194025;15632.208925194025;15632.208925194025;26;15632.208925194025;302.3865;2892.410764609109;Evaluated;14.5525;0.6264;64;True;2;duplicate_for_same_parent_sequence
5;1;5;6;diversification;3;457c4bc75f95;move;;;25;40;;;;;;;;;;True;False;False;True;;ok;15913.40215803426;15632.208925194025;15632.208925194025;15632.208925194025;27;15632.208925194025;313.6988;281.1932328402345;Evaluated;10.6849;0.6245;64;True;1;
5;1;5;7;diversification;3;457c4bc75f95;move;;;50;10;;;;;;;;;;True;False;False;True;;ok;17738.84546129828;15632.208925194025;15632.208925194025;15632.208925194025;28;15632.208925194025;324.5667;2106.6365361042535;Evaluated;10.235;0.63;64;True;1;
5;1;5;8;diversification;3;457c4bc75f95;move;;;30;25;;;;;;;;;;True;False;False;False;;ok;18073.703350785472;15632.208925194025;15632.208925194025;15632.208925194025;29;15632.208925194025;335.8725;2441.494425591447;Evaluated;10.6773;0.6254;64;True;1;
5;1;5;9;diversification;3;457c4bc75f95;move;;;24;39;;;;;;;;;;True;False;False;True;;ok;15921.457003447393;15632.208925194025;15632.208925194025;15632.208925194025;30;15632.208925194025;354.8403;289.24807825336757;Evaluated;18.3364;0.6284;64;True;3;duplicate_for_same_parent_sequence
5;1;5;10;diversification;3;457c4bc75f95;move;;;50;45;;;;;;;;;;True;False;False;False;;ok;15632.208925194025;15632.208925194025;15632.208925194025;15632.208925194025;31;15632.208925194025;366.224;0.0;Evaluated;10.7548;0.6258;64;True;1;
5;1;5;;diversification;4;;;;;;;;;;;;;;;;;;;;;End-of-iteration summary row;;;15632.208925194025;15632.208925194025;31;15632.208925194025;366.2277;;IterationSummary;;;;;;
6;1;6;1;diversification;4;457c4bc75f95;move;;;10;35;;;;;;;;;;True;False;False;True;;ok;16392.896393052786;15632.208925194025;15632.208925194025;15632.208925194025;32;15632.208925194025;382.386;760.687467858761;Evaluated;15.5201;0.625;64;True;2;duplicate_for_same_parent_sequence
6;1;6;2;diversification;4;457c4bc75f95;move;;;20;40;;;;;;;;;;True;False;False;True;;ok;17152.666367898375;15632.208925194025;15632.208925194025;15632.208925194025;33;15632.208925194025;397.7237;1520.45744270435;Evaluated;14.7078;0.6268;64;True;2;duplicate_for_same_parent_sequence
6;1;6;3;diversification;4;457c4bc75f95;swap;38;42;;;;;;;;;;;;True;False;False;False;;ok;15631.796330909976;15632.208925194025;15632.208925194025;15632.208925194025;34;15632.208925194025;412.5432;-0.41259428404919163;EvaluatedImprovementDespiteDiversificationMismatch;14.1908;0.6248;64;True;2;duplicate_for_same_parent_sequence
6;1;6;4;diversification;4;457c4bc75f95;move;;;48;50;;;;;;;;;;True;False;False;False;;ok;15631.966223066434;15632.208925194025;15632.208925194025;15632.208925194025;35;15632.208925194025;423.5287;-0.24270212759074639;EvaluatedImprovementDespiteDiversificationMismatch;10.3584;0.6264;64;True;1;
6;1;6;5;diversification;4;457c4bc75f95;move;;;20;5;;;;;;;;;;True;False;False;True;;ok;18097.061097292182;15632.208925194025;15632.208925194025;15632.208925194025;36;15632.208925194025;434.4186;2464.852172098157;Evaluated;10.2607;0.626;64;True;1;
6;1;6;6;diversification;4;457c4bc75f95;move;;;40;25;;;;;;;;;;True;False;False;True;;ok;16826.5187276387;15632.208925194025;15632.208925194025;15632.208925194025;37;15632.208925194025;445.483;1194.3098024446754;Evaluated;10.437;0.6242;64;True;1;
6;1;6;7;diversification;4;457c4bc75f95;move;;;40;15;;;;;;;;;;True;False;False;True;;ok;16881.15570281817;15632.208925194025;15632.208925194025;15632.208925194025;38;15632.208925194025;456.2949;1248.9467776241454;Evaluated;10.1827;0.6267;64;True;1;
6;1;6;8;diversification;4;457c4bc75f95;move;;;10;25;;;;;;;;;;True;False;False;True;;ok;17312.646652905813;15632.208925194025;15632.208925194025;15632.208925194025;39;15632.208925194025;467.2437;1680.4377277117874;Evaluated;10.3199;0.626;64;True;1;
6;1;6;9;diversification;4;457c4bc75f95;move;;;24;39;;;;;;;;;;False;True;False;;;ok;;15632.208925194025;15632.208925194025;15632.208925194025;39;15632.208925194025;485.3373;;DuplicateForSameParentSequenceAfterRetries;18.0913;;;;3;duplicate_for_same_parent_sequence
6;1;6;10;diversification;4;457c4bc75f95;move;;;45;10;;;;;;;;;;True;False;False;True;;ok;17834.060404466363;15632.208925194025;15632.208925194025;15632.208925194025;40;15632.208925194025;496.6601;2201.851479272338;Evaluated;10.6975;0.6243;64;True;1;
6;1;6;;diversification;0;;;;;;;;;;;;;;;;;;;;;End-of-iteration summary row;;;15631.796330909976;15631.796330909976;40;15631.796330909976;496.6732;;IterationSummary;;;;;;
7;1;7;1;normal;0;6e92581f7ab6;move;;;15;20;;;;;;;;;;True;False;False;False;;ok;15638.515741455873;15631.796330909976;15631.796330909976;15631.796330909976;41;15631.796330909976;508.4654;6.719410545896608;Evaluated;11.1561;0.6255;64;True;1;
7;1;7;2;normal;0;6e92581f7ab6;swap;17;20;;;;;;;;;;;;True;False;False;False;;ok;16760.814336861295;15631.796330909976;15631.796330909976;15631.796330909976;42;15631.796330909976;519.6446;1129.0180059513186;Evaluated;10.5553;0.6215;64;True;1;
7;1;7;3;normal;0;6e92581f7ab6;reinsert_block;;;;;;;35;40;12;;;;;True;False;False;True;;ok;17778.22784017373;15631.796330909976;15631.796330909976;15631.796330909976;43;15631.796330909976;530.9072;2146.4315092637553;Evaluated;10.6365;0.6254;64;True;1;
7;1;7;4;normal;0;6e92581f7ab6;move;;;50;49;;;;;;;;;;True;False;False;False;;ok;15642.33485452143;15631.796330909976;15631.796330909976;15631.796330909976;44;15631.796330909976;541.75;10.538523611454366;Evaluated;10.2149;0.6252;64;True;1;
7;1;7;5;normal;0;6e92581f7ab6;move;;;50;30;;;;;;;;;;True;False;False;True;;ok;16071.130234602428;15631.796330909976;15631.796330909976;15631.796330909976;45;15631.796330909976;552.5172;439.3339036924517;Evaluated;10.1384;0.6263;64;True;1;
7;1;7;;normal;1;;;;;;;;;;;;;;;;;;;;;End-of-iteration summary row;;;15631.796330909976;15631.796330909976;45;15631.796330909976;552.5204;;IterationSummary;;;;;;
8;1;8;1;normal;1;6e92581f7ab6;move;;;10;25;;;;;;;;;;True;False;False;True;;ok;16850.6965193932;15631.796330909976;15631.796330909976;15631.796330909976;46;15631.796330909976;564.4763;1218.900188483225;Evaluated;11.3161;0.6247;64;True;1;
8;1;8;2;normal;1;6e92581f7ab6;swap;18;20;;;;;;;;;;;;True;False;False;False;;ok;16833.39235616537;15631.796330909976;15631.796330909976;15631.796330909976;47;15631.796330909976;575.1565;1201.5960252553923;Evaluated;10.0523;0.6245;64;True;1;
8;1;8;3;normal;1;6e92581f7ab6;move;;;40;15;;;;;;;;;;True;False;False;True;;ok;16429.601243917274;15631.796330909976;15631.796330909976;15631.796330909976;48;15631.796330909976;590.3839;797.8049130072977;Evaluated;14.5992;0.6254;64;True;2;duplicate_for_same_parent_sequence
8;1;8;4;normal;1;6e92581f7ab6;move;;;50;25;;;;;;;;;;True;False;False;True;;ok;16442.552405907052;15631.796330909976;15631.796330909976;15631.796330909976;49;15631.796330909976;601.3295;810.7560749970762;Evaluated;10.3183;0.6248;64;True;1;
8;1;8;5;normal;1;6e92581f7ab6;move;;;30;45;;;;;;;;;;True;False;False;True;;ok;16174.489516883663;15631.796330909976;15631.796330909976;15631.796330909976;50;15631.796330909976;612.3931;542.6931859736869;Evaluated;10.435;0.6257;64;True;1;
8;1;8;;normal;2;;;;;;;;;;;;;;;;;;;;;End-of-iteration summary row;;;15631.796330909976;15631.796330909976;50;15631.796330909976;612.3964;;IterationSummary;;;;;;
9;1;9;1;normal;2;6e92581f7ab6;move;;;10;5;;;;;;;;;;True;False;False;False;;ok;17746.160866900416;15631.796330909976;15631.796330909976;15631.796330909976;51;15631.796330909976;624.2498;2114.3645359904403;Evaluated;11.2175;0.6239;64;True;1;
9;1;9;2;normal;2;6e92581f7ab6;move;;;35;28;;;;;;;;;;True;False;False;False;;ok;16450.039664540276;15631.796330909976;15631.796330909976;15631.796330909976;52;15631.796330909976;639.2518;818.2433336303002;Evaluated;14.3767;0.6233;64;True;2;duplicate_for_same_parent_sequence
9;1;9;3;normal;2;6e92581f7ab6;move;;;38;45;;;;;;;;;;True;False;False;False;;ok;16201.917039093905;15631.796330909976;15631.796330909976;15631.796330909976;53;15631.796330909976;654.4232;570.1207081839293;Evaluated;14.5389;0.6297;64;True;2;duplicate_for_same_parent_sequence
9;1;9;4;normal;2;6e92581f7ab6;move;;;48;20;;;;;;;;;;True;False;False;True;;ok;16377.614184090364;15631.796330909976;15631.796330909976;15631.796330909976;54;15631.796330909976;669.1968;745.8178531803878;Evaluated;14.1444;0.6261;64;True;2;duplicate_for_same_parent_sequence
9;1;9;5;normal;2;6e92581f7ab6;move;;;25;35;;;;;;;;;;True;False;False;True;;ok;16378.177222336493;15631.796330909976;15631.796330909976;15631.796330909976;55;15631.796330909976;683.546;746.3808914265173;Evaluated;13.7199;0.6256;64;True;2;duplicate_for_same_parent_sequence
9;1;9;;normal;3;;;;;;;;;;;;;;;;;;;;;End-of-iteration summary row;;;15631.796330909976;15631.796330909976;55;15631.796330909976;683.5488;;IterationSummary;;;;;;
10;1;10;1;diversification;3;6e92581f7ab6;move;;;5;30;;;;;;;;;;True;False;False;True;;ok;17084.566736476183;15631.796330909976;15631.796330909976;15631.796330909976;56;15631.796330909976;695.4901;1452.770405566207;Evaluated;11.3074;0.6229;64;True;1;
10;1;10;2;diversification;3;6e92581f7ab6;reinsert_block;;;;;;;20;25;35;;;;;True;False;False;True;;ok;17219.383457579115;15631.796330909976;15631.796330909976;15631.796330909976;57;15631.796330909976;706.9434;1587.5871266691393;Evaluated;10.8262;0.6263;64;True;1;
10;1;10;3;diversification;3;6e92581f7ab6;swap;35;40;;;;;;;;;;;;True;False;False;False;;ok;16246.604319433834;15631.796330909976;15631.796330909976;15631.796330909976;58;15631.796330909976;717.6751;614.8079885238585;Evaluated;10.1049;0.6239;64;True;1;
10;1;10;4;diversification;3;6e92581f7ab6;move;;;50;10;;;;;;;;;;True;False;False;True;;ok;17283.506599879405;15631.796330909976;15631.796330909976;15631.796330909976;59;15631.796330909976;728.7093;1651.7102689694293;Evaluated;10.406;0.6253;64;True;1;
10;1;10;5;diversification;3;6e92581f7ab6;move;;;20;5;;;;;;;;;;True;False;False;True;;ok;17639.31831625384;15631.796330909976;15631.796330909976;15631.796330909976;60;15631.796330909976;739.6923;2007.5219853438648;Evaluated;10.3563;0.6238;64;True;1;
10;1;10;6;diversification;3;6e92581f7ab6;move;;;25;30;;;;;;;;;;True;False;False;False;;ok;15622.955541699463;15631.796330909976;15631.796330909976;15631.796330909976;61;15631.796330909976;750.7825;-8.840789210513321;EvaluatedImprovementDespiteDiversificationMismatch;10.4578;0.6293;64;True;1;
10;1;10;7;diversification;3;6e92581f7ab6;move;;;20;30;;;;;;;;;;True;False;False;True;;ok;17140.57425447667;15631.796330909976;15631.796330909976;15631.796330909976;62;15631.796330909976;765.4818;1508.777923566693;Evaluated;14.0721;0.624;64;True;2;duplicate_for_same_parent_sequence
10;1;10;8;diversification;3;6e92581f7ab6;move;;;30;48;;;;;;;;;;True;False;False;True;;ok;16163.480013414359;15631.796330909976;15631.796330909976;15631.796330909976;63;15631.796330909976;780.368;531.6836825043829;Evaluated;14.2556;0.6276;64;True;2;duplicate_for_same_parent_sequence
10;1;10;9;diversification;3;6e92581f7ab6;move;;;40;10;;;;;;;;;;True;False;False;True;;ok;17283.08681736572;15631.796330909976;15631.796330909976;15631.796330909976;64;15631.796330909976;795.2164;1651.2904864557458;Evaluated;14.2225;0.6232;64;True;2;duplicate_for_same_parent_sequence
10;1;10;10;diversification;3;6e92581f7ab6;move;;;30;15;;;;;;;;;;True;False;False;True;;ok;18062.426627199387;15631.796330909976;15631.796330909976;15631.796330909976;65;15631.796330909976;810.4622;2430.6302962894115;Evaluated;14.6122;0.6304;64;True;2;duplicate_for_same_parent_sequence
10;1;10;;diversification;0;;;;;;;;;;;;;;;;;;;;;End-of-iteration summary row;;;15622.955541699463;15622.955541699463;65;15622.955541699463;810.4795;;IterationSummary;;;;;;
11;1;11;1;normal;0;6ef0b4e727a8;move;;;10;5;;;;;;;;;;True;False;False;False;;ok;17744.859936618446;15622.955541699463;15622.955541699463;15622.955541699463;66;15622.955541699463;822.9558;2121.9043949189836;Evaluated;11.8356;0.6303;64;True;1;
11;1;11;2;normal;0;6ef0b4e727a8;swap;20;25;;;;;;;;;;;;True;False;False;False;;ok;16780.05459448569;15622.955541699463;15622.955541699463;15622.955541699463;67;15622.955541699463;833.8961;1157.0990527862268;Evaluated;10.3131;0.6245;64;True;1;
11;1;11;3;normal;0;6ef0b4e727a8;reinsert_block;;;;;;;35;40;25;;;;;True;False;False;True;;ok;16797.01827045293;15622.955541699463;15622.955541699463;15622.955541699463;68;15622.955541699463;845.1675;1174.0627287534662;Evaluated;10.6446;0.6238;64;True;1;
11;1;11;4;normal;0;6ef0b4e727a8;move;;;52;48;;;;;;;;;;True;False;False;False;;ok;15606.892047271855;15622.955541699463;15622.955541699463;15622.955541699463;69;15622.955541699463;855.9958;-16.06349442760802;Evaluated;10.2029;0.6226;64;True;1;
11;1;11;5;normal;0;6ef0b4e727a8;move;;;40;15;;;;;;;;;;True;False;False;True;;ok;16428.64672196491;15622.955541699463;15622.955541699463;15622.955541699463;70;15622.955541699463;866.759;805.6911802654467;Evaluated;10.1371;0.6253;64;True;1;
11;1;11;;normal;0;;;;;;;;;;;;;;;;;;;;;End-of-iteration summary row;;;15606.892047271855;15606.892047271855;70;15606.892047271855;866.7751;;IterationSummary;;;;;;
12;1;12;1;normal;0;9b7dd22afc86;move;;;5;10;;;;;;;;;;True;False;False;False;;ok;16425.603928288772;15606.892047271855;15606.892047271855;15606.892047271855;71;15606.892047271855;878.8886;818.7118810169177;Evaluated;11.4768;0.6292;64;True;1;
12;1;12;2;normal;0;9b7dd22afc86;swap;18;20;;;;;;;;;;;;True;False;False;False;;ok;16622.468622276945;15606.892047271855;15606.892047271855;15606.892047271855;72;15606.892047271855;890.0587;1015.5765750050905;Evaluated;10.5416;0.6254;64;True;1;
12;1;12;3;normal;0;9b7dd22afc86;reinsert_block;;;;;;;35;40;28;;;;;True;False;False;False;;ok;16846.18661659828;15606.892047271855;15606.892047271855;15606.892047271855;73;15606.892047271855;901.7493;1239.2945693264246;Evaluated;11.0639;0.6236;64;True;1;
12;1;12;4;normal;0;9b7dd22afc86;move;;;40;10;;;;;;;;;;True;False;False;True;;ok;17080.05040236155;15606.892047271855;15606.892047271855;15606.892047271855;74;15606.892047271855;912.6402;1473.1583550896958;Evaluated;10.2632;0.6246;64;True;1;
12;1;12;5;normal;0;9b7dd22afc86;move;;;30;15;;;;;;;;;;True;False;False;True;;ok;16656.524467447853;15606.892047271855;15606.892047271855;15606.892047271855;75;15606.892047271855;923.6739;1049.632420175998;Evaluated;10.4031;0.6279;64;True;1;
12;1;12;;normal;1;;;;;;;;;;;;;;;;;;;;;End-of-iteration summary row;;;15606.892047271855;15606.892047271855;75;15606.892047271855;923.6757;;IterationSummary;;;;;;
13;1;13;1;normal;1;9b7dd22afc86;move;;;10;5;;;;;;;;;;True;False;False;False;;ok;17538.57344351063;15606.892047271855;15606.892047271855;15606.892047271855;76;15606.892047271855;935.3426;1931.6813962387769;Evaluated;11.0279;0.6248;64;True;1;
13;1;13;2;normal;1;9b7dd22afc86;swap;18;25;;;;;;;;;;;;True;False;False;False;;ok;15606.892047271855;15606.892047271855;15606.892047271855;15606.892047271855;77;15606.892047271855;946.2452;0.0;Evaluated;10.2733;0.6265;64;True;1;
13;1;13;3;normal;1;9b7dd22afc86;move;;;15;10;;;;;;;;;;True;False;False;False;;ok;15607.173180690379;15606.892047271855;15606.892047271855;15606.892047271855;78;15606.892047271855;961.7522;0.281133418524405;Evaluated;14.8807;0.6235;64;True;2;duplicate_for_same_parent_sequence
13;1;13;4;normal;1;9b7dd22afc86;move;;;50;30;;;;;;;;;;True;False;False;True;;ok;16451.512853575354;15606.892047271855;15606.892047271855;15606.892047271855;79;15606.892047271855;972.6586;844.6208063034992;Evaluated;10.2754;0.6288;64;True;1;
13;1;13;5;normal;1;9b7dd22afc86;move;;;25;30;;;;;;;;;;True;False;False;False;;ok;16234.529595989326;15606.892047271855;15606.892047271855;15606.892047271855;80;15606.892047271855;983.4421;627.6375487174719;Evaluated;10.1547;0.6257;64;True;1;
13;1;13;;normal;2;;;;;;;;;;;;;;;;;;;;;End-of-iteration summary row;;;15606.892047271855;15606.892047271855;80;15606.892047271855;983.4453;;IterationSummary;;;;;;
14;1;14;1;normal;2;9b7dd22afc86;move;;;7;2;;;;;;;;;;True;False;False;False;;ok;17506.518502221603;15606.892047271855;15606.892047271855;15606.892047271855;81;15606.892047271855;999.0685;1899.6264549497482;Evaluated;14.9824;0.6256;64;True;2;duplicate_for_same_parent_sequence
14;1;14;2;normal;2;9b7dd22afc86;swap;25;30;;;;;;;;;;;;True;False;False;False;;ok;16237.097295375464;15606.892047271855;15606.892047271855;15606.892047271855;82;15606.892047271855;1013.5839;630.2052481036098;Evaluated;13.8871;0.6251;64;True;2;duplicate_for_same_parent_sequence
14;1;14;3;normal;2;9b7dd22afc86;move;;;35;20;;;;;;;;;;True;False;False;True;;ok;16701.38372356875;15606.892047271855;15606.892047271855;15606.892047271855;83;15606.892047271855;1028.8021;1094.491676296895;Evaluated;14.5901;0.625;64;True;2;duplicate_for_same_parent_sequence
14;1;14;4;normal;2;9b7dd22afc86;move;;;50;38;;;;;;;;;;True;False;False;True;;ok;15949.455771689536;15606.892047271855;15606.892047271855;15606.892047271855;84;15606.892047271855;1039.9701;342.56372441768144;Evaluated;10.5389;0.6261;64;True;1;
14;1;14;5;normal;2;9b7dd22afc86;move;;;50;20;;;;;;;;;;True;False;False;True;;ok;16433.23019257733;15606.892047271855;15606.892047271855;15606.892047271855;85;15606.892047271855;1050.757;826.3381453054772;Evaluated;10.1603;0.6241;64;True;1;
14;1;14;;normal;3;;;;;;;;;;;;;;;;;;;;;End-of-iteration summary row;;;15606.892047271855;15606.892047271855;85;15606.892047271855;1050.7578;;IterationSummary;;;;;;
15;1;15;1;diversification;3;9b7dd22afc86;move;;;15;5;;;;;;;;;;True;False;False;True;;ok;16464.086369826648;15606.892047271855;15606.892047271855;15606.892047271855;86;15606.892047271855;1063.1344;857.194322554793;Evaluated;11.7441;0.6249;64;True;1;
15;1;15;2;diversification;3;9b7dd22afc86;reinsert_block;;;;;;;20;25;35;;;;;True;False;False;True;;ok;16709.74152815345;15606.892047271855;15606.892047271855;15606.892047271855;87;15606.892047271855;1074.5954;1102.849480881594;Evaluated;10.8311;0.6271;64;True;1;
15;1;15;3;diversification;3;9b7dd22afc86;swap;35;40;;;;;;;;;;;;True;False;False;False;;ok;16035.856949805753;15606.892047271855;15606.892047271855;15606.892047271855;88;15606.892047271855;1085.8833;428.96490253389857;Evaluated;10.6612;0.6237;64;True;1;
15;1;15;4;diversification;3;9b7dd22afc86;move;;;50;25;;;;;;;;;;True;False;False;True;;ok;15613.312318474784;15606.892047271855;15606.892047271855;15606.892047271855;89;15606.892047271855;1096.8826;6.420271202929143;Evaluated;10.3713;0.626;64;True;1;
15;1;15;5;diversification;3;9b7dd22afc86;move;;;50;40;;;;;;;;;;True;False;False;True;;ok;16678.292286972588;15606.892047271855;15606.892047271855;15606.892047271855;90;15606.892047271855;1108.0052;1071.4002397007334;Evaluated;10.4912;0.6276;64;True;1;
15;1;15;6;diversification;3;9b7dd22afc86;move;;;50;32;;;;;;;;;;True;False;False;True;;ok;16970.51954576155;15606.892047271855;15606.892047271855;15606.892047271855;91;15606.892047271855;1119.0847;1363.6274984896936;Evaluated;10.4522;0.6241;64;True;1;
15;1;15;7;diversification;3;9b7dd22afc86;move;;;20;35;;;;;;;;;;True;False;False;True;;ok;17348.20085375978;15606.892047271855;15606.892047271855;15606.892047271855;92;15606.892047271855;1129.9795;1741.3088064879248;Evaluated;10.2674;0.6248;64;True;1;
15;1;15;8;diversification;3;9b7dd22afc86;swap;20;30;;;;;;;;;;;;True;False;False;False;;ok;16941.66728803757;15606.892047271855;15606.892047271855;15606.892047271855;93;15606.892047271855;1144.8176;1334.7752407657154;Evaluated;14.2071;0.6276;64;True;2;duplicate_for_same_parent_sequence
15;1;15;9;diversification;3;9b7dd22afc86;move;;;38;45;;;;;;;;;;True;False;False;False;;ok;15966.628842318945;15606.892047271855;15606.892047271855;15606.892047271855;94;15606.892047271855;1159.6295;359.7367950470907;Evaluated;14.1841;0.6246;64;True;2;duplicate_for_same_parent_sequence
15;1;15;10;diversification;3;9b7dd22afc86;reinsert_block;;;;;;;42;50;35;;;;;True;False;False;False;;ok;16469.95594996349;15606.892047271855;15606.892047271855;15606.892047271855;95;15606.892047271855;1171.3203;863.0639026916342;Evaluated;11.0636;0.6246;64;True;1;
15;1;15;;diversification;4;;;;;;;;;;;;;;;;;;;;;End-of-iteration summary row;;;15606.892047271855;15606.892047271855;95;15606.892047271855;1171.3232;;IterationSummary;;;;;;
16;1;16;1;diversification;4;9b7dd22afc86;move;;;8;2;;;;;;;;;;True;False;False;False;;ok;15794.907274833238;15606.892047271855;15606.892047271855;15606.892047271855;96;15606.892047271855;1187.7109;188.01522756138365;Evaluated;15.7453;0.6233;64;True;2;duplicate_for_same_parent_sequence
16;1;16;2;diversification;4;9b7dd22afc86;reinsert_block;;;;;;;18;24;35;;;;;True;False;False;True;;ok;16660.75516714228;15606.892047271855;15606.892047271855;15606.892047271855;97;15606.892047271855;1199.2744;1053.863119870426;Evaluated;10.9372;0.6236;64;True;1;
16;1;16;3;diversification;4;9b7dd22afc86;swap;32;47;;;;;;;;;;;;True;False;False;True;;ok;15422.36865904308;15606.892047271855;15606.892047271855;15606.892047271855;98;15606.892047271855;1214.5136;-184.5233882287739;Evaluated;14.6118;0.6248;64;True;2;duplicate_for_same_parent_sequence
16;1;16;4;diversification;4;9b7dd22afc86;move;;;52;49;;;;;;;;;;True;False;False;False;;ok;15470.873824666889;15606.892047271855;15606.892047271855;15606.892047271855;99;15606.892047271855;1225.6578;-136.01822260496556;EvaluatedImprovementDespiteDiversificationMismatch;10.5171;0.6242;64;True;1;
16;1;16;5;diversification;4;9b7dd22afc86;move;;;25;40;;;;;;;;;;True;False;False;True;;ok;16081.295252835847;15606.892047271855;15606.892047271855;15606.892047271855;100;15606.892047271855;1240.703;474.40320556399274;Evaluated;14.417;0.6246;64;True;2;duplicate_for_same_parent_sequence
16;1;16;6;diversification;4;9b7dd22afc86;move;;;45;38;;;;;;;;;;True;False;False;False;;ok;15977.362241675171;15606.892047271855;15606.892047271855;15606.892047271855;101;15606.892047271855;1255.77;370.4701944033168;Evaluated;14.4396;0.6247;64;True;2;duplicate_for_same_parent_sequence
16;1;16;7;diversification;4;9b7dd22afc86;move;;;30;5;;;;;;;;;;True;False;False;True;;ok;17072.40117547611;15606.892047271855;15606.892047271855;15606.892047271855;102;15606.892047271855;1267.0109;1465.509128204254;Evaluated;10.6149;0.6253;64;True;1;
16;1;16;8;diversification;4;9b7dd22afc86;move;;;20;15;;;;;;;;;;True;False;False;False;;ok;16566.294241304062;15606.892047271855;15606.892047271855;15606.892047271855;103;15606.892047271855;1278.2031;959.4021940322073;Evaluated;10.5253;0.6643;64;True;1;
16;1;16;9;diversification;4;9b7dd22afc86;swap;17;49;;;;;;;;;;;;True;False;False;True;;ok;16183.934240912937;15606.892047271855;15606.892047271855;15606.892047271855;104;15606.892047271855;1293.1818;577.0421936410821;Evaluated;14.3272;0.649;64;True;2;duplicate_for_same_parent_sequence
16;1;16;10;diversification;4;9b7dd22afc86;move;;;40;50;;;;;;;;;;True;False;False;True;;ok;15420.259721773455;15606.892047271855;15606.892047271855;15606.892047271855;105;15606.892047271855;1306.9051;-186.63232549839995;Evaluated;13.0927;0.6299;64;True;1;
16;1;16;;diversification;0;;;;;;;;;;;;;;;;;;;;;End-of-iteration summary row;;;15420.259721773455;15420.259721773455;105;15420.259721773455;1306.9253;;IterationSummary;;;;;;
17;1;17;1;normal;0;20852e837037;move;;;7;12;;;;;;;;;;True;False;False;False;;ok;15417.645205785844;15420.259721773455;15420.259721773455;15420.259721773455;106;15420.259721773455;1322.5928;-2.6145159876105026;Evaluated;15.0319;0.6294;64;True;1;
17;1;17;2;normal;0;20852e837037;swap;18;25;;;;;;;;;;;;True;False;False;False;;ok;15420.259721773455;15420.259721773455;15420.259721773455;15420.259721773455;107;15420.259721773455;1336.0945;0.0;Evaluated;12.8717;0.627;64;True;1;
17;1;17;3;normal;0;20852e837037;reinsert_block;;;;;;;35;40;20;;;;;True;False;False;True;;ok;17671.255623868183;15420.259721773455;15420.259721773455;15420.259721773455;108;15420.259721773455;1350.0126;2250.995902094728;Evaluated;13.2903;0.6245;64;True;1;
17;1;17;4;normal;0;20852e837037;move;;;60;52;;;;;;;;;;True;False;False;False;;ok;15629.910115667984;15420.259721773455;15420.259721773455;15420.259721773455;109;15420.259721773455;1363.5047;209.65039389452977;Evaluated;12.8639;0.6276;64;True;1;
17;1;17;5;normal;0;20852e837037;move;;;25;10;;;;;;;;;;True;False;False;True;;ok;17074.96595662759;15420.259721773455;15420.259721773455;15420.259721773455;110;15420.259721773455;1376.5651;1654.7062348541367;Evaluated;12.4297;0.6278;64;True;1;
17;1;17;;normal;0;;;;;;;;;;;;;;;;;;;;;End-of-iteration summary row;;;15417.645205785844;15417.645205785844;110;15417.645205785844;1376.5817;;IterationSummary;;;;;;
18;1;18;1;normal;0;f0ac5cf7a359;move;;;10;5;;;;;;;;;;True;False;False;False;;ok;16788.673334241474;15417.645205785844;15417.645205785844;15417.645205785844;111;15417.645205785844;1392.645;1371.0281284556295;Evaluated;15.4269;0.6285;64;True;1;
18;1;18;2;normal;0;f0ac5cf7a359;swap;17;30;;;;;;;;;;;;True;False;False;True;;ok;15417.645205785844;15417.645205785844;15417.645205785844;15417.645205785844;112;15417.645205785844;1406.0742;0.0;Evaluated;12.8006;0.6259;64;True;1;
18;1;18;3;normal;0;f0ac5cf7a359;reinsert_block;;;;;;;38;42;5;;;;;True;False;False;True;;ok;18353.291969848844;15417.645205785844;15417.645205785844;15417.645205785844;113;15417.645205785844;1419.9233;2935.646764063;Evaluated;13.2158;0.6302;64;True;1;
18;1;18;4;normal;0;f0ac5cf7a359;move;;;50;45;;;;;;;;;;True;False;False;False;;ok;15411.423456589411;15417.645205785844;15417.645205785844;15417.645205785844;114;15417.645205785844;1433.6721;-6.221749196432938;Evaluated;13.1191;0.6262;64;True;1;
18;1;18;5;normal;0;f0ac5cf7a359;move;;;45;38;;;;;;;;;;True;False;False;False;;ok;15992.062217704719;15417.645205785844;15417.645205785844;15417.645205785844;115;15417.645205785844;1446.939;574.4170119188748;Evaluated;12.6374;0.6264;64;True;1;
18;1;18;;normal;0;;;;;;;;;;;;;;;;;;;;;End-of-iteration summary row;;;15411.423456589411;15411.423456589411;115;15411.423456589411;1446.9561;;IterationSummary;;;;;;
19;1;19;1;normal;0;6a218f80e8d0;move;;;7;12;;;;;;;;;;True;False;False;False;;ok;15399.460881751971;15411.423456589411;15411.423456589411;15411.423456589411;116;15411.423456589411;1462.6233;-11.962574837440116;Evaluated;15.0335;0.6259;64;True;1;
19;1;19;2;normal;0;6a218f80e8d0;swap;18;25;;;;;;;;;;;;True;False;False;False;;ok;15411.423456589411;15411.423456589411;15411.423456589411;15411.423456589411;117;15411.423456589411;1476.1122;0.0;Evaluated;12.861;0.6248;64;True;1;
19;1;19;3;normal;0;6a218f80e8d0;reinsert_block;;;;;;;32;40;25;;;;;True;False;False;False;;ok;16042.49800052942;15411.423456589411;15411.423456589411;15411.423456589411;118;15411.423456589411;1489.756;631.0745439400089;Evaluated;13.0148;0.6279;64;True;1;
19;1;19;4;normal;0;6a218f80e8d0;move;;;50;49;;;;;;;;;;True;False;False;False;;ok;15966.27315162479;15411.423456589411;15411.423456589411;15411.423456589411;119;15411.423456589411;1503.2541;554.8496950353783;Evaluated;12.8687;0.6263;64;True;1;
19;1;19;5;normal;0;6a218f80e8d0;move;;;25;10;;;;;;;;;;True;False;False;True;;ok;17581.465264786813;15411.423456589411;15411.423456589411;15411.423456589411;120;15411.423456589411;1516.5517;2170.041808197402;Evaluated;12.6677;0.627;64;True;1;
19;1;19;;normal;0;;;;;;;;;;;;;;;;;;;;;End-of-iteration summary row;;;15399.460881751971;15399.460881751971;120;15399.460881751971;1516.564;;IterationSummary;;;;;;
20;1;20;1;normal;0;05a5bdfc09ce;move;;;15;20;;;;;;;;;;True;False;False;False;;ok;16231.497508706545;15399.460881751971;15399.460881751971;15399.460881751971;121;15399.460881751971;1532.7227;832.0366269545739;Evaluated;15.5266;0.6265;64;True;1;
20;1;20;2;normal;0;05a5bdfc09ce;swap;17;30;;;;;;;;;;;;True;False;False;True;;ok;15399.460881751971;15399.460881751971;15399.460881751971;15399.460881751971;122;15399.460881751971;1546.2588;0.0;Evaluated;12.9057;0.6277;64;True;1;
20;1;20;3;normal;0;05a5bdfc09ce;reinsert_block;;;;;;;35;40;27;;;;;True;False;False;True;;ok;17022.304620636372;15399.460881751971;15399.460881751971;15399.460881751971;123;15399.460881751971;1560.0994;1622.8437388844013;Evaluated;13.2125;0.6252;64;True;1;
20;1;20;4;normal;0;05a5bdfc09ce;move;;;50;38;;;;;;;;;;True;False;False;True;;ok;15592.300527078889;15399.460881751971;15399.460881751971;15399.460881751971;124;15399.460881751971;1573.5492;192.8396453269179;Evaluated;12.8196;0.6269;64;True;1;
20;1;20;5;normal;0;05a5bdfc09ce;move;;;25;10;;;;;;;;;;True;False;False;True;;ok;17566.54216600734;15399.460881751971;15399.460881751971;15399.460881751971;125;15399.460881751971;1587.1834;2167.0812842553696;Evaluated;13.0046;0.6269;64;True;1;
20;1;20;;normal;1;;;;;;;;;;;;;;;;;;;;;End-of-iteration summary row;;;15399.460881751971;15399.460881751971;125;15399.460881751971;1587.1866;;IterationSummary;;;;;;
21;1;21;1;normal;1;05a5bdfc09ce;move;;;10;5;;;;;;;;;;True;False;False;False;;ok;17047.902099448518;15399.460881751971;15399.460881751971;15399.460881751971;126;15399.460881751971;1602.4043;1648.441217696547;Evaluated;14.5795;0.628;64;True;1;
21;1;21;2;normal;1;05a5bdfc09ce;swap;18;25;;;;;;;;;;;;True;False;False;False;;ok;15399.460881751971;15399.460881751971;15399.460881751971;15399.460881751971;127;15399.460881751971;1615.8595;0.0;Evaluated;12.8262;0.6264;64;True;1;
21;1;21;3;normal;1;05a5bdfc09ce;move;;;18;25;;;;;;;;;;True;False;False;False;;ok;16681.092553866547;15399.460881751971;15399.460881751971;15399.460881751971;128;15399.460881751971;1633.6395;1281.6316721145758;Evaluated;17.152;0.625;64;True;2;duplicate_for_same_parent_sequence
21;1;21;4;normal;1;05a5bdfc09ce;move;;;50;45;;;;;;;;;;True;False;False;False;;ok;15604.44574408523;15399.460881751971;15399.460881751971;15399.460881751971;129;15399.460881751971;1647.1217;204.9848623332582;Evaluated;12.8515;0.6276;64;True;1;
21;1;21;5;normal;1;05a5bdfc09ce;move;;;38;45;;;;;;;;;;True;False;False;False;;ok;16301.498568913994;15399.460881751971;15399.460881751971;15399.460881751971;130;15399.460881751971;1664.282;902.0376871620228;Evaluated;16.5296;0.6275;64;True;2;duplicate_for_same_parent_sequence
21;1;21;;normal;2;;;;;;;;;;;;;;;;;;;;;End-of-iteration summary row;;;15399.460881751971;15399.460881751971;130;15399.460881751971;1664.2854;;IterationSummary;;;;;;
22;1;22;1;normal;2;05a5bdfc09ce;move;;;7;2;;;;;;;;;;True;False;False;False;;ok;15683.597867129083;15399.460881751971;15399.460881751971;15399.460881751971;131;15399.460881751971;1683.5699;284.13698537711207;Evaluated;18.6437;0.6263;64;True;2;duplicate_for_same_parent_sequence
22;1;22;2;normal;2;05a5bdfc09ce;swap;20;25;;;;;;;;;;;;True;False;False;False;;ok;16773.022772503304;15399.460881751971;15399.460881751971;15399.460881751971;132;15399.460881751971;1701.264;1373.5618907513326;Evaluated;17.0646;0.6265;64;True;2;duplicate_for_same_parent_sequence
22;1;22;3;normal;2;05a5bdfc09ce;move;;;18;30;;;;;;;;;;True;False;False;True;;ok;16222.142572488114;15399.460881751971;15399.460881751971;15399.460881751971;133;15399.460881751971;1719.0723;822.6816907361426;Evaluated;17.1795;0.6256;64;True;2;duplicate_for_same_parent_sequence
22;1;22;4;normal;2;05a5bdfc09ce;move;;;54;20;;;;;;;;;;True;False;False;True;;ok;16556.264490174846;15399.460881751971;15399.460881751971;15399.460881751971;134;15399.460881751971;1732.3414;1156.8036084228752;Evaluated;12.6388;0.6295;64;True;1;
22;1;22;5;normal;2;05a5bdfc09ce;move;;;20;30;;;;;;;;;;True;False;False;True;;ok;16393.27197121656;15399.460881751971;15399.460881751971;15399.460881751971;135;15399.460881751971;1745.6929;993.8110894645888;Evaluated;12.7226;0.626;64;True;1;
22;1;22;;normal;3;;;;;;;;;;;;;;;;;;;;;End-of-iteration summary row;;;15399.460881751971;15399.460881751971;135;15399.460881751971;1745.6964;;IterationSummary;;;;;;
23;1;23;1;diversification;3;05a5bdfc09ce;move;;;3;18;;;;;;;;;;True;False;False;True;;ok;17402.474051543373;15399.460881751971;15399.460881751971;15399.460881751971;136;15399.460881751971;1765.2328;2003.013169791402;Evaluated;18.8968;0.6269;64;True;2;duplicate_for_same_parent_sequence
23;1;23;2;diversification;3;05a5bdfc09ce;reinsert_block;;;;;;;18;25;30;;;;;True;False;False;False;;ok;16587.06225695846;15399.460881751971;15399.460881751971;15399.460881751971;137;15399.460881751971;1779.3781;1187.6013752064882;Evaluated;13.5156;0.6268;64;True;1;
23;1;23;3;diversification;3;05a5bdfc09ce;swap;35;40;;;;;;;;;;;;True;False;False;False;;ok;16041.669149008716;15399.460881751971;15399.460881751971;15399.460881751971;138;15399.460881751971;1793.0516;642.2082672567449;Evaluated;13.0423;0.6281;64;True;1;
23;1;23;4;diversification;3;05a5bdfc09ce;move;;;50;48;;;;;;;;;;True;False;False;False;;ok;15961.668898564623;15399.460881751971;15399.460881751971;15399.460881751971;139;15399.460881751971;1806.7436;562.2080168126522;Evaluated;13.057;0.632;64;True;1;
23;1;23;5;diversification;3;05a5bdfc09ce;move;;;30;15;;;;;;;;;;True;False;False;True;;ok;16671.232859547497;15399.460881751971;15399.460881751971;15399.460881751971;140;15399.460881751971;1820.758;1271.7719777955263;Evaluated;13.3805;0.6312;64;True;1;
23;1;23;6;diversification;3;05a5bdfc09ce;move;;;45;32;;;;;;;;;;True;False;False;True;;ok;16706.030907381166;15399.460881751971;15399.460881751971;15399.460881751971;141;15399.460881751971;1834.4568;1306.5700256291948;Evaluated;13.0688;0.6272;64;True;1;
23;1;23;7;diversification;3;05a5bdfc09ce;move;;;40;25;;;;;;;;;;True;False;False;True;;ok;15408.516885915238;15399.460881751971;15399.460881751971;15399.460881751971;142;15399.460881751971;1847.897;9.056004163267062;Evaluated;12.8086;0.6287;64;True;1;
23;1;23;8;diversification;3;05a5bdfc09ce;move;;;30;40;;;;;;;;;;True;False;False;True;;ok;15415.588705519243;15399.460881751971;15399.460881751971;15399.460881751971;143;15399.460881751971;1865.4764;16.127823767272275;Evaluated;16.9512;0.6254;64;True;2;duplicate_for_same_parent_sequence
23;1;23;9;diversification;3;05a5bdfc09ce;move;;;28;35;;;;;;;;;;True;False;False;False;;ok;15968.383152267268;15399.460881751971;15399.460881751971;15399.460881751971;144;15399.460881751971;1879.1145;568.922270515297;Evaluated;13.0098;0.6252;64;True;1;
23;1;23;10;diversification;3;05a5bdfc09ce;swap;45;50;;;;;;;;;;;;True;False;False;False;;ok;15604.44574408523;15399.460881751971;15399.460881751971;15399.460881751971;145;15399.460881751971;1896.7;204.9848623332582;Evaluated;16.957;0.627;64;True;2;duplicate_for_same_parent_sequence
23;1;23;;diversification;4;;;;;;;;;;;;;;;;;;;;;End-of-iteration summary row;;;15399.460881751971;15399.460881751971;145;15399.460881751971;1896.7038;;IterationSummary;;;;;;
24;1;24;1;diversification;4;05a5bdfc09ce;move;;;5;10;;;;;;;;;;True;False;False;False;;ok;16963.502896261714;15399.460881751971;15399.460881751971;15399.460881751971;146;15399.460881751971;1912.7675;1564.0420145097432;Evaluated;15.4245;0.6266;64;True;1;
24;1;24;2;diversification;4;05a5bdfc09ce;reinsert_block;;;;;;;18;25;30;;;;;False;True;False;;;ok;;15399.460881751971;15399.460881751971;15399.460881751971;146;15399.460881751971;1934.3059;;DuplicateForSameParentSequenceAfterRetries;21.5317;;;;3;duplicate_for_same_parent_sequence
24;1;24;3;diversification;4;05a5bdfc09ce;swap;32;47;;;;;;;;;;;;True;False;False;True;;ok;16091.417728399496;15399.460881751971;15399.460881751971;15399.460881751971;147;15399.460881751971;1947.9958;691.9568466475248;Evaluated;13.0644;0.6244;64;True;1;
24;1;24;4;diversification;4;05a5bdfc09ce;move;;;35;50;;;;;;;;;;True;False;False;True;;ok;15889.956740001639;15399.460881751971;15399.460881751971;15399.460881751971;148;15399.460881751971;1965.9009;490.49585824966744;Evaluated;17.2758;0.6287;64;True;2;duplicate_for_same_parent_sequence
24;1;24;5;diversification;4;05a5bdfc09ce;move;;;8;15;;;;;;;;;;True;False;False;False;;ok;17272.48984035577;15399.460881751971;15399.460881751971;15399.460881751971;149;15399.460881751971;1979.891;1873.0289586037998;Evaluated;13.3582;0.6285;64;True;1;
24;1;24;6;diversification;4;05a5bdfc09ce;move;;;20;35;;;;;;;;;;True;False;False;True;;ok;16944.774312331443;15399.460881751971;15399.460881751971;15399.460881751971;150;15399.460881751971;1993.5842;1545.313430579472;Evaluated;13.0613;0.6281;64;True;1;
24;1;24;7;diversification;4;05a5bdfc09ce;move;;;18;35;;;;;;;;;;True;False;False;True;;ok;16026.027912743793;15399.460881751971;15399.460881751971;15399.460881751971;151;15399.460881751971;2011.2816;626.5670309918223;Evaluated;17.0665;0.6281;64;True;2;duplicate_for_same_parent_sequence
24;1;24;8;diversification;4;05a5bdfc09ce;move;;;28;15;;;;;;;;;;True;False;False;True;;ok;17425.653613331757;15399.460881751971;15399.460881751971;15399.460881751971;152;15399.460881751971;2024.9646;2026.1927315797857;Evaluated;13.0536;0.6271;64;True;1;
24;1;24;9;diversification;4;05a5bdfc09ce;move;;;45;30;;;;;;;;;;True;False;False;True;;ok;16163.87083214499;15399.460881751971;15399.460881751971;15399.460881751971;153;15399.460881751971;2038.9499;764.4099503930192;Evaluated;13.3536;0.6288;64;True;1;
24;1;24;10;diversification;4;05a5bdfc09ce;move;;;45;20;;;;;;;;;;True;False;False;True;;ok;16174.087106239573;15399.460881751971;15399.460881751971;15399.460881751971;154;15399.460881751971;2056.5881;774.6262244876016;Evaluated;17.005;0.6307;64;True;2;duplicate_for_same_parent_sequence
24;1;24;;diversification;5;;;;;;;;;;;;;;;;;;;;;End-of-iteration summary row;;;15399.460881751971;15399.460881751971;154;15399.460881751971;2056.5916;;IterationSummary;;;;;;
25;1;25;1;diversification;5;05a5bdfc09ce;move;;;15;30;;;;;;;;;;True;False;False;True;;ok;15415.60153711144;15399.460881751971;15399.460881751971;15399.460881751971;155;15399.460881751971;2072.4432;16.140655359469747;Evaluated;15.2075;0.6263;64;True;1;
25;1;25;2;diversification;5;05a5bdfc09ce;reinsert_block;;;;;;;20;25;35;;;;;True;False;False;True;;ok;16694.48497353612;15399.460881751971;15399.460881751971;15399.460881751971;156;15399.460881751971;2086.6036;1295.0240917841493;Evaluated;13.5292;0.6274;64;True;1;
25;1;25;3;diversification;5;05a5bdfc09ce;swap;10;50;;;;;;;;;;;;True;False;False;True;;ok;17722.919739224275;15399.460881751971;15399.460881751971;15399.460881751971;157;15399.460881751971;2104.2226;2323.458857472304;Evaluated;16.9887;0.6275;64;True;2;duplicate_for_same_parent_sequence
25;1;25;4;diversification;5;05a5bdfc09ce;move;;;60;52;;;;;;;;;;True;False;False;False;;ok;15598.939463553974;15399.460881751971;15399.460881751971;15399.460881751971;158;15399.460881751971;2121.5886;199.47858180200274;Evaluated;16.735;0.6267;64;True;2;duplicate_for_same_parent_sequence
25;1;25;5;diversification;5;05a5bdfc09ce;move;;;10;25;;;;;;;;;;True;False;False;True;;ok;17115.930455073445;15399.460881751971;15399.460881751971;15399.460881751971;159;15399.460881751971;2135.3876;1716.469573321474;Evaluated;13.1696;0.6265;64;True;1;
25;1;25;6;diversification;5;05a5bdfc09ce;move;;;38;10;;;;;;;;;;True;False;False;True;;ok;18556.934170894154;15399.460881751971;15399.460881751971;15399.460881751971;160;15399.460881751971;2153.0324;3157.4732891421827;Evaluated;17.0158;0.6257;64;True;2;duplicate_for_same_parent_sequence
25;1;25;7;diversification;5;05a5bdfc09ce;move;;;30;45;;;;;;;;;;True;False;False;True;;ok;15983.298542878554;15399.460881751971;15399.460881751971;15399.460881751971;161;15399.460881751971;2170.4003;583.837661126583;Evaluated;16.7366;0.6285;64;True;2;duplicate_for_same_parent_sequence
25;1;25;8;diversification;5;05a5bdfc09ce;move;;;30;8;;;;;;;;;;True;False;False;True;;ok;16872.18406452993;15399.460881751971;15399.460881751971;15399.460881751971;162;15399.460881751971;2187.9398;1472.7231827779597;Evaluated;16.9094;0.6272;64;True;2;duplicate_for_same_parent_sequence
25;1;25;9;diversification;5;05a5bdfc09ce;move;;;25;30;;;;;;;;;;True;False;False;False;;ok;16238.284709233745;15399.460881751971;15399.460881751971;15399.460881751971;163;15399.460881751971;2201.6275;838.8238274817741;Evaluated;13.0591;0.6258;64;True;1;
25;1;25;10;diversification;5;05a5bdfc09ce;move;;;42;10;;;;;;;;;;True;False;False;True;;ok;18123.50169669034;15399.460881751971;15399.460881751971;15399.460881751971;164;15399.460881751971;2219.248;2724.0408149383675;Evaluated;16.9925;0.6273;64;True;2;duplicate_for_same_parent_sequence
25;1;25;;diversification;6;;;;;;;;;;;;;;;;;;;;;End-of-iteration summary row;;;15399.460881751971;15399.460881751971;164;15399.460881751971;2219.2516;;IterationSummary;;;;;;
26;1;26;1;diversification;6;05a5bdfc09ce;move;;;10;35;;;;;;;;;;True;False;False;True;;ok;16960.610005172064;15399.460881751971;15399.460881751971;15399.460881751971;165;15399.460881751971;2235.0497;1561.149123420093;Evaluated;15.1568;0.6266;64;True;1;
26;1;26;2;diversification;6;05a5bdfc09ce;reinsert_block;;;;;;;18;25;35;;;;;True;False;False;True;;ok;16361.338533789312;15399.460881751971;15399.460881751971;15399.460881751971;166;15399.460881751971;2249.1377;961.8776520373412;Evaluated;13.4596;0.6257;64;True;1;
26;1;26;3;diversification;6;05a5bdfc09ce;swap;35;42;;;;;;;;;;;;True;False;False;False;;ok;15399.460881751971;15399.460881751971;15399.460881751971;15399.460881751971;167;15399.460881751971;2262.8258;0.0;Evaluated;13.0578;0.6275;64;True;1;
26;1;26;4;diversification;6;05a5bdfc09ce;move;;;50;25;;;;;;;;;;True;False;False;True;;ok;15399.460881751971;15399.460881751971;15399.460881751971;15399.460881751971;168;15399.460881751971;2276.7957;0.0;Evaluated;13.342;0.6251;64;True;1;
26;1;26;5;diversification;6;05a5bdfc09ce;move;;;20;15;;;;;;;;;;True;False;False;False;;ok;16573.55713536637;15399.460881751971;15399.460881751971;15399.460881751971;169;15399.460881751971;2290.4919;1174.096253614398;Evaluated;13.0688;0.6264;64;True;1;
26;1;26;6;diversification;6;05a5bdfc09ce;move;;;50;15;;;;;;;;;;True;False;False;True;;ok;16538.215550233963;15399.460881751971;15399.460881751971;15399.460881751971;170;15399.460881751971;2304.1839;1138.7546684819918;Evaluated;13.0615;0.6277;64;True;1;
26;1;26;7;diversification;6;05a5bdfc09ce;move;;;40;35;;;;;;;;;;True;False;False;False;;ok;16171.827691859266;15399.460881751971;15399.460881751971;15399.460881751971;171;15399.460881751971;2321.5343;772.3668101072944;Evaluated;16.7199;0.6273;64;True;2;duplicate_for_same_parent_sequence
26;1;26;8;diversification;6;05a5bdfc09ce;move;;;18;25;;;;;;;;;;False;True;False;;;ok;;15399.460881751971;15399.460881751971;15399.460881751971;171;15399.460881751971;2342.3155;;DuplicateForSameParentSequenceAfterRetries;20.7782;;;;3;duplicate_for_same_parent_sequence
26;1;26;9;diversification;6;05a5bdfc09ce;move;;;35;42;;;;;;;;;;True;False;False;False;;ok;16780.259974631725;15399.460881751971;15399.460881751971;15399.460881751971;172;15399.460881751971;2359.8213;1380.7990928797535;Evaluated;16.8764;0.6283;64;True;2;duplicate_for_same_parent_sequence
26;1;26;10;diversification;6;05a5bdfc09ce;move;;;38;12;;;;;;;;;;True;False;False;True;;ok;17363.060322528723;15399.460881751971;15399.460881751971;15399.460881751971;173;15399.460881751971;2381.2887;1963.599440776752;Evaluated;20.8364;0.628;64;True;3;duplicate_for_same_parent_sequence
26;1;26;;diversification;7;;;;;;;;;;;;;;;;;;;;;End-of-iteration summary row;;;15399.460881751971;15399.460881751971;173;15399.460881751971;2381.2925;;IterationSummary;;;;;;
27;1;27;1;diversification;7;05a5bdfc09ce;move;;;7;3;;;;;;;;;;True;False;False;False;;ok;17654.115598204276;15399.460881751971;15399.460881751971;15399.460881751971;174;15399.460881751971;2400.769;2254.6547164523054;Evaluated;18.8436;0.6254;64;True;2;duplicate_for_same_parent_sequence
27;1;27;2;diversification;7;05a5bdfc09ce;reinsert_block;;;;;;;18;24;35;;;;;True;False;False;True;;ok;16657.56866923112;15399.460881751971;15399.460881751971;15399.460881751971;175;15399.460881751971;2423.4934;1258.10778747915;Evaluated;22.0922;0.629;64;True;3;duplicate_for_same_parent_sequence
27;1;27;3;diversification;7;05a5bdfc09ce;swap;34;45;;;;;;;;;;;;True;False;False;False;;ok;16756.77732971902;15399.460881751971;15399.460881751971;15399.460881751971;176;15399.460881751971;2437.1982;1357.3164479670504;Evaluated;13.0743;0.6271;64;True;1;
27;1;27;4;diversification;7;05a5bdfc09ce;move;;;49;25;;;;;;;;;;True;False;False;True;;ok;15399.460881751971;15399.460881751971;15399.460881751971;15399.460881751971;177;15399.460881751971;2454.2452;0.0;Evaluated;16.4171;0.6289;64;True;2;duplicate_for_same_parent_sequence
27;1;27;5;diversification;7;05a5bdfc09ce;move;;;45;38;;;;;;;;;;True;False;False;False;;ok;15601.702569203786;15399.460881751971;15399.460881751971;15399.460881751971;178;15399.460881751971;2471.8356;202.24168745181487;Evaluated;16.9605;0.6269;64;True;2;duplicate_for_same_parent_sequence
27;1;27;6;diversification;7;05a5bdfc09ce;move;;;28;15;;;;;;;;;;False;True;False;;;ok;;15399.460881751971;15399.460881751971;15399.460881751971;178;15399.460881751971;2492.7302;;DuplicateForSameParentSequenceAfterRetries;20.8919;;;;3;duplicate_for_same_parent_sequence
27;1;27;7;diversification;7;05a5bdfc09ce;swap;15;20;;;;;;;;;;;;True;False;False;False;;ok;16795.033299545423;15399.460881751971;15399.460881751971;15399.460881751971;179;15399.460881751971;2510.0206;1395.5724177934517;Evaluated;16.6628;0.6265;64;True;2;duplicate_for_same_parent_sequence
27;1;27;8;diversification;7;05a5bdfc09ce;move;;;30;20;;;;;;;;;;True;False;False;True;;ok;16629.78936211453;15399.460881751971;15399.460881751971;15399.460881751971;180;15399.460881751971;2528.7277;1230.3284803625593;Evaluated;18.0781;0.6279;64;True;2;duplicate_for_same_parent_sequence
27;1;27;9;diversification;7;05a5bdfc09ce;move;;;24;35;;;;;;;;;;True;False;False;True;;ok;15578.00559111308;15399.460881751971;15399.460881751971;15399.460881751971;181;15399.460881751971;2542.4089;178.5447093611092;Evaluated;13.0518;0.6267;64;True;1;
27;1;27;10;diversification;7;05a5bdfc09ce;move;;;50;12;;;;;;;;;;True;False;False;True;;ok;17186.2280265545;15399.460881751971;15399.460881751971;15399.460881751971;182;15399.460881751971;2556.4121;1786.7671448025303;Evaluated;13.3774;0.6231;64;True;1;
27;1;27;;diversification;8;;;;;;;;;;;;;;;;;;;;;End-of-iteration summary row;;;15399.460881751971;15399.460881751971;182;15399.460881751971;2556.4128;;IterationSummary;;;;;;
28;1;28;1;diversification;8;05a5bdfc09ce;move;;;8;3;;;;;;;;;;True;False;False;False;;ok;17655.39830859316;15399.460881751971;15399.460881751971;15399.460881751971;183;15399.460881751971;2576.0294;2255.9374268411902;Evaluated;18.9854;0.6257;64;True;2;duplicate_for_same_parent_sequence
28;1;28;2;diversification;8;05a5bdfc09ce;reinsert_block;;;;;;;20;24;15;;;;;True;False;False;False;;ok;18028.543844318243;15399.460881751971;15399.460881751971;15399.460881751971;184;15399.460881751971;2590.5838;2629.082962566272;Evaluated;13.9263;0.6247;64;True;1;
28;1;28;3;diversification;8;05a5bdfc09ce;swap;36;42;;;;;;;;;;;;True;False;False;False;;ok;16246.772555908916;15399.460881751971;15399.460881751971;15399.460881751971;185;15399.460881751971;2608.2139;847.3116741569447;Evaluated;17.0014;0.6279;64;True;2;duplicate_for_same_parent_sequence
28;1;28;4;diversification;8;05a5bdfc09ce;move;;;50;18;;;;;;;;;;True;False;False;True;;ok;16539.93002852081;15399.460881751971;15399.460881751971;15399.460881751971;186;15399.460881751971;2621.948;1140.4691467688372;Evaluated;13.1043;0.6271;64;True;1;
28;1;28;5;diversification;8;05a5bdfc09ce;move;;;30;5;;;;;;;;;;True;False;False;True;;ok;15591.935650424502;15399.460881751971;15399.460881751971;15399.460881751971;187;15399.460881751971;2635.8315;192.47476867253135;Evaluated;13.2527;0.6276;64;True;1;
28;1;28;6;diversification;8;05a5bdfc09ce;move;;;40;55;;;;;;;;;;True;False;False;True;;ok;15343.893171581514;15399.460881751971;15399.460881751971;15399.460881751971;188;15399.460881751971;2649.5439;-55.56771017045685;Evaluated;13.0819;0.6278;64;True;1;
28;1;28;7;diversification;8;05a5bdfc09ce;move;;;30;40;;;;;;;;;;False;True;False;;;ok;;15399.460881751971;15399.460881751971;15399.460881751971;188;15399.460881751971;2670.3288;;DuplicateForSameParentSequenceAfterRetries;20.7821;;;;3;duplicate_for_same_parent_sequence
28;1;28;8;diversification;8;05a5bdfc09ce;move;;;30;25;;;;;;;;;;True;False;False;False;;ok;15412.77569648107;15399.460881751971;15399.460881751971;15399.460881751971;189;15399.460881751971;2684.2996;13.314814729099453;Evaluated;13.3403;0.6292;64;True;1;
28;1;28;9;diversification;8;05a5bdfc09ce;swap;25;30;;;;;;;;;;;;True;False;False;False;;ok;16232.776988228177;15399.460881751971;15399.460881751971;15399.460881751971;190;15399.460881751971;2705.6732;833.3161064762062;Evaluated;20.7436;0.627;64;True;3;duplicate_for_same_parent_sequence
28;1;28;10;diversification;8;05a5bdfc09ce;move;;;50;42;;;;;;;;;;True;False;False;False;;ok;15604.44574408523;15399.460881751971;15399.460881751971;15399.460881751971;191;15399.460881751971;2719.4131;204.9848623332582;Evaluated;13.1092;0.6278;64;True;1;
28;1;28;;diversification;0;;;;;;;;;;;;;;;;;;;;;End-of-iteration summary row;;;15343.893171581514;15343.893171581514;191;15343.893171581514;2719.4322;;IterationSummary;;;;;;
29;1;29;1;normal;0;278e6001b9ff;move;;;8;3;;;;;;;;;;True;False;False;False;;ok;17661.06455680186;15343.893171581514;15343.893171581514;15343.893171581514;192;15343.893171581514;2735.115;2317.1713852203447;Evaluated;15.052;0.625;64;True;1;
29;1;29;2;normal;0;278e6001b9ff;swap;18;25;;;;;;;;;;;;True;False;False;False;;ok;15343.893171581514;15343.893171581514;15343.893171581514;15343.893171581514;193;15343.893171581514;2748.6146;0.0;Evaluated;12.8686;0.6282;64;True;1;
29;1;29;3;normal;0;278e6001b9ff;reinsert_block;;;;;;;35;40;28;;;;;True;False;False;False;;ok;16717.7785685546;15343.893171581514;15343.893171581514;15343.893171581514;194;15343.893171581514;2762.8859;1373.8853969730862;Evaluated;13.6408;0.6273;64;True;1;
29;1;29;4;normal;0;278e6001b9ff;move;;;50;25;;;;;;;;;;True;False;False;True;;ok;16631.195485594457;15343.893171581514;15343.893171581514;15343.893171581514;195;15343.893171581514;2776.3541;1287.3023140129426;Evaluated;12.8385;0.627;64;True;1;
29;1;29;5;normal;0;278e6001b9ff;move;;;50;38;;;;;;;;;;True;False;False;True;;ok;15598.990364460687;15343.893171581514;15343.893171581514;15343.893171581514;196;15343.893171581514;2789.7237;255.09719287917324;Evaluated;12.7397;0.6271;64;True;1;
29;1;29;;normal;1;;;;;;;;;;;;;;;;;;;;;End-of-iteration summary row;;;15343.893171581514;15343.893171581514;196;15343.893171581514;2789.7271;;IterationSummary;;;;;;
30;1;30;1;normal;1;278e6001b9ff;move;;;7;2;;;;;;;;;;True;False;False;False;;ok;15627.488940899952;15343.893171581514;15343.893171581514;15343.893171581514;197;15343.893171581514;2805.1125;283.5957693184373;Evaluated;14.7462;0.6268;64;True;1;
30;1;30;2;normal;1;278e6001b9ff;swap;18;20;;;;;;;;;;;;True;False;False;False;;ok;16618.85964046915;15343.893171581514;15343.893171581514;15343.893171581514;198;15343.893171581514;2818.879;1274.9664688876346;Evaluated;13.138;0.6258;64;True;1;
30;1;30;3;normal;1;278e6001b9ff;move;;;15;2;;;;;;;;;;True;False;False;True;;ok;15903.277281800505;15343.893171581514;15343.893171581514;15343.893171581514;199;15343.893171581514;2836.8903;559.3841102189908;Evaluated;17.3837;0.6268;64;True;2;duplicate_for_same_parent_sequence
30;1;30;4;normal;1;278e6001b9ff;move;;;50;42;;;;;;;;;;True;False;False;False;;ok;15795.799516156952;15343.893171581514;15343.893171581514;15343.893171581514;200;15343.893171581514;2850.7142;451.9063445754382;Evaluated;13.1923;0.6284;64;True;1;
30;1;30;5;normal;1;278e6001b9ff;move;;;50;10;;;;;;;;;;True;False;False;True;;ok;18175.698327820897;15343.893171581514;15343.893171581514;15343.893171581514;201;15343.893171581514;2864.0552;2831.805156239383;Evaluated;12.7104;0.6274;64;True;1;
30;1;30;;normal;2;;;;;;;;;;;;;;;;;;;;;End-of-iteration summary row;;;15343.893171581514;15343.893171581514;201;15343.893171581514;2864.0586;;IterationSummary;;;;;;
31;1;31;1;normal;2;278e6001b9ff;move;;;10;5;;;;;;;;;;True;False;False;False;;ok;17054.606518326036;15343.893171581514;15343.893171581514;15343.893171581514;202;15343.893171581514;2879.4127;1710.713346744522;Evaluated;14.7117;0.6272;64;True;1;
31;1;31;2;normal;2;278e6001b9ff;swap;16;20;;;;;;;;;;;;True;False;False;False;;ok;17038.580997996763;15343.893171581514;15343.893171581514;15343.893171581514;203;15343.893171581514;2896.8094;1694.6878264152492;Evaluated;16.7669;0.6271;64;True;2;duplicate_for_same_parent_sequence
31;1;31;3;normal;2;278e6001b9ff;move;;;17;3;;;;;;;;;;True;False;False;True;;ok;17661.06015275303;15343.893171581514;15343.893171581514;15343.893171581514;204;15343.893171581514;2914.5682;2317.1669811715165;Evaluated;17.1308;0.6244;64;True;2;duplicate_for_same_parent_sequence
31;1;31;4;normal;2;278e6001b9ff;move;;;49;10;;;;;;;;;;True;False;False;True;;ok;16351.934093991227;15343.893171581514;15343.893171581514;15343.893171581514;205;15343.893171581514;2932.2247;1008.040922409713;Evaluated;17.0303;0.6254;64;True;2;duplicate_for_same_parent_sequence
31;1;31;5;normal;2;278e6001b9ff;move;;;15;30;;;;;;;;;;True;False;False;True;;ok;15729.005637382721;15343.893171581514;15343.893171581514;15343.893171581514;206;15343.893171581514;2945.497;385.1124658012068;Evaluated;12.6424;0.6269;64;True;1;
31;1;31;;normal;3;;;;;;;;;;;;;;;;;;;;;End-of-iteration summary row;;;15343.893171581514;15343.893171581514;206;15343.893171581514;2945.4988;;IterationSummary;;;;;;
32;1;32;1;diversification;3;278e6001b9ff;move;;;8;2;;;;;;;;;;True;False;False;False;;ok;16035.112537625379;15343.893171581514;15343.893171581514;15343.893171581514;207;15343.893171581514;2968.977;691.2193660438643;Evaluated;22.8403;0.6297;64;True;3;duplicate_for_same_parent_sequence
32;1;32;2;diversification;3;278e6001b9ff;reinsert_block;;;;;;;18;24;35;;;;;True;False;False;True;;ok;16327.647327157963;15343.893171581514;15343.893171581514;15343.893171581514;208;15343.893171581514;2983.0995;983.7541555764492;Evaluated;13.4914;0.628;64;True;1;
32;1;32;3;diversification;3;278e6001b9ff;swap;35;42;;;;;;;;;;;;True;False;False;False;;ok;15979.877688780118;15343.893171581514;15343.893171581514;15343.893171581514;209;15343.893171581514;2996.8305;635.9845171986035;Evaluated;13.1015;0.6266;64;True;1;
32;1;32;4;diversification;3;278e6001b9ff;move;;;50;32;;;;;;;;;;True;False;False;True;;ok;16375.805169302215;15343.893171581514;15343.893171581514;15343.893171581514;210;15343.893171581514;3010.5191;1031.911997720701;Evaluated;13.0584;0.6272;64;True;1;
32;1;32;5;diversification;3;278e6001b9ff;move;;;25;10;;;;;;;;;;True;False;False;True;;ok;17579.26181015531;15343.893171581514;15343.893171581514;15343.893171581514;211;15343.893171581514;3024.585;2235.3686385737947;Evaluated;13.436;0.6269;64;True;1;
32;1;32;6;diversification;3;278e6001b9ff;move;;;25;40;;;;;;;;;;True;False;False;True;;ok;16294.243666417726;15343.893171581514;15343.893171581514;15343.893171581514;212;15343.893171581514;3038.3426;950.3504948362115;Evaluated;13.1269;0.6274;64;True;1;
32;1;32;7;diversification;3;278e6001b9ff;move;;;30;45;;;;;;;;;;True;False;False;True;;ok;16356.793231755106;15343.893171581514;15343.893171581514;15343.893171581514;213;15343.893171581514;3055.6969;1012.9000601735916;Evaluated;16.724;0.6271;64;True;2;duplicate_for_same_parent_sequence
32;1;32;8;diversification;3;278e6001b9ff;move;;;8;15;;;;;;;;;;True;False;False;False;;ok;17271.841092904942;15343.893171581514;15343.893171581514;15343.893171581514;214;15343.893171581514;3069.3537;1927.947921323428;Evaluated;13.0267;0.6273;64;True;1;
32;1;32;9;diversification;3;278e6001b9ff;move;;;25;30;;;;;;;;;;True;False;False;False;;ok;16251.045564928723;15343.893171581514;15343.893171581514;15343.893171581514;215;15343.893171581514;3083.0051;907.152393347209;Evaluated;13.0223;0.6265;64;True;1;
32;1;32;10;diversification;3;278e6001b9ff;move;;;45;20;;;;;;;;;;True;False;False;True;;ok;16568.742573518568;15343.893171581514;15343.893171581514;15343.893171581514;216;15343.893171581514;3096.7447;1224.8494019370537;Evaluated;13.1101;0.6277;64;True;1;
32;1;32;;diversification;4;;;;;;;;;;;;;;;;;;;;;End-of-iteration summary row;;;15343.893171581514;15343.893171581514;216;15343.893171581514;3096.7475;;IterationSummary;;;;;;
33;1;33;1;diversification;4;278e6001b9ff;move;;;5;20;;;;;;;;;;True;False;False;True;;ok;16808.198340221763;15343.893171581514;15343.893171581514;15343.893171581514;217;15343.893171581514;3112.5316;1464.3051686402487;Evaluated;15.1471;0.6256;64;True;1;
33;1;33;2;diversification;4;278e6001b9ff;move;;;30;15;;;;;;;;;;True;False;False;True;;ok;16682.251287906056;15343.893171581514;15343.893171581514;15343.893171581514;218;15343.893171581514;3130.9712;1338.3581163245417;Evaluated;17.808;0.629;64;True;2;duplicate_for_same_parent_sequence
33;1;33;3;diversification;4;278e6001b9ff;swap;38;40;;;;;;;;;;;;True;False;False;False;;ok;15343.893171581514;15343.893171581514;15343.893171581514;15343.893171581514;219;15343.893171581514;3148.8709;0.0;Evaluated;17.2667;0.6303;64;True;2;duplicate_for_same_parent_sequence
33;1;33;4;diversification;4;278e6001b9ff;move;;;52;30;;;;;;;;;;True;False;False;True;;ok;17599.440863218086;15343.893171581514;15343.893171581514;15343.893171581514;220;15343.893171581514;3170.6859;2255.5476916365715;Evaluated;21.1844;0.6274;64;True;3;duplicate_for_same_parent_sequence
33;1;33;5;diversification;4;278e6001b9ff;move;;;35;20;;;;;;;;;;True;False;False;True;;ok;16703.554070554223;15343.893171581514;15343.893171581514;15343.893171581514;221;15343.893171581514;3188.6041;1359.6608989727083;Evaluated;17.2896;0.6258;64;True;2;duplicate_for_same_parent_sequence
33;1;33;6;diversification;4;278e6001b9ff;move;;;20;35;;;;;;;;;;True;False;False;True;;ok;16616.309855682186;15343.893171581514;15343.893171581514;15343.893171581514;222;15343.893171581514;3202.3792;1272.4166841006718;Evaluated;13.1448;0.6277;64;True;1;
33;1;33;7;diversification;4;278e6001b9ff;move;;;10;40;;;;;;;;;;True;False;False;True;;ok;16742.866566736877;15343.893171581514;15343.893171581514;15343.893171581514;223;15343.893171581514;3219.7289;1398.9733951553626;Evaluated;16.7186;0.6278;64;True;2;duplicate_for_same_parent_sequence
33;1;33;8;diversification;4;278e6001b9ff;move;;;10;25;;;;;;;;;;True;False;False;True;;ok;17122.634873950963;15343.893171581514;15343.893171581514;15343.893171581514;224;15343.893171581514;3237.3089;1778.7417023694488;Evaluated;16.9514;0.6261;64;True;2;duplicate_for_same_parent_sequence
33;1;33;9;diversification;4;278e6001b9ff;swap;31;36;;;;;;;;;;;;True;False;False;False;;ok;16356.952270432117;15343.893171581514;15343.893171581514;15343.893171581514;225;15343.893171581514;3254.8787;1013.0590988506028;Evaluated;16.9392;0.6279;64;True;2;duplicate_for_same_parent_sequence
33;1;33;10;diversification;4;278e6001b9ff;move;;;48;25;;;;;;;;;;True;False;False;True;;ok;15336.057723831027;15343.893171581514;15343.893171581514;15343.893171581514;226;15343.893171581514;3272.8076;-7.835447750487219;Evaluated;17.2984;0.6279;64;True;2;duplicate_for_same_parent_sequence
33;1;33;;diversification;0;;;;;;;;;;;;;;;;;;;;;End-of-iteration summary row;;;15336.057723831027;15336.057723831027;226;15336.057723831027;3272.8225;;IterationSummary;;;;;;
34;1;34;1;normal;0;94b350d10222;move;;;5;20;;;;;;;;;;True;False;False;True;;ok;16992.669348756637;15336.057723831027;15336.057723831027;15336.057723831027;227;15336.057723831027;3288.7557;1656.6116249256102;Evaluated;15.2986;0.6289;64;True;1;
34;1;34;2;normal;0;94b350d10222;swap;20;25;;;;;;;;;;;;True;False;False;False;;ok;16305.324734204545;15336.057723831027;15336.057723831027;15336.057723831027;228;15336.057723831027;3302.2283;969.2670103735181;Evaluated;12.8448;0.6247;64;True;1;
34;1;34;3;normal;0;94b350d10222;reinsert_block;;;;;;;35;40;25;;;;;True;False;False;True;;ok;15899.24963101736;15336.057723831027;15336.057723831027;15336.057723831027;229;15336.057723831027;3316.1187;563.1919071863322;Evaluated;13.26;0.6271;64;True;1;
34;1;34;4;normal;0;94b350d10222;move;;;52;30;;;;;;;;;;True;False;False;True;;ok;17569.513415947742;15336.057723831027;15336.057723831027;15336.057723831027;230;15336.057723831027;3329.5868;2233.455692116715;Evaluated;12.8407;0.6246;64;True;1;
34;1;34;5;normal;0;94b350d10222;move;;;20;45;;;;;;;;;;True;False;False;True;;ok;16598.145074550695;15336.057723831027;15336.057723831027;15336.057723831027;231;15336.057723831027;3342.8943;1262.0873507196684;Evaluated;12.6791;0.6273;64;True;1;
34;1;34;;normal;1;;;;;;;;;;;;;;;;;;;;;End-of-iteration summary row;;;15336.057723831027;15336.057723831027;231;15336.057723831027;3342.898;;IterationSummary;;;;;;
35;1;35;1;normal;1;94b350d10222;move;;;10;25;;;;;;;;;;True;False;False;True;;ok;17099.309291355603;15336.057723831027;15336.057723831027;15336.057723831027;232;15336.057723831027;3358.3936;1763.2515675245759;Evaluated;14.8629;0.625;64;True;1;
35;1;35;2;normal;1;94b350d10222;swap;18;31;;;;;;;;;;;;True;False;False;True;;ok;16709.134439834583;15336.057723831027;15336.057723831027;15336.057723831027;233;15336.057723831027;3376.051;1373.0767160035557;Evaluated;17.0279;0.6266;64;True;2;duplicate_for_same_parent_sequence
35;1;35;3;normal;1;94b350d10222;move;;;40;25;;;;;;;;;;True;False;False;True;;ok;15745.749241528047;15336.057723831027;15336.057723831027;15336.057723831027;234;15336.057723831027;3393.8574;409.69151769701966;Evaluated;17.1791;0.6266;64;True;2;duplicate_for_same_parent_sequence
35;1;35;4;normal;1;94b350d10222;move;;;50;25;;;;;;;;;;True;False;False;True;;ok;16269.274139472816;15336.057723831027;15336.057723831027;15336.057723831027;235;15336.057723831027;3407.3556;933.2164156417894;Evaluated;12.8649;0.6302;64;True;1;
35;1;35;5;normal;1;94b350d10222;move;;;50;30;;;;;;;;;;True;False;False;True;;ok;15949.365707904031;15336.057723831027;15336.057723831027;15336.057723831027;236;15336.057723831027;3420.6651;613.3079840730043;Evaluated;12.6808;0.626;64;True;1;
35;1;35;;normal;2;;;;;;;;;;;;;;;;;;;;;End-of-iteration summary row;;;15336.057723831027;15336.057723831027;236;15336.057723831027;3420.6683;;IterationSummary;;;;;;
36;1;36;1;normal;2;94b350d10222;move;;;7;3;;;;;;;;;;True;False;False;False;;ok;17647.238047093422;15336.057723831027;15336.057723831027;15336.057723831027;237;15336.057723831027;3440.0853;2311.180323262395;Evaluated;18.7809;0.6265;64;True;2;duplicate_for_same_parent_sequence
36;1;36;2;normal;2;94b350d10222;move;;;35;16;;;;;;;;;;True;False;False;True;;ok;16682.614044624886;15336.057723831027;15336.057723831027;15336.057723831027;238;15336.057723831027;3458.0386;1346.5563207938594;Evaluated;17.3262;0.6239;64;True;2;duplicate_for_same_parent_sequence
36;1;36;3;normal;2;94b350d10222;move;;;45;18;;;;;;;;;;True;False;False;True;;ok;16231.41446646774;15336.057723831027;15336.057723831027;15336.057723831027;239;15336.057723831027;3476.2259;895.3567426367135;Evaluated;17.5559;0.6278;64;True;2;duplicate_for_same_parent_sequence
36;1;36;4;normal;2;94b350d10222;swap;48;50;;;;;;;;;;;;True;False;False;False;;ok;15536.64880957779;15336.057723831027;15336.057723831027;15336.057723831027;240;15336.057723831027;3493.5629;200.59108574676247;Evaluated;16.7081;0.6259;64;True;2;duplicate_for_same_parent_sequence
36;1;36;5;normal;2;94b350d10222;swap;10;20;;;;;;;;;;;;True;False;False;False;;ok;15336.057723831027;15336.057723831027;15336.057723831027;15336.057723831027;241;15336.057723831027;3510.7465;0.0;Evaluated;16.5556;0.6273;64;True;2;duplicate_for_same_parent_sequence
36;1;36;;normal;3;;;;;;;;;;;;;;;;;;;;;End-of-iteration summary row;;;15336.057723831027;15336.057723831027;241;15336.057723831027;3510.7497;;IterationSummary;;;;;;
37;1;37;1;diversification;3;94b350d10222;move;;;1;3;;;;;;;;;;True;False;False;False;;ok;17457.027026948588;15336.057723831027;15336.057723831027;15336.057723831027;242;15336.057723831027;3530.5999;2120.969303117561;Evaluated;19.2087;0.6261;64;True;2;duplicate_for_same_parent_sequence
37;1;37;2;diversification;3;94b350d10222;reinsert_block;;;;;;;20;25;16;;;;;True;False;False;False;;ok;18652.29093913773;15336.057723831027;15336.057723831027;15336.057723831027;243;15336.057723831027;3544.7542;3316.233215306702;Evaluated;13.5258;0.6254;64;True;1;
37;1;37;3;diversification;3;94b350d10222;swap;35;42;;;;;;;;;;;;True;False;False;False;;ok;15400.769247290415;15336.057723831027;15336.057723831027;15336.057723831027;244;15336.057723831027;3558.4214;64.71152345938754;Evaluated;13.0386;0.6269;64;True;1;
37;1;37;4;diversification;3;94b350d10222;move;;;49;30;;;;;;;;;;True;False;False;True;;ok;16700.999367164273;15336.057723831027;15336.057723831027;15336.057723831027;245;15336.057723831027;3576.3375;1364.9416433332462;Evaluated;17.2839;0.6286;64;True;2;duplicate_for_same_parent_sequence
37;1;37;5;diversification;3;94b350d10222;move;;;40;15;;;;;;;;;;True;False;False;True;;ok;15456.90140896177;15336.057723831027;15336.057723831027;15336.057723831027;246;15336.057723831027;3590.0487;120.84368513074332;Evaluated;13.0807;0.6274;64;True;1;
37;1;37;6;diversification;3;94b350d10222;move;;;30;45;;;;;;;;;;True;False;False;True;;ok;15960.419415093244;15336.057723831027;15336.057723831027;15336.057723831027;247;15336.057723831027;3603.8973;624.3616912622165;Evaluated;13.0254;0.8201;64;True;1;
37;1;37;7;diversification;3;94b350d10222;move;;;25;10;;;;;;;;;;True;False;False;True;;ok;16352.88966876864;15336.057723831027;15336.057723831027;15336.057723831027;248;15336.057723831027;3617.3228;1016.8319449376122;Evaluated;12.796;0.6265;64;True;1;
37;1;37;8;diversification;3;94b350d10222;move;;;15;30;;;;;;;;;;True;False;False;True;;ok;15440.317859064813;15336.057723831027;15336.057723831027;15336.057723831027;249;15336.057723831027;3631.0087;104.26013523378606;Evaluated;13.0551;0.628;64;True;1;
37;1;37;9;diversification;3;94b350d10222;move;;;30;15;;;;;;;;;;True;False;False;True;;ok;17853.504080121635;15336.057723831027;15336.057723831027;15336.057723831027;250;15336.057723831027;3648.5937;2517.4463562906076;Evaluated;16.9547;0.6271;64;True;2;duplicate_for_same_parent_sequence
37;1;37;10;diversification;3;94b350d10222;move;;;49;20;;;;;;;;;;True;False;False;True;;ok;16632.13249125257;15336.057723831027;15336.057723831027;15336.057723831027;251;15336.057723831027;3666.1622;1296.0747674215436;Evaluated;16.9373;0.6278;64;True;2;duplicate_for_same_parent_sequence
37;1;37;;diversification;4;;;;;;;;;;;;;;;;;;;;;End-of-iteration summary row;;;15336.057723831027;15336.057723831027;251;15336.057723831027;3666.165;;IterationSummary;;;;;;
38;1;38;1;diversification;4;94b350d10222;move;;;10;5;;;;;;;;;;True;False;False;False;;ok;17038.578880429708;15336.057723831027;15336.057723831027;15336.057723831027;252;15336.057723831027;3681.9182;1702.521156598681;Evaluated;15.1121;0.6254;64;True;1;
38;1;38;2;diversification;4;94b350d10222;move;;;35;20;;;;;;;;;;True;False;False;True;;ok;16692.22988860732;15336.057723831027;15336.057723831027;15336.057723831027;253;15336.057723831027;3699.9153;1356.1721647762915;Evaluated;17.3701;0.6261;64;True;2;duplicate_for_same_parent_sequence
38;1;38;3;diversification;4;94b350d10222;swap;40;35;;;;;;;;;;;;True;False;False;False;;ok;16047.40223209528;15336.057723831027;15336.057723831027;15336.057723831027;254;15336.057723831027;3713.5306;711.3445082642538;Evaluated;12.9865;0.6275;64;True;1;
38;1;38;4;diversification;4;94b350d10222;move;;;50;48;;;;;;;;;;True;False;False;False;;ok;15536.64880957779;15336.057723831027;15336.057723831027;15336.057723831027;255;15336.057723831027;3727.1745;200.59108574676247;Evaluated;13.0157;0.627;64;True;1;
38;1;38;5;diversification;4;94b350d10222;move;;;35;10;;;;;;;;;;True;False;False;True;;ok;17577.44311794499;15336.057723831027;15336.057723831027;15336.057723831027;256;15336.057723831027;3744.7624;2241.3853941139623;Evaluated;16.9596;0.6267;64;True;2;duplicate_for_same_parent_sequence
38;1;38;6;diversification;4;94b350d10222;move;;;28;35;;;;;;;;;;True;False;False;False;;ok;16213.636558770533;15336.057723831027;15336.057723831027;15336.057723831027;257;15336.057723831027;3762.4321;877.5788349395061;Evaluated;17.0383;0.628;64;True;2;duplicate_for_same_parent_sequence
38;1;38;7;diversification;4;94b350d10222;move;;;35;45;;;;;;;;;;True;False;False;True;;ok;15952.046588948911;15336.057723831027;15336.057723831027;15336.057723831027;258;15336.057723831027;3779.7475;615.9888651178844;Evaluated;16.6835;0.6286;64;True;2;duplicate_for_same_parent_sequence
38;1;38;8;diversification;4;94b350d10222;move;;;8;20;;;;;;;;;;True;False;False;True;;ok;16173.989357082586;15336.057723831027;15336.057723831027;15336.057723831027;259;15336.057723831027;3793.2857;837.9316332515591;Evaluated;12.9106;0.6269;64;True;1;
38;1;38;9;diversification;4;94b350d10222;move;;;25;30;;;;;;;;;;True;False;False;False;;ok;16172.03237778971;15336.057723831027;15336.057723831027;15336.057723831027;260;15336.057723831027;3806.9302;835.9746539586831;Evaluated;13.0181;0.6234;64;True;1;
38;1;38;10;diversification;4;94b350d10222;move;;;45;30;;;;;;;;;;True;False;False;True;;ok;16715.51659658077;15336.057723831027;15336.057723831027;15336.057723831027;261;15336.057723831027;3824.801;1379.4588727497412;Evaluated;17.2414;0.6286;64;True;2;duplicate_for_same_parent_sequence
38;1;38;;diversification;5;;;;;;;;;;;;;;;;;;;;;End-of-iteration summary row;;;15336.057723831027;15336.057723831027;261;15336.057723831027;3824.804;;IterationSummary;;;;;;
39;1;39;1;diversification;5;94b350d10222;move;;;20;3;;;;;;;;;;True;False;False;True;;ok;17256.644559203254;15336.057723831027;15336.057723831027;15336.057723831027;262;15336.057723831027;3840.5702;1920.5868353722271;Evaluated;15.1201;0.6311;64;True;1;
39;1;39;2;diversification;5;94b350d10222;reinsert_block;;;;;;;17;24;35;;;;;True;False;False;True;;ok;16554.026266153392;15336.057723831027;15336.057723831027;15336.057723831027;263;15336.057723831027;3854.6773;1217.9685423223655;Evaluated;13.4774;0.6267;64;True;1;
39;1;39;3;diversification;5;94b350d10222;swap;38;42;;;;;;;;;;;;True;False;False;False;;ok;15998.929867929886;15336.057723831027;15336.057723831027;15336.057723831027;264;15336.057723831027;3872.5352;662.8721440988593;Evaluated;17.2262;0.6296;64;True;2;duplicate_for_same_parent_sequence
39;1;39;4;diversification;5;94b350d10222;move;;;50;36;;;;;;;;;;True;False;False;True;;ok;15797.315362513342;15336.057723831027;15336.057723831027;15336.057723831027;265;15336.057723831027;3885.9888;461.2576386823148;Evaluated;12.8231;0.6279;64;True;1;
39;1;39;5;diversification;5;94b350d10222;move;;;28;40;;;;;;;;;;True;False;False;True;;ok;16787.13190774203;15336.057723831027;15336.057723831027;15336.057723831027;266;15336.057723831027;3899.4544;1451.0741839110033;Evaluated;12.8364;0.6266;64;True;1;
39;1;39;6;diversification;5;94b350d10222;swap;18;45;;;;;;;;;;;;True;False;False;True;;ok;16486.035410701767;15336.057723831027;15336.057723831027;15336.057723831027;267;15336.057723831027;3917.3725;1149.9776868707395;Evaluated;17.2875;0.6272;64;True;2;duplicate_for_same_parent_sequence
39;1;39;7;diversification;5;94b350d10222;move;;;28;40;;;;;;;;;;False;True;False;;;ok;;15336.057723831027;15336.057723831027;15336.057723831027;267;15336.057723831027;3937.8692;;DuplicateForSameParentSequenceAfterRetries;20.4941;;;;3;duplicate_for_same_parent_sequence
39;1;39;8;diversification;5;94b350d10222;move;;;20;15;;;;;;;;;;True;False;False;False;;ok;16573.034356360833;15336.057723831027;15336.057723831027;15336.057723831027;268;15336.057723831027;3951.53;1236.976632529806;Evaluated;13.0345;0.6252;64;True;1;
39;1;39;9;diversification;5;94b350d10222;move;;;28;40;;;;;;;;;;False;True;False;;;ok;;15336.057723831027;15336.057723831027;15336.057723831027;268;15336.057723831027;3972.5734;;DuplicateForSameParentSequenceAfterRetries;21.0411;;;;3;duplicate_for_same_parent_sequence
39;1;39;10;diversification;5;94b350d10222;swap;52;60;;;;;;;;;;;;True;False;False;False;;ok;16016.44960509956;15336.057723831027;15336.057723831027;15336.057723831027;269;15336.057723831027;3989.9842;680.3918812685333;Evaluated;16.7825;0.6273;64;True;2;duplicate_for_same_parent_sequence
39;1;39;;diversification;6;;;;;;;;;;;;;;;;;;;;;End-of-iteration summary row;;;15336.057723831027;15336.057723831027;269;15336.057723831027;3989.9876;;IterationSummary;;;;;;
40;1;40;1;diversification;6;94b350d10222;move;;;7;2;;;;;;;;;;True;False;False;False;;ok;15619.457910967178;15336.057723831027;15336.057723831027;15336.057723831027;270;15336.057723831027;4009.7982;283.40018713615063;Evaluated;19.1726;0.6256;64;True;2;duplicate_for_same_parent_sequence
40;1;40;2;diversification;6;94b350d10222;reinsert_block;;;;;;;25;31;40;;;;;True;False;False;True;;ok;16631.272396385644;15336.057723831027;15336.057723831027;15336.057723831027;271;15336.057723831027;4023.8882;1295.2146725546172;Evaluated;13.4618;0.6256;64;True;1;
40;1;40;3;diversification;6;94b350d10222;swap;38;47;;;;;;;;;;;;True;False;False;False;;ok;15801.324170446534;15336.057723831027;15336.057723831027;15336.057723831027;272;15336.057723831027;4041.432;465.26644661550745;Evaluated;16.917;0.6241;64;True;2;duplicate_for_same_parent_sequence
40;1;40;4;diversification;6;94b350d10222;move;;;52;36;;;;;;;;;;True;False;False;True;;ok;16693.431615304085;15336.057723831027;15336.057723831027;15336.057723831027;273;15336.057723831027;4059.0115;1357.3738914730584;Evaluated;16.95;0.6287;64;True;2;duplicate_for_same_parent_sequence
40;1;40;5;diversification;6;94b350d10222;move;;;30;12;;;;;;;;;;True;False;False;True;;ok;16679.32865165719;15336.057723831027;15336.057723831027;15336.057723831027;274;15336.057723831027;4073.0208;1343.2709278261627;Evaluated;13.3817;0.6249;64;True;1;
40;1;40;6;diversification;6;94b350d10222;move;;;45;32;;;;;;;;;;True;False;False;True;;ok;16344.404218090405;15336.057723831027;15336.057723831027;15336.057723831027;275;15336.057723831027;4086.6959;1008.3464942593782;Evaluated;13.0447;0.6271;64;True;1;
40;1;40;7;diversification;6;94b350d10222;move;;;28;15;;;;;;;;;;True;False;False;True;;ok;16658.340002688696;15336.057723831027;15336.057723831027;15336.057723831027;276;15336.057723831027;4100.1712;1322.2822788576686;Evaluated;12.8438;0.6288;64;True;1;
40;1;40;8;diversification;6;94b350d10222;move;;;8;15;;;;;;;;;;True;False;False;False;;ok;17262.955072291326;15336.057723831027;15336.057723831027;15336.057723831027;277;15336.057723831027;4113.757;1926.8973484602993;Evaluated;12.954;0.6279;64;True;1;
40;1;40;9;diversification;6;94b350d10222;move;;;17;24;;;;;;;;;;True;False;False;False;;ok;16177.485029548168;15336.057723831027;15336.057723831027;15336.057723831027;278;15336.057723831027;4131.345;841.4273057171413;Evaluated;16.9596;0.6253;64;True;2;duplicate_for_same_parent_sequence
40;1;40;10;diversification;6;94b350d10222;swap;40;52;;;;;;;;;;;;True;False;False;True;;ok;16680.48708127579;15336.057723831027;15336.057723831027;15336.057723831027;279;15336.057723831027;4145.0562;1344.4293574447638;Evaluated;13.0839;0.6266;64;True;1;
40;1;40;;diversification;7;;;;;;;;;;;;;;;;;;;;;End-of-iteration summary row;;;15336.057723831027;15336.057723831027;279;15336.057723831027;4145.0593;;IterationSummary;;;;;;
41;1;41;1;diversification;7;94b350d10222;move;;;30;8;;;;;;;;;;True;False;False;True;;ok;16176.253573344997;15336.057723831027;15336.057723831027;15336.057723831027;280;15336.057723831027;4164.9832;840.1958495139697;Evaluated;19.2902;0.6244;64;True;2;duplicate_for_same_parent_sequence
41;1;41;2;diversification;7;94b350d10222;reinsert_block;;;;;;;18;24;35;;;;;True;False;False;True;;ok;16874.744342419304;15336.057723831027;15336.057723831027;15336.057723831027;281;15336.057723831027;4178.8412;1538.6866185882773;Evaluated;13.229;0.6261;64;True;1;
41;1;41;3;diversification;7;94b350d10222;swap;35;42;;;;;;;;;;;;False;True;True;;;ok;;15336.057723831027;15336.057723831027;15336.057723831027;281;15336.057723831027;4199.7506;;DuplicateForSameParentSequenceAfterRetries;20.9064;;;;3;duplicate_for_same_parent_sequence
41;1;41;4;diversification;7;94b350d10222;move;;;58;49;;;;;;;;;;True;False;False;False;;ok;15349.808036488681;15336.057723831027;15336.057723831027;15336.057723831027;282;15336.057723831027;4221.1945;13.750312657653922;Evaluated;20.8133;0.6296;64;True;3;duplicate_for_same_parent_sequence
41;1;41;5;diversification;7;94b350d10222;move;;;49;25;;;;;;;;;;True;False;False;True;;ok;16165.65752633966;15336.057723831027;15336.057723831027;15336.057723831027;283;15336.057723831027;4234.917;829.5998025086337;Evaluated;13.0919;0.6279;64;True;1;
41;1;41;6;diversification;7;94b350d10222;swap;18;25;;;;;;;;;;;;True;False;False;False;;ok;16865.812067449566;15336.057723831027;15336.057723831027;15336.057723831027;284;15336.057723831027;4253.0467;1529.7543436185388;Evaluated;17.5005;0.6261;64;True;2;duplicate_for_same_parent_sequence
41;1;41;7;diversification;7;94b350d10222;move;;;34;18;;;;;;;;;;True;False;False;True;;ok;16253.256598430535;15336.057723831027;15336.057723831027;15336.057723831027;285;15336.057723831027;4270.0555;917.1988745995077;Evaluated;16.3767;0.6287;64;True;2;duplicate_for_same_parent_sequence
41;1;41;8;diversification;7;94b350d10222;move;;;35;18;;;;;;;;;;True;False;False;True;;ok;16693.34518022454;15336.057723831027;15336.057723831027;15336.057723831027;286;15336.057723831027;4287.9287;1357.287456393513;Evaluated;17.2435;0.6262;64;True;2;duplicate_for_same_parent_sequence
41;1;41;9;diversification;7;94b350d10222;move;;;25;18;;;;;;;;;;True;False;False;False;;ok;16222.346116411945;15336.057723831027;15336.057723831027;15336.057723831027;287;15336.057723831027;4309.3194;886.2883925809183;Evaluated;20.7593;0.6282;64;True;3;duplicate_for_same_parent_sequence
41;1;41;10;diversification;7;94b350d10222;swap;42;49;;;;;;;;;;;;True;False;False;False;;ok;15908.466133920807;15336.057723831027;15336.057723831027;15336.057723831027;288;15336.057723831027;4326.9166;572.4084100897799;Evaluated;16.968;0.626;64;True;2;duplicate_for_same_parent_sequence
41;1;41;;diversification;8;;;;;;;;;;;;;;;;;;;;;End-of-iteration summary row;;;15336.057723831027;15336.057723831027;288;15336.057723831027;4326.9175;;IterationSummary;;;;;;
42;1;42;1;diversification;8;94b350d10222;move;;;50;2;;;;;;;;;;True;False;False;True;;ok;17561.200955756307;15336.057723831027;15336.057723831027;15336.057723831027;289;15336.057723831027;4342.746;2225.14323192528;Evaluated;15.1972;0.625;64;True;1;
42;1;42;2;diversification;8;94b350d10222;reinsert_block;;;;;;;16;24;35;;;;;True;False;False;True;;ok;16566.64733027544;15336.057723831027;15336.057723831027;15336.057723831027;290;15336.057723831027;4365.1246;1230.5896064444114;Evaluated;21.7485;0.6267;64;True;3;duplicate_for_same_parent_sequence
42;1;42;3;diversification;8;94b350d10222;swap;40;50;;;;;;;;;;;;True;False;False;False;;ok;15859.226547159717;15336.057723831027;15336.057723831027;15336.057723831027;291;15336.057723831027;4378.7916;523.1688233286895;Evaluated;13.0381;0.628;64;True;1;
42;1;42;4;diversification;8;94b350d10222;move;;;48;20;;;;;;;;;;True;False;False;True;;ok;16417.768870756987;15336.057723831027;15336.057723831027;15336.057723831027;292;15336.057723831027;4396.3964;1081.7111469259598;Evaluated;16.9767;0.6254;64;True;2;duplicate_for_same_parent_sequence
42;1;42;5;diversification;8;94b350d10222;move;;;30;8;;;;;;;;;;False;True;False;;;ok;;15336.057723831027;15336.057723831027;15336.057723831027;292;15336.057723831027;4417.1828;;DuplicateForSameParentSequenceAfterRetries;20.7839;;;;3;duplicate_for_same_parent_sequence
42;1;42;6;diversification;8;94b350d10222;move;;;50;28;;;;;;;;;;True;False;False;True;;ok;16269.274139472816;15336.057723831027;15336.057723831027;15336.057723831027;293;15336.057723831027;4430.9207;933.2164156417894;Evaluated;13.1106;0.6263;64;True;1;
42;1;42;7;diversification;8;94b350d10222;move;;;18;42;;;;;;;;;;True;False;False;True;;ok;16220.394377440734;15336.057723831027;15336.057723831027;15336.057723831027;294;15336.057723831027;4448.5594;884.3366536097074;Evaluated;17.0101;0.626;64;True;2;duplicate_for_same_parent_sequence
42;1;42;8;diversification;8;94b350d10222;move;;;8;30;;;;;;;;;;True;False;False;True;;ok;16173.493720333026;15336.057723831027;15336.057723831027;15336.057723831027;295;15336.057723831027;4466.3885;837.4359965019994;Evaluated;17.1986;0.6277;64;True;2;duplicate_for_same_parent_sequence
42;1;42;9;diversification;8;94b350d10222;move;;;28;30;;;;;;;;;;True;False;False;False;;ok;16030.1501979981;15336.057723831027;15336.057723831027;15336.057723831027;296;15336.057723831027;4480.1082;694.0924741670733;Evaluated;13.088;0.6291;64;True;1;
42;1;42;10;diversification;8;94b350d10222;move;;;49;28;;;;;;;;;;True;False;False;True;;ok;16162.212891605714;15336.057723831027;15336.057723831027;15336.057723831027;297;15336.057723831027;4497.7763;826.1551677746866;Evaluated;17.0376;0.6274;64;True;2;duplicate_for_same_parent_sequence
42;1;42;;diversification;9;;;;;;;;;;;;;;;;;;;;;End-of-iteration summary row;;;15336.057723831027;15336.057723831027;297;15336.057723831027;4497.7792;;IterationSummary;;;;;;
43;1;43;1;diversification;9;94b350d10222;move;;;5;30;;;;;;;;;;True;False;False;True;;ok;16787.13297923912;15336.057723831027;15336.057723831027;15336.057723831027;298;15336.057723831027;4513.5328;1451.0752554080918;Evaluated;15.1115;0.6296;64;True;1;
43;1;43;2;diversification;9;94b350d10222;move;;;20;35;;;;;;;;;;True;False;False;True;;ok;16401.36529043646;15336.057723831027;15336.057723831027;15336.057723831027;299;15336.057723831027;4531.5042;1065.3075666054337;Evaluated;17.3402;0.6282;64;True;2;duplicate_for_same_parent_sequence
43;1;43;3;diversification;9;94b350d10222;swap;36;42;;;;;;;;;;;;True;False;False;False;;ok;15336.057723831027;15336.057723831027;15336.057723831027;15336.057723831027;300;15336.057723831027;4552.8603;0.0;Evaluated;20.7261;0.627;64;True;3;duplicate_for_same_parent_sequence
43;1;43;4;diversification;9;94b350d10222;move;;;62;3;;;;;;;;;;True;False;False;True;;ok;17299.26320881109;15336.057723831027;15336.057723831027;15336.057723831027;301;15336.057723831027;4570.3856;1963.2054849800643;Evaluated;16.8958;0.6268;64;True;2;duplicate_for_same_parent_sequence
43;1;43;5;diversification;9;94b350d10222;move;;;35;5;;;;;;;;;;True;False;False;True;;ok;17091.04393707729;15336.057723831027;15336.057723831027;15336.057723831027;302;15336.057723831027;4591.769;1754.986213246264;Evaluated;20.7563;0.6239;64;True;3;duplicate_for_same_parent_sequence
43;1;43;6;diversification;9;94b350d10222;move;;;50;48;;;;;;;;;;False;True;True;;;ok;;15336.057723831027;15336.057723831027;15336.057723831027;302;15336.057723831027;4612.5483;;DuplicateForSameParentSequenceAfterRetries;20.7785;;;;3;duplicate_for_same_parent_sequence
43;1;43;7;diversification;9;94b350d10222;move;;;45;10;;;;;;;;;;True;False;False;True;;ok;16351.105485323313;15336.057723831027;15336.057723831027;15336.057723831027;303;15336.057723831027;4625.9738;1015.0477614922856;Evaluated;12.802;0.6223;64;True;1;
43;1;43;8;diversification;9;94b350d10222;move;;;20;8;;;;;;;;;;True;False;False;True;;ok;17509.240065311365;15336.057723831027;15336.057723831027;15336.057723831027;304;15336.057723831027;4639.6038;2173.1823414803384;Evaluated;13.0026;0.6267;64;True;1;
43;1;43;9;diversification;9;94b350d10222;move;;;24;39;;;;;;;;;;True;False;False;True;;ok;15337.383406762516;15336.057723831027;15336.057723831027;15336.057723831027;305;15336.057723831027;4653.2338;1.3256829314887;Evaluated;13.0029;0.6239;64;True;1;
43;1;43;10;diversification;9;94b350d10222;swap;42;50;;;;;;;;;;;;True;False;False;False;;ok;15447.881886223118;15336.057723831027;15336.057723831027;15336.057723831027;306;15336.057723831027;4670.8523;111.82416239209124;Evaluated;16.9887;0.627;64;True;2;duplicate_for_same_parent_sequence
43;2;0;;diversification;0;;;;;;;;;;;;;;;;;;;;;End-of-iteration summary row;;;16625.423888583944;15336.057723831027;307;15336.057723831027;4671.6888;;IterationSummary;;;;;;
44;2;1;1;normal;0;0f63cf6f404e;move;;;1;5;;;;;;;;;;True;False;False;False;;ok;16118.291497732964;16625.423888583944;16625.423888583944;15336.057723831027;308;15336.057723831027;4685.3625;-507.1323908509803;Evaluated;13.0393;0.6275;64;True;1;
44;2;1;2;normal;0;0f63cf6f404e;swap;20;35;;;;;;;;;;;;True;False;False;True;;ok;16763.832113712608;16625.423888583944;16625.423888583944;15336.057723831027;309;15336.057723831027;4696.8775;138.40822512866362;Evaluated;10.8859;0.6265;64;True;1;
44;2;1;3;normal;0;0f63cf6f404e;reinsert_block;;;;;;;32;38;40;;;;;True;False;False;False;;ok;17005.431707840464;16625.423888583944;16625.423888583944;15336.057723831027;310;15336.057723831027;4708.7548;380.0078192565197;Evaluated;11.2471;0.6264;64;True;1;
44;2;1;4;normal;0;0f63cf6f404e;move;;;50;48;;;;;;;;;;True;False;False;False;;ok;16168.73353686987;16625.423888583944;16625.423888583944;15336.057723831027;311;15336.057723831027;4720.2957;-456.6903517140745;Evaluated;10.9156;0.6228;64;True;1;
44;2;1;5;normal;0;0f63cf6f404e;move;;;40;5;;;;;;;;;;True;False;False;True;;ok;16812.869307321962;16625.423888583944;16625.423888583944;15336.057723831027;312;15336.057723831027;4731.5255;187.4454187380179;Evaluated;10.6027;0.6264;64;True;1;
44;2;1;;normal;0;;;;;;;;;;;;;;;;;;;;;End-of-iteration summary row;;;16118.291497732964;15336.057723831027;312;15336.057723831027;4731.5384;;IterationSummary;;;;;;
45;2;2;1;normal;0;2970902802c6;move;;;10;5;;;;;;;;;;True;False;False;False;;ok;17664.840187398484;16118.291497732964;16118.291497732964;15336.057723831027;313;15336.057723831027;4746.8333;1546.5486896655202;Evaluated;14.6627;0.6246;64;True;1;
45;2;2;2;normal;0;2970902802c6;swap;21;30;;;;;;;;;;;;True;False;False;False;;ok;16769.883329389708;16118.291497732964;16118.291497732964;15336.057723831027;314;15336.057723831027;4759.8828;651.591831656744;Evaluated;12.4183;0.6279;64;True;1;
45;2;2;3;normal;0;2970902802c6;reinsert_block;;;;;;;35;40;20;;;;;True;False;False;True;;ok;17296.135644251444;16118.291497732964;16118.291497732964;15336.057723831027;315;15336.057723831027;4773.7697;1177.8441465184806;Evaluated;13.2567;0.6275;64;True;1;
45;2;2;4;normal;0;2970902802c6;move;;;50;48;;;;;;;;;;True;False;False;False;;ok;15664.398425857373;16118.291497732964;16118.291497732964;15336.057723831027;316;15336.057723831027;4786.8167;-453.893071875591;Evaluated;12.4175;0.6261;64;True;1;
45;2;2;5;normal;0;2970902802c6;move;;;25;10;;;;;;;;;;True;False;False;True;;ok;17742.56841307667;16118.291497732964;16118.291497732964;15336.057723831027;317;15336.057723831027;4799.6464;1624.2769153437075;Evaluated;12.2012;0.6258;64;True;1;
45;2;2;;normal;0;;;;;;;;;;;;;;;;;;;;;End-of-iteration summary row;;;15664.398425857373;15336.057723831027;317;15336.057723831027;4799.6549;;IterationSummary;;;;;;
46;2;3;1;normal;0;edda83ffdc40;move;;;5;10;;;;;;;;;;True;False;False;False;;ok;15665.448392023447;15664.398425857373;15664.398425857373;15336.057723831027;318;15336.057723831027;4815.6728;1.0499661660742277;Evaluated;15.34;0.67;64;True;1;
46;2;3;2;normal;0;edda83ffdc40;swap;17;20;;;;;;;;;;;;True;False;False;False;;ok;16831.18195085616;15664.398425857373;15664.398425857373;15336.057723831027;319;15336.057723831027;4828.9156;1166.7835249987875;Evaluated;12.6153;0.6249;64;True;1;
46;2;3;3;normal;0;edda83ffdc40;reinsert_block;;;;;;;35;40;20;;;;;True;False;False;True;;ok;16839.374446171027;15664.398425857373;15664.398425857373;15336.057723831027;320;15336.057723831027;4842.7178;1174.9760203136539;Evaluated;13.1718;0.6274;64;True;1;
46;2;3;4;normal;0;edda83ffdc40;move;;;50;48;;;;;;;;;;True;False;False;False;;ok;15668.223619713317;15664.398425857373;15664.398425857373;15336.057723831027;321;15336.057723831027;4855.9534;3.825193855944235;Evaluated;12.6112;0.6219;64;True;1;
46;2;3;5;normal;0;edda83ffdc40;move;;;45;30;;;;;;;;;;True;False;False;True;;ok;15852.066919333447;15664.398425857373;15664.398425857373;15336.057723831027;322;15336.057723831027;4869.468;187.66849347607422;Evaluated;12.8875;0.6263;64;True;1;
46;2;3;;normal;1;;;;;;;;;;;;;;;;;;;;;End-of-iteration summary row;;;15664.398425857373;15336.057723831027;322;15336.057723831027;4869.4686;;IterationSummary;;;;;;
47;2;4;1;normal;1;edda83ffdc40;move;;;2;0;;;;;;;;;;True;False;False;False;;ok;16168.47543059317;15664.398425857373;15664.398425857373;15336.057723831027;323;15336.057723831027;4884.0926;504.07700473579644;Evaluated;13.9835;0.6347;64;True;1;
47;2;4;2;normal;1;edda83ffdc40;swap;18;25;;;;;;;;;;;;True;False;False;False;;ok;17227.684820714603;15664.398425857373;15664.398425857373;15336.057723831027;324;15336.057723831027;4901.6358;1563.2863948572303;Evaluated;16.9158;0.6244;64;True;2;duplicate_for_same_parent_sequence
47;2;4;3;normal;1;edda83ffdc40;reinsert_block;;;;;;;35;40;25;;;;;True;False;False;True;;ok;16031.06527786717;15664.398425857373;15664.398425857373;15336.057723831027;325;15336.057723831027;4915.1772;366.66685200979737;Evaluated;12.8761;0.6625;64;True;1;
47;2;4;4;normal;1;edda83ffdc40;move;;;53;49;;;;;;;;;;True;False;False;False;;ok;15664.398425857373;15664.398425857373;15664.398425857373;15336.057723831027;326;15336.057723831027;4932.163;0.0;Evaluated;16.3591;0.6238;64;True;2;duplicate_for_same_parent_sequence
47;2;4;5;normal;1;edda83ffdc40;move;;;25;10;;;;;;;;;;True;False;False;True;;ok;17285.05455283738;15664.398425857373;15664.398425857373;15336.057723831027;327;15336.057723831027;4945.0152;1620.6561269800077;Evaluated;12.227;0.6244;64;True;1;
47;2;4;;normal;2;;;;;;;;;;;;;;;;;;;;;End-of-iteration summary row;;;15664.398425857373;15336.057723831027;327;15336.057723831027;4945.0178;;IterationSummary;;;;;;
48;2;5;1;normal;2;edda83ffdc40;move;;;2;5;;;;;;;;;;True;False;False;False;;ok;17712.977576342604;15664.398425857373;15664.398425857373;15336.057723831027;328;15336.057723831027;4959.7045;2048.5791504852314;Evaluated;14.0454;0.6233;64;True;1;
48;2;5;2;normal;2;edda83ffdc40;swap;30;35;;;;;;;;;;;;True;False;False;False;;ok;15281.477905664282;15664.398425857373;15664.398425857373;15336.057723831027;329;15336.057723831027;4977.1199;-382.92052019309085;Evaluated;16.787;0.6255;64;True;2;duplicate_for_same_parent_sequence
48;2;5;3;normal;2;edda83ffdc40;reinsert_block;;;;;;;35;40;28;;;;;True;False;False;False;;ok;16306.427723290073;15664.398425857373;15664.398425857373;15336.057723831027;330;15336.057723831027;4991.1776;642.0292974327003;Evaluated;13.4302;0.6241;64;True;1;
48;2;5;4;normal;2;edda83ffdc40;move;;;20;15;;;;;;;;;;True;False;False;False;;ok;16831.18195085616;15664.398425857373;15664.398425857373;15336.057723831027;331;15336.057723831027;5012.4782;1166.7835249987875;Evaluated;20.6761;0.6215;64;True;3;duplicate_for_same_parent_sequence
48;2;5;5;normal;2;edda83ffdc40;swap;4;8;;;;;;;;;;;;True;False;False;False;;ok;16900.044812036038;15664.398425857373;15664.398425857373;15336.057723831027;332;15336.057723831027;5029.2725;1235.6463861786651;Evaluated;16.1713;0.6223;64;True;2;duplicate_for_same_parent_sequence
48;2;5;;normal;0;;;;;;;;;;;;;;;;;;;;;End-of-iteration summary row;;;15281.477905664282;15281.477905664282;332;15281.477905664282;5029.2902;;IterationSummary;;;;;;
49;2;6;1;normal;0;56299be524c7;move;;;10;5;;;;;;;;;;True;False;False;False;;ok;17207.747633265775;15281.477905664282;15281.477905664282;15281.477905664282;333;15281.477905664282;5043.9991;1926.2697276014933;Evaluated;14.0783;0.6247;64;True;1;
49;2;6;2;normal;0;56299be524c7;swap;18;25;;;;;;;;;;;;True;False;False;False;;ok;16395.006339911495;15281.477905664282;15281.477905664282;15281.477905664282;334;15281.477905664282;5057.638;1113.5284342472132;Evaluated;13.0116;0.6244;64;True;1;
49;2;6;3;normal;0;56299be524c7;reinsert_block;;;;;;;35;40;28;;;;;True;False;False;False;;ok;16470.546569360253;15281.477905664282;15281.477905664282;15281.477905664282;335;15281.477905664282;5071.2948;1189.0686636959708;Evaluated;13.0297;0.6246;64;True;1;
49;2;6;4;normal;0;56299be524c7;move;;;50;48;;;;;;;;;;True;False;False;False;;ok;15959.13607573645;15281.477905664282;15281.477905664282;15281.477905664282;336;15281.477905664282;5084.5677;677.6581700721672;Evaluated;12.6461;0.6236;64;True;1;
49;2;6;5;normal;0;56299be524c7;move;;;45;20;;;;;;;;;;True;False;False;True;;ok;15920.506322897565;15281.477905664282;15281.477905664282;15281.477905664282;337;15281.477905664282;5097.6206;639.0284172332831;Evaluated;12.4284;0.6215;64;True;1;
49;2;6;;normal;1;;;;;;;;;;;;;;;;;;;;;End-of-iteration summary row;;;15281.477905664282;15281.477905664282;337;15281.477905664282;5097.6214;;IterationSummary;;;;;;
50;2;7;1;normal;1;56299be524c7;move;;;8;1;;;;;;;;;;True;False;False;False;;ok;17180.705061777575;15281.477905664282;15281.477905664282;15281.477905664282;338;15281.477905664282;5112.352;1899.227156113293;Evaluated;14.099;0.6244;64;True;1;
50;2;7;2;normal;1;56299be524c7;swap;20;31;;;;;;;;;;;;True;False;False;False;;ok;16498.622282306424;15281.477905664282;15281.477905664282;15281.477905664282;339;15281.477905664282;5125.6691;1217.1443766421417;Evaluated;12.6889;0.6253;64;True;1;
50;2;7;3;normal;1;56299be524c7;move;;;15;10;;;;;;;;;;True;False;False;False;;ok;16750.489639966436;15281.477905664282;15281.477905664282;15281.477905664282;340;15281.477905664282;5143.606;1469.0117343021539;Evaluated;17.3097;0.6243;64;True;2;duplicate_for_same_parent_sequence
50;2;7;4;normal;1;56299be524c7;move;;;53;49;;;;;;;;;;True;False;False;False;;ok;15955.576494637418;15281.477905664282;15281.477905664282;15281.477905664282;341;15281.477905664282;5160.7769;674.0985889731364;Evaluated;16.5394;0.6281;64;True;2;duplicate_for_same_parent_sequence
50;2;7;5;normal;1;56299be524c7;move;;;5;10;;;;;;;;;;True;False;False;False;;ok;15282.174030874414;15281.477905664282;15281.477905664282;15281.477905664282;342;15281.477905664282;5173.8295;0.6961252101318678;Evaluated;12.4241;0.6258;64;True;1;
50;2;7;;normal;2;;;;;;;;;;;;;;;;;;;;;End-of-iteration summary row;;;15281.477905664282;15281.477905664282;342;15281.477905664282;5173.8326;;IterationSummary;;;;;;
51;2;8;1;normal;2;56299be524c7;move;;;30;25;;;;;;;;;;True;False;False;False;;ok;16578.319296721103;15281.477905664282;15281.477905664282;15281.477905664282;343;15281.477905664282;5192.5222;1296.8413910568215;Evaluated;18.0579;0.623;64;True;2;duplicate_for_same_parent_sequence
51;2;8;2;normal;2;56299be524c7;move;;;25;20;;;;;;;;;;True;False;False;False;;ok;15745.66639898953;15281.477905664282;15281.477905664282;15281.477905664282;344;15281.477905664282;5209.693;464.1884933252477;Evaluated;16.545;0.625;64;True;2;duplicate_for_same_parent_sequence
51;2;8;3;normal;2;56299be524c7;move;;;36;41;;;;;;;;;;True;False;False;False;;ok;15905.23098307822;15281.477905664282;15281.477905664282;15281.477905664282;345;15281.477905664282;5227.7218;623.7530774139377;Evaluated;17.4029;0.6233;64;True;2;duplicate_for_same_parent_sequence
51;2;8;4;normal;2;56299be524c7;move;;;53;48;;;;;;;;;;True;False;False;False;;ok;16301.321768228328;15281.477905664282;15281.477905664282;15281.477905664282;346;15281.477905664282;5241.001;1019.8438625640465;Evaluated;12.6551;0.6234;64;True;1;
51;2;8;5;normal;2;56299be524c7;move;;;5;20;;;;;;;;;;True;False;False;True;;ok;15224.486385017488;15281.477905664282;15281.477905664282;15281.477905664282;347;15281.477905664282;5254.1357;-56.991520646794015;Evaluated;12.5057;0.626;64;True;1;
51;2;8;;normal;0;;;;;;;;;;;;;;;;;;;;;End-of-iteration summary row;;;15224.486385017488;15224.486385017488;347;15224.486385017488;5254.1502;;IterationSummary;;;;;;
52;2;9;1;normal;0;f6706197ca16;move;;;5;10;;;;;;;;;;True;False;False;False;;ok;16908.975212224752;15224.486385017488;15224.486385017488;15224.486385017488;348;15224.486385017488;5269.5894;1684.488827207264;Evaluated;14.8046;0.6264;64;True;1;
52;2;9;2;normal;0;f6706197ca16;swap;20;31;;;;;;;;;;;;True;False;False;False;;ok;16150.859847548827;15224.486385017488;15224.486385017488;15224.486385017488;349;15224.486385017488;5282.8566;926.3734625313391;Evaluated;12.6398;0.624;64;True;1;
52;2;9;3;normal;0;f6706197ca16;reinsert_block;;;;;;;35;40;25;;;;;True;False;False;True;;ok;16138.58606067969;15224.486385017488;15224.486385017488;15224.486385017488;350;15224.486385017488;5296.5758;914.0996756622026;Evaluated;13.0911;0.6251;64;True;1;
52;2;9;4;normal;0;f6706197ca16;move;;;56;48;;;;;;;;;;True;False;False;False;;ok;15226.433004440414;15224.486385017488;15224.486385017488;15224.486385017488;351;15224.486385017488;5309.8891;1.9466194229262328;Evaluated;12.6863;0.6244;64;True;1;
52;2;9;5;normal;0;f6706197ca16;move;;;25;10;;;;;;;;;;True;False;False;True;;ok;15530.528062286981;15224.486385017488;15224.486385017488;15224.486385017488;352;15224.486385017488;5323.0539;306.04167726949345;Evaluated;12.5391;0.6248;64;True;1;
52;2;9;;normal;1;;;;;;;;;;;;;;;;;;;;;End-of-iteration summary row;;;15224.486385017488;15224.486385017488;352;15224.486385017488;5323.0579;;IterationSummary;;;;;;
53;2;10;1;normal;1;f6706197ca16;move;;;10;5;;;;;;;;;;True;False;False;False;;ok;16649.291423950548;15224.486385017488;15224.486385017488;15224.486385017488;353;15224.486385017488;5337.8161;1424.8050389330601;Evaluated;14.1174;0.6251;64;True;1;
53;2;10;2;normal;1;f6706197ca16;swap;17;20;;;;;;;;;;;;True;False;False;False;;ok;16221.426799917113;15224.486385017488;15224.486385017488;15224.486385017488;354;15224.486385017488;5350.8552;996.9404148996255;Evaluated;12.4118;0.6242;64;True;1;
53;2;10;3;normal;1;f6706197ca16;move;;;38;15;;;;;;;;;;True;False;False;True;;ok;15878.705145683718;15224.486385017488;15224.486385017488;15224.486385017488;355;15224.486385017488;5368.9477;654.2187606662301;Evaluated;17.4603;0.6288;64;True;2;duplicate_for_same_parent_sequence
53;2;10;4;normal;1;f6706197ca16;move;;;53;40;;;;;;;;;;True;False;False;True;;ok;16684.075517997662;15224.486385017488;15224.486385017488;15224.486385017488;356;15224.486385017488;5382.2989;1459.5891329801743;Evaluated;12.719;0.6287;64;True;1;
53;2;10;5;normal;1;f6706197ca16;move;;;53;48;;;;;;;;;;True;False;False;False;;ok;16244.330247581534;15224.486385017488;15224.486385017488;15224.486385017488;357;15224.486385017488;5395.43;1019.8438625640465;Evaluated;12.504;0.6262;64;True;1;
53;2;10;;normal;2;;;;;;;;;;;;;;;;;;;;;End-of-iteration summary row;;;15224.486385017488;15224.486385017488;357;15224.486385017488;5395.4333;;IterationSummary;;;;;;
54;2;11;1;normal;2;f6706197ca16;move;;;3;8;;;;;;;;;;True;False;False;False;;ok;17525.467237797682;15224.486385017488;15224.486385017488;15224.486385017488;358;15224.486385017488;5413.9692;2300.9808527801943;Evaluated;17.8987;0.6259;64;True;2;duplicate_for_same_parent_sequence
54;2;11;2;normal;2;f6706197ca16;swap;17;25;;;;;;;;;;;;True;False;False;False;;ok;16722.07283785595;15224.486385017488;15224.486385017488;15224.486385017488;359;15224.486385017488;5431.1547;1497.5864528384627;Evaluated;16.5597;0.6228;64;True;2;duplicate_for_same_parent_sequence
54;2;11;3;normal;2;f6706197ca16;move;;;38;10;;;;;;;;;;True;False;False;True;;ok;16983.276341679673;15224.486385017488;15224.486385017488;15224.486385017488;360;15224.486385017488;5449.1969;1758.7899566621854;Evaluated;17.4166;0.625;64;True;2;duplicate_for_same_parent_sequence
54;2;11;4;normal;2;f6706197ca16;move;;;56;20;;;;;;;;;;True;False;False;True;;ok;16859.733778009708;15224.486385017488;15224.486385017488;15224.486385017488;361;15224.486385017488;5466.3938;1635.2473929922198;Evaluated;16.5702;0.6236;64;True;2;duplicate_for_same_parent_sequence
54;2;11;5;normal;2;f6706197ca16;move;;;40;25;;;;;;;;;;True;False;False;True;;ok;16859.93654578537;15224.486385017488;15224.486385017488;15224.486385017488;362;15224.486385017488;5479.524;1635.450160767883;Evaluated;12.5018;0.6258;64;True;1;
54;2;11;;normal;3;;;;;;;;;;;;;;;;;;;;;End-of-iteration summary row;;;15224.486385017488;15224.486385017488;362;15224.486385017488;5479.5274;;IterationSummary;;;;;;
55;2;12;1;diversification;3;f6706197ca16;move;;;30;5;;;;;;;;;;True;False;False;True;;ok;17379.52834894219;15224.486385017488;15224.486385017488;15224.486385017488;363;15224.486385017488;5498.4107;2155.041963924701;Evaluated;18.2513;0.6231;64;True;2;duplicate_for_same_parent_sequence
55;2;12;2;diversification;3;f6706197ca16;reinsert_block;;;;;;;20;25;40;;;;;True;False;False;True;;ok;16342.545452470178;15224.486385017488;15224.486385017488;15224.486385017488;364;15224.486385017488;5512.331;1118.0590674526902;Evaluated;13.2933;0.6238;64;True;1;
55;2;12;3;diversification;3;f6706197ca16;swap;35;40;;;;;;;;;;;;True;False;False;False;;ok;16063.148300078366;15224.486385017488;15224.486385017488;15224.486385017488;365;15224.486385017488;5526.1429;838.6619150608785;Evaluated;13.1834;0.6258;64;True;1;
55;2;12;4;diversification;3;f6706197ca16;move;;;54;62;;;;;;;;;;True;False;False;False;;ok;16136.624150358213;15224.486385017488;15224.486385017488;15224.486385017488;366;15224.486385017488;5539.6616;912.1377653407253;Evaluated;12.8929;0.6252;64;True;1;
55;2;12;5;diversification;3;f6706197ca16;move;;;50;15;;;;;;;;;;True;False;False;True;;ok;16082.458085861432;15224.486385017488;15224.486385017488;15224.486385017488;367;15224.486385017488;5553.231;857.9717008439438;Evaluated;12.944;0.6226;64;True;1;
55;2;12;6;diversification;3;f6706197ca16;move;;;45;20;;;;;;;;;;True;False;False;True;;ok;15806.422337948594;15224.486385017488;15224.486385017488;15224.486385017488;368;15224.486385017488;5566.8175;581.9359529311059;Evaluated;12.9618;0.624;64;True;1;
55;2;12;7;diversification;3;f6706197ca16;move;;;20;40;;;;;;;;;;True;False;False;True;;ok;15843.812438497067;15224.486385017488;15224.486385017488;15224.486385017488;369;15224.486385017488;5587.7919;619.3260534795791;Evaluated;20.3469;0.6244;64;True;3;duplicate_for_same_parent_sequence
55;2;12;8;diversification;3;f6706197ca16;move;;;8;15;;;;;;;;;;True;False;False;False;;ok;16685.926042743788;15224.486385017488;15224.486385017488;15224.486385017488;370;15224.486385017488;5605.1479;1461.4396577262996;Evaluated;16.7271;0.6256;64;True;2;duplicate_for_same_parent_sequence
55;2;12;9;diversification;3;f6706197ca16;move;;;24;30;;;;;;;;;;True;False;False;False;;ok;15918.938299999298;15224.486385017488;15224.486385017488;15224.486385017488;371;15224.486385017488;5618.6878;694.4519149818098;Evaluated;12.9126;0.6247;64;True;1;
55;2;12;10;diversification;3;f6706197ca16;move;;;48;30;;;;;;;;;;True;False;False;True;;ok;16419.422387472074;15224.486385017488;15224.486385017488;15224.486385017488;372;15224.486385017488;5636.1184;1194.9360024545858;Evaluated;16.7995;0.6273;64;True;2;duplicate_for_same_parent_sequence
55;2;12;;diversification;4;;;;;;;;;;;;;;;;;;;;;End-of-iteration summary row;;;15224.486385017488;15224.486385017488;372;15224.486385017488;5636.1219;;IterationSummary;;;;;;
56;2;13;1;diversification;4;f6706197ca16;move;;;3;20;;;;;;;;;;True;False;False;True;;ok;17055.510205022667;15224.486385017488;15224.486385017488;15224.486385017488;373;15224.486385017488;5654.9366;1831.023820005179;Evaluated;18.1782;0.6244;64;True;2;duplicate_for_same_parent_sequence
56;2;13;2;diversification;4;f6706197ca16;reinsert_block;;;;;;;18;23;5;;;;;True;False;False;True;;ok;17277.767311874788;15224.486385017488;15224.486385017488;15224.486385017488;374;15224.486385017488;5668.815;2053.2809268573;Evaluated;13.25;0.6256;64;True;1;
56;2;13;3;diversification;4;f6706197ca16;swap;32;47;;;;;;;;;;;;True;False;False;True;;ok;16174.35090862202;15224.486385017488;15224.486385017488;15224.486385017488;375;15224.486385017488;5686.4525;949.8645236045322;Evaluated;17.011;0.6238;64;True;2;duplicate_for_same_parent_sequence
56;2;13;4;diversification;4;f6706197ca16;move;;;50;18;;;;;;;;;;True;False;False;True;;ok;16863.080765834115;15224.486385017488;15224.486385017488;15224.486385017488;376;15224.486385017488;5703.8269;1638.5943808166267;Evaluated;16.7453;0.6259;64;True;2;duplicate_for_same_parent_sequence
56;2;13;5;diversification;4;f6706197ca16;move;;;3;40;;;;;;;;;;True;False;False;True;;ok;16188.960914357016;15224.486385017488;15224.486385017488;15224.486385017488;377;15224.486385017488;5721.229;964.4745293395281;Evaluated;16.7741;0.6245;64;True;2;duplicate_for_same_parent_sequence
56;2;13;6;diversification;4;f6706197ca16;move;;;52;38;;;;;;;;;;True;False;False;True;;ok;15942.122711662892;15224.486385017488;15224.486385017488;15224.486385017488;378;15224.486385017488;5734.7757;717.6363266454046;Evaluated;12.9205;0.6256;64;True;1;
56;2;13;7;diversification;4;f6706197ca16;move;;;10;35;;;;;;;;;;True;False;False;True;;ok;16199.904299219808;15224.486385017488;15224.486385017488;15224.486385017488;379;15224.486385017488;5748.0095;975.4179142023204;Evaluated;12.6069;0.6262;64;True;1;
56;2;13;8;diversification;4;f6706197ca16;move;;;18;25;;;;;;;;;;True;False;False;False;;ok;16914.077195797323;15224.486385017488;15224.486385017488;15224.486385017488;380;15224.486385017488;5761.4975;1689.590810779835;Evaluated;12.8605;0.6269;64;True;1;
56;2;13;9;diversification;4;f6706197ca16;move;;;25;30;;;;;;;;;;True;False;False;False;;ok;15935.27275700407;15224.486385017488;15224.486385017488;15224.486385017488;381;15224.486385017488;5774.9783;710.7863719865818;Evaluated;12.8576;0.6225;64;True;1;
56;2;13;10;diversification;4;f6706197ca16;move;;;30;20;;;;;;;;;;True;False;False;True;;ok;16465.50670715506;15224.486385017488;15224.486385017488;15224.486385017488;382;15224.486385017488;5792.3976;1241.0203221375705;Evaluated;16.7947;0.624;64;True;2;duplicate_for_same_parent_sequence
56;2;13;;diversification;5;;;;;;;;;;;;;;;;;;;;;End-of-iteration summary row;;;15224.486385017488;15224.486385017488;382;15224.486385017488;5792.3986;;IterationSummary;;;;;;
57;2;14;1;diversification;5;f6706197ca16;move;;;10;3;;;;;;;;;;True;False;False;False;;ok;17614.901665445897;15224.486385017488;15224.486385017488;15224.486385017488;383;15224.486385017488;5807.6812;2390.4152804284095;Evaluated;14.6544;0.6227;64;True;1;
57;2;14;2;diversification;5;f6706197ca16;move;;;15;3;;;;;;;;;;True;False;False;True;;ok;17257.698403611088;15224.486385017488;15224.486385017488;15224.486385017488;384;15224.486385017488;5829.0395;2033.2120185936;Evaluated;20.7347;0.6229;64;True;3;duplicate_for_same_parent_sequence
57;2;14;3;diversification;5;f6706197ca16;move;;;35;10;;;;;;;;;;True;False;False;True;;ok;16535.22222101366;15224.486385017488;15224.486385017488;15224.486385017488;385;15224.486385017488;5846.4701;1310.7358359961727;Evaluated;16.8076;0.6223;64;True;2;duplicate_for_same_parent_sequence
57;2;14;4;diversification;5;f6706197ca16;move;;;49;60;;;;;;;;;;True;False;False;True;;ok;15233.923603944386;15224.486385017488;15224.486385017488;15224.486385017488;386;15224.486385017488;5863.9218;9.437218926897913;Evaluated;16.8247;0.6262;64;True;2;duplicate_for_same_parent_sequence
57;2;14;5;diversification;5;f6706197ca16;move;;;20;10;;;;;;;;;;True;False;False;True;;ok;15282.174030874414;15224.486385017488;15224.486385017488;15224.486385017488;387;15224.486385017488;5877.5076;57.68764585692588;Evaluated;12.9631;0.622;64;True;1;
57;2;14;6;diversification;5;f6706197ca16;move;;;20;45;;;;;;;;;;True;False;False;True;;ok;15934.122630872112;15224.486385017488;15224.486385017488;15224.486385017488;388;15224.486385017488;5899.0434;709.6362458546246;Evaluated;20.9134;0.6217;64;True;3;duplicate_for_same_parent_sequence
57;2;14;7;diversification;5;f6706197ca16;move;;;50;38;;;;;;;;;;True;False;False;True;;ok;15612.013606566112;15224.486385017488;15224.486385017488;15224.486385017488;389;15224.486385017488;5912.3372;387.52722154862386;Evaluated;12.6685;0.6246;64;True;1;
57;2;14;8;diversification;5;f6706197ca16;move;;;20;30;;;;;;;;;;True;False;False;True;;ok;15865.891328027;15224.486385017488;15224.486385017488;15224.486385017488;390;15224.486385017488;5930.0193;641.4049430095129;Evaluated;17.058;0.6235;64;True;2;duplicate_for_same_parent_sequence
57;2;14;9;diversification;5;f6706197ca16;move;;;25;35;;;;;;;;;;True;False;False;True;;ok;15607.194365247378;15224.486385017488;15224.486385017488;15224.486385017488;391;15224.486385017488;5947.4202;382.7079802298904;Evaluated;16.7757;0.6245;64;True;2;duplicate_for_same_parent_sequence
57;2;14;10;diversification;5;f6706197ca16;move;;;40;50;;;;;;;;;;True;False;False;True;;ok;15638.66580359887;15224.486385017488;15224.486385017488;15224.486385017488;392;15224.486385017488;5961.223;414.17941858138147;Evaluated;13.1652;0.6362;64;True;1;
57;2;14;;diversification;6;;;;;;;;;;;;;;;;;;;;;End-of-iteration summary row;;;15224.486385017488;15224.486385017488;392;15224.486385017488;5961.2236;;IterationSummary;;;;;;
58;2;15;1;diversification;6;f6706197ca16;move;;;8;2;;;;;;;;;;True;False;False;False;;ok;17264.49847145671;15224.486385017488;15224.486385017488;15224.486385017488;393;15224.486385017488;5982.4516;2040.012086439223;Evaluated;20.5967;0.6255;64;True;2;duplicate_for_same_parent_sequence
58;2;15;2;diversification;6;f6706197ca16;reinsert_block;;;;;;;20;25;35;;;;;True;False;False;True;;ok;16438.399384398122;15224.486385017488;15224.486385017488;15224.486385017488;394;15224.486385017488;5998.1567;1213.9129993806346;Evaluated;15.0789;0.6255;64;True;1;
58;2;15;3;diversification;6;f6706197ca16;swap;42;38;;;;;;;;;;;;True;False;False;False;;ok;15224.486385017488;15224.486385017488;15224.486385017488;15224.486385017488;395;15224.486385017488;6013.41;0.0;Evaluated;14.6271;0.6254;64;True;1;
58;2;15;4;diversification;6;f6706197ca16;move;;;50;40;;;;;;;;;;True;False;False;True;;ok;15610.45559767589;15224.486385017488;15224.486385017488;15224.486385017488;396;15224.486385017488;6028.9954;385.9692126584014;Evaluated;14.9564;0.6281;64;True;1;
58;2;15;5;diversification;6;f6706197ca16;swap;30;35;;;;;;;;;;;;True;False;False;False;;ok;15134.157448544036;15224.486385017488;15224.486385017488;15224.486385017488;397;15224.486385017488;6047.9821;-90.3289364734519;EvaluatedImprovementDespiteDiversificationMismatch;18.3581;0.6262;64;True;2;duplicate_for_same_parent_sequence
58;2;15;6;diversification;6;f6706197ca16;move;;;17;35;;;;;;;;;;True;False;False;True;;ok;16340.817873956017;15224.486385017488;15224.486385017488;15224.486385017488;398;15224.486385017488;6067.2168;1116.3314889385292;Evaluated;18.6066;0.6256;64;True;2;duplicate_for_same_parent_sequence
58;2;15;7;diversification;6;f6706197ca16;move;;;10;20;;;;;;;;;;True;False;False;True;;ok;16908.636944977115;15224.486385017488;15224.486385017488;15224.486385017488;399;15224.486385017488;6086.3788;1684.1505599596276;Evaluated;18.5316;0.627;64;True;2;duplicate_for_same_parent_sequence
58;2;15;8;diversification;6;f6706197ca16;move;;;30;40;;;;;;;;;;True;False;False;True;;ok;16084.174639959649;15224.486385017488;15224.486385017488;15224.486385017488;400;15224.486385017488;6105.5589;859.6882549421607;Evaluated;18.5486;0.6278;64;True;2;duplicate_for_same_parent_sequence
58;2;15;9;diversification;6;f6706197ca16;move;;;28;35;;;;;;;;;;True;False;False;False;;ok;16505.71626027493;15224.486385017488;15224.486385017488;15224.486385017488;401;15224.486385017488;6120.7838;1281.2298752574425;Evaluated;14.5933;0.6285;64;True;1;
58;2;15;10;diversification;6;f6706197ca16;move;;;49;61;;;;;;;;;;True;False;False;True;;ok;15494.30374348191;15224.486385017488;15224.486385017488;15224.486385017488;402;15224.486385017488;6139.963;269.8173584644228;Evaluated;18.5499;0.6263;64;True;2;duplicate_for_same_parent_sequence
58;2;15;;diversification;0;;;;;;;;;;;;;;;;;;;;;End-of-iteration summary row;;;15134.157448544036;15134.157448544036;402;15134.157448544036;6139.9784;;IterationSummary;;;;;;
59;2;16;1;normal;0;696d092bfb57;move;;;5;10;;;;;;;;;;True;False;False;False;;ok;16911.983723712256;15134.157448544036;15134.157448544036;15134.157448544036;403;15134.157448544036;6157.8959;1777.8262751682196;Evaluated;17.2871;0.6245;64;True;1;
59;2;16;2;normal;0;696d092bfb57;swap;18;25;;;;;;;;;;;;True;False;False;False;;ok;16743.713228816316;15134.157448544036;15134.157448544036;15134.157448544036;404;15134.157448544036;6173.0916;1609.5557802722797;Evaluated;14.5688;0.6235;64;True;1;
59;2;16;3;normal;0;696d092bfb57;reinsert_block;;;;;;;35;40;28;;;;;True;False;False;False;;ok;16238.059700244276;15134.157448544036;15134.157448544036;15134.157448544036;405;15134.157448544036;6188.4032;1103.9022517002395;Evaluated;14.6811;0.6276;64;True;1;
59;2;16;4;normal;0;696d092bfb57;move;;;50;48;;;;;;;;;;True;False;False;False;;ok;15263.772490108491;15134.157448544036;15134.157448544036;15134.157448544036;406;15134.157448544036;6203.3599;129.61504156445517;Evaluated;14.328;0.6254;64;True;1;
59;2;16;5;normal;0;696d092bfb57;move;;;50;40;;;;;;;;;;True;False;False;True;;ok;15141.799022138212;15134.157448544036;15134.157448544036;15134.157448544036;407;15134.157448544036;6218.0438;7.641573594175497;Evaluated;14.0583;0.6249;64;True;1;
59;2;16;;normal;1;;;;;;;;;;;;;;;;;;;;;End-of-iteration summary row;;;15134.157448544036;15134.157448544036;407;15134.157448544036;6218.0469;;IterationSummary;;;;;;
60;2;17;1;normal;1;696d092bfb57;move;;;10;20;;;;;;;;;;True;False;False;True;;ok;16912.488875745945;15134.157448544036;15134.157448544036;15134.157448544036;408;15134.157448544036;6235.705;1778.3314272019088;Evaluated;17.0181;0.6252;64;True;1;
60;2;17;2;normal;1;696d092bfb57;swap;17;25;;;;;;;;;;;;True;False;False;False;;ok;16732.367235311627;15134.157448544036;15134.157448544036;15134.157448544036;409;15134.157448544036;6250.811;1598.2097867675911;Evaluated;14.482;0.6234;64;True;1;
60;2;17;3;normal;1;696d092bfb57;move;;;17;35;;;;;;;;;;True;False;False;True;;ok;16350.90030358168;15134.157448544036;15134.157448544036;15134.157448544036;410;15134.157448544036;6270.3676;1216.7428550376444;Evaluated;18.9274;0.6285;64;True;2;duplicate_for_same_parent_sequence
60;2;17;4;normal;1;696d092bfb57;move;;;53;49;;;;;;;;;;True;False;False;False;;ok;15140.586662298627;15134.157448544036;15134.157448544036;15134.157448544036;411;15134.157448544036;6285.3071;6.429213754590819;Evaluated;14.3152;0.6237;64;True;1;
60;2;17;5;normal;1;696d092bfb57;move;;;10;25;;;;;;;;;;True;False;False;True;;ok;16916.669908407504;15134.157448544036;15134.157448544036;15134.157448544036;412;15134.157448544036;6304.3391;1782.5124598634684;Evaluated;18.4056;0.6256;64;True;2;duplicate_for_same_parent_sequence
60;2;17;;normal;2;;;;;;;;;;;;;;;;;;;;;End-of-iteration summary row;;;15134.157448544036;15134.157448544036;412;15134.157448544036;6304.3426;;IterationSummary;;;;;;
61;2;18;1;normal;2;696d092bfb57;move;;;7;20;;;;;;;;;;True;False;False;True;;ok;16478.35124368096;15134.157448544036;15134.157448544036;15134.157448544036;413;15134.157448544036;6321.7003;1344.1937951369255;Evaluated;16.7161;0.6269;64;True;1;
61;2;18;2;normal;2;696d092bfb57;swap;20;25;;;;;;;;;;;;True;False;False;False;;ok;15134.157448544036;15134.157448544036;15134.157448544036;15134.157448544036;414;15134.157448544036;6337.264;0.0;Evaluated;14.9331;0.6273;64;True;1;
61;2;18;3;normal;2;696d092bfb57;move;;;17;25;;;;;;;;;;True;False;False;False;;ok;17055.25039213555;15134.157448544036;15134.157448544036;15134.157448544036;415;15134.157448544036;6357.3135;1921.0929435915132;Evaluated;19.424;0.6249;64;True;2;duplicate_for_same_parent_sequence
61;2;18;4;normal;2;696d092bfb57;move;;;30;20;;;;;;;;;;True;False;False;True;;ok;16498.1651925978;15134.157448544036;15134.157448544036;15134.157448544036;416;15134.157448544036;6377.2195;1364.0077440537643;Evaluated;19.2784;0.6268;64;True;2;duplicate_for_same_parent_sequence
61;2;18;5;normal;2;696d092bfb57;move;;;45;30;;;;;;;;;;True;False;False;True;;ok;15776.575222551106;15134.157448544036;15134.157448544036;15134.157448544036;417;15134.157448544036;6396.1901;642.41777400707;Evaluated;18.342;0.628;64;True;2;duplicate_for_same_parent_sequence
61;2;18;;normal;3;;;;;;;;;;;;;;;;;;;;;End-of-iteration summary row;;;15134.157448544036;15134.157448544036;417;15134.157448544036;6396.1909;;IterationSummary;;;;;;
62;2;19;1;diversification;3;696d092bfb57;move;;;7;30;;;;;;;;;;True;False;False;True;;ok;16461.588643400937;15134.157448544036;15134.157448544036;15134.157448544036;418;15134.157448544036;6418.0286;1327.4311948569011;Evaluated;21.2074;0.6232;64;True;2;duplicate_for_same_parent_sequence
62;2;19;2;diversification;3;696d092bfb57;reinsert_block;;;;;;;18;23;5;;;;;True;False;False;True;;ok;17284.35801530646;15134.157448544036;15134.157448544036;15134.157448544036;419;15134.157448544036;6434.042;2150.2005667624253;Evaluated;15.3837;0.6288;64;True;1;
62;2;19;3;diversification;3;696d092bfb57;swap;35;40;;;;;;;;;;;;True;False;False;False;;ok;16075.656034169537;15134.157448544036;15134.157448544036;15134.157448544036;420;15134.157448544036;6449.6486;941.4985856255007;Evaluated;14.9771;0.6275;64;True;1;
62;2;19;4;diversification;3;696d092bfb57;move;;;53;62;;;;;;;;;;True;False;False;False;;ok;15544.85283227588;15134.157448544036;15134.157448544036;15134.157448544036;421;15134.157448544036;6469.1561;410.6953837318433;Evaluated;18.8792;0.6255;64;True;2;duplicate_for_same_parent_sequence
62;2;19;5;diversification;3;696d092bfb57;move;;;15;30;;;;;;;;;;True;False;False;True;;ok;16460.20560302562;15134.157448544036;15134.157448544036;15134.157448544036;422;15134.157448544036;6492.4604;1326.0481544815848;Evaluated;22.6753;0.6254;64;True;3;duplicate_for_same_parent_sequence
62;2;19;6;diversification;3;696d092bfb57;move;;;53;40;;;;;;;;;;True;False;False;True;;ok;15713.83283975334;15134.157448544036;15134.157448544036;15134.157448544036;423;15134.157448544036;6508.1525;579.6753912093045;Evaluated;15.0653;0.6243;64;True;1;
62;2;19;7;diversification;3;696d092bfb57;move;;;53;20;;;;;;;;;;True;False;False;True;;ok;16643.738973764423;15134.157448544036;15134.157448544036;15134.157448544036;424;15134.157448544036;6523.4563;1509.5815252203865;Evaluated;14.6737;0.6275;64;True;1;
62;2;19;8;diversification;3;696d092bfb57;swap;8;19;;;;;;;;;;;;True;False;False;False;;ok;17161.820781191716;15134.157448544036;15134.157448544036;15134.157448544036;425;15134.157448544036;6542.8566;2027.6633326476804;Evaluated;18.7705;0.627;64;True;2;duplicate_for_same_parent_sequence
62;2;19;9;diversification;3;696d092bfb57;move;;;28;40;;;;;;;;;;True;False;False;True;;ok;16172.448734302152;15134.157448544036;15134.157448544036;15134.157448544036;426;15134.157448544036;6558.4253;1038.291285758116;Evaluated;14.9394;0.6265;64;True;1;
62;2;19;10;diversification;3;696d092bfb57;swap;42;48;;;;;;;;;;;;True;False;False;False;;ok;15134.157448544036;15134.157448544036;15134.157448544036;15134.157448544036;427;15134.157448544036;6577.9743;0.0;Evaluated;18.9207;0.6263;64;True;2;duplicate_for_same_parent_sequence
62;2;19;;diversification;4;;;;;;;;;;;;;;;;;;;;;End-of-iteration summary row;;;15134.157448544036;15134.157448544036;427;15134.157448544036;6577.977;;IterationSummary;;;;;;
63;2;20;1;diversification;4;696d092bfb57;move;;;3;8;;;;;;;;;;True;False;False;False;;ok;17528.72149875933;15134.157448544036;15134.157448544036;15134.157448544036;428;15134.157448544036;6600.1877;2394.564050215293;Evaluated;21.57;0.6271;64;True;2;duplicate_for_same_parent_sequence
63;2;20;2;diversification;4;696d092bfb57;reinsert_block;;;;;;;20;25;10;;;;;True;False;False;True;;ok;17282.25875039451;15134.157448544036;15134.157448544036;15134.157448544036;429;15134.157448544036;6616.2507;2148.1013018504746;Evaluated;15.4298;0.6298;64;True;1;
63;2;20;3;diversification;4;696d092bfb57;swap;32;38;;;;;;;;;;;;True;False;False;False;;ok;15226.889595702589;15134.157448544036;15134.157448544036;15134.157448544036;430;15134.157448544036;6635.9938;92.73214715855283;Evaluated;19.1153;0.6252;64;True;2;duplicate_for_same_parent_sequence
63;2;20;4;diversification;4;696d092bfb57;move;;;56;25;;;;;;;;;;True;False;False;True;;ok;16868.454400208655;15134.157448544036;15134.157448544036;15134.157448544036;431;15134.157448544036;6655.7954;1734.296951664619;Evaluated;19.1722;0.6261;64;True;2;duplicate_for_same_parent_sequence
63;2;20;5;diversification;4;696d092bfb57;move;;;10;35;;;;;;;;;;True;False;False;True;;ok;16070.941812232128;15134.157448544036;15134.157448544036;15134.157448544036;432;15134.157448544036;6671.6996;936.7843636880916;Evaluated;15.2757;0.6245;64;True;1;
63;2;20;6;diversification;4;696d092bfb57;move;;;32;50;;;;;;;;;;True;False;False;True;;ok;16055.790142702683;15134.157448544036;15134.157448544036;15134.157448544036;433;15134.157448544036;6690.7012;921.6326941586467;Evaluated;18.3698;0.6298;64;True;2;duplicate_for_same_parent_sequence
63;2;20;7;diversification;4;696d092bfb57;move;;;25;30;;;;;;;;;;True;False;False;False;;ok;15134.825806913923;15134.157448544036;15134.157448544036;15134.157448544036;434;15134.157448544036;6705.7394;0.668358369886846;Evaluated;14.4088;0.6265;64;True;1;
63;2;20;8;diversification;4;696d092bfb57;move;;;18;30;;;;;;;;;;True;False;False;True;;ok;16463.273984626616;15134.157448544036;15134.157448544036;15134.157448544036;435;15134.157448544036;6721.3451;1329.1165360825798;Evaluated;14.9731;0.6295;64;True;1;
63;2;20;9;diversification;4;696d092bfb57;move;;;18;45;;;;;;;;;;True;False;False;True;;ok;16588.008890965873;15134.157448544036;15134.157448544036;15134.157448544036;436;15134.157448544036;6741.1017;1453.8514424218374;Evaluated;19.1265;0.6267;64;True;2;duplicate_for_same_parent_sequence
63;2;20;10;diversification;4;696d092bfb57;move;;;48;20;;;;;;;;;;True;False;False;True;;ok;16813.72232883145;15134.157448544036;15134.157448544036;15134.157448544036;437;15134.157448544036;6760.6824;1679.564880287413;Evaluated;18.9531;0.6245;64;True;2;duplicate_for_same_parent_sequence
63;2;20;;diversification;5;;;;;;;;;;;;;;;;;;;;;End-of-iteration summary row;;;15134.157448544036;15134.157448544036;437;15134.157448544036;6760.6831;;IterationSummary;;;;;;
64;2;21;1;diversification;5;696d092bfb57;move;;;8;20;;;;;;;;;;True;False;False;True;;ok;16467.691036120756;15134.157448544036;15134.157448544036;15134.157448544036;438;15134.157448544036;6783.0199;1333.5335875767196;Evaluated;21.7076;0.624;64;True;2;duplicate_for_same_parent_sequence
64;2;21;2;diversification;5;696d092bfb57;reinsert_block;;;;;;;18;24;30;;;;;True;False;False;False;;ok;16827.270813817617;15134.157448544036;15134.157448544036;15134.157448544036;439;15134.157448544036;6799.0595;1693.1133652735807;Evaluated;15.415;0.6232;64;True;1;
64;2;21;3;diversification;5;696d092bfb57;swap;36;42;;;;;;;;;;;;True;False;False;False;;ok;15590.643579094674;15134.157448544036;15134.157448544036;15134.157448544036;440;15134.157448544036;6818.5071;456.48613055063834;Evaluated;18.8168;0.6302;64;True;2;duplicate_for_same_parent_sequence
64;2;21;4;diversification;5;696d092bfb57;move;;;38;20;;;;;;;;;;True;False;False;True;;ok;16498.66958974014;15134.157448544036;15134.157448544036;15134.157448544036;441;15134.157448544036;6838.3203;1364.5121411961045;Evaluated;19.1831;0.6269;64;True;2;duplicate_for_same_parent_sequence
64;2;21;5;diversification;5;696d092bfb57;move;;;40;25;;;;;;;;;;True;False;False;True;;ok;16861.184981207356;15134.157448544036;15134.157448544036;15134.157448544036;442;15134.157448544036;6854.0123;1727.02753266332;Evaluated;15.0627;0.6267;64;True;1;
64;2;21;6;diversification;5;696d092bfb57;move;;;40;15;;;;;;;;;;True;False;False;True;;ok;16850.24963618107;15134.157448544036;15134.157448544036;15134.157448544036;443;15134.157448544036;6869.6335;1716.092187637034;Evaluated;14.9914;0.6268;64;True;1;
64;2;21;7;diversification;5;696d092bfb57;move;;;20;40;;;;;;;;;;True;False;False;True;;ok;15999.487168016514;15134.157448544036;15134.157448544036;15134.157448544036;444;15134.157448544036;6893.2976;865.3297194724782;Evaluated;23.0355;0.626;64;True;3;duplicate_for_same_parent_sequence
64;2;21;8;diversification;5;696d092bfb57;move;;;8;15;;;;;;;;;;True;False;False;False;;ok;16682.210725703895;15134.157448544036;15134.157448544036;15134.157448544036;445;15134.157448544036;6908.8342;1548.0532771598591;Evaluated;14.9046;0.6288;64;True;1;
64;2;21;9;diversification;5;696d092bfb57;move;;;24;30;;;;;;;;;;True;False;False;False;;ok;15228.254742084315;15134.157448544036;15134.157448544036;15134.157448544036;446;15134.157448544036;6924.4123;94.09729354027877;Evaluated;14.9484;0.627;64;True;1;
64;2;21;10;diversification;5;696d092bfb57;move;;;42;10;;;;;;;;;;True;False;False;True;;ok;17275.842791505267;15134.157448544036;15134.157448544036;15134.157448544036;447;15134.157448544036;6940.0574;2141.685342961231;Evaluated;15.0134;0.6288;64;True;1;
64;2;21;;diversification;6;;;;;;;;;;;;;;;;;;;;;End-of-iteration summary row;;;15134.157448544036;15134.157448544036;447;15134.157448544036;6940.061;;IterationSummary;;;;;;
65;2;22;1;diversification;6;696d092bfb57;move;;;5;20;;;;;;;;;;True;False;False;True;;ok;15802.06726127699;15134.157448544036;15134.157448544036;15134.157448544036;448;15134.157448544036;6958.2365;667.9098127329544;Evaluated;17.5373;0.6288;64;True;1;
65;2;22;2;diversification;6;696d092bfb57;move;;;6;25;;;;;;;;;;True;False;False;True;;ok;16460.611752910503;15134.157448544036;15134.157448544036;15134.157448544036;449;15134.157448544036;6978.0996;1326.454304366467;Evaluated;19.2322;0.6279;64;True;2;duplicate_for_same_parent_sequence
65;2;22;3;diversification;6;696d092bfb57;swap;32;47;;;;;;;;;;;;True;False;False;True;;ok;15128.329442680631;15134.157448544036;15134.157448544036;15134.157448544036;450;15134.157448544036;6997.9204;-5.828005863404542;Evaluated;19.1893;0.6286;64;True;2;duplicate_for_same_parent_sequence
65;2;22;4;diversification;6;696d092bfb57;move;;;60;52;;;;;;;;;;True;False;False;False;;ok;15464.527684700786;15134.157448544036;15134.157448544036;15134.157448544036;451;15134.157448544036;7017.7531;330.37023615675025;Evaluated;19.1989;0.6312;64;True;2;duplicate_for_same_parent_sequence
65;2;22;5;diversification;6;696d092bfb57;move;;;20;30;;;;;;;;;;True;False;False;True;;ok;15131.44544799053;15134.157448544036;15134.157448544036;15134.157448544036;452;15134.157448544036;7033.4022;-2.712000553505277;Evaluated;15.0212;0.6256;64;True;1;
65;2;22;6;diversification;6;696d092bfb57;move;;;56;48;;;;;;;;;;True;False;False;False;;ok;15148.581970897576;15134.157448544036;15134.157448544036;15134.157448544036;453;15134.157448544036;7049.0449;14.424522353539942;Evaluated;15.0157;0.6241;64;True;1;
65;2;22;7;diversification;6;696d092bfb57;move;;;30;12;;;;;;;;;;True;False;False;True;;ok;16985.07467967004;15134.157448544036;15134.157448544036;15134.157448544036;454;15134.157448544036;7068.2575;1850.9172311260045;Evaluated;18.5795;0.6301;64;True;2;duplicate_for_same_parent_sequence
65;2;22;8;diversification;6;696d092bfb57;move;;;20;15;;;;;;;;;;True;False;False;False;;ok;16581.239457902644;15134.157448544036;15134.157448544036;15134.157448544036;455;15134.157448544036;7083.8398;1447.082009358608;Evaluated;14.9539;0.6273;64;True;1;
65;2;22;9;diversification;6;696d092bfb57;move;;;26;40;;;;;;;;;;True;False;False;True;;ok;16047.781186670965;15134.157448544036;15134.157448544036;15134.157448544036;456;15134.157448544036;7106.8668;913.6237381269293;Evaluated;22.3956;0.6288;64;True;3;duplicate_for_same_parent_sequence
65;2;22;10;diversification;6;696d092bfb57;move;;;50;45;;;;;;;;;;True;False;False;False;;ok;15143.109614594032;15134.157448544036;15134.157448544036;15134.157448544036;457;15134.157448544036;7122.53;8.952166049995867;Evaluated;15.0352;0.6245;64;True;1;
65;2;22;;diversification;0;;;;;;;;;;;;;;;;;;;;;End-of-iteration summary row;;;15128.329442680631;15128.329442680631;457;15128.329442680631;7122.5427;;IterationSummary;;;;;;
66;2;23;1;normal;0;325eb21aeffd;move;;;2;10;;;;;;;;;;True;False;False;False;;ok;17719.69203053998;15128.329442680631;15128.329442680631;15128.329442680631;458;15128.329442680631;7141.0886;2591.3625878593484;Evaluated;17.9131;0.6267;64;True;1;
66;2;23;2;normal;0;325eb21aeffd;swap;18;20;;;;;;;;;;;;True;False;False;False;;ok;17020.036781737246;15128.329442680631;15128.329442680631;15128.329442680631;459;15128.329442680631;7156.331;1891.7073390566147;Evaluated;14.6121;0.6276;64;True;1;
66;2;23;3;normal;0;325eb21aeffd;reinsert_block;;;;;;;32;40;15;;;;;True;False;False;True;;ok;16342.145115080222;15128.329442680631;15128.329442680631;15128.329442680631;460;15128.329442680631;7171.8166;1213.8156723995908;Evaluated;14.8538;0.6276;64;True;1;
66;2;23;4;normal;0;325eb21aeffd;move;;;56;30;;;;;;;;;;True;False;False;True;;ok;15204.034954377243;15128.329442680631;15128.329442680631;15128.329442680631;461;15128.329442680631;7187.0922;75.70551169661121;Evaluated;14.6496;0.6252;64;True;1;
66;2;23;5;normal;0;325eb21aeffd;move;;;50;40;;;;;;;;;;True;False;False;True;;ok;15142.148522231837;15128.329442680631;15128.329442680631;15128.329442680631;462;15128.329442680631;7202.1677;13.819079551205505;Evaluated;14.4467;0.6279;64;True;1;
66;2;23;;normal;1;;;;;;;;;;;;;;;;;;;;;End-of-iteration summary row;;;15128.329442680631;15128.329442680631;462;15128.329442680631;7202.171;;IterationSummary;;;;;;
67;2;24;1;normal;1;325eb21aeffd;move;;;10;5;;;;;;;;;;True;False;False;False;;ok;16659.484047155238;15128.329442680631;15128.329442680631;15128.329442680631;463;15128.329442680631;7220.0865;1531.1546044746065;Evaluated;17.2763;0.6266;64;True;1;
67;2;24;2;normal;1;325eb21aeffd;swap;17;25;;;;;;;;;;;;True;False;False;False;;ok;16732.170792518296;15128.329442680631;15128.329442680631;15128.329442680631;464;15128.329442680631;7235.4015;1603.841349837665;Evaluated;14.688;0.6263;64;True;1;
67;2;24;3;normal;1;325eb21aeffd;reinsert_block;;;;;;;35;40;15;;;;;True;False;False;True;;ok;16381.500536840125;15128.329442680631;15128.329442680631;15128.329442680631;465;15128.329442680631;7251.5509;1253.1710941594938;Evaluated;15.5186;0.6277;64;True;1;
67;2;24;4;normal;1;325eb21aeffd;move;;;56;48;;;;;;;;;;True;False;False;False;;ok;15137.709391895289;15128.329442680631;15128.329442680631;15128.329442680631;466;15128.329442680631;7266.8338;9.379949214657245;Evaluated;14.6544;0.6256;64;True;1;
67;2;24;5;normal;1;325eb21aeffd;move;;;50;45;;;;;;;;;;True;False;False;False;;ok;15134.053425687804;15128.329442680631;15128.329442680631;15128.329442680631;467;15128.329442680631;7281.6518;5.723983007172137;Evaluated;14.1858;0.6292;64;True;1;
67;2;24;;normal;2;;;;;;;;;;;;;;;;;;;;;End-of-iteration summary row;;;15128.329442680631;15128.329442680631;467;15128.329442680631;7281.6547;;IterationSummary;;;;;;
68;2;25;1;normal;2;325eb21aeffd;move;;;7;3;;;;;;;;;;True;False;False;False;;ok;17271.8880463695;15128.329442680631;15128.329442680631;15128.329442680631;468;15128.329442680631;7303.3636;2143.558603688867;Evaluated;21.0722;0.6277;64;True;2;duplicate_for_same_parent_sequence
68;2;25;2;normal;2;325eb21aeffd;swap;25;30;;;;;;;;;;;;True;False;False;False;;ok;15133.076131192985;15128.329442680631;15128.329442680631;15128.329442680631;469;15128.329442680631;7322.5192;4.746688512354012;Evaluated;18.5242;0.6286;64;True;2;duplicate_for_same_parent_sequence
68;2;25;3;normal;2;325eb21aeffd;reinsert_block;;;;;;;35;40;20;;;;;True;False;False;True;;ok;16417.863860940983;15128.329442680631;15128.329442680631;15128.329442680631;470;15128.329442680631;7338.6607;1289.5344182603512;Evaluated;15.5099;0.6284;64;True;1;
68;2;25;4;normal;2;325eb21aeffd;move;;;50;43;;;;;;;;;;True;False;False;False;;ok;15134.053425687804;15128.329442680631;15128.329442680631;15128.329442680631;471;15128.329442680631;7353.9609;5.723983007172137;Evaluated;14.6687;0.6284;64;True;1;
68;2;25;5;normal;2;325eb21aeffd;move;;;50;30;;;;;;;;;;True;False;False;True;;ok;15854.71818348478;15128.329442680631;15128.329442680631;15128.329442680631;472;15128.329442680631;7369.0644;726.3887408041483;Evaluated;14.4772;0.6236;64;True;1;
68;2;25;;normal;3;;;;;;;;;;;;;;;;;;;;;End-of-iteration summary row;;;15128.329442680631;15128.329442680631;472;15128.329442680631;7369.0651;;IterationSummary;;;;;;
69;2;26;1;diversification;3;325eb21aeffd;move;;;7;3;;;;;;;;;;False;True;False;;;ok;;15128.329442680631;15128.329442680631;15128.329442680631;472;15128.329442680631;7394.2896;;DuplicateForSameParentSequenceAfterRetries;25.2179;;;;3;duplicate_for_same_parent_sequence
69;2;26;2;diversification;3;325eb21aeffd;reinsert_block;;;;;;;20;25;16;;;;;True;False;False;False;;ok;17283.78047970948;15128.329442680631;15128.329442680631;15128.329442680631;473;15128.329442680631;7410.2977;2155.451037028848;Evaluated;15.38;0.6271;64;True;1;
69;2;26;3;diversification;3;325eb21aeffd;swap;35;40;;;;;;;;;;;;True;False;False;False;;ok;16083.490723988372;15128.329442680631;15128.329442680631;15128.329442680631;474;15128.329442680631;7426.1374;955.1612813077409;Evaluated;15.211;0.626;64;True;1;
69;2;26;4;diversification;3;325eb21aeffd;move;;;52;48;;;;;;;;;;True;False;False;False;;ok;15395.040846457281;15128.329442680631;15128.329442680631;15128.329442680631;475;15128.329442680631;7441.7149;266.7114037766496;Evaluated;14.9477;0.6269;64;True;1;
69;2;26;5;diversification;3;325eb21aeffd;move;;;20;15;;;;;;;;;;True;False;False;False;;ok;16586.929144179507;15128.329442680631;15128.329442680631;15128.329442680631;476;15128.329442680631;7457.3134;1458.5997014988752;Evaluated;14.9727;0.625;64;True;1;
69;2;26;6;diversification;3;325eb21aeffd;move;;;50;10;;;;;;;;;;True;False;False;True;;ok;16372.134630559265;15128.329442680631;15128.329442680631;15128.329442680631;477;15128.329442680631;7472.9588;1243.8051878786337;Evaluated;15.0148;0.6275;64;True;1;
69;2;26;7;diversification;3;325eb21aeffd;move;;;30;15;;;;;;;;;;True;False;False;True;;ok;16236.399505191135;15128.329442680631;15128.329442680631;15128.329442680631;478;15128.329442680631;7491.8124;1108.0700625105037;Evaluated;18.2259;0.625;64;True;2;duplicate_for_same_parent_sequence
69;2;26;8;diversification;3;325eb21aeffd;move;;;18;25;;;;;;;;;;True;False;False;False;;ok;16921.28802274225;15128.329442680631;15128.329442680631;15128.329442680631;479;15128.329442680631;7507.3482;1792.9585800616187;Evaluated;14.9071;0.6259;64;True;1;
69;2;26;9;diversification;3;325eb21aeffd;move;;;28;15;;;;;;;;;;True;False;False;True;;ok;17167.895913090415;15128.329442680631;15128.329442680631;15128.329442680631;480;15128.329442680631;7522.7796;2039.5664704097835;Evaluated;14.801;0.6271;64;True;1;
69;2;26;10;diversification;3;325eb21aeffd;move;;;52;43;;;;;;;;;;True;False;False;False;;ok;15676.977700292278;15128.329442680631;15128.329442680631;15128.329442680631;481;15128.329442680631;7538.3741;548.6482576116468;Evaluated;14.9638;0.6275;64;True;1;
69;2;26;;diversification;4;;;;;;;;;;;;;;;;;;;;;End-of-iteration summary row;;;15128.329442680631;15128.329442680631;481;15128.329442680631;7538.3779;;IterationSummary;;;;;;
70;2;27;1;diversification;4;325eb21aeffd;move;;;4;20;;;;;;;;;;True;False;False;True;;ok;16897.590927327423;15128.329442680631;15128.329442680631;15128.329442680631;482;15128.329442680631;7556.3718;1769.2614846467914;Evaluated;17.3531;0.6285;64;True;1;
70;2;27;2;diversification;4;325eb21aeffd;move;;;35;40;;;;;;;;;;True;False;False;False;;ok;16078.03559568087;15128.329442680631;15128.329442680631;15128.329442680631;483;15128.329442680631;7576.0533;949.7061530002393;Evaluated;19.0529;0.6259;64;True;2;duplicate_for_same_parent_sequence
70;2;27;3;diversification;4;325eb21aeffd;swap;35;42;;;;;;;;;;;;True;False;False;False;;ok;15285.690448207755;15128.329442680631;15128.329442680631;15128.329442680631;484;15128.329442680631;7595.8061;157.36100552712378;Evaluated;19.127;0.6227;64;True;2;duplicate_for_same_parent_sequence
70;2;27;4;diversification;4;325eb21aeffd;move;;;53;48;;;;;;;;;;True;False;False;False;;ok;15128.898685728984;15128.329442680631;15128.329442680631;15128.329442680631;485;15128.329442680631;7611.3999;0.5692430483522912;Evaluated;14.9653;0.6278;64;True;1;
70;2;27;5;diversification;4;325eb21aeffd;move;;;52;40;;;;;;;;;;True;False;False;True;;ok;15858.902172128739;15128.329442680631;15128.329442680631;15128.329442680631;486;15128.329442680631;7626.9897;730.5727294481076;Evaluated;14.9601;0.6265;64;True;1;
70;2;27;6;diversification;4;325eb21aeffd;move;;;48;32;;;;;;;;;;True;False;False;True;;ok;16429.32730486086;15128.329442680631;15128.329442680631;15128.329442680631;487;15128.329442680631;7642.6397;1300.9978621802293;Evaluated;15.0177;0.6289;64;True;1;
70;2;27;7;diversification;4;325eb21aeffd;move;;;40;15;;;;;;;;;;True;False;False;True;;ok;16850.24963618107;15128.329442680631;15128.329442680631;15128.329442680631;488;15128.329442680631;7657.8915;1721.9201935004385;Evaluated;14.6218;0.6273;64;True;1;
70;2;27;8;diversification;4;325eb21aeffd;move;;;22;8;;;;;;;;;;True;False;False;True;;ok;16239.171404724393;15128.329442680631;15128.329442680631;15128.329442680631;489;15128.329442680631;7677.5488;1110.8419620437617;Evaluated;19.03;0.624;64;True;2;duplicate_for_same_parent_sequence
70;2;27;9;diversification;4;325eb21aeffd;move;;;24;30;;;;;;;;;;True;False;False;False;;ok;15135.900040056551;15128.329442680631;15128.329442680631;15128.329442680631;490;15128.329442680631;7693.2466;7.570597375919533;Evaluated;15.0673;0.6299;64;True;1;
70;2;27;10;diversification;4;325eb21aeffd;move;;;50;12;;;;;;;;;;True;False;False;True;;ok;16372.134630559265;15128.329442680631;15128.329442680631;15128.329442680631;491;15128.329442680631;7709.1387;1243.8051878786337;Evaluated;15.2643;0.6251;64;True;1;
70;2;27;;diversification;5;;;;;;;;;;;;;;;;;;;;;End-of-iteration summary row;;;15128.329442680631;15128.329442680631;491;15128.329442680631;7709.142;;IterationSummary;;;;;;
71;2;28;1;diversification;5;325eb21aeffd;move;;;10;25;;;;;;;;;;True;False;False;True;;ok;16915.033851133863;15128.329442680631;15128.329442680631;15128.329442680631;492;15128.329442680631;7727.2638;1786.7044084532317;Evaluated;17.4834;0.6257;64;True;1;
71;2;28;2;diversification;5;325eb21aeffd;reinsert_block;;;;;;;18;24;35;;;;;True;False;False;True;;ok;16329.63961052229;15128.329442680631;15128.329442680631;15128.329442680631;493;15128.329442680631;7743.2512;1201.3101678416588;Evaluated;15.3559;0.6281;64;True;1;
71;2;28;3;diversification;5;325eb21aeffd;swap;32;47;;;;;;;;;;;;True;False;False;True;;ok;15134.157448544036;15128.329442680631;15128.329442680631;15128.329442680631;494;15128.329442680631;7762.9789;5.828005863404542;Evaluated;19.0998;0.6254;64;True;2;duplicate_for_same_parent_sequence
71;2;28;4;diversification;5;325eb21aeffd;move;;;48;30;;;;;;;;;;True;False;False;True;;ok;16429.32730486086;15128.329442680631;15128.329442680631;15128.329442680631;495;15128.329442680631;7782.7736;1300.9978621802293;Evaluated;19.1653;0.6267;64;True;2;duplicate_for_same_parent_sequence
71;2;28;5;diversification;5;325eb21aeffd;swap;3;7;;;;;;;;;;;;True;False;False;False;;ok;15129.95247818122;15128.329442680631;15128.329442680631;15128.329442680631;496;15128.329442680631;7802.1874;1.6230355005882302;Evaluated;18.7844;0.6262;64;True;2;duplicate_for_same_parent_sequence
71;2;28;6;diversification;5;325eb21aeffd;move;;;25;35;;;;;;;;;;True;False;False;True;;ok;15597.42127551415;15128.329442680631;15128.329442680631;15128.329442680631;497;15128.329442680631;7817.8262;469.0918328335192;Evaluated;15.0073;0.6281;64;True;1;
71;2;28;7;diversification;5;325eb21aeffd;move;;;30;45;;;;;;;;;;True;False;False;True;;ok;16052.830522325134;15128.329442680631;15128.329442680631;15128.329442680631;498;15128.329442680631;7837.2768;924.5010796445022;Evaluated;18.8212;0.6261;64;True;2;duplicate_for_same_parent_sequence
71;2;28;8;diversification;5;325eb21aeffd;move;;;8;20;;;;;;;;;;True;False;False;True;;ok;16471.619298570422;15128.329442680631;15128.329442680631;15128.329442680631;499;15128.329442680631;7852.7845;1343.2898558897905;Evaluated;14.8778;0.6272;64;True;1;
71;2;28;9;diversification;5;325eb21aeffd;move;;;25;30;;;;;;;;;;True;False;False;False;;ok;15130.729852879627;15128.329442680631;15128.329442680631;15128.329442680631;500;15128.329442680631;7868.4928;2.4004101989958144;Evaluated;15.079;0.6258;64;True;1;
71;2;28;10;diversification;5;325eb21aeffd;move;;;48;35;;;;;;;;;;True;False;False;True;;ok;16426.64234670192;15128.329442680631;15128.329442680631;15128.329442680631;501;15128.329442680631;7887.9573;1298.312904021288;Evaluated;18.8354;0.6284;64;True;2;duplicate_for_same_parent_sequence
71;2;28;;diversification;6;;;;;;;;;;;;;;;;;;;;;End-of-iteration summary row;;;15128.329442680631;15128.329442680631;501;15128.329442680631;7887.9601;;IterationSummary;;;;;;
72;2;29;1;diversification;6;325eb21aeffd;move;;;5;20;;;;;;;;;;True;False;False;True;;ok;15506.757897682068;15128.329442680631;15128.329442680631;15128.329442680631;502;15128.329442680631;7906.2931;378.4284550014363;Evaluated;17.6989;0.6263;64;True;1;
72;2;29;2;diversification;6;325eb21aeffd;reinsert_block;;;;;;;20;24;35;;;;;True;False;False;True;;ok;15620.254563669647;15128.329442680631;15128.329442680631;15128.329442680631;503;15128.329442680631;7922.2958;491.92512098901534;Evaluated;15.3731;0.6269;64;True;1;
72;2;29;3;diversification;6;325eb21aeffd;move;;;35;10;;;;;;;;;;True;False;False;True;;ok;17270.39778598828;15128.329442680631;15128.329442680631;15128.329442680631;504;15128.329442680631;7945.5706;2142.0683433076483;Evaluated;22.6457;0.626;64;True;3;duplicate_for_same_parent_sequence
72;2;29;4;diversification;6;325eb21aeffd;move;;;62;50;;;;;;;;;;True;False;False;True;;ok;14407.21002580789;15128.329442680631;15128.329442680631;15128.329442680631;505;15128.329442680631;7964.6862;-721.1194168727416;Evaluated;18.4877;0.6246;64;True;2;duplicate_for_same_parent_sequence
72;2;29;5;diversification;6;325eb21aeffd;move;;;15;30;;;;;;;;;;True;False;False;True;;ok;16452.779019497524;15128.329442680631;15128.329442680631;15128.329442680631;506;15128.329442680631;7980.3227;1324.4495768168927;Evaluated;15.0081;0.6276;64;True;1;
72;2;29;6;diversification;6;325eb21aeffd;move;;;15;25;;;;;;;;;;True;False;False;True;;ok;17105.422311502298;15128.329442680631;15128.329442680631;15128.329442680631;507;15128.329442680631;7996.1781;1977.0928688216663;Evaluated;15.2253;0.6266;64;True;1;
72;2;29;7;diversification;6;325eb21aeffd;move;;;40;25;;;;;;;;;;True;False;False;True;;ok;16859.53541363798;15128.329442680631;15128.329442680631;15128.329442680631;508;15128.329442680631;8011.3866;1731.2059709573477;Evaluated;14.5769;0.6284;64;True;1;
72;2;29;8;diversification;6;325eb21aeffd;move;;;8;15;;;;;;;;;;True;False;False;False;;ok;16686.700773639797;15128.329442680631;15128.329442680631;15128.329442680631;509;15128.329442680631;8026.9472;1558.3713309591658;Evaluated;14.929;0.6284;64;True;1;
72;2;29;9;diversification;6;325eb21aeffd;move;;;24;35;;;;;;;;;;True;False;False;True;;ok;15597.42127551415;15128.329442680631;15128.329442680631;15128.329442680631;510;15128.329442680631;8042.6637;469.0918328335192;Evaluated;15.0867;0.6266;64;True;1;
72;2;29;10;diversification;6;325eb21aeffd;move;;;40;50;;;;;;;;;;True;False;False;True;;ok;15595.052401171659;15128.329442680631;15128.329442680631;15128.329442680631;511;15128.329442680631;8058.259;466.7229584910274;Evaluated;14.9649;0.6273;64;True;1;
72;2;29;;diversification;0;;;;;;;;;;;;;;;;;;;;;End-of-iteration summary row;;;14407.21002580789;14407.21002580789;511;14407.21002580789;8058.2694;;IterationSummary;;;;;;
73;2;30;1;normal;0;232b6d38e81d;move;;;10;20;;;;;;;;;;True;False;False;True;;ok;16570.144946277902;14407.21002580789;14407.21002580789;14407.21002580789;512;14407.21002580789;8076.452;2162.934920470012;Evaluated;17.5452;0.6278;64;True;1;
73;2;30;2;normal;0;232b6d38e81d;swap;17;20;;;;;;;;;;;;True;False;False;False;;ok;16718.144104817915;14407.21002580789;14407.21002580789;14407.21002580789;513;14407.21002580789;8092.0097;2310.934079010025;Evaluated;14.931;0.6238;64;True;1;
73;2;30;3;normal;0;232b6d38e81d;reinsert_block;;;;;;;35;40;20;;;;;True;False;False;True;;ok;16077.136790136718;14407.21002580789;14407.21002580789;14407.21002580789;514;14407.21002580789;8108.1383;1669.9267643288276;Evaluated;15.4966;0.6289;64;True;1;
73;2;30;4;normal;0;232b6d38e81d;move;;;52;48;;;;;;;;;;True;False;False;False;;ok;14794.66696316399;14407.21002580789;14407.21002580789;14407.21002580789;515;14407.21002580789;8123.4247;387.45693735610075;Evaluated;14.6563;0.6272;64;True;1;
73;2;30;5;normal;0;232b6d38e81d;move;;;30;45;;;;;;;;;;True;False;False;True;;ok;16252.09062248491;14407.21002580789;14407.21002580789;14407.21002580789;516;14407.21002580789;8138.7537;1844.8805966770196;Evaluated;14.6992;0.627;64;True;1;
73;2;30;;normal;1;;;;;;;;;;;;;;;;;;;;;End-of-iteration summary row;;;14407.21002580789;14407.21002580789;516;14407.21002580789;8138.7568;;IterationSummary;;;;;;
74;2;31;1;normal;1;232b6d38e81d;move;;;5;10;;;;;;;;;;True;False;False;False;;ok;16569.842275028186;14407.21002580789;14407.21002580789;14407.21002580789;517;14407.21002580789;8156.5887;2162.632249220296;Evaluated;17.1923;0.6269;64;True;1;
74;2;31;2;normal;1;232b6d38e81d;swap;18;25;;;;;;;;;;;;True;False;False;False;;ok;16399.36297616726;14407.21002580789;14407.21002580789;14407.21002580789;518;14407.21002580789;8172.097;1992.1529503593702;Evaluated;14.8812;0.6256;64;True;1;
74;2;31;3;normal;1;232b6d38e81d;reinsert_block;;;;;;;35;40;25;;;;;True;False;False;True;;ok;15700.862738488742;14407.21002580789;14407.21002580789;14407.21002580789;519;14407.21002580789;8187.7538;1293.6527126808523;Evaluated;15.0283;0.6264;64;True;1;
74;2;31;4;normal;1;232b6d38e81d;move;;;50;25;;;;;;;;;;True;False;False;True;;ok;14929.907597757952;14407.21002580789;14407.21002580789;14407.21002580789;520;14407.21002580789;8203.0447;522.6975719500624;Evaluated;14.6635;0.624;64;True;1;
74;2;31;5;normal;1;232b6d38e81d;move;;;25;10;;;;;;;;;;True;False;False;True;;ok;16035.365745380546;14407.21002580789;14407.21002580789;14407.21002580789;521;14407.21002580789;8218.038;1628.1557195726564;Evaluated;14.3666;0.6239;64;True;1;
74;2;31;;normal;2;;;;;;;;;;;;;;;;;;;;;End-of-iteration summary row;;;14407.21002580789;14407.21002580789;521;14407.21002580789;8218.0391;;IterationSummary;;;;;;
75;2;32;1;normal;2;232b6d38e81d;move;;;10;25;;;;;;;;;;True;False;False;True;;ok;16574.3067803296;14407.21002580789;14407.21002580789;14407.21002580789;522;14407.21002580789;8235.7401;2167.09675452171;Evaluated;17.0656;0.6281;64;True;1;
75;2;32;2;normal;2;232b6d38e81d;swap;18;20;;;;;;;;;;;;True;False;False;False;;ok;16679.309710932986;14407.21002580789;14407.21002580789;14407.21002580789;523;14407.21002580789;8251.3159;2272.0996851250966;Evaluated;14.9468;0.6261;64;True;1;
75;2;32;3;normal;2;232b6d38e81d;move;;;18;30;;;;;;;;;;True;False;False;True;;ok;16121.10330482843;14407.21002580789;14407.21002580789;14407.21002580789;524;14407.21002580789;8271.2935;1713.89327902054;Evaluated;19.3493;0.6256;64;True;2;duplicate_for_same_parent_sequence
75;2;32;4;normal;2;232b6d38e81d;move;;;50;30;;;;;;;;;;True;False;False;True;;ok;14866.38585290704;14407.21002580789;14407.21002580789;14407.21002580789;525;14407.21002580789;8286.5734;459.1758270991504;Evaluated;14.649;0.6282;64;True;1;
75;2;32;5;normal;2;232b6d38e81d;move;;;40;15;;;;;;;;;;True;False;False;True;;ok;16509.52776355243;14407.21002580789;14407.21002580789;14407.21002580789;526;14407.21002580789;8301.6387;2102.317737744539;Evaluated;14.4366;0.6256;64;True;1;
75;2;32;;normal;3;;;;;;;;;;;;;;;;;;;;;End-of-iteration summary row;;;14407.21002580789;14407.21002580789;526;14407.21002580789;8301.6415;;IterationSummary;;;;;;
76;2;33;1;diversification;3;232b6d38e81d;move;;;7;25;;;;;;;;;;True;False;False;True;;ok;16753.228582234886;14407.21002580789;14407.21002580789;14407.21002580789;527;14407.21002580789;8324.0809;2346.018556426996;Evaluated;21.8051;0.6246;64;True;2;duplicate_for_same_parent_sequence
76;2;33;2;diversification;3;232b6d38e81d;reinsert_block;;;;;;;18;23;5;;;;;True;False;False;True;;ok;16934.53126166152;14407.21002580789;14407.21002580789;14407.21002580789;528;14407.21002580789;8340.0497;2527.3212358536293;Evaluated;15.3389;0.6257;64;True;1;
76;2;33;3;diversification;3;232b6d38e81d;swap;35;40;;;;;;;;;;;;True;False;False;False;;ok;15740.08084983998;14407.21002580789;14407.21002580789;14407.21002580789;529;14407.21002580789;8355.9543;1332.8708240320902;Evaluated;15.2765;0.627;64;True;1;
76;2;33;4;diversification;3;232b6d38e81d;move;;;51;48;;;;;;;;;;True;False;False;False;;ok;14398.136504790837;14407.21002580789;14407.21002580789;14407.21002580789;530;14407.21002580789;8371.5831;-9.073521017053281;EvaluatedImprovementDespiteDiversificationMismatch;14.9968;0.6294;64;True;1;
76;2;33;5;diversification;3;232b6d38e81d;move;;;20;15;;;;;;;;;;True;False;False;False;;ok;16243.332750643453;14407.21002580789;14407.21002580789;14407.21002580789;531;14407.21002580789;8387.2625;1836.1227248355626;Evaluated;15.0475;0.6277;64;True;1;
76;2;33;6;diversification;3;232b6d38e81d;move;;;50;48;;;;;;;;;;True;False;False;False;;ok;14407.21002580789;14407.21002580789;14407.21002580789;14407.21002580789;532;14407.21002580789;8402.6891;0.0;Evaluated;14.7954;0.6283;64;True;1;
76;2;33;7;diversification;3;232b6d38e81d;move;;;53;40;;;;;;;;;;True;False;False;True;;ok;15515.001210684448;14407.21002580789;14407.21002580789;14407.21002580789;533;14407.21002580789;8417.9476;1107.791184876558;Evaluated;14.6293;0.6262;64;True;1;
76;2;33;8;diversification;3;232b6d38e81d;swap;8;12;;;;;;;;;;;;True;False;False;False;;ok;15257.10965615186;14407.21002580789;14407.21002580789;14407.21002580789;534;14407.21002580789;8437.346;849.8996303439708;Evaluated;18.7674;0.6297;64;True;2;duplicate_for_same_parent_sequence
76;2;33;9;diversification;3;232b6d38e81d;move;;;25;30;;;;;;;;;;True;False;False;False;;ok;14416.510652806872;14407.21002580789;14407.21002580789;14407.21002580789;535;14407.21002580789;8452.9202;9.300626998981897;Evaluated;14.9423;0.6287;64;True;1;
76;2;33;10;diversification;3;232b6d38e81d;move;;;50;20;;;;;;;;;;True;False;False;True;;ok;16158.021127710956;14407.21002580789;14407.21002580789;14407.21002580789;536;14407.21002580789;8468.5127;1750.8111019030657;Evaluated;14.9606;0.6292;64;True;1;
76;2;33;;diversification;0;;;;;;;;;;;;;;;;;;;;;End-of-iteration summary row;;;14398.136504790837;14398.136504790837;536;14398.136504790837;8468.5294;;IterationSummary;;;;;;
77;2;34;1;normal;0;27c991d4e6a5;move;;;7;15;;;;;;;;;;True;False;False;False;;ok;16337.92977613739;14398.136504790837;14398.136504790837;14398.136504790837;537;14398.136504790837;8486.651;1939.7932713465525;Evaluated;17.4876;0.6261;64;True;1;
77;2;34;2;normal;0;27c991d4e6a5;swap;20;25;;;;;;;;;;;;True;False;False;False;;ok;14398.136504790837;14398.136504790837;14398.136504790837;14398.136504790837;538;14398.136504790837;8502.2169;0.0;Evaluated;14.9365;0.6267;64;True;1;
77;2;34;3;normal;0;27c991d4e6a5;reinsert_block;;;;;;;35;40;28;;;;;True;False;False;False;;ok;15889.191103869216;14398.136504790837;14398.136504790837;14398.136504790837;539;14398.136504790837;8517.8641;1491.0545990783794;Evaluated;15.0184;0.626;64;True;1;
77;2;34;4;normal;0;27c991d4e6a5;move;;;50;25;;;;;;;;;;True;False;False;True;;ok;16518.121295270714;14398.136504790837;14398.136504790837;14398.136504790837;540;14398.136504790837;8533.4074;2119.984790479877;Evaluated;14.913;0.6269;64;True;1;
77;2;34;5;normal;0;27c991d4e6a5;move;;;50;45;;;;;;;;;;True;False;False;False;;ok;14415.565186521484;14398.136504790837;14398.136504790837;14398.136504790837;541;14398.136504790837;8548.4111;17.42868173064744;Evaluated;14.3734;0.6273;64;True;1;
77;2;34;;normal;1;;;;;;;;;;;;;;;;;;;;;End-of-iteration summary row;;;14398.136504790837;14398.136504790837;541;14398.136504790837;8548.412;;IterationSummary;;;;;;
78;2;35;1;normal;1;27c991d4e6a5;move;;;5;10;;;;;;;;;;True;False;False;False;;ok;16737.358847872274;14398.136504790837;14398.136504790837;14398.136504790837;542;14398.136504790837;8566.3011;2339.2223430814374;Evaluated;17.2562;0.6275;64;True;1;
78;2;35;2;normal;1;27c991d4e6a5;swap;18;25;;;;;;;;;;;;True;False;False;False;;ok;16402.15888825683;14398.136504790837;14398.136504790837;14398.136504790837;543;14398.136504790837;8581.6422;2004.0223834659919;Evaluated;14.7125;0.6258;64;True;1;
78;2;35;3;normal;1;27c991d4e6a5;move;;;36;29;;;;;;;;;;True;False;False;False;;ok;16033.666669962297;14398.136504790837;14398.136504790837;14398.136504790837;544;14398.136504790837;8601.2739;1635.5301651714599;Evaluated;18.9993;0.6292;64;True;2;duplicate_for_same_parent_sequence
78;2;35;4;normal;1;27c991d4e6a5;move;;;50;48;;;;;;;;;;True;False;False;False;;ok;14405.636034017107;14398.136504790837;14398.136504790837;14398.136504790837;545;14398.136504790837;8616.5454;7.49952922627017;Evaluated;14.6439;0.6247;64;True;1;
78;2;35;5;normal;1;27c991d4e6a5;move;;;40;35;;;;;;;;;;True;False;False;False;;ok;14862.995907189252;14398.136504790837;14398.136504790837;14398.136504790837;546;14398.136504790837;8631.8646;464.8594023984151;Evaluated;14.6934;0.6228;64;True;1;
78;2;35;;normal;2;;;;;;;;;;;;;;;;;;;;;End-of-iteration summary row;;;14398.136504790837;14398.136504790837;546;14398.136504790837;8631.868;;IterationSummary;;;;;;
79;2;36;1;normal;2;27c991d4e6a5;move;;;20;24;;;;;;;;;;True;False;False;False;;ok;14381.820815355286;14398.136504790837;14398.136504790837;14398.136504790837;547;14398.136504790837;8653.8921;-16.315689435550667;Evaluated;21.3872;0.6287;64;True;2;duplicate_for_same_parent_sequence
79;2;36;2;normal;2;27c991d4e6a5;swap;18;24;;;;;;;;;;;;True;False;False;False;;ok;15907.724487772079;14398.136504790837;14398.136504790837;14398.136504790837;548;14398.136504790837;8673.3334;1509.587982981242;Evaluated;18.8126;0.6259;64;True;2;duplicate_for_same_parent_sequence
79;2;36;3;normal;2;27c991d4e6a5;move;;;37;31;;;;;;;;;;True;False;False;False;;ok;14396.746158309335;14398.136504790837;14398.136504790837;14398.136504790837;549;14398.136504790837;8692.9289;-1.390346481501183;Evaluated;18.9692;0.6255;64;True;2;duplicate_for_same_parent_sequence
79;2;36;4;normal;2;27c991d4e6a5;move;;;50;30;;;;;;;;;;True;False;False;True;;ok;14865.541342121229;14398.136504790837;14398.136504790837;14398.136504790837;550;14398.136504790837;8708.1729;467.4048373303922;Evaluated;14.6126;0.6287;64;True;1;
79;2;36;5;normal;2;27c991d4e6a5;move;;;42;30;;;;;;;;;;True;False;False;True;;ok;15765.333615203996;14398.136504790837;14398.136504790837;14398.136504790837;551;14398.136504790837;8723.2403;1367.197110413159;Evaluated;14.4352;0.6294;64;True;1;
79;2;36;;normal;0;;;;;;;;;;;;;;;;;;;;;End-of-iteration summary row;;;14381.820815355286;14381.820815355286;551;14381.820815355286;8723.2586;;IterationSummary;;;;;;
80;2;37;1;normal;0;3bb7fd885399;move;;;5;10;;;;;;;;;;True;False;False;False;;ok;16570.83693927844;14381.820815355286;14381.820815355286;14381.820815355286;552;14381.820815355286;8741.7062;2189.0161239231547;Evaluated;17.8129;0.6276;64;True;1;
80;2;37;2;normal;0;3bb7fd885399;swap;20;25;;;;;;;;;;;;True;False;False;False;;ok;15756.472661499101;14381.820815355286;14381.820815355286;14381.820815355286;553;14381.820815355286;8756.998;1374.6518461438154;Evaluated;14.6608;0.6272;64;True;1;
80;2;37;3;normal;0;3bb7fd885399;reinsert_block;;;;;;;32;40;50;;;;;True;False;False;True;;ok;16499.570022875563;14381.820815355286;14381.820815355286;14381.820815355286;554;14381.820815355286;8772.6538;2117.749207520277;Evaluated;15.0276;0.6246;64;True;1;
80;2;37;4;normal;0;3bb7fd885399;move;;;52;48;;;;;;;;;;True;False;False;False;;ok;14728.231140462798;14381.820815355286;14381.820815355286;14381.820815355286;555;14381.820815355286;8787.9594;346.4103251075121;Evaluated;14.6744;0.6278;64;True;1;
80;2;37;5;normal;0;3bb7fd885399;move;;;40;35;;;;;;;;;;True;False;False;False;;ok;14407.40371424078;14381.820815355286;14381.820815355286;14381.820815355286;556;14381.820815355286;8803.0988;25.582898885493705;Evaluated;14.5089;0.6293;64;True;1;
80;2;37;;normal;1;;;;;;;;;;;;;;;;;;;;;End-of-iteration summary row;;;14381.820815355286;14381.820815355286;556;14381.820815355286;8803.1023;;IterationSummary;;;;;;
81;2;38;1;normal;1;3bb7fd885399;move;;;10;5;;;;;;;;;;True;False;False;False;;ok;16317.179466812731;14381.820815355286;14381.820815355286;14381.820815355286;557;14381.820815355286;8820.9429;1935.3586514574454;Evaluated;17.2015;0.6306;64;True;1;
81;2;38;2;normal;1;3bb7fd885399;swap;18;24;;;;;;;;;;;;True;False;False;False;;ok;16576.345421326238;14381.820815355286;14381.820815355286;14381.820815355286;558;14381.820815355286;8835.9785;2194.5246059709516;Evaluated;14.4069;0.6257;64;True;1;
81;2;38;3;normal;1;3bb7fd885399;reinsert_block;;;;;;;35;40;20;;;;;True;False;False;True;;ok;15841.14394822098;14381.820815355286;14381.820815355286;14381.820815355286;559;14381.820815355286;8852.1028;1459.3231328656948;Evaluated;15.4946;0.6266;64;True;1;
81;2;38;4;normal;1;3bb7fd885399;move;;;50;30;;;;;;;;;;True;False;False;True;;ok;14388.94240873793;14381.820815355286;14381.820815355286;14381.820815355286;560;14381.820815355286;8867.4447;7.121593382644278;Evaluated;14.7106;0.6289;64;True;1;
81;2;38;5;normal;1;3bb7fd885399;move;;;27;30;;;;;;;;;;True;False;False;False;;ok;16283.35803802696;14381.820815355286;14381.820815355286;14381.820815355286;561;14381.820815355286;8882.5179;1901.5372226716736;Evaluated;14.4437;0.6262;64;True;1;
81;2;38;;normal;2;;;;;;;;;;;;;;;;;;;;;End-of-iteration summary row;;;14381.820815355286;14381.820815355286;561;14381.820815355286;8882.5214;;IterationSummary;;;;;;
82;2;39;1;normal;2;3bb7fd885399;move;;;7;2;;;;;;;;;;True;False;False;False;;ok;17090.92934851454;14381.820815355286;14381.820815355286;14381.820815355286;562;14381.820815355286;8904.7442;2709.108533159253;Evaluated;21.5834;0.6268;64;True;2;duplicate_for_same_parent_sequence
82;2;39;2;normal;2;3bb7fd885399;swap;16;17;;;;;;;;;;;;True;False;False;False;;ok;14381.820815355286;14381.820815355286;14381.820815355286;14381.820815355286;563;14381.820815355286;8924.478;0.0;Evaluated;19.1047;0.626;64;True;2;duplicate_for_same_parent_sequence
82;2;39;3;normal;2;3bb7fd885399;reinsert_block;;;;;;;35;40;25;;;;;True;False;False;True;;ok;15649.94787565796;14381.820815355286;14381.820815355286;14381.820815355286;564;14381.820815355286;8940.1255;1268.1270603026733;Evaluated;15.0167;0.6276;64;True;1;
82;2;39;4;normal;2;3bb7fd885399;move;;;50;48;;;;;;;;;;True;False;False;False;;ok;14379.718710991094;14381.820815355286;14381.820815355286;14381.820815355286;565;14381.820815355286;8955.6758;-2.1021043641922006;Evaluated;14.9178;0.6288;64;True;1;
82;2;39;5;normal;2;3bb7fd885399;move;;;45;20;;;;;;;;;;True;False;False;True;;ok;15895.972253516615;14381.820815355286;14381.820815355286;14381.820815355286;566;14381.820815355286;8970.6999;1514.1514381613288;Evaluated;14.3943;0.6276;64;True;1;
82;2;39;;normal;0;;;;;;;;;;;;;;;;;;;;;End-of-iteration summary row;;;14379.718710991094;14379.718710991094;566;14379.718710991094;8970.7176;;IterationSummary;;;;;;
83;2;40;1;normal;0;b8735f4f4417;move;;;7;2;;;;;;;;;;True;False;False;False;;ok;16923.301959165794;14379.718710991094;14379.718710991094;14379.718710991094;567;14379.718710991094;8988.8392;2543.5832481747;Evaluated;17.4855;0.6303;64;True;1;
83;2;40;2;normal;0;b8735f4f4417;swap;18;24;;;;;;;;;;;;True;False;False;False;;ok;16573.549509236673;14379.718710991094;14379.718710991094;14379.718710991094;568;14379.718710991094;9004.3913;2193.830798245579;Evaluated;14.9232;0.6257;64;True;1;
83;2;40;3;normal;0;b8735f4f4417;reinsert_block;;;;;;;35;40;28;;;;;True;False;False;False;;ok;15833.08414500845;14379.718710991094;14379.718710991094;14379.718710991094;569;14379.718710991094;9020.0699;1453.3654340173562;Evaluated;15.0493;0.6266;64;True;1;
83;2;40;4;normal;0;b8735f4f4417;move;;;50;30;;;;;;;;;;True;False;False;True;;ok;16119.067027761348;14379.718710991094;14379.718710991094;14379.718710991094;570;14379.718710991094;9035.3493;1739.3483167702543;Evaluated;14.6492;0.6274;64;True;1;
83;2;40;5;normal;0;b8735f4f4417;move;;;45;20;;;;;;;;;;True;False;False;True;;ok;15875.83787838789;14379.718710991094;14379.718710991094;14379.718710991094;571;14379.718710991094;9050.4133;1496.119167396797;Evaluated;14.4345;0.6263;64;True;1;
83;2;40;;normal;1;;;;;;;;;;;;;;;;;;;;;End-of-iteration summary row;;;14379.718710991094;14379.718710991094;571;14379.718710991094;9050.4162;;IterationSummary;;;;;;
84;2;41;1;normal;1;b8735f4f4417;move;;;5;2;;;;;;;;;;True;False;False;False;;ok;16914.93760256638;14379.718710991094;14379.718710991094;14379.718710991094;572;14379.718710991094;9068.2602;2535.2188915752868;Evaluated;17.2037;0.6275;64;True;1;
84;2;41;2;normal;1;b8735f4f4417;swap;20;25;;;;;;;;;;;;True;False;False;False;;ok;15756.88423218357;14379.718710991094;14379.718710991094;14379.718710991094;573;14379.718710991094;9083.5918;1377.1655211924754;Evaluated;14.703;0.6251;64;True;1;
84;2;41;3;normal;1;b8735f4f4417;move;;;38;19;;;;;;;;;;True;False;False;True;;ok;16155.113579676261;14379.718710991094;14379.718710991094;14379.718710991094;574;14379.718710991094;9103.5161;1775.3948686851672;Evaluated;19.2952;0.6258;64;True;2;duplicate_for_same_parent_sequence
84;2;41;4;normal;1;b8735f4f4417;move;;;50;48;;;;;;;;;;True;False;False;False;;ok;14381.871810821132;14379.718710991094;14379.718710991094;14379.718710991094;575;14379.718710991094;9118.7434;2.1530998300386273;Evaluated;14.598;0.6286;64;True;1;
84;2;41;5;normal;1;b8735f4f4417;move;;;52;30;;;;;;;;;;True;False;False;True;;ok;16110.091096006416;14379.718710991094;14379.718710991094;14379.718710991094;576;14379.718710991094;9133.7769;1730.372385015322;Evaluated;14.4047;0.6259;64;True;1;
84;2;41;;normal;2;;;;;;;;;;;;;;;;;;;;;End-of-iteration summary row;;;14379.718710991094;14379.718710991094;576;14379.718710991094;9133.7803;;IterationSummary;;;;;;
85;2;42;1;normal;2;b8735f4f4417;move;;;10;5;;;;;;;;;;True;False;False;False;;ok;16314.383554723165;14379.718710991094;14379.718710991094;14379.718710991094;577;14379.718710991094;9155.7444;1934.664843732071;Evaluated;21.3212;0.6282;64;True;2;duplicate_for_same_parent_sequence
85;2;42;2;normal;2;b8735f4f4417;swap;16;20;;;;;;;;;;;;True;False;False;False;;ok;16270.455203137806;14379.718710991094;14379.718710991094;14379.718710991094;578;14379.718710991094;9179.3496;1890.7364921467124;Evaluated;22.975;0.6273;64;True;3;duplicate_for_same_parent_sequence
85;2;42;3;normal;2;b8735f4f4417;move;;;39;25;;;;;;;;;;True;False;False;True;;ok;15381.242072172303;14379.718710991094;14379.718710991094;14379.718710991094;579;14379.718710991094;9198.8997;1001.5233611812091;Evaluated;18.9194;0.6276;64;True;2;duplicate_for_same_parent_sequence
85;2;42;4;normal;2;b8735f4f4417;move;;;27;35;;;;;;;;;;True;False;False;False;;ok;16115.630209335342;14379.718710991094;14379.718710991094;14379.718710991094;580;14379.718710991094;9218.0191;1735.9114983442487;Evaluated;18.4907;0.6255;64;True;2;duplicate_for_same_parent_sequence
85;2;42;5;normal;2;b8735f4f4417;move;;;15;35;;;;;;;;;;True;False;False;True;;ok;16573.591417214444;14379.718710991094;14379.718710991094;14379.718710991094;581;14379.718710991094;9236.919;2193.87270622335;Evaluated;18.2699;0.6284;64;True;2;duplicate_for_same_parent_sequence
85;2;42;;normal;3;;;;;;;;;;;;;;;;;;;;;End-of-iteration summary row;;;14379.718710991094;14379.718710991094;581;14379.718710991094;9236.9228;;IterationSummary;;;;;;
86;2;43;1;diversification;3;b8735f4f4417;move;;;10;3;;;;;;;;;;True;False;False;False;;ok;17271.83365116924;14379.718710991094;14379.718710991094;14379.718710991094;582;14379.718710991094;9255.1114;2892.114940178146;Evaluated;17.5502;0.6299;64;True;1;
86;2;43;2;diversification;3;b8735f4f4417;reinsert_block;;;;;;;18;24;35;;;;;True;False;False;True;;ok;15988.652977174965;14379.718710991094;14379.718710991094;14379.718710991094;583;14379.718710991094;9271.1572;1608.934266183871;Evaluated;15.4157;0.6269;64;True;1;
86;2;43;3;diversification;3;b8735f4f4417;swap;36;42;;;;;;;;;;;;True;False;False;False;;ok;15164.368568778487;14379.718710991094;14379.718710991094;14379.718710991094;584;14379.718710991094;9286.7728;784.6498577873936;Evaluated;14.9848;0.6276;64;True;1;
86;2;43;4;diversification;3;b8735f4f4417;move;;;48;25;;;;;;;;;;True;False;False;True;;ok;15014.073966492791;14379.718710991094;14379.718710991094;14379.718710991094;585;14379.718710991094;9306.286;634.3552555016977;Evaluated;18.8839;0.6256;64;True;2;duplicate_for_same_parent_sequence
86;2;43;5;diversification;3;b8735f4f4417;move;;;25;10;;;;;;;;;;True;False;False;True;;ok;15314.723863105412;14379.718710991094;14379.718710991094;14379.718710991094;586;14379.718710991094;9321.9246;935.0051521143178;Evaluated;15.0124;0.6255;64;True;1;
86;2;43;6;diversification;3;b8735f4f4417;move;;;40;35;;;;;;;;;;True;False;False;False;;ok;14481.451703308076;14379.718710991094;14379.718710991094;14379.718710991094;587;14379.718710991094;9337.5122;101.73299231698184;Evaluated;14.957;0.6274;64;True;1;
86;2;43;7;diversification;3;b8735f4f4417;move;;;45;30;;;;;;;;;;True;False;False;True;;ok;15413.482663569137;14379.718710991094;14379.718710991094;14379.718710991094;588;14379.718710991094;9352.7642;1033.7639525780432;Evaluated;14.6223;0.6257;64;True;1;
86;2;43;8;diversification;3;b8735f4f4417;move;;;15;30;;;;;;;;;;True;False;False;True;;ok;16568.64109525952;14379.718710991094;14379.718710991094;14379.718710991094;589;14379.718710991094;9368.3779;2188.922384268428;Evaluated;14.9852;0.6258;64;True;1;
86;2;43;9;diversification;3;b8735f4f4417;move;;;25;30;;;;;;;;;;True;False;False;False;;ok;14417.443771385242;14379.718710991094;14379.718710991094;14379.718710991094;590;14379.718710991094;9383.9349;37.725060394148386;Evaluated;14.9283;0.626;64;True;1;
86;2;43;10;diversification;3;b8735f4f4417;move;;;53;40;;;;;;;;;;True;False;False;True;;ok;15439.937675350897;14379.718710991094;14379.718710991094;14379.718710991094;591;14379.718710991094;9399.5417;1060.218964359803;Evaluated;14.973;0.6295;64;True;1;
86;2;43;;diversification;4;;;;;;;;;;;;;;;;;;;;;End-of-iteration summary row;;;14379.718710991094;14379.718710991094;591;14379.718710991094;9399.5447;;IterationSummary;;;;;;
87;2;44;1;diversification;4;b8735f4f4417;move;;;45;3;;;;;;;;;;True;False;False;True;;ok;16679.99391986392;14379.718710991094;14379.718710991094;14379.718710991094;592;14379.718710991094;9417.7387;2300.275208872825;Evaluated;17.5504;0.626;64;True;1;
87;2;44;2;diversification;4;b8735f4f4417;reinsert_block;;;;;;;20;24;35;;;;;True;False;False;True;;ok;16157.672852869155;14379.718710991094;14379.718710991094;14379.718710991094;593;14379.718710991094;9433.4642;1777.954141878061;Evaluated;15.0961;0.6252;64;True;1;
87;2;44;3;diversification;4;b8735f4f4417;swap;35;40;;;;;;;;;;;;True;False;False;False;;ok;15651.408895472758;14379.718710991094;14379.718710991094;14379.718710991094;594;14379.718710991094;9448.9331;1271.690184481664;Evaluated;14.8392;0.6259;64;True;1;
87;2;44;4;diversification;4;b8735f4f4417;move;;;60;30;;;;;;;;;;True;False;False;True;;ok;15557.327042147372;14379.718710991094;14379.718710991094;14379.718710991094;595;14379.718710991094;9468.3727;1177.608331156278;Evaluated;18.8113;0.6252;64;True;2;duplicate_for_same_parent_sequence
87;2;44;5;diversification;4;b8735f4f4417;move;;;50;15;;;;;;;;;;True;False;False;True;;ok;17032.210152210915;14379.718710991094;14379.718710991094;14379.718710991094;596;14379.718710991094;9483.9533;2652.4914412198214;Evaluated;14.9526;0.6271;64;True;1;
87;2;44;6;diversification;4;b8735f4f4417;move;;;50;28;;;;;;;;;;True;False;False;True;;ok;16582.850182352402;14379.718710991094;14379.718710991094;14379.718710991094;597;14379.718710991094;9499.499;2203.1314713613083;Evaluated;14.9167;0.6255;64;True;1;
87;2;44;7;diversification;4;b8735f4f4417;move;;;35;20;;;;;;;;;;True;False;False;True;;ok;16020.264916520618;14379.718710991094;14379.718710991094;14379.718710991094;598;14379.718710991094;9515.0187;1640.5462055295247;Evaluated;14.8865;0.6306;64;True;1;
87;2;44;8;diversification;4;b8735f4f4417;move;;;20;10;;;;;;;;;;True;False;False;True;;ok;16675.283981449593;14379.718710991094;14379.718710991094;14379.718710991094;599;14379.718710991094;9530.5852;2295.565270458499;Evaluated;14.9351;0.6279;64;True;1;
87;2;44;9;diversification;4;b8735f4f4417;move;;;40;15;;;;;;;;;;True;False;False;True;;ok;16518.843228098947;14379.718710991094;14379.718710991094;14379.718710991094;600;14379.718710991094;9550.044;2139.1245171078535;Evaluated;18.6397;0.816;64;True;2;duplicate_for_same_parent_sequence
87;2;44;10;diversification;4;b8735f4f4417;move;;;50;35;;;;;;;;;;True;False;False;True;;ok;16119.067027761348;14379.718710991094;14379.718710991094;14379.718710991094;601;14379.718710991094;9565.9735;1739.3483167702543;Evaluated;15.3018;0.6269;64;True;1;
87;2;44;;diversification;5;;;;;;;;;;;;;;;;;;;;;End-of-iteration summary row;;;14379.718710991094;14379.718710991094;601;14379.718710991094;9565.9768;;IterationSummary;;;;;;
88;2;45;1;diversification;5;b8735f4f4417;move;;;15;40;;;;;;;;;;True;False;False;True;;ok;16570.310969812523;14379.718710991094;14379.718710991094;14379.718710991094;602;14379.718710991094;9588.1351;2190.592258821429;Evaluated;21.5233;0.6253;64;True;2;duplicate_for_same_parent_sequence
88;2;45;2;diversification;5;b8735f4f4417;reinsert_block;;;;;;;25;30;16;;;;;True;False;False;True;;ok;16110.416975606457;14379.718710991094;14379.718710991094;14379.718710991094;603;14379.718710991094;9604.1196;1730.6982646153629;Evaluated;15.3552;0.6264;64;True;1;
88;2;45;3;diversification;5;b8735f4f4417;swap;40;52;;;;;;;;;;;;True;False;False;True;;ok;15652.366212147703;14379.718710991094;14379.718710991094;14379.718710991094;604;14379.718710991094;9619.5906;1272.647501156609;Evaluated;14.842;0.6264;64;True;1;
88;2;45;4;diversification;5;b8735f4f4417;move;;;48;20;;;;;;;;;;True;False;False;True;;ok;16518.846495597067;14379.718710991094;14379.718710991094;14379.718710991094;605;14379.718710991094;9639.023;2139.127784605973;Evaluated;18.805;0.6266;64;True;2;duplicate_for_same_parent_sequence
88;2;45;5;diversification;5;b8735f4f4417;move;;;30;10;;;;;;;;;;True;False;False;True;;ok;16648.059059667892;14379.718710991094;14379.718710991094;14379.718710991094;606;14379.718710991094;9658.5734;2268.3403486767984;Evaluated;18.9189;0.629;64;True;2;duplicate_for_same_parent_sequence
88;2;45;6;diversification;5;b8735f4f4417;move;;;28;10;;;;;;;;;;True;False;False;True;;ok;16628.03625140124;14379.718710991094;14379.718710991094;14379.718710991094;607;14379.718710991094;9681.668;2248.3175404101476;Evaluated;22.4643;0.6274;64;True;3;duplicate_for_same_parent_sequence
88;2;45;7;diversification;5;b8735f4f4417;move;;;40;25;;;;;;;;;;True;False;False;True;;ok;15379.16308287402;14379.718710991094;14379.718710991094;14379.718710991094;608;14379.718710991094;9696.8546;999.4443718829261;Evaluated;14.5565;0.6274;64;True;1;
88;2;45;8;diversification;5;b8735f4f4417;move;;;18;25;;;;;;;;;;True;False;False;False;;ok;16577.013668631265;14379.718710991094;14379.718710991094;14379.718710991094;609;14379.718710991094;9712.3726;2197.2949576401716;Evaluated;14.886;0.6278;64;True;1;
88;2;45;9;diversification;5;b8735f4f4417;move;;;28;15;;;;;;;;;;True;False;False;True;;ok;16353.85576003373;14379.718710991094;14379.718710991094;14379.718710991094;610;14379.718710991094;9731.4318;1974.1370490426361;Evaluated;18.4315;0.6245;64;True;2;duplicate_for_same_parent_sequence
88;2;45;10;diversification;5;b8735f4f4417;swap;45;50;;;;;;;;;;;;True;False;False;False;;ok;15027.314639951433;14379.718710991094;14379.718710991094;14379.718710991094;611;14379.718710991094;9750.9504;647.5959289603397;Evaluated;18.8912;0.6239;64;True;2;duplicate_for_same_parent_sequence
88;2;45;;diversification;6;;;;;;;;;;;;;;;;;;;;;End-of-iteration summary row;;;14379.718710991094;14379.718710991094;611;14379.718710991094;9750.953;;IterationSummary;;;;;;
89;2;46;1;diversification;6;b8735f4f4417;move;;;20;3;;;;;;;;;;True;False;False;True;;ok;16692.181059223552;14379.718710991094;14379.718710991094;14379.718710991094;612;14379.718710991094;9769.2184;2312.4623482324587;Evaluated;17.6296;0.6253;64;True;1;
89;2;46;2;diversification;6;b8735f4f4417;reinsert_block;;;;;;;20;25;16;;;;;True;False;False;False;;ok;16962.01247544647;14379.718710991094;14379.718710991094;14379.718710991094;613;14379.718710991094;9785.3465;2582.2937644553767;Evaluated;15.4971;0.6276;64;True;1;
89;2;46;3;diversification;6;b8735f4f4417;swap;40;50;;;;;;;;;;;;True;False;False;False;;ok;15650.91019261969;14379.718710991094;14379.718710991094;14379.718710991094;614;14379.718710991094;9800.951;1271.191481628597;Evaluated;14.9748;0.6268;64;True;1;
89;2;46;4;diversification;6;b8735f4f4417;move;;;50;35;;;;;;;;;;False;True;False;;;ok;;14379.718710991094;14379.718710991094;14379.718710991094;614;14379.718710991094;9824.2984;;DuplicateForSameParentSequenceAfterRetries;23.3452;;;;3;duplicate_for_same_parent_sequence
89;2;46;5;diversification;6;b8735f4f4417;move;;;42;18;;;;;;;;;;True;False;False;True;;ok;16482.07523494971;14379.718710991094;14379.718710991094;14379.718710991094;615;14379.718710991094;9843.7753;2102.356523958615;Evaluated;18.8485;0.6272;64;True;2;duplicate_for_same_parent_sequence
89;2;46;6;diversification;6;b8735f4f4417;move;;;50;32;;;;;;;;;;True;False;False;True;;ok;16119.067027761348;14379.718710991094;14379.718710991094;14379.718710991094;616;14379.718710991094;9859.4174;1739.3483167702543;Evaluated;15.0128;0.6265;64;True;1;
89;2;46;7;diversification;6;b8735f4f4417;move;;;50;10;;;;;;;;;;True;False;False;True;;ok;17491.25854715653;14379.718710991094;14379.718710991094;14379.718710991094;617;14379.718710991094;9874.7183;3111.539836165435;Evaluated;14.6727;0.625;64;True;1;
89;2;46;8;diversification;6;b8735f4f4417;move;;;10;25;;;;;;;;;;True;False;False;True;;ok;16571.812214122154;14379.718710991094;14379.718710991094;14379.718710991094;618;14379.718710991094;9890.6499;2192.09350313106;Evaluated;15.3039;0.625;64;True;1;
89;2;46;9;diversification;6;b8735f4f4417;move;;;20;35;;;;;;;;;;True;False;False;True;;ok;15292.424562108194;14379.718710991094;14379.718710991094;14379.718710991094;619;14379.718710991094;9906.4907;912.7058511170999;Evaluated;15.2112;0.6268;64;True;1;
89;2;46;10;diversification;6;b8735f4f4417;swap;50;48;;;;;;;;;;;;True;False;False;False;;ok;14381.820815355286;14379.718710991094;14379.718710991094;14379.718710991094;620;14379.718710991094;9922.1713;2.1021043641922006;Evaluated;15.0518;0.6258;64;True;1;
89;2;46;;diversification;7;;;;;;;;;;;;;;;;;;;;;End-of-iteration summary row;;;14379.718710991094;14379.718710991094;620;14379.718710991094;9922.1753;;IterationSummary;;;;;;
90;2;47;1;diversification;7;b8735f4f4417;move;;;20;5;;;;;;;;;;True;False;False;True;;ok;16656.741492719266;14379.718710991094;14379.718710991094;14379.718710991094;621;14379.718710991094;9940.6871;2277.022781728172;Evaluated;17.8712;0.6266;64;True;1;
90;2;47;2;diversification;7;b8735f4f4417;reinsert_block;;;;;;;22;27;18;;;;;True;False;False;False;;ok;16827.08367250949;14379.718710991094;14379.718710991094;14379.718710991094;622;14379.718710991094;9960.9933;2447.364961518395;Evaluated;19.675;0.6279;64;True;2;duplicate_for_same_parent_sequence
90;2;47;3;diversification;7;b8735f4f4417;swap;32;47;;;;;;;;;;;;True;False;False;True;;ok;14343.459419180903;14379.718710991094;14379.718710991094;14379.718710991094;623;14379.718710991094;9980.4572;-36.259291810190916;Evaluated;18.8311;0.6292;64;True;2;duplicate_for_same_parent_sequence
90;2;47;4;diversification;7;b8735f4f4417;move;;;49;15;;;;;;;;;;True;False;False;True;;ok;15893.623311501991;14379.718710991094;14379.718710991094;14379.718710991094;624;14379.718710991094;10000.0186;1513.9046005108976;Evaluated;18.93;0.6282;64;True;2;duplicate_for_same_parent_sequence
90;2;47;5;diversification;7;b8735f4f4417;move;;;50;20;;;;;;;;;;True;False;False;True;;ok;16575.961653123468;14379.718710991094;14379.718710991094;14379.718710991094;625;14379.718710991094;10015.6821;2196.242942132374;Evaluated;15.0383;0.6244;64;True;1;
90;2;47;6;diversification;7;b8735f4f4417;move;;;48;15;;;;;;;;;;True;False;False;True;;ok;16518.843228098947;14379.718710991094;14379.718710991094;14379.718710991094;626;14379.718710991094;10035.1716;2139.1245171078535;Evaluated;18.8601;0.6286;64;True;2;duplicate_for_same_parent_sequence
90;2;47;7;diversification;7;b8735f4f4417;move;;;30;5;;;;;;;;;;True;False;False;True;;ok;15840.120448872589;14379.718710991094;14379.718710991094;14379.718710991094;627;14379.718710991094;10058.4409;1460.4017378814951;Evaluated;22.6382;0.6278;64;True;3;duplicate_for_same_parent_sequence
90;2;47;8;diversification;7;b8735f4f4417;move;;;8;23;;;;;;;;;;True;False;False;True;;ok;16116.245073353986;14379.718710991094;14379.718710991094;14379.718710991094;628;14379.718710991094;10073.9366;1736.5263623628925;Evaluated;14.8642;0.6288;64;True;1;
90;2;47;9;diversification;7;b8735f4f4417;move;;;39;24;;;;;;;;;;True;False;False;True;;ok;15381.242072172303;14379.718710991094;14379.718710991094;14379.718710991094;629;14379.718710991094;10093.4029;1001.5233611812091;Evaluated;18.8368;0.6266;64;True;2;duplicate_for_same_parent_sequence
90;2;47;10;diversification;7;b8735f4f4417;swap;28;31;;;;;;;;;;;;True;False;False;False;;ok;14358.213902904301;14379.718710991094;14379.718710991094;14379.718710991094;630;14379.718710991094;10113.2261;-21.504808086792764;EvaluatedImprovementDespiteDiversificationMismatch;19.1937;0.6263;64;True;2;duplicate_for_same_parent_sequence
90;2;47;;diversification;0;;;;;;;;;;;;;;;;;;;;;End-of-iteration summary row;;;14343.459419180903;14343.459419180903;630;14343.459419180903;10113.247;;IterationSummary;;;;;;
91;2;48;1;normal;0;e27ca3304272;move;;;4;10;;;;;;;;;;True;False;False;False;;ok;16986.85900220619;14343.459419180903;14343.459419180903;14343.459419180903;631;14343.459419180903;10132.2417;2643.399583025288;Evaluated;18.3405;0.6484;64;True;1;
91;2;48;2;normal;0;e27ca3304272;swap;17;20;;;;;;;;;;;;True;False;False;False;;ok;16825.16562750418;14343.459419180903;14343.459419180903;14343.459419180903;632;14343.459419180903;10148.1277;2481.706208323276;Evaluated;15.2589;0.6256;64;True;1;
91;2;48;3;normal;0;e27ca3304272;reinsert_block;;;;;;;35;40;28;;;;;True;False;False;False;;ok;16196.87263372313;14343.459419180903;14343.459419180903;14343.459419180903;633;14343.459419180903;10163.8299;1853.4132145422263;Evaluated;15.0743;0.6246;64;True;1;
91;2;48;4;normal;0;e27ca3304272;move;;;50;30;;;;;;;;;;True;False;False;True;;ok;15937.381562131937;14343.459419180903;14343.459419180903;14343.459419180903;634;14343.459419180903;10179.1702;1593.9221429510344;Evaluated;14.7031;0.6342;64;True;1;
91;2;48;5;normal;0;e27ca3304272;move;;;10;35;;;;;;;;;;True;False;False;True;;ok;16080.191672094863;14343.459419180903;14343.459419180903;14343.459419180903;635;14343.459419180903;10194.3161;1736.73225291396;Evaluated;14.511;0.6322;64;True;1;
91;2;48;;normal;1;;;;;;;;;;;;;;;;;;;;;End-of-iteration summary row;;;14343.459419180903;14343.459419180903;635;14343.459419180903;10194.3198;;IterationSummary;;;;;;
92;2;49;1;normal;1;e27ca3304272;move;;;10;5;;;;;;;;;;True;False;False;False;;ok;16660.841765920984;14343.459419180903;14343.459419180903;14343.459419180903;636;14343.459419180903;10212.2528;2317.3823467400816;Evaluated;17.2927;0.6316;64;True;1;
92;2;49;2;normal;1;e27ca3304272;swap;18;20;;;;;;;;;;;;True;False;False;False;;ok;16821.772967102337;14343.459419180903;14343.459419180903;14343.459419180903;637;14343.459419180903;10227.5916;2478.3135479214343;Evaluated;14.7102;0.6256;64;True;1;
92;2;49;3;normal;1;e27ca3304272;move;;;39;15;;;;;;;;;;True;False;False;True;;ok;15728.653799644924;14343.459419180903;14343.459419180903;14343.459419180903;638;14343.459419180903;10247.4876;1385.1943804640214;Evaluated;19.2605;0.6329;64;True;2;duplicate_for_same_parent_sequence
92;2;49;4;normal;1;e27ca3304272;move;;;50;48;;;;;;;;;;True;False;False;False;;ok;14353.207127816999;14343.459419180903;14343.459419180903;14343.459419180903;639;14343.459419180903;10263.069;9.747708636095922;Evaluated;14.9544;0.6244;64;True;1;
92;2;49;5;normal;1;e27ca3304272;move;;;50;20;;;;;;;;;;True;False;False;True;;ok;16392.314152189436;14343.459419180903;14343.459419180903;14343.459419180903;640;14343.459419180903;10278.177;2048.854733008533;Evaluated;14.4779;0.6275;64;True;1;
92;2;49;;normal;2;;;;;;;;;;;;;;;;;;;;;End-of-iteration summary row;;;14343.459419180903;14343.459419180903;640;14343.459419180903;10278.1805;;IterationSummary;;;;;;
93;2;50;1;normal;2;e27ca3304272;move;;;7;2;;;;;;;;;;True;False;False;False;;ok;17261.62143833653;14343.459419180903;14343.459419180903;14343.459419180903;641;14343.459419180903;10299.8744;2918.1620191556267;Evaluated;21.0483;0.6319;64;True;2;duplicate_for_same_parent_sequence
93;2;50;2;normal;2;e27ca3304272;swap;18;25;;;;;;;;;;;;True;False;False;False;;ok;16914.15784247547;14343.459419180903;14343.459419180903;14343.459419180903;642;14343.459419180903;10319.6367;2570.698423294567;Evaluated;19.1351;0.6244;64;True;2;duplicate_for_same_parent_sequence
93;2;50;3;normal;2;e27ca3304272;move;;;37;42;;;;;;;;;;True;False;False;False;;ok;15710.45585795612;14343.459419180903;14343.459419180903;14343.459419180903;643;14343.459419180903;10339.3257;1366.996438775217;Evaluated;19.0615;0.6247;64;True;2;duplicate_for_same_parent_sequence
93;2;50;4;normal;2;e27ca3304272;move;;;49;25;;;;;;;;;;True;False;False;True;;ok;16342.354143558112;14343.459419180903;14343.459419180903;14343.459419180903;644;14343.459419180903;10358.5359;1998.894724377209;Evaluated;18.5741;0.633;64;True;2;duplicate_for_same_parent_sequence
93;2;50;5;normal;2;e27ca3304272;move;;;50;39;;;;;;;;;;True;False;False;True;;ok;15481.461391766772;14343.459419180903;14343.459419180903;14343.459419180903;645;14343.459419180903;10373.6643;1138.0019725858692;Evaluated;14.4927;0.6326;64;True;1;
93;2;50;;normal;3;;;;;;;;;;;;;;;;;;;;;End-of-iteration summary row;;;14343.459419180903;14343.459419180903;645;14343.459419180903;10373.6674;;IterationSummary;;;;;;
94;2;51;1;diversification;3;e27ca3304272;move;;;10;5;;;;;;;;;;False;True;False;;;ok;;14343.459419180903;14343.459419180903;14343.459419180903;645;14343.459419180903;10399.4903;;DuplicateForSameParentSequenceAfterRetries;25.8082;;;;3;duplicate_for_same_parent_sequence
94;2;51;2;diversification;3;e27ca3304272;reinsert_block;;;;;;;20;25;10;;;;;True;False;False;True;;ok;17621.4440689948;14343.459419180903;14343.459419180903;14343.459419180903;646;14343.459419180903;10415.529;3277.984649813896;Evaluated;15.4042;0.6338;64;True;1;
94;2;51;3;diversification;3;e27ca3304272;swap;40;35;;;;;;;;;;;;True;False;False;False;;ok;15993.011561871572;14343.459419180903;14343.459419180903;14343.459419180903;647;14343.459419180903;10431.1668;1649.552142690669;Evaluated;15.0045;0.6307;64;True;1;
94;2;51;4;diversification;3;e27ca3304272;move;;;50;28;;;;;;;;;;True;False;False;True;;ok;16398.08556849381;14343.459419180903;14343.459419180903;14343.459419180903;648;14343.459419180903;10446.7938;2054.6261493129077;Evaluated;15.0001;0.625;64;True;1;
94;2;51;5;diversification;3;e27ca3304272;move;;;15;30;;;;;;;;;;True;False;False;True;;ok;16913.64683447725;14343.459419180903;14343.459419180903;14343.459419180903;649;14343.459419180903;10462.4623;2570.1874152963483;Evaluated;15.0425;0.6241;64;True;1;
94;2;51;6;diversification;3;e27ca3304272;move;;;49;20;;;;;;;;;;True;False;False;True;;ok;16856.687827873706;14343.459419180903;14343.459419180903;14343.459419180903;650;14343.459419180903;10482.0338;2513.228408692803;Evaluated;18.9392;0.6316;64;True;2;duplicate_for_same_parent_sequence
94;2;51;7;diversification;3;e27ca3304272;move;;;60;28;;;;;;;;;;True;False;False;True;;ok;16375.202791805556;14343.459419180903;14343.459419180903;14343.459419180903;651;14343.459419180903;10497.293;2031.7433726246527;Evaluated;14.6307;0.6254;64;True;1;
94;2;51;8;diversification;3;e27ca3304272;move;;;25;30;;;;;;;;;;True;False;False;False;;ok;14404.995143337643;14343.459419180903;14343.459419180903;14343.459419180903;652;14343.459419180903;10517.0201;61.53572415673989;Evaluated;19.1022;0.6221;64;True;2;duplicate_for_same_parent_sequence
94;2;51;9;diversification;3;e27ca3304272;move;;;49;18;;;;;;;;;;True;False;False;True;;ok;16856.687827873706;14343.459419180903;14343.459419180903;14343.459419180903;653;14343.459419180903;10536.5352;2513.228408692803;Evaluated;18.8781;0.6361;64;True;2;duplicate_for_same_parent_sequence
94;2;51;10;diversification;3;e27ca3304272;swap;42;49;;;;;;;;;;;;True;False;False;False;;ok;15814.250363657071;14343.459419180903;14343.459419180903;14343.459419180903;654;14343.459419180903;10556.1795;1470.790944476168;Evaluated;19.0069;0.636;64;True;2;duplicate_for_same_parent_sequence
94;2;51;;diversification;4;;;;;;;;;;;;;;;;;;;;;End-of-iteration summary row;;;14343.459419180903;14343.459419180903;654;14343.459419180903;10556.183;;IterationSummary;;;;;;
95;2;52;1;diversification;4;e27ca3304272;move;;;5;10;;;;;;;;;;True;False;False;False;;ok;16914.88413804813;14343.459419180903;14343.459419180903;14343.459419180903;655;14343.459419180903;10574.4255;2571.424718867229;Evaluated;17.6022;0.6238;64;True;1;
95;2;52;2;diversification;4;e27ca3304272;reinsert_block;;;;;;;18;24;35;;;;;True;False;False;True;;ok;16234.82573447619;14343.459419180903;14343.459419180903;14343.459419180903;656;14343.459419180903;10590.847;1891.3663152952868;Evaluated;15.7939;0.6249;64;True;1;
95;2;52;3;diversification;4;e27ca3304272;swap;41;50;;;;;;;;;;;;True;False;False;False;;ok;15109.3559504967;14343.459419180903;14343.459419180903;14343.459419180903;657;14343.459419180903;10606.4263;765.8965313157969;Evaluated;14.939;0.6372;64;True;1;
95;2;52;4;diversification;4;e27ca3304272;move;;;60;30;;;;;;;;;;True;False;False;True;;ok;15902.01721482028;14343.459419180903;14343.459419180903;14343.459419180903;658;14343.459419180903;10621.9662;1558.5577956393772;Evaluated;14.9147;0.6222;64;True;1;
95;2;52;5;diversification;4;e27ca3304272;move;;;40;20;;;;;;;;;;True;False;False;True;;ok;16862.938202661164;14343.459419180903;14343.459419180903;14343.459419180903;659;14343.459419180903;10641.5271;2519.478783480261;Evaluated;18.9357;0.6244;64;True;2;duplicate_for_same_parent_sequence
95;2;52;6;diversification;4;e27ca3304272;swap;40;48;;;;;;;;;;;;True;False;False;False;;ok;14343.459419180903;14343.459419180903;14343.459419180903;14343.459419180903;660;14343.459419180903;10661.3693;0.0;Evaluated;19.2007;0.638;64;True;2;duplicate_for_same_parent_sequence
95;2;52;7;diversification;4;e27ca3304272;move;;;50;18;;;;;;;;;;True;False;False;True;;ok;16848.38749080335;14343.459419180903;14343.459419180903;14343.459419180903;661;14343.459419180903;10676.6814;2504.9280716224475;Evaluated;14.6843;0.6249;64;True;1;
95;2;52;8;diversification;4;e27ca3304272;move;;;35;10;;;;;;;;;;True;False;False;True;;ok;17280.830364888163;14343.459419180903;14343.459419180903;14343.459419180903;662;14343.459419180903;10696.1443;2937.37094570726;Evaluated;18.8361;0.6239;64;True;2;duplicate_for_same_parent_sequence
95;2;52;9;diversification;4;e27ca3304272;move;;;26;35;;;;;;;;;;True;False;False;False;;ok;16539.024182837118;14343.459419180903;14343.459419180903;14343.459419180903;663;14343.459419180903;10711.5889;2195.5647636562153;Evaluated;14.8165;0.6247;64;True;1;
95;2;52;10;diversification;4;e27ca3304272;move;;;45;28;;;;;;;;;;True;False;False;True;;ok;15388.82234016164;14343.459419180903;14343.459419180903;14343.459419180903;664;14343.459419180903;10731.0753;1045.3629209807368;Evaluated;18.8492;0.634;64;True;2;duplicate_for_same_parent_sequence
95;2;52;;diversification;5;;;;;;;;;;;;;;;;;;;;;End-of-iteration summary row;;;14343.459419180903;14343.459419180903;664;14343.459419180903;10731.0783;;IterationSummary;;;;;;
96;2;53;1;diversification;5;e27ca3304272;move;;;10;25;;;;;;;;;;True;False;False;True;;ok;16909.40741604367;14343.459419180903;14343.459419180903;14343.459419180903;665;14343.459419180903;10749.3537;2565.9479968627656;Evaluated;17.6349;0.6265;64;True;1;
96;2;53;2;diversification;5;e27ca3304272;move;;;20;30;;;;;;;;;;True;False;False;True;;ok;15589.817324211328;14343.459419180903;14343.459419180903;14343.459419180903;666;14343.459419180903;10769.3047;1246.3579050304252;Evaluated;19.3238;0.6247;64;True;2;duplicate_for_same_parent_sequence
96;2;53;3;diversification;5;e27ca3304272;swap;40;50;;;;;;;;;;;;True;False;False;False;;ok;15477.493542067612;14343.459419180903;14343.459419180903;14343.459419180903;667;14343.459419180903;10784.9057;1134.0341228867092;Evaluated;14.9636;0.6341;64;True;1;
96;2;53;4;diversification;5;e27ca3304272;move;;;59;48;;;;;;;;;;True;False;False;True;;ok;15043.76733073897;14343.459419180903;14343.459419180903;14343.459419180903;668;14343.459419180903;10800.4353;700.3079115580676;Evaluated;14.9023;0.6236;64;True;1;
96;2;53;5;diversification;5;e27ca3304272;move;;;20;15;;;;;;;;;;True;False;False;False;;ok;14392.080168075361;14343.459419180903;14343.459419180903;14343.459419180903;669;14343.459419180903;10816.0629;48.6207488944583;Evaluated;14.9962;0.6287;64;True;1;
96;2;53;6;diversification;5;e27ca3304272;move;;;48;25;;;;;;;;;;True;False;False;True;;ok;16346.680589844045;14343.459419180903;14343.459419180903;14343.459419180903;670;14343.459419180903;10835.9297;2003.2211706631424;Evaluated;19.2268;0.6361;64;True;2;duplicate_for_same_parent_sequence
96;2;53;7;diversification;5;e27ca3304272;move;;;40;25;;;;;;;;;;True;False;False;True;;ok;16346.680589844045;14343.459419180903;14343.459419180903;14343.459419180903;671;14343.459419180903;10855.0266;2003.2211706631424;Evaluated;18.465;0.6279;64;True;2;duplicate_for_same_parent_sequence
96;2;53;8;diversification;5;e27ca3304272;move;;;15;20;;;;;;;;;;True;False;False;False;;ok;16458.49186157005;14343.459419180903;14343.459419180903;14343.459419180903;672;14343.459419180903;10870.8921;2115.032442389149;Evaluated;15.2371;0.6257;64;True;1;
96;2;53;9;diversification;5;e27ca3304272;move;;;45;18;;;;;;;;;;True;False;False;True;;ok;15755.21108514105;14343.459419180903;14343.459419180903;14343.459419180903;673;14343.459419180903;10890.2325;1411.7516659601479;Evaluated;18.7127;0.6241;64;True;2;duplicate_for_same_parent_sequence
96;2;53;10;diversification;5;e27ca3304272;move;;;41;30;;;;;;;;;;True;False;False;True;;ok;16340.785239258208;14343.459419180903;14343.459419180903;14343.459419180903;674;14343.459419180903;10909.8857;1997.3258200773053;Evaluated;19.012;0.6381;64;True;2;duplicate_for_same_parent_sequence
96;2;53;;diversification;6;;;;;;;;;;;;;;;;;;;;;End-of-iteration summary row;;;14343.459419180903;14343.459419180903;674;14343.459419180903;10909.889;;IterationSummary;;;;;;
97;2;54;1;diversification;6;e27ca3304272;move;;;8;20;;;;;;;;;;True;False;False;True;;ok;16492.074853376034;14343.459419180903;14343.459419180903;14343.459419180903;675;14343.459419180903;10931.8472;2148.6154341951315;Evaluated;21.3174;0.6239;64;True;2;duplicate_for_same_parent_sequence
97;2;54;2;diversification;6;e27ca3304272;reinsert_block;;;;;;;20;25;35;;;;;True;False;False;True;;ok;16385.967508503007;14343.459419180903;14343.459419180903;14343.459419180903;676;14343.459419180903;10948.3008;2042.5080893221038;Evaluated;15.8273;0.6234;64;True;1;
97;2;54;3;diversification;6;e27ca3304272;swap;35;42;;;;;;;;;;;;True;False;False;False;;ok;14352.820853741485;14343.459419180903;14343.459419180903;14343.459419180903;677;14343.459419180903;10964.1921;9.361434560581984;Evaluated;15.2542;0.6345;64;True;1;
97;2;54;4;diversification;6;e27ca3304272;move;;;27;48;;;;;;;;;;True;False;False;True;;ok;15789.612836553373;14343.459419180903;14343.459419180903;14343.459419180903;678;14343.459419180903;10983.6298;1446.1534173724704;Evaluated;18.8073;0.6276;64;True;2;duplicate_for_same_parent_sequence
97;2;54;5;diversification;6;e27ca3304272;move;;;20;35;;;;;;;;;;True;False;False;True;;ok;15611.955278947496;14343.459419180903;14343.459419180903;14343.459419180903;679;14343.459419180903;10999.2862;1268.4958597665936;Evaluated;15.027;0.626;64;True;1;
97;2;54;6;diversification;6;e27ca3304272;move;;;35;45;;;;;;;;;;True;False;False;True;;ok;15320.915444923827;14343.459419180903;14343.459419180903;14343.459419180903;680;14343.459419180903;11019.0233;977.4560257429239;Evaluated;19.1041;0.6323;64;True;2;duplicate_for_same_parent_sequence
97;2;54;7;diversification;6;e27ca3304272;move;;;18;25;;;;;;;;;;True;False;False;False;;ok;16923.923610889062;14343.459419180903;14343.459419180903;14343.459419180903;681;14343.459419180903;11038.1957;2580.464191708159;Evaluated;18.5438;0.6256;64;True;2;duplicate_for_same_parent_sequence
97;2;54;8;diversification;6;e27ca3304272;move;;;18;4;;;;;;;;;;True;False;False;True;;ok;17161.53917812446;14343.459419180903;14343.459419180903;14343.459419180903;682;14343.459419180903;11057.7288;2818.0797589435588;Evaluated;18.8884;0.6412;64;True;2;duplicate_for_same_parent_sequence
97;2;54;9;diversification;6;e27ca3304272;move;;;18;24;;;;;;;;;;True;False;False;False;;ok;16923.923610889062;14343.459419180903;14343.459419180903;14343.459419180903;683;14343.459419180903;11077.0908;2580.464191708159;Evaluated;18.7077;0.6516;64;True;2;duplicate_for_same_parent_sequence
97;2;54;10;diversification;6;e27ca3304272;swap;45;60;;;;;;;;;;;;True;False;False;True;;ok;15511.48029205488;14343.459419180903;14343.459419180903;14343.459419180903;684;14343.459419180903;11092.7331;1168.0208728739763;Evaluated;15.017;0.6226;64;True;1;
97;2;54;;diversification;7;;;;;;;;;;;;;;;;;;;;;End-of-iteration summary row;;;14343.459419180903;14343.459419180903;684;14343.459419180903;11092.7338;;IterationSummary;;;;;;
98;2;55;1;diversification;7;e27ca3304272;move;;;8;30;;;;;;;;;;True;False;False;True;;ok;16912.334217671934;14343.459419180903;14343.459419180903;14343.459419180903;685;14343.459419180903;11114.7868;2568.8747984910315;Evaluated;21.4226;0.6248;64;True;2;duplicate_for_same_parent_sequence
98;2;55;2;diversification;7;e27ca3304272;move;;;18;10;;;;;;;;;;True;False;False;False;;ok;17272.438660279266;14343.459419180903;14343.459419180903;14343.459419180903;686;14343.459419180903;11134.7055;2928.9792410983628;Evaluated;19.2907;0.6248;64;True;2;duplicate_for_same_parent_sequence
98;2;55;3;diversification;7;e27ca3304272;swap;32;47;;;;;;;;;;;;True;False;False;True;;ok;14379.718710991094;14343.459419180903;14343.459419180903;14343.459419180903;687;14343.459419180903;11158.2626;36.259291810190916;Evaluated;22.9191;0.6354;64;True;3;duplicate_for_same_parent_sequence
98;2;55;4;diversification;7;e27ca3304272;move;;;27;35;;;;;;;;;;True;False;False;False;;ok;16452.520981980906;14343.459419180903;14343.459419180903;14343.459419180903;688;14343.459419180903;11181.6086;2109.0615628000032;Evaluated;22.7174;0.6258;64;True;3;duplicate_for_same_parent_sequence
98;2;55;5;diversification;7;e27ca3304272;move;;;50;15;;;;;;;;;;True;False;False;True;;ok;16850.183820008264;14343.459419180903;14343.459419180903;14343.459419180903;689;14343.459419180903;11197.2875;2506.724400827361;Evaluated;15.0423;0.6331;64;True;1;
98;2;55;6;diversification;7;e27ca3304272;move;;;35;48;;;;;;;;;;True;False;False;True;;ok;15413.728718791706;14343.459419180903;14343.459419180903;14343.459419180903;690;14343.459419180903;11216.7629;1070.2692996108035;Evaluated;18.8449;0.6272;64;True;2;duplicate_for_same_parent_sequence
98;2;55;7;diversification;7;e27ca3304272;move;;;30;45;;;;;;;;;;True;False;False;True;;ok;15938.92998545518;14343.459419180903;14343.459419180903;14343.459419180903;691;14343.459419180903;11235.9086;1595.4705662742763;Evaluated;18.5199;0.6227;64;True;2;duplicate_for_same_parent_sequence
98;2;55;8;diversification;7;e27ca3304272;move;;;15;20;;;;;;;;;;False;True;False;;;ok;;14343.459419180903;14343.459419180903;14343.459419180903;691;14343.459419180903;11258.6356;;DuplicateForSameParentSequenceAfterRetries;22.7243;;;;3;duplicate_for_same_parent_sequence
98;2;55;9;diversification;7;e27ca3304272;move;;;18;40;;;;;;;;;;True;False;False;True;;ok;16463.169808258834;14343.459419180903;14343.459419180903;14343.459419180903;692;14343.459419180903;11278.7065;2119.710389077931;Evaluated;19.4381;0.6318;64;True;2;duplicate_for_same_parent_sequence
98;2;55;10;diversification;7;e27ca3304272;move;;;45;30;;;;;;;;;;True;False;False;True;;ok;15589.344444155762;14343.459419180903;14343.459419180903;14343.459419180903;693;14343.459419180903;11294.3603;1245.8850249748593;Evaluated;15.0282;0.624;64;True;1;
98;2;55;;diversification;8;;;;;;;;;;;;;;;;;;;;;End-of-iteration summary row;;;14343.459419180903;14343.459419180903;693;14343.459419180903;11294.3611;;IterationSummary;;;;;;
99;2;56;1;diversification;8;e27ca3304272;move;;;5;20;;;;;;;;;;True;False;False;True;;ok;16914.496454395376;14343.459419180903;14343.459419180903;14343.459419180903;694;14343.459419180903;11320.4103;2571.037035214473;Evaluated;25.409;0.6332;64;True;3;duplicate_for_same_parent_sequence
99;2;56;2;diversification;8;e27ca3304272;reinsert_block;;;;;;;18;25;30;;;;;True;False;False;False;;ok;16828.785980698533;14343.459419180903;14343.459419180903;14343.459419180903;695;14343.459419180903;11336.8687;2485.3265615176297;Evaluated;15.8346;0.6229;64;True;1;
99;2;56;3;diversification;8;e27ca3304272;swap;37;40;;;;;;;;;;;;True;False;False;False;;ok;15609.86753415143;14343.459419180903;14343.459419180903;14343.459419180903;696;14343.459419180903;11356.6622;1266.408114970527;Evaluated;19.1646;0.6254;64;True;2;duplicate_for_same_parent_sequence
99;2;56;4;diversification;8;e27ca3304272;move;;;62;30;;;;;;;;;;True;False;False;True;;ok;15289.969703092394;14343.459419180903;14343.459419180903;14343.459419180903;697;14343.459419180903;11376.1717;946.5102839114916;Evaluated;18.8747;0.634;64;True;2;duplicate_for_same_parent_sequence
99;2;56;5;diversification;8;e27ca3304272;move;;;40;18;;;;;;;;;;True;False;False;True;;ok;16862.938202661164;14343.459419180903;14343.459419180903;14343.459419180903;698;14343.459419180903;11391.8536;2519.478783480261;Evaluated;15.0526;0.6265;64;True;1;
99;2;56;6;diversification;8;e27ca3304272;move;;;40;60;;;;;;;;;;True;False;False;True;;ok;15542.778222785424;14343.459419180903;14343.459419180903;14343.459419180903;699;14343.459419180903;11411.3612;1199.3188036045212;Evaluated;18.8809;0.6239;64;True;2;duplicate_for_same_parent_sequence
99;2;56;7;diversification;8;e27ca3304272;move;;;25;30;;;;;;;;;;False;True;True;;;ok;;14343.459419180903;14343.459419180903;14343.459419180903;699;14343.459419180903;11433.92;;DuplicateForSameParentSequenceAfterRetries;22.5556;;;;3;duplicate_for_same_parent_sequence
99;2;56;8;diversification;8;e27ca3304272;move;;;15;25;;;;;;;;;;True;False;False;True;;ok;16457.93208453185;14343.459419180903;14343.459419180903;14343.459419180903;700;14343.459419180903;11453.709;2114.472665350948;Evaluated;19.1523;0.6357;64;True;2;duplicate_for_same_parent_sequence
99;2;56;9;diversification;8;e27ca3304272;move;;;25;40;;;;;;;;;;True;False;False;True;;ok;16002.879325513337;14343.459419180903;14343.459419180903;14343.459419180903;701;14343.459419180903;11469.3146;1659.419906332434;Evaluated;14.9741;0.6308;64;True;1;
99;2;56;10;diversification;8;e27ca3304272;move;;;50;35;;;;;;;;;;True;False;False;True;;ok;15935.282847171313;14343.459419180903;14343.459419180903;14343.459419180903;702;14343.459419180903;11485.2238;1591.82342799041;Evaluated;15.2838;0.6223;64;True;1;
99;2;56;;diversification;9;;;;;;;;;;;;;;;;;;;;;End-of-iteration summary row;;;14343.459419180903;14343.459419180903;702;14343.459419180903;11485.2271;;IterationSummary;;;;;;
100;2;57;1;diversification;9;e27ca3304272;move;;;8;3;;;;;;;;;;True;False;False;False;;ok;17258.73535961792;14343.459419180903;14343.459419180903;14343.459419180903;703;14343.459419180903;11507.1719;2915.275940437017;Evaluated;21.2989;0.6372;64;True;2;duplicate_for_same_parent_sequence
100;2;57;2;diversification;9;e27ca3304272;move;;;60;45;;;;;;;;;;True;False;False;True;;ok;15526.842542829354;14343.459419180903;14343.459419180903;14343.459419180903;704;14343.459419180903;11527.1277;1183.3831236484511;Evaluated;19.3281;0.6248;64;True;2;duplicate_for_same_parent_sequence
100;2;57;3;diversification;9;e27ca3304272;swap;32;47;;;;;;;;;;;;False;True;True;;;ok;;14343.459419180903;14343.459419180903;14343.459419180903;704;14343.459419180903;11549.9093;;DuplicateForSameParentSequenceAfterRetries;22.7793;;;;3;duplicate_for_same_parent_sequence
100;2;57;4;diversification;9;e27ca3304272;move;;;55;48;;;;;;;;;;True;False;False;False;;ok;14844.262802723139;14343.459419180903;14343.459419180903;14343.459419180903;705;14343.459419180903;11569.3997;500.8033835422357;Evaluated;18.8567;0.6331;64;True;2;duplicate_for_same_parent_sequence
100;2;57;5;diversification;9;e27ca3304272;move;;;10;20;;;;;;;;;;True;False;False;True;;ok;16948.082744948108;14343.459419180903;14343.459419180903;14343.459419180903;706;14343.459419180903;11592.9039;2604.6233257672047;Evaluated;22.876;0.625;64;True;3;duplicate_for_same_parent_sequence
100;2;57;6;diversification;9;e27ca3304272;move;;;62;18;;;;;;;;;;True;False;False;True;;ok;16244.504982062963;14343.459419180903;14343.459419180903;14343.459419180903;707;14343.459419180903;11616.3606;1901.04556288206;Evaluated;22.8212;0.6325;64;True;3;duplicate_for_same_parent_sequence
100;2;57;7;diversification;9;e27ca3304272;move;;;20;10;;;;;;;;;;True;False;False;True;;ok;17019.324600975597;14343.459419180903;14343.459419180903;14343.459419180903;708;14343.459419180903;11635.8258;2675.865181794694;Evaluated;18.839;0.6245;64;True;2;duplicate_for_same_parent_sequence
100;2;57;8;diversification;9;e27ca3304272;swap;8;9;;;;;;;;;;;;True;False;False;False;;ok;14343.459419180903;14343.459419180903;14343.459419180903;14343.459419180903;709;14343.459419180903;11655.6167;0.0;Evaluated;19.1629;0.6248;64;True;2;duplicate_for_same_parent_sequence
100;2;57;9;diversification;9;e27ca3304272;swap;35;40;;;;;;;;;;;;False;True;False;;;ok;;14343.459419180903;14343.459419180903;14343.459419180903;709;14343.459419180903;11678.6767;;DuplicateForSameParentSequenceAfterRetries;23.0562;;;;3;duplicate_for_same_parent_sequence
100;2;57;10;diversification;9;e27ca3304272;move;;;40;35;;;;;;;;;;True;False;False;False;;ok;14860.828661332693;14343.459419180903;14343.459419180903;14343.459419180903;710;14343.459419180903;11694.3828;517.3692421517899;Evaluated;15.0708;0.6344;64;True;1;
100;2;57;;diversification;10;;;;;;;;;;;;;;;;;;;;;End-of-iteration summary row;;;14343.459419180903;14343.459419180903;710;14343.459419180903;11694.3862;;IterationSummary;;;;;;
100;2;57;;;10;;;;;;;;;;;;;;;;;;;;;PartA | PartC | PartD | PartE | PartF | PartG | PartH | PartA | PartB | PartC | PartD | PartE | PartF | PartG | PartH | PartA | PartB | PartC | PartD | PartE | PartF | PartG | PartH | PartA | PartB | PartB | PartC | PartD | PartE | PartF | PartG | PartH | PartA | PartB | PartC | PartD | PartE | PartF | PartG | PartH | PartA | PartB | PartC | PartD | PartE | PartF | PartG | PartH | PartA | PartB | PartC | PartG | PartD | PartE | PartF | PartG | PartH | PartA | PartB | PartC | PartD | PartE | PartF | PartH;;;14343.459419180903;14343.459419180903;710;14343.459419180903;11694.3898;;FinalGlobalBestSequence;;;;;;
