iteration;restart_id;iteration_in_restart;candidate_in_iteration;search_mode;no_improvement_count_before_iteration;parent_sequence_signature;action;swap_i;swap_j;move_from;move_to;reverse_start;reverse_end;reinsert_block_start;reinsert_block_end;reinsert_block_to;swap_blocks_start1;swap_blocks_end1;swap_blocks_start2;swap_blocks_end2;valid;duplicate_for_same_parent_sequence;recently_rejected_for_same_parent_sequence;diversification_compatible;parse_error;validation_message;resulting_makespan;best_makespan_before;best_makespan_after;global_best_makespan_after;completed_simulations;actual_global_best_makespan;elapsed_optimization_time_sec;delta_vs_best_before;status;llm_time_sec;simulation_time_sec;exited_parts;completion_valid;llm_attempts;retry_reason
1;1;1;1;normal;0;0f63cf6f404e;move;;;1;0;;;;;;;;;;True;False;False;False;;ok;16630.57708951583;16625.423888583944;16625.423888583944;16625.423888583944;2;16625.423888583944;16.7383;5.153200931887113;Evaluated;15.9852;0.7467;64;True;1;
1;1;1;2;normal;0;0f63cf6f404e;swap;16;17;;;;;;;;;;;;True;False;False;False;;ok;16628.990304559717;16625.423888583944;16625.423888583944;16625.423888583944;3;16625.423888583944;22.8848;3.566415975772543;Evaluated;5.5171;0.6263;64;True;1;
1;1;1;3;normal;0;0f63cf6f404e;reinsert_block;;;;;;;32;40;16;;;;;True;False;False;True;;ok;16292.2047037198;16625.423888583944;16625.423888583944;16625.423888583944;4;16625.423888583944;29.1941;-333.21918486414324;Evaluated;5.6775;0.629;64;True;1;
1;1;1;4;normal;0;0f63cf6f404e;move;;;48;50;;;;;;;;;;True;False;False;False;;ok;16174.368262515902;16625.423888583944;16625.423888583944;16625.423888583944;5;16625.423888583944;35.3246;-451.05562606804233;Evaluated;5.4907;0.6373;64;True;1;
1;1;1;5;normal;0;0f63cf6f404e;move;;;15;30;;;;;;;;;;True;False;False;True;;ok;17547.101992361444;16625.423888583944;16625.423888583944;16625.423888583944;6;16625.423888583944;41.1931;921.6781037774999;Evaluated;5.2277;0.6381;64;True;1;
1;1;1;;normal;0;;;;;;;;;;;;;;;;;;;;;End-of-iteration summary row;;;16174.368262515902;16174.368262515902;6;16174.368262515902;41.2077;;IterationSummary;;;;;;
2;1;2;1;normal;0;cc9a1d3e445e;move;;;5;0;;;;;;;;;;True;False;False;False;;ok;17167.039726890776;16174.368262515902;16174.368262515902;16174.368262515902;7;16174.368262515902;47.5163;992.6714643748746;Evaluated;5.6752;0.6241;64;True;1;
2;1;2;2;normal;0;cc9a1d3e445e;swap;18;20;;;;;;;;;;;;True;False;False;False;;ok;16936.467658118094;16174.368262515902;16174.368262515902;16174.368262515902;8;16174.368262515902;53.7594;762.0993956021921;Evaluated;5.6155;0.6243;64;True;1;
2;1;2;3;normal;0;cc9a1d3e445e;reinsert_block;;;;;;;40;47;32;;;;;True;False;False;True;;ok;16174.368262515902;16174.368262515902;16174.368262515902;16174.368262515902;9;16174.368262515902;60.1104;0.0;Evaluated;5.7216;0.6264;64;True;1;
2;1;2;4;normal;0;cc9a1d3e445e;move;;;50;48;;;;;;;;;;True;False;False;False;;ok;16625.423888583944;16174.368262515902;16174.368262515902;16174.368262515902;10;16174.368262515902;66.3105;451.05562606804233;Evaluated;5.5711;0.6283;64;True;1;
2;1;2;5;normal;0;cc9a1d3e445e;move;;;24;10;;;;;;;;;;True;False;False;True;;ok;16757.97202187192;16174.368262515902;16174.368262515902;16174.368262515902;11;16174.368262515902;72.4552;583.6037593560177;Evaluated;5.5168;0.6254;64;True;1;
2;1;2;;normal;1;;;;;;;;;;;;;;;;;;;;;End-of-iteration summary row;;;16174.368262515902;16174.368262515902;11;16174.368262515902;72.459;;IterationSummary;;;;;;
3;1;3;1;normal;1;cc9a1d3e445e;move;;;10;5;;;;;;;;;;True;False;False;False;;ok;15631.966223066434;16174.368262515902;16174.368262515902;16174.368262515902;12;16174.368262515902;79.2014;-542.4020394494673;Evaluated;6.0916;0.6375;64;True;1;
3;1;3;2;normal;1;cc9a1d3e445e;swap;20;21;;;;;;;;;;;;True;False;False;False;;ok;16178.719113393523;16174.368262515902;16174.368262515902;16174.368262515902;13;16174.368262515902;85.4646;4.350850877621269;Evaluated;5.6272;0.6336;64;True;1;
3;1;3;3;normal;1;cc9a1d3e445e;reinsert_block;;;;;;;35;40;28;;;;;True;False;False;False;;ok;16356.318741101963;16174.368262515902;16174.368262515902;16174.368262515902;14;16174.368262515902;92.1346;181.95047858606085;Evaluated;6.042;0.6251;64;True;1;
3;1;3;4;normal;1;cc9a1d3e445e;move;;;52;49;;;;;;;;;;True;False;False;False;;ok;16425.52487599927;16174.368262515902;16174.368262515902;16174.368262515902;15;16174.368262515902;101.9999;251.15661348336653;Evaluated;9.2204;0.6418;64;True;2;duplicate_for_same_parent_sequence
3;1;3;5;normal;1;cc9a1d3e445e;move;;;25;30;;;;;;;;;;True;False;False;False;;ok;16631.173616594395;16174.368262515902;16174.368262515902;16174.368262515902;16;16174.368262515902;108.2856;456.8053540784931;Evaluated;5.6452;0.6379;64;True;1;
3;1;3;;normal;0;;;;;;;;;;;;;;;;;;;;;End-of-iteration summary row;;;15631.966223066434;15631.966223066434;16;15631.966223066434;108.3027;;IterationSummary;;;;;;
4;1;4;1;normal;0;ffee9494bb34;move;;;10;5;;;;;;;;;;True;False;False;False;;ok;17755.533212725448;15631.966223066434;15631.966223066434;15631.966223066434;17;15631.966223066434;114.9484;2123.5669896590134;Evaluated;6.0053;0.6342;64;True;1;
4;1;4;2;normal;0;ffee9494bb34;swap;18;20;;;;;;;;;;;;True;False;False;False;;ok;16842.317920601232;15631.966223066434;15631.966223066434;15631.966223066434;18;15631.966223066434;121.2017;1210.3516975347975;Evaluated;5.6194;0.631;64;True;1;
4;1;4;3;normal;0;ffee9494bb34;reinsert_block;;;;;;;35;40;28;;;;;True;False;False;False;;ok;16265.073905887166;15631.966223066434;15631.966223066434;15631.966223066434;19;15631.966223066434;127.8881;633.1076828207315;Evaluated;6.0543;0.6279;64;True;1;
4;1;4;4;normal;0;ffee9494bb34;move;;;50;48;;;;;;;;;;True;False;False;False;;ok;15632.208925194025;15631.966223066434;15631.966223066434;15631.966223066434;20;15631.966223066434;134.1319;0.24270212759074639;Evaluated;5.612;0.6292;64;True;1;
4;1;4;5;normal;0;ffee9494bb34;move;;;15;20;;;;;;;;;;True;False;False;False;;ok;15638.27319205372;15631.966223066434;15631.966223066434;15631.966223066434;21;15631.966223066434;140.4252;6.306968987286382;Evaluated;5.6402;0.6502;64;True;1;
4;1;4;;normal;1;;;;;;;;;;;;;;;;;;;;;End-of-iteration summary row;;;15631.966223066434;15631.966223066434;21;15631.966223066434;140.4284;;IterationSummary;;;;;;
5;1;5;1;normal;1;ffee9494bb34;move;;;5;10;;;;;;;;;;True;False;False;False;;ok;16174.368262515902;15631.966223066434;15631.966223066434;15631.966223066434;22;15631.966223066434;147.2508;542.4020394494673;Evaluated;6.1837;0.6229;64;True;1;
5;1;5;2;normal;1;ffee9494bb34;swap;17;20;;;;;;;;;;;;True;False;False;False;;ok;16771.778686963098;15631.966223066434;15631.966223066434;15631.966223066434;23;15631.966223066434;153.5499;1139.8124638966638;Evaluated;5.6461;0.6522;64;True;1;
5;1;5;3;normal;1;ffee9494bb34;move;;;16;3;;;;;;;;;;True;False;False;True;;ok;17459.929234586423;15631.966223066434;15631.966223066434;15631.966223066434;24;15631.966223066434;163.9147;1827.9630115199889;Evaluated;9.723;0.6389;64;True;2;duplicate_for_same_parent_sequence
5;1;5;4;normal;1;ffee9494bb34;move;;;19;23;;;;;;;;;;True;False;False;False;;ok;16899.911525086776;15631.966223066434;15631.966223066434;15631.966223066434;25;15631.966223066434;173.7846;1267.9453020203418;Evaluated;9.2317;0.634;64;True;2;duplicate_for_same_parent_sequence
5;1;5;5;normal;1;ffee9494bb34;move;;;25;30;;;;;;;;;;True;False;False;False;;ok;15623.430347625615;15631.966223066434;15631.966223066434;15631.966223066434;26;15631.966223066434;180.0806;-8.535875440818927;Evaluated;5.6566;0.6363;64;True;1;
5;1;5;;normal;0;;;;;;;;;;;;;;;;;;;;;End-of-iteration summary row;;;15623.430347625615;15623.430347625615;26;15623.430347625615;180.0979;;IterationSummary;;;;;;
6;1;6;1;normal;0;a5963da3dd99;move;;;10;5;;;;;;;;;;True;False;False;False;;ok;17752.305194522596;15623.430347625615;15623.430347625615;15623.430347625615;27;15623.430347625615;186.8072;2128.8748468969807;Evaluated;6.0623;0.6415;64;True;1;
6;1;6;2;normal;0;a5963da3dd99;swap;18;25;;;;;;;;;;;;True;False;False;False;;ok;15623.430347625615;15623.430347625615;15623.430347625615;15623.430347625615;28;15623.430347625615;193.3661;0.0;Evaluated;5.9273;0.6283;64;True;1;
6;1;6;3;normal;0;a5963da3dd99;reinsert_block;;;;;;;35;40;28;;;;;True;False;False;False;;ok;16537.790515083245;15623.430347625615;15623.430347625615;15623.430347625615;29;15623.430347625615;200.0802;914.3601674576294;Evaluated;6.0589;0.6521;64;True;1;
6;1;6;4;normal;0;a5963da3dd99;move;;;50;48;;;;;;;;;;True;False;False;False;;ok;15622.955541699463;15623.430347625615;15623.430347625615;15623.430347625615;30;15623.430347625615;206.3216;-0.4748059261528397;Evaluated;5.6039;0.635;64;True;1;
6;1;6;5;normal;0;a5963da3dd99;move;;;25;30;;;;;;;;;;True;False;False;False;;ok;16445.793967895246;15623.430347625615;15623.430347625615;15623.430347625615;31;15623.430347625615;212.6796;822.3636202696307;Evaluated;5.7162;0.6377;64;True;1;
6;1;6;;normal;0;;;;;;;;;;;;;;;;;;;;;End-of-iteration summary row;;;15622.955541699463;15622.955541699463;31;15622.955541699463;212.6909;;IterationSummary;;;;;;
7;1;7;1;normal;0;eabc22f81c95;move;;;3;8;;;;;;;;;;True;False;False;False;;ok;18103.484293637048;15622.955541699463;15622.955541699463;15622.955541699463;32;15622.955541699463;219.4517;2480.528751937585;Evaluated;6.1218;0.6305;64;True;1;
7;1;7;2;normal;0;eabc22f81c95;swap;20;25;;;;;;;;;;;;True;False;False;False;;ok;17239.36687663655;15622.955541699463;15622.955541699463;15622.955541699463;33;15622.955541699463;225.6984;1616.4113349370891;Evaluated;5.617;0.6273;64;True;1;
7;1;7;3;normal;0;eabc22f81c95;reinsert_block;;;;;;;35;40;28;;;;;True;False;False;False;;ok;16990.605486500426;15622.955541699463;15622.955541699463;15622.955541699463;34;15622.955541699463;232.3083;1367.6499448009636;Evaluated;5.9685;0.6387;64;True;1;
7;1;7;4;normal;0;eabc22f81c95;move;;;50;48;;;;;;;;;;True;False;False;False;;ok;15622.955541699463;15622.955541699463;15622.955541699463;15622.955541699463;35;15622.955541699463;238.5164;0.0;Evaluated;5.5796;0.6255;64;True;1;
7;1;7;5;normal;0;eabc22f81c95;move;;;15;20;;;;;;;;;;True;False;False;False;;ok;16886.61621684685;15622.955541699463;15622.955541699463;15622.955541699463;36;15622.955541699463;244.9757;1263.6606751473882;Evaluated;5.8316;0.6255;64;True;1;
7;1;7;;normal;1;;;;;;;;;;;;;;;;;;;;;End-of-iteration summary row;;;15622.955541699463;15622.955541699463;36;15622.955541699463;244.9797;;IterationSummary;;;;;;
8;1;8;1;normal;1;eabc22f81c95;move;;;10;5;;;;;;;;;;True;False;False;False;;ok;18203.917714002342;15622.955541699463;15622.955541699463;15622.955541699463;37;15622.955541699463;251.4767;2580.9621723028795;Evaluated;5.8616;0.6236;64;True;1;
8;1;8;2;normal;1;eabc22f81c95;swap;18;25;;;;;;;;;;;;True;False;False;False;;ok;15622.955541699463;15622.955541699463;15622.955541699463;15622.955541699463;38;15622.955541699463;257.9549;0.0;Evaluated;5.8488;0.6264;64;True;1;
8;1;8;3;normal;1;eabc22f81c95;move;;;15;25;;;;;;;;;;True;False;False;True;;ok;15623.236675117987;15622.955541699463;15622.955541699463;15622.955541699463;39;15622.955541699463;268.3571;0.281133418524405;Evaluated;9.7533;0.6467;64;True;2;duplicate_for_same_parent_sequence
8;1;8;4;normal;1;eabc22f81c95;swap;52;61;;;;;;;;;;;;True;False;False;False;;ok;16019.617552865866;15622.955541699463;15622.955541699463;15622.955541699463;40;15622.955541699463;278.4783;396.6620111664033;Evaluated;9.477;0.6418;64;True;2;duplicate_for_same_parent_sequence
8;1;8;5;normal;1;eabc22f81c95;move;;;30;35;;;;;;;;;;True;False;False;False;;ok;16373.257827411735;15622.955541699463;15622.955541699463;15622.955541699463;41;15622.955541699463;290.1887;750.3022857122724;Evaluated;11.08;0.6297;64;True;2;duplicate_for_same_parent_sequence
8;1;8;;normal;2;;;;;;;;;;;;;;;;;;;;;End-of-iteration summary row;;;15622.955541699463;15622.955541699463;41;15622.955541699463;290.1895;;IterationSummary;;;;;;
9;1;9;1;normal;2;eabc22f81c95;move;;;5;10;;;;;;;;;;True;False;False;False;;ok;17074.2322113001;15622.955541699463;15622.955541699463;15622.955541699463;42;15622.955541699463;296.7617;1451.2766696006365;Evaluated;5.9386;0.6266;64;True;1;
9;1;9;2;normal;2;eabc22f81c95;swap;16;20;;;;;;;;;;;;True;False;False;False;;ok;17696.88556196878;15622.955541699463;15622.955541699463;15622.955541699463;43;15622.955541699463;303.0558;2073.9300202693157;Evaluated;5.6638;0.6272;64;True;1;
9;1;9;3;normal;2;eabc22f81c95;reinsert_block;;;;;;;32;37;40;;;;;True;False;False;False;;ok;18258.029111782966;15622.955541699463;15622.955541699463;15622.955541699463;44;15622.955541699463;317.7456;2635.073570083503;Evaluated;14.0484;0.6376;64;True;3;duplicate_for_same_parent_sequence
9;1;9;4;normal;2;eabc22f81c95;move;;;52;48;;;;;;;;;;True;False;False;False;;ok;15606.892047271855;15622.955541699463;15622.955541699463;15622.955541699463;45;15622.955541699463;324.0337;-16.06349442760802;Evaluated;5.6466;0.6385;64;True;1;
9;1;9;5;normal;2;eabc22f81c95;move;;;10;20;;;;;;;;;;True;False;False;True;;ok;17308.361689121328;15622.955541699463;15622.955541699463;15622.955541699463;46;15622.955541699463;333.9247;1685.4061474218652;Evaluated;9.2497;0.6384;64;True;2;duplicate_for_same_parent_sequence
9;1;9;;normal;0;;;;;;;;;;;;;;;;;;;;;End-of-iteration summary row;;;15606.892047271855;15606.892047271855;46;15606.892047271855;333.9425;;IterationSummary;;;;;;
10;1;10;1;normal;0;0cffbf56f79b;move;;;7;12;;;;;;;;;;True;False;False;False;;ok;15604.277531284244;15606.892047271855;15606.892047271855;15606.892047271855;47;15606.892047271855;340.817;-2.6145159876105026;Evaluated;6.2215;0.6466;64;True;1;
10;1;10;2;normal;0;0cffbf56f79b;swap;18;25;;;;;;;;;;;;True;False;False;False;;ok;15606.892047271855;15606.892047271855;15606.892047271855;15606.892047271855;48;15606.892047271855;347.1303;0.0;Evaluated;5.6721;0.6382;64;True;1;
10;1;10;3;normal;0;0cffbf56f79b;reinsert_block;;;;;;;35;40;32;;;;;True;False;False;False;;ok;17140.774279232595;15606.892047271855;15606.892047271855;15606.892047271855;49;15606.892047271855;354.2171;1533.8822319607407;Evaluated;6.4487;0.6355;64;True;1;
10;1;10;4;normal;0;0cffbf56f79b;move;;;50;48;;;;;;;;;;True;False;False;False;;ok;15402.107587163637;15606.892047271855;15606.892047271855;15606.892047271855;50;15606.892047271855;360.4261;-204.7844601082179;Evaluated;5.5804;0.6264;64;True;1;
10;1;10;5;normal;0;0cffbf56f79b;move;;;46;30;;;;;;;;;;True;False;False;True;;ok;18475.674182408457;15606.892047271855;15606.892047271855;15606.892047271855;51;15606.892047271855;366.6086;2868.782135136602;Evaluated;5.5452;0.6343;64;True;1;
10;1;10;;normal;0;;;;;;;;;;;;;;;;;;;;;End-of-iteration summary row;;;15402.107587163637;15402.107587163637;51;15402.107587163637;366.6211;;IterationSummary;;;;;;
11;1;11;1;normal;0;431b8fa653e4;move;;;10;5;;;;;;;;;;True;False;False;False;;ok;18303.65189932949;15402.107587163637;15402.107587163637;15402.107587163637;52;15402.107587163637;373.1472;2901.544312165852;Evaluated;5.8768;0.6411;64;True;1;
11;1;11;2;normal;0;431b8fa653e4;swap;20;25;;;;;;;;;;;;True;False;False;False;;ok;17332.490603140603;15402.107587163637;15402.107587163637;15402.107587163637;53;15402.107587163637;379.4352;1930.383015976966;Evaluated;5.653;0.6343;64;True;1;
11;1;11;3;normal;0;431b8fa653e4;reinsert_block;;;;;;;35;40;28;;;;;True;False;False;False;;ok;17115.824635236917;15402.107587163637;15402.107587163637;15402.107587163637;54;15402.107587163637;386.0952;1713.7170480732802;Evaluated;6.0116;0.6445;64;True;1;
11;1;11;4;normal;0;431b8fa653e4;move;;;50;48;;;;;;;;;;True;False;False;False;;ok;15602.715627979485;15402.107587163637;15402.107587163637;15402.107587163637;55;15402.107587163637;392.174;200.60804081584865;Evaluated;5.4504;0.6255;64;True;1;
11;1;11;5;normal;0;431b8fa653e4;move;;;25;10;;;;;;;;;;True;False;False;True;;ok;17832.891115072583;15402.107587163637;15402.107587163637;15402.107587163637;56;15402.107587163637;398.386;2430.783527908947;Evaluated;5.5649;0.6436;64;True;1;
11;1;11;;normal;1;;;;;;;;;;;;;;;;;;;;;End-of-iteration summary row;;;15402.107587163637;15402.107587163637;56;15402.107587163637;398.3873;;IterationSummary;;;;;;
12;1;12;1;normal;1;431b8fa653e4;move;;;7;12;;;;;;;;;;True;False;False;False;;ok;15399.493071176026;15402.107587163637;15402.107587163637;15402.107587163637;57;15402.107587163637;404.914;-2.6145159876105026;Evaluated;5.8841;0.633;64;True;1;
12;1;12;2;normal;1;431b8fa653e4;swap;18;30;;;;;;;;;;;;True;False;False;True;;ok;16992.415586555435;15402.107587163637;15402.107587163637;15402.107587163637;58;15402.107587163637;415.5171;1590.3079993917981;Evaluated;9.9692;0.6331;64;True;2;duplicate_for_same_parent_sequence
12;1;12;3;normal;1;431b8fa653e4;move;;;15;20;;;;;;;;;;True;False;False;False;;ok;16987.814275478944;15402.107587163637;15402.107587163637;15402.107587163637;59;15402.107587163637;426.5513;1585.7066883153075;Evaluated;10.4062;0.6249;64;True;2;duplicate_for_same_parent_sequence
12;1;12;4;normal;1;431b8fa653e4;move;;;62;50;;;;;;;;;;True;False;False;True;;ok;15995.440674300611;15402.107587163637;15402.107587163637;15402.107587163637;60;15402.107587163637;436.4778;593.3330871369744;Evaluated;9.2989;0.6252;64;True;2;duplicate_for_same_parent_sequence
12;1;12;5;normal;1;431b8fa653e4;move;;;40;35;;;;;;;;;;True;False;False;False;;ok;16804.576470049724;15402.107587163637;15402.107587163637;15402.107587163637;61;15402.107587163637;442.7482;1402.4688828860872;Evaluated;5.6418;0.6254;64;True;1;
12;1;12;;normal;0;;;;;;;;;;;;;;;;;;;;;End-of-iteration summary row;;;15399.493071176026;15399.493071176026;61;15399.493071176026;442.766;;IterationSummary;;;;;;
13;1;13;1;normal;0;1e99dbf3dbf2;move;;;7;12;;;;;;;;;;True;False;False;False;;ok;15396.918109095568;15399.493071176026;15399.493071176026;15399.493071176026;62;15399.493071176026;449.5025;-2.5749620804581355;Evaluated;6.0882;0.6416;64;True;1;
13;1;13;2;normal;0;1e99dbf3dbf2;swap;17;20;;;;;;;;;;;;True;False;False;False;;ok;17326.333935715662;15399.493071176026;15399.493071176026;15399.493071176026;63;15399.493071176026;455.7892;1926.8408645396357;Evaluated;5.6468;0.6364;64;True;1;
13;1;13;3;normal;0;1e99dbf3dbf2;reinsert_block;;;;;;;40;47;32;;;;;True;False;False;True;;ok;15399.493071176026;15399.493071176026;15399.493071176026;15399.493071176026;64;15399.493071176026;462.2158;0.0;Evaluated;5.7882;0.6354;64;True;1;
13;1;13;4;normal;0;1e99dbf3dbf2;move;;;62;45;;;;;;;;;;True;False;False;True;;ok;16120.209096363391;15399.493071176026;15399.493071176026;15399.493071176026;65;15399.493071176026;468.4358;720.7160251873647;Evaluated;5.5808;0.6359;64;True;1;
13;1;13;5;normal;0;1e99dbf3dbf2;move;;;50;48;;;;;;;;;;True;False;False;False;;ok;15600.101111991875;15399.493071176026;15399.493071176026;15399.493071176026;66;15399.493071176026;474.7223;200.60804081584865;Evaluated;5.6523;0.6313;64;True;1;
13;1;13;;normal;0;;;;;;;;;;;;;;;;;;;;;End-of-iteration summary row;;;15396.918109095568;15396.918109095568;66;15396.918109095568;474.734;;IterationSummary;;;;;;
14;1;14;1;normal;0;1595116f5558;move;;;12;8;;;;;;;;;;True;False;False;False;;ok;15399.493071176888;15396.918109095568;15396.918109095568;15396.918109095568;67;15396.918109095568;481.4974;2.5749620813203364;Evaluated;6.1204;0.6351;64;True;1;
14;1;14;2;normal;0;1595116f5558;swap;16;20;;;;;;;;;;;;True;False;False;False;;ok;17791.011953559875;15396.918109095568;15396.918109095568;15396.918109095568;68;15396.918109095568;487.7647;2394.093844464307;Evaluated;5.6312;0.6347;64;True;1;
14;1;14;3;normal;0;1595116f5558;reinsert_block;;;;;;;35;40;28;;;;;True;False;False;False;;ok;17118.730353538856;15396.918109095568;15396.918109095568;15396.918109095568;69;15396.918109095568;494.3637;1721.8122444432884;Evaluated;5.9728;0.6233;64;True;1;
14;1;14;4;normal;0;1595116f5558;move;;;50;48;;;;;;;;;;True;False;False;False;;ok;15597.526149911417;15396.918109095568;15396.918109095568;15396.918109095568;70;15396.918109095568;500.6964;200.60804081584865;Evaluated;5.7018;0.6276;64;True;1;
14;1;14;5;normal;0;1595116f5558;swap;30;35;;;;;;;;;;;;True;False;False;False;;ok;15397.59435026599;15396.918109095568;15396.918109095568;15396.918109095568;71;15396.918109095568;510.6262;0.6762411704221449;Evaluated;9.2841;0.6428;64;True;2;duplicate_for_same_parent_sequence
14;1;14;;normal;1;;;;;;;;;;;;;;;;;;;;;End-of-iteration summary row;;;15396.918109095568;15396.918109095568;71;15396.918109095568;510.6288;;IterationSummary;;;;;;
15;1;15;1;normal;1;1595116f5558;move;;;10;5;;;;;;;;;;True;False;False;False;;ok;17807.11038450822;15396.918109095568;15396.918109095568;15396.918109095568;72;15396.918109095568;517.2603;2410.1922754126535;Evaluated;5.981;0.6342;64;True;1;
15;1;15;2;normal;1;1595116f5558;swap;20;25;;;;;;;;;;;;True;False;False;False;;ok;17523.022762452863;15396.918109095568;15396.918109095568;15396.918109095568;73;15396.918109095568;523.5536;2126.1046533572953;Evaluated;5.6592;0.6315;64;True;1;
15;1;15;3;normal;1;1595116f5558;move;;;30;25;;;;;;;;;;True;False;False;False;;ok;15576.445661255604;15396.918109095568;15396.918109095568;15396.918109095568;74;15396.918109095568;533.8559;179.52755216003607;Evaluated;9.6728;0.6269;64;True;2;duplicate_for_same_parent_sequence
15;1;15;4;normal;1;1595116f5558;swap;28;32;;;;;;;;;;;;True;False;False;False;;ok;16730.872498660767;15396.918109095568;15396.918109095568;15396.918109095568;75;15396.918109095568;543.9878;1333.9543895651987;Evaluated;9.5037;0.6254;64;True;2;duplicate_for_same_parent_sequence
15;1;15;5;normal;1;1595116f5558;move;;;25;18;;;;;;;;;;True;False;False;False;;ok;17451.634513224955;15396.918109095568;15396.918109095568;15396.918109095568;76;15396.918109095568;550.5886;2054.7164041293872;Evaluated;5.9755;0.6223;64;True;1;
15;1;15;;normal;2;;;;;;;;;;;;;;;;;;;;;End-of-iteration summary row;;;15396.918109095568;15396.918109095568;76;15396.918109095568;550.5901;;IterationSummary;;;;;;
16;1;16;1;normal;2;1595116f5558;move;;;8;3;;;;;;;;;;True;False;False;False;;ok;18415.807225407592;15396.918109095568;15396.918109095568;15396.918109095568;77;15396.918109095568;557.1147;3018.8891163120243;Evaluated;5.8827;0.6303;64;True;1;
16;1;16;2;normal;2;1595116f5558;swap;28;30;;;;;;;;;;;;True;False;False;False;;ok;16598.365126865418;15396.918109095568;15396.918109095568;15396.918109095568;78;15396.918109095568;563.6727;1201.4470177698495;Evaluated;5.9215;0.6354;64;True;1;
16;1;16;3;normal;2;1595116f5558;move;;;40;35;;;;;;;;;;True;False;False;False;;ok;16803.267776697496;15396.918109095568;15396.918109095568;15396.918109095568;79;15396.918109095568;574.6281;1406.3496676019276;Evaluated;10.3091;0.6455;64;True;2;duplicate_for_same_parent_sequence
16;1;16;4;normal;2;1595116f5558;move;;;35;28;;;;;;;;;;True;False;False;False;;ok;15627.405547433684;15396.918109095568;15396.918109095568;15396.918109095568;80;15396.918109095568;584.9204;230.48743833811568;Evaluated;9.6555;0.6344;64;True;2;duplicate_for_same_parent_sequence
16;1;16;5;normal;2;1595116f5558;move;;;40;32;;;;;;;;;;True;False;False;False;;ok;17336.168156577645;15396.918109095568;15396.918109095568;15396.918109095568;81;15396.918109095568;591.1434;1939.2500474820772;Evaluated;5.5871;0.6332;64;True;1;
16;1;16;;normal;3;;;;;;;;;;;;;;;;;;;;;End-of-iteration summary row;;;15396.918109095568;15396.918109095568;81;15396.918109095568;591.1462;;IterationSummary;;;;;;
17;1;17;1;diversification;3;1595116f5558;move;;;15;20;;;;;;;;;;True;False;False;False;;ok;16994.476484769868;15396.918109095568;15396.918109095568;15396.918109095568;82;15396.918109095568;605.1766;1597.5583756743;Evaluated;13.3772;0.6381;64;True;3;duplicate_for_same_parent_sequence
17;1;17;2;diversification;3;1595116f5558;reinsert_block;;;;;;;18;23;5;;;;;True;False;False;True;;ok;15863.954349616832;15396.918109095568;15396.918109095568;15396.918109095568;83;15396.918109095568;611.9115;467.0362405212636;Evaluated;6.1051;0.6264;64;True;1;
17;1;17;3;diversification;3;1595116f5558;swap;32;40;;;;;;;;;;;;True;False;False;False;;ok;15396.918109095568;15396.918109095568;15396.918109095568;15396.918109095568;84;15396.918109095568;617.9657;0.0;Evaluated;5.4136;0.6379;64;True;1;
17;1;17;4;diversification;3;1595116f5558;move;;;50;32;;;;;;;;;;True;False;False;True;;ok;17173.926118630698;15396.918109095568;15396.918109095568;15396.918109095568;85;15396.918109095568;628.1472;1777.0080095351295;Evaluated;9.5415;0.637;64;True;2;duplicate_for_same_parent_sequence
17;1;17;5;diversification;3;1595116f5558;swap;3;7;;;;;;;;;;;;True;False;False;False;;ok;17942.950188218256;15396.918109095568;15396.918109095568;15396.918109095568;86;15396.918109095568;638.0529;2546.0320791226877;Evaluated;9.2564;0.6465;64;True;2;duplicate_for_same_parent_sequence
17;1;17;6;diversification;3;1595116f5558;move;;;50;43;;;;;;;;;;True;False;False;False;;ok;16176.05158264135;15396.918109095568;15396.918109095568;15396.918109095568;87;15396.918109095568;644.4356;779.1334735457822;Evaluated;5.7527;0.6267;64;True;1;
17;1;17;7;diversification;3;1595116f5558;move;;;25;10;;;;;;;;;;True;False;False;True;;ok;18331.765676337498;15396.918109095568;15396.918109095568;15396.918109095568;88;15396.918109095568;654.398;2934.84756724193;Evaluated;9.3152;0.6429;64;True;2;duplicate_for_same_parent_sequence
17;1;17;8;diversification;3;1595116f5558;move;;;18;25;;;;;;;;;;True;False;False;False;;ok;17445.95058480718;15396.918109095568;15396.918109095568;15396.918109095568;89;15396.918109095568;660.7318;2049.0324757116105;Evaluated;5.6971;0.6337;64;True;1;
17;1;17;9;diversification;3;1595116f5558;move;;;30;24;;;;;;;;;;True;False;False;False;;ok;16322.326424481134;15396.918109095568;15396.918109095568;15396.918109095568;90;15396.918109095568;670.939;925.4083153855663;Evaluated;9.5799;0.6245;64;True;2;duplicate_for_same_parent_sequence
17;1;17;10;diversification;3;1595116f5558;move;;;47;32;;;;;;;;;;True;False;False;True;;ok;15534.481390105635;15396.918109095568;15396.918109095568;15396.918109095568;91;15396.918109095568;681.122;137.56328101006693;Evaluated;9.5501;0.6303;64;True;2;duplicate_for_same_parent_sequence
17;1;17;;diversification;4;;;;;;;;;;;;;;;;;;;;;End-of-iteration summary row;;;15396.918109095568;15396.918109095568;91;15396.918109095568;681.1248;;IterationSummary;;;;;;
18;1;18;1;diversification;4;1595116f5558;move;;;7;3;;;;;;;;;;True;False;False;False;;ok;18413.32388326398;15396.918109095568;15396.918109095568;15396.918109095568;92;15396.918109095568;691.4295;3016.405774168412;Evaluated;9.6635;0.6292;64;True;2;duplicate_for_same_parent_sequence
18;1;18;2;diversification;4;1595116f5558;reinsert_block;;;;;;;20;23;5;;;;;True;False;False;True;;ok;18211.45719030192;15396.918109095568;15396.918109095568;15396.918109095568;93;15396.918109095568;698.1071;2814.5390812063524;Evaluated;6.0296;0.6473;64;True;1;
18;1;18;3;diversification;4;1595116f5558;swap;40;50;;;;;;;;;;;;True;False;False;False;;ok;15396.918109095568;15396.918109095568;15396.918109095568;15396.918109095568;94;15396.918109095568;704.3787;0.0;Evaluated;5.6349;0.6336;64;True;1;
18;1;18;4;diversification;4;1595116f5558;move;;;62;32;;;;;;;;;;True;False;False;True;;ok;17383.597575450167;15396.918109095568;15396.918109095568;15396.918109095568;95;15396.918109095568;714.7003;1986.6794663545988;Evaluated;9.6936;0.6256;64;True;2;duplicate_for_same_parent_sequence
18;1;18;5;diversification;4;1595116f5558;move;;;20;5;;;;;;;;;;True;False;False;True;;ok;18417.012736856654;15396.918109095568;15396.918109095568;15396.918109095568;96;15396.918109095568;720.819;3020.0946277610856;Evaluated;5.4817;0.6342;64;True;1;
18;1;18;6;diversification;4;1595116f5558;move;;;20;35;;;;;;;;;;True;False;False;True;;ok;16811.993264269964;15396.918109095568;15396.918109095568;15396.918109095568;97;15396.918109095568;727.4392;1415.075155174396;Evaluated;5.9827;0.6346;64;True;1;
18;1;18;7;diversification;4;1595116f5558;move;;;40;25;;;;;;;;;;True;False;False;True;;ok;15621.21788812988;15396.918109095568;15396.918109095568;15396.918109095568;98;15396.918109095568;733.6877;224.29977903431245;Evaluated;5.6254;0.6223;64;True;1;
18;1;18;8;diversification;4;1595116f5558;move;;;20;15;;;;;;;;;;True;False;False;False;;ok;17337.967976317697;15396.918109095568;15396.918109095568;15396.918109095568;99;15396.918109095568;739.9684;1941.0498672221293;Evaluated;5.643;0.6368;64;True;1;
18;1;18;9;diversification;4;1595116f5558;move;;;28;15;;;;;;;;;;True;False;False;True;;ok;18124.71790282049;15396.918109095568;15396.918109095568;15396.918109095568;100;15396.918109095568;746.3227;2727.79979372492;Evaluated;5.7127;0.6391;64;True;1;
18;1;18;10;diversification;4;1595116f5558;move;;;50;15;;;;;;;;;;True;False;False;True;;ok;16680.237946753994;15396.918109095568;15396.918109095568;15396.918109095568;101;15396.918109095568;752.5821;1283.319837658426;Evaluated;5.6221;0.6322;64;True;1;
18;1;18;;diversification;5;;;;;;;;;;;;;;;;;;;;;End-of-iteration summary row;;;15396.918109095568;15396.918109095568;101;15396.918109095568;752.5828;;IterationSummary;;;;;;
19;1;19;1;diversification;5;1595116f5558;move;;;8;2;;;;;;;;;;True;False;False;False;;ok;15710.340753826245;15396.918109095568;15396.918109095568;15396.918109095568;102;15396.918109095568;767.596;313.42264473067735;Evaluated;14.3556;0.6521;64;True;3;duplicate_for_same_parent_sequence
19;1;19;2;diversification;5;1595116f5558;reinsert_block;;;;;;;18;25;32;;;;;True;False;False;False;;ok;17017.5025384557;15396.918109095568;15396.918109095568;15396.918109095568;103;15396.918109095568;774.3199;1620.584429360133;Evaluated;6.0864;0.6366;64;True;1;
19;1;19;3;diversification;5;1595116f5558;swap;35;48;;;;;;;;;;;;True;False;False;True;;ok;16703.247283616147;15396.918109095568;15396.918109095568;15396.918109095568;104;15396.918109095568;784.0168;1306.3291745205788;Evaluated;9.0709;0.6231;64;True;2;duplicate_for_same_parent_sequence
19;1;19;4;diversification;5;1595116f5558;move;;;60;50;;;;;;;;;;True;False;False;True;;ok;15766.173834093217;15396.918109095568;15396.918109095568;15396.918109095568;105;15396.918109095568;798.3837;369.25572499764894;Evaluated;13.7285;0.6366;64;True;3;duplicate_for_same_parent_sequence
19;1;19;5;diversification;5;1595116f5558;move;;;28;4;;;;;;;;;;True;False;False;True;;ok;18102.201660425668;15396.918109095568;15396.918109095568;15396.918109095568;106;15396.918109095568;808.2883;2705.2835513300997;Evaluated;9.2753;0.6257;64;True;2;duplicate_for_same_parent_sequence
19;1;19;6;diversification;5;1595116f5558;move;;;58;40;;;;;;;;;;True;False;False;True;;ok;15541.390143517148;15396.918109095568;15396.918109095568;15396.918109095568;107;15396.918109095568;814.4868;144.47203442158025;Evaluated;5.5604;0.6354;64;True;1;
19;1;19;7;diversification;5;1595116f5558;move;;;30;18;;;;;;;;;;True;False;False;True;;ok;17433.14651348794;15396.918109095568;15396.918109095568;15396.918109095568;108;15396.918109095568;824.485;2036.2284043923719;Evaluated;9.3499;0.6474;64;True;2;duplicate_for_same_parent_sequence
19;1;19;8;diversification;5;1595116f5558;swap;18;30;;;;;;;;;;;;True;False;False;True;;ok;16985.293964427347;15396.918109095568;15396.918109095568;15396.918109095568;109;15396.918109095568;834.5149;1588.3758553317784;Evaluated;9.3918;0.6349;64;True;2;duplicate_for_same_parent_sequence
19;1;19;9;diversification;5;1595116f5558;move;;;28;18;;;;;;;;;;True;False;False;True;;ok;18230.924265193225;15396.918109095568;15396.918109095568;15396.918109095568;110;15396.918109095568;849.0019;2834.0061560976574;Evaluated;13.6656;0.8183;64;True;3;duplicate_for_same_parent_sequence
19;1;19;10;diversification;5;1595116f5558;move;;;30;15;;;;;;;;;;True;False;False;True;;ok;17434.968823137307;15396.918109095568;15396.918109095568;15396.918109095568;111;15396.918109095568;859.0642;2038.0507140417394;Evaluated;9.4349;0.6241;64;True;2;duplicate_for_same_parent_sequence
19;1;19;;diversification;6;;;;;;;;;;;;;;;;;;;;;End-of-iteration summary row;;;15396.918109095568;15396.918109095568;111;15396.918109095568;859.0682;;IterationSummary;;;;;;
20;1;20;1;diversification;6;1595116f5558;move;;;10;3;;;;;;;;;;True;False;False;False;;ok;18089.526556186796;15396.918109095568;15396.918109095568;15396.918109095568;112;15396.918109095568;865.8215;2692.6084470912283;Evaluated;6.1188;0.6267;64;True;1;
20;1;20;2;diversification;6;1595116f5558;reinsert_block;;;;;;;20;25;35;;;;;True;False;False;True;;ok;17452.88615072184;15396.918109095568;15396.918109095568;15396.918109095568;113;15396.918109095568;872.5046;2055.968041626271;Evaluated;6.0526;0.6276;64;True;1;
20;1;20;3;diversification;6;1595116f5558;swap;35;42;;;;;;;;;;;;True;False;False;False;;ok;15414.118267807327;15396.918109095568;15396.918109095568;15396.918109095568;114;15396.918109095568;878.8943;17.200158711759286;Evaluated;5.729;0.6577;64;True;1;
20;1;20;4;diversification;6;1595116f5558;reinsert_block;;;;;;;52;56;30;;;;;True;False;False;True;;ok;17493.11241694465;15396.918109095568;15396.918109095568;15396.918109095568;115;15396.918109095568;889.4616;2096.1943078490804;Evaluated;9.9193;0.6446;64;True;2;duplicate_for_same_parent_sequence
20;1;20;5;diversification;6;1595116f5558;swap;8;35;;;;;;;;;;;;True;False;False;True;;ok;18467.607103490536;15396.918109095568;15396.918109095568;15396.918109095568;116;15396.918109095568;899.5673;3070.688994394968;Evaluated;9.4687;0.6363;64;True;2;duplicate_for_same_parent_sequence
20;1;20;6;diversification;6;1595116f5558;move;;;35;18;;;;;;;;;;True;False;False;True;;ok;17416.738150933208;15396.918109095568;15396.918109095568;15396.918109095568;117;15396.918109095568;910.1167;2019.82004183764;Evaluated;9.8926;0.6531;64;True;2;duplicate_for_same_parent_sequence
20;1;20;7;diversification;6;1595116f5558;move;;;40;15;;;;;;;;;;True;False;False;True;;ok;16975.585106718478;15396.918109095568;15396.918109095568;15396.918109095568;118;15396.918109095568;916.409;1578.6669976229095;Evaluated;5.6625;0.6274;64;True;1;
20;1;20;8;diversification;6;1595116f5558;move;;;15;30;;;;;;;;;;True;False;False;True;;ok;15405.886488568054;15396.918109095568;15396.918109095568;15396.918109095568;119;15396.918109095568;926.3303;8.968379472486049;Evaluated;9.2856;0.6325;64;True;2;duplicate_for_same_parent_sequence
20;1;20;9;diversification;6;1595116f5558;swap;30;40;;;;;;;;;;;;True;False;False;False;;ok;16651.35963507025;15396.918109095568;15396.918109095568;15396.918109095568;120;15396.918109095568;936.5561;1254.441525974682;Evaluated;9.594;0.6285;64;True;2;duplicate_for_same_parent_sequence
20;1;20;10;diversification;6;1595116f5558;move;;;42;30;;;;;;;;;;True;False;False;True;;ok;16236.737009468316;15396.918109095568;15396.918109095568;15396.918109095568;121;15396.918109095568;942.9509;839.8189003727475;Evaluated;5.7432;0.6491;64;True;1;
20;1;20;;diversification;7;;;;;;;;;;;;;;;;;;;;;End-of-iteration summary row;;;15396.918109095568;15396.918109095568;121;15396.918109095568;942.9537;;IterationSummary;;;;;;
21;1;21;1;diversification;7;1595116f5558;move;;;8;25;;;;;;;;;;True;False;False;True;;ok;15407.803601395879;15396.918109095568;15396.918109095568;15396.918109095568;122;15396.918109095568;953.4383;10.885492300310943;Evaluated;9.8322;0.6383;64;True;2;duplicate_for_same_parent_sequence
21;1;21;2;diversification;7;1595116f5558;reinsert_block;;;;;;;18;24;30;;;;;True;False;False;False;;ok;16451.331239624087;15396.918109095568;15396.918109095568;15396.918109095568;123;15396.918109095568;960.2797;1054.413130528519;Evaluated;6.2038;0.6342;64;True;1;
21;1;21;3;diversification;7;1595116f5558;swap;35;40;;;;;;;;;;;;True;False;False;False;;ok;16581.953302799193;15396.918109095568;15396.918109095568;15396.918109095568;124;15396.918109095568;966.648;1185.0351937036248;Evaluated;5.7343;0.6333;64;True;1;
21;1;21;4;diversification;7;1595116f5558;move;;;62;50;;;;;;;;;;True;False;False;True;;ok;15990.251196232542;15396.918109095568;15396.918109095568;15396.918109095568;125;15396.918109095568;976.7031;593.3330871369744;Evaluated;9.4086;0.6437;64;True;2;duplicate_for_same_parent_sequence
21;1;21;5;diversification;7;1595116f5558;move;;;42;10;;;;;;;;;;True;False;False;True;;ok;18366.638908879253;15396.918109095568;15396.918109095568;15396.918109095568;126;15396.918109095568;982.8428;2969.720799783685;Evaluated;5.5126;0.6263;64;True;1;
21;1;21;6;diversification;7;1595116f5558;move;;;25;35;;;;;;;;;;True;False;False;True;;ok;16680.639180402908;15396.918109095568;15396.918109095568;15396.918109095568;127;15396.918109095568;989.2257;1283.72107130734;Evaluated;5.7532;0.629;64;True;1;
21;1;21;7;diversification;7;1595116f5558;swap;4;8;;;;;;;;;;;;True;False;False;False;;ok;15591.182113787432;15396.918109095568;15396.918109095568;15396.918109095568;128;15396.918109095568;999.5756;194.2640046918641;Evaluated;9.7066;0.6408;64;True;2;duplicate_for_same_parent_sequence
21;1;21;8;diversification;7;1595116f5558;move;;;30;8;;;;;;;;;;True;False;False;True;;ok;17636.73932771293;15396.918109095568;15396.918109095568;15396.918109095568;129;15396.918109095568;1009.634;2239.8212186173623;Evaluated;9.4179;0.6365;64;True;2;duplicate_for_same_parent_sequence
21;1;21;9;diversification;7;1595116f5558;move;;;25;30;;;;;;;;;;True;False;False;False;;ok;17036.595390061528;15396.918109095568;15396.918109095568;15396.918109095568;130;15396.918109095568;1016.1867;1639.6772809659597;Evaluated;5.9127;0.6367;64;True;1;
21;1;21;10;diversification;7;1595116f5558;swap;50;48;;;;;;;;;;;;True;False;False;False;;ok;15607.337294849818;15396.918109095568;15396.918109095568;15396.918109095568;131;15396.918109095568;1022.6453;210.41918575425007;Evaluated;5.8182;0.6371;64;True;1;
21;1;21;;diversification;8;;;;;;;;;;;;;;;;;;;;;End-of-iteration summary row;;;15396.918109095568;15396.918109095568;131;15396.918109095568;1022.6481;;IterationSummary;;;;;;
22;1;22;1;diversification;8;1595116f5558;move;;;10;25;;;;;;;;;;True;False;False;True;;ok;17875.13874013315;15396.918109095568;15396.918109095568;15396.918109095568;132;15396.918109095568;1029.5219;2478.2206310375805;Evaluated;6.2378;0.6285;64;True;1;
22;1;22;2;diversification;8;1595116f5558;move;;;50;40;;;;;;;;;;True;False;False;True;;ok;16936.474141661907;15396.918109095568;15396.918109095568;15396.918109095568;133;15396.918109095568;1040.0765;1539.5560325663391;Evaluated;9.9213;0.6326;64;True;2;duplicate_for_same_parent_sequence
22;1;22;3;diversification;8;1595116f5558;swap;38;42;;;;;;;;;;;;True;False;False;False;;ok;15396.918109095568;15396.918109095568;15396.918109095568;15396.918109095568;134;15396.918109095568;1050.1783;0.0;Evaluated;9.4723;0.6267;64;True;2;duplicate_for_same_parent_sequence
22;1;22;4;diversification;8;1595116f5558;move;;;48;55;;;;;;;;;;True;False;False;False;;ok;15605.855072445034;15396.918109095568;15396.918109095568;15396.918109095568;135;15396.918109095568;1064.4077;208.93696334946617;Evaluated;13.5829;0.6433;64;True;3;duplicate_for_same_parent_sequence
22;1;22;5;diversification;8;1595116f5558;move;;;20;15;;;;;;;;;;False;True;False;;;ok;;15396.918109095568;15396.918109095568;15396.918109095568;135;15396.918109095568;1078.0735;;DuplicateForSameParentSequenceAfterRetries;13.663;;;;3;duplicate_for_same_parent_sequence
22;1;22;6;diversification;8;1595116f5558;move;;;45;32;;;;;;;;;;True;False;False;True;;ok;17078.38876018638;15396.918109095568;15396.918109095568;15396.918109095568;136;15396.918109095568;1084.4349;1681.4706510908109;Evaluated;5.7205;0.6399;64;True;1;
22;1;22;7;diversification;8;1595116f5558;move;;;18;35;;;;;;;;;;True;False;False;True;;ok;16633.04561731079;15396.918109095568;15396.918109095568;15396.918109095568;137;15396.918109095568;1094.4304;1236.1275082152206;Evaluated;9.3632;0.63;64;True;2;duplicate_for_same_parent_sequence
22;1;22;8;diversification;8;1595116f5558;swap;8;25;;;;;;;;;;;;True;False;False;True;;ok;18339.55914260213;15396.918109095568;15396.918109095568;15396.918109095568;138;15396.918109095568;1104.3887;2942.641033506563;Evaluated;9.3308;0.6259;64;True;2;duplicate_for_same_parent_sequence
22;1;22;9;diversification;8;1595116f5558;move;;;28;35;;;;;;;;;;True;False;False;False;;ok;16598.42059620331;15396.918109095568;15396.918109095568;15396.918109095568;139;15396.918109095568;1111.0843;1201.5024871077403;Evaluated;6.0649;0.628;64;True;1;
22;1;22;10;diversification;8;1595116f5558;swap;42;47;;;;;;;;;;;;True;False;False;False;;ok;16559.754793168915;15396.918109095568;15396.918109095568;15396.918109095568;140;15396.918109095568;1121.2176;1162.836684073347;Evaluated;9.5031;0.6277;64;True;2;duplicate_for_same_parent_sequence
22;1;22;;diversification;9;;;;;;;;;;;;;;;;;;;;;End-of-iteration summary row;;;15396.918109095568;15396.918109095568;140;15396.918109095568;1121.2186;;IterationSummary;;;;;;
23;1;23;1;diversification;9;1595116f5558;move;;;5;30;;;;;;;;;;True;False;False;True;;ok;17557.105070408026;15396.918109095568;15396.918109095568;15396.918109095568;141;15396.918109095568;1128.0342;2160.186961312458;Evaluated;6.165;0.6442;64;True;1;
23;1;23;2;diversification;9;1595116f5558;reinsert_block;;;;;;;20;25;10;;;;;True;False;False;True;;ok;17705.509262808588;15396.918109095568;15396.918109095568;15396.918109095568;142;15396.918109095568;1134.7853;2308.5911537130196;Evaluated;6.1121;0.6382;64;True;1;
23;1;23;3;diversification;9;1595116f5558;swap;36;44;;;;;;;;;;;;True;False;False;False;;ok;15396.918109095568;15396.918109095568;15396.918109095568;15396.918109095568;143;15396.918109095568;1144.5778;0.0;Evaluated;9.1574;0.6325;64;True;2;duplicate_for_same_parent_sequence
23;1;23;4;diversification;9;1595116f5558;move;;;52;48;;;;;;;;;;True;False;False;False;;ok;15564.04428345781;15396.918109095568;15396.918109095568;15396.918109095568;144;15396.918109095568;1154.4177;167.12617436224173;Evaluated;9.2092;0.6291;64;True;2;duplicate_for_same_parent_sequence
23;1;23;5;diversification;9;1595116f5558;move;;;45;30;;;;;;;;;;True;False;False;True;;ok;17713.842598112253;15396.918109095568;15396.918109095568;15396.918109095568;145;15396.918109095568;1160.7832;2316.9244890166847;Evaluated;5.7333;0.628;64;True;1;
23;1;23;6;diversification;9;1595116f5558;move;;;30;45;;;;;;;;;;True;False;False;True;;ok;15383.738717177515;15396.918109095568;15396.918109095568;15396.918109095568;146;15396.918109095568;1170.7677;-13.179391918052715;Evaluated;9.3523;0.6292;64;True;2;duplicate_for_same_parent_sequence
23;1;23;7;diversification;9;1595116f5558;swap;20;40;;;;;;;;;;;;True;False;False;True;;ok;16638.159132801928;15396.918109095568;15396.918109095568;15396.918109095568;147;15396.918109095568;1180.551;1241.2410237063596;Evaluated;9.1571;0.6237;64;True;2;duplicate_for_same_parent_sequence
23;1;23;8;diversification;9;1595116f5558;move;;;15;30;;;;;;;;;;False;True;True;;;ok;;15396.918109095568;15396.918109095568;15396.918109095568;147;15396.918109095568;1193.5678;;DuplicateForSameParentSequenceAfterRetries;13.0161;;;;3;duplicate_for_same_parent_sequence
23;1;23;9;diversification;9;1595116f5558;move;;;24;30;;;;;;;;;;True;False;False;False;;ok;16860.912625050492;15396.918109095568;15396.918109095568;15396.918109095568;148;15396.918109095568;1199.9;1463.9945159549243;Evaluated;5.6872;0.6439;64;True;1;
23;1;23;10;diversification;9;1595116f5558;move;;;15;40;;;;;;;;;;True;False;False;True;;ok;15578.622296842403;15396.918109095568;15396.918109095568;15396.918109095568;149;15396.918109095568;1210.229;181.70418774683458;Evaluated;9.6862;0.6418;64;True;2;duplicate_for_same_parent_sequence
23;1;23;;diversification;0;;;;;;;;;;;;;;;;;;;;;End-of-iteration summary row;;;15383.738717177515;15383.738717177515;149;15383.738717177515;1210.2401;;IterationSummary;;;;;;
24;1;24;1;normal;0;e410e78d7861;move;;;5;30;;;;;;;;;;True;False;False;True;;ok;17541.697243774306;15383.738717177515;15383.738717177515;15383.738717177515;150;15383.738717177515;1217.2382;2157.9585265967908;Evaluated;6.1694;0.8214;64;True;1;
24;1;24;2;normal;0;e410e78d7861;swap;18;25;;;;;;;;;;;;True;False;False;False;;ok;15383.738717177515;15383.738717177515;15383.738717177515;15383.738717177515;151;15383.738717177515;1223.566;0.0;Evaluated;5.686;0.6387;64;True;1;
24;1;24;3;normal;0;e410e78d7861;reinsert_block;;;;;;;32;40;50;;;;;True;False;False;True;;ok;16258.364567311462;15383.738717177515;15383.738717177515;15383.738717177515;152;15383.738717177515;1230.3138;874.6258501339471;Evaluated;6.1181;0.627;64;True;1;
24;1;24;4;normal;0;e410e78d7861;move;;;50;48;;;;;;;;;;True;False;False;False;;ok;15572.866614075447;15383.738717177515;15383.738717177515;15383.738717177515;153;15383.738717177515;1236.5392;189.12789689793135;Evaluated;5.596;0.6262;64;True;1;
24;1;24;5;normal;0;e410e78d7861;move;;;45;20;;;;;;;;;;True;False;False;True;;ok;17394.262021566217;15383.738717177515;15383.738717177515;15383.738717177515;154;15383.738717177515;1242.8375;2010.523304388702;Evaluated;5.6711;0.6246;64;True;1;
24;1;24;;normal;1;;;;;;;;;;;;;;;;;;;;;End-of-iteration summary row;;;15383.738717177515;15383.738717177515;154;15383.738717177515;1242.8408;;IterationSummary;;;;;;
25;1;25;1;normal;1;e410e78d7861;move;;;5;10;;;;;;;;;;True;False;False;False;;ok;17715.690541472115;15383.738717177515;15383.738717177515;15383.738717177515;155;15383.738717177515;1249.5952;2331.9518242945996;Evaluated;6.114;0.6271;64;True;1;
25;1;25;2;normal;1;e410e78d7861;swap;20;30;;;;;;;;;;;;True;False;False;False;;ok;17145.361901054508;15383.738717177515;15383.738717177515;15383.738717177515;156;15383.738717177515;1255.8858;1761.6231838769927;Evaluated;5.6617;0.627;64;True;1;
25;1;25;3;normal;1;e410e78d7861;reinsert_block;;;;;;;35;40;28;;;;;True;False;False;False;;ok;17310.87356245573;15383.738717177515;15383.738717177515;15383.738717177515;157;15383.738717177515;1262.5702;1927.134845278215;Evaluated;6.0356;0.6455;64;True;1;
25;1;25;4;normal;1;e410e78d7861;move;;;60;50;;;;;;;;;;True;False;False;True;;ok;15752.37718445372;15383.738717177515;15383.738717177515;15383.738717177515;158;15383.738717177515;1272.884;368.6384672762051;Evaluated;9.6777;0.6355;64;True;2;duplicate_for_same_parent_sequence
25;1;25;5;normal;1;e410e78d7861;move;;;20;35;;;;;;;;;;True;False;False;True;;ok;16579.326985405885;15383.738717177515;15383.738717177515;15383.738717177515;159;15383.738717177515;1279.4021;1195.58826822837;Evaluated;5.8812;0.6329;64;True;1;
25;1;25;;normal;2;;;;;;;;;;;;;;;;;;;;;End-of-iteration summary row;;;15383.738717177515;15383.738717177515;159;15383.738717177515;1279.4054;;IterationSummary;;;;;;
26;1;26;1;normal;2;e410e78d7861;move;;;8;25;;;;;;;;;;True;False;False;True;;ok;15398.01875676189;15383.738717177515;15383.738717177515;15383.738717177515;160;15383.738717177515;1289.8298;14.280039584375118;Evaluated;9.7804;0.6292;64;True;2;duplicate_for_same_parent_sequence
26;1;26;2;normal;2;e410e78d7861;swap;20;35;;;;;;;;;;;;True;False;False;True;;ok;15383.738717177515;15383.738717177515;15383.738717177515;15383.738717177515;161;15383.738717177515;1299.7752;0.0;Evaluated;9.3173;0.6248;64;True;2;duplicate_for_same_parent_sequence
26;1;26;3;normal;2;e410e78d7861;move;;;15;30;;;;;;;;;;True;False;False;True;;ok;15401.814974294844;15383.738717177515;15383.738717177515;15383.738717177515;162;15383.738717177515;1310.7511;18.076257117329078;Evaluated;10.348;0.6272;64;True;2;duplicate_for_same_parent_sequence
26;1;26;4;normal;2;e410e78d7861;move;;;55;49;;;;;;;;;;True;False;False;False;;ok;15380.611495808178;15383.738717177515;15383.738717177515;15383.738717177515;163;15383.738717177515;1320.7668;-3.1272213693373487;Evaluated;9.3859;0.6266;64;True;2;duplicate_for_same_parent_sequence
26;1;26;5;normal;2;e410e78d7861;move;;;10;25;;;;;;;;;;True;False;False;True;;ok;17864.67274114817;15383.738717177515;15383.738717177515;15383.738717177515;164;15383.738717177515;1327.0583;2480.9340239706544;Evaluated;5.6458;0.6429;64;True;1;
26;1;26;;normal;0;;;;;;;;;;;;;;;;;;;;;End-of-iteration summary row;;;15380.611495808178;15380.611495808178;164;15380.611495808178;1327.0686;;IterationSummary;;;;;;
27;1;27;1;normal;0;898786f2050e;move;;;8;25;;;;;;;;;;True;False;False;True;;ok;15352.54791452043;15380.611495808178;15380.611495808178;15380.611495808178;165;15380.611495808178;1333.8328;-28.063581287748093;Evaluated;6.1177;0.6402;64;True;1;
27;1;27;2;normal;0;898786f2050e;swap;17;25;;;;;;;;;;;;True;False;False;False;;ok;17425.35113154939;15380.611495808178;15380.611495808178;15380.611495808178;166;15380.611495808178;1340.117;2044.7396357412108;Evaluated;5.6511;0.6321;64;True;1;
27;1;27;3;normal;0;898786f2050e;reinsert_block;;;;;;;35;40;28;;;;;True;False;False;False;;ok;17310.87356245573;15380.611495808178;15380.611495808178;15380.611495808178;167;15380.611495808178;1346.7353;1930.2620666475523;Evaluated;5.9823;0.6334;64;True;1;
27;1;27;4;normal;0;898786f2050e;move;;;50;48;;;;;;;;;;True;False;False;False;;ok;15392.620507397689;15380.611495808178;15380.611495808178;15380.611495808178;168;15380.611495808178;1353.2419;12.00901158951092;Evaluated;5.8705;0.6335;64;True;1;
27;1;27;5;normal;0;898786f2050e;move;;;30;20;;;;;;;;;;True;False;False;True;;ok;15384.37413104007;15380.611495808178;15380.611495808178;15380.611495808178;169;15380.611495808178;1363.1377;3.7626352318911813;Evaluated;9.2664;0.6256;64;True;2;duplicate_for_same_parent_sequence
27;1;27;;normal;0;;;;;;;;;;;;;;;;;;;;;End-of-iteration summary row;;;15352.54791452043;15352.54791452043;169;15352.54791452043;1363.1558;;IterationSummary;;;;;;
28;1;28;1;normal;0;55835d50828d;move;;;10;5;;;;;;;;;;True;False;False;False;;ok;17629.46707098769;15352.54791452043;15352.54791452043;15352.54791452043;170;15352.54791452043;1369.9933;2276.9191564672583;Evaluated;6.2057;0.625;64;True;1;
28;1;28;2;normal;0;55835d50828d;swap;18;25;;;;;;;;;;;;True;False;False;False;;ok;17567.930800687842;15352.54791452043;15352.54791452043;15352.54791452043;171;15352.54791452043;1376.3518;2215.382886167412;Evaluated;5.7306;0.6247;64;True;1;
28;1;28;3;normal;0;55835d50828d;reinsert_block;;;;;;;35;40;28;;;;;True;False;False;False;;ok;17234.299657098167;15352.54791452043;15352.54791452043;15352.54791452043;172;15352.54791452043;1383.0356;1881.7517425777369;Evaluated;6.0514;0.6293;64;True;1;
28;1;28;4;normal;0;55835d50828d;move;;;50;48;;;;;;;;;;True;False;False;False;;ok;15401.749981118748;15352.54791452043;15352.54791452043;15352.54791452043;173;15352.54791452043;1389.2825;49.2020665983182;Evaluated;5.601;0.6432;64;True;1;
28;1;28;5;normal;0;55835d50828d;move;;;40;35;;;;;;;;;;True;False;False;False;;ok;16264.427499298587;15352.54791452043;15352.54791452043;15352.54791452043;174;15352.54791452043;1395.4971;911.8795847781566;Evaluated;5.5769;0.6369;64;True;1;
28;1;28;;normal;1;;;;;;;;;;;;;;;;;;;;;End-of-iteration summary row;;;15352.54791452043;15352.54791452043;174;15352.54791452043;1395.5002;;IterationSummary;;;;;;
29;1;29;1;normal;1;55835d50828d;move;;;8;15;;;;;;;;;;True;False;False;False;;ok;17555.80431571771;15352.54791452043;15352.54791452043;15352.54791452043;175;15352.54791452043;1402.1399;2203.256401197279;Evaluated;6.0032;0.6267;64;True;1;
29;1;29;2;normal;1;55835d50828d;swap;20;25;;;;;;;;;;;;True;False;False;False;;ok;16773.644387171582;15352.54791452043;15352.54791452043;15352.54791452043;176;15352.54791452043;1408.5405;1421.096472651152;Evaluated;5.7576;0.6403;64;True;1;
29;1;29;3;normal;1;55835d50828d;move;;;38;30;;;;;;;;;;True;False;False;False;;ok;15394.81313165457;15352.54791452043;15352.54791452043;15352.54791452043;177;15352.54791452043;1419.4813;42.265217134139675;Evaluated;10.3033;0.6345;64;True;2;duplicate_for_same_parent_sequence
29;1;29;4;normal;1;55835d50828d;move;;;35;28;;;;;;;;;;True;False;False;False;;ok;16350.575657917285;15352.54791452043;15352.54791452043;15352.54791452043;178;15352.54791452043;1430.2301;998.0277433968549;Evaluated;10.1055;0.6398;64;True;2;duplicate_for_same_parent_sequence
29;1;29;5;normal;1;55835d50828d;move;;;45;30;;;;;;;;;;True;False;False;True;;ok;15423.15262275077;15352.54791452043;15352.54791452043;15352.54791452043;179;15352.54791452043;1436.4528;70.60470823033938;Evaluated;5.5848;0.6347;64;True;1;
29;1;29;;normal;2;;;;;;;;;;;;;;;;;;;;;End-of-iteration summary row;;;15352.54791452043;15352.54791452043;179;15352.54791452043;1436.4557;;IterationSummary;;;;;;
30;1;30;1;normal;2;55835d50828d;move;;;8;12;;;;;;;;;;True;False;False;False;;ok;17574.482656277472;15352.54791452043;15352.54791452043;15352.54791452043;180;15352.54791452043;1446.8637;2221.9347417570425;Evaluated;9.7621;0.6312;64;True;2;duplicate_for_same_parent_sequence
30;1;30;2;normal;2;55835d50828d;move;;;30;18;;;;;;;;;;True;False;False;True;;ok;15466.03433864216;15352.54791452043;15352.54791452043;15352.54791452043;181;15352.54791452043;1457.3684;113.48642412172921;Evaluated;9.8584;0.6428;64;True;2;duplicate_for_same_parent_sequence
30;1;30;3;normal;2;55835d50828d;move;;;15;30;;;;;;;;;;True;False;False;True;;ok;17556.067919193476;15352.54791452043;15352.54791452043;15352.54791452043;182;15352.54791452043;1468.2294;2203.520004673046;Evaluated;10.2228;0.6373;64;True;2;duplicate_for_same_parent_sequence
30;1;30;4;normal;2;55835d50828d;move;;;58;40;;;;;;;;;;True;False;False;True;;ok;15565.333433294809;15352.54791452043;15352.54791452043;15352.54791452043;183;15352.54791452043;1474.6799;212.78551877437894;Evaluated;5.6306;0.8186;64;True;1;
30;1;30;5;normal;2;55835d50828d;move;;;20;15;;;;;;;;;;True;False;False;False;;ok;17797.182305125247;15352.54791452043;15352.54791452043;15352.54791452043;184;15352.54791452043;1480.9674;2444.634390604817;Evaluated;5.66;0.6264;64;True;1;
30;1;30;;normal;3;;;;;;;;;;;;;;;;;;;;;End-of-iteration summary row;;;15352.54791452043;15352.54791452043;184;15352.54791452043;1480.9705;;IterationSummary;;;;;;
31;1;31;1;diversification;3;55835d50828d;move;;;25;35;;;;;;;;;;True;False;False;True;;ok;16111.421770235147;15352.54791452043;15352.54791452043;15352.54791452043;185;15352.54791452043;1491.5231;758.8738557147171;Evaluated;9.9192;0.6258;64;True;2;duplicate_for_same_parent_sequence
31;1;31;2;diversification;3;55835d50828d;reinsert_block;;;;;;;18;24;35;;;;;True;False;False;True;;ok;16579.391262182195;15352.54791452043;15352.54791452043;15352.54791452043;186;15352.54791452043;1498.2533;1226.8433476617647;Evaluated;6.1018;0.6271;64;True;1;
31;1;31;3;diversification;3;55835d50828d;swap;35;40;;;;;;;;;;;;True;False;False;False;;ok;16327.139848287048;15352.54791452043;15352.54791452043;15352.54791452043;187;15352.54791452043;1504.9022;974.5919337666182;Evaluated;6.0175;0.6287;64;True;1;
31;1;31;4;diversification;3;55835d50828d;move;;;25;38;;;;;;;;;;True;False;False;True;;ok;16111.421770235147;15352.54791452043;15352.54791452043;15352.54791452043;188;15352.54791452043;1515.3163;758.8738557147171;Evaluated;9.782;0.6285;64;True;2;duplicate_for_same_parent_sequence
31;1;31;5;diversification;3;55835d50828d;move;;;40;25;;;;;;;;;;True;False;False;True;;ok;16445.162169055686;15352.54791452043;15352.54791452043;15352.54791452043;189;15352.54791452043;1521.7091;1092.614254535256;Evaluated;5.7464;0.6433;64;True;1;
31;1;31;6;diversification;3;55835d50828d;move;;;35;20;;;;;;;;;;True;False;False;True;;ok;17203.143939313857;15352.54791452043;15352.54791452043;15352.54791452043;190;15352.54791452043;1535.9408;1850.5960247934272;Evaluated;13.4077;0.8211;64;True;3;duplicate_for_same_parent_sequence
31;1;31;7;diversification;3;55835d50828d;move;;;18;25;;;;;;;;;;True;False;False;False;;ok;17429.18257442257;15352.54791452043;15352.54791452043;15352.54791452043;191;15352.54791452043;1546.3573;2076.6346599021417;Evaluated;9.7806;0.6327;64;True;2;duplicate_for_same_parent_sequence
31;1;31;8;diversification;3;55835d50828d;swap;30;45;;;;;;;;;;;;True;False;False;True;;ok;17072.452499908297;15352.54791452043;15352.54791452043;15352.54791452043;192;15352.54791452043;1556.449;1719.904585387867;Evaluated;9.4598;0.6284;64;True;2;duplicate_for_same_parent_sequence
31;1;31;9;diversification;3;55835d50828d;move;;;28;15;;;;;;;;;;True;False;False;True;;ok;18247.395848286997;15352.54791452043;15352.54791452043;15352.54791452043;193;15352.54791452043;1562.8071;2894.8479337665667;Evaluated;5.7212;0.6337;64;True;1;
31;1;31;10;diversification;3;55835d50828d;swap;28;31;;;;;;;;;;;;True;False;False;False;;ok;16730.945270927463;15352.54791452043;15352.54791452043;15352.54791452043;194;15352.54791452043;1572.8385;1378.397356407033;Evaluated;9.4008;0.628;64;True;2;duplicate_for_same_parent_sequence
31;1;31;;diversification;4;;;;;;;;;;;;;;;;;;;;;End-of-iteration summary row;;;15352.54791452043;15352.54791452043;194;15352.54791452043;1572.8425;;IterationSummary;;;;;;
32;1;32;1;diversification;4;55835d50828d;move;;;8;20;;;;;;;;;;True;False;False;True;;ok;17642.0724032955;15352.54791452043;15352.54791452043;15352.54791452043;195;15352.54791452043;1583.3743;2289.5244887750705;Evaluated;9.8622;0.6583;64;True;2;duplicate_for_same_parent_sequence
32;1;32;2;diversification;4;55835d50828d;reinsert_block;;;;;;;20;24;35;;;;;True;False;False;True;;ok;16900.744284068118;15352.54791452043;15352.54791452043;15352.54791452043;196;15352.54791452043;1590.0716;1548.196369547688;Evaluated;6.069;0.6276;64;True;1;
32;1;32;3;diversification;4;55835d50828d;swap;38;42;;;;;;;;;;;;True;False;False;False;;ok;16286.241558892109;15352.54791452043;15352.54791452043;15352.54791452043;197;15352.54791452043;1600.274;933.6936443716786;Evaluated;9.5651;0.6345;64;True;2;duplicate_for_same_parent_sequence
32;1;32;4;diversification;4;55835d50828d;move;;;50;20;;;;;;;;;;True;False;False;True;;ok;16854.916710618047;15352.54791452043;15352.54791452043;15352.54791452043;198;15352.54791452043;1610.4318;1502.3687960976167;Evaluated;9.5212;0.6358;64;True;2;duplicate_for_same_parent_sequence
32;1;32;5;diversification;4;55835d50828d;move;;;8;20;;;;;;;;;;False;True;False;;;ok;;15352.54791452043;15352.54791452043;15352.54791452043;198;15352.54791452043;1623.8985;;DuplicateForSameParentSequenceAfterRetries;13.4661;;;;3;duplicate_for_same_parent_sequence
32;1;32;6;diversification;4;55835d50828d;swap;50;58;;;;;;;;;;;;True;False;False;False;;ok;15567.800644786925;15352.54791452043;15352.54791452043;15352.54791452043;199;15352.54791452043;1630.1994;215.25273026649484;Evaluated;5.6739;0.6259;64;True;1;
32;1;32;7;diversification;4;55835d50828d;move;;;18;35;;;;;;;;;;True;False;False;True;;ok;16437.942218898235;15352.54791452043;15352.54791452043;15352.54791452043;200;15352.54791452043;1636.5492;1085.3943043778054;Evaluated;5.7111;0.6371;64;True;1;
32;1;32;8;diversification;4;55835d50828d;swap;10;25;;;;;;;;;;;;True;False;False;True;;ok;17971.405929058332;15352.54791452043;15352.54791452043;15352.54791452043;201;15352.54791452043;1642.8496;2618.858014537902;Evaluated;5.66;0.6371;64;True;1;
32;1;32;9;diversification;4;55835d50828d;swap;30;40;;;;;;;;;;;;True;False;False;False;;ok;16919.1808270244;15352.54791452043;15352.54791452043;15352.54791452043;202;15352.54791452043;1652.986;1566.6329125039701;Evaluated;9.4938;0.6397;64;True;2;duplicate_for_same_parent_sequence
32;1;32;10;diversification;4;55835d50828d;move;;;48;25;;;;;;;;;;True;False;False;True;;ok;16931.670094958357;15352.54791452043;15352.54791452043;15352.54791452043;203;15352.54791452043;1663.5238;1579.1221804379275;Evaluated;9.9087;0.6259;64;True;2;duplicate_for_same_parent_sequence
32;1;32;;diversification;5;;;;;;;;;;;;;;;;;;;;;End-of-iteration summary row;;;15352.54791452043;15352.54791452043;203;15352.54791452043;1663.5274;;IterationSummary;;;;;;
33;1;33;1;diversification;5;55835d50828d;move;;;4;20;;;;;;;;;;True;False;False;True;;ok;17200.829926629027;15352.54791452043;15352.54791452043;15352.54791452043;204;15352.54791452043;1670.2521;1848.282012108597;Evaluated;6.0843;0.6256;64;True;1;
33;1;33;2;diversification;5;55835d50828d;move;;;60;50;;;;;;;;;;True;False;False;True;;ok;15758.038527910852;15352.54791452043;15352.54791452043;15352.54791452043;205;15352.54791452043;1681.1286;405.49061339042237;Evaluated;10.2452;0.6285;64;True;2;duplicate_for_same_parent_sequence
33;1;33;3;diversification;5;55835d50828d;swap;32;47;;;;;;;;;;;;True;False;False;True;;ok;15657.039955500395;15352.54791452043;15352.54791452043;15352.54791452043;206;15352.54791452043;1687.3761;304.49204097996517;Evaluated;5.4217;0.8225;64;True;1;
33;1;33;4;diversification;5;55835d50828d;move;;;60;48;;;;;;;;;;True;False;False;True;;ok;15760.379200231942;15352.54791452043;15352.54791452043;15352.54791452043;207;15352.54791452043;1701.1975;407.83128571151246;Evaluated;13.1905;0.6278;64;True;3;duplicate_for_same_parent_sequence
33;1;33;5;diversification;5;55835d50828d;move;;;50;18;;;;;;;;;;True;False;False;True;;ok;16852.23965063798;15352.54791452043;15352.54791452043;15352.54791452043;208;15352.54791452043;1707.5662;1499.691736117551;Evaluated;5.7404;0.6251;64;True;1;
33;1;33;6;diversification;5;55835d50828d;reinsert_block;;;;;;;38;41;50;;;;;True;False;False;True;;ok;16847.753465360496;15352.54791452043;15352.54791452043;15352.54791452043;209;15352.54791452043;1718.0591;1495.2055508400663;Evaluated;9.8516;0.6387;64;True;2;duplicate_for_same_parent_sequence
33;1;33;7;diversification;5;55835d50828d;move;;;60;35;;;;;;;;;;True;False;False;True;;ok;16173.962590127332;15352.54791452043;15352.54791452043;15352.54791452043;210;15352.54791452043;1724.3825;821.4146756069022;Evaluated;5.6845;0.6374;64;True;1;
33;1;33;8;diversification;5;55835d50828d;move;;;25;10;;;;;;;;;;True;False;False;True;;ok;15391.167580827881;15352.54791452043;15352.54791452043;15352.54791452043;211;15352.54791452043;1730.7416;38.61966630745155;Evaluated;5.7201;0.6364;64;True;1;
33;1;33;9;diversification;5;55835d50828d;move;;;25;30;;;;;;;;;;True;False;False;False;;ok;16110.482458284048;15352.54791452043;15352.54791452043;15352.54791452043;212;15352.54791452043;1737.0037;757.9345437636184;Evaluated;5.6351;0.6242;64;True;1;
33;1;33;10;diversification;5;55835d50828d;move;;;45;20;;;;;;;;;;True;False;False;True;;ok;16938.031519849745;15352.54791452043;15352.54791452043;15352.54791452043;213;15352.54791452043;1743.666;1585.4836053293147;Evaluated;6.0367;0.6251;64;True;1;
33;1;33;;diversification;6;;;;;;;;;;;;;;;;;;;;;End-of-iteration summary row;;;15352.54791452043;15352.54791452043;213;15352.54791452043;1743.6668;;IterationSummary;;;;;;
34;1;34;1;diversification;6;55835d50828d;move;;;2;30;;;;;;;;;;True;False;False;True;;ok;18085.212735660843;15352.54791452043;15352.54791452043;15352.54791452043;214;15352.54791452043;1754.0746;2732.6648211404136;Evaluated;9.7751;0.6271;64;True;2;duplicate_for_same_parent_sequence
34;1;34;2;diversification;6;55835d50828d;reinsert_block;;;;;;;18;23;5;;;;;True;False;False;True;;ok;17435.072118074146;15352.54791452043;15352.54791452043;15352.54791452043;215;15352.54791452043;1760.7261;2082.524203553716;Evaluated;6.0218;0.627;64;True;1;
34;1;34;3;diversification;6;55835d50828d;swap;42;38;;;;;;;;;;;;False;True;False;;;ok;;15352.54791452043;15352.54791452043;15352.54791452043;215;15352.54791452043;1773.7511;;DuplicateForSameParentSequenceAfterRetries;13.022;;;;3;duplicate_for_same_parent_sequence
34;1;34;4;diversification;6;55835d50828d;move;;;58;30;;;;;;;;;;True;False;False;True;;ok;16013.964969834155;15352.54791452043;15352.54791452043;15352.54791452043;216;15352.54791452043;1780.1188;661.4170553137246;Evaluated;5.7256;0.6411;64;True;1;
34;1;34;5;diversification;6;55835d50828d;move;;;15;30;;;;;;;;;;False;True;False;;;ok;;15352.54791452043;15352.54791452043;15352.54791452043;216;15352.54791452043;1793.8799;;DuplicateForSameParentSequenceAfterRetries;13.7585;;;;3;duplicate_for_same_parent_sequence
34;1;34;6;diversification;6;55835d50828d;move;;;30;5;;;;;;;;;;True;False;False;True;;ok;15399.192181217402;15352.54791452043;15352.54791452043;15352.54791452043;217;15352.54791452043;1800.4225;46.64426669697241;Evaluated;5.9087;0.633;64;True;1;
34;1;34;7;diversification;6;55835d50828d;move;;;50;25;;;;;;;;;;True;False;False;True;;ok;16867.281089928205;15352.54791452043;15352.54791452043;15352.54791452043;218;15352.54791452043;1814.3459;1514.733175407775;Evaluated;13.2891;0.6336;64;True;3;duplicate_for_same_parent_sequence
34;1;34;8;diversification;6;55835d50828d;move;;;30;15;;;;;;;;;;True;False;False;True;;ok;15389.408407635268;15352.54791452043;15352.54791452043;15352.54791452043;219;15352.54791452043;1828.3969;36.86049311483839;Evaluated;13.415;0.633;64;True;3;duplicate_for_same_parent_sequence
34;1;34;9;diversification;6;55835d50828d;move;;;30;25;;;;;;;;;;True;False;False;False;;ok;15401.140804146466;15352.54791452043;15352.54791452043;15352.54791452043;220;15352.54791452043;1835.0515;48.592889626035685;Evaluated;6.0261;0.6253;64;True;1;
34;1;34;10;diversification;6;55835d50828d;move;;;38;20;;;;;;;;;;True;False;False;True;;ok;15392.554870222864;15352.54791452043;15352.54791452043;15352.54791452043;221;15352.54791452043;1849.2972;40.006955702434425;Evaluated;13.6033;0.6417;64;True;3;duplicate_for_same_parent_sequence
34;1;34;;diversification;7;;;;;;;;;;;;;;;;;;;;;End-of-iteration summary row;;;15352.54791452043;15352.54791452043;221;15352.54791452043;1849.3003;;IterationSummary;;;;;;
35;1;35;1;diversification;7;55835d50828d;move;;;8;30;;;;;;;;;;True;False;False;True;;ok;16968.188950673662;15352.54791452043;15352.54791452043;15352.54791452043;222;15352.54791452043;1859.7182;1615.6410361532326;Evaluated;9.7663;0.6389;64;True;2;duplicate_for_same_parent_sequence
35;1;35;2;diversification;7;55835d50828d;move;;;40;20;;;;;;;;;;True;False;False;True;;ok;16926.6843175898;15352.54791452043;15352.54791452043;15352.54791452043;223;15352.54791452043;1870.1807;1574.1364030693694;Evaluated;9.831;0.6282;64;True;2;duplicate_for_same_parent_sequence
35;1;35;3;diversification;7;55835d50828d;swap;35;42;;;;;;;;;;;;True;False;False;False;;ok;16633.039609678297;15352.54791452043;15352.54791452043;15352.54791452043;224;15352.54791452043;1876.7951;1280.491695157867;Evaluated;5.9717;0.6401;64;True;1;
35;1;35;4;diversification;7;55835d50828d;move;;;42;30;;;;;;;;;;True;False;False;True;;ok;16656.930482336254;15352.54791452043;15352.54791452043;15352.54791452043;225;15352.54791452043;1886.9493;1304.3825678158246;Evaluated;9.5114;0.6402;64;True;2;duplicate_for_same_parent_sequence
35;1;35;5;diversification;7;55835d50828d;move;;;40;10;;;;;;;;;;True;False;False;True;;ok;15391.167805994004;15352.54791452043;15352.54791452043;15352.54791452043;226;15352.54791452043;1897.0956;38.61989147357417;Evaluated;9.5041;0.639;64;True;2;duplicate_for_same_parent_sequence
35;1;35;6;diversification;7;55835d50828d;move;;;20;5;;;;;;;;;;True;False;False;True;;ok;16813.774838085345;15352.54791452043;15352.54791452043;15352.54791452043;227;15352.54791452043;1903.4511;1461.2269235649146;Evaluated;5.7119;0.641;64;True;1;
35;1;35;7;diversification;7;55835d50828d;move;;;35;18;;;;;;;;;;True;False;False;True;;ok;16864.004987948247;15352.54791452043;15352.54791452043;15352.54791452043;228;15352.54791452043;1913.5877;1511.4570734278168;Evaluated;9.5076;0.6259;64;True;2;duplicate_for_same_parent_sequence
35;1;35;8;diversification;7;55835d50828d;move;;;10;25;;;;;;;;;;True;False;False;True;;ok;17970.488884809198;15352.54791452043;15352.54791452043;15352.54791452043;229;15352.54791452043;1919.8912;2617.940970288768;Evaluated;5.6749;0.626;64;True;1;
35;1;35;9;diversification;7;55835d50828d;move;;;38;5;;;;;;;;;;True;False;False;True;;ok;15353.175583988581;15352.54791452043;15352.54791452043;15352.54791452043;230;15352.54791452043;1929.8131;0.627669468150998;Evaluated;9.2968;0.6239;64;True;2;duplicate_for_same_parent_sequence
35;1;35;10;diversification;7;55835d50828d;move;;;40;5;;;;;;;;;;True;False;False;True;;ok;15596.103135454505;15352.54791452043;15352.54791452043;15352.54791452043;231;15352.54791452043;1936.1921;243.5552209340749;Evaluated;5.7471;0.6286;64;True;1;
35;1;35;;diversification;8;;;;;;;;;;;;;;;;;;;;;End-of-iteration summary row;;;15352.54791452043;15352.54791452043;231;15352.54791452043;1936.1957;;IterationSummary;;;;;;
36;1;36;1;diversification;8;55835d50828d;move;;;20;10;;;;;;;;;;True;False;False;True;;ok;17175.14499401544;15352.54791452043;15352.54791452043;15352.54791452043;232;15352.54791452043;1946.481;1822.5970794950117;Evaluated;9.6423;0.6279;64;True;2;duplicate_for_same_parent_sequence
36;1;36;2;diversification;8;55835d50828d;reinsert_block;;;;;;;20;25;10;;;;;True;False;False;True;;ok;17603.295033157996;15352.54791452043;15352.54791452043;15352.54791452043;233;15352.54791452043;1953.0559;2250.747118637566;Evaluated;5.9482;0.624;64;True;1;
36;1;36;3;diversification;8;55835d50828d;swap;34;45;;;;;;;;;;;;True;False;False;False;;ok;16567.68311934948;15352.54791452043;15352.54791452043;15352.54791452043;234;15352.54791452043;1959.3488;1215.13520482905;Evaluated;5.6496;0.6427;64;True;1;
36;1;36;4;diversification;8;55835d50828d;move;;;62;37;;;;;;;;;;True;False;False;True;;ok;16644.891265842718;15352.54791452043;15352.54791452043;15352.54791452043;235;15352.54791452043;1969.5796;1292.343351322288;Evaluated;9.5914;0.6366;64;True;2;duplicate_for_same_parent_sequence
36;1;36;5;diversification;8;55835d50828d;move;;;15;20;;;;;;;;;;True;False;False;False;;ok;17557.769389345034;15352.54791452043;15352.54791452043;15352.54791452043;236;15352.54791452043;1979.645;2205.2214748246042;Evaluated;9.436;0.6263;64;True;2;duplicate_for_same_parent_sequence
36;1;36;6;diversification;8;55835d50828d;move;;;30;45;;;;;;;;;;True;False;False;True;;ok;16181.439114631308;15352.54791452043;15352.54791452043;15352.54791452043;237;15352.54791452043;1993.5358;828.8912001108783;Evaluated;13.2532;0.6368;64;True;3;duplicate_for_same_parent_sequence
36;1;36;7;diversification;8;55835d50828d;move;;;30;10;;;;;;;;;;True;False;False;True;;ok;15409.040656363357;15352.54791452043;15352.54791452043;15352.54791452043;238;15352.54791452043;2003.498;56.49274184292699;Evaluated;9.3326;0.627;64;True;2;duplicate_for_same_parent_sequence
36;1;36;8;diversification;8;55835d50828d;move;;;20;8;;;;;;;;;;True;False;False;True;;ok;17367.494695232774;15352.54791452043;15352.54791452043;15352.54791452043;239;15352.54791452043;2017.2461;2014.9467807123438;Evaluated;13.108;0.6388;64;True;3;duplicate_for_same_parent_sequence
36;1;36;9;diversification;8;55835d50828d;move;;;25;10;;;;;;;;;;False;True;True;;;ok;;15352.54791452043;15352.54791452043;15352.54791452043;239;15352.54791452043;2030.4437;;DuplicateForSameParentSequenceAfterRetries;13.1948;;;;3;duplicate_for_same_parent_sequence
36;1;36;10;diversification;8;55835d50828d;move;;;35;10;;;;;;;;;;True;False;False;True;;ok;15788.888524412145;15352.54791452043;15352.54791452043;15352.54791452043;240;15352.54791452043;2040.528;436.34060989171485;Evaluated;9.4369;0.6464;64;True;2;duplicate_for_same_parent_sequence
36;1;36;;diversification;9;;;;;;;;;;;;;;;;;;;;;End-of-iteration summary row;;;15352.54791452043;15352.54791452043;240;15352.54791452043;2040.5294;;IterationSummary;;;;;;
37;1;37;1;diversification;9;55835d50828d;move;;;5;30;;;;;;;;;;True;False;False;True;;ok;17091.696308620085;15352.54791452043;15352.54791452043;15352.54791452043;241;15352.54791452043;2047.323;1739.148394099655;Evaluated;6.1453;0.6373;64;True;1;
37;1;37;2;diversification;9;55835d50828d;reinsert_block;;;;;;;25;30;16;;;;;True;False;False;True;;ok;16886.103798202086;15352.54791452043;15352.54791452043;15352.54791452043;242;15352.54791452043;2054.0794;1533.5558836816563;Evaluated;6.1272;0.627;64;True;1;
37;1;37;3;diversification;9;55835d50828d;swap;36;41;;;;;;;;;;;;True;False;False;False;;ok;16016.562575765265;15352.54791452043;15352.54791452043;15352.54791452043;243;15352.54791452043;2064.2178;664.0146612448352;Evaluated;9.5082;0.626;64;True;2;duplicate_for_same_parent_sequence
37;1;37;4;diversification;9;55835d50828d;move;;;58;20;;;;;;;;;;True;False;False;True;;ok;16274.685984732638;15352.54791452043;15352.54791452043;15352.54791452043;244;15352.54791452043;2070.6275;922.1380702122078;Evaluated;5.7771;0.63;64;True;1;
37;1;37;5;diversification;9;55835d50828d;move;;;40;15;;;;;;;;;;True;False;False;True;;ok;17552.703503220946;15352.54791452043;15352.54791452043;15352.54791452043;245;15352.54791452043;2077.012;2200.155588700516;Evaluated;5.7533;0.6282;64;True;1;
37;1;37;6;diversification;9;55835d50828d;swap;40;50;;;;;;;;;;;;True;False;False;False;;ok;15955.050037224504;15352.54791452043;15352.54791452043;15352.54791452043;246;15352.54791452043;2083.4385;602.5021227040743;Evaluated;5.7805;0.6434;64;True;1;
37;1;37;7;diversification;9;55835d50828d;move;;;38;25;;;;;;;;;;True;False;False;True;;ok;15391.915740688202;15352.54791452043;15352.54791452043;15352.54791452043;247;15352.54791452043;2097.2711;39.367826167772364;Evaluated;13.1955;0.6347;64;True;3;duplicate_for_same_parent_sequence
37;1;37;8;diversification;9;55835d50828d;move;;;30;20;;;;;;;;;;True;False;False;True;;ok;15366.25731807574;15352.54791452043;15352.54791452043;15352.54791452043;248;15352.54791452043;2107.7831;13.709403555310928;Evaluated;9.8819;0.6277;64;True;2;duplicate_for_same_parent_sequence
37;1;37;9;diversification;9;55835d50828d;move;;;25;18;;;;;;;;;;True;False;False;False;;ok;17389.234932892177;15352.54791452043;15352.54791452043;15352.54791452043;249;15352.54791452043;2121.2809;2036.6870183717474;Evaluated;12.863;0.6317;64;True;3;duplicate_for_same_parent_sequence
37;1;37;10;diversification;9;55835d50828d;swap;50;52;;;;;;;;;;;;True;False;False;False;;ok;15548.75477267519;15352.54791452043;15352.54791452043;15352.54791452043;250;15352.54791452043;2131.1852;196.206858154761;Evaluated;9.2763;0.6269;64;True;2;duplicate_for_same_parent_sequence
37;2;0;;diversification;0;;;;;;;;;;;;;;;;;;;;;End-of-iteration summary row;;;16625.423888583944;15352.54791452043;251;15352.54791452043;2131.8145;;IterationSummary;;;;;;
38;2;1;1;normal;0;0f63cf6f404e;move;;;5;30;;;;;;;;;;True;False;False;True;;ok;17539.503848133678;16625.423888583944;16625.423888583944;15352.54791452043;252;15352.54791452043;2138.2524;914.0799595497338;Evaluated;5.8052;0.627;64;True;1;
38;2;1;2;normal;0;0f63cf6f404e;swap;17;20;;;;;;;;;;;;True;False;False;False;;ok;17332.42796475259;16625.423888583944;16625.423888583944;15352.54791452043;253;15352.54791452043;2144.4935;707.0040761686469;Evaluated;5.5967;0.6409;64;True;1;
38;2;1;3;normal;0;0f63cf6f404e;reinsert_block;;;;;;;32;40;16;;;;;True;False;False;True;;ok;16292.2047037198;16625.423888583944;16625.423888583944;15352.54791452043;254;15352.54791452043;2150.8565;-333.21918486414324;Evaluated;5.7139;0.6461;64;True;1;
38;2;1;4;normal;0;0f63cf6f404e;move;;;50;48;;;;;;;;;;True;False;False;False;;ok;16168.73353686987;16625.423888583944;16625.423888583944;15352.54791452043;255;15352.54791452043;2156.6764;-456.6903517140745;Evaluated;5.1801;0.637;64;True;1;
38;2;1;5;normal;0;0f63cf6f404e;move;;;50;16;;;;;;;;;;True;False;False;True;;ok;17454.961047152196;16625.423888583944;16625.423888583944;15352.54791452043;256;15352.54791452043;2162.4413;829.5371585682515;Evaluated;5.1354;0.6269;64;True;1;
38;2;1;;normal;0;;;;;;;;;;;;;;;;;;;;;End-of-iteration summary row;;;16168.73353686987;15352.54791452043;256;15352.54791452043;2162.4597;;IterationSummary;;;;;;
39;2;2;1;normal;0;660e1a9970ee;move;;;10;5;;;;;;;;;;True;False;False;False;;ok;15645.659750200617;16168.73353686987;16168.73353686987;15352.54791452043;257;15352.54791452043;2168.9617;-523.0737866692525;Evaluated;5.8653;0.629;64;True;1;
39;2;2;2;normal;0;660e1a9970ee;swap;18;20;;;;;;;;;;;;True;False;False;False;;ok;16930.623814515664;16168.73353686987;16168.73353686987;15352.54791452043;258;15352.54791452043;2175.4587;761.8902776457944;Evaluated;5.8659;0.6282;64;True;1;
39;2;2;3;normal;0;660e1a9970ee;reinsert_block;;;;;;;35;40;20;;;;;True;False;False;True;;ok;16897.347969764218;16168.73353686987;16168.73353686987;15352.54791452043;259;15352.54791452043;2182.1546;728.6144328943483;Evaluated;6.0661;0.6266;64;True;1;
39;2;2;4;normal;0;660e1a9970ee;move;;;50;18;;;;;;;;;;True;False;False;True;;ok;15789.087869613204;16168.73353686987;16168.73353686987;15352.54791452043;260;15352.54791452043;2188.3984;-379.64566725666555;Evaluated;5.6148;0.6265;64;True;1;
39;2;2;5;normal;0;660e1a9970ee;move;;;50;16;;;;;;;;;;True;False;False;True;;ok;16761.038129127242;16168.73353686987;16168.73353686987;15352.54791452043;261;15352.54791452043;2194.5692;592.3045922573729;Evaluated;5.5403;0.6279;64;True;1;
39;2;2;;normal;0;;;;;;;;;;;;;;;;;;;;;End-of-iteration summary row;;;15645.659750200617;15352.54791452043;261;15352.54791452043;2194.5849;;IterationSummary;;;;;;
40;2;3;1;normal;0;48dc97c613aa;move;;;5;30;;;;;;;;;;True;False;False;True;;ok;17096.300874855107;15645.659750200617;15645.659750200617;15352.54791452043;262;15352.54791452043;2201.5336;1450.6411246544903;Evaluated;6.3136;0.6282;64;True;1;
40;2;3;2;normal;0;48dc97c613aa;swap;18;20;;;;;;;;;;;;True;False;False;False;;ok;16836.6831949552;15645.659750200617;15645.659750200617;15352.54791452043;263;15352.54791452043;2208.0478;1191.0234447545827;Evaluated;5.868;0.6431;64;True;1;
40;2;3;3;normal;0;48dc97c613aa;reinsert_block;;;;;;;35;40;25;;;;;True;False;False;True;;ok;15988.152912325653;15645.659750200617;15645.659750200617;15352.54791452043;264;15352.54791452043;2215.1267;342.4931621250362;Evaluated;6.4389;0.6374;64;True;1;
40;2;3;4;normal;0;48dc97c613aa;move;;;52;49;;;;;;;;;;True;False;False;False;;ok;15542.79522692194;15645.659750200617;15645.659750200617;15352.54791452043;265;15352.54791452043;2221.3615;-102.86452327867664;Evaluated;5.6047;0.627;64;True;1;
40;2;3;5;normal;0;48dc97c613aa;move;;;50;24;;;;;;;;;;True;False;False;True;;ok;16374.928214707337;15645.659750200617;15645.659750200617;15352.54791452043;266;15352.54791452043;2227.5282;729.2684645067202;Evaluated;5.5366;0.6275;64;True;1;
40;2;3;;normal;0;;;;;;;;;;;;;;;;;;;;;End-of-iteration summary row;;;15542.79522692194;15352.54791452043;266;15352.54791452043;2227.5476;;IterationSummary;;;;;;
41;2;4;1;normal;0;d062957307e7;move;;;10;5;;;;;;;;;;True;False;False;False;;ok;17748.548053519928;15542.79522692194;15542.79522692194;15352.54791452043;267;15352.54791452043;2234.0122;2205.752826597987;Evaluated;5.8268;0.6298;64;True;1;
41;2;4;2;normal;0;d062957307e7;swap;17;20;;;;;;;;;;;;True;False;False;False;;ok;16764.62125431533;15542.79522692194;15542.79522692194;15352.54791452043;268;15352.54791452043;2240.5959;1221.8260273933902;Evaluated;5.9538;0.6269;64;True;1;
41;2;4;3;normal;0;d062957307e7;reinsert_block;;;;;;;35;40;28;;;;;True;False;False;False;;ok;16263.488220028268;15542.79522692194;15542.79522692194;15352.54791452043;269;15352.54791452043;2247.1916;720.6929931063278;Evaluated;5.9673;0.6257;64;True;1;
41;2;4;4;normal;0;d062957307e7;move;;;52;48;;;;;;;;;;True;False;False;False;;ok;15668.58394176808;15542.79522692194;15542.79522692194;15352.54791452043;270;15352.54791452043;2253.5215;125.78871484613956;Evaluated;5.7004;0.6282;64;True;1;
41;2;4;5;normal;0;d062957307e7;move;;;30;25;;;;;;;;;;True;False;False;False;;ok;17614.74183793309;15542.79522692194;15542.79522692194;15352.54791452043;271;15352.54791452043;2260.0271;2071.946611011148;Evaluated;5.8762;0.6268;64;True;1;
41;2;4;;normal;1;;;;;;;;;;;;;;;;;;;;;End-of-iteration summary row;;;15542.79522692194;15352.54791452043;271;15352.54791452043;2260.028;;IterationSummary;;;;;;
42;2;5;1;normal;1;d062957307e7;move;;;5;10;;;;;;;;;;True;False;False;False;;ok;16167.399738880655;15542.79522692194;15542.79522692194;15352.54791452043;272;15352.54791452043;2266.8263;624.6045119587143;Evaluated;6.1519;0.6397;64;True;1;
42;2;5;2;normal;1;d062957307e7;swap;18;24;;;;;;;;;;;;True;False;False;False;;ok;16893.310948546947;15542.79522692194;15542.79522692194;15352.54791452043;273;15352.54791452043;2280.6599;1350.5157216250063;Evaluated;13.1979;0.6351;64;True;3;duplicate_for_same_parent_sequence
42;2;5;3;normal;1;d062957307e7;move;;;36;27;;;;;;;;;;True;False;False;False;;ok;16508.716675715543;15542.79522692194;15542.79522692194;15352.54791452043;274;15352.54791452043;2290.9714;965.9214487936024;Evaluated;9.6842;0.6267;64;True;2;duplicate_for_same_parent_sequence
42;2;5;4;normal;1;d062957307e7;move;;;52;49;;;;;;;;;;True;False;False;False;;ok;15665.225631002768;15542.79522692194;15542.79522692194;15352.54791452043;275;15352.54791452043;2297.1755;122.43040408082743;Evaluated;5.5605;0.6429;64;True;1;
42;2;5;5;normal;1;d062957307e7;move;;;25;35;;;;;;;;;;True;False;False;True;;ok;15920.072325532403;15542.79522692194;15542.79522692194;15352.54791452043;276;15352.54791452043;2311.4714;377.2770986104624;Evaluated;13.6568;0.6384;64;True;3;duplicate_for_same_parent_sequence
42;2;5;;normal;2;;;;;;;;;;;;;;;;;;;;;End-of-iteration summary row;;;15542.79522692194;15352.54791452043;276;15352.54791452043;2311.4721;;IterationSummary;;;;;;
43;2;6;1;normal;2;d062957307e7;move;;;8;2;;;;;;;;;;True;False;False;False;;ok;15723.018853578022;15542.79522692194;15542.79522692194;15352.54791452043;277;15352.54791452043;2321.4937;180.22362665608125;Evaluated;9.3795;0.6368;64;True;2;duplicate_for_same_parent_sequence
43;2;6;2;normal;2;d062957307e7;swap;18;20;;;;;;;;;;;;True;False;False;False;;ok;16835.350576539757;15542.79522692194;15542.79522692194;15352.54791452043;278;15352.54791452043;2328.0638;1292.5553496178163;Evaluated;5.9317;0.6369;64;True;1;
43;2;6;3;normal;2;d062957307e7;reinsert_block;;;;;;;34;38;25;;;;;True;False;False;True;;ok;15768.423946755494;15542.79522692194;15542.79522692194;15352.54791452043;279;15352.54791452043;2334.7361;225.628719833554;Evaluated;6.0281;0.6414;64;True;1;
43;2;6;4;normal;2;d062957307e7;move;;;48;60;;;;;;;;;;True;False;False;True;;ok;15486.9557336631;15542.79522692194;15542.79522692194;15352.54791452043;280;15352.54791452043;2348.5282;-55.839493258839866;Evaluated;13.1541;0.6348;64;True;3;duplicate_for_same_parent_sequence
43;2;6;5;normal;2;d062957307e7;move;;;45;30;;;;;;;;;;True;False;False;True;;ok;16370.590263837941;15542.79522692194;15542.79522692194;15352.54791452043;281;15352.54791452043;2354.7007;827.7950369160008;Evaluated;5.5464;0.6253;64;True;1;
43;2;6;;normal;0;;;;;;;;;;;;;;;;;;;;;End-of-iteration summary row;;;15486.9557336631;15352.54791452043;281;15352.54791452043;2354.7197;;IterationSummary;;;;;;
44;2;7;1;normal;0;5e2fb4e211e9;move;;;10;5;;;;;;;;;;True;False;False;False;;ok;17642.594608632444;15486.9557336631;15486.9557336631;15352.54791452043;282;15352.54791452043;2361.5285;2155.6388749693433;Evaluated;6.1754;0.6276;64;True;1;
44;2;7;2;normal;0;5e2fb4e211e9;swap;20;24;;;;;;;;;;;;True;False;False;False;;ok;16719.86008254909;15486.9557336631;15486.9557336631;15352.54791452043;283;15352.54791452043;2367.7242;1232.9043488859897;Evaluated;5.5691;0.6238;64;True;1;
44;2;7;3;normal;0;5e2fb4e211e9;reinsert_block;;;;;;;34;37;25;;;;;True;False;False;True;;ok;16074.001079704236;15486.9557336631;15486.9557336631;15352.54791452043;284;15352.54791452043;2374.4757;587.0453460411354;Evaluated;6.1236;0.6271;64;True;1;
44;2;7;4;normal;0;5e2fb4e211e9;move;;;52;49;;;;;;;;;;True;False;False;False;;ok;15767.083438882173;15486.9557336631;15486.9557336631;15352.54791452043;285;15352.54791452043;2380.7133;280.1277052190726;Evaluated;5.6084;0.6261;64;True;1;
44;2;7;5;normal;0;5e2fb4e211e9;move;;;25;10;;;;;;;;;;True;False;False;True;;ok;17169.964301040145;15486.9557336631;15486.9557336631;15352.54791452043;286;15352.54791452043;2386.9028;1683.0085673770445;Evaluated;5.5574;0.629;64;True;1;
44;2;7;;normal;1;;;;;;;;;;;;;;;;;;;;;End-of-iteration summary row;;;15486.9557336631;15352.54791452043;286;15352.54791452043;2386.9059;;IterationSummary;;;;;;
45;2;8;1;normal;1;5e2fb4e211e9;move;;;8;2;;;;;;;;;;True;False;False;False;;ok;15668.805456781776;15486.9557336631;15486.9557336631;15352.54791452043;287;15352.54791452043;2393.3173;181.84972311867568;Evaluated;5.7513;0.6441;64;True;1;
45;2;8;2;normal;1;5e2fb4e211e9;swap;16;20;;;;;;;;;;;;True;False;False;False;;ok;17232.01726384893;15486.9557336631;15486.9557336631;15352.54791452043;288;15352.54791452043;2399.4931;1745.0615301858306;Evaluated;5.5417;0.6315;64;True;1;
45;2;8;3;normal;1;5e2fb4e211e9;move;;;35;18;;;;;;;;;;True;False;False;True;;ok;16793.796063722348;15486.9557336631;15486.9557336631;15352.54791452043;289;15352.54791452043;2410.2245;1306.8403300592472;Evaluated;10.0953;0.6355;64;True;2;duplicate_for_same_parent_sequence
45;2;8;4;normal;1;5e2fb4e211e9;move;;;52;48;;;;;;;;;;True;False;False;False;;ok;15956.450037238666;15486.9557336631;15486.9557336631;15352.54791452043;290;15352.54791452043;2416.5214;469.49430357556594;Evaluated;5.6609;0.6352;64;True;1;
45;2;8;5;normal;1;5e2fb4e211e9;move;;;52;30;;;;;;;;;;True;False;False;True;;ok;16899.59407924434;15486.9557336631;15486.9557336631;15352.54791452043;291;15352.54791452043;2422.7098;1412.6383455812393;Evaluated;5.5504;0.635;64;True;1;
45;2;8;;normal;2;;;;;;;;;;;;;;;;;;;;;End-of-iteration summary row;;;15486.9557336631;15352.54791452043;291;15352.54791452043;2422.7132;;IterationSummary;;;;;;
46;2;9;1;normal;2;5e2fb4e211e9;move;;;5;10;;;;;;;;;;True;False;False;False;;ok;16062.71146668431;15486.9557336631;15486.9557336631;15352.54791452043;292;15352.54791452043;2429.1908;575.7557330212094;Evaluated;5.821;0.6432;64;True;1;
46;2;9;2;normal;2;5e2fb4e211e9;swap;18;20;;;;;;;;;;;;True;False;False;False;;ok;16729.362503059125;15486.9557336631;15486.9557336631;15352.54791452043;293;15352.54791452043;2435.492;1242.4067693960242;Evaluated;5.6691;0.6289;64;True;1;
46;2;9;3;normal;2;5e2fb4e211e9;reinsert_block;;;;;;;35;41;20;;;;;True;False;False;True;;ok;16288.933778782732;15486.9557336631;15486.9557336631;15352.54791452043;294;15352.54791452043;2442.1208;801.9780451196311;Evaluated;5.9871;0.6391;64;True;1;
46;2;9;4;normal;2;5e2fb4e211e9;move;;;49;31;;;;;;;;;;True;False;False;True;;ok;15813.577205740905;15486.9557336631;15486.9557336631;15352.54791452043;295;15352.54791452043;2452.4961;326.62147207780436;Evaluated;9.7287;0.6433;64;True;2;duplicate_for_same_parent_sequence
46;2;9;5;normal;2;5e2fb4e211e9;move;;;52;10;;;;;;;;;;True;False;False;True;;ok;17729.502549134977;15486.9557336631;15486.9557336631;15352.54791452043;296;15352.54791452043;2458.6819;2242.5468154718765;Evaluated;5.5433;0.6397;64;True;1;
46;2;9;;normal;3;;;;;;;;;;;;;;;;;;;;;End-of-iteration summary row;;;15486.9557336631;15352.54791452043;296;15352.54791452043;2458.6852;;IterationSummary;;;;;;
47;2;10;1;diversification;3;5e2fb4e211e9;move;;;8;15;;;;;;;;;;True;False;False;False;;ok;15482.049381944074;15486.9557336631;15486.9557336631;15352.54791452043;297;15352.54791452043;2465.3625;-4.906351719026134;EvaluatedImprovementDespiteDiversificationMismatch;6.0272;0.6376;64;True;1;
47;2;10;2;diversification;3;5e2fb4e211e9;reinsert_block;;;;;;;25;30;16;;;;;True;False;False;True;;ok;15933.041182855624;15486.9557336631;15486.9557336631;15352.54791452043;298;15352.54791452043;2472.0986;446.0854491925238;Evaluated;6.1059;0.6274;64;True;1;
47;2;10;3;diversification;3;5e2fb4e211e9;swap;35;40;;;;;;;;;;;;True;False;False;False;;ok;15888.339190434292;15486.9557336631;15486.9557336631;15352.54791452043;299;15352.54791452043;2478.4794;401.38345677119105;Evaluated;5.7334;0.6465;64;True;1;
47;2;10;4;diversification;3;5e2fb4e211e9;move;;;48;10;;;;;;;;;;True;False;False;True;;ok;17461.370297606718;15486.9557336631;15486.9557336631;15352.54791452043;300;15352.54791452043;2488.7608;1974.4145639436174;Evaluated;9.6441;0.6339;64;True;2;duplicate_for_same_parent_sequence
47;2;10;5;diversification;3;5e2fb4e211e9;move;;;27;15;;;;;;;;;;True;False;False;True;;ok;16790.793240382638;15486.9557336631;15486.9557336631;15352.54791452043;301;15352.54791452043;2495.1335;1303.8375067195375;Evaluated;5.7328;0.6368;64;True;1;
47;2;10;6;diversification;3;5e2fb4e211e9;move;;;52;15;;;;;;;;;;True;False;False;True;;ok;17951.596281322836;15486.9557336631;15486.9557336631;15352.54791452043;302;15352.54791452043;2501.4927;2464.6405476597356;Evaluated;5.7285;0.6276;64;True;1;
47;2;10;7;diversification;3;5e2fb4e211e9;move;;;25;40;;;;;;;;;;True;False;False;True;;ok;15543.996187627448;15486.9557336631;15486.9557336631;15352.54791452043;303;15352.54791452043;2511.7579;57.04045396434776;Evaluated;9.6357;0.6269;64;True;2;duplicate_for_same_parent_sequence
47;2;10;8;diversification;3;5e2fb4e211e9;move;;;18;5;;;;;;;;;;True;False;False;True;;ok;17243.19076093541;15486.9557336631;15486.9557336631;15352.54791452043;304;15352.54791452043;2517.8019;1756.2350272723088;Evaluated;5.3983;0.6427;64;True;1;
47;2;10;9;diversification;3;5e2fb4e211e9;move;;;30;25;;;;;;;;;;True;False;False;False;;ok;17508.960411900825;15486.9557336631;15486.9557336631;15352.54791452043;305;15352.54791452043;2524.3799;2022.0046782377249;Evaluated;5.9359;0.6392;64;True;1;
47;2;10;10;diversification;3;5e2fb4e211e9;move;;;50;12;;;;;;;;;;True;False;False;True;;ok;16715.688808339703;15486.9557336631;15486.9557336631;15352.54791452043;306;15352.54791452043;2530.7288;1228.733074676602;Evaluated;5.7111;0.6353;64;True;1;
47;2;10;;diversification;0;;;;;;;;;;;;;;;;;;;;;End-of-iteration summary row;;;15482.049381944074;15352.54791452043;306;15352.54791452043;2530.7365;;IterationSummary;;;;;;
48;2;11;1;normal;0;1498773a9d96;move;;;10;2;;;;;;;;;;True;False;False;False;;ok;17802.529871574574;15482.049381944074;15482.049381944074;15352.54791452043;307;15352.54791452043;2537.4829;2320.4804896304995;Evaluated;6.1123;0.6266;64;True;1;
48;2;11;2;normal;0;1498773a9d96;swap;20;21;;;;;;;;;;;;True;False;False;False;;ok;16580.958075788472;15482.049381944074;15482.049381944074;15352.54791452043;308;15352.54791452043;2543.8294;1098.908693844398;Evaluated;5.7108;0.6294;64;True;1;
48;2;11;3;normal;0;1498773a9d96;reinsert_block;;;;;;;35;40;25;;;;;True;False;False;True;;ok;15884.121450414716;15482.049381944074;15482.049381944074;15352.54791452043;309;15352.54791452043;2550.4924;402.07206847064117;Evaluated;6.0336;0.6268;64;True;1;
48;2;11;4;normal;0;1498773a9d96;move;;;52;10;;;;;;;;;;True;False;False;True;;ok;17721.6257140126;15482.049381944074;15482.049381944074;15352.54791452043;310;15352.54791452043;2556.7856;2239.5763320685255;Evaluated;5.6638;0.6261;64;True;1;
48;2;11;5;normal;0;1498773a9d96;move;;;37;10;;;;;;;;;;True;False;False;True;;ok;17265.684740631437;15482.049381944074;15482.049381944074;15352.54791452043;311;15352.54791452043;2566.7032;1783.635358687363;Evaluated;9.2845;0.6301;64;True;2;duplicate_for_same_parent_sequence
48;2;11;;normal;1;;;;;;;;;;;;;;;;;;;;;End-of-iteration summary row;;;15482.049381944074;15352.54791452043;311;15352.54791452043;2566.706;;IterationSummary;;;;;;
49;2;12;1;normal;1;1498773a9d96;move;;;10;5;;;;;;;;;;True;False;False;False;;ok;15558.77705812445;15482.049381944074;15482.049381944074;15352.54791452043;312;15352.54791452043;2573.5737;76.72767618037506;Evaluated;6.2218;0.6268;64;True;1;
49;2;12;2;normal;1;1498773a9d96;swap;25;26;;;;;;;;;;;;True;False;False;False;;ok;15481.839752489464;15482.049381944074;15482.049381944074;15352.54791452043;313;15352.54791452043;2579.8332;-0.20962945460996707;Evaluated;5.6162;0.6407;64;True;1;
49;2;12;3;normal;1;1498773a9d96;reinsert_block;;;;;;;35;40;10;;;;;True;False;False;True;;ok;15875.800122479573;15482.049381944074;15482.049381944074;15352.54791452043;314;15352.54791452043;2586.484;393.75074053549906;Evaluated;6.0093;0.638;64;True;1;
49;2;12;4;normal;1;1498773a9d96;move;;;50;12;;;;;;;;;;True;False;False;True;;ok;16967.829106226487;15482.049381944074;15482.049381944074;15352.54791452043;315;15352.54791452043;2592.7634;1485.7797242824126;Evaluated;5.6451;0.6292;64;True;1;
49;2;12;5;normal;1;1498773a9d96;move;;;8;3;;;;;;;;;;True;False;False;False;;ok;17347.391795172538;15482.049381944074;15482.049381944074;15352.54791452043;316;15352.54791452043;2602.5867;1865.3424132284636;Evaluated;9.1834;0.637;64;True;2;duplicate_for_same_parent_sequence
49;2;12;;normal;0;;;;;;;;;;;;;;;;;;;;;End-of-iteration summary row;;;15481.839752489464;15352.54791452043;316;15352.54791452043;2602.6051;;IterationSummary;;;;;;
50;2;13;1;normal;0;3cad61d65991;move;;;5;2;;;;;;;;;;True;False;False;False;;ok;17250.05520348693;15481.839752489464;15481.839752489464;15352.54791452043;317;15352.54791452043;2609.24;1768.2154509974644;Evaluated;6.0043;0.625;64;True;1;
50;2;13;2;normal;0;3cad61d65991;swap;17;20;;;;;;;;;;;;True;False;False;False;;ok;16789.660294322774;15481.839752489464;15481.839752489464;15352.54791452043;318;15352.54791452043;2615.445;1307.820541833309;Evaluated;5.5642;0.6375;64;True;1;
50;2;13;3;normal;0;3cad61d65991;reinsert_block;;;;;;;35;40;25;;;;;True;False;False;True;;ok;15884.121450414716;15481.839752489464;15481.839752489464;15352.54791452043;319;15352.54791452043;2622.2827;402.28169792525114;Evaluated;6.1987;0.6357;64;True;1;
50;2;13;4;normal;0;3cad61d65991;move;;;52;10;;;;;;;;;;True;False;False;True;;ok;17255.062396571047;15481.839752489464;15481.839752489464;15352.54791452043;320;15352.54791452043;2628.6583;1773.222644081583;Evaluated;5.7351;0.6378;64;True;1;
50;2;13;5;normal;0;3cad61d65991;move;;;40;15;;;;;;;;;;True;False;False;True;;ok;16818.787451140433;15481.839752489464;15481.839752489464;15352.54791452043;321;15352.54791452043;2634.8433;1336.947698650969;Evaluated;5.5435;0.6384;64;True;1;
50;2;13;;normal;1;;;;;;;;;;;;;;;;;;;;;End-of-iteration summary row;;;15481.839752489464;15352.54791452043;321;15352.54791452043;2634.8467;;IterationSummary;;;;;;
51;2;14;1;normal;1;3cad61d65991;move;;;8;2;;;;;;;;;;True;False;False;False;;ok;15763.101902005736;15481.839752489464;15481.839752489464;15352.54791452043;322;15352.54791452043;2641.2781;281.26214951627117;Evaluated;5.776;0.6447;64;True;1;
51;2;14;2;normal;1;3cad61d65991;swap;25;30;;;;;;;;;;;;True;False;False;False;;ok;17045.43239445098;15481.839752489464;15481.839752489464;15352.54791452043;323;15352.54791452043;2651.2629;1563.592641961517;Evaluated;9.345;0.6368;64;True;2;duplicate_for_same_parent_sequence
51;2;14;3;normal;1;3cad61d65991;reinsert_block;;;;;;;35;40;20;;;;;True;False;False;True;;ok;16783.65350923031;15481.839752489464;15481.839752489464;15352.54791452043;324;15352.54791452043;2657.9607;1301.8137567408448;Evaluated;6.0661;0.6283;64;True;1;
51;2;14;4;normal;1;3cad61d65991;move;;;52;48;;;;;;;;;;True;False;False;False;;ok;15949.91717200706;15481.839752489464;15481.839752489464;15352.54791452043;325;15352.54791452043;2664.2375;468.07741951759635;Evaluated;5.6451;0.628;64;True;1;
51;2;14;5;normal;1;3cad61d65991;swap;30;35;;;;;;;;;;;;True;False;False;False;;ok;15492.802340365159;15481.839752489464;15481.839752489464;15352.54791452043;326;15352.54791452043;2674.299;10.962587875694226;Evaluated;9.4319;0.6262;64;True;2;duplicate_for_same_parent_sequence
51;2;14;;normal;2;;;;;;;;;;;;;;;;;;;;;End-of-iteration summary row;;;15481.839752489464;15352.54791452043;326;15352.54791452043;2674.3017;;IterationSummary;;;;;;
52;2;15;1;normal;2;3cad61d65991;move;;;7;3;;;;;;;;;;True;False;False;False;;ok;16889.301195483637;15481.839752489464;15481.839752489464;15352.54791452043;327;15352.54791452043;2684.2255;1407.461442994172;Evaluated;9.2867;0.6261;64;True;2;duplicate_for_same_parent_sequence
52;2;15;2;normal;2;3cad61d65991;swap;16;20;;;;;;;;;;;;True;False;False;False;;ok;16782.343792255317;15481.839752489464;15481.839752489464;15352.54791452043;328;15352.54791452043;2690.8562;1300.5040397658522;Evaluated;6.0002;0.6283;64;True;1;
52;2;15;3;normal;2;3cad61d65991;reinsert_block;;;;;;;32;37;48;;;;;True;False;False;True;;ok;17069.74586881978;15481.839752489464;15481.839752489464;15352.54791452043;329;15352.54791452043;2697.5613;1587.9061163303159;Evaluated;6.0752;0.6272;64;True;1;
52;2;15;4;normal;2;3cad61d65991;move;;;49;31;;;;;;;;;;True;False;False;True;;ok;15809.021992036332;15481.839752489464;15481.839752489464;15352.54791452043;330;15352.54791452043;2707.4878;327.182239546868;Evaluated;9.284;0.6399;64;True;2;duplicate_for_same_parent_sequence
52;2;15;5;normal;2;3cad61d65991;move;;;30;40;;;;;;;;;;True;False;False;True;;ok;16074.010046086734;15481.839752489464;15481.839752489464;15352.54791452043;331;15352.54791452043;2717.4537;592.1702935972698;Evaluated;9.332;0.6332;64;True;2;duplicate_for_same_parent_sequence
52;2;15;;normal;3;;;;;;;;;;;;;;;;;;;;;End-of-iteration summary row;;;15481.839752489464;15352.54791452043;331;15352.54791452043;2717.4544;;IterationSummary;;;;;;
53;2;16;1;diversification;3;3cad61d65991;move;;;5;20;;;;;;;;;;True;False;False;True;;ok;16943.96500333185;15481.839752489464;15481.839752489464;15352.54791452043;332;15352.54791452043;2724.1968;1462.1252508423859;Evaluated;6.1083;0.6269;64;True;1;
53;2;16;2;diversification;3;3cad61d65991;reinsert_block;;;;;;;25;30;18;;;;;True;False;False;False;;ok;16728.386447830602;15481.839752489464;15481.839752489464;15352.54791452043;333;15352.54791452043;2730.902;1246.5466953411378;Evaluated;6.0544;0.6475;64;True;1;
53;2;16;3;diversification;3;3cad61d65991;swap;32;40;;;;;;;;;;;;True;False;False;False;;ok;15481.839752489464;15481.839752489464;15481.839752489464;15352.54791452043;334;15352.54791452043;2737.5244;0.0;Evaluated;5.9842;0.635;64;True;1;
53;2;16;4;diversification;3;3cad61d65991;move;;;52;30;;;;;;;;;;True;False;False;True;;ok;16891.044958400194;15481.839752489464;15481.839752489464;15352.54791452043;335;15352.54791452043;2743.805;1409.20520591073;Evaluated;5.6432;0.6346;64;True;1;
53;2;16;5;diversification;3;3cad61d65991;move;;;30;45;;;;;;;;;;True;False;False;True;;ok;16240.113837358362;15481.839752489464;15481.839752489464;15352.54791452043;336;15352.54791452043;2750.4781;758.2740848688973;Evaluated;6.0361;0.6343;64;True;1;
53;2;16;6;diversification;3;3cad61d65991;move;;;49;6;;;;;;;;;;True;False;False;True;;ok;16973.640440008832;15481.839752489464;15481.839752489464;15352.54791452043;337;15352.54791452043;2760.5034;1491.8006875193678;Evaluated;9.3956;0.627;64;True;2;duplicate_for_same_parent_sequence
53;2;16;7;diversification;3;3cad61d65991;move;;;25;10;;;;;;;;;;True;False;False;True;;ok;17231.06030986598;15481.839752489464;15481.839752489464;15352.54791452043;338;15352.54791452043;2766.7816;1749.2205573765168;Evaluated;5.6296;0.6448;64;True;1;
53;2;16;8;diversification;3;3cad61d65991;swap;10;15;;;;;;;;;;;;True;False;False;False;;ok;16783.523457248353;15481.839752489464;15481.839752489464;15352.54791452043;339;15352.54791452043;2776.6069;1301.6837047588888;Evaluated;9.1866;0.6358;64;True;2;duplicate_for_same_parent_sequence
53;2;16;9;diversification;3;3cad61d65991;move;;;25;30;;;;;;;;;;True;False;False;False;;ok;16349.579003815108;15481.839752489464;15481.839752489464;15352.54791452043;340;15352.54791452043;2782.959;867.7392513256436;Evaluated;5.7217;0.6274;64;True;1;
53;2;16;10;diversification;3;3cad61d65991;move;;;50;42;;;;;;;;;;True;False;False;False;;ok;15819.428316018111;15481.839752489464;15481.839752489464;15352.54791452043;341;15352.54791452043;2789.2444;337.5885635286468;Evaluated;5.6464;0.6352;64;True;1;
53;2;16;;diversification;4;;;;;;;;;;;;;;;;;;;;;End-of-iteration summary row;;;15481.839752489464;15352.54791452043;341;15352.54791452043;2789.2481;;IterationSummary;;;;;;
54;2;17;1;diversification;4;3cad61d65991;move;;;10;5;;;;;;;;;;True;False;False;False;;ok;15558.77705812445;15481.839752489464;15481.839752489464;15352.54791452043;342;15352.54791452043;2799.5755;76.93730563498502;Evaluated;9.6797;0.6342;64;True;2;duplicate_for_same_parent_sequence
54;2;17;2;diversification;4;3cad61d65991;reinsert_block;;;;;;;20;25;10;;;;;True;False;False;True;;ok;16882.92776564272;15481.839752489464;15481.839752489464;15352.54791452043;343;15352.54791452043;2806.3945;1401.088013153254;Evaluated;6.1766;0.6398;64;True;1;
54;2;17;3;diversification;4;3cad61d65991;move;;;35;45;;;;;;;;;;True;False;False;True;;ok;15628.50902043521;15481.839752489464;15481.839752489464;15352.54791452043;344;15352.54791452043;2816.5375;146.66926794574465;Evaluated;9.5049;0.6344;64;True;2;duplicate_for_same_parent_sequence
54;2;17;4;diversification;4;3cad61d65991;move;;;52;43;;;;;;;;;;True;False;False;False;;ok;16557.187713228253;15481.839752489464;15481.839752489464;15352.54791452043;345;15352.54791452043;2822.8296;1075.347960738789;Evaluated;5.6517;0.6373;64;True;1;
54;2;17;5;diversification;4;3cad61d65991;move;;;8;12;;;;;;;;;;True;False;False;False;;ok;15815.781361037458;15481.839752489464;15481.839752489464;15352.54791452043;346;15352.54791452043;2829.2168;333.9416085479934;Evaluated;5.7435;0.6409;64;True;1;
54;2;17;6;diversification;4;3cad61d65991;move;;;49;18;;;;;;;;;;True;False;False;True;;ok;15730.600584697315;15481.839752489464;15481.839752489464;15352.54791452043;347;15352.54791452043;2839.325;248.7608322078504;Evaluated;9.482;0.6255;64;True;2;duplicate_for_same_parent_sequence
54;2;17;7;diversification;4;3cad61d65991;move;;;52;40;;;;;;;;;;True;False;False;True;;ok;16611.82838911978;15481.839752489464;15481.839752489464;15352.54791452043;348;15352.54791452043;2845.5625;1129.9886366303144;Evaluated;5.5983;0.6381;64;True;1;
54;2;17;8;diversification;4;3cad61d65991;move;;;8;15;;;;;;;;;;True;False;False;False;;ok;16954.769758137718;15481.839752489464;15481.839752489464;15352.54791452043;349;15352.54791452043;2851.8978;1472.9300056482534;Evaluated;5.7009;0.6313;64;True;1;
54;2;17;9;diversification;4;3cad61d65991;swap;40;45;;;;;;;;;;;;True;False;False;False;;ok;16136.952265395195;15481.839752489464;15481.839752489464;15352.54791452043;350;15352.54791452043;2861.8576;655.1125129057309;Evaluated;9.3229;0.6361;64;True;2;duplicate_for_same_parent_sequence
54;2;17;10;diversification;4;3cad61d65991;move;;;49;15;;;;;;;;;;True;False;False;True;;ok;16812.9809381227;15481.839752489464;15481.839752489464;15352.54791452043;351;15352.54791452043;2871.9313;1331.1411856332343;Evaluated;9.4363;0.6344;64;True;2;duplicate_for_same_parent_sequence
54;2;17;;diversification;5;;;;;;;;;;;;;;;;;;;;;End-of-iteration summary row;;;15481.839752489464;15352.54791452043;351;15352.54791452043;2871.9348;;IterationSummary;;;;;;
55;2;18;1;diversification;5;3cad61d65991;move;;;20;8;;;;;;;;;;True;False;False;True;;ok;16883.69540104026;15481.839752489464;15481.839752489464;15352.54791452043;352;15352.54791452043;2886.6106;1401.8556485507943;Evaluated;14.0243;0.6427;64;True;3;duplicate_for_same_parent_sequence
55;2;18;2;diversification;5;3cad61d65991;move;;;35;18;;;;;;;;;;True;False;False;True;;ok;16415.934419175694;15481.839752489464;15481.839752489464;15352.54791452043;353;15352.54791452043;2897.244;934.0946666862292;Evaluated;9.9987;0.6308;64;True;2;duplicate_for_same_parent_sequence
55;2;18;3;diversification;5;3cad61d65991;swap;35;40;;;;;;;;;;;;True;False;False;False;;ok;15881.202395805882;15481.839752489464;15481.839752489464;15352.54791452043;354;15352.54791452043;2903.8822;399.36264331641723;Evaluated;6.007;0.627;64;True;1;
55;2;18;4;diversification;5;3cad61d65991;move;;;30;50;;;;;;;;;;True;False;False;True;;ok;16072.643773856611;15481.839752489464;15481.839752489464;15352.54791452043;355;15352.54791452043;2913.8131;590.8040213671466;Evaluated;9.302;0.6255;64;True;2;duplicate_for_same_parent_sequence
55;2;18;5;diversification;5;3cad61d65991;move;;;20;10;;;;;;;;;;True;False;False;True;;ok;16970.660065769214;15481.839752489464;15481.839752489464;15352.54791452043;356;15352.54791452043;2920.4609;1488.8203132797498;Evaluated;6.021;0.624;64;True;1;
55;2;18;6;diversification;5;3cad61d65991;move;;;25;40;;;;;;;;;;True;False;False;True;;ok;15884.121450414716;15481.839752489464;15481.839752489464;15352.54791452043;357;15352.54791452043;2926.7843;402.28169792525114;Evaluated;5.6946;0.626;64;True;1;
55;2;18;7;diversification;5;3cad61d65991;move;;;45;20;;;;;;;;;;True;False;False;True;;ok;15709.798226244477;15481.839752489464;15481.839752489464;15352.54791452043;358;15352.54791452043;2933.0955;227.95847375501216;Evaluated;5.6814;0.6267;64;True;1;
55;2;18;8;diversification;5;3cad61d65991;move;;;30;18;;;;;;;;;;True;False;False;True;;ok;17640.4791282076;15481.839752489464;15481.839752489464;15352.54791452043;359;15352.54791452043;2943.3685;2158.639375718136;Evaluated;9.6394;0.6307;64;True;2;duplicate_for_same_parent_sequence
55;2;18;9;diversification;5;3cad61d65991;move;;;30;25;;;;;;;;;;True;False;False;False;;ok;17501.622712133965;15481.839752489464;15481.839752489464;15352.54791452043;360;15352.54791452043;2953.7663;2019.7829596445008;Evaluated;9.7483;0.6465;64;True;2;duplicate_for_same_parent_sequence
55;2;18;10;diversification;5;3cad61d65991;move;;;43;50;;;;;;;;;;True;False;False;False;;ok;15556.907204538524;15481.839752489464;15481.839752489464;15352.54791452043;361;15352.54791452043;2960.1858;75.06745204905928;Evaluated;5.7811;0.6356;64;True;1;
55;2;18;;diversification;6;;;;;;;;;;;;;;;;;;;;;End-of-iteration summary row;;;15481.839752489464;15352.54791452043;361;15352.54791452043;2960.1886;;IterationSummary;;;;;;
56;2;19;1;diversification;6;3cad61d65991;move;;;2;8;;;;;;;;;;True;False;False;False;;ok;17086.373215705855;15481.839752489464;15481.839752489464;15352.54791452043;362;15352.54791452043;2970.589;1604.5334632163904;Evaluated;9.7564;0.6362;64;True;2;duplicate_for_same_parent_sequence
56;2;19;2;diversification;6;3cad61d65991;reinsert_block;;;;;;;20;25;35;;;;;True;False;False;True;;ok;16864.175952282207;15481.839752489464;15481.839752489464;15352.54791452043;363;15352.54791452043;2977.3444;1382.3361997927423;Evaluated;6.1152;0.6375;64;True;1;
56;2;19;3;diversification;6;3cad61d65991;swap;28;35;;;;;;;;;;;;True;False;False;False;;ok;15986.701973732645;15481.839752489464;15481.839752489464;15352.54791452043;364;15352.54791452043;2983.7109;504.8622212431801;Evaluated;5.7244;0.6392;64;True;1;
56;2;19;4;diversification;6;3cad61d65991;move;;;52;49;;;;;;;;;;True;False;False;False;;ok;15757.172882728533;15481.839752489464;15481.839752489464;15352.54791452043;365;15352.54791452043;2989.8842;275.33313023906885;Evaluated;5.5259;0.6441;64;True;1;
56;2;19;5;diversification;6;3cad61d65991;move;;;15;30;;;;;;;;;;True;False;False;True;;ok;15459.865156450764;15481.839752489464;15481.839752489464;15352.54791452043;366;15352.54791452043;3003.854;-21.974596038700838;Evaluated;13.3284;0.6372;64;True;3;duplicate_for_same_parent_sequence
56;2;19;6;diversification;6;3cad61d65991;move;;;10;30;;;;;;;;;;True;False;False;True;;ok;16327.728471273813;15481.839752489464;15481.839752489464;15352.54791452043;367;15352.54791452043;3013.7512;845.8887187843484;Evaluated;9.2478;0.6456;64;True;2;duplicate_for_same_parent_sequence
56;2;19;7;diversification;6;3cad61d65991;move;;;35;5;;;;;;;;;;True;False;False;True;;ok;16581.74917278366;15481.839752489464;15481.839752489464;15352.54791452043;368;15352.54791452043;3024.0777;1099.909420294196;Evaluated;9.7006;0.6232;64;True;2;duplicate_for_same_parent_sequence
56;2;19;8;diversification;6;3cad61d65991;move;;;8;3;;;;;;;;;;True;False;False;False;;ok;16890.282191597365;15481.839752489464;15481.839752489464;15352.54791452043;369;15352.54791452043;3034.0836;1408.442439107901;Evaluated;9.3661;0.6387;64;True;2;duplicate_for_same_parent_sequence
56;2;19;9;diversification;6;3cad61d65991;move;;;27;35;;;;;;;;;;True;False;False;False;;ok;16343.811881627533;15481.839752489464;15481.839752489464;15352.54791452043;370;15352.54791452043;3040.3605;861.9721291380683;Evaluated;5.6421;0.6321;64;True;1;
56;2;19;10;diversification;6;3cad61d65991;move;;;39;51;;;;;;;;;;True;False;False;True;;ok;15718.6214573205;15481.839752489464;15481.839752489464;15352.54791452043;371;15352.54791452043;3050.4532;236.7817048310353;Evaluated;9.4524;0.6377;64;True;2;duplicate_for_same_parent_sequence
56;2;19;;diversification;0;;;;;;;;;;;;;;;;;;;;;End-of-iteration summary row;;;15459.865156450764;15352.54791452043;371;15352.54791452043;3050.4704;;IterationSummary;;;;;;
57;2;20;1;normal;0;fec406178765;move;;;10;5;;;;;;;;;;True;False;False;False;;ok;16111.764210731555;15459.865156450764;15459.865156450764;15352.54791452043;372;15352.54791452043;3057.2731;651.8990542807915;Evaluated;6.1566;0.6386;64;True;1;
57;2;20;2;normal;0;fec406178765;swap;17;25;;;;;;;;;;;;True;False;False;False;;ok;16580.0192090171;15459.865156450764;15459.865156450764;15352.54791452043;373;15352.54791452043;3063.7821;1120.1540525663368;Evaluated;5.8788;0.627;64;True;1;
57;2;20;3;normal;0;fec406178765;reinsert_block;;;;;;;35;40;28;;;;;True;False;False;False;;ok;16144.367214807357;15459.865156450764;15459.865156450764;15352.54791452043;374;15352.54791452043;3070.4876;684.5020583565929;Evaluated;6.0672;0.6354;64;True;1;
57;2;20;4;normal;0;fec406178765;move;;;52;48;;;;;;;;;;True;False;False;False;;ok;15953.450740085436;15459.865156450764;15459.865156450764;15352.54791452043;375;15352.54791452043;3076.8176;493.58558363467273;Evaluated;5.6913;0.6379;64;True;1;
57;2;20;5;normal;0;fec406178765;move;;;15;30;;;;;;;;;;True;False;False;True;;ok;15969.989862645594;15459.865156450764;15459.865156450764;15352.54791452043;376;15352.54791452043;3083.0746;510.12470619483065;Evaluated;5.6282;0.6257;64;True;1;
57;2;20;;normal;1;;;;;;;;;;;;;;;;;;;;;End-of-iteration summary row;;;15459.865156450764;15352.54791452043;376;15352.54791452043;3083.0779;;IterationSummary;;;;;;
58;2;21;1;normal;1;fec406178765;move;;;5;10;;;;;;;;;;True;False;False;False;;ok;16525.00557271863;15459.865156450764;15459.865156450764;15352.54791452043;377;15352.54791452043;3089.6359;1065.1404162678664;Evaluated;5.9046;0.6397;64;True;1;
58;2;21;2;normal;1;fec406178765;swap;20;25;;;;;;;;;;;;True;False;False;False;;ok;16521.08463187201;15459.865156450764;15459.865156450764;15352.54791452043;378;15352.54791452043;3096.2227;1061.219475421247;Evaluated;5.9509;0.6334;64;True;1;
58;2;21;3;normal;1;fec406178765;reinsert_block;;;;;;;32;36;48;;;;;True;False;False;True;;ok;16150.968903838291;15459.865156450764;15459.865156450764;15352.54791452043;379;15352.54791452043;3103.0901;691.1037473875276;Evaluated;6.2273;0.6377;64;True;1;
58;2;21;4;normal;1;fec406178765;move;;;50;40;;;;;;;;;;True;False;False;True;;ok;15885.767066038921;15459.865156450764;15459.865156450764;15352.54791452043;380;15352.54791452043;3109.4965;425.90190958815765;Evaluated;5.7737;0.6295;64;True;1;
58;2;21;5;normal;1;fec406178765;move;;;15;20;;;;;;;;;;True;False;False;False;;ok;15827.239895240178;15459.865156450764;15459.865156450764;15352.54791452043;381;15352.54791452043;3115.7959;367.37473878941455;Evaluated;5.658;0.639;64;True;1;
58;2;21;;normal;2;;;;;;;;;;;;;;;;;;;;;End-of-iteration summary row;;;15459.865156450764;15352.54791452043;381;15352.54791452043;3115.7997;;IterationSummary;;;;;;
59;2;22;1;normal;2;fec406178765;move;;;8;3;;;;;;;;;;True;False;False;False;;ok;16890.282191597365;15459.865156450764;15459.865156450764;15352.54791452043;382;15352.54791452043;3125.9776;1430.4170351466018;Evaluated;9.5277;0.6367;64;True;2;duplicate_for_same_parent_sequence
59;2;22;2;normal;2;fec406178765;swap;18;24;;;;;;;;;;;;True;False;False;False;;ok;15597.840589093152;15459.865156450764;15459.865156450764;15352.54791452043;383;15352.54791452043;3132.2708;137.9754326423881;Evaluated;5.6462;0.6435;64;True;1;
59;2;22;3;normal;2;fec406178765;move;;;17;10;;;;;;;;;;True;False;False;False;;ok;16779.400975812165;15459.865156450764;15459.865156450764;15352.54791452043;384;15352.54791452043;3142.6944;1319.535819361401;Evaluated;9.7846;0.6353;64;True;2;duplicate_for_same_parent_sequence
59;2;22;4;normal;2;fec406178765;move;;;50;48;;;;;;;;;;True;False;False;False;;ok;15432.88536393363;15459.865156450764;15459.865156450764;15352.54791452043;385;15352.54791452043;3149.0241;-26.97979251713332;Evaluated;5.693;0.6333;64;True;1;
59;2;22;5;normal;2;fec406178765;move;;;40;25;;;;;;;;;;True;False;False;True;;ok;15961.486127661146;15459.865156450764;15459.865156450764;15352.54791452043;386;15352.54791452043;3154.9797;501.6209712103828;Evaluated;5.3294;0.625;64;True;1;
59;2;22;;normal;0;;;;;;;;;;;;;;;;;;;;;End-of-iteration summary row;;;15432.88536393363;15352.54791452043;386;15352.54791452043;3154.9894;;IterationSummary;;;;;;
60;2;23;1;normal;0;d970f41f8348;move;;;5;10;;;;;;;;;;True;False;False;False;;ok;16525.00557271863;15432.88536393363;15432.88536393363;15352.54791452043;387;15352.54791452043;3161.7688;1092.1202087849997;Evaluated;6.1236;0.647;64;True;1;
60;2;23;2;normal;0;d970f41f8348;swap;18;24;;;;;;;;;;;;True;False;False;False;;ok;15577.20362402238;15432.88536393363;15432.88536393363;15352.54791452043;388;15352.54791452043;3168.0336;144.31826008875032;Evaluated;5.6241;0.6375;64;True;1;
60;2;23;3;normal;0;d970f41f8348;reinsert_block;;;;;;;35;40;25;;;;;True;False;False;True;;ok;16104.903022364828;15432.88536393363;15432.88536393363;15352.54791452043;389;15352.54791452043;3174.6714;672.0176584311976;Evaluated;5.9994;0.6352;64;True;1;
60;2;23;4;normal;0;d970f41f8348;move;;;52;49;;;;;;;;;;True;False;False;False;;ok;15947.348526217163;15432.88536393363;15432.88536393363;15352.54791452043;390;15352.54791452043;3180.9737;514.4631622835332;Evaluated;5.666;0.6329;64;True;1;
60;2;23;5;normal;0;d970f41f8348;move;;;25;30;;;;;;;;;;True;False;False;False;;ok;15540.2150039709;15432.88536393363;15432.88536393363;15352.54791452043;391;15352.54791452043;3187.1951;107.3296400372692;Evaluated;5.5914;0.6281;64;True;1;
60;2;23;;normal;1;;;;;;;;;;;;;;;;;;;;;End-of-iteration summary row;;;15432.88536393363;15352.54791452043;391;15352.54791452043;3187.1997;;IterationSummary;;;;;;
61;2;24;1;normal;1;d970f41f8348;move;;;4;2;;;;;;;;;;True;False;False;False;;ok;16769.76601370006;15432.88536393363;15432.88536393363;15352.54791452043;392;15352.54791452043;3193.8656;1336.88064976643;Evaluated;6.0055;0.6469;64;True;1;
61;2;24;2;normal;1;d970f41f8348;swap;17;20;;;;;;;;;;;;True;False;False;False;;ok;17274.991727111363;15432.88536393363;15432.88536393363;15352.54791452043;393;15352.54791452043;3200.2064;1842.1063631777324;Evaluated;5.7061;0.6317;64;True;1;
61;2;24;3;normal;1;d970f41f8348;reinsert_block;;;;;;;35;40;28;;;;;True;False;False;False;;ok;16140.268230082374;15432.88536393363;15432.88536393363;15352.54791452043;394;15352.54791452043;3207.259;707.3828661487441;Evaluated;6.4228;0.6291;64;True;1;
61;2;24;4;normal;1;d970f41f8348;move;;;50;48;;;;;;;;;;True;False;False;False;;ok;15433.748613629587;15432.88536393363;15432.88536393363;15352.54791452043;395;15352.54791452043;3213.5684;0.8632496959562559;Evaluated;5.6668;0.6387;64;True;1;
61;2;24;5;normal;1;d970f41f8348;move;;;15;20;;;;;;;;;;True;False;False;False;;ok;15763.0455688178;15432.88536393363;15432.88536393363;15352.54791452043;396;15352.54791452043;3223.6446;330.1602048841705;Evaluated;9.4376;0.6357;64;True;2;duplicate_for_same_parent_sequence
61;2;24;;normal;2;;;;;;;;;;;;;;;;;;;;;End-of-iteration summary row;;;15432.88536393363;15352.54791452043;396;15352.54791452043;3223.6478;;IterationSummary;;;;;;
62;2;25;1;normal;2;d970f41f8348;move;;;10;5;;;;;;;;;;True;False;False;False;;ok;16110.894014614492;15432.88536393363;15432.88536393363;15352.54791452043;397;15352.54791452043;3230.4334;678.008650680862;Evaluated;6.1402;0.636;64;True;1;
62;2;25;2;normal;2;d970f41f8348;swap;20;25;;;;;;;;;;;;True;False;False;False;;ok;16520.214435754944;15432.88536393363;15432.88536393363;15352.54791452043;398;15352.54791452043;3236.9582;1087.3290718213138;Evaluated;5.8864;0.6356;64;True;1;
62;2;25;3;normal;2;d970f41f8348;move;;;17;25;;;;;;;;;;True;False;False;False;;ok;16791.70358809762;15432.88536393363;15432.88536393363;15352.54791452043;399;15352.54791452043;3247.4413;1358.818224163988;Evaluated;9.8453;0.6344;64;True;2;duplicate_for_same_parent_sequence
62;2;25;4;normal;2;d970f41f8348;move;;;54;60;;;;;;;;;;True;False;False;False;;ok;15906.441376314515;15432.88536393363;15432.88536393363;15352.54791452043;400;15352.54791452043;3253.6387;473.55601238088457;Evaluated;5.5649;0.6294;64;True;1;
62;2;25;5;normal;2;d970f41f8348;move;;;45;10;;;;;;;;;;True;False;False;True;;ok;16808.580106001125;15432.88536393363;15432.88536393363;15352.54791452043;401;15352.54791452043;3263.2495;1375.694742067495;Evaluated;8.9652;0.6428;64;True;2;duplicate_for_same_parent_sequence
62;2;25;;normal;3;;;;;;;;;;;;;;;;;;;;;End-of-iteration summary row;;;15432.88536393363;15352.54791452043;401;15352.54791452043;3263.2503;;IterationSummary;;;;;;
63;2;26;1;diversification;3;d970f41f8348;move;;;8;2;;;;;;;;;;True;False;False;False;;ok;15710.57005055599;15432.88536393363;15432.88536393363;15352.54791452043;402;15352.54791452043;3273.9797;277.68468662236046;Evaluated;10.0851;0.6376;64;True;2;duplicate_for_same_parent_sequence
63;2;26;2;diversification;3;d970f41f8348;reinsert_block;;;;;;;20;24;15;;;;;True;False;False;False;;ok;17910.889726524092;15432.88536393363;15432.88536393363;15352.54791452043;403;15352.54791452043;3280.6795;2478.004362590462;Evaluated;6.0613;0.6351;64;True;1;
63;2;26;3;diversification;3;d970f41f8348;swap;40;52;;;;;;;;;;;;True;False;False;True;;ok;16602.157193624957;15432.88536393363;15432.88536393363;15352.54791452043;404;15352.54791452043;3287.0337;1169.2718296913263;Evaluated;5.7156;0.635;64;True;1;
63;2;26;4;diversification;3;d970f41f8348;move;;;56;48;;;;;;;;;;True;False;False;False;;ok;15432.88536393363;15432.88536393363;15432.88536393363;15352.54791452043;405;15352.54791452043;3293.3736;0.0;Evaluated;5.7134;0.6257;64;True;1;
63;2;26;5;diversification;3;d970f41f8348;swap;3;8;;;;;;;;;;;;True;False;False;False;;ok;16821.321337177833;15432.88536393363;15432.88536393363;15352.54791452043;406;15352.54791452043;3303.3782;1388.4359732442026;Evaluated;9.3618;0.6395;64;True;2;duplicate_for_same_parent_sequence
63;2;26;6;diversification;3;d970f41f8348;move;;;54;20;;;;;;;;;;True;False;False;True;;ok;15447.27348956508;15432.88536393363;15432.88536393363;15352.54791452043;407;15352.54791452043;3309.7769;14.38812563144893;Evaluated;5.7692;0.6269;64;True;1;
63;2;26;7;diversification;3;d970f41f8348;move;;;52;48;;;;;;;;;;True;False;False;False;;ok;15952.938997987321;15432.88536393363;15432.88536393363;15352.54791452043;408;15352.54791452043;3316.1615;520.053634053691;Evaluated;5.7335;0.6479;64;True;1;
63;2;26;8;diversification;3;d970f41f8348;move;;;8;15;;;;;;;;;;True;False;False;False;;ok;16714.86641411998;15432.88536393363;15432.88536393363;15352.54791452043;409;15352.54791452043;3322.4207;1281.9810501863503;Evaluated;5.6134;0.6428;64;True;1;
63;2;26;9;diversification;3;d970f41f8348;move;;;26;35;;;;;;;;;;True;False;False;False;;ok;16562.525845451364;15432.88536393363;15432.88536393363;15352.54791452043;410;15352.54791452043;3328.7818;1129.6404815177339;Evaluated;5.7309;0.6273;64;True;1;
63;2;26;10;diversification;3;d970f41f8348;move;;;32;26;;;;;;;;;;True;False;False;False;;ok;15432.88536393363;15432.88536393363;15432.88536393363;15352.54791452043;411;15352.54791452043;3339.1481;0.0;Evaluated;9.7354;0.6273;64;True;2;duplicate_for_same_parent_sequence
63;2;26;;diversification;4;;;;;;;;;;;;;;;;;;;;;End-of-iteration summary row;;;15432.88536393363;15352.54791452043;411;15352.54791452043;3339.1516;;IterationSummary;;;;;;
64;2;27;1;diversification;4;d970f41f8348;move;;;7;3;;;;;;;;;;True;False;False;False;;ok;16887.98935434969;15432.88536393363;15432.88536393363;15352.54791452043;412;15352.54791452043;3349.5;1455.1039904160607;Evaluated;9.7126;0.6262;64;True;2;duplicate_for_same_parent_sequence
64;2;27;2;diversification;4;d970f41f8348;reinsert_block;;;;;;;18;24;35;;;;;True;False;False;True;;ok;16504.014977534465;15432.88536393363;15432.88536393363;15352.54791452043;413;15352.54791452043;3356.1961;1071.129613600835;Evaluated;6.0636;0.6289;64;True;1;
64;2;27;3;diversification;4;d970f41f8348;swap;35;40;;;;;;;;;;;;True;False;False;False;;ok;15885.89474112599;15432.88536393363;15432.88536393363;15352.54791452043;414;15352.54791452043;3362.5817;453.00937719236026;Evaluated;5.7563;0.626;64;True;1;
64;2;27;4;diversification;4;d970f41f8348;move;;;30;25;;;;;;;;;;True;False;False;False;;ok;15437.091257682658;15432.88536393363;15432.88536393363;15352.54791452043;415;15352.54791452043;3372.4221;4.205893749027382;Evaluated;9.2115;0.6281;64;True;2;duplicate_for_same_parent_sequence
64;2;27;5;diversification;4;d970f41f8348;move;;;20;10;;;;;;;;;;True;False;False;True;;ok;16717.778311070935;15432.88536393363;15432.88536393363;15352.54791452043;416;15352.54791452043;3378.7828;1284.8929471373049;Evaluated;5.7318;0.6249;64;True;1;
64;2;27;6;diversification;4;d970f41f8348;move;;;20;35;;;;;;;;;;True;False;False;True;;ok;16073.143622324727;15432.88536393363;15432.88536393363;15352.54791452043;417;15352.54791452043;3384.9235;640.2582583910971;Evaluated;5.4961;0.6418;64;True;1;
64;2;27;7;diversification;4;d970f41f8348;move;;;40;25;;;;;;;;;;True;False;False;True;;ok;15958.8488395861;15432.88536393363;15432.88536393363;15352.54791452043;418;15352.54791452043;3391.1648;525.9634756524702;Evaluated;5.6146;0.6239;64;True;1;
64;2;27;8;diversification;4;d970f41f8348;move;;;26;10;;;;;;;;;;True;False;False;True;;ok;17335.790012877613;15432.88536393363;15432.88536393363;15352.54791452043;419;15352.54791452043;3397.4458;1902.9046489439825;Evaluated;5.6421;0.6383;64;True;1;
64;2;27;9;diversification;4;d970f41f8348;move;;;28;35;;;;;;;;;;True;False;False;False;;ok;16057.401422089608;15432.88536393363;15432.88536393363;15352.54791452043;420;15352.54791452043;3403.7985;624.5160581559776;Evaluated;5.7154;0.6341;64;True;1;
64;2;27;10;diversification;4;d970f41f8348;move;;;45;30;;;;;;;;;;True;False;False;True;;ok;16621.97462518496;15432.88536393363;15432.88536393363;15352.54791452043;421;15352.54791452043;3410.4488;1189.0892612513308;Evaluated;6.0073;0.6395;64;True;1;
64;2;27;;diversification;5;;;;;;;;;;;;;;;;;;;;;End-of-iteration summary row;;;15432.88536393363;15352.54791452043;421;15352.54791452043;3410.4524;;IterationSummary;;;;;;
65;2;28;1;diversification;5;d970f41f8348;move;;;10;25;;;;;;;;;;True;False;False;True;;ok;16788.55033448074;15432.88536393363;15432.88536393363;15352.54791452043;422;15352.54791452043;3417.0203;1355.66497054711;Evaluated;5.9276;0.6279;64;True;1;
65;2;28;2;diversification;5;d970f41f8348;reinsert_block;;;;;;;25;30;40;;;;;True;False;False;True;;ok;16428.175827880226;15432.88536393363;15432.88536393363;15352.54791452043;423;15352.54791452043;3431.6263;995.290463946596;Evaluated;13.9499;0.6534;64;True;3;duplicate_for_same_parent_sequence
65;2;28;3;diversification;5;d970f41f8348;swap;38;42;;;;;;;;;;;;True;False;False;False;;ok;15430.678508579493;15432.88536393363;15432.88536393363;15352.54791452043;424;15352.54791452043;3437.9498;-2.2068553541375877;EvaluatedImprovementDespiteDiversificationMismatch;5.6927;0.6282;64;True;1;
65;2;28;4;diversification;5;d970f41f8348;move;;;60;50;;;;;;;;;;True;False;False;True;;ok;15576.02225993179;15432.88536393363;15432.88536393363;15352.54791452043;425;15352.54791452043;3448.0047;143.13689599815916;Evaluated;9.4073;0.6441;64;True;2;duplicate_for_same_parent_sequence
65;2;28;5;diversification;5;d970f41f8348;move;;;20;5;;;;;;;;;;True;False;False;True;;ok;16083.16278417311;15432.88536393363;15432.88536393363;15352.54791452043;426;15352.54791452043;3454.3305;650.2774202394794;Evaluated;5.6943;0.6285;64;True;1;
65;2;28;6;diversification;5;d970f41f8348;move;;;50;32;;;;;;;;;;True;False;False;True;;ok;15873.072411718242;15432.88536393363;15432.88536393363;15352.54791452043;427;15352.54791452043;3460.7509;440.1870477846114;Evaluated;5.7685;0.6497;64;True;1;
65;2;28;7;diversification;5;d970f41f8348;move;;;49;31;;;;;;;;;;True;False;False;True;;ok;16077.228524889155;15432.88536393363;15432.88536393363;15352.54791452043;428;15352.54791452043;3467.1025;644.3431609555246;Evaluated;5.7165;0.632;64;True;1;
65;2;28;8;diversification;5;d970f41f8348;move;;;18;5;;;;;;;;;;True;False;False;True;;ok;16592.47227261309;15432.88536393363;15432.88536393363;15352.54791452043;429;15352.54791452043;3473.3213;1159.5869086794592;Evaluated;5.5814;0.6363;64;True;1;
65;2;28;9;diversification;5;d970f41f8348;move;;;24;30;;;;;;;;;;True;False;False;False;;ok;16560.12811775152;15432.88536393363;15432.88536393363;15352.54791452043;430;15352.54791452043;3479.5582;1127.242753817889;Evaluated;5.6071;0.6267;64;True;1;
65;2;28;10;diversification;5;d970f41f8348;move;;;48;35;;;;;;;;;;True;False;False;True;;ok;15856.594978752468;15432.88536393363;15432.88536393363;15352.54791452043;431;15352.54791452043;3485.7232;423.7096148188375;Evaluated;5.5238;0.6384;64;True;1;
65;2;28;;diversification;0;;;;;;;;;;;;;;;;;;;;;End-of-iteration summary row;;;15430.678508579493;15352.54791452043;431;15352.54791452043;3485.735;;IterationSummary;;;;;;
66;2;29;1;normal;0;510dca87cf1c;move;;;10;5;;;;;;;;;;True;False;False;False;;ok;15659.47897396261;15430.678508579493;15430.678508579493;15352.54791452043;432;15352.54791452043;3492.5944;228.80046538311763;Evaluated;6.2191;0.6333;64;True;1;
66;2;29;2;normal;0;510dca87cf1c;swap;20;25;;;;;;;;;;;;True;False;False;False;;ok;16058.695858078112;15430.678508579493;15430.678508579493;15352.54791452043;433;15352.54791452043;3498.6441;628.0173494986193;Evaluated;5.4217;0.6252;64;True;1;
66;2;29;3;normal;0;510dca87cf1c;reinsert_block;;;;;;;32;40;50;;;;;True;False;False;True;;ok;16967.278655602553;15430.678508579493;15430.678508579493;15352.54791452043;434;15352.54791452043;3505.0956;1536.6001470230603;Evaluated;5.8057;0.643;64;True;1;
66;2;29;4;normal;0;510dca87cf1c;move;;;56;48;;;;;;;;;;True;False;False;False;;ok;15535.257860531183;15430.678508579493;15430.678508579493;15352.54791452043;435;15352.54791452043;3511.3735;104.57935195169011;Evaluated;5.6396;0.636;64;True;1;
66;2;29;5;normal;0;510dca87cf1c;move;;;20;5;;;;;;;;;;True;False;False;True;;ok;15620.28387512411;15430.678508579493;15430.678508579493;15352.54791452043;436;15352.54791452043;3517.59;189.60536654461794;Evaluated;5.58;0.6331;64;True;1;
66;2;29;;normal;1;;;;;;;;;;;;;;;;;;;;;End-of-iteration summary row;;;15430.678508579493;15352.54791452043;436;15352.54791452043;3517.5926;;IterationSummary;;;;;;
67;2;30;1;normal;1;510dca87cf1c;move;;;8;3;;;;;;;;;;True;False;False;False;;ok;16432.210371601104;15430.678508579493;15430.678508579493;15352.54791452043;437;15352.54791452043;3528.0444;1001.5318630216116;Evaluated;9.8049;0.6337;64;True;2;duplicate_for_same_parent_sequence
67;2;30;2;normal;1;510dca87cf1c;swap;18;20;;;;;;;;;;;;True;False;False;False;;ok;16208.255994994499;15430.678508579493;15430.678508579493;15352.54791452043;438;15352.54791452043;3534.2877;777.5774864150062;Evaluated;5.6192;0.6233;64;True;1;
67;2;30;3;normal;1;510dca87cf1c;reinsert_block;;;;;;;35;40;20;;;;;True;False;False;True;;ok;16332.682934193615;15430.678508579493;15430.678508579493;15352.54791452043;439;15352.54791452043;3540.9573;902.0044256141227;Evaluated;6.0317;0.6371;64;True;1;
67;2;30;4;normal;1;510dca87cf1c;move;;;50;32;;;;;;;;;;True;False;False;True;;ok;15873.072411718242;15430.678508579493;15430.678508579493;15352.54791452043;440;15352.54791452043;3547.5611;442.393903138749;Evaluated;5.9638;0.6368;64;True;1;
67;2;30;5;normal;1;510dca87cf1c;move;;;24;30;;;;;;;;;;True;False;False;False;;ok;16085.86267890643;15430.678508579493;15430.678508579493;15352.54791452043;441;15352.54791452043;3553.8532;655.1841703269365;Evaluated;5.6494;0.6402;64;True;1;
67;2;30;;normal;2;;;;;;;;;;;;;;;;;;;;;End-of-iteration summary row;;;15430.678508579493;15352.54791452043;441;15352.54791452043;3553.856;;IterationSummary;;;;;;
68;2;31;1;normal;2;510dca87cf1c;move;;;15;20;;;;;;;;;;True;False;False;False;;ok;15756.499037673088;15430.678508579493;15430.678508579493;15352.54791452043;442;15352.54791452043;3567.8975;325.8205290935948;Evaluated;13.3914;0.6374;64;True;3;duplicate_for_same_parent_sequence
68;2;31;2;normal;2;510dca87cf1c;swap;24;26;;;;;;;;;;;;True;False;False;False;;ok;16097.006303901126;15430.678508579493;15430.678508579493;15352.54791452043;443;15352.54791452043;3577.9514;666.327795321633;Evaluated;9.412;0.6393;64;True;2;duplicate_for_same_parent_sequence
68;2;31;3;normal;2;510dca87cf1c;reinsert_block;;;;;;;35;40;25;;;;;True;False;False;True;;ok;16128.18505640847;15430.678508579493;15430.678508579493;15352.54791452043;444;15352.54791452043;3585.0867;697.506547828978;Evaluated;6.4965;0.6362;64;True;1;
68;2;31;4;normal;2;510dca87cf1c;move;;;50;48;;;;;;;;;;True;False;False;False;;ok;15430.678508579493;15430.678508579493;15430.678508579493;15352.54791452043;445;15352.54791452043;3591.3887;0.0;Evaluated;5.6532;0.6457;64;True;1;
68;2;31;5;normal;2;510dca87cf1c;swap;8;12;;;;;;;;;;;;True;False;False;False;;ok;16716.748770208073;15430.678508579493;15430.678508579493;15352.54791452043;446;15352.54791452043;3605.0632;1286.0702616285798;Evaluated;13.0368;0.6344;64;True;3;duplicate_for_same_parent_sequence
68;2;31;;normal;3;;;;;;;;;;;;;;;;;;;;;End-of-iteration summary row;;;15430.678508579493;15352.54791452043;446;15352.54791452043;3605.0643;;IterationSummary;;;;;;
69;2;32;1;diversification;3;510dca87cf1c;move;;;5;20;;;;;;;;;;True;False;False;True;;ok;16471.820169606177;15430.678508579493;15430.678508579493;15352.54791452043;447;15352.54791452043;3611.7937;1041.1416610266842;Evaluated;6.0836;0.6358;64;True;1;
69;2;32;2;diversification;3;510dca87cf1c;reinsert_block;;;;;;;20;25;16;;;;;True;False;False;False;;ok;17556.91493102557;15430.678508579493;15430.678508579493;15352.54791452043;448;15352.54791452043;3618.5254;2126.236422446078;Evaluated;6.0911;0.6374;64;True;1;
69;2;32;3;diversification;3;510dca87cf1c;swap;35;40;;;;;;;;;;;;True;False;False;False;;ok;15884.189964399397;15430.678508579493;15430.678508579493;15352.54791452043;449;15352.54791452043;3624.8426;453.51145581990386;Evaluated;5.6895;0.6267;64;True;1;
69;2;32;4;diversification;3;510dca87cf1c;move;;;56;49;;;;;;;;;;True;False;False;False;;ok;15535.257860531183;15430.678508579493;15430.678508579493;15352.54791452043;450;15352.54791452043;3634.9528;104.57935195169011;Evaluated;9.4687;0.6384;64;True;2;duplicate_for_same_parent_sequence
69;2;32;5;diversification;3;510dca87cf1c;move;;;25;10;;;;;;;;;;True;False;False;True;;ok;16749.37858027445;15430.678508579493;15430.678508579493;15352.54791452043;451;15352.54791452043;3641.3294;1318.700071694957;Evaluated;5.7236;0.6499;64;True;1;
69;2;32;6;diversification;3;510dca87cf1c;reinsert_block;;;;;;;32;40;16;;;;;True;False;False;True;;ok;17104.48182600229;15430.678508579493;15430.678508579493;15352.54791452043;452;15352.54791452043;3648.2632;1673.8033174227985;Evaluated;6.2936;0.6368;64;True;1;
69;2;32;7;diversification;3;510dca87cf1c;move;;;30;25;;;;;;;;;;True;False;False;False;;ok;15477.470862798655;15430.678508579493;15430.678508579493;15352.54791452043;453;15352.54791452043;3654.7665;46.79235421916201;Evaluated;5.874;0.6266;64;True;1;
69;2;32;8;diversification;3;510dca87cf1c;move;;;18;25;;;;;;;;;;True;False;False;False;;ok;16328.059266036247;15430.678508579493;15430.678508579493;15352.54791452043;454;15352.54791452043;3661.0857;897.3807574567545;Evaluated;5.6808;0.6359;64;True;1;
69;2;32;9;diversification;3;510dca87cf1c;move;;;25;30;;;;;;;;;;True;False;False;False;;ok;15540.2150039709;15430.678508579493;15430.678508579493;15352.54791452043;455;15352.54791452043;3667.4724;109.53649539140679;Evaluated;5.7507;0.6331;64;True;1;
69;2;32;10;diversification;3;510dca87cf1c;swap;48;51;;;;;;;;;;;;True;False;False;False;;ok;15499.756727070115;15430.678508579493;15430.678508579493;15352.54791452043;456;15352.54791452043;3677.5193;69.07821849062202;Evaluated;9.418;0.6281;64;True;2;duplicate_for_same_parent_sequence
69;2;32;;diversification;4;;;;;;;;;;;;;;;;;;;;;End-of-iteration summary row;;;15430.678508579493;15352.54791452043;456;15352.54791452043;3677.5212;;IterationSummary;;;;;;
70;2;33;1;diversification;4;510dca87cf1c;move;;;8;15;;;;;;;;;;True;False;False;False;;ok;16251.432606992237;15430.678508579493;15430.678508579493;15352.54791452043;457;15352.54791452043;3688.5557;820.7540984127445;Evaluated;10.3838;0.6387;64;True;2;duplicate_for_same_parent_sequence
70;2;33;2;diversification;4;510dca87cf1c;move;;;35;20;;;;;;;;;;True;False;False;True;;ok;15682.53371058829;15430.678508579493;15430.678508579493;15352.54791452043;458;15352.54791452043;3699.3739;251.85520200879728;Evaluated;10.1719;0.643;64;True;2;duplicate_for_same_parent_sequence
70;2;33;3;diversification;4;510dca87cf1c;swap;32;37;;;;;;;;;;;;True;False;False;False;;ok;16135.35817195998;15430.678508579493;15430.678508579493;15352.54791452043;459;15352.54791452043;3709.29;704.6796633804879;Evaluated;9.2788;0.6338;64;True;2;duplicate_for_same_parent_sequence
70;2;33;4;diversification;4;510dca87cf1c;move;;;52;49;;;;;;;;;;True;False;False;False;;ok;15953.623977214278;15430.678508579493;15430.678508579493;15352.54791452043;460;15352.54791452043;3719.0995;522.9454686347854;Evaluated;9.1686;0.6377;64;True;2;duplicate_for_same_parent_sequence
70;2;33;5;diversification;4;510dca87cf1c;move;;;5;20;;;;;;;;;;False;True;False;;;ok;;15430.678508579493;15430.678508579493;15352.54791452043;460;15352.54791452043;3732.3964;;DuplicateForSameParentSequenceAfterRetries;13.2944;;;;3;duplicate_for_same_parent_sequence
70;2;33;6;diversification;4;510dca87cf1c;move;;;40;50;;;;;;;;;;True;False;False;True;;ok;15434.25085093418;15430.678508579493;15430.678508579493;15352.54791452043;461;15352.54791452043;3742.7785;3.572342354687862;Evaluated;9.7553;0.6258;64;True;2;duplicate_for_same_parent_sequence
70;2;33;7;diversification;4;510dca87cf1c;move;;;40;25;;;;;;;;;;True;False;False;True;;ok;15573.88280719227;15430.678508579493;15430.678508579493;15352.54791452043;462;15352.54791452043;3749.0564;143.20429861277808;Evaluated;5.6402;0.6342;64;True;1;
70;2;33;8;diversification;4;510dca87cf1c;move;;;40;30;;;;;;;;;;True;False;False;True;;ok;15871.741995704597;15430.678508579493;15430.678508579493;15352.54791452043;463;15352.54791452043;3763.2607;441.0634871251041;Evaluated;13.5633;0.638;64;True;3;duplicate_for_same_parent_sequence
70;2;33;9;diversification;4;510dca87cf1c;swap;35;48;;;;;;;;;;;;True;False;False;True;;ok;15612.97082257629;15430.678508579493;15430.678508579493;15352.54791452043;464;15352.54791452043;3773.4601;182.29231399679702;Evaluated;9.5613;0.636;64;True;2;duplicate_for_same_parent_sequence
70;2;33;10;diversification;4;510dca87cf1c;move;;;35;28;;;;;;;;;;True;False;False;False;;ok;15476.626576398618;15430.678508579493;15430.678508579493;15352.54791452043;465;15352.54791452043;3783.7698;45.948067819124844;Evaluated;9.6791;0.628;64;True;2;duplicate_for_same_parent_sequence
70;2;33;;diversification;5;;;;;;;;;;;;;;;;;;;;;End-of-iteration summary row;;;15430.678508579493;15352.54791452043;465;15352.54791452043;3783.7727;;IterationSummary;;;;;;
71;2;34;1;diversification;5;510dca87cf1c;move;;;30;20;;;;;;;;;;True;False;False;True;;ok;15484.842795755147;15430.678508579493;15430.678508579493;15352.54791452043;466;15352.54791452043;3798.25;54.16428717565395;Evaluated;13.844;0.6234;64;True;3;duplicate_for_same_parent_sequence
71;2;34;2;diversification;5;510dca87cf1c;reinsert_block;;;;;;;18;23;4;;;;;True;False;False;True;;ok;16742.766280815627;15430.678508579493;15430.678508579493;15352.54791452043;467;15352.54791452043;3804.9565;1312.0877722361347;Evaluated;6.0787;0.6249;64;True;1;
71;2;34;3;diversification;5;510dca87cf1c;swap;32;47;;;;;;;;;;;;True;False;False;True;;ok;16118.01713805533;15430.678508579493;15430.678508579493;15352.54791452043;468;15352.54791452043;3815.0534;687.3386294758366;Evaluated;9.4675;0.6267;64;True;2;duplicate_for_same_parent_sequence
71;2;34;4;diversification;5;510dca87cf1c;move;;;54;60;;;;;;;;;;True;False;False;False;;ok;15911.34691780902;15430.678508579493;15430.678508579493;15352.54791452043;469;15352.54791452043;3821.4301;480.66840922952724;Evaluated;5.7316;0.6425;64;True;1;
71;2;34;5;diversification;5;510dca87cf1c;move;;;52;48;;;;;;;;;;True;False;False;False;;ok;15949.993891129685;15430.678508579493;15430.678508579493;15352.54791452043;470;15352.54791452043;3827.6801;519.3153825501922;Evaluated;5.6071;0.6403;64;True;1;
71;2;34;6;diversification;5;510dca87cf1c;move;;;40;35;;;;;;;;;;True;False;False;False;;ok;15434.229160777704;15430.678508579493;15430.678508579493;15352.54791452043;471;15352.54791452043;3834.0182;3.5506521982115373;Evaluated;5.7069;0.6278;64;True;1;
71;2;34;7;diversification;5;510dca87cf1c;move;;;18;4;;;;;;;;;;True;False;False;True;;ok;16328.401568482215;15430.678508579493;15430.678508579493;15352.54791452043;472;15352.54791452043;3843.9922;897.7230599027225;Evaluated;9.3312;0.6396;64;True;2;duplicate_for_same_parent_sequence
71;2;34;8;diversification;5;510dca87cf1c;move;;;20;8;;;;;;;;;;True;False;False;True;;ok;16530.866228484396;15430.678508579493;15430.678508579493;15352.54791452043;473;15352.54791452043;3850.1665;1100.1877199049031;Evaluated;5.5424;0.6291;64;True;1;
71;2;34;9;diversification;5;510dca87cf1c;move;;;28;35;;;;;;;;;;True;False;False;False;;ok;15614.64520592887;15430.678508579493;15430.678508579493;15352.54791452043;474;15352.54791452043;3856.4491;183.96669734937677;Evaluated;5.6429;0.637;64;True;1;
71;2;34;10;diversification;5;510dca87cf1c;move;;;30;15;;;;;;;;;;True;False;False;True;;ok;15472.07189983129;15430.678508579493;15430.678508579493;15352.54791452043;475;15352.54791452043;3866.9427;41.39339125179686;Evaluated;9.8542;0.6369;64;True;2;duplicate_for_same_parent_sequence
71;2;34;;diversification;6;;;;;;;;;;;;;;;;;;;;;End-of-iteration summary row;;;15430.678508579493;15352.54791452043;475;15352.54791452043;3866.9463;;IterationSummary;;;;;;
72;2;35;1;diversification;6;510dca87cf1c;move;;;10;25;;;;;;;;;;True;False;False;True;;ok;16328.182340133964;15430.678508579493;15430.678508579493;15352.54791452043;476;15352.54791452043;3874.0505;897.5038315544716;Evaluated;6.454;0.6381;64;True;1;
72;2;35;2;diversification;6;510dca87cf1c;move;;;50;60;;;;;;;;;;True;False;False;True;;ok;15430.678508579493;15430.678508579493;15430.678508579493;15352.54791452043;477;15352.54791452043;3884.2056;0.0;Evaluated;9.5103;0.6423;64;True;2;duplicate_for_same_parent_sequence
72;2;35;3;diversification;6;510dca87cf1c;swap;37;40;;;;;;;;;;;;True;False;False;False;;ok;15434.229160777704;15430.678508579493;15430.678508579493;15352.54791452043;478;15352.54791452043;3898.4249;3.5506521982115373;Evaluated;13.5776;0.6392;64;True;3;duplicate_for_same_parent_sequence
72;2;35;4;diversification;6;510dca87cf1c;move;;;52;48;;;;;;;;;;False;True;False;;;ok;;15430.678508579493;15430.678508579493;15352.54791452043;478;15352.54791452043;3911.5819;;DuplicateForSameParentSequenceAfterRetries;13.1541;;;;3;duplicate_for_same_parent_sequence
72;2;35;5;diversification;6;510dca87cf1c;move;;;23;17;;;;;;;;;;True;False;False;False;;ok;16264.638415182046;15430.678508579493;15430.678508579493;15352.54791452043;479;15352.54791452043;3921.6174;833.959906602553;Evaluated;9.4001;0.6343;64;True;2;duplicate_for_same_parent_sequence
72;2;35;6;diversification;6;510dca87cf1c;move;;;30;20;;;;;;;;;;False;True;False;;;ok;;15430.678508579493;15430.678508579493;15352.54791452043;479;15352.54791452043;3934.6431;;DuplicateForSameParentSequenceAfterRetries;13.0232;;;;3;duplicate_for_same_parent_sequence
72;2;35;7;diversification;6;510dca87cf1c;move;;;50;30;;;;;;;;;;True;False;False;True;;ok;15870.66257529703;15430.678508579493;15430.678508579493;15352.54791452043;480;15352.54791452043;3940.8953;439.98406671753764;Evaluated;5.6245;0.6268;64;True;1;
72;2;35;8;diversification;6;510dca87cf1c;move;;;28;15;;;;;;;;;;True;False;False;True;;ok;17037.519003347268;15430.678508579493;15430.678508579493;15352.54791452043;481;15352.54791452043;3947.2156;1606.8404947677755;Evaluated;5.6703;0.6492;64;True;1;
72;2;35;9;diversification;6;510dca87cf1c;move;;;24;39;;;;;;;;;;True;False;False;True;;ok;15899.838650912949;15430.678508579493;15430.678508579493;15352.54791452043;482;15352.54791452043;3957.4033;469.16014233345595;Evaluated;9.5473;0.6375;64;True;2;duplicate_for_same_parent_sequence
72;2;35;10;diversification;6;510dca87cf1c;move;;;45;30;;;;;;;;;;True;False;False;True;;ok;16612.82725717616;15430.678508579493;15430.678508579493;15352.54791452043;483;15352.54791452043;3964.029;1182.1487485966663;Evaluated;5.9953;0.6274;64;True;1;
72;2;35;;diversification;7;;;;;;;;;;;;;;;;;;;;;End-of-iteration summary row;;;15430.678508579493;15352.54791452043;483;15352.54791452043;3964.0321;;IterationSummary;;;;;;
73;2;36;1;diversification;7;510dca87cf1c;move;;;3;18;;;;;;;;;;True;False;False;True;;ok;16177.247466121311;15430.678508579493;15430.678508579493;15352.54791452043;484;15352.54791452043;3974.4775;746.5689575418182;Evaluated;9.7941;0.6343;64;True;2;duplicate_for_same_parent_sequence
73;2;36;2;diversification;7;510dca87cf1c;reinsert_block;;;;;;;18;24;35;;;;;True;False;False;True;;ok;16057.022844697194;15430.678508579493;15430.678508579493;15352.54791452043;485;15352.54791452043;3981.2045;626.3443361177015;Evaluated;6.0873;0.6367;64;True;1;
73;2;36;3;diversification;7;510dca87cf1c;swap;35;40;;;;;;;;;;;;False;True;False;;;ok;;15430.678508579493;15430.678508579493;15352.54791452043;485;15352.54791452043;3994.5185;;DuplicateForSameParentSequenceAfterRetries;13.3114;;;;3;duplicate_for_same_parent_sequence
73;2;36;4;diversification;7;510dca87cf1c;move;;;48;56;;;;;;;;;;True;False;False;False;;ok;15471.61735844881;15430.678508579493;15430.678508579493;15352.54791452043;486;15352.54791452043;4008.9503;40.93884986931698;Evaluated;13.788;0.6428;64;True;3;duplicate_for_same_parent_sequence
73;2;36;5;diversification;7;510dca87cf1c;swap;17;23;;;;;;;;;;;;True;False;False;False;;ok;16116.961751118433;15430.678508579493;15430.678508579493;15352.54791452043;487;15352.54791452043;4018.9352;686.2832425389406;Evaluated;9.3554;0.6266;64;True;2;duplicate_for_same_parent_sequence
73;2;36;6;diversification;7;510dca87cf1c;move;;;15;28;;;;;;;;;;True;False;False;True;;ok;15799.404210516313;15430.678508579493;15430.678508579493;15352.54791452043;488;15352.54791452043;4025.3122;368.72570193682077;Evaluated;5.7372;0.6389;64;True;1;
73;2;36;7;diversification;7;510dca87cf1c;move;;;25;10;;;;;;;;;;False;True;False;;;ok;;15430.678508579493;15430.678508579493;15352.54791452043;488;15352.54791452043;4038.197;;DuplicateForSameParentSequenceAfterRetries;12.8818;;;;3;duplicate_for_same_parent_sequence
73;2;36;8;diversification;7;510dca87cf1c;move;;;20;35;;;;;;;;;;True;False;False;True;;ok;15610.54162789751;15430.678508579493;15430.678508579493;15352.54791452043;489;15352.54791452043;4044.7312;179.8631193180172;Evaluated;5.7152;0.8179;64;True;1;
73;2;36;9;diversification;7;510dca87cf1c;move;;;30;40;;;;;;;;;;True;False;False;True;;ok;15630.044660927211;15430.678508579493;15430.678508579493;15352.54791452043;490;15352.54791452043;4058.9746;199.36615234771853;Evaluated;13.6021;0.6383;64;True;3;duplicate_for_same_parent_sequence
73;2;36;10;diversification;7;510dca87cf1c;move;;;50;45;;;;;;;;;;True;False;False;False;;ok;15430.678508579493;15430.678508579493;15430.678508579493;15352.54791452043;491;15352.54791452043;4065.4317;0.0;Evaluated;5.8151;0.6392;64;True;1;
73;2;36;;diversification;8;;;;;;;;;;;;;;;;;;;;;End-of-iteration summary row;;;15430.678508579493;15352.54791452043;491;15352.54791452043;4065.4348;;IterationSummary;;;;;;
74;2;37;1;diversification;8;510dca87cf1c;move;;;5;30;;;;;;;;;;True;False;False;True;;ok;16069.265026840441;15430.678508579493;15430.678508579493;15352.54791452043;492;15352.54791452043;4072.1719;638.5865182609487;Evaluated;6.0819;0.6417;64;True;1;
74;2;37;2;diversification;8;510dca87cf1c;move;;;30;45;;;;;;;;;;True;False;False;True;;ok;15614.768370785392;15430.678508579493;15430.678508579493;15352.54791452043;493;15352.54791452043;4082.7556;184.0898622058994;Evaluated;9.9407;0.6403;64;True;2;duplicate_for_same_parent_sequence
74;2;37;3;diversification;8;510dca87cf1c;swap;28;36;;;;;;;;;;;;True;False;False;False;;ok;15949.742706524632;15430.678508579493;15430.678508579493;15352.54791452043;494;15352.54791452043;4093.3662;519.0641979451393;Evaluated;9.9793;0.6284;64;True;2;duplicate_for_same_parent_sequence
74;2;37;4;diversification;8;510dca87cf1c;move;;;48;32;;;;;;;;;;True;False;False;True;;ok;15433.15218965938;15430.678508579493;15430.678508579493;15352.54791452043;495;15352.54791452043;4103.1645;2.473681079887683;Evaluated;9.1565;0.6381;64;True;2;duplicate_for_same_parent_sequence
74;2;37;5;diversification;8;510dca87cf1c;move;;;32;18;;;;;;;;;;True;False;False;True;;ok;16097.90402108583;15430.678508579493;15430.678508579493;15352.54791452043;496;15352.54791452043;4113.6283;667.2255125063366;Evaluated;9.831;0.6289;64;True;2;duplicate_for_same_parent_sequence
74;2;37;6;diversification;8;510dca87cf1c;move;;;56;48;;;;;;;;;;False;True;True;;;ok;;15430.678508579493;15430.678508579493;15352.54791452043;496;15352.54791452043;4127.0902;;DuplicateForSameParentSequenceAfterRetries;13.4589;;;;3;duplicate_for_same_parent_sequence
74;2;37;7;diversification;8;510dca87cf1c;move;;;28;15;;;;;;;;;;False;True;False;;;ok;;15430.678508579493;15430.678508579493;15352.54791452043;496;15352.54791452043;4140.2866;;DuplicateForSameParentSequenceAfterRetries;13.1954;;;;3;duplicate_for_same_parent_sequence
74;2;37;8;diversification;8;510dca87cf1c;swap;8;9;;;;;;;;;;;;True;False;False;False;;ok;15659.28948970792;15430.678508579493;15430.678508579493;15352.54791452043;497;15352.54791452043;4150.2795;228.61098112842774;Evaluated;9.3503;0.6415;64;True;2;duplicate_for_same_parent_sequence
74;2;37;9;diversification;8;510dca87cf1c;move;;;40;15;;;;;;;;;;True;False;False;True;;ok;16264.618865663018;15430.678508579493;15430.678508579493;15352.54791452043;498;15352.54791452043;4161.0001;833.9403570835257;Evaluated;10.0803;0.6368;64;True;2;duplicate_for_same_parent_sequence
74;2;37;10;diversification;8;510dca87cf1c;move;;;30;15;;;;;;;;;;False;True;False;;;ok;;15430.678508579493;15430.678508579493;15352.54791452043;498;15352.54791452043;4174.4816;;DuplicateForSameParentSequenceAfterRetries;13.4798;;;;3;duplicate_for_same_parent_sequence
74;2;37;;diversification;9;;;;;;;;;;;;;;;;;;;;;End-of-iteration summary row;;;15430.678508579493;15352.54791452043;498;15352.54791452043;4174.4825;;IterationSummary;;;;;;
75;2;38;1;diversification;9;510dca87cf1c;move;;;4;35;;;;;;;;;;True;False;False;True;;ok;16282.282319194703;15430.678508579493;15430.678508579493;15352.54791452043;499;15352.54791452043;4188.8408;851.60381061521;Evaluated;13.7128;0.6367;64;True;3;duplicate_for_same_parent_sequence
75;2;38;2;diversification;9;510dca87cf1c;move;;;20;17;;;;;;;;;;True;False;False;False;;ok;16578.70115344058;15430.678508579493;15430.678508579493;15352.54791452043;500;15352.54791452043;4199.0199;1148.0226448610865;Evaluated;9.5316;0.6437;64;True;2;duplicate_for_same_parent_sequence
75;2;38;3;diversification;9;510dca87cf1c;move;;;42;18;;;;;;;;;;True;False;False;True;;ok;16181.795983138287;15430.678508579493;15430.678508579493;15352.54791452043;501;15352.54791452043;4208.713;751.1174745587941;Evaluated;9.0633;0.6267;64;True;2;duplicate_for_same_parent_sequence
75;2;38;4;diversification;9;510dca87cf1c;move;;;50;15;;;;;;;;;;True;False;False;True;;ok;16264.631738512297;15430.678508579493;15430.678508579493;15352.54791452043;502;15352.54791452043;4222.6994;833.9532299328039;Evaluated;13.3396;0.6445;64;True;3;duplicate_for_same_parent_sequence
75;2;38;5;diversification;9;510dca87cf1c;move;;;45;18;;;;;;;;;;True;False;False;True;;ok;16796.4605428194;15430.678508579493;15430.678508579493;15352.54791452043;503;15352.54791452043;4233.2448;1365.7820342399082;Evaluated;9.9186;0.6248;64;True;2;duplicate_for_same_parent_sequence
75;2;38;6;diversification;9;510dca87cf1c;move;;;25;18;;;;;;;;;;True;False;False;False;;ok;16265.59246619198;15430.678508579493;15430.678508579493;15352.54791452043;504;15352.54791452043;4243.5633;834.9139576124871;Evaluated;9.6788;0.6374;64;True;2;duplicate_for_same_parent_sequence
75;2;38;7;diversification;9;510dca87cf1c;move;;;54;32;;;;;;;;;;True;False;False;True;;ok;16119.275557913214;15430.678508579493;15430.678508579493;15352.54791452043;505;15352.54791452043;4249.8404;688.5970493337209;Evaluated;5.65;0.6246;64;True;1;
75;2;38;8;diversification;9;510dca87cf1c;swap;18;22;;;;;;;;;;;;True;False;False;False;;ok;16110.964538337463;15430.678508579493;15430.678508579493;15352.54791452043;506;15352.54791452043;4259.6863;680.28602975797;Evaluated;9.2083;0.6351;64;True;2;duplicate_for_same_parent_sequence
75;2;38;9;diversification;9;510dca87cf1c;move;;;50;35;;;;;;;;;;True;False;False;True;;ok;15430.656818423016;15430.678508579493;15430.678508579493;15352.54791452043;507;15352.54791452043;4269.6878;-0.021690156476324773;Evaluated;9.3613;0.6376;64;True;2;duplicate_for_same_parent_sequence
75;2;38;10;diversification;9;510dca87cf1c;move;;;48;15;;;;;;;;;;True;False;False;True;;ok;16266.991598531706;15430.678508579493;15430.678508579493;15352.54791452043;508;15352.54791452043;4283.3293;836.313089952213;Evaluated;12.9865;0.6521;64;True;3;duplicate_for_same_parent_sequence
75;2;38;;diversification;0;;;;;;;;;;;;;;;;;;;;;End-of-iteration summary row;;;15430.656818423016;15352.54791452043;508;15352.54791452043;4283.3474;;IterationSummary;;;;;;
76;2;39;1;normal;0;a8f8ad4256f7;move;;;8;2;;;;;;;;;;True;False;False;False;;ok;15709.270013475367;15430.656818423016;15430.656818423016;15352.54791452043;509;15352.54791452043;4289.8365;278.6131950523504;Evaluated;5.8527;0.6282;64;True;1;
76;2;39;2;normal;0;a8f8ad4256f7;swap;20;21;;;;;;;;;;;;True;False;False;False;;ok;15672.214916104998;15430.656818423016;15430.656818423016;15352.54791452043;510;15352.54791452043;4296.2054;241.55809768198196;Evaluated;5.7181;0.6482;64;True;1;
76;2;39;3;normal;0;a8f8ad4256f7;reinsert_block;;;;;;;32;40;15;;;;;True;False;False;True;;ok;16435.802341245475;15430.656818423016;15430.656818423016;15352.54791452043;511;15352.54791452043;4302.8569;1005.1455228224586;Evaluated;6.0138;0.6346;64;True;1;
76;2;39;4;normal;0;a8f8ad4256f7;move;;;56;40;;;;;;;;;;True;False;False;True;;ok;15434.229160683515;15430.656818423016;15430.656818423016;15352.54791452043;512;15352.54791452043;4309.1719;3.572342260498772;Evaluated;5.6861;0.626;64;True;1;
76;2;39;5;normal;0;a8f8ad4256f7;move;;;56;28;;;;;;;;;;True;False;False;True;;ok;15584.830836455385;15430.656818423016;15430.656818423016;15352.54791452043;513;15352.54791452043;4315.3889;154.17401803236862;Evaluated;5.5695;0.6444;64;True;1;
76;2;39;;normal;1;;;;;;;;;;;;;;;;;;;;;End-of-iteration summary row;;;15430.656818423016;15352.54791452043;513;15352.54791452043;4315.3917;;IterationSummary;;;;;;
77;2;40;1;normal;1;a8f8ad4256f7;move;;;5;10;;;;;;;;;;True;False;False;False;;ok;15658.331742019476;15430.656818423016;15430.656818423016;15352.54791452043;514;15352.54791452043;4322.377;227.67492359645985;Evaluated;6.3332;0.6355;64;True;1;
77;2;40;2;normal;1;a8f8ad4256f7;swap;18;20;;;;;;;;;;;;True;False;False;False;;ok;15797.981778566986;15430.656818423016;15430.656818423016;15352.54791452043;515;15352.54791452043;4328.9086;367.3249601439693;Evaluated;5.9023;0.6264;64;True;1;
77;2;40;3;normal;1;a8f8ad4256f7;reinsert_block;;;;;;;35;40;28;;;;;True;False;False;False;;ok;16505.86059914144;15430.656818423016;15430.656818423016;15352.54791452043;516;15352.54791452043;4335.6483;1075.2037807184242;Evaluated;6.097;0.64;64;True;1;
77;2;40;4;normal;1;a8f8ad4256f7;move;;;56;10;;;;;;;;;;True;False;False;True;;ok;15849.687658868563;15430.656818423016;15430.656818423016;15352.54791452043;517;15352.54791452043;4341.8749;419.03084044554635;Evaluated;5.5866;0.6371;64;True;1;
77;2;40;5;normal;1;a8f8ad4256f7;move;;;50;32;;;;;;;;;;True;False;False;True;;ok;15588.818558129922;15430.656818423016;15430.656818423016;15352.54791452043;518;15352.54791452043;4348.1629;158.1617397069058;Evaluated;5.6571;0.6272;64;True;1;
77;2;40;;normal;2;;;;;;;;;;;;;;;;;;;;;End-of-iteration summary row;;;15430.656818423016;15352.54791452043;518;15352.54791452043;4348.166;;IterationSummary;;;;;;
78;2;41;1;normal;2;a8f8ad4256f7;move;;;8;2;;;;;;;;;;False;True;False;;;ok;;15430.656818423016;15430.656818423016;15352.54791452043;518;15352.54791452043;4361.7578;;DuplicateForSameParentSequenceAfterRetries;13.5814;;;;3;duplicate_for_same_parent_sequence
78;2;41;2;normal;2;a8f8ad4256f7;move;;;25;30;;;;;;;;;;True;False;False;False;;ok;15815.004058626975;15430.656818423016;15430.656818423016;15352.54791452043;519;15352.54791452043;4371.6552;384.3472402039588;Evaluated;9.2634;0.6328;64;True;2;duplicate_for_same_parent_sequence
78;2;41;3;normal;2;a8f8ad4256f7;reinsert_block;;;;;;;36;40;28;;;;;True;False;False;True;;ok;16832.054619823513;15430.656818423016;15430.656818423016;15352.54791452043;520;15352.54791452043;4378.3661;1401.397801400497;Evaluated;6.0674;0.6403;64;True;1;
78;2;41;4;normal;2;a8f8ad4256f7;move;;;48;10;;;;;;;;;;True;False;False;True;;ok;15430.075614338735;15430.656818423016;15430.656818423016;15352.54791452043;521;15352.54791452043;4388.4109;-0.5812040842811257;Evaluated;9.4192;0.6222;64;True;2;duplicate_for_same_parent_sequence
78;2;41;5;normal;2;a8f8ad4256f7;move;;;50;48;;;;;;;;;;True;False;False;False;;ok;15419.875836244706;15430.656818423016;15430.656818423016;15352.54791452043;522;15352.54791452043;4394.6119;-10.780982178310296;Evaluated;5.5626;0.6376;64;True;1;
78;2;41;;normal;0;;;;;;;;;;;;;;;;;;;;;End-of-iteration summary row;;;15419.875836244706;15352.54791452043;522;15352.54791452043;4394.6302;;IterationSummary;;;;;;
79;2;42;1;normal;0;424c7b29fc97;move;;;5;10;;;;;;;;;;True;False;False;False;;ok;15617.149759670916;15419.875836244706;15419.875836244706;15352.54791452043;523;15352.54791452043;4401.4525;197.27392342620988;Evaluated;6.1785;0.6383;64;True;1;
79;2;42;2;normal;0;424c7b29fc97;swap;18;20;;;;;;;;;;;;True;False;False;False;;ok;15757.095496850177;15419.875836244706;15419.875836244706;15352.54791452043;524;15352.54791452043;4407.7518;337.2196606054713;Evaluated;5.6658;0.6328;64;True;1;
79;2;42;3;normal;0;424c7b29fc97;reinsert_block;;;;;;;34;38;25;;;;;True;False;False;True;;ok;16152.273830686467;15419.875836244706;15419.875836244706;15352.54791452043;525;15352.54791452043;4414.4386;732.3979944417606;Evaluated;6.0585;0.6276;64;True;1;
79;2;42;4;normal;0;424c7b29fc97;move;;;56;40;;;;;;;;;;True;False;False;True;;ok;15415.673513579372;15419.875836244706;15419.875836244706;15352.54791452043;526;15352.54791452043;4420.7553;-4.202322665334577;Evaluated;5.6874;0.627;64;True;1;
79;2;42;5;normal;0;424c7b29fc97;move;;;32;15;;;;;;;;;;True;False;False;True;;ok;15829.848442651753;15419.875836244706;15419.875836244706;15352.54791452043;527;15352.54791452043;4430.7949;409.97260640704735;Evaluated;9.4093;0.627;64;True;2;duplicate_for_same_parent_sequence
79;2;42;;normal;0;;;;;;;;;;;;;;;;;;;;;End-of-iteration summary row;;;15415.673513579372;15352.54791452043;527;15352.54791452043;4430.8119;;IterationSummary;;;;;;
80;2;43;1;normal;0;f74b8e6a7bcc;move;;;10;5;;;;;;;;;;True;False;False;False;;ok;15873.664947447367;15415.673513579372;15415.673513579372;15352.54791452043;528;15352.54791452043;4437.6295;457.9914338679955;Evaluated;6.1795;0.6307;64;True;1;
80;2;43;2;normal;0;f74b8e6a7bcc;swap;20;25;;;;;;;;;;;;True;False;False;False;;ok;15969.720726227773;15415.673513579372;15415.673513579372;15352.54791452043;529;15352.54791452043;4443.909;554.0472126484019;Evaluated;5.6484;0.628;64;True;1;
80;2;43;3;normal;0;f74b8e6a7bcc;reinsert_block;;;;;;;32;40;15;;;;;True;False;False;True;;ok;17000.183792537002;15415.673513579372;15415.673513579372;15352.54791452043;530;15352.54791452043;4450.5917;1584.5102789576304;Evaluated;6.0522;0.6278;64;True;1;
80;2;43;4;normal;0;f74b8e6a7bcc;move;;;50;32;;;;;;;;;;True;False;False;True;;ok;16516.362719917914;15415.673513579372;15415.673513579372;15352.54791452043;531;15352.54791452043;4456.7994;1100.6892063385421;Evaluated;5.5659;0.6389;64;True;1;
80;2;43;5;normal;0;f74b8e6a7bcc;move;;;28;15;;;;;;;;;;True;False;False;True;;ok;16954.73309942776;15415.673513579372;15415.673513579372;15352.54791452043;532;15352.54791452043;4463.1169;1539.0595858483903;Evaluated;5.684;0.6308;64;True;1;
80;2;43;;normal;1;;;;;;;;;;;;;;;;;;;;;End-of-iteration summary row;;;15415.673513579372;15352.54791452043;532;15352.54791452043;4463.1199;;IterationSummary;;;;;;
81;2;44;1;normal;1;f74b8e6a7bcc;move;;;8;3;;;;;;;;;;True;False;False;False;;ok;16347.853273725828;15415.673513579372;15415.673513579372;15352.54791452043;533;15352.54791452043;4473.4396;932.1797601464568;Evaluated;9.6671;0.6396;64;True;2;duplicate_for_same_parent_sequence
81;2;44;2;normal;1;f74b8e6a7bcc;swap;18;20;;;;;;;;;;;;True;False;False;False;;ok;16123.274761109526;15415.673513579372;15415.673513579372;15352.54791452043;534;15352.54791452043;4483.705;707.6012475301541;Evaluated;9.6308;0.6339;64;True;2;duplicate_for_same_parent_sequence
81;2;44;3;normal;1;f74b8e6a7bcc;reinsert_block;;;;;;;35;40;28;;;;;True;False;False;False;;ok;16561.237389858783;15415.673513579372;15415.673513579372;15352.54791452043;535;15352.54791452043;4490.7861;1145.5638762794115;Evaluated;6.4503;0.6275;64;True;1;
81;2;44;4;normal;1;f74b8e6a7bcc;move;;;56;40;;;;;;;;;;True;False;False;True;;ok;15634.329284869187;15415.673513579372;15415.673513579372;15352.54791452043;536;15352.54791452043;4497.111;218.65577128981568;Evaluated;5.6838;0.6369;64;True;1;
81;2;44;5;normal;1;f74b8e6a7bcc;move;;;50;40;;;;;;;;;;True;False;False;True;;ok;15434.229160683515;15415.673513579372;15415.673513579372;15352.54791452043;537;15352.54791452043;4503.3505;18.555647104143645;Evaluated;5.6024;0.6338;64;True;1;
81;2;44;;normal;2;;;;;;;;;;;;;;;;;;;;;End-of-iteration summary row;;;15415.673513579372;15352.54791452043;537;15352.54791452043;4503.3533;;IterationSummary;;;;;;
82;2;45;1;normal;2;f74b8e6a7bcc;move;;;20;15;;;;;;;;;;True;False;False;False;;ok;16599.36416520257;15415.673513579372;15415.673513579372;15352.54791452043;538;15352.54791452043;4517.1379;1183.6906516231975;Evaluated;13.1292;0.6395;64;True;3;duplicate_for_same_parent_sequence
82;2;45;2;normal;2;f74b8e6a7bcc;swap;25;30;;;;;;;;;;;;True;False;False;False;;ok;16156.268920507053;15415.673513579372;15415.673513579372;15352.54791452043;539;15352.54791452043;4523.3794;740.5954069276813;Evaluated;5.6052;0.6342;64;True;1;
82;2;45;3;normal;2;f74b8e6a7bcc;move;;;15;10;;;;;;;;;;True;False;False;False;;ok;15441.629646892325;15415.673513579372;15415.673513579372;15352.54791452043;540;15352.54791452043;4533.7958;25.95613331295317;Evaluated;9.7822;0.6333;64;True;2;duplicate_for_same_parent_sequence
82;2;45;4;normal;2;f74b8e6a7bcc;move;;;58;40;;;;;;;;;;True;False;False;True;;ok;15651.094615507682;15415.673513579372;15415.673513579372;15352.54791452043;541;15352.54791452043;4540.1508;235.42110192831024;Evaluated;5.7125;0.6418;64;True;1;
82;2;45;5;normal;2;f74b8e6a7bcc;move;;;48;15;;;;;;;;;;True;False;False;True;;ok;17010.49381585488;15415.673513579372;15415.673513579372;15352.54791452043;542;15352.54791452043;4550.2096;1594.8203022755079;Evaluated;9.4155;0.6405;64;True;2;duplicate_for_same_parent_sequence
82;2;45;;normal;3;;;;;;;;;;;;;;;;;;;;;End-of-iteration summary row;;;15415.673513579372;15352.54791452043;542;15352.54791452043;4550.2126;;IterationSummary;;;;;;
83;2;46;1;diversification;3;f74b8e6a7bcc;move;;;7;2;;;;;;;;;;True;False;False;False;;ok;16611.99954022358;15415.673513579372;15415.673513579372;15352.54791452043;543;15352.54791452043;4560.7794;1196.3260266442085;Evaluated;9.9201;0.638;64;True;2;duplicate_for_same_parent_sequence
83;2;46;2;diversification;3;f74b8e6a7bcc;reinsert_block;;;;;;;20;25;10;;;;;True;False;False;True;;ok;16644.7289174245;15415.673513579372;15415.673513579372;15352.54791452043;544;15352.54791452043;4567.5379;1229.05540384513;Evaluated;6.1196;0.6355;64;True;1;
83;2;46;3;diversification;3;f74b8e6a7bcc;swap;35;40;;;;;;;;;;;;True;False;False;False;;ok;15872.814522081144;15415.673513579372;15415.673513579372;15352.54791452043;545;15352.54791452043;4574.0797;457.1410085017724;Evaluated;5.914;0.6254;64;True;1;
83;2;46;4;diversification;3;f74b8e6a7bcc;move;;;50;48;;;;;;;;;;True;False;False;False;;ok;15434.229160683515;15415.673513579372;15415.673513579372;15352.54791452043;546;15352.54791452043;4580.7085;18.555647104143645;Evaluated;5.9889;0.639;64;True;1;
83;2;46;5;diversification;3;f74b8e6a7bcc;move;;;45;30;;;;;;;;;;True;False;False;True;;ok;16416.66778413595;15415.673513579372;15415.673513579372;15352.54791452043;547;15352.54791452043;4587.1475;1000.9942705565772;Evaluated;5.8005;0.6361;64;True;1;
83;2;46;6;diversification;3;f74b8e6a7bcc;move;;;56;38;;;;;;;;;;True;False;False;True;;ok;15634.329284869187;15415.673513579372;15415.673513579372;15352.54791452043;548;15352.54791452043;4593.5565;218.65577128981568;Evaluated;5.7714;0.635;64;True;1;
83;2;46;7;diversification;3;f74b8e6a7bcc;move;;;28;10;;;;;;;;;;True;False;False;True;;ok;16719.54589408886;15415.673513579372;15415.673513579372;15352.54791452043;549;15352.54791452043;4603.513;1303.8723805094887;Evaluated;9.322;0.6303;64;True;2;duplicate_for_same_parent_sequence
83;2;46;8;diversification;3;f74b8e6a7bcc;swap;10;20;;;;;;;;;;;;True;False;False;False;;ok;16665.3475005226;15415.673513579372;15415.673513579372;15352.54791452043;550;15352.54791452043;4613.4862;1249.6739869432276;Evaluated;9.3462;0.6242;64;True;2;duplicate_for_same_parent_sequence
83;2;46;9;diversification;3;f74b8e6a7bcc;move;;;28;35;;;;;;;;;;True;False;False;False;;ok;15887.28975382077;15415.673513579372;15415.673513579372;15352.54791452043;551;15352.54791452043;4619.7453;471.6162402413993;Evaluated;5.632;0.6264;64;True;1;
83;2;46;10;diversification;3;f74b8e6a7bcc;move;;;56;28;;;;;;;;;;True;False;False;True;;ok;15573.133624662405;15415.673513579372;15415.673513579372;15352.54791452043;552;15352.54791452043;4629.7691;157.46011108303355;Evaluated;9.3959;0.6262;64;True;2;duplicate_for_same_parent_sequence
83;2;46;;diversification;4;;;;;;;;;;;;;;;;;;;;;End-of-iteration summary row;;;15415.673513579372;15352.54791452043;552;15352.54791452043;4629.7726;;IterationSummary;;;;;;
84;2;47;1;diversification;4;f74b8e6a7bcc;move;;;5;20;;;;;;;;;;True;False;False;True;;ok;16553.978926068623;15415.673513579372;15415.673513579372;15352.54791452043;553;15352.54791452043;4636.84;1138.3054124892515;Evaluated;6.427;0.6259;64;True;1;
84;2;47;2;diversification;4;f74b8e6a7bcc;reinsert_block;;;;;;;18;23;40;;;;;True;False;False;True;;ok;16145.49095655545;15415.673513579372;15415.673513579372;15352.54791452043;554;15352.54791452043;4643.5693;729.8174429760784;Evaluated;6.0839;0.6423;64;True;1;
84;2;47;3;diversification;4;f74b8e6a7bcc;swap;32;47;;;;;;;;;;;;True;False;False;True;;ok;16788.61508458598;15415.673513579372;15415.673513579372;15352.54791452043;555;15352.54791452043;4653.9678;1372.9415710066096;Evaluated;9.7658;0.6321;64;True;2;duplicate_for_same_parent_sequence
84;2;47;4;diversification;4;f74b8e6a7bcc;move;;;40;20;;;;;;;;;;True;False;False;True;;ok;15820.041514252769;15415.673513579372;15415.673513579372;15352.54791452043;556;15352.54791452043;4664.2092;404.36800067339755;Evaluated;9.605;0.6356;64;True;2;duplicate_for_same_parent_sequence
84;2;47;5;diversification;4;f74b8e6a7bcc;move;;;8;25;;;;;;;;;;True;False;False;True;;ok;15614.239730861773;15415.673513579372;15415.673513579372;15352.54791452043;557;15352.54791452043;4670.5563;198.56621728240134;Evaluated;5.71;0.6345;64;True;1;
84;2;47;6;diversification;4;f74b8e6a7bcc;move;;;38;25;;;;;;;;;;True;False;False;True;;ok;16191.402334474291;15415.673513579372;15415.673513579372;15352.54791452043;558;15352.54791452043;4680.6655;775.7288208949194;Evaluated;9.48;0.6263;64;True;2;duplicate_for_same_parent_sequence
84;2;47;7;diversification;4;f74b8e6a7bcc;move;;;6;40;;;;;;;;;;True;False;False;True;;ok;15874.662246784645;15415.673513579372;15415.673513579372;15352.54791452043;559;15352.54791452043;4690.6814;458.9887332052731;Evaluated;9.3866;0.6264;64;True;2;duplicate_for_same_parent_sequence
84;2;47;8;diversification;4;f74b8e6a7bcc;move;;;15;8;;;;;;;;;;True;False;False;False;;ok;16217.153890517273;15415.673513579372;15415.673513579372;15352.54791452043;560;15352.54791452043;4700.626;801.4803769379014;Evaluated;9.315;0.6269;64;True;2;duplicate_for_same_parent_sequence
84;2;47;9;diversification;4;f74b8e6a7bcc;move;;;30;25;;;;;;;;;;True;False;False;False;;ok;15433.282404313826;15415.673513579372;15415.673513579372;15352.54791452043;561;15352.54791452043;4707.2452;17.60889073445469;Evaluated;5.9763;0.6395;64;True;1;
84;2;47;10;diversification;4;f74b8e6a7bcc;move;;;50;25;;;;;;;;;;True;False;False;True;;ok;15431.546016996825;15415.673513579372;15415.673513579372;15352.54791452043;562;15352.54791452043;4717.2788;15.872503417453117;Evaluated;9.3939;0.6364;64;True;2;duplicate_for_same_parent_sequence
84;2;47;;diversification;5;;;;;;;;;;;;;;;;;;;;;End-of-iteration summary row;;;15415.673513579372;15352.54791452043;562;15352.54791452043;4717.2818;;IterationSummary;;;;;;
85;2;48;1;diversification;5;f74b8e6a7bcc;move;;;20;30;;;;;;;;;;True;False;False;True;;ok;15781.097547667685;15415.673513579372;15415.673513579372;15352.54791452043;563;15352.54791452043;4727.9902;365.4240340883134;Evaluated;10.0743;0.6245;64;True;2;duplicate_for_same_parent_sequence
85;2;48;2;diversification;5;f74b8e6a7bcc;move;;;56;4;;;;;;;;;;True;False;False;True;;ok;16345.270352749265;15415.673513579372;15415.673513579372;15352.54791452043;564;15352.54791452043;4738.4126;929.5968391698934;Evaluated;9.7791;0.6407;64;True;2;duplicate_for_same_parent_sequence
85;2;48;3;diversification;5;f74b8e6a7bcc;swap;35;42;;;;;;;;;;;;True;False;False;False;;ok;15415.673513579372;15415.673513579372;15415.673513579372;15352.54791452043;565;15352.54791452043;4744.7436;0.0;Evaluated;5.7009;0.6265;64;True;1;
85;2;48;4;diversification;5;f74b8e6a7bcc;move;;;60;48;;;;;;;;;;True;False;False;True;;ok;15709.807748416457;15415.673513579372;15415.673513579372;15352.54791452043;566;15352.54791452043;4754.9939;294.1342348370854;Evaluated;9.5972;0.6499;64;True;2;duplicate_for_same_parent_sequence
85;2;48;5;diversification;5;f74b8e6a7bcc;move;;;35;10;;;;;;;;;;True;False;False;True;;ok;16564.639418795352;15415.673513579372;15415.673513579372;15352.54791452043;567;15352.54791452043;4764.8899;1148.9659052159805;Evaluated;9.267;0.6259;64;True;2;duplicate_for_same_parent_sequence
85;2;48;6;diversification;5;f74b8e6a7bcc;move;;;45;20;;;;;;;;;;True;False;False;True;;ok;15753.186621721836;15415.673513579372;15415.673513579372;15352.54791452043;568;15352.54791452043;4771.2856;337.51310814246426;Evaluated;5.7554;0.6395;64;True;1;
85;2;48;7;diversification;5;f74b8e6a7bcc;move;;;25;10;;;;;;;;;;True;False;False;True;;ok;16669.837763075644;15415.673513579372;15415.673513579372;15352.54791452043;569;15352.54791452043;4777.6436;1254.1642494962725;Evaluated;5.7199;0.6349;64;True;1;
85;2;48;8;diversification;5;f74b8e6a7bcc;move;;;20;10;;;;;;;;;;True;False;False;True;;ok;16176.426970424116;15415.673513579372;15415.673513579372;15352.54791452043;570;15352.54791452043;4783.9007;760.7534568447445;Evaluated;5.6268;0.6271;64;True;1;
85;2;48;9;diversification;5;f74b8e6a7bcc;move;;;27;35;;;;;;;;;;True;False;False;False;;ok;16192.355770072756;15415.673513579372;15415.673513579372;15352.54791452043;571;15352.54791452043;4790.2671;776.6822564933846;Evaluated;5.7236;0.6397;64;True;1;
85;2;48;10;diversification;5;f74b8e6a7bcc;swap;50;51;;;;;;;;;;;;True;False;False;False;;ok;15428.300202498725;15415.673513579372;15415.673513579372;15352.54791452043;572;15352.54791452043;4800.5174;12.62668891935391;Evaluated;9.612;0.6349;64;True;2;duplicate_for_same_parent_sequence
85;2;48;;diversification;6;;;;;;;;;;;;;;;;;;;;;End-of-iteration summary row;;;15415.673513579372;15352.54791452043;572;15352.54791452043;4800.5207;;IterationSummary;;;;;;
86;2;49;1;diversification;6;f74b8e6a7bcc;move;;;50;12;;;;;;;;;;True;False;False;True;;ok;15426.43953474877;15415.673513579372;15415.673513579372;15352.54791452043;573;15352.54791452043;4807.3621;10.7660211693983;Evaluated;6.1932;0.6346;64;True;1;
86;2;49;2;diversification;6;f74b8e6a7bcc;reinsert_block;;;;;;;20;25;35;;;;;True;False;False;True;;ok;16425.388777340824;15415.673513579372;15415.673513579372;15352.54791452043;574;15352.54791452043;4814.5834;1009.7152637614527;Evaluated;6.5735;0.645;64;True;1;
86;2;49;3;diversification;6;f74b8e6a7bcc;swap;36;41;;;;;;;;;;;;True;False;False;False;;ok;15880.369943947242;15415.673513579372;15415.673513579372;15352.54791452043;575;15352.54791452043;4825.3203;464.69643036787056;Evaluated;10.0999;0.6341;64;True;2;duplicate_for_same_parent_sequence
86;2;49;4;diversification;6;f74b8e6a7bcc;move;;;49;30;;;;;;;;;;True;False;False;True;;ok;16121.145417266844;15415.673513579372;15415.673513579372;15352.54791452043;576;15352.54791452043;4834.8893;705.4719036874721;Evaluated;8.9161;0.6498;64;True;2;duplicate_for_same_parent_sequence
86;2;49;5;diversification;6;f74b8e6a7bcc;move;;;27;10;;;;;;;;;;True;False;False;True;;ok;17220.50537537181;15415.673513579372;15415.673513579372;15352.54791452043;577;15352.54791452043;4841.3348;1804.8318617924378;Evaluated;5.7989;0.6438;64;True;1;
86;2;49;6;diversification;6;f74b8e6a7bcc;move;;;40;35;;;;;;;;;;True;False;False;False;;ok;15872.814522081144;15415.673513579372;15415.673513579372;15352.54791452043;578;15352.54791452043;4847.7435;457.1410085017724;Evaluated;5.7737;0.6344;64;True;1;
86;2;49;7;diversification;6;f74b8e6a7bcc;move;;;40;25;;;;;;;;;;True;False;False;True;;ok;15608.621254429467;15415.673513579372;15415.673513579372;15352.54791452043;579;15352.54791452043;4854.0182;192.94774085009522;Evaluated;5.6421;0.6317;64;True;1;
86;2;49;8;diversification;6;f74b8e6a7bcc;move;;;25;18;;;;;;;;;;True;False;False;False;;ok;16554.442767698052;15415.673513579372;15415.673513579372;15352.54791452043;580;15352.54791452043;4860.1411;1138.7692541186807;Evaluated;5.4834;0.6353;64;True;1;
86;2;49;9;diversification;6;f74b8e6a7bcc;move;;;40;15;;;;;;;;;;True;False;False;True;;ok;15814.429707998497;15415.673513579372;15415.673513579372;15352.54791452043;581;15352.54791452043;4870.1995;398.7561944191257;Evaluated;9.4305;0.625;64;True;2;duplicate_for_same_parent_sequence
86;2;49;10;diversification;6;f74b8e6a7bcc;move;;;45;50;;;;;;;;;;True;False;False;False;;ok;15620.308994066987;15415.673513579372;15415.673513579372;15352.54791452043;582;15352.54791452043;4876.9451;204.6354804876155;Evaluated;6.1015;0.6417;64;True;1;
86;2;49;;diversification;7;;;;;;;;;;;;;;;;;;;;;End-of-iteration summary row;;;15415.673513579372;15352.54791452043;582;15352.54791452043;4876.9482;;IterationSummary;;;;;;
87;2;50;1;diversification;7;f74b8e6a7bcc;move;;;20;35;;;;;;;;;;True;False;False;True;;ok;15773.373317178062;15415.673513579372;15415.673513579372;15352.54791452043;583;15352.54791452043;4887.4661;357.6998035986908;Evaluated;9.8696;0.636;64;True;2;duplicate_for_same_parent_sequence
87;2;50;2;diversification;7;f74b8e6a7bcc;reinsert_block;;;;;;;18;25;30;;;;;True;False;False;False;;ok;16745.344709719953;15415.673513579372;15415.673513579372;15352.54791452043;584;15352.54791452043;4894.2325;1329.6711961405817;Evaluated;6.1225;0.6408;64;True;1;
87;2;50;3;diversification;7;f74b8e6a7bcc;swap;35;42;;;;;;;;;;;;False;True;True;;;ok;;15415.673513579372;15415.673513579372;15352.54791452043;584;15352.54791452043;4907.8127;;DuplicateForSameParentSequenceAfterRetries;13.5776;;;;3;duplicate_for_same_parent_sequence
87;2;50;4;diversification;7;f74b8e6a7bcc;move;;;48;35;;;;;;;;;;True;False;False;True;;ok;16038.834920749714;15415.673513579372;15415.673513579372;15352.54791452043;585;15352.54791452043;4917.8826;623.1614071703425;Evaluated;9.4277;0.6412;64;True;2;duplicate_for_same_parent_sequence
87;2;50;5;diversification;7;f74b8e6a7bcc;move;;;35;45;;;;;;;;;;True;False;False;True;;ok;15864.131251130992;15415.673513579372;15415.673513579372;15352.54791452043;586;15352.54791452043;4928.3234;448.4577375516201;Evaluated;9.7953;0.6421;64;True;2;duplicate_for_same_parent_sequence
87;2;50;6;diversification;7;f74b8e6a7bcc;move;;;18;4;;;;;;;;;;True;False;False;True;;ok;16244.04447060694;15415.673513579372;15415.673513579372;15352.54791452043;587;15352.54791452043;4938.334;828.3709570275678;Evaluated;9.3637;0.6441;64;True;2;duplicate_for_same_parent_sequence
87;2;50;7;diversification;7;f74b8e6a7bcc;swap;30;35;;;;;;;;;;;;True;False;False;False;;ok;15868.281563345803;15415.673513579372;15415.673513579372;15352.54791452043;588;15352.54791452043;4948.5054;452.6080497664316;Evaluated;9.5428;0.6259;64;True;2;duplicate_for_same_parent_sequence
87;2;50;8;diversification;7;f74b8e6a7bcc;move;;;35;20;;;;;;;;;;True;False;False;True;;ok;15560.763077004976;15415.673513579372;15415.673513579372;15352.54791452043;589;15352.54791452043;4958.4606;145.08956342560487;Evaluated;9.3094;0.6439;64;True;2;duplicate_for_same_parent_sequence
87;2;50;9;diversification;7;f74b8e6a7bcc;move;;;35;40;;;;;;;;;;True;False;False;False;;ok;15460.129572718613;15415.673513579372;15415.673513579372;15352.54791452043;590;15352.54791452043;4968.851;44.456059139241916;Evaluated;9.7645;0.6251;64;True;2;duplicate_for_same_parent_sequence
87;2;50;10;diversification;7;f74b8e6a7bcc;swap;45;60;;;;;;;;;;;;True;False;False;True;;ok;15428.740082311078;15415.673513579372;15415.673513579372;15352.54791452043;591;15352.54791452043;4975.2088;13.066568731706866;Evaluated;5.7199;0.6346;64;True;1;
87;2;50;;diversification;8;;;;;;;;;;;;;;;;;;;;;End-of-iteration summary row;;;15415.673513579372;15352.54791452043;591;15352.54791452043;4975.2099;;IterationSummary;;;;;;
88;2;51;1;diversification;8;f74b8e6a7bcc;move;;;25;4;;;;;;;;;;True;False;False;True;;ok;16806.30042256919;15415.673513579372;15415.673513579372;15352.54791452043;592;15352.54791452043;4985.7874;1390.6269089898196;Evaluated;9.9401;0.6306;64;True;2;duplicate_for_same_parent_sequence
88;2;51;2;diversification;8;f74b8e6a7bcc;reinsert_block;;;;;;;20;25;16;;;;;True;False;False;False;;ok;17474.517877371538;15415.673513579372;15415.673513579372;15352.54791452043;593;15352.54791452043;4992.5678;2058.8443637921664;Evaluated;6.1411;0.6372;64;True;1;
88;2;51;3;diversification;8;f74b8e6a7bcc;swap;40;52;;;;;;;;;;;;True;False;False;True;;ok;15670.792017762866;15415.673513579372;15415.673513579372;15352.54791452043;594;15352.54791452043;4998.9422;255.11850418349422;Evaluated;5.7348;0.6367;64;True;1;
88;2;51;4;diversification;8;f74b8e6a7bcc;move;;;50;25;;;;;;;;;;False;True;True;;;ok;;15415.673513579372;15415.673513579372;15352.54791452043;594;15352.54791452043;5012.3061;;DuplicateForSameParentSequenceAfterRetries;13.3606;;;;3;duplicate_for_same_parent_sequence
88;2;51;5;diversification;8;f74b8e6a7bcc;move;;;15;30;;;;;;;;;;True;False;False;True;;ok;15899.4291938575;15415.673513579372;15415.673513579372;15352.54791452043;595;15352.54791452043;5022.1654;483.75568027812915;Evaluated;9.2148;0.6435;64;True;2;duplicate_for_same_parent_sequence
88;2;51;6;diversification;8;f74b8e6a7bcc;swap;48;61;;;;;;;;;;;;True;False;False;True;;ok;16592.186727642867;15415.673513579372;15415.673513579372;15352.54791452043;596;15352.54791452043;5032.2184;1176.513214063496;Evaluated;9.4168;0.6346;64;True;2;duplicate_for_same_parent_sequence
88;2;51;7;diversification;8;f74b8e6a7bcc;move;;;30;15;;;;;;;;;;True;False;False;True;;ok;15413.581582358718;15415.673513579372;15415.673513579372;15352.54791452043;597;15352.54791452043;5046.6192;-2.0919312206533505;Evaluated;13.775;0.6251;64;True;3;duplicate_for_same_parent_sequence
88;2;51;8;diversification;8;f74b8e6a7bcc;move;;;15;20;;;;;;;;;;True;False;False;False;;ok;15746.23923056319;15415.673513579372;15415.673513579372;15352.54791452043;598;15352.54791452043;5052.9412;330.56571698381777;Evaluated;5.6941;0.6245;64;True;1;
88;2;51;9;diversification;8;f74b8e6a7bcc;move;;;25;30;;;;;;;;;;True;False;False;False;;ok;16254.570488981992;15415.673513579372;15415.673513579372;15352.54791452043;599;15352.54791452043;5059.2189;838.8969754026202;Evaluated;5.6496;0.6256;64;True;1;
88;2;51;10;diversification;8;f74b8e6a7bcc;swap;41;50;;;;;;;;;;;;True;False;False;False;;ok;15415.673513579372;15415.673513579372;15415.673513579372;15352.54791452043;600;15352.54791452043;5069.2129;0.0;Evaluated;9.3616;0.6296;64;True;2;duplicate_for_same_parent_sequence
88;2;51;;diversification;0;;;;;;;;;;;;;;;;;;;;;End-of-iteration summary row;;;15413.581582358718;15352.54791452043;600;15352.54791452043;5069.2275;;IterationSummary;;;;;;
89;2;52;1;normal;0;99a5ed11187c;move;;;10;5;;;;;;;;;;True;False;False;False;;ok;15492.754845063608;15413.581582358718;15413.581582358718;15352.54791452043;601;15352.54791452043;5076.0696;79.17326270488957;Evaluated;6.2061;0.6261;64;True;1;
89;2;52;2;normal;0;99a5ed11187c;swap;16;20;;;;;;;;;;;;True;False;False;False;;ok;16591.58872863166;15413.581582358718;15413.581582358718;15352.54791452043;602;15352.54791452043;5082.3659;1178.007146272943;Evaluated;5.6394;0.6553;64;True;1;
89;2;52;3;normal;0;99a5ed11187c;reinsert_block;;;;;;;35;40;28;;;;;True;False;False;False;;ok;16206.75910020939;15413.581582358718;15413.581582358718;15352.54791452043;603;15352.54791452043;5089.1432;793.1775178506723;Evaluated;6.1335;0.6412;64;True;1;
89;2;52;4;normal;0;99a5ed11187c;move;;;50;28;;;;;;;;;;True;False;False;True;;ok;15432.762287105686;15413.581582358718;15413.581582358718;15352.54791452043;604;15352.54791452043;5095.3752;19.18070474696833;Evaluated;5.5987;0.6325;64;True;1;
89;2;52;5;normal;0;99a5ed11187c;move;;;48;32;;;;;;;;;;True;False;False;True;;ok;16993.44206483415;15413.581582358718;15413.581582358718;15352.54791452043;605;15352.54791452043;5101.6384;1579.860482475433;Evaluated;5.6306;0.6308;64;True;1;
89;2;52;;normal;1;;;;;;;;;;;;;;;;;;;;;End-of-iteration summary row;;;15413.581582358718;15352.54791452043;605;15352.54791452043;5101.6396;;IterationSummary;;;;;;
90;2;53;1;normal;1;99a5ed11187c;move;;;8;3;;;;;;;;;;True;False;False;False;;ok;16347.853273725828;15413.581582358718;15413.581582358718;15352.54791452043;606;15352.54791452043;5112.3261;934.2716913671102;Evaluated;10.0348;0.6414;64;True;2;duplicate_for_same_parent_sequence
90;2;53;2;normal;1;99a5ed11187c;swap;20;25;;;;;;;;;;;;True;False;False;False;;ok;16677.842896217833;15413.581582358718;15413.581582358718;15352.54791452043;607;15352.54791452043;5118.5557;1264.261313859115;Evaluated;5.5912;0.6358;64;True;1;
90;2;53;3;normal;1;99a5ed11187c;move;;;16;25;;;;;;;;;;True;False;False;False;;ok;15923.369247633385;15413.581582358718;15413.581582358718;15352.54791452043;608;15352.54791452043;5129.1378;509.78766527466723;Evaluated;9.9532;0.6266;64;True;2;duplicate_for_same_parent_sequence
90;2;53;4;normal;1;99a5ed11187c;move;;;56;40;;;;;;;;;;True;False;False;True;;ok;15809.31725836452;15413.581582358718;15413.581582358718;15352.54791452043;609;15352.54791452043;5135.4893;395.735676005801;Evaluated;5.7197;0.6288;64;True;1;
90;2;53;5;normal;1;99a5ed11187c;move;;;30;15;;;;;;;;;;True;False;False;True;;ok;16969.277562015566;15413.581582358718;15413.581582358718;15352.54791452043;610;15352.54791452043;5145.4373;1555.695979656848;Evaluated;9.3006;0.6443;64;True;2;duplicate_for_same_parent_sequence
90;2;53;;normal;2;;;;;;;;;;;;;;;;;;;;;End-of-iteration summary row;;;15413.581582358718;15352.54791452043;610;15352.54791452043;5145.4407;;IterationSummary;;;;;;
91;2;54;1;normal;2;99a5ed11187c;move;;;3;8;;;;;;;;;;True;False;False;False;;ok;16554.49676725012;15413.581582358718;15413.581582358718;15352.54791452043;611;15352.54791452043;5155.8031;1140.9151848914007;Evaluated;9.7132;0.6351;64;True;2;duplicate_for_same_parent_sequence
91;2;54;2;normal;2;99a5ed11187c;swap;18;24;;;;;;;;;;;;True;False;False;False;;ok;16604.16329427993;15413.581582358718;15413.581582358718;15352.54791452043;612;15352.54791452043;5165.858;1190.5817119212115;Evaluated;9.4195;0.6325;64;True;2;duplicate_for_same_parent_sequence
91;2;54;3;normal;2;99a5ed11187c;move;;;16;20;;;;;;;;;;True;False;False;False;;ok;15904.409978887514;15413.581582358718;15413.581582358718;15352.54791452043;613;15352.54791452043;5176.6512;490.82839652879557;Evaluated;10.1661;0.6242;64;True;2;duplicate_for_same_parent_sequence
91;2;54;4;normal;2;99a5ed11187c;move;;;50;32;;;;;;;;;;True;False;False;True;;ok;15432.345840688533;15413.581582358718;15413.581582358718;15352.54791452043;614;15352.54791452043;5182.904;18.764258329814766;Evaluated;5.6213;0.6281;64;True;1;
91;2;54;5;normal;2;99a5ed11187c;move;;;43;20;;;;;;;;;;True;False;False;True;;ok;16586.00580462826;15413.581582358718;15413.581582358718;15352.54791452043;615;15352.54791452043;5189.1335;1172.424222269543;Evaluated;5.5997;0.627;64;True;1;
91;2;54;;normal;3;;;;;;;;;;;;;;;;;;;;;End-of-iteration summary row;;;15413.581582358718;15352.54791452043;615;15352.54791452043;5189.1366;;IterationSummary;;;;;;
92;2;55;1;diversification;3;99a5ed11187c;move;;;30;2;;;;;;;;;;True;False;False;True;;ok;15962.470747879028;15413.581582358718;15413.581582358718;15352.54791452043;616;15352.54791452043;5199.9227;548.8891655203097;Evaluated;10.1161;0.6558;64;True;2;duplicate_for_same_parent_sequence
92;2;55;2;diversification;3;99a5ed11187c;reinsert_block;;;;;;;20;25;16;;;;;True;False;False;False;;ok;17397.820923327705;15413.581582358718;15413.581582358718;15352.54791452043;617;15352.54791452043;5206.6036;1984.2393409689867;Evaluated;6.0375;0.6396;64;True;1;
92;2;55;3;diversification;3;99a5ed11187c;swap;40;50;;;;;;;;;;;;True;False;False;False;;ok;15530.976053009832;15413.581582358718;15413.581582358718;15352.54791452043;618;15352.54791452043;5212.9263;117.3944706511138;Evaluated;5.6928;0.6262;64;True;1;
92;2;55;4;diversification;3;99a5ed11187c;move;;;50;12;;;;;;;;;;True;False;False;True;;ok;15490.41647808297;15413.581582358718;15413.581582358718;15352.54791452043;619;15352.54791452043;5219.2967;76.83489572425242;Evaluated;5.731;0.6361;64;True;1;
92;2;55;5;diversification;3;99a5ed11187c;move;;;25;10;;;;;;;;;;True;False;False;True;;ok;17052.63708515838;15413.581582358718;15413.581582358718;15352.54791452043;620;15352.54791452043;5225.762;1639.0555027996634;Evaluated;5.8323;0.6296;64;True;1;
92;2;55;6;diversification;3;99a5ed11187c;move;;;45;32;;;;;;;;;;True;False;False;True;;ok;15691.182582128533;15413.581582358718;15413.581582358718;15352.54791452043;621;15352.54791452043;5232.0982;277.60099976981473;Evaluated;5.6887;0.6445;64;True;1;
92;2;55;7;diversification;3;99a5ed11187c;move;;;45;30;;;;;;;;;;True;False;False;True;;ok;15816.28000296096;15413.581582358718;15413.581582358718;15352.54791452043;622;15352.54791452043;5238.3547;402.69842060224255;Evaluated;5.6201;0.6332;64;True;1;
92;2;55;8;diversification;3;99a5ed11187c;move;;;18;25;;;;;;;;;;True;False;False;False;;ok;16246.747489645792;15413.581582358718;15413.581582358718;15352.54791452043;623;15352.54791452043;5244.6974;833.1659072870734;Evaluated;5.7082;0.6313;64;True;1;
92;2;55;9;diversification;3;99a5ed11187c;move;;;25;30;;;;;;;;;;True;False;False;False;;ok;16360.22716684938;15413.581582358718;15413.581582358718;15352.54791452043;624;15352.54791452043;5251.0313;946.6455844906613;Evaluated;5.7082;0.6226;64;True;1;
92;2;55;10;diversification;3;99a5ed11187c;move;;;45;50;;;;;;;;;;True;False;False;False;;ok;15633.483756866914;15413.581582358718;15413.581582358718;15352.54791452043;625;15352.54791452043;5257.6669;219.90217450819546;Evaluated;6.006;0.6289;64;True;1;
92;2;55;;diversification;4;;;;;;;;;;;;;;;;;;;;;End-of-iteration summary row;;;15413.581582358718;15352.54791452043;625;15352.54791452043;5257.6701;;IterationSummary;;;;;;
93;2;56;1;diversification;4;99a5ed11187c;move;;;15;3;;;;;;;;;;True;False;False;True;;ok;16347.064573291802;15413.581582358718;15413.581582358718;15352.54791452043;626;15352.54791452043;5272.136;933.4829909330838;Evaluated;13.8029;0.6538;64;True;3;duplicate_for_same_parent_sequence
93;2;56;2;diversification;4;99a5ed11187c;move;;;35;20;;;;;;;;;;True;False;False;True;;ok;15934.993369437003;15413.581582358718;15413.581582358718;15352.54791452043;627;15352.54791452043;5282.384;521.4117870782848;Evaluated;9.6195;0.6279;64;True;2;duplicate_for_same_parent_sequence
93;2;56;3;diversification;4;99a5ed11187c;swap;35;42;;;;;;;;;;;;True;False;False;False;;ok;15413.581582358718;15413.581582358718;15413.581582358718;15352.54791452043;628;15352.54791452043;5288.9907;0.0;Evaluated;5.9673;0.6361;64;True;1;
93;2;56;4;diversification;4;99a5ed11187c;move;;;50;16;;;;;;;;;;True;False;False;True;;ok;16483.227561739986;15413.581582358718;15413.581582358718;15352.54791452043;629;15352.54791452043;5302.9731;1069.6459793812683;Evaluated;13.338;0.6416;64;True;3;duplicate_for_same_parent_sequence
93;2;56;5;diversification;4;99a5ed11187c;move;;;35;4;;;;;;;;;;True;False;False;True;;ok;16700.722440194837;15413.581582358718;15413.581582358718;15352.54791452043;630;15352.54791452043;5313.3057;1287.1408578361188;Evaluated;9.6901;0.6399;64;True;2;duplicate_for_same_parent_sequence
93;2;56;6;diversification;4;99a5ed11187c;move;;;10;5;;;;;;;;;;False;True;False;;;ok;;15413.581582358718;15413.581582358718;15352.54791452043;630;15352.54791452043;5326.6573;;DuplicateForSameParentSequenceAfterRetries;13.349;;;;3;duplicate_for_same_parent_sequence
93;2;56;7;diversification;4;99a5ed11187c;move;;;20;16;;;;;;;;;;True;False;False;False;;ok;16594.47804120486;15413.581582358718;15413.581582358718;15352.54791452043;631;15352.54791452043;5332.8667;1180.8964588461422;Evaluated;5.5594;0.6489;64;True;1;
93;2;56;8;diversification;4;99a5ed11187c;move;;;20;15;;;;;;;;;;True;False;False;False;;ok;16602.191547223163;15413.581582358718;15413.581582358718;15352.54791452043;632;15352.54791452043;5339.2175;1188.609964864445;Evaluated;5.7241;0.6233;64;True;1;
93;2;56;9;diversification;4;99a5ed11187c;move;;;35;10;;;;;;;;;;True;False;False;True;;ok;16794.72760799322;15413.581582358718;15413.581582358718;15352.54791452043;633;15352.54791452043;5345.5156;1381.1460256345017;Evaluated;5.6429;0.6524;64;True;1;
93;2;56;10;diversification;4;99a5ed11187c;move;;;48;30;;;;;;;;;;True;False;False;True;;ok;17003.2898441582;15413.581582358718;15413.581582358718;15352.54791452043;634;15352.54791452043;5355.598;1589.708261799482;Evaluated;9.4403;0.6414;64;True;2;duplicate_for_same_parent_sequence
93;2;56;;diversification;5;;;;;;;;;;;;;;;;;;;;;End-of-iteration summary row;;;15413.581582358718;15352.54791452043;634;15352.54791452043;5355.6008;;IterationSummary;;;;;;
94;2;57;1;diversification;5;99a5ed11187c;move;;;40;12;;;;;;;;;;True;False;False;True;;ok;16263.49448036361;15413.581582358718;15413.581582358718;15352.54791452043;635;15352.54791452043;5362.4358;849.9128980048918;Evaluated;6.1662;0.6516;64;True;1;
94;2;57;2;diversification;5;99a5ed11187c;reinsert_block;;;;;;;20;27;16;;;;;True;False;False;False;;ok;16967.63663396357;15413.581582358718;15413.581582358718;15352.54791452043;636;15352.54791452043;5369.1422;1554.0550516048534;Evaluated;6.0636;0.6396;64;True;1;
94;2;57;3;diversification;5;99a5ed11187c;swap;32;47;;;;;;;;;;;;True;False;False;True;;ok;16493.98194033554;15413.581582358718;15413.581582358718;15352.54791452043;637;15352.54791452043;5375.4575;1080.4003579768214;Evaluated;5.6848;0.6279;64;True;1;
94;2;57;4;diversification;5;99a5ed11187c;move;;;49;30;;;;;;;;;;True;False;False;True;;ok;16121.167783107343;15413.581582358718;15413.581582358718;15352.54791452043;638;15352.54791452043;5385.2607;707.5862007486248;Evaluated;9.1562;0.644;64;True;2;duplicate_for_same_parent_sequence
94;2;57;5;diversification;5;99a5ed11187c;move;;;30;18;;;;;;;;;;True;False;False;True;;ok;17097.93900815771;15413.581582358718;15413.581582358718;15352.54791452043;639;15352.54791452043;5395.2273;1684.357425798993;Evaluated;9.3288;0.6369;64;True;2;duplicate_for_same_parent_sequence
94;2;57;6;diversification;5;99a5ed11187c;reinsert_block;;;;;;;32;40;16;;;;;True;False;False;True;;ok;16452.26700471515;15413.581582358718;15413.581582358718;15352.54791452043;640;15352.54791452043;5402.0182;1038.6854223564333;Evaluated;6.1604;0.6273;64;True;1;
94;2;57;7;diversification;5;99a5ed11187c;move;;;30;20;;;;;;;;;;True;False;False;True;;ok;16219.87018295128;15413.581582358718;15413.581582358718;15352.54791452043;641;15352.54791452043;5412.0158;806.2886005925611;Evaluated;9.365;0.632;64;True;2;duplicate_for_same_parent_sequence
94;2;57;8;diversification;5;99a5ed11187c;move;;;35;28;;;;;;;;;;True;False;False;False;;ok;15814.63176751617;15413.581582358718;15413.581582358718;15352.54791452043;642;15352.54791452043;5421.8793;401.0501851574518;Evaluated;9.2353;0.6254;64;True;2;duplicate_for_same_parent_sequence
94;2;57;9;diversification;5;99a5ed11187c;move;;;40;25;;;;;;;;;;True;False;False;True;;ok;15815.678396975247;15413.581582358718;15413.581582358718;15352.54791452043;643;15352.54791452043;5428.2746;402.0968146165287;Evaluated;5.7547;0.6373;64;True;1;
94;2;57;10;diversification;5;99a5ed11187c;move;;;50;25;;;;;;;;;;True;False;False;True;;ok;15508.292430308615;15413.581582358718;15413.581582358718;15352.54791452043;644;15352.54791452043;5434.6079;94.71084794989656;Evaluated;5.7052;0.6254;64;True;1;
94;2;57;;diversification;6;;;;;;;;;;;;;;;;;;;;;End-of-iteration summary row;;;15413.581582358718;15352.54791452043;644;15352.54791452043;5434.6113;;IterationSummary;;;;;;
95;2;58;1;diversification;6;99a5ed11187c;move;;;15;10;;;;;;;;;;True;False;False;False;;ok;15412.293292582975;15413.581582358718;15413.581582358718;15352.54791452043;645;15352.54791452043;5449.1021;-1.288289775742669;EvaluatedImprovementDespiteDiversificationMismatch;13.8432;0.6335;64;True;3;duplicate_for_same_parent_sequence
95;2;58;2;diversification;6;99a5ed11187c;reinsert_block;;;;;;;16;27;32;;;;;True;False;False;False;;ok;17406.444946763284;15413.581582358718;15413.581582358718;15352.54791452043;646;15352.54791452043;5455.6445;1992.8633644045658;Evaluated;5.8668;0.6727;64;True;1;
95;2;58;3;diversification;6;99a5ed11187c;swap;35;40;;;;;;;;;;;;True;False;False;False;;ok;15533.109515868911;15413.581582358718;15413.581582358718;15352.54791452043;647;15352.54791452043;5466.145;119.52793351019318;Evaluated;9.8532;0.6442;64;True;2;duplicate_for_same_parent_sequence
95;2;58;4;diversification;6;99a5ed11187c;move;;;56;12;;;;;;;;;;True;False;False;True;;ok;16799.207153952037;15413.581582358718;15413.581582358718;15352.54791452043;648;15352.54791452043;5479.9902;1385.6255715933185;Evaluated;13.197;0.6455;64;True;3;duplicate_for_same_parent_sequence
95;2;58;5;diversification;6;99a5ed11187c;move;;;18;30;;;;;;;;;;True;False;False;True;;ok;16173.682872335325;15413.581582358718;15413.581582358718;15352.54791452043;649;15352.54791452043;5486.3691;760.1012899766065;Evaluated;5.7525;0.6239;64;True;1;
95;2;58;6;diversification;6;99a5ed11187c;move;;;50;15;;;;;;;;;;True;False;False;True;;ok;16483.227561739986;15413.581582358718;15413.581582358718;15352.54791452043;650;15352.54791452043;5500.6339;1069.6459793812683;Evaluated;13.6148;0.6467;64;True;3;duplicate_for_same_parent_sequence
95;2;58;7;diversification;6;99a5ed11187c;move;;;45;18;;;;;;;;;;True;False;False;True;;ok;16028.809588688759;15413.581582358718;15413.581582358718;15352.54791452043;651;15352.54791452043;5510.3966;615.2280063300404;Evaluated;9.1274;0.6315;64;True;2;duplicate_for_same_parent_sequence
95;2;58;8;diversification;6;99a5ed11187c;move;;;35;18;;;;;;;;;;True;False;False;True;;ok;15902.665986749773;15413.581582358718;15413.581582358718;15352.54791452043;652;15352.54791452043;5520.374;489.0844043910547;Evaluated;9.3344;0.64;64;True;2;duplicate_for_same_parent_sequence
95;2;58;9;diversification;6;99a5ed11187c;move;;;35;15;;;;;;;;;;True;False;False;True;;ok;16633.25605391846;15413.581582358718;15413.581582358718;15352.54791452043;653;15352.54791452043;5530.4351;1219.6744715597415;Evaluated;9.4284;0.6299;64;True;2;duplicate_for_same_parent_sequence
95;2;58;10;diversification;6;99a5ed11187c;move;;;45;28;;;;;;;;;;True;False;False;True;;ok;15946.400199232743;15413.581582358718;15413.581582358718;15352.54791452043;654;15352.54791452043;5536.788;532.8186168740249;Evaluated;5.7186;0.6312;64;True;1;
95;2;58;;diversification;0;;;;;;;;;;;;;;;;;;;;;End-of-iteration summary row;;;15412.293292582975;15352.54791452043;654;15352.54791452043;5536.8058;;IterationSummary;;;;;;
96;2;59;1;normal;0;bd88df59d5a8;move;;;10;5;;;;;;;;;;True;False;False;False;;ok;15424.040819073529;15412.293292582975;15412.293292582975;15352.54791452043;655;15352.54791452043;5543.6985;11.747526490553355;Evaluated;6.2604;0.6236;64;True;1;
96;2;59;2;normal;0;bd88df59d5a8;swap;17;20;;;;;;;;;;;;True;False;False;False;;ok;16043.086122848985;15412.293292582975;15412.293292582975;15352.54791452043;656;15352.54791452043;5549.9541;630.7928302660093;Evaluated;5.629;0.623;64;True;1;
96;2;59;3;normal;0;bd88df59d5a8;reinsert_block;;;;;;;32;40;50;;;;;True;False;False;True;;ok;16748.214258922093;15412.293292582975;15412.293292582975;15352.54791452043;657;15352.54791452043;5556.6075;1335.9209663391175;Evaluated;6.024;0.6287;64;True;1;
96;2;59;4;normal;0;bd88df59d5a8;move;;;50;18;;;;;;;;;;True;False;False;True;;ok;15517.497793699205;15412.293292582975;15412.293292582975;15352.54791452043;658;15352.54791452043;5562.9295;105.20450111622995;Evaluated;5.6907;0.6285;64;True;1;
96;2;59;5;normal;0;bd88df59d5a8;move;;;50;12;;;;;;;;;;True;False;False;True;;ok;15485.415390444452;15412.293292582975;15412.293292582975;15352.54791452043;659;15352.54791452043;5569.1885;73.1220978614765;Evaluated;5.6305;0.6255;64;True;1;
96;2;59;;normal;1;;;;;;;;;;;;;;;;;;;;;End-of-iteration summary row;;;15412.293292582975;15352.54791452043;659;15352.54791452043;5569.1911;;IterationSummary;;;;;;
97;2;60;1;normal;1;bd88df59d5a8;move;;;8;3;;;;;;;;;;True;False;False;False;;ok;16347.853273725828;15412.293292582975;15412.293292582975;15352.54791452043;660;15352.54791452043;5579.7991;935.5599811428528;Evaluated;9.9573;0.6386;64;True;2;duplicate_for_same_parent_sequence
97;2;60;2;normal;1;bd88df59d5a8;swap;23;24;;;;;;;;;;;;True;False;False;False;;ok;15410.04545429234;15412.293292582975;15412.293292582975;15352.54791452043;661;15352.54791452043;5586.0979;-2.2478382906356273;Evaluated;5.6697;0.6264;64;True;1;
97;2;60;3;normal;1;bd88df59d5a8;reinsert_block;;;;;;;35;40;28;;;;;True;False;False;False;;ok;16142.843595221879;15412.293292582975;15412.293292582975;15352.54791452043;662;15352.54791452043;5592.794;730.5503026389033;Evaluated;6.0551;0.6376;64;True;1;
97;2;60;4;normal;1;bd88df59d5a8;move;;;56;40;;;;;;;;;;True;False;False;True;;ok;15818.791099673668;15412.293292582975;15412.293292582975;15352.54791452043;663;15352.54791452043;5599.1324;406.49780709069273;Evaluated;5.7112;0.6237;64;True;1;
97;2;60;5;normal;1;bd88df59d5a8;move;;;28;15;;;;;;;;;;True;False;False;True;;ok;16665.81981565301;15412.293292582975;15412.293292582975;15352.54791452043;664;15352.54791452043;5605.6797;1253.5265230700334;Evaluated;5.9117;0.6348;64;True;1;
97;2;60;;normal;0;;;;;;;;;;;;;;;;;;;;;End-of-iteration summary row;;;15410.04545429234;15352.54791452043;664;15352.54791452043;5605.6969;;IterationSummary;;;;;;
98;2;61;1;normal;0;1d37802cf4cd;move;;;10;5;;;;;;;;;;True;False;False;False;;ok;15410.04545429234;15410.04545429234;15410.04545429234;15352.54791452043;665;15352.54791452043;5612.4967;0.0;Evaluated;6.1566;0.6343;64;True;1;
98;2;61;2;normal;0;1d37802cf4cd;swap;18;20;;;;;;;;;;;;True;False;False;False;;ok;16040.236494428533;15410.04545429234;15410.04545429234;15352.54791452043;666;15352.54791452043;5618.867;630.1910401361929;Evaluated;5.7165;0.652;64;True;1;
98;2;61;3;normal;0;1d37802cf4cd;reinsert_block;;;;;;;35;40;28;;;;;True;False;False;False;;ok;16146.778078583322;15410.04545429234;15410.04545429234;15352.54791452043;667;15352.54791452043;5625.5522;736.7326242909821;Evaluated;6.0583;0.624;64;True;1;
98;2;61;4;normal;0;1d37802cf4cd;move;;;57;40;;;;;;;;;;True;False;False;True;;ok;15600.350787991982;15410.04545429234;15410.04545429234;15352.54791452043;668;15352.54791452043;5631.7513;190.30533369964178;Evaluated;5.5615;0.6368;64;True;1;
98;2;61;5;normal;0;1d37802cf4cd;move;;;28;15;;;;;;;;;;True;False;False;True;;ok;16676.621059627014;15410.04545429234;15410.04545429234;15352.54791452043;669;15352.54791452043;5638.0909;1266.575605334674;Evaluated;5.6945;0.6419;64;True;1;
98;2;61;;normal;1;;;;;;;;;;;;;;;;;;;;;End-of-iteration summary row;;;15410.04545429234;15352.54791452043;669;15352.54791452043;5638.0943;;IterationSummary;;;;;;
99;2;62;1;normal;1;1d37802cf4cd;move;;;8;3;;;;;;;;;;True;False;False;False;;ok;16347.853273725828;15410.04545429234;15410.04545429234;15352.54791452043;670;15352.54791452043;5648.3849;937.8078194334885;Evaluated;9.641;0.6331;64;True;2;duplicate_for_same_parent_sequence
99;2;62;2;normal;1;1d37802cf4cd;swap;20;21;;;;;;;;;;;;True;False;False;False;;ok;16037.644249773575;15410.04545429234;15410.04545429234;15352.54791452043;671;15352.54791452043;5654.9587;627.5987954812354;Evaluated;5.9491;0.6239;64;True;1;
99;2;62;3;normal;1;1d37802cf4cd;move;;;35;15;;;;;;;;;;True;False;False;True;;ok;16234.641685922761;15410.04545429234;15410.04545429234;15352.54791452043;672;15352.54791452043;5665.4967;824.5962316304212;Evaluated;9.9008;0.6345;64;True;2;duplicate_for_same_parent_sequence
99;2;62;4;normal;1;1d37802cf4cd;move;;;50;32;;;;;;;;;;True;False;False;True;;ok;15430.315641321258;15410.04545429234;15410.04545429234;15352.54791452043;673;15352.54791452043;5671.7768;20.27018702891837;Evaluated;5.6475;0.6297;64;True;1;
99;2;62;5;normal;1;1d37802cf4cd;move;;;18;4;;;;;;;;;;True;False;False;True;;ok;16247.270111601338;15410.04545429234;15410.04545429234;15352.54791452043;674;15352.54791452043;5681.7378;837.2246573089978;Evaluated;9.3127;0.6451;64;True;2;duplicate_for_same_parent_sequence
99;2;62;;normal;2;;;;;;;;;;;;;;;;;;;;;End-of-iteration summary row;;;15410.04545429234;15352.54791452043;674;15352.54791452043;5681.7408;;IterationSummary;;;;;;
100;2;63;1;normal;2;1d37802cf4cd;move;;;10;7;;;;;;;;;;True;False;False;False;;ok;16753.998306366462;15410.04545429234;15410.04545429234;15352.54791452043;675;15352.54791452043;5695.6456;1343.9528520741223;Evaluated;13.2544;0.635;64;True;3;duplicate_for_same_parent_sequence
100;2;63;2;normal;2;1d37802cf4cd;swap;19;20;;;;;;;;;;;;True;False;False;False;;ok;16050.909049009057;15410.04545429234;15410.04545429234;15352.54791452043;676;15352.54791452043;5701.9437;640.8635947167168;Evaluated;5.6692;0.6259;64;True;1;
100;2;63;3;normal;2;1d37802cf4cd;move;;;37;19;;;;;;;;;;True;False;False;True;;ok;16599.20510102684;15410.04545429234;15410.04545429234;15352.54791452043;677;15352.54791452043;5712.3597;1189.1596467345007;Evaluated;9.7658;0.6468;64;True;2;duplicate_for_same_parent_sequence
100;2;63;4;normal;2;1d37802cf4cd;move;;;50;28;;;;;;;;;;True;False;False;True;;ok;15438.71502158242;15410.04545429234;15410.04545429234;15352.54791452043;678;15352.54791452043;5718.6784;28.669567290080522;Evaluated;5.6896;0.6261;64;True;1;
100;2;63;5;normal;2;1d37802cf4cd;move;;;18;25;;;;;;;;;;True;False;False;False;;ok;16050.909049009057;15410.04545429234;15410.04545429234;15352.54791452043;679;15352.54791452043;5724.9104;640.8635947167168;Evaluated;5.5871;0.6425;64;True;1;
100;2;63;;normal;3;;;;;;;;;;;;;;;;;;;;;End-of-iteration summary row;;;15410.04545429234;15352.54791452043;679;15352.54791452043;5724.9121;;IterationSummary;;;;;;
100;2;63;;;3;;;;;;;;;;;;;;;;;;;;;PartA | PartB | PartC | PartD | PartE | PartC | PartF | PartA | PartD | PartE | PartG | PartH | PartF | PartG | PartH | PartA | PartB | PartC | PartD | PartE | PartF | PartG | PartH | PartA | PartC | PartB | PartD | PartE | PartF | PartG | PartH | PartA | PartB | PartC | PartD | PartE | PartF | PartG | PartH | PartA | PartB | PartC | PartD | PartE | PartF | PartB | PartG | PartH | PartB | PartH | PartE | PartA | PartC | PartD | PartF | PartG | PartA | PartB | PartC | PartD | PartE | PartF | PartG | PartH;;;15410.04545429234;15352.54791452043;679;15352.54791452043;5724.9153;;FinalGlobalBestSequence;;;;;;
