iteration;restart_id;iteration_in_restart;candidate_in_iteration;search_mode;no_improvement_count_before_iteration;parent_sequence_signature;action;swap_i;swap_j;move_from;move_to;reverse_start;reverse_end;reinsert_block_start;reinsert_block_end;reinsert_block_to;swap_blocks_start1;swap_blocks_end1;swap_blocks_start2;swap_blocks_end2;valid;duplicate_for_same_parent_sequence;recently_rejected_for_same_parent_sequence;diversification_compatible;parse_error;validation_message;resulting_makespan;best_makespan_before;best_makespan_after;global_best_makespan_after;completed_simulations;actual_global_best_makespan;elapsed_optimization_time_sec;delta_vs_best_before;status;llm_time_sec;simulation_time_sec;exited_parts;completion_valid;llm_attempts;retry_reason
1;1;1;1;normal;0;0f63cf6f404e;move;;;7;2;;;;;;;;;;True;False;False;False;;ok;17730.749076565924;16625.423888583944;16625.423888583944;16625.423888583944;2;16625.423888583944;6.1817;1105.32518798198;Evaluated;5.4459;0.7264;64;True;1;
1;1;1;2;normal;0;0f63cf6f404e;swap;18;24;;;;;;;;;;;;True;False;False;False;;ok;17610.07502033686;16625.423888583944;16625.423888583944;16625.423888583944;3;16625.423888583944;12.1;984.6511317529148;Evaluated;5.2287;0.6865;64;True;1;
1;1;1;3;normal;0;0f63cf6f404e;reinsert_block;;;;;;;32;40;16;;;;;True;False;False;True;;ok;16292.2047037198;16625.423888583944;16625.423888583944;16625.423888583944;4;16625.423888583944;18.4473;-333.21918486414324;Evaluated;5.6889;0.6551;64;True;1;
1;1;1;4;normal;0;0f63cf6f404e;move;;;56;48;;;;;;;;;;True;False;False;False;;ok;16622.344647438564;16625.423888583944;16625.423888583944;16625.423888583944;5;16625.423888583944;24.4295;-3.079241145380365;Evaluated;5.3224;0.6573;64;True;1;
1;1;1;5;normal;0;0f63cf6f404e;move;;;15;30;;;;;;;;;;True;False;False;True;;ok;17547.101992361444;16625.423888583944;16625.423888583944;16625.423888583944;6;16625.423888583944;30.2238;921.6781037774999;Evaluated;5.1488;0.6425;64;True;1;
1;1;1;;normal;0;;;;;;;;;;;;;;;;;;;;;End-of-iteration summary row;;;16292.2047037198;16292.2047037198;6;16292.2047037198;30.241;;IterationSummary;;;;;;
2;1;2;1;normal;0;78ad6c7cf661;move;;;10;2;;;;;;;;;;True;False;False;False;;ok;18254.739311787594;16292.2047037198;16292.2047037198;16292.2047037198;7;16292.2047037198;36.6614;1962.5346080677937;Evaluated;5.7573;0.6558;64;True;1;
2;1;2;2;normal;0;78ad6c7cf661;swap;17;25;;;;;;;;;;;;True;False;False;False;;ok;16811.827834599906;16292.2047037198;16292.2047037198;16292.2047037198;8;16292.2047037198;42.9729;519.6231308801052;Evaluated;5.6505;0.6588;64;True;1;
2;1;2;3;normal;0;78ad6c7cf661;reinsert_block;;;;;;;35;41;20;;;;;True;False;False;True;;ok;17085.370213955146;16292.2047037198;16292.2047037198;16292.2047037198;9;16292.2047037198;49.591;793.1655102353452;Evaluated;5.9629;0.6527;64;True;1;
2;1;2;4;normal;0;78ad6c7cf661;move;;;56;48;;;;;;;;;;True;False;False;False;;ok;16289.687399107137;16292.2047037198;16292.2047037198;16292.2047037198;10;16292.2047037198;55.799;-2.517304612663793;Evaluated;5.5487;0.6565;64;True;1;
2;1;2;5;normal;0;78ad6c7cf661;move;;;50;40;;;;;;;;;;True;False;False;True;;ok;16176.0181533482;16292.2047037198;16292.2047037198;16292.2047037198;11;16292.2047037198;61.7507;-116.1865503716017;Evaluated;5.2936;0.6556;64;True;1;
2;1;2;;normal;0;;;;;;;;;;;;;;;;;;;;;End-of-iteration summary row;;;16176.0181533482;16176.0181533482;11;16176.0181533482;61.7581;;IterationSummary;;;;;;
3;1;3;1;normal;0;3d1822926b76;move;;;10;2;;;;;;;;;;True;False;False;False;;ok;18156.777450846483;16176.0181533482;16176.0181533482;16176.0181533482;12;16176.0181533482;68.2727;1980.7592974982836;Evaluated;5.8647;0.6415;64;True;1;
3;1;3;2;normal;0;3d1822926b76;swap;20;25;;;;;;;;;;;;True;False;False;False;;ok;16148.74169506048;16176.0181533482;16176.0181533482;16176.0181533482;13;16176.0181533482;74.6278;-27.276458287718924;Evaluated;5.6886;0.6639;64;True;1;
3;1;3;3;normal;0;3d1822926b76;reinsert_block;;;;;;;38;41;25;;;;;True;False;False;True;;ok;16851.100692878288;16176.0181533482;16176.0181533482;16176.0181533482;14;16176.0181533482;81.3166;675.082539530089;Evaluated;6.0302;0.6581;64;True;1;
3;1;3;4;normal;0;3d1822926b76;move;;;50;42;;;;;;;;;;True;False;False;False;;ok;16181.678354678328;16176.0181533482;16176.0181533482;16176.0181533482;15;16176.0181533482;87.5837;5.660201330128984;Evaluated;5.6086;0.6551;64;True;1;
3;1;3;5;normal;0;3d1822926b76;move;;;50;40;;;;;;;;;;True;False;False;True;;ok;16330.401878565379;16176.0181533482;16176.0181533482;16176.0181533482;16;16176.0181533482;93.7544;154.38372521717974;Evaluated;5.5137;0.6558;64;True;1;
3;1;3;;normal;0;;;;;;;;;;;;;;;;;;;;;End-of-iteration summary row;;;16148.74169506048;16148.74169506048;16;16148.74169506048;93.7753;;IterationSummary;;;;;;
4;1;4;1;normal;0;15bc2cfddb30;move;;;10;2;;;;;;;;;;True;False;False;False;;ok;17878.330101537962;16148.74169506048;16148.74169506048;16148.74169506048;17;16148.74169506048;100.5863;1729.5884064774818;Evaluated;6.1602;0.6447;64;True;1;
4;1;4;2;normal;0;15bc2cfddb30;swap;20;31;;;;;;;;;;;;True;False;False;False;;ok;17497.524236289784;16148.74169506048;16148.74169506048;16148.74169506048;18;16148.74169506048;107.0659;1348.7825412293041;Evaluated;5.8205;0.6561;64;True;1;
4;1;4;3;normal;0;15bc2cfddb30;reinsert_block;;;;;;;35;41;20;;;;;True;False;False;True;;ok;17097.039672902712;16148.74169506048;16148.74169506048;16148.74169506048;19;16148.74169506048;113.8038;948.2979778422323;Evaluated;6.0797;0.6556;64;True;1;
4;1;4;4;normal;0;15bc2cfddb30;move;;;50;48;;;;;;;;;;True;False;False;False;;ok;16159.600064945107;16148.74169506048;16148.74169506048;16148.74169506048;20;16148.74169506048;120.3958;10.858369884626882;Evaluated;5.9306;0.6573;64;True;1;
4;1;4;5;normal;0;15bc2cfddb30;move;;;54;10;;;;;;;;;;True;False;False;True;;ok;16278.513562928927;16148.74169506048;16148.74169506048;16148.74169506048;21;16148.74169506048;126.7105;129.77186786844686;Evaluated;5.6547;0.6573;64;True;1;
4;1;4;;normal;1;;;;;;;;;;;;;;;;;;;;;End-of-iteration summary row;;;16148.74169506048;16148.74169506048;21;16148.74169506048;126.7137;;IterationSummary;;;;;;
5;1;5;1;normal;1;15bc2cfddb30;move;;;8;4;;;;;;;;;;True;False;False;False;;ok;17345.322321057894;16148.74169506048;16148.74169506048;16148.74169506048;22;16148.74169506048;137.041;1196.5806259974142;Evaluated;9.6386;0.6749;64;True;2;duplicate_for_same_parent_sequence
5;1;5;2;normal;1;15bc2cfddb30;swap;16;25;;;;;;;;;;;;True;False;False;False;;ok;17482.97817303474;16148.74169506048;16148.74169506048;16148.74169506048;23;16148.74169506048;143.6548;1334.2364779742584;Evaluated;5.9562;0.6545;64;True;1;
5;1;5;3;normal;1;15bc2cfddb30;reinsert_block;;;;;;;40;45;32;;;;;True;False;False;True;;ok;16685.717748249634;16148.74169506048;16148.74169506048;16148.74169506048;24;16148.74169506048;150.0618;536.9760531891534;Evaluated;5.7465;0.6565;64;True;1;
5;1;5;4;normal;1;15bc2cfddb30;move;;;50;42;;;;;;;;;;True;False;False;False;;ok;16146.604677593406;16148.74169506048;16148.74169506048;16148.74169506048;25;16148.74169506048;156.3306;-2.137017467073747;Evaluated;5.6099;0.6555;64;True;1;
5;1;5;5;normal;1;15bc2cfddb30;move;;;54;15;;;;;;;;;;True;False;False;True;;ok;16291.696603257913;16148.74169506048;16148.74169506048;16148.74169506048;26;16148.74169506048;162.5382;142.95490819743281;Evaluated;5.5521;0.654;64;True;1;
5;1;5;;normal;0;;;;;;;;;;;;;;;;;;;;;End-of-iteration summary row;;;16146.604677593406;16146.604677593406;26;16146.604677593406;162.5454;;IterationSummary;;;;;;
6;1;6;1;normal;0;ecdbaefd6872;move;;;10;2;;;;;;;;;;True;False;False;False;;ok;17868.05919079758;16146.604677593406;16146.604677593406;16146.604677593406;27;16146.604677593406;169.1134;1721.454513204173;Evaluated;5.891;0.6703;64;True;1;
6;1;6;2;normal;0;ecdbaefd6872;swap;20;31;;;;;;;;;;;;True;False;False;False;;ok;17486.95332061433;16146.604677593406;16146.604677593406;16146.604677593406;28;16146.604677593406;175.3297;1340.348643020925;Evaluated;5.5546;0.6583;64;True;1;
6;1;6;3;normal;0;ecdbaefd6872;reinsert_block;;;;;;;35;40;28;;;;;True;False;False;False;;ok;17021.52073512947;16146.604677593406;16146.604677593406;16146.604677593406;29;16146.604677593406;182.3511;874.9160575360638;Evaluated;6.3616;0.6568;64;True;1;
6;1;6;4;normal;0;ecdbaefd6872;move;;;50;48;;;;;;;;;;True;False;False;False;;ok;16157.197534700917;16146.604677593406;16146.604677593406;16146.604677593406;30;16146.604677593406;188.6653;10.592857107511009;Evaluated;5.6573;0.6538;64;True;1;
6;1;6;5;normal;0;ecdbaefd6872;move;;;30;25;;;;;;;;;;True;False;False;False;;ok;17383.600501744128;16146.604677593406;16146.604677593406;16146.604677593406;31;16146.604677593406;195.2125;1236.995824150721;Evaluated;5.8879;0.6587;64;True;1;
6;1;6;;normal;1;;;;;;;;;;;;;;;;;;;;;End-of-iteration summary row;;;16146.604677593406;16146.604677593406;31;16146.604677593406;195.2185;;IterationSummary;;;;;;
7;1;7;1;normal;1;ecdbaefd6872;move;;;8;4;;;;;;;;;;True;False;False;False;;ok;17334.074329108877;16146.604677593406;16146.604677593406;16146.604677593406;32;16146.604677593406;201.73;1187.46965151547;Evaluated;5.827;0.6733;64;True;1;
7;1;7;2;normal;1;ecdbaefd6872;swap;16;25;;;;;;;;;;;;True;False;False;False;;ok;17481.60995428877;16146.604677593406;16146.604677593406;16146.604677593406;33;16146.604677593406;207.9484;1335.005276695365;Evaluated;5.5603;0.6554;64;True;1;
7;1;7;3;normal;1;ecdbaefd6872;reinsert_block;;;;;;;36;41;30;;;;;True;False;False;False;;ok;17015.222072386812;16146.604677593406;16146.604677593406;16146.604677593406;34;16146.604677593406;218.9885;868.6173947934058;Evaluated;10.3762;0.661;64;True;2;duplicate_for_same_parent_sequence
7;1;7;4;normal;1;ecdbaefd6872;move;;;50;42;;;;;;;;;;True;False;False;False;;ok;16176.671301047742;16146.604677593406;16146.604677593406;16146.604677593406;35;16146.604677593406;225.3;30.06662345433506;Evaluated;5.6537;0.6552;64;True;1;
7;1;7;5;normal;1;ecdbaefd6872;move;;;45;18;;;;;;;;;;True;False;False;True;;ok;16891.27907435275;16146.604677593406;16146.604677593406;16146.604677593406;36;16146.604677593406;231.53;744.6743967593447;Evaluated;5.5701;0.6562;64;True;1;
7;1;7;;normal;2;;;;;;;;;;;;;;;;;;;;;End-of-iteration summary row;;;16146.604677593406;16146.604677593406;36;16146.604677593406;231.5334;;IterationSummary;;;;;;
8;1;8;1;normal;2;ecdbaefd6872;move;;;8;2;;;;;;;;;;True;False;False;False;;ok;17619.98438113528;16146.604677593406;16146.604677593406;16146.604677593406;37;16146.604677593406;238.3642;1473.3797035418738;Evaluated;6.1597;0.6547;64;True;1;
8;1;8;2;normal;2;ecdbaefd6872;swap;18;25;;;;;;;;;;;;True;False;False;False;;ok;17302.420047581247;16146.604677593406;16146.604677593406;16146.604677593406;38;16146.604677593406;248.8302;1155.8153699878403;Evaluated;9.8064;0.6561;64;True;2;duplicate_for_same_parent_sequence
8;1;8;3;normal;2;ecdbaefd6872;reinsert_block;;;;;;;38;41;25;;;;;True;False;False;True;;ok;17153.963776414188;16146.604677593406;16146.604677593406;16146.604677593406;39;16146.604677593406;255.5233;1007.3590988207816;Evaluated;6.0327;0.6571;64;True;1;
8;1;8;4;normal;2;ecdbaefd6872;move;;;56;48;;;;;;;;;;True;False;False;False;;ok;16157.197534700917;16146.604677593406;16146.604677593406;16146.604677593406;40;16146.604677593406;261.8582;10.592857107511009;Evaluated;5.668;0.6644;64;True;1;
8;1;8;5;normal;2;ecdbaefd6872;move;;;40;25;;;;;;;;;;True;False;False;True;;ok;17065.232132259593;16146.604677593406;16146.604677593406;16146.604677593406;41;16146.604677593406;268.0849;918.6274546661862;Evaluated;5.5707;0.6545;64;True;1;
8;1;8;;normal;3;;;;;;;;;;;;;;;;;;;;;End-of-iteration summary row;;;16146.604677593406;16146.604677593406;41;16146.604677593406;268.0891;;IterationSummary;;;;;;
9;1;9;1;diversification;3;ecdbaefd6872;move;;;10;5;;;;;;;;;;True;False;False;False;;ok;17177.946786054454;16146.604677593406;16146.604677593406;16146.604677593406;42;16146.604677593406;274.6104;1031.3421084610472;Evaluated;5.8612;0.6423;64;True;1;
9;1;9;2;diversification;3;ecdbaefd6872;reinsert_block;;;;;;;18;25;30;;;;;True;False;False;False;;ok;16210.833356036432;16146.604677593406;16146.604677593406;16146.604677593406;43;16146.604677593406;281.3598;64.22867844302527;Evaluated;6.09;0.6563;64;True;1;
9;1;9;3;diversification;3;ecdbaefd6872;swap;40;38;;;;;;;;;;;;True;False;False;False;;ok;16145.243152252624;16146.604677593406;16146.604677593406;16146.604677593406;44;16146.604677593406;287.8004;-1.361525340782464;EvaluatedImprovementDespiteDiversificationMismatch;5.7823;0.6554;64;True;1;
9;1;9;4;diversification;3;ecdbaefd6872;reinsert_block;;;;;;;50;53;42;;;;;True;False;False;True;;ok;16390.139504274215;16146.604677593406;16146.604677593406;16146.604677593406;45;16146.604677593406;298.7199;243.5348266808087;Evaluated;10.2622;0.6549;64;True;2;duplicate_for_same_parent_sequence
9;1;9;5;diversification;3;ecdbaefd6872;swap;20;30;;;;;;;;;;;;True;False;False;False;;ok;17180.48258003089;16146.604677593406;16146.604677593406;16146.604677593406;46;16146.604677593406;308.756;1033.8779024374835;Evaluated;9.35;0.6828;64;True;2;duplicate_for_same_parent_sequence
9;1;9;6;diversification;3;ecdbaefd6872;move;;;50;35;;;;;;;;;;True;False;False;True;;ok;16719.983234555686;16146.604677593406;16146.604677593406;16146.604677593406;47;16146.604677593406;315.4367;573.3785569622796;Evaluated;6.0377;0.6399;64;True;1;
9;1;9;7;diversification;3;ecdbaefd6872;move;;;35;20;;;;;;;;;;True;False;False;True;;ok;16972.42830894961;16146.604677593406;16146.604677593406;16146.604677593406;48;16146.604677593406;321.9572;825.8236313562029;Evaluated;5.8584;0.6597;64;True;1;
9;1;9;8;diversification;3;ecdbaefd6872;move;;;10;20;;;;;;;;;;True;False;False;True;;ok;17507.92152799198;16146.604677593406;16146.604677593406;16146.604677593406;49;16146.604677593406;328.3464;1361.3168503985744;Evaluated;5.7294;0.6573;64;True;1;
9;1;9;9;diversification;3;ecdbaefd6872;swap;30;38;;;;;;;;;;;;True;False;False;False;;ok;16146.604677593406;16146.604677593406;16146.604677593406;16146.604677593406;50;16146.604677593406;338.37;0.0;Evaluated;9.3646;0.6561;64;True;2;duplicate_for_same_parent_sequence
9;1;9;10;diversification;3;ecdbaefd6872;move;;;50;35;;;;;;;;;;False;True;False;;;ok;;16146.604677593406;16146.604677593406;16146.604677593406;50;16146.604677593406;351.6064;;DuplicateForSameParentSequenceAfterRetries;13.2333;;;;3;duplicate_for_same_parent_sequence
9;1;9;;diversification;0;;;;;;;;;;;;;;;;;;;;;End-of-iteration summary row;;;16145.243152252624;16145.243152252624;50;16145.243152252624;351.6142;;IterationSummary;;;;;;
10;1;10;1;normal;0;0d927eaf2f52;move;;;14;5;;;;;;;;;;True;False;False;False;;ok;16981.130767235718;16145.243152252624;16145.243152252624;16145.243152252624;51;16145.243152252624;358.1819;835.887614983094;Evaluated;5.9013;0.6564;64;True;1;
10;1;10;2;normal;0;0d927eaf2f52;swap;20;30;;;;;;;;;;;;True;False;False;False;;ok;17102.47588165639;16145.243152252624;16145.243152252624;16145.243152252624;52;16145.243152252624;364.7639;957.2327294037677;Evaluated;5.9365;0.6428;64;True;1;
10;1;10;3;normal;0;0d927eaf2f52;reinsert_block;;;;;;;32;40;50;;;;;True;False;False;True;;ok;16226.724880432459;16145.243152252624;16145.243152252624;16145.243152252624;53;16145.243152252624;371.4845;81.48172817983505;Evaluated;6.0624;0.655;64;True;1;
10;1;10;4;normal;0;0d927eaf2f52;move;;;48;50;;;;;;;;;;True;False;False;False;;ok;16136.698661750415;16145.243152252624;16145.243152252624;16145.243152252624;54;16145.243152252624;377.9516;-8.544490502208646;Evaluated;5.8072;0.6567;64;True;1;
10;1;10;5;normal;0;0d927eaf2f52;move;;;56;48;;;;;;;;;;True;False;False;False;;ok;16156.303399063363;16145.243152252624;16145.243152252624;16145.243152252624;55;16145.243152252624;384.2253;11.060246810739045;Evaluated;5.6089;0.663;64;True;1;
10;1;10;;normal;0;;;;;;;;;;;;;;;;;;;;;End-of-iteration summary row;;;16136.698661750415;16136.698661750415;55;16136.698661750415;384.2351;;IterationSummary;;;;;;
11;1;11;1;normal;0;de764ae20326;move;;;10;5;;;;;;;;;;True;False;False;False;;ok;16717.958058508342;16136.698661750415;16136.698661750415;16136.698661750415;56;16136.698661750415;390.5653;581.2593967579269;Evaluated;5.6668;0.6542;64;True;1;
11;1;11;2;normal;0;de764ae20326;swap;18;25;;;;;;;;;;;;True;False;False;False;;ok;17082.36579497635;16136.698661750415;16136.698661750415;16136.698661750415;57;16136.698661750415;397.1303;945.6671332259357;Evaluated;5.9045;0.6574;64;True;1;
11;1;11;3;normal;0;de764ae20326;reinsert_block;;;;;;;35;40;20;;;;;True;False;False;True;;ok;17200.33250329843;16136.698661750415;16136.698661750415;16136.698661750415;58;16136.698661750415;404.3002;1063.6338415480132;Evaluated;6.4984;0.6689;64;True;1;
11;1;11;4;normal;0;de764ae20326;move;;;56;42;;;;;;;;;;True;False;False;True;;ok;16144.09792514028;16136.698661750415;16136.698661750415;16136.698661750415;59;16136.698661750415;410.6308;7.399263389865155;Evaluated;5.6733;0.6544;64;True;1;
11;1;11;5;normal;0;de764ae20326;move;;;50;35;;;;;;;;;;True;False;False;True;;ok;16134.22966095225;16136.698661750415;16136.698661750415;16136.698661750415;60;16136.698661750415;416.8606;-2.4690007981662347;Evaluated;5.5704;0.6587;64;True;1;
11;1;11;;normal;0;;;;;;;;;;;;;;;;;;;;;End-of-iteration summary row;;;16134.22966095225;16134.22966095225;60;16134.22966095225;416.8705;;IterationSummary;;;;;;
12;1;12;1;normal;0;f29716d5b62a;move;;;10;5;;;;;;;;;;True;False;False;False;;ok;16716.796141880703;16134.22966095225;16134.22966095225;16134.22966095225;61;16134.22966095225;423.3958;582.5664809284535;Evaluated;5.8579;0.6562;64;True;1;
12;1;12;2;normal;0;f29716d5b62a;swap;17;24;;;;;;;;;;;;True;False;False;False;;ok;16656.922666471517;16134.22966095225;16134.22966095225;16134.22966095225;62;16134.22966095225;429.655;522.6930055192679;Evaluated;5.6013;0.6552;64;True;1;
12;1;12;3;normal;0;f29716d5b62a;reinsert_block;;;;;;;35;40;20;;;;;True;False;False;True;;ok;17183.739051350174;16134.22966095225;16134.22966095225;16134.22966095225;63;16134.22966095225;436.2582;1049.509390397925;Evaluated;5.9358;0.6647;64;True;1;
12;1;12;4;normal;0;f29716d5b62a;move;;;50;48;;;;;;;;;;True;False;False;False;;ok;16145.085794765117;16134.22966095225;16134.22966095225;16134.22966095225;64;16134.22966095225;442.4611;10.856133812867483;Evaluated;5.5439;0.6562;64;True;1;
12;1;12;5;normal;0;f29716d5b62a;move;;;30;25;;;;;;;;;;True;False;False;False;;ok;16924.060293824856;16134.22966095225;16134.22966095225;16134.22966095225;65;16134.22966095225;452.4325;789.8306328726067;Evaluated;9.3081;0.6606;64;True;2;duplicate_for_same_parent_sequence
12;1;12;;normal;1;;;;;;;;;;;;;;;;;;;;;End-of-iteration summary row;;;16134.22966095225;16134.22966095225;65;16134.22966095225;452.4358;;IterationSummary;;;;;;
13;1;13;1;normal;1;f29716d5b62a;move;;;7;2;;;;;;;;;;True;False;False;False;;ok;16321.827371003721;16134.22966095225;16134.22966095225;16134.22966095225;66;16134.22966095225;462.8727;187.59771005147195;Evaluated;9.7667;0.6553;64;True;2;duplicate_for_same_parent_sequence
13;1;13;2;normal;1;f29716d5b62a;swap;20;21;;;;;;;;;;;;True;False;False;False;;ok;16134.22966095225;16134.22966095225;16134.22966095225;16134.22966095225;67;16134.22966095225;469.2244;0.0;Evaluated;5.6947;0.6556;64;True;1;
13;1;13;3;normal;1;f29716d5b62a;reinsert_block;;;;;;;35;40;28;;;;;True;False;False;False;;ok;16644.129741243112;16134.22966095225;16134.22966095225;16134.22966095225;68;16134.22966095225;475.8748;509.9000802908631;Evaluated;5.9937;0.6561;64;True;1;
13;1;13;4;normal;1;f29716d5b62a;move;;;50;42;;;;;;;;;;True;False;False;False;;ok;16110.480158661456;16134.22966095225;16134.22966095225;16134.22966095225;69;16134.22966095225;482.2262;-23.749502290793316;Evaluated;5.693;0.6552;64;True;1;
13;1;13;5;normal;1;f29716d5b62a;move;;;56;42;;;;;;;;;;True;False;False;True;;ok;16100.85434866873;16134.22966095225;16134.22966095225;16134.22966095225;70;16134.22966095225;488.4456;-33.375312283518724;Evaluated;5.5598;0.6557;64;True;1;
13;1;13;;normal;0;;;;;;;;;;;;;;;;;;;;;End-of-iteration summary row;;;16100.85434866873;16100.85434866873;70;16100.85434866873;488.4629;;IterationSummary;;;;;;
14;1;14;1;normal;0;fbc9c86b27a9;move;;;7;2;;;;;;;;;;True;False;False;False;;ok;16333.775110209717;16100.85434866873;16100.85434866873;16100.85434866873;71;16100.85434866873;495.0765;232.92076154098686;Evaluated;5.9495;0.6553;64;True;1;
14;1;14;2;normal;0;fbc9c86b27a9;swap;20;21;;;;;;;;;;;;True;False;False;False;;ok;16100.85434866873;16100.85434866873;16100.85434866873;16100.85434866873;72;16100.85434866873;501.4568;0.0;Evaluated;5.7228;0.6548;64;True;1;
14;1;14;3;normal;0;fbc9c86b27a9;reinsert_block;;;;;;;35;40;28;;;;;True;False;False;False;;ok;17596.051954161427;16100.85434866873;16100.85434866873;16100.85434866873;73;16100.85434866873;508.1867;1495.1976054926963;Evaluated;6.0572;0.6695;64;True;1;
14;1;14;4;normal;0;fbc9c86b27a9;move;;;56;48;;;;;;;;;;True;False;False;False;;ok;16159.117581315919;16100.85434866873;16100.85434866873;16100.85434866873;74;16100.85434866873;514.4088;58.26323264718849;Evaluated;5.555;0.6639;64;True;1;
14;1;14;5;normal;0;fbc9c86b27a9;move;;;30;25;;;;;;;;;;True;False;False;False;;ok;16922.077658078953;16100.85434866873;16100.85434866873;16100.85434866873;75;16100.85434866873;520.9102;821.223309410223;Evaluated;5.844;0.6543;64;True;1;
14;1;14;;normal;1;;;;;;;;;;;;;;;;;;;;;End-of-iteration summary row;;;16100.85434866873;16100.85434866873;75;16100.85434866873;520.9108;;IterationSummary;;;;;;
15;1;15;1;normal;1;fbc9c86b27a9;move;;;10;5;;;;;;;;;;True;False;False;False;;ok;16710.01201517052;16100.85434866873;16100.85434866873;16100.85434866873;76;16100.85434866873;527.5036;609.1576665017892;Evaluated;5.926;0.6607;64;True;1;
15;1;15;2;normal;1;fbc9c86b27a9;swap;25;26;;;;;;;;;;;;True;False;False;False;;ok;16823.902341475237;16100.85434866873;16100.85434866873;16100.85434866873;77;16100.85434866873;534.1086;723.047992806507;Evaluated;5.9477;0.6542;64;True;1;
15;1;15;3;normal;1;fbc9c86b27a9;move;;;36;42;;;;;;;;;;True;False;False;False;;ok;16177.330257870906;16100.85434866873;16100.85434866873;16100.85434866873;78;16100.85434866873;545.3746;76.4759092021759;Evaluated;10.5992;0.6645;64;True;2;duplicate_for_same_parent_sequence
15;1;15;4;normal;1;fbc9c86b27a9;move;;;56;42;;;;;;;;;;True;False;False;True;;ok;16102.777200013648;16100.85434866873;16100.85434866873;16100.85434866873;79;16100.85434866873;551.5981;1.9228513449179445;Evaluated;5.566;0.6546;64;True;1;
15;1;15;5;normal;1;fbc9c86b27a9;move;;;50;42;;;;;;;;;;True;False;False;False;;ok;16104.708212318646;16100.85434866873;16100.85434866873;16100.85434866873;80;16100.85434866873;557.7885;3.853863649916093;Evaluated;5.5306;0.6569;64;True;1;
15;1;15;;normal;2;;;;;;;;;;;;;;;;;;;;;End-of-iteration summary row;;;16100.85434866873;16100.85434866873;80;16100.85434866873;557.7914;;IterationSummary;;;;;;
16;1;16;1;normal;2;fbc9c86b27a9;move;;;8;3;;;;;;;;;;True;False;False;False;;ok;16857.690737244026;16100.85434866873;16100.85434866873;16100.85434866873;81;16100.85434866873;567.975;756.8363885752951;Evaluated;9.5156;0.6561;64;True;2;duplicate_for_same_parent_sequence
16;1;16;2;normal;2;fbc9c86b27a9;swap;28;30;;;;;;;;;;;;True;False;False;False;;ok;16597.832127971364;16100.85434866873;16100.85434866873;16100.85434866873;82;16100.85434866873;578.1884;496.9777793026333;Evaluated;9.5457;0.6654;64;True;2;duplicate_for_same_parent_sequence
16;1;16;3;normal;2;fbc9c86b27a9;move;;;36;29;;;;;;;;;;True;False;False;False;;ok;16568.32493245756;16100.85434866873;16100.85434866873;16100.85434866873;83;16100.85434866873;588.463;467.47058378882866;Evaluated;9.6273;0.6443;64;True;2;duplicate_for_same_parent_sequence
16;1;16;4;normal;2;fbc9c86b27a9;move;;;50;48;;;;;;;;;;True;False;False;False;;ok;16156.143876022648;16100.85434866873;16100.85434866873;16100.85434866873;84;16100.85434866873;594.807;55.28952735391795;Evaluated;5.684;0.657;64;True;1;
16;1;16;5;normal;2;fbc9c86b27a9;move;;;45;30;;;;;;;;;;True;False;False;True;;ok;16469.149655739624;16100.85434866873;16100.85434866873;16100.85434866873;85;16100.85434866873;601.01;368.2953070708936;Evaluated;5.5433;0.6568;64;True;1;
16;1;16;;normal;3;;;;;;;;;;;;;;;;;;;;;End-of-iteration summary row;;;16100.85434866873;16100.85434866873;85;16100.85434866873;601.0128;;IterationSummary;;;;;;
17;1;17;1;diversification;3;fbc9c86b27a9;move;;;40;12;;;;;;;;;;True;False;False;True;;ok;17522.397528853187;16100.85434866873;16100.85434866873;16100.85434866873;86;16100.85434866873;615.002;1421.543180184457;Evaluated;13.3216;0.6551;64;True;3;duplicate_for_same_parent_sequence
17;1;17;2;diversification;3;fbc9c86b27a9;reinsert_block;;;;;;;20;25;16;;;;;True;False;False;False;;ok;17459.883294825755;16100.85434866873;16100.85434866873;16100.85434866873;87;16100.85434866873;621.8217;1359.0289461570246;Evaluated;6.1629;0.6534;64;True;1;
17;1;17;3;diversification;3;fbc9c86b27a9;swap;35;40;;;;;;;;;;;;True;False;False;False;;ok;16100.85434866873;16100.85434866873;16100.85434866873;16100.85434866873;88;16100.85434866873;628.4692;0.0;Evaluated;5.9912;0.6556;64;True;1;
17;1;17;4;diversification;3;fbc9c86b27a9;move;;;37;48;;;;;;;;;;True;False;False;True;;ok;16286.86156146761;16100.85434866873;16100.85434866873;16100.85434866873;89;16100.85434866873;638.6583;186.00721279887875;Evaluated;9.5208;0.6653;64;True;2;duplicate_for_same_parent_sequence
17;1;17;5;diversification;3;fbc9c86b27a9;swap;10;3;;;;;;;;;;;;True;False;False;False;;ok;16703.91888677444;16100.85434866873;16100.85434866873;16100.85434866873;90;16100.85434866873;648.8038;603.0645381057111;Evaluated;9.485;0.6579;64;True;2;duplicate_for_same_parent_sequence
17;1;17;6;diversification;3;fbc9c86b27a9;move;;;36;25;;;;;;;;;;True;False;False;True;;ok;16603.04336704261;16100.85434866873;16100.85434866873;16100.85434866873;91;16100.85434866873;655.5336;502.18901837387966;Evaluated;6.0732;0.6537;64;True;1;
17;1;17;7;diversification;3;fbc9c86b27a9;move;;;18;30;;;;;;;;;;True;False;False;True;;ok;16858.721244178727;16100.85434866873;16100.85434866873;16100.85434866873;92;16100.85434866873;665.6391;757.8668955099965;Evaluated;9.4501;0.6527;64;True;2;duplicate_for_same_parent_sequence
17;1;17;8;diversification;3;fbc9c86b27a9;move;;;25;10;;;;;;;;;;True;False;False;True;;ok;17235.73953704822;16100.85434866873;16100.85434866873;16100.85434866873;93;16100.85434866873;672.0636;1134.8851883794887;Evaluated;5.7613;0.6626;64;True;1;
17;1;17;9;diversification;3;fbc9c86b27a9;move;;;25;30;;;;;;;;;;True;False;False;False;;ok;16566.535231868118;16100.85434866873;16100.85434866873;16100.85434866873;94;16100.85434866873;678.3976;465.6808831993876;Evaluated;5.6756;0.6575;64;True;1;
17;1;17;10;diversification;3;fbc9c86b27a9;move;;;47;51;;;;;;;;;;True;False;False;False;;ok;16368.060902062729;16100.85434866873;16100.85434866873;16100.85434866873;95;16100.85434866873;684.6528;267.20655339399855;Evaluated;5.5992;0.6535;64;True;1;
17;1;17;;diversification;4;;;;;;;;;;;;;;;;;;;;;End-of-iteration summary row;;;16100.85434866873;16100.85434866873;95;16100.85434866873;684.6542;;IterationSummary;;;;;;
18;1;18;1;diversification;4;fbc9c86b27a9;move;;;5;20;;;;;;;;;;True;False;False;True;;ok;16511.00560326878;16100.85434866873;16100.85434866873;16100.85434866873;96;16100.85434866873;691.545;410.15125460004856;Evaluated;6.2197;0.6621;64;True;1;
18;1;18;2;diversification;4;fbc9c86b27a9;move;;;39;48;;;;;;;;;;True;False;False;False;;ok;15942.53884444261;16100.85434866873;16100.85434866873;16100.85434866873;97;16100.85434866873;701.9817;-158.31550422612054;EvaluatedImprovementDespiteDiversificationMismatch;9.7749;0.6585;64;True;2;duplicate_for_same_parent_sequence
18;1;18;3;diversification;4;fbc9c86b27a9;swap;32;47;;;;;;;;;;;;True;False;False;True;;ok;16370.23426499552;16100.85434866873;16100.85434866873;16100.85434866873;98;16100.85434866873;711.8153;269.3799163267904;Evaluated;9.1653;0.6656;64;True;2;duplicate_for_same_parent_sequence
18;1;18;4;diversification;4;fbc9c86b27a9;move;;;50;42;;;;;;;;;;False;True;False;;;ok;;16100.85434866873;16100.85434866873;16100.85434866873;98;16100.85434866873;724.9615;;DuplicateForSameParentSequenceAfterRetries;13.1431;;;;3;duplicate_for_same_parent_sequence
18;1;18;5;diversification;4;fbc9c86b27a9;move;;;20;16;;;;;;;;;;True;False;False;False;;ok;16249.355890709305;16100.85434866873;16100.85434866873;16100.85434866873;99;16100.85434866873;738.707;148.50154204057435;Evaluated;13.0887;0.6558;64;True;3;duplicate_for_same_parent_sequence
18;1;18;6;diversification;4;fbc9c86b27a9;move;;;40;12;;;;;;;;;;False;True;False;;;ok;;16100.85434866873;16100.85434866873;16100.85434866873;99;16100.85434866873;752.0263;;DuplicateForSameParentSequenceAfterRetries;13.3167;;;;3;duplicate_for_same_parent_sequence
18;1;18;7;diversification;4;fbc9c86b27a9;move;;;12;3;;;;;;;;;;True;False;False;False;;ok;17508.14912651061;16100.85434866873;16100.85434866873;16100.85434866873;100;16100.85434866873;761.9469;1407.2947778418784;Evaluated;9.2626;0.657;64;True;2;duplicate_for_same_parent_sequence
18;1;18;8;diversification;4;fbc9c86b27a9;move;;;35;48;;;;;;;;;;True;False;False;True;;ok;16587.32656139655;16100.85434866873;16100.85434866873;16100.85434866873;101;16100.85434866873;772.01;486.47221272781826;Evaluated;9.4037;0.6568;64;True;2;duplicate_for_same_parent_sequence
18;1;18;9;diversification;4;fbc9c86b27a9;move;;;30;24;;;;;;;;;;True;False;False;False;;ok;16922.077658078953;16100.85434866873;16100.85434866873;16100.85434866873;102;16100.85434866873;782.1148;821.223309410223;Evaluated;9.4428;0.6587;64;True;2;duplicate_for_same_parent_sequence
18;1;18;10;diversification;4;fbc9c86b27a9;swap;48;56;;;;;;;;;;;;True;False;False;False;;ok;16372.36871802402;16100.85434866873;16100.85434866873;16100.85434866873;103;16100.85434866873;792.558;271.5143693552891;Evaluated;9.7869;0.6535;64;True;2;duplicate_for_same_parent_sequence
18;1;18;;diversification;0;;;;;;;;;;;;;;;;;;;;;End-of-iteration summary row;;;15942.53884444261;15942.53884444261;103;15942.53884444261;792.5704;;IterationSummary;;;;;;
19;1;19;1;normal;0;ecc61c141da6;move;;;10;5;;;;;;;;;;True;False;False;False;;ok;16470.075072639702;15942.53884444261;15942.53884444261;15942.53884444261;104;15942.53884444261;799.3331;527.536228197092;Evaluated;6.0894;0.6642;64;True;1;
19;1;19;2;normal;0;ecc61c141da6;swap;16;20;;;;;;;;;;;;True;False;False;False;;ok;15942.53884444261;15942.53884444261;15942.53884444261;15942.53884444261;105;15942.53884444261;805.5363;0.0;Evaluated;5.5446;0.6561;64;True;1;
19;1;19;3;normal;0;ecc61c141da6;reinsert_block;;;;;;;32;38;40;;;;;True;False;False;False;;ok;16449.878081816692;15942.53884444261;15942.53884444261;15942.53884444261;106;15942.53884444261;812.5438;507.3392373740826;Evaluated;6.3459;0.659;64;True;1;
19;1;19;4;normal;0;ecc61c141da6;move;;;50;42;;;;;;;;;;True;False;False;False;;ok;16236.788865610682;15942.53884444261;15942.53884444261;15942.53884444261;107;15942.53884444261;818.8975;294.25002116807264;Evaluated;5.6957;0.655;64;True;1;
19;1;19;5;normal;0;ecc61c141da6;move;;;25;30;;;;;;;;;;True;False;False;False;;ok;16319.859721674982;15942.53884444261;15942.53884444261;15942.53884444261;108;15942.53884444261;829.0939;377.32087723237237;Evaluated;9.5302;0.6633;64;True;2;duplicate_for_same_parent_sequence
19;1;19;;normal;1;;;;;;;;;;;;;;;;;;;;;End-of-iteration summary row;;;15942.53884444261;15942.53884444261;108;15942.53884444261;829.0951;;IterationSummary;;;;;;
20;1;20;1;normal;1;ecc61c141da6;move;;;7;3;;;;;;;;;;True;False;False;False;;ok;16620.969542441984;15942.53884444261;15942.53884444261;15942.53884444261;109;15942.53884444261;839.5198;678.4306979993744;Evaluated;9.7523;0.664;64;True;2;duplicate_for_same_parent_sequence
20;1;20;2;normal;1;ecc61c141da6;swap;18;20;;;;;;;;;;;;True;False;False;False;;ok;16923.083063047663;15942.53884444261;15942.53884444261;15942.53884444261;110;15942.53884444261;846.134;980.5442186050532;Evaluated;5.9551;0.6559;64;True;1;
20;1;20;3;normal;1;ecc61c141da6;reinsert_block;;;;;;;40;46;32;;;;;True;False;False;True;;ok;16770.278403028693;15942.53884444261;15942.53884444261;15942.53884444261;111;15942.53884444261;852.658;827.7395585860831;Evaluated;5.8666;0.6564;64;True;1;
20;1;20;4;normal;1;ecc61c141da6;move;;;56;48;;;;;;;;;;True;False;False;False;;ok;15948.218033762438;15942.53884444261;15942.53884444261;15942.53884444261;112;15942.53884444261;859.1872;5.679189319827856;Evaluated;5.8722;0.6543;64;True;1;
20;1;20;5;normal;1;ecc61c141da6;swap;10;15;;;;;;;;;;;;True;False;False;False;;ok;16813.684502896995;15942.53884444261;15942.53884444261;15942.53884444261;113;15942.53884444261;869.168;871.1456584543848;Evaluated;9.3206;0.6567;64;True;2;duplicate_for_same_parent_sequence
20;1;20;;normal;2;;;;;;;;;;;;;;;;;;;;;End-of-iteration summary row;;;15942.53884444261;15942.53884444261;113;15942.53884444261;869.1696;;IterationSummary;;;;;;
21;1;21;1;normal;2;ecc61c141da6;move;;;2;0;;;;;;;;;;True;False;False;False;;ok;15946.493413892693;15942.53884444261;15942.53884444261;15942.53884444261;114;15942.53884444261;875.9918;3.9545694500829995;Evaluated;6.1441;0.6637;64;True;1;
21;1;21;2;normal;2;ecc61c141da6;swap;18;25;;;;;;;;;;;;True;False;False;False;;ok;16761.386270172778;15942.53884444261;15942.53884444261;15942.53884444261;115;15942.53884444261;886.6147;818.8474257301677;Evaluated;9.9639;0.656;64;True;2;duplicate_for_same_parent_sequence
21;1;21;3;normal;2;ecc61c141da6;reinsert_block;;;;;;;35;41;28;;;;;True;False;False;False;;ok;16731.609480820716;15942.53884444261;15942.53884444261;15942.53884444261;116;15942.53884444261;893.1445;789.0706363781064;Evaluated;5.8688;0.6583;64;True;1;
21;1;21;4;normal;2;ecc61c141da6;move;;;56;42;;;;;;;;;;True;False;False;True;;ok;16237.527311346228;15942.53884444261;15942.53884444261;15942.53884444261;117;15942.53884444261;899.4881;294.98846690361825;Evaluated;5.6878;0.6551;64;True;1;
21;1;21;5;normal;2;ecc61c141da6;move;;;30;25;;;;;;;;;;True;False;False;False;;ok;16675.72878832938;15942.53884444261;15942.53884444261;15942.53884444261;118;15942.53884444261;909.4053;733.1899438867695;Evaluated;9.2536;0.661;64;True;2;duplicate_for_same_parent_sequence
21;1;21;;normal;3;;;;;;;;;;;;;;;;;;;;;End-of-iteration summary row;;;15942.53884444261;15942.53884444261;118;15942.53884444261;909.408;;IterationSummary;;;;;;
22;1;22;1;diversification;3;ecc61c141da6;move;;;50;28;;;;;;;;;;True;False;False;True;;ok;16303.354382775215;15942.53884444261;15942.53884444261;15942.53884444261;119;15942.53884444261;924.2327;360.8155383326048;Evaluated;14.1711;0.6451;64;True;3;duplicate_for_same_parent_sequence
22;1;22;2;diversification;3;ecc61c141da6;reinsert_block;;;;;;;20;24;35;;;;;True;False;False;True;;ok;17037.64752414919;15942.53884444261;15942.53884444261;15942.53884444261;120;15942.53884444261;930.9491;1095.10867970658;Evaluated;6.0552;0.6584;64;True;1;
22;1;22;3;diversification;3;ecc61c141da6;swap;35;40;;;;;;;;;;;;True;False;False;False;;ok;16076.40142025127;15942.53884444261;15942.53884444261;15942.53884444261;121;15942.53884444261;937.3119;133.86257580866004;Evaluated;5.7031;0.657;64;True;1;
22;1;22;4;diversification;3;ecc61c141da6;move;;;60;50;;;;;;;;;;True;False;False;True;;ok;15441.342824023452;15942.53884444261;15942.53884444261;15942.53884444261;122;15942.53884444261;947.6487;-501.19602041915823;Evaluated;9.6763;0.6577;64;True;2;duplicate_for_same_parent_sequence
22;1;22;5;diversification;3;ecc61c141da6;move;;;20;15;;;;;;;;;;True;False;False;False;;ok;15949.042005630265;15942.53884444261;15942.53884444261;15942.53884444261;123;15942.53884444261;954.374;6.503161187654769;Evaluated;6.0552;0.6671;64;True;1;
22;1;22;6;diversification;3;ecc61c141da6;move;;;31;38;;;;;;;;;;True;False;False;False;;ok;15943.87152027854;15942.53884444261;15942.53884444261;15942.53884444261;124;15942.53884444261;964.5752;1.332675835930786;Evaluated;9.5549;0.6437;64;True;2;duplicate_for_same_parent_sequence
22;1;22;7;diversification;3;ecc61c141da6;move;;;50;48;;;;;;;;;;True;False;False;False;;ok;15945.588576456861;15942.53884444261;15942.53884444261;15942.53884444261;125;15942.53884444261;970.6516;3.0497320142512763;Evaluated;5.4133;0.6599;64;True;1;
22;1;22;8;diversification;3;ecc61c141da6;move;;;8;15;;;;;;;;;;True;False;False;False;;ok;16503.197121933743;15942.53884444261;15942.53884444261;15942.53884444261;126;15942.53884444261;976.6673;560.658277491133;Evaluated;5.3514;0.6614;64;True;1;
22;1;22;9;diversification;3;ecc61c141da6;move;;;28;35;;;;;;;;;;True;False;False;False;;ok;17109.151943644;15942.53884444261;15942.53884444261;15942.53884444261;127;15942.53884444261;982.8953;1166.6130992013896;Evaluated;5.5684;0.657;64;True;1;
22;1;22;10;diversification;3;ecc61c141da6;move;;;45;30;;;;;;;;;;True;False;False;True;;ok;16782.04437141859;15942.53884444261;15942.53884444261;15942.53884444261;128;15942.53884444261;989.2335;839.5055269759796;Evaluated;5.6775;0.6576;64;True;1;
22;1;22;;diversification;0;;;;;;;;;;;;;;;;;;;;;End-of-iteration summary row;;;15441.342824023452;15441.342824023452;128;15441.342824023452;989.2502;;IterationSummary;;;;;;
23;1;23;1;normal;0;deb28f309953;move;;;10;5;;;;;;;;;;True;False;False;False;;ok;16375.163417462581;15441.342824023452;15441.342824023452;15441.342824023452;129;15441.342824023452;995.9615;933.8205934391299;Evaluated;6.0337;0.6694;64;True;1;
23;1;23;2;normal;0;deb28f309953;swap;20;21;;;;;;;;;;;;True;False;False;False;;ok;15441.342824023452;15441.342824023452;15441.342824023452;15441.342824023452;130;15441.342824023452;1002.5401;0.0;Evaluated;5.9155;0.6583;64;True;1;
23;1;23;3;normal;0;deb28f309953;reinsert_block;;;;;;;32;36;40;;;;;True;False;False;False;;ok;16192.714110434854;15441.342824023452;15441.342824023452;15441.342824023452;131;15441.342824023452;1009.2978;751.3712864114023;Evaluated;6.1013;0.6536;64;True;1;
23;1;23;4;normal;0;deb28f309953;move;;;56;48;;;;;;;;;;True;False;False;False;;ok;15441.342824023452;15441.342824023452;15441.342824023452;15441.342824023452;132;15441.342824023452;1015.6586;0.0;Evaluated;5.6994;0.6608;64;True;1;
23;1;23;5;normal;0;deb28f309953;move;;;2;5;;;;;;;;;;True;False;False;False;;ok;16990.34581398803;15441.342824023452;15441.342824023452;15441.342824023452;133;15441.342824023452;1021.9245;1549.0029899645797;Evaluated;5.4444;0.8196;64;True;1;
23;1;23;;normal;1;;;;;;;;;;;;;;;;;;;;;End-of-iteration summary row;;;15441.342824023452;15441.342824023452;133;15441.342824023452;1021.9255;;IterationSummary;;;;;;
24;1;24;1;normal;1;deb28f309953;move;;;3;8;;;;;;;;;;True;False;False;False;;ok;16970.134274890734;15441.342824023452;15441.342824023452;15441.342824023452;134;15441.342824023452;1028.8958;1528.791450867282;Evaluated;6.3062;0.6585;64;True;1;
24;1;24;2;normal;1;deb28f309953;swap;18;20;;;;;;;;;;;;True;False;False;False;;ok;16811.164734730177;15441.342824023452;15441.342824023452;15441.342824023452;135;15441.342824023452;1035.5453;1369.8219107067252;Evaluated;5.9863;0.6603;64;True;1;
24;1;24;3;normal;1;deb28f309953;reinsert_block;;;;;;;40;43;25;;;;;True;False;False;True;;ok;17152.237959693346;15441.342824023452;15441.342824023452;15441.342824023452;136;15441.342824023452;1042.0085;1710.8951356698944;Evaluated;5.8041;0.6584;64;True;1;
24;1;24;4;normal;1;deb28f309953;move;;;50;42;;;;;;;;;;True;False;False;False;;ok;15529.455168223423;15441.342824023452;15441.342824023452;15441.342824023452;137;15441.342824023452;1048.2468;88.11234419997163;Evaluated;5.5734;0.662;64;True;1;
24;1;24;5;normal;1;deb28f309953;move;;;30;25;;;;;;;;;;True;False;False;False;;ok;16580.81713315226;15441.342824023452;15441.342824023452;15441.342824023452;138;15441.342824023452;1058.0193;1139.4743091288092;Evaluated;9.1121;0.6569;64;True;2;duplicate_for_same_parent_sequence
24;1;24;;normal;2;;;;;;;;;;;;;;;;;;;;;End-of-iteration summary row;;;15441.342824023452;15441.342824023452;138;15441.342824023452;1058.0228;;IterationSummary;;;;;;
25;1;25;1;normal;2;deb28f309953;move;;;7;2;;;;;;;;;;True;False;False;False;;ok;15563.177271644443;15441.342824023452;15441.342824023452;15441.342824023452;139;15441.342824023452;1071.8813;121.83444762099134;Evaluated;13.1965;0.6461;64;True;3;duplicate_for_same_parent_sequence
25;1;25;2;normal;2;deb28f309953;swap;17;25;;;;;;;;;;;;True;False;False;False;;ok;17007.828498254734;15441.342824023452;15441.342824023452;15441.342824023452;140;15441.342824023452;1078.0232;1566.4856742312822;Evaluated;5.4739;0.6653;64;True;1;
25;1;25;3;normal;2;deb28f309953;reinsert_block;;;;;;;35;40;28;;;;;True;False;False;False;;ok;16625.904418208487;15441.342824023452;15441.342824023452;15441.342824023452;141;15441.342824023452;1084.8106;1184.5615941850356;Evaluated;6.1252;0.6593;64;True;1;
25;1;25;4;normal;2;deb28f309953;move;;;23;47;;;;;;;;;;True;False;False;True;;ok;15380.32718355065;15441.342824023452;15441.342824023452;15441.342824023452;142;15441.342824023452;1094.8592;-61.01564047280226;Evaluated;9.3886;0.6571;64;True;2;duplicate_for_same_parent_sequence
25;1;25;5;normal;2;deb28f309953;swap;15;25;;;;;;;;;;;;True;False;False;False;;ok;16437.415055290192;15441.342824023452;15441.342824023452;15441.342824023452;143;15441.342824023452;1105.3375;996.0722312667403;Evaluated;9.8182;0.6573;64;True;2;duplicate_for_same_parent_sequence
25;1;25;;normal;0;;;;;;;;;;;;;;;;;;;;;End-of-iteration summary row;;;15380.32718355065;15380.32718355065;143;15380.32718355065;1105.3532;;IterationSummary;;;;;;
26;1;26;1;normal;0;9ed57dda73a7;move;;;7;10;;;;;;;;;;True;False;False;False;;ok;15379.233665600896;15380.32718355065;15380.32718355065;15380.32718355065;144;15380.32718355065;1112.1751;-1.093517949753732;Evaluated;6.1578;0.6563;64;True;1;
26;1;26;2;normal;0;9ed57dda73a7;swap;16;20;;;;;;;;;;;;True;False;False;False;;ok;15380.32718355065;15380.32718355065;15380.32718355065;15380.32718355065;145;15380.32718355065;1118.4645;0.0;Evaluated;5.6169;0.6687;64;True;1;
26;1;26;3;normal;0;9ed57dda73a7;reinsert_block;;;;;;;35;40;28;;;;;True;False;False;False;;ok;16472.625665294276;15380.32718355065;15380.32718355065;15380.32718355065;146;15380.32718355065;1124.8573;1092.2984817436263;Evaluated;5.7328;0.6569;64;True;1;
26;1;26;4;normal;0;9ed57dda73a7;move;;;52;48;;;;;;;;;;True;False;False;False;;ok;15379.554039258583;15380.32718355065;15380.32718355065;15380.32718355065;147;15380.32718355065;1131.2119;-0.7731442920667178;Evaluated;5.6948;0.6568;64;True;1;
26;1;26;5;normal;0;9ed57dda73a7;move;;;23;10;;;;;;;;;;True;False;False;True;;ok;15884.888215456771;15380.32718355065;15380.32718355065;15380.32718355065;148;15380.32718355065;1137.5397;504.56103190612157;Evaluated;5.669;0.6562;64;True;1;
26;1;26;;normal;0;;;;;;;;;;;;;;;;;;;;;End-of-iteration summary row;;;15379.233665600896;15379.233665600896;148;15379.233665600896;1137.5514;;IterationSummary;;;;;;
27;1;27;1;normal;0;28070a67cc3f;move;;;14;5;;;;;;;;;;True;False;False;False;;ok;16206.81726047265;15379.233665600896;15379.233665600896;15379.233665600896;149;15379.233665600896;1144.3801;827.583594871754;Evaluated;6.1549;0.6671;64;True;1;
27;1;27;2;normal;0;28070a67cc3f;swap;17;25;;;;;;;;;;;;True;False;False;False;;ok;15379.233665600896;15379.233665600896;15379.233665600896;15379.233665600896;150;15379.233665600896;1150.6943;0.0;Evaluated;5.6522;0.6589;64;True;1;
27;1;27;3;normal;0;28070a67cc3f;reinsert_block;;;;;;;35;40;28;;;;;True;False;False;False;;ok;16468.696301899956;15379.233665600896;15379.233665600896;15379.233665600896;151;15379.233665600896;1157.4313;1089.4626362990603;Evaluated;6.0674;0.6664;64;True;1;
27;1;27;4;normal;0;28070a67cc3f;move;;;52;48;;;;;;;;;;True;False;False;False;;ok;15375.248539087783;15379.233665600896;15379.233665600896;15379.233665600896;152;15379.233665600896;1163.8127;-3.9851265131128457;Evaluated;5.7212;0.6587;64;True;1;
27;1;27;5;normal;0;28070a67cc3f;move;;;25;30;;;;;;;;;;True;False;False;False;;ok;15746.223135150216;15379.233665600896;15379.233665600896;15379.233665600896;153;15379.233665600896;1170.328;366.98946954932035;Evaluated;5.8548;0.6577;64;True;1;
27;1;27;;normal;0;;;;;;;;;;;;;;;;;;;;;End-of-iteration summary row;;;15375.248539087783;15375.248539087783;153;15375.248539087783;1170.3423;;IterationSummary;;;;;;
28;1;28;1;normal;0;cf401b5ddf28;move;;;7;10;;;;;;;;;;True;False;False;False;;ok;15807.88960385017;15375.248539087783;15375.248539087783;15375.248539087783;154;15375.248539087783;1177.074;432.64106476238703;Evaluated;6.0659;0.6583;64;True;1;
28;1;28;2;normal;0;cf401b5ddf28;swap;20;21;;;;;;;;;;;;True;False;False;False;;ok;15375.248539087783;15375.248539087783;15375.248539087783;15375.248539087783;155;15375.248539087783;1183.4056;0.0;Evaluated;5.6693;0.6591;64;True;1;
28;1;28;3;normal;0;cf401b5ddf28;reinsert_block;;;;;;;36;41;28;;;;;True;False;False;True;;ok;17115.727613156243;15375.248539087783;15375.248539087783;15375.248539087783;156;15375.248539087783;1190.1971;1740.4790740684602;Evaluated;6.1236;0.6653;64;True;1;
28;1;28;4;normal;0;cf401b5ddf28;move;;;50;42;;;;;;;;;;True;False;False;False;;ok;15718.508734214342;15375.248539087783;15375.248539087783;15375.248539087783;157;15375.248539087783;1196.5264;343.26019512655876;Evaluated;5.6675;0.6587;64;True;1;
28;1;28;5;normal;0;cf401b5ddf28;move;;;45;30;;;;;;;;;;True;False;False;True;;ok;15865.647960840053;15375.248539087783;15375.248539087783;15375.248539087783;158;15375.248539087783;1202.771;490.3994217522704;Evaluated;5.5817;0.6605;64;True;1;
28;1;28;;normal;1;;;;;;;;;;;;;;;;;;;;;End-of-iteration summary row;;;15375.248539087783;15375.248539087783;158;15375.248539087783;1202.7718;;IterationSummary;;;;;;
29;1;29;1;normal;1;cf401b5ddf28;move;;;8;5;;;;;;;;;;True;False;False;False;;ok;15933.012303320138;15375.248539087783;15375.248539087783;15375.248539087783;159;15375.248539087783;1213.4711;557.7637642323552;Evaluated;10.0369;0.656;64;True;2;duplicate_for_same_parent_sequence
29;1;29;2;normal;1;cf401b5ddf28;move;;;35;28;;;;;;;;;;True;False;False;False;;ok;15750.555079607695;15375.248539087783;15375.248539087783;15375.248539087783;160;15375.248539087783;1223.7443;375.30654051991223;Evaluated;9.6134;0.6569;64;True;2;duplicate_for_same_parent_sequence
29;1;29;3;normal;1;cf401b5ddf28;reinsert_block;;;;;;;35;40;28;;;;;True;False;False;False;;ok;16468.76971385141;15375.248539087783;15375.248539087783;15375.248539087783;161;15375.248539087783;1230.805;1093.5211747636258;Evaluated;6.4004;0.6576;64;True;1;
29;1;29;4;normal;1;cf401b5ddf28;move;;;48;52;;;;;;;;;;True;False;False;False;;ok;15379.233665600896;15375.248539087783;15375.248539087783;15375.248539087783;162;15375.248539087783;1237.1678;3.9851265131128457;Evaluated;5.7181;0.644;64;True;1;
29;1;29;5;normal;1;cf401b5ddf28;move;;;42;15;;;;;;;;;;True;False;False;True;;ok;15994.188366710881;15375.248539087783;15375.248539087783;15375.248539087783;163;15375.248539087783;1243.3614;618.9398276230986;Evaluated;5.5339;0.6566;64;True;1;
29;1;29;;normal;2;;;;;;;;;;;;;;;;;;;;;End-of-iteration summary row;;;15375.248539087783;15375.248539087783;163;15375.248539087783;1243.3649;;IterationSummary;;;;;;
30;1;30;1;normal;2;cf401b5ddf28;move;;;5;8;;;;;;;;;;True;False;False;False;;ok;16297.146907279895;15375.248539087783;15375.248539087783;15375.248539087783;164;15375.248539087783;1254.0417;921.8983681921127;Evaluated;10.008;0.659;64;True;2;duplicate_for_same_parent_sequence
30;1;30;2;normal;2;cf401b5ddf28;swap;18;20;;;;;;;;;;;;True;False;False;False;;ok;16917.125891520565;15375.248539087783;15375.248539087783;15375.248539087783;165;15375.248539087783;1260.3668;1541.8773524327826;Evaluated;5.6619;0.6601;64;True;1;
30;1;30;3;normal;2;cf401b5ddf28;reinsert_block;;;;;;;40;45;32;;;;;True;False;False;True;;ok;16279.214712788526;15375.248539087783;15375.248539087783;15375.248539087783;166;15375.248539087783;1266.8827;903.9661737007427;Evaluated;5.8478;0.6654;64;True;1;
30;1;30;4;normal;2;cf401b5ddf28;move;;;50;48;;;;;;;;;;True;False;False;False;;ok;15727.805151135279;15375.248539087783;15375.248539087783;15375.248539087783;167;15375.248539087783;1273.1791;352.55661204749595;Evaluated;5.6503;0.6434;64;True;1;
30;1;30;5;normal;2;cf401b5ddf28;move;;;56;48;;;;;;;;;;True;False;False;False;;ok;15376.934339724783;15375.248539087783;15375.248539087783;15375.248539087783;168;15375.248539087783;1279.4619;1.685800637000284;Evaluated;5.6179;0.6614;64;True;1;
30;1;30;;normal;3;;;;;;;;;;;;;;;;;;;;;End-of-iteration summary row;;;15375.248539087783;15375.248539087783;168;15375.248539087783;1279.4651;;IterationSummary;;;;;;
31;1;31;1;diversification;3;cf401b5ddf28;move;;;56;42;;;;;;;;;;True;False;False;True;;ok;15704.876151546014;15375.248539087783;15375.248539087783;15375.248539087783;169;15375.248539087783;1286.2951;329.62761245823094;Evaluated;6.1603;0.6581;64;True;1;
31;1;31;2;diversification;3;cf401b5ddf28;reinsert_block;;;;;;;20;23;18;;;;;True;False;False;False;;ok;16509.565017686848;15375.248539087783;15375.248539087783;15375.248539087783;170;15375.248539087783;1293.0038;1134.3164785990648;Evaluated;6.0524;0.6534;64;True;1;
31;1;31;3;diversification;3;cf401b5ddf28;swap;35;40;;;;;;;;;;;;True;False;False;False;;ok;15622.52871592682;15375.248539087783;15375.248539087783;15375.248539087783;171;15375.248539087783;1299.3935;247.28017683903636;Evaluated;5.7291;0.6578;64;True;1;
31;1;31;4;diversification;3;cf401b5ddf28;move;;;56;32;;;;;;;;;;True;False;False;True;;ok;16341.179572773191;15375.248539087783;15375.248539087783;15375.248539087783;172;15375.248539087783;1305.7589;965.9310336854087;Evaluated;5.7221;0.6426;64;True;1;
31;1;31;5;diversification;3;cf401b5ddf28;move;;;15;8;;;;;;;;;;True;False;False;False;;ok;15873.749117460582;15375.248539087783;15375.248539087783;15375.248539087783;173;15375.248539087783;1311.8705;498.5005783727993;Evaluated;5.4487;0.6592;64;True;1;
31;1;31;6;diversification;3;cf401b5ddf28;move;;;38;19;;;;;;;;;;True;False;False;True;;ok;16719.089303711273;15375.248539087783;15375.248539087783;15375.248539087783;174;15375.248539087783;1321.9622;1343.84076462349;Evaluated;9.4294;0.6596;64;True;2;duplicate_for_same_parent_sequence
31;1;31;7;diversification;3;cf401b5ddf28;move;;;25;10;;;;;;;;;;True;False;False;True;;ok;15890.558892918021;15375.248539087783;15375.248539087783;15375.248539087783;175;15375.248539087783;1332.0102;515.3103538302385;Evaluated;9.3817;0.6633;64;True;2;duplicate_for_same_parent_sequence
31;1;31;8;diversification;3;cf401b5ddf28;move;;;25;30;;;;;;;;;;True;False;False;False;;ok;15744.415438243745;15375.248539087783;15375.248539087783;15375.248539087783;176;15375.248539087783;1338.3838;369.1668991559618;Evaluated;5.7121;0.658;64;True;1;
31;1;31;9;diversification;3;cf401b5ddf28;move;;;30;25;;;;;;;;;;True;False;False;False;;ok;15824.850904658077;15375.248539087783;15375.248539087783;15375.248539087783;177;15375.248539087783;1348.4106;449.60236557029384;Evaluated;9.3644;0.6596;64;True;2;duplicate_for_same_parent_sequence
31;1;31;10;diversification;3;cf401b5ddf28;move;;;45;38;;;;;;;;;;True;False;False;False;;ok;15379.491771981062;15375.248539087783;15375.248539087783;15375.248539087783;178;15375.248539087783;1358.554;4.243232893279128;Evaluated;9.4758;0.665;64;True;2;duplicate_for_same_parent_sequence
31;1;31;;diversification;4;;;;;;;;;;;;;;;;;;;;;End-of-iteration summary row;;;15375.248539087783;15375.248539087783;178;15375.248539087783;1358.5554;;IterationSummary;;;;;;
32;1;32;1;diversification;4;cf401b5ddf28;move;;;35;10;;;;;;;;;;True;False;False;True;;ok;15814.396374309801;15375.248539087783;15375.248539087783;15375.248539087783;179;15375.248539087783;1369.4272;439.14783522201833;Evaluated;10.2033;0.6561;64;True;2;duplicate_for_same_parent_sequence
32;1;32;2;diversification;4;cf401b5ddf28;reinsert_block;;;;;;;18;21;16;;;;;True;False;False;False;;ok;16013.392564684073;15375.248539087783;15375.248539087783;15375.248539087783;180;15375.248539087783;1384.004;638.1440255962898;Evaluated;13.9135;0.6607;64;True;3;duplicate_for_same_parent_sequence
32;1;32;3;diversification;4;cf401b5ddf28;swap;32;38;;;;;;;;;;;;True;False;False;False;;ok;16422.970770579854;15375.248539087783;15375.248539087783;15375.248539087783;181;15375.248539087783;1394.4414;1047.722231492071;Evaluated;9.7701;0.6644;64;True;2;duplicate_for_same_parent_sequence
32;1;32;4;diversification;4;cf401b5ddf28;move;;;48;10;;;;;;;;;;True;False;False;True;;ok;15968.689907293829;15375.248539087783;15375.248539087783;15375.248539087783;182;15375.248539087783;1404.4941;593.4413682060458;Evaluated;9.3921;0.658;64;True;2;duplicate_for_same_parent_sequence
32;1;32;5;diversification;4;cf401b5ddf28;move;;;40;25;;;;;;;;;;True;False;False;True;;ok;16060.649817805423;15375.248539087783;15375.248539087783;15375.248539087783;183;15375.248539087783;1410.943;685.4012787176398;Evaluated;5.7892;0.6587;64;True;1;
32;1;32;6;diversification;4;cf401b5ddf28;move;;;45;20;;;;;;;;;;True;False;False;True;;ok;16186.481717345207;15375.248539087783;15375.248539087783;15375.248539087783;184;15375.248539087783;1424.7963;811.2331782574238;Evaluated;13.1832;0.6671;64;True;3;duplicate_for_same_parent_sequence
32;1;32;7;diversification;4;cf401b5ddf28;move;;;38;15;;;;;;;;;;True;False;False;True;;ok;15427.286155325306;15375.248539087783;15375.248539087783;15375.248539087783;185;15375.248539087783;1434.87;52.03761623752325;Evaluated;9.4161;0.657;64;True;2;duplicate_for_same_parent_sequence
32;1;32;8;diversification;4;cf401b5ddf28;move;;;40;28;;;;;;;;;;True;False;False;True;;ok;16073.950627531774;15375.248539087783;15375.248539087783;15375.248539087783;186;15375.248539087783;1441.0532;698.7020884439917;Evaluated;5.5114;0.6601;64;True;1;
32;1;32;9;diversification;4;cf401b5ddf28;move;;;20;15;;;;;;;;;;True;False;False;False;;ok;15376.131427092305;15375.248539087783;15375.248539087783;15375.248539087783;187;15375.248539087783;1451.1604;0.8828880045221013;Evaluated;9.4453;0.6588;64;True;2;duplicate_for_same_parent_sequence
32;1;32;10;diversification;4;cf401b5ddf28;move;;;48;35;;;;;;;;;;True;False;False;True;;ok;15500.4603258572;15375.248539087783;15375.248539087783;15375.248539087783;188;15375.248539087783;1461.2945;125.21178676941781;Evaluated;9.4733;0.6572;64;True;2;duplicate_for_same_parent_sequence
32;1;32;;diversification;5;;;;;;;;;;;;;;;;;;;;;End-of-iteration summary row;;;15375.248539087783;15375.248539087783;188;15375.248539087783;1461.2962;;IterationSummary;;;;;;
33;1;33;1;diversification;5;cf401b5ddf28;move;;;30;5;;;;;;;;;;True;False;False;True;;ok;16206.829634985796;15375.248539087783;15375.248539087783;15375.248539087783;189;15375.248539087783;1471.8376;831.5810958980128;Evaluated;9.8715;0.6604;64;True;2;duplicate_for_same_parent_sequence
33;1;33;2;diversification;5;cf401b5ddf28;reinsert_block;;;;;;;18;21;16;;;;;False;True;False;;;ok;;15375.248539087783;15375.248539087783;15375.248539087783;189;15375.248539087783;1485.4905;;DuplicateForSameParentSequenceAfterRetries;13.6502;;;;3;duplicate_for_same_parent_sequence
33;1;33;3;diversification;5;cf401b5ddf28;swap;40;50;;;;;;;;;;;;True;False;False;False;;ok;15783.38031080833;15375.248539087783;15375.248539087783;15375.248539087783;190;15375.248539087783;1499.4714;408.1317717205475;Evaluated;13.337;0.6428;64;True;3;duplicate_for_same_parent_sequence
33;1;33;4;diversification;5;cf401b5ddf28;move;;;50;30;;;;;;;;;;True;False;False;True;;ok;15738.933828060355;15375.248539087783;15375.248539087783;15375.248539087783;191;15375.248539087783;1505.8705;363.6852889725724;Evaluated;5.7417;0.656;64;True;1;
33;1;33;5;diversification;5;cf401b5ddf28;move;;;18;25;;;;;;;;;;True;False;False;False;;ok;16244.737291951713;15375.248539087783;15375.248539087783;15375.248539087783;192;15375.248539087783;1520.0816;869.4887528639301;Evaluated;13.5393;0.669;64;True;3;duplicate_for_same_parent_sequence
33;1;33;6;diversification;5;cf401b5ddf28;move;;;56;30;;;;;;;;;;True;False;False;True;;ok;16343.612982050332;15375.248539087783;15375.248539087783;15375.248539087783;193;15375.248539087783;1526.4845;968.3644429625492;Evaluated;5.7431;0.6566;64;True;1;
33;1;33;7;diversification;5;cf401b5ddf28;move;;;50;2;;;;;;;;;;True;False;False;True;;ok;15345.65045837031;15375.248539087783;15375.248539087783;15375.248539087783;194;15375.248539087783;1532.7807;-29.59808071747284;Evaluated;5.6331;0.6596;64;True;1;
33;1;33;8;diversification;5;cf401b5ddf28;move;;;50;28;;;;;;;;;;True;False;False;True;;ok;15730.130592750105;15375.248539087783;15375.248539087783;15375.248539087783;195;15375.248539087783;1539.0816;354.8820536623225;Evaluated;5.6549;0.643;64;True;1;
33;1;33;9;diversification;5;cf401b5ddf28;move;;;28;10;;;;;;;;;;True;False;False;True;;ok;16783.06206906248;15375.248539087783;15375.248539087783;15375.248539087783;196;15375.248539087783;1545.4799;1407.8135299746955;Evaluated;5.7371;0.6604;64;True;1;
33;1;33;10;diversification;5;cf401b5ddf28;swap;39;51;;;;;;;;;;;;True;False;False;True;;ok;16202.856347731691;15375.248539087783;15375.248539087783;15375.248539087783;197;15375.248539087783;1555.5382;827.6078086439084;Evaluated;9.3949;0.6606;64;True;2;duplicate_for_same_parent_sequence
33;1;33;;diversification;0;;;;;;;;;;;;;;;;;;;;;End-of-iteration summary row;;;15345.65045837031;15345.65045837031;197;15345.65045837031;1555.5591;;IterationSummary;;;;;;
34;1;34;1;normal;0;be4f64b67649;move;;;8;3;;;;;;;;;;True;False;False;False;;ok;15900.561826843219;15345.65045837031;15345.65045837031;15345.65045837031;198;15345.65045837031;1562.6572;554.9113684729091;Evaluated;6.4311;0.6575;64;True;1;
34;1;34;2;normal;0;be4f64b67649;swap;20;21;;;;;;;;;;;;True;False;False;False;;ok;15345.65045837031;15345.65045837031;15345.65045837031;15345.65045837031;199;15345.65045837031;1569.2984;0.0;Evaluated;5.9834;0.6566;64;True;1;
34;1;34;3;normal;0;be4f64b67649;reinsert_block;;;;;;;32;36;40;;;;;True;False;False;False;;ok;16178.516228013255;15345.65045837031;15345.65045837031;15345.65045837031;200;15345.65045837031;1576.0925;832.8657696429455;Evaluated;6.1188;0.6746;64;True;1;
34;1;34;4;normal;0;be4f64b67649;move;;;50;10;;;;;;;;;;True;False;False;True;;ok;15993.003160154114;15345.65045837031;15345.65045837031;15345.65045837031;201;15345.65045837031;1582.4563;647.3527017838042;Evaluated;5.7021;0.6595;64;True;1;
34;1;34;5;normal;0;be4f64b67649;move;;;50;3;;;;;;;;;;True;False;False;True;;ok;16269.88949029888;15345.65045837031;15345.65045837031;15345.65045837031;202;15345.65045837031;1588.7464;924.2390319285696;Evaluated;5.628;0.6592;64;True;1;
34;1;34;;normal;1;;;;;;;;;;;;;;;;;;;;;End-of-iteration summary row;;;15345.65045837031;15345.65045837031;202;15345.65045837031;1588.7497;;IterationSummary;;;;;;
35;1;35;1;normal;1;be4f64b67649;move;;;5;2;;;;;;;;;;True;False;False;False;;ok;15797.582770716044;15345.65045837031;15345.65045837031;15345.65045837031;203;15345.65045837031;1595.4689;451.9323123457343;Evaluated;6.0467;0.6586;64;True;1;
35;1;35;2;normal;1;be4f64b67649;swap;18;20;;;;;;;;;;;;True;False;False;False;;ok;16566.019592357396;15345.65045837031;15345.65045837031;15345.65045837031;204;15345.65045837031;1602.1499;1220.3691339870857;Evaluated;6.0209;0.6571;64;True;1;
35;1;35;3;normal;1;be4f64b67649;reinsert_block;;;;;;;35;42;28;;;;;True;False;False;False;;ok;16523.484742751796;15345.65045837031;15345.65045837031;15345.65045837031;205;15345.65045837031;1608.6197;1177.8342843814862;Evaluated;5.8198;0.6472;64;True;1;
35;1;35;4;normal;1;be4f64b67649;move;;;56;30;;;;;;;;;;True;False;False;True;;ok;15543.592437066756;15345.65045837031;15345.65045837031;15345.65045837031;206;15345.65045837031;1614.8811;197.9419786964463;Evaluated;5.6026;0.6564;64;True;1;
35;1;35;5;normal;1;be4f64b67649;move;;;54;25;;;;;;;;;;True;False;False;True;;ok;16346.295727413355;15345.65045837031;15345.65045837031;15345.65045837031;207;15345.65045837031;1624.6412;1000.6452690430451;Evaluated;9.1007;0.6587;64;True;2;duplicate_for_same_parent_sequence
35;1;35;;normal;2;;;;;;;;;;;;;;;;;;;;;End-of-iteration summary row;;;15345.65045837031;15345.65045837031;207;15345.65045837031;1624.6427;;IterationSummary;;;;;;
36;1;36;1;normal;2;be4f64b67649;move;;;10;5;;;;;;;;;;True;False;False;False;;ok;16437.351366741594;15345.65045837031;15345.65045837031;15345.65045837031;208;15345.65045837031;1631.5193;1091.7009083712837;Evaluated;6.2139;0.6566;64;True;1;
36;1;36;2;normal;2;be4f64b67649;swap;17;25;;;;;;;;;;;;True;False;False;False;;ok;16241.34386559227;15345.65045837031;15345.65045837031;15345.65045837031;209;15345.65045837031;1641.9076;895.6934072219592;Evaluated;9.7193;0.6684;64;True;2;duplicate_for_same_parent_sequence
36;1;36;3;normal;2;be4f64b67649;reinsert_block;;;;;;;35;41;28;;;;;True;False;False;False;;ok;16531.942473751496;15345.65045837031;15345.65045837031;15345.65045837031;210;15345.65045837031;1649.0745;1186.2920153811865;Evaluated;6.504;0.6597;64;True;1;
36;1;36;4;normal;2;be4f64b67649;move;;;50;48;;;;;;;;;;True;False;False;False;;ok;15545.621963792932;15345.65045837031;15345.65045837031;15345.65045837031;211;15345.65045837031;1655.4296;199.9715054226217;Evaluated;5.6843;0.6678;64;True;1;
36;1;36;5;normal;2;be4f64b67649;move;;;50;18;;;;;;;;;;True;False;False;True;;ok;15998.681417209233;15345.65045837031;15345.65045837031;15345.65045837031;212;15345.65045837031;1661.77;653.0309588389227;Evaluated;5.6803;0.6574;64;True;1;
36;1;36;;normal;3;;;;;;;;;;;;;;;;;;;;;End-of-iteration summary row;;;15345.65045837031;15345.65045837031;212;15345.65045837031;1661.7733;;IterationSummary;;;;;;
37;1;37;1;diversification;3;be4f64b67649;move;;;8;2;;;;;;;;;;True;False;False;False;;ok;15976.08751700205;15345.65045837031;15345.65045837031;15345.65045837031;213;15345.65045837031;1672.6608;630.43705863174;Evaluated;10.2201;0.6573;64;True;2;duplicate_for_same_parent_sequence
37;1;37;2;diversification;3;be4f64b67649;reinsert_block;;;;;;;18;25;30;;;;;True;False;False;False;;ok;15793.784853288647;15345.65045837031;15345.65045837031;15345.65045837031;214;15345.65045837031;1679.4631;448.1343949183374;Evaluated;6.142;0.6589;64;True;1;
37;1;37;3;diversification;3;be4f64b67649;swap;32;47;;;;;;;;;;;;True;False;False;True;;ok;15853.06766315094;15345.65045837031;15345.65045837031;15345.65045837031;215;15345.65045837031;1685.9086;507.4172047806296;Evaluated;5.784;0.6584;64;True;1;
37;1;37;4;diversification;3;be4f64b67649;reinsert_block;;;;;;;48;52;36;;;;;True;False;False;True;;ok;15914.15355486039;15345.65045837031;15345.65045837031;15345.65045837031;216;15345.65045837031;1696.095;568.5030964900798;Evaluated;9.5176;0.6662;64;True;2;duplicate_for_same_parent_sequence
37;1;37;5;diversification;3;be4f64b67649;swap;10;15;;;;;;;;;;;;True;False;False;False;;ok;16269.232899045897;15345.65045837031;15345.65045837031;15345.65045837031;217;15345.65045837031;1705.8162;923.5824406755873;Evaluated;9.0553;0.6652;64;True;2;duplicate_for_same_parent_sequence
37;1;37;6;diversification;3;be4f64b67649;swap;40;45;;;;;;;;;;;;True;False;False;False;;ok;15351.11674773757;15345.65045837031;15345.65045837031;15345.65045837031;218;15345.65045837031;1715.8803;5.466289367259378;Evaluated;9.4036;0.658;64;True;2;duplicate_for_same_parent_sequence
37;1;37;7;diversification;3;be4f64b67649;move;;;28;15;;;;;;;;;;True;False;False;True;;ok;15871.690886039203;15345.65045837031;15345.65045837031;15345.65045837031;219;15345.65045837031;1722.1927;526.0404276688932;Evaluated;5.65;0.6599;64;True;1;
37;1;37;8;diversification;3;be4f64b67649;move;;;8;15;;;;;;;;;;True;False;False;False;;ok;15930.914942539632;15345.65045837031;15345.65045837031;15345.65045837031;220;15345.65045837031;1728.3334;585.2644841693218;Evaluated;5.4716;0.6669;64;True;1;
37;1;37;9;diversification;3;be4f64b67649;move;;;28;35;;;;;;;;;;True;False;False;False;;ok;15874.31628011482;15345.65045837031;15345.65045837031;15345.65045837031;221;15345.65045837031;1734.6562;528.6658217445092;Evaluated;5.6635;0.6586;64;True;1;
37;1;37;10;diversification;3;be4f64b67649;move;;;54;20;;;;;;;;;;True;False;False;True;;ok;16740.171391315387;15345.65045837031;15345.65045837031;15345.65045837031;222;15345.65045837031;1741.0485;1394.5209329450772;Evaluated;5.7357;0.6553;64;True;1;
37;1;37;;diversification;4;;;;;;;;;;;;;;;;;;;;;End-of-iteration summary row;;;15345.65045837031;15345.65045837031;222;15345.65045837031;1741.0492;;IterationSummary;;;;;;
38;1;38;1;diversification;4;be4f64b67649;move;;;20;15;;;;;;;;;;True;False;False;False;;ok;16009.378638047385;15345.65045837031;15345.65045837031;15345.65045837031;223;15345.65045837031;1747.9376;663.7281796770749;Evaluated;6.2259;0.6569;64;True;1;
38;1;38;2;diversification;4;be4f64b67649;move;;;40;16;;;;;;;;;;True;False;False;True;;ok;15872.804706126226;15345.65045837031;15345.65045837031;15345.65045837031;224;15345.65045837031;1758.8155;527.154247755916;Evaluated;10.2141;0.6616;64;True;2;duplicate_for_same_parent_sequence
38;1;38;3;diversification;4;be4f64b67649;swap;32;40;;;;;;;;;;;;True;False;False;False;;ok;15645.566148120432;15345.65045837031;15345.65045837031;15345.65045837031;225;15345.65045837031;1765.5102;299.9156897501216;Evaluated;6.025;0.6672;64;True;1;
38;1;38;4;diversification;4;be4f64b67649;move;;;50;42;;;;;;;;;;True;False;False;False;;ok;15602.277893089251;15345.65045837031;15345.65045837031;15345.65045837031;226;15345.65045837031;1771.8586;256.627434718941;Evaluated;5.675;0.6696;64;True;1;
38;1;38;5;diversification;4;be4f64b67649;move;;;24;30;;;;;;;;;;True;False;False;False;;ok;15726.646205313604;15345.65045837031;15345.65045837031;15345.65045837031;227;15345.65045837031;1781.9862;380.99574694329385;Evaluated;9.4666;0.6583;64;True;2;duplicate_for_same_parent_sequence
38;1;38;6;diversification;4;be4f64b67649;move;;;56;48;;;;;;;;;;True;False;False;False;;ok;15196.06248011975;15345.65045837031;15345.65045837031;15345.65045837031;228;15345.65045837031;1788.4204;-149.5879782505599;EvaluatedImprovementDespiteDiversificationMismatch;5.772;0.6596;64;True;1;
38;1;38;7;diversification;4;be4f64b67649;move;;;45;38;;;;;;;;;;True;False;False;False;;ok;15862.1804450197;15345.65045837031;15345.65045837031;15345.65045837031;229;15345.65045837031;1794.7901;516.5299866493897;Evaluated;5.7071;0.6595;64;True;1;
38;1;38;8;diversification;4;be4f64b67649;move;;;18;30;;;;;;;;;;True;False;False;True;;ok;15866.043751291289;15345.65045837031;15345.65045837031;15345.65045837031;230;15345.65045837031;1801.1937;520.3932929209786;Evaluated;5.7309;0.6702;64;True;1;
38;1;38;9;diversification;4;be4f64b67649;move;;;25;30;;;;;;;;;;True;False;False;False;;ok;16203.679530139785;15345.65045837031;15345.65045837031;15345.65045837031;231;15345.65045837031;1807.6039;858.0290717694752;Evaluated;5.748;0.6593;64;True;1;
38;1;38;10;diversification;4;be4f64b67649;move;;;52;36;;;;;;;;;;True;False;False;True;;ok;15411.490840813829;15345.65045837031;15345.65045837031;15345.65045837031;232;15345.65045837031;1821.4004;65.84038244351905;Evaluated;13.134;0.6595;64;True;3;duplicate_for_same_parent_sequence
38;1;38;;diversification;0;;;;;;;;;;;;;;;;;;;;;End-of-iteration summary row;;;15196.06248011975;15196.06248011975;232;15196.06248011975;1821.4153;;IterationSummary;;;;;;
39;1;39;1;normal;0;6c8bc7bf0818;move;;;10;5;;;;;;;;;;True;False;False;False;;ok;16293.262620026939;15196.06248011975;15196.06248011975;15196.06248011975;233;15196.06248011975;1828.245;1097.2001399071887;Evaluated;6.1622;0.6593;64;True;1;
39;1;39;2;normal;0;6c8bc7bf0818;swap;17;20;;;;;;;;;;;;True;False;False;False;;ok;15871.437937421839;15196.06248011975;15196.06248011975;15196.06248011975;234;15196.06248011975;1834.5557;675.3754573020888;Evaluated;5.6417;0.6658;64;True;1;
39;1;39;3;normal;0;6c8bc7bf0818;reinsert_block;;;;;;;32;38;40;;;;;True;False;False;False;;ok;15816.18050533145;15196.06248011975;15196.06248011975;15196.06248011975;235;15196.06248011975;1841.1976;620.1180252116992;Evaluated;5.9714;0.6677;64;True;1;
39;1;39;4;normal;0;6c8bc7bf0818;move;;;58;49;;;;;;;;;;True;False;False;False;;ok;15193.85707159249;15196.06248011975;15196.06248011975;15196.06248011975;236;15196.06248011975;1847.1697;-2.205408527259351;Evaluated;5.3104;0.6593;64;True;1;
39;1;39;5;normal;0;6c8bc7bf0818;move;;;20;15;;;;;;;;;;True;False;False;False;;ok;15860.339558330601;15196.06248011975;15196.06248011975;15196.06248011975;237;15196.06248011975;1853.5333;664.277078210851;Evaluated;5.6996;0.6611;64;True;1;
39;1;39;;normal;0;;;;;;;;;;;;;;;;;;;;;End-of-iteration summary row;;;15193.85707159249;15193.85707159249;237;15193.85707159249;1853.5469;;IterationSummary;;;;;;
40;1;40;1;normal;0;92b9cbc4ebed;move;;;10;5;;;;;;;;;;True;False;False;False;;ok;16293.465060242412;15193.85707159249;15193.85707159249;15193.85707159249;238;15193.85707159249;1860.3045;1099.607988649921;Evaluated;6.0908;0.6601;64;True;1;
40;1;40;2;normal;0;92b9cbc4ebed;swap;18;20;;;;;;;;;;;;True;False;False;False;;ok;16416.98051264061;15193.85707159249;15193.85707159249;15193.85707159249;239;15193.85707159249;1866.5705;1223.1234410481193;Evaluated;5.6048;0.658;64;True;1;
40;1;40;3;normal;0;92b9cbc4ebed;reinsert_block;;;;;;;35;40;28;;;;;True;False;False;False;;ok;16379.736251376287;15193.85707159249;15193.85707159249;15193.85707159249;240;15193.85707159249;1873.3394;1185.8791797837966;Evaluated;6.1211;0.6443;64;True;1;
40;1;40;4;normal;0;92b9cbc4ebed;move;;;56;30;;;;;;;;;;True;False;False;True;;ok;15809.59694972576;15193.85707159249;15193.85707159249;15193.85707159249;241;15193.85707159249;1879.6129;615.7398781332686;Evaluated;5.6104;0.6602;64;True;1;
40;1;40;5;normal;0;92b9cbc4ebed;move;;;50;42;;;;;;;;;;True;False;False;False;;ok;15396.0861926196;15193.85707159249;15193.85707159249;15193.85707159249;242;15193.85707159249;1885.9482;202.2291210271087;Evaluated;5.6741;0.6585;64;True;1;
40;1;40;;normal;1;;;;;;;;;;;;;;;;;;;;;End-of-iteration summary row;;;15193.85707159249;15193.85707159249;242;15193.85707159249;1885.9492;;IterationSummary;;;;;;
41;1;41;1;normal;1;92b9cbc4ebed;move;;;20;15;;;;;;;;;;True;False;False;False;;ok;15860.339558330601;15193.85707159249;15193.85707159249;15193.85707159249;243;15193.85707159249;1896.3492;666.4824867381103;Evaluated;9.7289;0.6642;64;True;2;duplicate_for_same_parent_sequence
41;1;41;2;normal;1;92b9cbc4ebed;swap;17;20;;;;;;;;;;;;True;False;False;False;;ok;15872.922653460344;15193.85707159249;15193.85707159249;15193.85707159249;244;15193.85707159249;1902.7082;679.0655818678533;Evaluated;5.6999;0.6583;64;True;1;
41;1;41;3;normal;1;92b9cbc4ebed;move;;;17;22;;;;;;;;;;True;False;False;False;;ok;15731.82612847688;15193.85707159249;15193.85707159249;15193.85707159249;245;15193.85707159249;1913.1689;537.9690568843889;Evaluated;9.8153;0.6435;64;True;2;duplicate_for_same_parent_sequence
41;1;41;4;normal;1;92b9cbc4ebed;move;;;56;40;;;;;;;;;;True;False;False;True;;ok;15498.602857234815;15193.85707159249;15193.85707159249;15193.85707159249;246;15193.85707159249;1919.5179;304.74578564232434;Evaluated;5.6851;0.6607;64;True;1;
41;1;41;5;normal;1;92b9cbc4ebed;move;;;25;10;;;;;;;;;;True;False;False;True;;ok;15840.273222932437;15193.85707159249;15193.85707159249;15193.85707159249;247;15193.85707159249;1926.0379;646.4161513399467;Evaluated;5.8582;0.6593;64;True;1;
41;1;41;;normal;2;;;;;;;;;;;;;;;;;;;;;End-of-iteration summary row;;;15193.85707159249;15193.85707159249;247;15193.85707159249;1926.0406;;IterationSummary;;;;;;
42;1;42;1;normal;2;92b9cbc4ebed;move;;;8;3;;;;;;;;;;True;False;False;False;;ok;15756.675520344039;15193.85707159249;15193.85707159249;15193.85707159249;248;15193.85707159249;1940.0601;562.8184487515482;Evaluated;13.3526;0.6546;64;True;3;duplicate_for_same_parent_sequence
42;1;42;2;normal;2;92b9cbc4ebed;swap;20;21;;;;;;;;;;;;True;False;False;False;;ok;15193.85707159249;15193.85707159249;15193.85707159249;15193.85707159249;249;15193.85707159249;1946.3115;0.0;Evaluated;5.5924;0.6583;64;True;1;
42;1;42;3;normal;2;92b9cbc4ebed;move;;;56;35;;;;;;;;;;True;False;False;True;;ok;15418.801212575663;15193.85707159249;15193.85707159249;15193.85707159249;250;15193.85707159249;1956.787;224.94414098317247;Evaluated;9.7973;0.6757;64;True;2;duplicate_for_same_parent_sequence
42;1;42;4;normal;2;92b9cbc4ebed;move;;;52;48;;;;;;;;;;True;False;False;False;;ok;15312.143777048404;15193.85707159249;15193.85707159249;15193.85707159249;251;15193.85707159249;1963.1324;118.28670545591376;Evaluated;5.684;0.659;64;True;1;
42;1;42;5;normal;2;92b9cbc4ebed;swap;10;25;;;;;;;;;;;;True;False;False;True;;ok;17298.60517185313;15193.85707159249;15193.85707159249;15193.85707159249;252;15193.85707159249;1973.1808;2104.74810026064;Evaluated;9.3869;0.6582;64;True;2;duplicate_for_same_parent_sequence
42;1;42;;normal;3;;;;;;;;;;;;;;;;;;;;;End-of-iteration summary row;;;15193.85707159249;15193.85707159249;252;15193.85707159249;1973.1837;;IterationSummary;;;;;;
43;1;43;1;diversification;3;92b9cbc4ebed;move;;;34;18;;;;;;;;;;True;False;False;True;;ok;15996.483784342141;15193.85707159249;15193.85707159249;15193.85707159249;253;15193.85707159249;1983.7275;802.6267127496503;Evaluated;9.8768;0.658;64;True;2;duplicate_for_same_parent_sequence
43;1;43;2;diversification;3;92b9cbc4ebed;reinsert_block;;;;;;;18;24;35;;;;;True;False;False;True;;ok;15960.21144952538;15193.85707159249;15193.85707159249;15193.85707159249;254;15193.85707159249;1990.553;766.3543779328902;Evaluated;6.1644;0.6578;64;True;1;
43;1;43;3;diversification;3;92b9cbc4ebed;swap;35;40;;;;;;;;;;;;True;False;False;False;;ok;15203.704742472077;15193.85707159249;15193.85707159249;15193.85707159249;255;15193.85707159249;1996.9345;9.847670879586076;Evaluated;5.7361;0.6421;64;True;1;
43;1;43;4;diversification;3;92b9cbc4ebed;move;;;53;49;;;;;;;;;;True;False;False;False;;ok;15202.731873847324;15193.85707159249;15193.85707159249;15193.85707159249;256;15193.85707159249;2007.3439;8.874802254833412;Evaluated;9.7509;0.658;64;True;2;duplicate_for_same_parent_sequence
43;1;43;5;diversification;3;92b9cbc4ebed;move;;;30;25;;;;;;;;;;True;False;False;False;;ok;15303.381141010206;15193.85707159249;15193.85707159249;15193.85707159249;257;15193.85707159249;2014.0284;109.52406941771551;Evaluated;6.0247;0.6589;64;True;1;
43;1;43;6;diversification;3;92b9cbc4ebed;move;;;30;15;;;;;;;;;;True;False;False;True;;ok;15817.477539854854;15193.85707159249;15193.85707159249;15193.85707159249;258;15193.85707159249;2023.7692;623.6204682623629;Evaluated;9.0705;0.6671;64;True;2;duplicate_for_same_parent_sequence
43;1;43;7;diversification;3;92b9cbc4ebed;move;;;28;35;;;;;;;;;;True;False;False;False;;ok;15725.277200398035;15193.85707159249;15193.85707159249;15193.85707159249;259;15193.85707159249;2030.1132;531.4201288055447;Evaluated;5.684;0.656;64;True;1;
43;1;43;8;diversification;3;92b9cbc4ebed;move;;;25;18;;;;;;;;;;True;False;False;False;;ok;16341.957054269113;15193.85707159249;15193.85707159249;15193.85707159249;260;15193.85707159249;2043.6962;1148.099982676622;Evaluated;12.9155;0.6661;64;True;3;duplicate_for_same_parent_sequence
43;1;43;9;diversification;3;92b9cbc4ebed;move;;;37;48;;;;;;;;;;True;False;False;True;;ok;15587.353513175069;15193.85707159249;15193.85707159249;15193.85707159249;261;15193.85707159249;2053.8608;393.496441582578;Evaluated;9.5051;0.6583;64;True;2;duplicate_for_same_parent_sequence
43;1;43;10;diversification;3;92b9cbc4ebed;move;;;48;35;;;;;;;;;;True;False;False;True;;ok;16175.060370626335;15193.85707159249;15193.85707159249;15193.85707159249;262;15193.85707159249;2064.1471;981.2032990338448;Evaluated;9.6242;0.659;64;True;2;duplicate_for_same_parent_sequence
43;1;43;;diversification;4;;;;;;;;;;;;;;;;;;;;;End-of-iteration summary row;;;15193.85707159249;15193.85707159249;262;15193.85707159249;2064.1498;;IterationSummary;;;;;;
44;1;44;1;diversification;4;92b9cbc4ebed;move;;;10;2;;;;;;;;;;True;False;False;False;;ok;15805.629659078362;15193.85707159249;15193.85707159249;15193.85707159249;263;15193.85707159249;2070.9591;611.7725874858716;Evaluated;6.1386;0.6571;64;True;1;
44;1;44;2;diversification;4;92b9cbc4ebed;reinsert_block;;;;;;;20;24;35;;;;;True;False;False;True;;ok;15700.921546293896;15193.85707159249;15193.85707159249;15193.85707159249;264;15193.85707159249;2077.4836;507.06447470140483;Evaluated;5.8662;0.6567;64;True;1;
44;1;44;3;diversification;4;92b9cbc4ebed;swap;32;47;;;;;;;;;;;;True;False;False;True;;ok;15845.902286321796;15193.85707159249;15193.85707159249;15193.85707159249;265;15193.85707159249;2083.8644;652.0452147293054;Evaluated;5.7089;0.6688;64;True;1;
44;1;44;4;diversification;4;92b9cbc4ebed;move;;;56;48;;;;;;;;;;True;False;False;False;;ok;15337.37735008513;15193.85707159249;15193.85707159249;15193.85707159249;266;15193.85707159249;2090.0811;143.52027849263868;Evaluated;5.5451;0.6686;64;True;1;
44;1;44;5;diversification;4;92b9cbc4ebed;swap;8;12;;;;;;;;;;;;True;False;False;False;;ok;16038.23524700732;15193.85707159249;15193.85707159249;15193.85707159249;267;15193.85707159249;2100.1877;844.3781754148295;Evaluated;9.4463;0.6575;64;True;2;duplicate_for_same_parent_sequence
44;1;44;6;diversification;4;92b9cbc4ebed;move;;;40;25;;;;;;;;;;True;False;False;True;;ok;15844.206030590822;15193.85707159249;15193.85707159249;15193.85707159249;268;15193.85707159249;2106.8593;650.348958998331;Evaluated;6.0119;0.6572;64;True;1;
44;1;44;7;diversification;4;92b9cbc4ebed;move;;;50;18;;;;;;;;;;True;False;False;True;;ok;15263.866865979342;15193.85707159249;15193.85707159249;15193.85707159249;269;15193.85707159249;2113.1997;70.00979438685135;Evaluated;5.6799;0.6577;64;True;1;
44;1;44;8;diversification;4;92b9cbc4ebed;move;;;10;25;;;;;;;;;;True;False;False;True;;ok;16028.861645094425;15193.85707159249;15193.85707159249;15193.85707159249;270;15193.85707159249;2119.5518;835.0045735019339;Evaluated;5.6948;0.6566;64;True;1;
44;1;44;9;diversification;4;92b9cbc4ebed;move;;;30;18;;;;;;;;;;True;False;False;True;;ok;15678.50516718166;15193.85707159249;15193.85707159249;15193.85707159249;271;15193.85707159249;2133.705;484.6480955891693;Evaluated;13.4827;0.6676;64;True;3;duplicate_for_same_parent_sequence
44;1;44;10;diversification;4;92b9cbc4ebed;move;;;50;38;;;;;;;;;;True;False;False;True;;ok;15263.866865979342;15193.85707159249;15193.85707159249;15193.85707159249;272;15193.85707159249;2143.8603;70.00979438685135;Evaluated;9.4924;0.6598;64;True;2;duplicate_for_same_parent_sequence
44;1;44;;diversification;5;;;;;;;;;;;;;;;;;;;;;End-of-iteration summary row;;;15193.85707159249;15193.85707159249;272;15193.85707159249;2143.8611;;IterationSummary;;;;;;
45;1;45;1;diversification;5;92b9cbc4ebed;move;;;5;20;;;;;;;;;;True;False;False;True;;ok;16195.549014256147;15193.85707159249;15193.85707159249;15193.85707159249;273;15193.85707159249;2158.2982;1001.6919426636559;Evaluated;13.7732;0.6574;64;True;3;duplicate_for_same_parent_sequence
45;1;45;2;diversification;5;92b9cbc4ebed;move;;;18;3;;;;;;;;;;True;False;False;True;;ok;15909.130414467283;15193.85707159249;15193.85707159249;15193.85707159249;274;15193.85707159249;2169.208;715.2733428747924;Evaluated;10.248;0.6591;64;True;2;duplicate_for_same_parent_sequence
45;1;45;3;diversification;5;92b9cbc4ebed;swap;32;47;;;;;;;;;;;;False;True;False;;;ok;;15193.85707159249;15193.85707159249;15193.85707159249;274;15193.85707159249;2182.9789;;DuplicateForSameParentSequenceAfterRetries;13.7683;;;;3;duplicate_for_same_parent_sequence
45;1;45;4;diversification;5;92b9cbc4ebed;move;;;50;2;;;;;;;;;;True;False;False;True;;ok;15375.090521110464;15193.85707159249;15193.85707159249;15193.85707159249;275;15193.85707159249;2189.4914;181.23344951797299;Evaluated;5.8518;0.6597;64;True;1;
45;1;45;5;diversification;5;92b9cbc4ebed;swap;3;7;;;;;;;;;;;;True;False;False;False;;ok;16314.210195861842;15193.85707159249;15193.85707159249;15193.85707159249;276;15193.85707159249;2199.7144;1120.3531242693516;Evaluated;9.5627;0.6578;64;True;2;duplicate_for_same_parent_sequence
45;1;45;6;diversification;5;92b9cbc4ebed;move;;;45;20;;;;;;;;;;True;False;False;True;;ok;16004.693081135294;15193.85707159249;15193.85707159249;15193.85707159249;277;15193.85707159249;2209.8255;810.8360095428034;Evaluated;9.4411;0.6682;64;True;2;duplicate_for_same_parent_sequence
45;1;45;7;diversification;5;92b9cbc4ebed;move;;;15;45;;;;;;;;;;True;False;False;True;;ok;15834.723027083226;15193.85707159249;15193.85707159249;15193.85707159249;278;15193.85707159249;2219.8945;640.8659554907354;Evaluated;9.4074;0.6582;64;True;2;duplicate_for_same_parent_sequence
45;1;45;8;diversification;5;92b9cbc4ebed;move;;;8;15;;;;;;;;;;True;False;False;False;;ok;15781.875862822848;15193.85707159249;15193.85707159249;15193.85707159249;279;15193.85707159249;2230.2509;588.0187912303572;Evaluated;9.7003;0.6552;64;True;2;duplicate_for_same_parent_sequence
45;1;45;9;diversification;5;92b9cbc4ebed;move;;;25;30;;;;;;;;;;True;False;False;False;;ok;16058.194378170838;15193.85707159249;15193.85707159249;15193.85707159249;280;15193.85707159249;2236.6324;864.3373065783471;Evaluated;5.7205;0.6581;64;True;1;
45;1;45;10;diversification;5;92b9cbc4ebed;move;;;50;20;;;;;;;;;;True;False;False;True;;ok;15263.866865979342;15193.85707159249;15193.85707159249;15193.85707159249;281;15193.85707159249;2243.0409;70.00979438685135;Evaluated;5.7463;0.6594;64;True;1;
45;1;45;;diversification;6;;;;;;;;;;;;;;;;;;;;;End-of-iteration summary row;;;15193.85707159249;15193.85707159249;281;15193.85707159249;2243.0448;;IterationSummary;;;;;;
46;1;46;1;diversification;6;92b9cbc4ebed;move;;;3;20;;;;;;;;;;True;False;False;True;;ok;16127.984731292323;15193.85707159249;15193.85707159249;15193.85707159249;282;15193.85707159249;2253.6232;934.1276596998323;Evaluated;9.9081;0.6567;64;True;2;duplicate_for_same_parent_sequence
46;1;46;2;diversification;6;92b9cbc4ebed;reinsert_block;;;;;;;18;23;5;;;;;True;False;False;True;;ok;16208.808164932698;15193.85707159249;15193.85707159249;15193.85707159249;283;15193.85707159249;2260.7736;1014.9510933402071;Evaluated;6.4911;0.658;64;True;1;
46;1;46;3;diversification;6;92b9cbc4ebed;swap;35;40;;;;;;;;;;;;False;True;False;;;ok;;15193.85707159249;15193.85707159249;15193.85707159249;283;15193.85707159249;2274.2286;;DuplicateForSameParentSequenceAfterRetries;13.4515;;;;3;duplicate_for_same_parent_sequence
46;1;46;4;diversification;6;92b9cbc4ebed;move;;;50;3;;;;;;;;;;True;False;False;True;;ok;15375.090521110464;15193.85707159249;15193.85707159249;15193.85707159249;284;15193.85707159249;2280.5378;181.23344951797299;Evaluated;5.646;0.6622;64;True;1;
46;1;46;5;diversification;6;92b9cbc4ebed;move;;;20;45;;;;;;;;;;True;False;False;True;;ok;16019.318023367397;15193.85707159249;15193.85707159249;15193.85707159249;285;15193.85707159249;2286.8586;825.4609517749068;Evaluated;5.6638;0.6561;64;True;1;
46;1;46;6;diversification;6;92b9cbc4ebed;move;;;50;10;;;;;;;;;;True;False;False;True;;ok;15323.725766311387;15193.85707159249;15193.85707159249;15193.85707159249;286;15193.85707159249;2293.2718;129.86869471889622;Evaluated;5.7527;0.6588;64;True;1;
46;1;46;7;diversification;6;92b9cbc4ebed;move;;;40;10;;;;;;;;;;True;False;False;True;;ok;16188.039931402349;15193.85707159249;15193.85707159249;15193.85707159249;287;15193.85707159249;2303.2031;994.1828598098582;Evaluated;9.2596;0.6684;64;True;2;duplicate_for_same_parent_sequence
46;1;46;8;diversification;6;92b9cbc4ebed;move;;;18;5;;;;;;;;;;True;False;False;True;;ok;15941.531321386641;15193.85707159249;15193.85707159249;15193.85707159249;288;15193.85707159249;2309.5403;747.6742497941505;Evaluated;5.6799;0.6544;64;True;1;
46;1;46;9;diversification;6;92b9cbc4ebed;move;;;10;30;;;;;;;;;;True;False;False;True;;ok;16096.908736967089;15193.85707159249;15193.85707159249;15193.85707159249;289;15193.85707159249;2319.92;903.0516653745981;Evaluated;9.7219;0.657;64;True;2;duplicate_for_same_parent_sequence
46;1;46;10;diversification;6;92b9cbc4ebed;move;;;50;35;;;;;;;;;;True;False;False;True;;ok;15265.945379706069;15193.85707159249;15193.85707159249;15193.85707159249;290;15193.85707159249;2326.2422;72.08830811357802;Evaluated;5.6674;0.654;64;True;1;
46;1;46;;diversification;7;;;;;;;;;;;;;;;;;;;;;End-of-iteration summary row;;;15193.85707159249;15193.85707159249;290;15193.85707159249;2326.2429;;IterationSummary;;;;;;
47;1;47;1;diversification;7;92b9cbc4ebed;move;;;15;5;;;;;;;;;;True;False;False;True;;ok;15929.696840088434;15193.85707159249;15193.85707159249;15193.85707159249;291;15193.85707159249;2340.3295;735.8397684959436;Evaluated;13.4224;0.6586;64;True;3;duplicate_for_same_parent_sequence
47;1;47;2;diversification;7;92b9cbc4ebed;move;;;18;30;;;;;;;;;;True;False;False;True;;ok;15710.206276756862;15193.85707159249;15193.85707159249;15193.85707159249;292;15193.85707159249;2354.7107;516.3492051643716;Evaluated;13.7144;0.6634;64;True;3;duplicate_for_same_parent_sequence
47;1;47;3;diversification;7;92b9cbc4ebed;swap;35;40;;;;;;;;;;;;False;True;False;;;ok;;15193.85707159249;15193.85707159249;15193.85707159249;292;15193.85707159249;2367.9429;;DuplicateForSameParentSequenceAfterRetries;13.2293;;;;3;duplicate_for_same_parent_sequence
47;1;47;4;diversification;7;92b9cbc4ebed;move;;;50;25;;;;;;;;;;True;False;False;True;;ok;15265.417221353873;15193.85707159249;15193.85707159249;15193.85707159249;293;15193.85707159249;2374.1315;71.56014976138249;Evaluated;5.5222;0.6653;64;True;1;
47;1;47;5;diversification;7;92b9cbc4ebed;move;;;30;45;;;;;;;;;;True;False;False;True;;ok;15742.362348462739;15193.85707159249;15193.85707159249;15193.85707159249;294;15193.85707159249;2384.6955;548.505276870248;Evaluated;9.9021;0.6591;64;True;2;duplicate_for_same_parent_sequence
47;1;47;6;diversification;7;92b9cbc4ebed;move;;;45;25;;;;;;;;;;True;False;False;True;;ok;16010.35178550124;15193.85707159249;15193.85707159249;15193.85707159249;295;15193.85707159249;2395.294;816.494713908749;Evaluated;9.9396;0.6563;64;True;2;duplicate_for_same_parent_sequence
47;1;47;7;diversification;7;92b9cbc4ebed;move;;;25;45;;;;;;;;;;True;False;False;True;;ok;16244.351499937491;15193.85707159249;15193.85707159249;15193.85707159249;296;15193.85707159249;2409.0527;1050.4944283450004;Evaluated;13.1024;0.6557;64;True;3;duplicate_for_same_parent_sequence
47;1;47;8;diversification;7;92b9cbc4ebed;move;;;8;20;;;;;;;;;;True;False;False;True;;ok;15805.20264242219;15193.85707159249;15193.85707159249;15193.85707159249;297;15193.85707159249;2415.3189;611.3455708296988;Evaluated;5.5996;0.6658;64;True;1;
47;1;47;9;diversification;7;92b9cbc4ebed;move;;;48;15;;;;;;;;;;True;False;False;True;;ok;15389.286951806334;15193.85707159249;15193.85707159249;15193.85707159249;298;15193.85707159249;2425.3514;195.42988021384372;Evaluated;9.3626;0.6669;64;True;2;duplicate_for_same_parent_sequence
47;1;47;10;diversification;7;92b9cbc4ebed;move;;;24;15;;;;;;;;;;True;False;False;False;;ok;15191.736820861564;15193.85707159249;15193.85707159249;15193.85707159249;299;15193.85707159249;2435.7841;-2.120250730926273;EvaluatedImprovementDespiteDiversificationMismatch;9.7758;0.6562;64;True;2;duplicate_for_same_parent_sequence
47;1;47;;diversification;0;;;;;;;;;;;;;;;;;;;;;End-of-iteration summary row;;;15191.736820861564;15191.736820861564;299;15191.736820861564;2435.7912;;IterationSummary;;;;;;
48;1;48;1;normal;0;5917cb486eb9;move;;;15;20;;;;;;;;;;True;False;False;False;;ok;15373.431850731751;15191.736820861564;15191.736820861564;15191.736820861564;300;15191.736820861564;2442.737;181.69502987018677;Evaluated;6.2811;0.6581;64;True;1;
48;1;48;2;normal;0;5917cb486eb9;swap;17;25;;;;;;;;;;;;True;False;False;False;;ok;15830.07300538499;15191.736820861564;15191.736820861564;15191.736820861564;301;15191.736820861564;2449.1337;638.3361845234249;Evaluated;5.7336;0.66;64;True;1;
48;1;48;3;normal;0;5917cb486eb9;reinsert_block;;;;;;;35;41;20;;;;;True;False;False;True;;ok;16003.291657411586;15191.736820861564;15191.736820861564;15191.736820861564;302;15191.736820861564;2455.7764;811.5548365500217;Evaluated;5.98;0.6597;64;True;1;
48;1;48;4;normal;0;5917cb486eb9;move;;;53;49;;;;;;;;;;True;False;False;False;;ok;15200.218560737421;15191.736820861564;15191.736820861564;15191.736820861564;303;15191.736820861564;2462.1344;8.481739875856874;Evaluated;5.714;0.6406;64;True;1;
48;1;48;5;normal;0;5917cb486eb9;move;;;50;18;;;;;;;;;;True;False;False;True;;ok;15827.590719480177;15191.736820861564;15191.736820861564;15191.736820861564;304;15191.736820861564;2468.3586;635.8538986186122;Evaluated;5.5643;0.6591;64;True;1;
48;1;48;;normal;1;;;;;;;;;;;;;;;;;;;;;End-of-iteration summary row;;;15191.736820861564;15191.736820861564;304;15191.736820861564;2468.3615;;IterationSummary;;;;;;
49;1;49;1;normal;1;5917cb486eb9;move;;;5;10;;;;;;;;;;True;False;False;False;;ok;15919.316823975381;15191.736820861564;15191.736820861564;15191.736820861564;305;15191.736820861564;2475.3784;727.5800031138169;Evaluated;6.1871;0.821;64;True;1;
49;1;49;2;normal;1;5917cb486eb9;swap;20;21;;;;;;;;;;;;True;False;False;False;;ok;15180.541368867393;15191.736820861564;15191.736820861564;15191.736820861564;306;15191.736820861564;2481.4616;-11.19545199417189;Evaluated;5.4229;0.6565;64;True;1;
49;1;49;3;normal;1;5917cb486eb9;reinsert_block;;;;;;;35;40;25;;;;;True;False;False;True;;ok;16893.732783294727;15191.736820861564;15191.736820861564;15191.736820861564;307;15191.736820861564;2488.1263;1701.9959624331623;Evaluated;6.0035;0.658;64;True;1;
49;1;49;4;normal;1;5917cb486eb9;move;;;60;25;;;;;;;;;;True;False;False;True;;ok;16372.19079366199;15191.736820861564;15191.736820861564;15191.736820861564;308;15191.736820861564;2498.0983;1180.4539728004256;Evaluated;9.3271;0.6425;64;True;2;duplicate_for_same_parent_sequence
49;1;49;5;normal;1;5917cb486eb9;move;;;50;42;;;;;;;;;;True;False;False;False;;ok;15382.16873064446;15191.736820861564;15191.736820861564;15191.736820861564;309;15191.736820861564;2504.325;190.43190978289567;Evaluated;5.5656;0.6581;64;True;1;
49;1;49;;normal;0;;;;;;;;;;;;;;;;;;;;;End-of-iteration summary row;;;15180.541368867393;15180.541368867393;309;15180.541368867393;2504.34;;IterationSummary;;;;;;
50;1;50;1;normal;0;da3b5ef32d98;move;;;5;10;;;;;;;;;;True;False;False;False;;ok;15920.701922601258;15180.541368867393;15180.541368867393;15180.541368867393;310;15180.541368867393;2510.9931;740.1605537338655;Evaluated;5.9876;0.6577;64;True;1;
50;1;50;2;normal;0;da3b5ef32d98;swap;17;25;;;;;;;;;;;;True;False;False;False;;ok;15907.279245176363;15180.541368867393;15180.541368867393;15180.541368867393;311;15180.541368867393;2517.6451;726.737876308971;Evaluated;5.9915;0.6579;64;True;1;
50;1;50;3;normal;0;da3b5ef32d98;reinsert_block;;;;;;;35;40;25;;;;;True;False;False;True;;ok;16583.85141307858;15180.541368867393;15180.541368867393;15180.541368867393;312;15180.541368867393;2524.3233;1403.3100442111881;Evaluated;6.0221;0.6539;64;True;1;
50;1;50;4;normal;0;da3b5ef32d98;move;;;50;28;;;;;;;;;;True;False;False;True;;ok;15263.866865979342;15180.541368867393;15180.541368867393;15180.541368867393;313;15180.541368867393;2530.5885;83.32549711194952;Evaluated;5.5893;0.6752;64;True;1;
50;1;50;5;normal;0;da3b5ef32d98;move;;;56;30;;;;;;;;;;True;False;False;True;;ok;15878.091471309193;15180.541368867393;15180.541368867393;15180.541368867393;314;15180.541368867393;2536.8991;697.5501024418008;Evaluated;5.6459;0.6616;64;True;1;
50;1;50;;normal;1;;;;;;;;;;;;;;;;;;;;;End-of-iteration summary row;;;15180.541368867393;15180.541368867393;314;15180.541368867393;2536.9022;;IterationSummary;;;;;;
51;1;51;1;normal;1;da3b5ef32d98;move;;;8;4;;;;;;;;;;True;False;False;False;;ok;15932.611502309817;15180.541368867393;15180.541368867393;15180.541368867393;315;15180.541368867393;2543.6237;752.0701334424248;Evaluated;6.0501;0.6582;64;True;1;
51;1;51;2;normal;1;da3b5ef32d98;swap;18;20;;;;;;;;;;;;True;False;False;False;;ok;16426.844021069166;15180.541368867393;15180.541368867393;15180.541368867393;316;15180.541368867393;2549.8993;1246.3026522017735;Evaluated;5.6133;0.6586;64;True;1;
51;1;51;3;normal;1;da3b5ef32d98;reinsert_block;;;;;;;35;40;28;;;;;True;False;False;False;;ok;16452.420862609553;15180.541368867393;15180.541368867393;15180.541368867393;317;15180.541368867393;2556.7065;1271.8794937421608;Evaluated;6.1452;0.6593;64;True;1;
51;1;51;4;normal;1;da3b5ef32d98;move;;;50;48;;;;;;;;;;True;False;False;False;;ok;15180.541368867393;15180.541368867393;15180.541368867393;15180.541368867393;318;15180.541368867393;2563.0928;0.0;Evaluated;5.7152;0.6677;64;True;1;
51;1;51;5;normal;1;da3b5ef32d98;move;;;50;42;;;;;;;;;;True;False;False;False;;ok;15382.128663751802;15180.541368867393;15180.541368867393;15180.541368867393;319;15180.541368867393;2569.3018;201.58729488440986;Evaluated;5.5469;0.6595;64;True;1;
51;1;51;;normal;2;;;;;;;;;;;;;;;;;;;;;End-of-iteration summary row;;;15180.541368867393;15180.541368867393;319;15180.541368867393;2569.3038;;IterationSummary;;;;;;
52;1;52;1;normal;2;da3b5ef32d98;move;;;10;5;;;;;;;;;;True;False;False;False;;ok;16425.236296917832;15180.541368867393;15180.541368867393;15180.541368867393;320;15180.541368867393;2576.1278;1244.6949280504396;Evaluated;6.1536;0.6595;64;True;1;
52;1;52;2;normal;2;da3b5ef32d98;swap;20;21;;;;;;;;;;;;True;False;False;False;;ok;15191.736820861564;15180.541368867393;15180.541368867393;15180.541368867393;321;15180.541368867393;2582.4832;11.19545199417189;Evaluated;5.6932;0.6592;64;True;1;
52;1;52;3;normal;2;da3b5ef32d98;move;;;45;25;;;;;;;;;;True;False;False;True;;ok;16071.98620061243;15180.541368867393;15180.541368867393;15180.541368867393;322;15180.541368867393;2593.1651;891.4448317450369;Evaluated;10.0166;0.6626;64;True;2;duplicate_for_same_parent_sequence
52;1;52;4;normal;2;da3b5ef32d98;move;;;50;35;;;;;;;;;;True;False;False;True;;ok;15887.847393079319;15180.541368867393;15180.541368867393;15180.541368867393;323;15180.541368867393;2599.5012;707.3060242119263;Evaluated;5.6748;0.6585;64;True;1;
52;1;52;5;normal;2;da3b5ef32d98;move;;;25;15;;;;;;;;;;True;False;False;True;;ok;15889.01945482621;15180.541368867393;15180.541368867393;15180.541368867393;324;15180.541368867393;2609.7916;708.4780859588172;Evaluated;9.6194;0.6676;64;True;2;duplicate_for_same_parent_sequence
52;1;52;;normal;3;;;;;;;;;;;;;;;;;;;;;End-of-iteration summary row;;;15180.541368867393;15180.541368867393;324;15180.541368867393;2609.7949;;IterationSummary;;;;;;
53;1;53;1;diversification;3;da3b5ef32d98;move;;;20;15;;;;;;;;;;True;False;False;False;;ok;16297.416054265173;15180.541368867393;15180.541368867393;15180.541368867393;325;15180.541368867393;2616.5907;1116.874685397781;Evaluated;6.1296;0.6553;64;True;1;
53;1;53;2;diversification;3;da3b5ef32d98;reinsert_block;;;;;;;18;24;35;;;;;True;False;False;True;;ok;15940.060358160126;15180.541368867393;15180.541368867393;15180.541368867393;326;15180.541368867393;2623.3581;759.5189892927337;Evaluated;6.1049;0.6601;64;True;1;
53;1;53;3;diversification;3;da3b5ef32d98;swap;35;40;;;;;;;;;;;;True;False;False;False;;ok;15190.367006246699;15180.541368867393;15180.541368867393;15180.541368867393;327;15180.541368867393;2629.7125;9.8256373793065;Evaluated;5.6962;0.6556;64;True;1;
53;1;53;4;diversification;3;da3b5ef32d98;move;;;60;50;;;;;;;;;;True;False;False;True;;ok;15506.333256268694;15180.541368867393;15180.541368867393;15180.541368867393;328;15180.541368867393;2640.1273;325.7918874013012;Evaluated;9.7555;0.6554;64;True;2;duplicate_for_same_parent_sequence
53;1;53;5;diversification;3;da3b5ef32d98;move;;;40;15;;;;;;;;;;True;False;False;True;;ok;16227.746112047374;15180.541368867393;15180.541368867393;15180.541368867393;329;15180.541368867393;2646.5506;1047.204743179982;Evaluated;5.7534;0.667;64;True;1;
53;1;53;6;diversification;3;da3b5ef32d98;move;;;40;25;;;;;;;;;;True;False;False;True;;ok;15945.164675159562;15180.541368867393;15180.541368867393;15180.541368867393;330;15180.541368867393;2652.9359;764.6233062921692;Evaluated;5.7214;0.6607;64;True;1;
53;1;53;7;diversification;3;da3b5ef32d98;move;;;25;10;;;;;;;;;;True;False;False;True;;ok;15898.178914091122;15180.541368867393;15180.541368867393;15180.541368867393;331;15180.541368867393;2659.2688;717.6375452237298;Evaluated;5.6617;0.668;64;True;1;
53;1;53;8;diversification;3;da3b5ef32d98;swap;3;7;;;;;;;;;;;;True;False;False;False;;ok;16313.4198552022;15180.541368867393;15180.541368867393;15180.541368867393;332;15180.541368867393;2669.4487;1132.8784863348083;Evaluated;9.5175;0.6593;64;True;2;duplicate_for_same_parent_sequence
53;1;53;9;diversification;3;da3b5ef32d98;move;;;35;28;;;;;;;;;;True;False;False;False;;ok;15683.244411292455;15180.541368867393;15180.541368867393;15180.541368867393;333;15180.541368867393;2676.1263;502.70304242506245;Evaluated;6.0164;0.6567;64;True;1;
53;1;53;10;diversification;3;da3b5ef32d98;move;;;45;28;;;;;;;;;;True;False;False;True;;ok;16012.644604353389;15180.541368867393;15180.541368867393;15180.541368867393;334;15180.541368867393;2682.5486;832.1032354859963;Evaluated;5.7509;0.6684;64;True;1;
53;1;53;;diversification;4;;;;;;;;;;;;;;;;;;;;;End-of-iteration summary row;;;15180.541368867393;15180.541368867393;334;15180.541368867393;2682.5523;;IterationSummary;;;;;;
54;1;54;1;diversification;4;da3b5ef32d98;move;;;50;18;;;;;;;;;;True;False;False;True;;ok;15824.947069770298;15180.541368867393;15180.541368867393;15180.541368867393;335;15180.541368867393;2689.3871;644.4057009029057;Evaluated;6.1655;0.66;64;True;1;
54;1;54;2;diversification;4;da3b5ef32d98;reinsert_block;;;;;;;20;24;35;;;;;True;False;False;True;;ok;16646.104847353225;15180.541368867393;15180.541368867393;15180.541368867393;336;15180.541368867393;2696.1252;1465.563478485832;Evaluated;6.078;0.6571;64;True;1;
54;1;54;3;diversification;4;da3b5ef32d98;swap;32;47;;;;;;;;;;;;True;False;False;True;;ok;15913.973565510925;15180.541368867393;15180.541368867393;15180.541368867393;337;15180.541368867393;2706.2846;733.4321966435327;Evaluated;9.5002;0.6555;64;True;2;duplicate_for_same_parent_sequence
54;1;54;4;diversification;4;da3b5ef32d98;move;;;48;12;;;;;;;;;;True;False;False;True;;ok;15374.548173372063;15180.541368867393;15180.541368867393;15180.541368867393;338;15180.541368867393;2716.6527;194.00680450467007;Evaluated;9.5457;0.8198;64;True;2;duplicate_for_same_parent_sequence
54;1;54;5;diversification;4;da3b5ef32d98;move;;;15;20;;;;;;;;;;True;False;False;False;;ok;16418.581797943643;15180.541368867393;15180.541368867393;15180.541368867393;339;15180.541368867393;2723.415;1238.0404290762508;Evaluated;6.0818;0.6787;64;True;1;
54;1;54;6;diversification;4;da3b5ef32d98;move;;;37;18;;;;;;;;;;True;False;False;True;;ok;15852.346507795191;15180.541368867393;15180.541368867393;15180.541368867393;340;15180.541368867393;2733.4307;671.8051389277989;Evaluated;9.356;0.6567;64;True;2;duplicate_for_same_parent_sequence
54;1;54;7;diversification;4;da3b5ef32d98;move;;;50;30;;;;;;;;;;True;False;False;True;;ok;16035.764160048371;15180.541368867393;15180.541368867393;15180.541368867393;341;15180.541368867393;2739.7984;855.2227911809787;Evaluated;5.7087;0.6583;64;True;1;
54;1;54;8;diversification;4;da3b5ef32d98;swap;8;9;;;;;;;;;;;;True;False;False;False;;ok;16219.480434875739;15180.541368867393;15180.541368867393;15180.541368867393;342;15180.541368867393;2749.7104;1038.9390660083463;Evaluated;9.2533;0.6578;64;True;2;duplicate_for_same_parent_sequence
54;1;54;9;diversification;4;da3b5ef32d98;move;;;28;35;;;;;;;;;;True;False;False;False;;ok;16550.680876977018;15180.541368867393;15180.541368867393;15180.541368867393;343;15180.541368867393;2756.368;1370.1395081096252;Evaluated;5.9949;0.6599;64;True;1;
54;1;54;10;diversification;4;da3b5ef32d98;move;;;40;52;;;;;;;;;;True;False;False;True;;ok;15543.848180160487;15180.541368867393;15180.541368867393;15180.541368867393;344;15180.541368867393;2762.9558;363.30681129309414;Evaluated;5.9269;0.6582;64;True;1;
54;1;54;;diversification;5;;;;;;;;;;;;;;;;;;;;;End-of-iteration summary row;;;15180.541368867393;15180.541368867393;344;15180.541368867393;2762.9567;;IterationSummary;;;;;;
55;1;55;1;diversification;5;da3b5ef32d98;move;;;10;25;;;;;;;;;;True;False;False;True;;ok;16038.390167122829;15180.541368867393;15180.541368867393;15180.541368867393;345;15180.541368867393;2769.7558;857.8487982554361;Evaluated;6.1388;0.6539;64;True;1;
55;1;55;2;diversification;5;da3b5ef32d98;reinsert_block;;;;;;;18;23;30;;;;;True;False;False;False;;ok;16734.657648132663;15180.541368867393;15180.541368867393;15180.541368867393;346;15180.541368867393;2780.9007;1554.1162792652704;Evaluated;10.4842;0.66;64;True;2;duplicate_for_same_parent_sequence
55;1;55;3;diversification;5;da3b5ef32d98;swap;32;47;;;;;;;;;;;;False;True;False;;;ok;;15180.541368867393;15180.541368867393;15180.541368867393;346;15180.541368867393;2794.1874;;DuplicateForSameParentSequenceAfterRetries;13.2839;;;;3;duplicate_for_same_parent_sequence
55;1;55;4;diversification;5;da3b5ef32d98;move;;;53;28;;;;;;;;;;True;False;False;True;;ok;15767.028632234087;15180.541368867393;15180.541368867393;15180.541368867393;347;15180.541368867393;2804.5058;586.4872633666946;Evaluated;9.6521;0.6653;64;True;2;duplicate_for_same_parent_sequence
55;1;55;5;diversification;5;da3b5ef32d98;move;;;25;10;;;;;;;;;;False;True;False;;;ok;;15180.541368867393;15180.541368867393;15180.541368867393;347;15180.541368867393;2818.0999;;DuplicateForSameParentSequenceAfterRetries;13.5907;;;;3;duplicate_for_same_parent_sequence
55;1;55;6;diversification;5;da3b5ef32d98;move;;;15;37;;;;;;;;;;True;False;False;True;;ok;15781.402664731604;15180.541368867393;15180.541368867393;15180.541368867393;348;15180.541368867393;2828.2734;600.8612958642116;Evaluated;9.5159;0.6566;64;True;2;duplicate_for_same_parent_sequence
55;1;55;7;diversification;5;da3b5ef32d98;move;;;25;30;;;;;;;;;;True;False;False;False;;ok;15503.796905502615;15180.541368867393;15180.541368867393;15180.541368867393;349;15180.541368867393;2834.8897;323.2555366352226;Evaluated;5.9685;0.6448;64;True;1;
55;1;55;8;diversification;5;da3b5ef32d98;swap;8;10;;;;;;;;;;;;True;False;False;False;;ok;16223.173918700293;15180.541368867393;15180.541368867393;15180.541368867393;350;15180.541368867393;2845.068;1042.6325498329006;Evaluated;9.5169;0.658;64;True;2;duplicate_for_same_parent_sequence
55;1;55;9;diversification;5;da3b5ef32d98;move;;;28;40;;;;;;;;;;True;False;False;True;;ok;15770.230482924399;15180.541368867393;15180.541368867393;15180.541368867393;351;15180.541368867393;2855.2023;589.689114057006;Evaluated;9.4701;0.6611;64;True;2;duplicate_for_same_parent_sequence
55;1;55;10;diversification;5;da3b5ef32d98;swap;41;43;;;;;;;;;;;;True;False;False;False;;ok;15259.146152628193;15180.541368867393;15180.541368867393;15180.541368867393;352;15180.541368867393;2865.5872;78.60478376080027;Evaluated;9.7175;0.6646;64;True;2;duplicate_for_same_parent_sequence
55;1;55;;diversification;6;;;;;;;;;;;;;;;;;;;;;End-of-iteration summary row;;;15180.541368867393;15180.541368867393;352;15180.541368867393;2865.591;;IterationSummary;;;;;;
56;1;56;1;diversification;6;da3b5ef32d98;move;;;5;20;;;;;;;;;;True;False;False;True;;ok;16659.82172180645;15180.541368867393;15180.541368867393;15180.541368867393;353;15180.541368867393;2872.4207;1479.2803529390567;Evaluated;6.1572;0.6603;64;True;1;
56;1;56;2;diversification;6;da3b5ef32d98;move;;;20;45;;;;;;;;;;True;False;False;True;;ok;15576.141284206404;15180.541368867393;15180.541368867393;15180.541368867393;354;15180.541368867393;2886.9249;395.5999153390112;Evaluated;13.857;0.6439;64;True;3;duplicate_for_same_parent_sequence
56;1;56;3;diversification;6;da3b5ef32d98;move;;;35;10;;;;;;;;;;True;False;False;True;;ok;15367.49246680932;15180.541368867393;15180.541368867393;15180.541368867393;355;15180.541368867393;2897.2517;186.9510979419283;Evaluated;9.6652;0.6587;64;True;2;duplicate_for_same_parent_sequence
56;1;56;4;diversification;6;da3b5ef32d98;move;;;49;30;;;;;;;;;;True;False;False;True;;ok;15679.031952590974;15180.541368867393;15180.541368867393;15180.541368867393;356;15180.541368867393;2907.6414;498.49058372358195;Evaluated;9.7298;0.6568;64;True;2;duplicate_for_same_parent_sequence
56;1;56;5;diversification;6;da3b5ef32d98;move;;;20;35;;;;;;;;;;True;False;False;True;;ok;16415.079917789273;15180.541368867393;15180.541368867393;15180.541368867393;357;15180.541368867393;2914.0261;1234.5385489218806;Evaluated;5.7287;0.655;64;True;1;
56;1;56;6;diversification;6;da3b5ef32d98;move;;;48;20;;;;;;;;;;True;False;False;True;;ok;16070.037038145825;15180.541368867393;15180.541368867393;15180.541368867393;358;15180.541368867393;2923.8378;889.4956692784326;Evaluated;9.1504;0.6586;64;True;2;duplicate_for_same_parent_sequence
56;1;56;7;diversification;6;da3b5ef32d98;move;;;53;18;;;;;;;;;;True;False;False;True;;ok;15875.602697079194;15180.541368867393;15180.541368867393;15180.541368867393;359;15180.541368867393;2930.2067;695.0613282118011;Evaluated;5.6933;0.6727;64;True;1;
56;1;56;8;diversification;6;da3b5ef32d98;swap;8;20;;;;;;;;;;;;True;False;False;True;;ok;16853.90597391541;15180.541368867393;15180.541368867393;15180.541368867393;360;15180.541368867393;2940.4123;1673.3646050480183;Evaluated;9.5452;0.6573;64;True;2;duplicate_for_same_parent_sequence
56;1;56;9;diversification;6;da3b5ef32d98;move;;;35;45;;;;;;;;;;True;False;False;True;;ok;15300.223618461936;15180.541368867393;15180.541368867393;15180.541368867393;361;15180.541368867393;2950.7943;119.68224959454346;Evaluated;9.7229;0.6563;64;True;2;duplicate_for_same_parent_sequence
56;1;56;10;diversification;6;da3b5ef32d98;move;;;52;48;;;;;;;;;;True;False;False;False;;ok;15302.227676321858;15180.541368867393;15180.541368867393;15180.541368867393;362;15180.541368867393;2957.1825;121.68630745446535;Evaluated;5.7313;0.6543;64;True;1;
56;1;56;;diversification;7;;;;;;;;;;;;;;;;;;;;;End-of-iteration summary row;;;15180.541368867393;15180.541368867393;362;15180.541368867393;2957.1836;;IterationSummary;;;;;;
57;1;57;1;diversification;7;da3b5ef32d98;move;;;15;30;;;;;;;;;;True;False;False;True;;ok;15583.929854682066;15180.541368867393;15180.541368867393;15180.541368867393;363;15180.541368867393;2964.0634;403.3884858146739;Evaluated;6.2146;0.6571;64;True;1;
57;1;57;2;diversification;7;da3b5ef32d98;reinsert_block;;;;;;;18;25;35;;;;;True;False;False;True;;ok;16330.859555792242;15180.541368867393;15180.541368867393;15180.541368867393;364;15180.541368867393;2971.2433;1150.3181869248492;Evaluated;6.5189;0.6581;64;True;1;
57;1;57;3;diversification;7;da3b5ef32d98;swap;35;40;;;;;;;;;;;;False;True;True;;;ok;;15180.541368867393;15180.541368867393;15180.541368867393;364;15180.541368867393;2984.482;;DuplicateForSameParentSequenceAfterRetries;13.2357;;;;3;duplicate_for_same_parent_sequence
57;1;57;4;diversification;7;da3b5ef32d98;move;;;50;28;;;;;;;;;;False;True;True;;;ok;;15180.541368867393;15180.541368867393;15180.541368867393;364;15180.541368867393;2997.735;;DuplicateForSameParentSequenceAfterRetries;13.252;;;;3;duplicate_for_same_parent_sequence
57;1;57;5;diversification;7;da3b5ef32d98;move;;;30;25;;;;;;;;;;True;False;False;False;;ok;15390.949209305709;15180.541368867393;15180.541368867393;15180.541368867393;365;15180.541368867393;3012.127;210.40784043831627;Evaluated;13.7284;0.6625;64;True;3;duplicate_for_same_parent_sequence
57;1;57;6;diversification;7;da3b5ef32d98;move;;;35;19;;;;;;;;;;True;False;False;True;;ok;15380.21724208847;15180.541368867393;15180.541368867393;15180.541368867393;366;15180.541368867393;3022.1619;199.6758732210783;Evaluated;9.3869;0.645;64;True;2;duplicate_for_same_parent_sequence
57;1;57;7;diversification;7;da3b5ef32d98;move;;;50;12;;;;;;;;;;True;False;False;True;;ok;15371.861395043032;15180.541368867393;15180.541368867393;15180.541368867393;367;15180.541368867393;3028.5017;191.3200261756392;Evaluated;5.6775;0.6589;64;True;1;
57;1;57;8;diversification;7;da3b5ef32d98;move;;;15;25;;;;;;;;;;True;False;False;True;;ok;16422.85704858797;15180.541368867393;15180.541368867393;15180.541368867393;368;15180.541368867393;3034.8084;1242.3156797205793;Evaluated;5.6446;0.6596;64;True;1;
57;1;57;9;diversification;7;da3b5ef32d98;move;;;41;27;;;;;;;;;;True;False;False;True;;ok;16002.10940382592;15180.541368867393;15180.541368867393;15180.541368867393;369;15180.541368867393;3045.0446;821.5680349585273;Evaluated;9.5751;0.6581;64;True;2;duplicate_for_same_parent_sequence
57;1;57;10;diversification;7;da3b5ef32d98;move;;;45;20;;;;;;;;;;True;False;False;True;;ok;16401.54782521232;15180.541368867393;15180.541368867393;15180.541368867393;370;15180.541368867393;3051.7153;1221.0064563449287;Evaluated;6.0082;0.659;64;True;1;
57;1;57;;diversification;8;;;;;;;;;;;;;;;;;;;;;End-of-iteration summary row;;;15180.541368867393;15180.541368867393;370;15180.541368867393;3051.719;;IterationSummary;;;;;;
58;1;58;1;diversification;8;da3b5ef32d98;move;;;8;2;;;;;;;;;;True;False;False;False;;ok;15841.852927498916;15180.541368867393;15180.541368867393;15180.541368867393;371;15180.541368867393;3062.2751;661.3115586315234;Evaluated;9.8736;0.6684;64;True;2;duplicate_for_same_parent_sequence
58;1;58;2;diversification;8;da3b5ef32d98;reinsert_block;;;;;;;18;22;35;;;;;True;False;False;True;;ok;16046.391415182004;15180.541368867393;15180.541368867393;15180.541368867393;372;15180.541368867393;3077.0097;865.850046314612;Evaluated;14.0672;0.6642;64;True;3;duplicate_for_same_parent_sequence
58;1;58;3;diversification;8;da3b5ef32d98;swap;34;42;;;;;;;;;;;;True;False;False;False;;ok;15440.857926471095;15180.541368867393;15180.541368867393;15180.541368867393;373;15180.541368867393;3083.6268;260.3165576037027;Evaluated;5.9539;0.6606;64;True;1;
58;1;58;4;diversification;8;da3b5ef32d98;move;;;48;35;;;;;;;;;;True;False;False;True;;ok;15834.618438864036;15180.541368867393;15180.541368867393;15180.541368867393;374;15180.541368867393;3093.7002;654.0770699966433;Evaluated;9.4125;0.658;64;True;2;duplicate_for_same_parent_sequence
58;1;58;5;diversification;8;da3b5ef32d98;move;;;18;45;;;;;;;;;;True;False;False;True;;ok;15770.670132669537;15180.541368867393;15180.541368867393;15180.541368867393;375;15180.541368867393;3103.868;590.128763802144;Evaluated;9.507;0.6578;64;True;2;duplicate_for_same_parent_sequence
58;1;58;6;diversification;8;da3b5ef32d98;move;;;30;18;;;;;;;;;;True;False;False;True;;ok;15685.97448902195;15180.541368867393;15180.541368867393;15180.541368867393;376;15180.541368867393;3113.7259;505.4331201545574;Evaluated;9.1861;0.6688;64;True;2;duplicate_for_same_parent_sequence
58;1;58;7;diversification;8;da3b5ef32d98;move;;;30;5;;;;;;;;;;True;False;False;True;;ok;15901.621338374462;15180.541368867393;15180.541368867393;15180.541368867393;377;15180.541368867393;3127.4725;721.0799695070691;Evaluated;13.0905;0.6552;64;True;3;duplicate_for_same_parent_sequence
58;1;58;8;diversification;8;da3b5ef32d98;move;;;8;12;;;;;;;;;;True;False;False;False;;ok;16220.75994521144;15180.541368867393;15180.541368867393;15180.541368867393;378;15180.541368867393;3133.7236;1040.2185763440466;Evaluated;5.5858;0.6628;64;True;1;
58;1;58;9;diversification;8;da3b5ef32d98;move;;;18;30;;;;;;;;;;True;False;False;True;;ok;15581.9624561432;15180.541368867393;15180.541368867393;15180.541368867393;379;15180.541368867393;3144.3997;401.4210872758067;Evaluated;10.0167;0.6586;64;True;2;duplicate_for_same_parent_sequence
58;1;58;10;diversification;8;da3b5ef32d98;move;;;45;30;;;;;;;;;;True;False;False;True;;ok;16135.381433681556;15180.541368867393;15180.541368867393;15180.541368867393;380;15180.541368867393;3150.7526;954.8400648141633;Evaluated;5.6912;0.6576;64;True;1;
58;1;58;;diversification;9;;;;;;;;;;;;;;;;;;;;;End-of-iteration summary row;;;15180.541368867393;15180.541368867393;380;15180.541368867393;3150.7561;;IterationSummary;;;;;;
59;1;59;1;diversification;9;da3b5ef32d98;move;;;4;10;;;;;;;;;;True;False;False;False;;ok;16123.60268898003;15180.541368867393;15180.541368867393;15180.541368867393;381;15180.541368867393;3157.5568;943.061320112638;Evaluated;6.1211;0.6656;64;True;1;
59;1;59;2;diversification;9;da3b5ef32d98;move;;;25;40;;;;;;;;;;True;False;False;True;;ok;15585.533205228223;15180.541368867393;15180.541368867393;15180.541368867393;382;15180.541368867393;3167.8578;404.99183636083035;Evaluated;9.6385;0.6615;64;True;2;duplicate_for_same_parent_sequence
59;1;59;3;diversification;9;da3b5ef32d98;move;;;40;15;;;;;;;;;;False;True;False;;;ok;;15180.541368867393;15180.541368867393;15180.541368867393;382;15180.541368867393;3180.8822;;DuplicateForSameParentSequenceAfterRetries;13.0213;;;;3;duplicate_for_same_parent_sequence
59;1;59;4;diversification;9;da3b5ef32d98;move;;;53;49;;;;;;;;;;True;False;False;False;;ok;15178.272012868274;15180.541368867393;15180.541368867393;15180.541368867393;383;15180.541368867393;3190.9707;-2.2693559991184884;EvaluatedImprovementDespiteDiversificationMismatch;9.4334;0.6541;64;True;2;duplicate_for_same_parent_sequence
59;1;59;5;diversification;9;da3b5ef32d98;move;;;25;10;;;;;;;;;;False;True;False;;;ok;;15180.541368867393;15180.541368867393;15180.541368867393;383;15180.541368867393;3203.9056;;DuplicateForSameParentSequenceAfterRetries;12.9318;;;;3;duplicate_for_same_parent_sequence
59;1;59;6;diversification;9;da3b5ef32d98;move;;;50;25;;;;;;;;;;True;False;False;True;;ok;15259.324802662672;15180.541368867393;15180.541368867393;15180.541368867393;384;15180.541368867393;3210.2902;78.78343379527905;Evaluated;5.7233;0.6602;64;True;1;
59;1;59;7;diversification;9;da3b5ef32d98;move;;;25;10;;;;;;;;;;False;True;False;;;ok;;15180.541368867393;15180.541368867393;15180.541368867393;384;15180.541368867393;3223.2012;;DuplicateForSameParentSequenceAfterRetries;12.908;;;;3;duplicate_for_same_parent_sequence
59;1;59;8;diversification;9;da3b5ef32d98;move;;;18;4;;;;;;;;;;True;False;False;True;;ok;15942.184438874163;15180.541368867393;15180.541368867393;15180.541368867393;385;15180.541368867393;3236.8324;761.6430700067704;Evaluated;12.9729;0.6572;64;True;3;duplicate_for_same_parent_sequence
59;1;59;9;diversification;9;da3b5ef32d98;move;;;18;40;;;;;;;;;;True;False;False;True;;ok;15779.329479815353;15180.541368867393;15180.541368867393;15180.541368867393;386;15180.541368867393;3246.8758;598.7881109479604;Evaluated;9.3822;0.6579;64;True;2;duplicate_for_same_parent_sequence
59;1;59;10;diversification;9;da3b5ef32d98;swap;41;48;;;;;;;;;;;;True;False;False;False;;ok;15934.261462419412;15180.541368867393;15180.541368867393;15180.541368867393;387;15180.541368867393;3257.0335;753.7200935520195;Evaluated;9.4922;0.6647;64;True;2;duplicate_for_same_parent_sequence
59;1;59;;diversification;0;;;;;;;;;;;;;;;;;;;;;End-of-iteration summary row;;;15178.272012868274;15178.272012868274;387;15178.272012868274;3257.0402;;IterationSummary;;;;;;
60;1;60;1;normal;0;12b06676205c;move;;;5;10;;;;;;;;;;True;False;False;False;;ok;15920.231947323355;15178.272012868274;15178.272012868274;15178.272012868274;388;15178.272012868274;3264.2062;741.9599344550807;Evaluated;6.3397;0.8197;64;True;1;
60;1;60;2;normal;0;12b06676205c;swap;18;20;;;;;;;;;;;;True;False;False;False;;ok;16434.59307346934;15178.272012868274;15178.272012868274;15178.272012868274;389;15178.272012868274;3270.7444;1256.3210606010653;Evaluated;5.8741;0.6613;64;True;1;
60;1;60;3;normal;0;12b06676205c;reinsert_block;;;;;;;35;42;28;;;;;True;False;False;False;;ok;16459.18577169314;15178.272012868274;15178.272012868274;15178.272012868274;390;15178.272012868274;3277.615;1280.9137588248668;Evaluated;6.2089;0.659;64;True;1;
60;1;60;4;normal;0;12b06676205c;move;;;50;28;;;;;;;;;;True;False;False;True;;ok;15681.225193987568;15178.272012868274;15178.272012868274;15178.272012868274;391;15178.272012868274;3283.8839;502.95318111929373;Evaluated;5.607;0.6589;64;True;1;
60;1;60;5;normal;0;12b06676205c;move;;;45;20;;;;;;;;;;True;False;False;True;;ok;16401.105104846065;15178.272012868274;15178.272012868274;15178.272012868274;392;15178.272012868274;3290.2026;1222.833091977791;Evaluated;5.6585;0.6567;64;True;1;
60;1;60;;normal;1;;;;;;;;;;;;;;;;;;;;;End-of-iteration summary row;;;15178.272012868274;15178.272012868274;392;15178.272012868274;3290.206;;IterationSummary;;;;;;
61;1;61;1;normal;1;12b06676205c;move;;;10;5;;;;;;;;;;True;False;False;False;;ok;16424.76632163993;15178.272012868274;15178.272012868274;15178.272012868274;393;15178.272012868274;3296.9145;1246.4943087716565;Evaluated;6.0415;0.6585;64;True;1;
61;1;61;2;normal;1;12b06676205c;swap;35;40;;;;;;;;;;;;True;False;False;False;;ok;15195.839542727224;15178.272012868274;15178.272012868274;15178.272012868274;394;15178.272012868274;3307.0932;17.567529858950365;Evaluated;9.5169;0.6588;64;True;2;duplicate_for_same_parent_sequence
61;1;61;3;normal;1;12b06676205c;reinsert_block;;;;;;;35;40;28;;;;;True;False;False;False;;ok;16445.42086385106;15178.272012868274;15178.272012868274;15178.272012868274;395;15178.272012868274;3314.0247;1267.1488509827868;Evaluated;6.2719;0.6569;64;True;1;
61;1;61;4;normal;1;12b06676205c;move;;;50;30;;;;;;;;;;True;False;False;True;;ok;15677.361297507781;15178.272012868274;15178.272012868274;15178.272012868274;396;15178.272012868274;3320.3931;499.08928463950724;Evaluated;5.7072;0.6581;64;True;1;
61;1;61;5;normal;1;12b06676205c;move;;;50;12;;;;;;;;;;True;False;False;True;;ok;16049.346119844437;15178.272012868274;15178.272012868274;15178.272012868274;397;15178.272012868274;3326.6;871.0741069761625;Evaluated;5.5386;0.6653;64;True;1;
61;1;61;;normal;2;;;;;;;;;;;;;;;;;;;;;End-of-iteration summary row;;;15178.272012868274;15178.272012868274;397;15178.272012868274;3326.6036;;IterationSummary;;;;;;
62;1;62;1;normal;2;12b06676205c;move;;;8;3;;;;;;;;;;True;False;False;False;;ok;15754.237936332996;15178.272012868274;15178.272012868274;15178.272012868274;398;15178.272012868274;3337.0421;575.9659234647224;Evaluated;9.7675;0.6622;64;True;2;duplicate_for_same_parent_sequence
62;1;62;2;normal;2;12b06676205c;swap;20;21;;;;;;;;;;;;True;False;False;False;;ok;15200.218560737421;15178.272012868274;15178.272012868274;15178.272012868274;399;15178.272012868274;3343.655;21.946547869147253;Evaluated;5.9524;0.657;64;True;1;
62;1;62;3;normal;2;12b06676205c;move;;;37;30;;;;;;;;;;True;False;False;False;;ok;15790.685296744401;15178.272012868274;15178.272012868274;15178.272012868274;400;15178.272012868274;3354.1826;612.413283876127;Evaluated;9.8707;0.6557;64;True;2;duplicate_for_same_parent_sequence
62;1;62;4;normal;2;12b06676205c;move;;;52;49;;;;;;;;;;True;False;False;False;;ok;15191.757649056337;15178.272012868274;15178.272012868274;15178.272012868274;401;15178.272012868274;3360.4598;13.485636188062927;Evaluated;5.619;0.6559;64;True;1;
62;1;62;5;normal;2;12b06676205c;move;;;34;15;;;;;;;;;;True;False;False;True;;ok;16076.953524888128;15178.272012868274;15178.272012868274;15178.272012868274;402;15178.272012868274;3370.6258;898.6815120198535;Evaluated;9.507;0.6579;64;True;2;duplicate_for_same_parent_sequence
62;1;62;;normal;3;;;;;;;;;;;;;;;;;;;;;End-of-iteration summary row;;;15178.272012868274;15178.272012868274;402;15178.272012868274;3370.6287;;IterationSummary;;;;;;
63;1;63;1;diversification;3;12b06676205c;move;;;25;10;;;;;;;;;;True;False;False;True;;ok;15897.708938813219;15178.272012868274;15178.272012868274;15178.272012868274;403;15178.272012868274;3377.5255;719.436925944945;Evaluated;6.2146;0.6683;64;True;1;
63;1;63;2;diversification;3;12b06676205c;reinsert_block;;;;;;;18;23;35;;;;;True;False;False;True;;ok;15946.680276715178;15178.272012868274;15178.272012868274;15178.272012868274;404;15178.272012868274;3384.2775;768.4082638469044;Evaluated;6.0918;0.6572;64;True;1;
63;1;63;3;diversification;3;12b06676205c;swap;32;47;;;;;;;;;;;;True;False;False;True;;ok;15917.80261868866;15178.272012868274;15178.272012868274;15178.272012868274;405;15178.272012868274;3394.5099;739.530605820386;Evaluated;9.5657;0.6638;64;True;2;duplicate_for_same_parent_sequence
63;1;63;4;diversification;3;12b06676205c;move;;;49;35;;;;;;;;;;True;False;False;True;;ok;15491.345035581791;15178.272012868274;15178.272012868274;15178.272012868274;406;15178.272012868274;3404.4747;313.0730227135173;Evaluated;9.2972;0.6646;64;True;2;duplicate_for_same_parent_sequence
63;1;63;5;diversification;3;12b06676205c;swap;8;3;;;;;;;;;;;;True;False;False;False;;ok;16177.224769186036;15178.272012868274;15178.272012868274;15178.272012868274;407;15178.272012868274;3414.7736;998.9527563177617;Evaluated;9.6377;0.6583;64;True;2;duplicate_for_same_parent_sequence
63;1;63;6;diversification;3;12b06676205c;move;;;40;35;;;;;;;;;;True;False;False;False;;ok;15835.1156985226;15178.272012868274;15178.272012868274;15178.272012868274;408;15178.272012868274;3421.199;656.8436856543267;Evaluated;5.7573;0.6654;64;True;1;
63;1;63;7;diversification;3;12b06676205c;move;;;40;30;;;;;;;;;;True;False;False;True;;ok;15880.042731613365;15178.272012868274;15178.272012868274;15178.272012868274;409;15178.272012868274;3427.5783;701.7707187450906;Evaluated;5.7189;0.6578;64;True;1;
63;1;63;8;diversification;3;12b06676205c;move;;;8;15;;;;;;;;;;True;False;False;False;;ok;16210.172155532473;15178.272012868274;15178.272012868274;15178.272012868274;410;15178.272012868274;3434.1833;1031.900142664199;Evaluated;5.944;0.6581;64;True;1;
63;1;63;9;diversification;3;12b06676205c;move;;;30;45;;;;;;;;;;True;False;False;True;;ok;15759.748905480157;15178.272012868274;15178.272012868274;15178.272012868274;411;15178.272012868274;3444.1731;581.4768926118832;Evaluated;9.3309;0.6559;64;True;2;duplicate_for_same_parent_sequence
63;1;63;10;diversification;3;12b06676205c;move;;;40;5;;;;;;;;;;True;False;False;True;;ok;16087.508524284636;15178.272012868274;15178.272012868274;15178.272012868274;412;15178.272012868274;3450.5632;909.2365114163622;Evaluated;5.7316;0.658;64;True;1;
63;1;63;;diversification;4;;;;;;;;;;;;;;;;;;;;;End-of-iteration summary row;;;15178.272012868274;15178.272012868274;412;15178.272012868274;3450.5639;;IterationSummary;;;;;;
64;1;64;1;diversification;4;12b06676205c;move;;;5;20;;;;;;;;;;True;False;False;True;;ok;16649.771664888423;15178.272012868274;15178.272012868274;15178.272012868274;413;15178.272012868274;3457.3891;1471.4996520201494;Evaluated;6.1754;0.6439;64;True;1;
64;1;64;2;diversification;4;12b06676205c;reinsert_block;;;;;;;20;23;15;;;;;True;False;False;False;;ok;15840.0724576563;15178.272012868274;15178.272012868274;15178.272012868274;414;15178.272012868274;3464.1932;661.8004447880267;Evaluated;6.1432;0.658;64;True;1;
64;1;64;3;diversification;4;12b06676205c;swap;32;37;;;;;;;;;;;;True;False;False;False;;ok;15193.319849155505;15178.272012868274;15178.272012868274;15178.272012868274;415;15178.272012868274;3474.3577;15.047836287230894;Evaluated;9.4956;0.6657;64;True;2;duplicate_for_same_parent_sequence
64;1;64;4;diversification;4;12b06676205c;move;;;48;30;;;;;;;;;;True;False;False;True;;ok;15612.662014825512;15178.272012868274;15178.272012868274;15178.272012868274;416;15178.272012868274;3484.8348;434.3900019572375;Evaluated;9.8186;0.658;64;True;2;duplicate_for_same_parent_sequence
64;1;64;5;diversification;4;12b06676205c;move;;;10;25;;;;;;;;;;True;False;False;True;;ok;16030.362494530687;15178.272012868274;15178.272012868274;15178.272012868274;417;15178.272012868274;3491.2767;852.0904816624134;Evaluated;5.7812;0.6577;64;True;1;
64;1;64;6;diversification;4;12b06676205c;move;;;50;20;;;;;;;;;;True;False;False;True;;ok;16217.15692362031;15178.272012868274;15178.272012868274;15178.272012868274;418;15178.272012868274;3497.6111;1038.8849107520364;Evaluated;5.6731;0.6582;64;True;1;
64;1;64;7;diversification;4;12b06676205c;move;;;35;48;;;;;;;;;;True;False;False;True;;ok;15284.917280005875;15178.272012868274;15178.272012868274;15178.272012868274;419;15178.272012868274;3507.9099;106.64526713760097;Evaluated;9.6412;0.6568;64;True;2;duplicate_for_same_parent_sequence
64;1;64;8;diversification;4;12b06676205c;move;;;18;35;;;;;;;;;;True;False;False;True;;ok;15581.272468310623;15178.272012868274;15178.272012868274;15178.272012868274;420;15178.272012868274;3514.2084;403.00045544234854;Evaluated;5.6363;0.659;64;True;1;
64;1;64;9;diversification;4;12b06676205c;move;;;25;10;;;;;;;;;;False;True;False;;;ok;;15178.272012868274;15178.272012868274;15178.272012868274;420;15178.272012868274;3527.5278;;DuplicateForSameParentSequenceAfterRetries;13.3161;;;;3;duplicate_for_same_parent_sequence
64;1;64;10;diversification;4;12b06676205c;swap;45;50;;;;;;;;;;;;True;False;False;False;;ok;16038.305861030383;15178.272012868274;15178.272012868274;15178.272012868274;421;15178.272012868274;3537.832;860.0338481621093;Evaluated;9.6367;0.6664;64;True;2;duplicate_for_same_parent_sequence
64;1;64;;diversification;5;;;;;;;;;;;;;;;;;;;;;End-of-iteration summary row;;;15178.272012868274;15178.272012868274;421;15178.272012868274;3537.8357;;IterationSummary;;;;;;
65;1;65;1;diversification;5;12b06676205c;move;;;20;5;;;;;;;;;;True;False;False;True;;ok;16302.690742616676;15178.272012868274;15178.272012868274;15178.272012868274;422;15178.272012868274;3544.6136;1124.4187297484023;Evaluated;6.1075;0.6584;64;True;1;
65;1;65;2;diversification;5;12b06676205c;reinsert_block;;;;;;;18;23;10;;;;;True;False;False;True;;ok;16477.49278673748;15178.272012868274;15178.272012868274;15178.272012868274;423;15178.272012868274;3551.4657;1299.220773869205;Evaluated;6.1911;0.6584;64;True;1;
65;1;65;3;diversification;5;12b06676205c;swap;35;50;;;;;;;;;;;;True;False;False;True;;ok;15429.257635525615;15178.272012868274;15178.272012868274;15178.272012868274;424;15178.272012868274;3564.9853;250.98562265734108;Evaluated;12.8581;0.6588;64;True;3;duplicate_for_same_parent_sequence
65;1;65;4;diversification;5;12b06676205c;move;;;52;48;;;;;;;;;;True;False;False;False;;ok;15191.757649056337;15178.272012868274;15178.272012868274;15178.272012868274;425;15178.272012868274;3571.3621;13.485636188062927;Evaluated;5.7286;0.6458;64;True;1;
65;1;65;5;diversification;5;12b06676205c;move;;;20;15;;;;;;;;;;True;False;False;False;;ok;16287.365997347148;15178.272012868274;15178.272012868274;15178.272012868274;426;15178.272012868274;3577.732;1109.0939844788736;Evaluated;5.7055;0.661;64;True;1;
65;1;65;6;diversification;5;12b06676205c;move;;;38;42;;;;;;;;;;True;False;False;False;;ok;15167.93286264882;15178.272012868274;15178.272012868274;15178.272012868274;427;15178.272012868274;3587.9681;-10.339150219453586;EvaluatedImprovementDespiteDiversificationMismatch;9.5724;0.6606;64;True;2;duplicate_for_same_parent_sequence
65;1;65;7;diversification;5;12b06676205c;move;;;15;20;;;;;;;;;;True;False;False;False;;ok;16419.411317287006;15178.272012868274;15178.272012868274;15178.272012868274;428;15178.272012868274;3594.1091;1241.1393044187316;Evaluated;5.4806;0.6571;64;True;1;
65;1;65;8;diversification;5;12b06676205c;swap;10;20;;;;;;;;;;;;True;False;False;False;;ok;15295.592319263515;15178.272012868274;15178.272012868274;15178.272012868274;429;15178.272012868274;3604.187;117.32030639524055;Evaluated;9.4115;0.6639;64;True;2;duplicate_for_same_parent_sequence
65;1;65;9;diversification;5;12b06676205c;move;;;25;30;;;;;;;;;;True;False;False;False;;ok;15481.900265980998;15178.272012868274;15178.272012868274;15178.272012868274;430;15178.272012868274;3610.3083;303.62825311272354;Evaluated;5.4855;0.632;64;True;1;
65;1;65;10;diversification;5;12b06676205c;swap;41;43;;;;;;;;;;;;True;False;False;False;;ok;15265.053376462185;15178.272012868274;15178.272012868274;15178.272012868274;431;15178.272012868274;3616.6489;86.78136359391101;Evaluated;5.6785;0.6588;64;True;1;
65;1;65;;diversification;0;;;;;;;;;;;;;;;;;;;;;End-of-iteration summary row;;;15167.93286264882;15167.93286264882;431;15167.93286264882;3616.6703;;IterationSummary;;;;;;
66;1;66;1;normal;0;d8dbe336b996;move;;;10;5;;;;;;;;;;True;False;False;False;;ok;16424.76632093356;15167.93286264882;15167.93286264882;15167.93286264882;432;15167.93286264882;3623.4174;1256.8334582847383;Evaluated;6.0797;0.6601;64;True;1;
66;1;66;2;normal;0;d8dbe336b996;swap;18;20;;;;;;;;;;;;True;False;False;False;;ok;16402.99229917433;15167.93286264882;15167.93286264882;15167.93286264882;433;15167.93286264882;3629.6928;1235.0594365255092;Evaluated;5.6125;0.6597;64;True;1;
66;1;66;3;normal;0;d8dbe336b996;reinsert_block;;;;;;;35;42;10;;;;;True;False;False;True;;ok;16454.59672185134;15167.93286264882;15167.93286264882;15167.93286264882;434;15167.93286264882;3636.3227;1286.6638592025192;Evaluated;5.9691;0.6579;64;True;1;
66;1;66;4;normal;0;d8dbe336b996;move;;;50;28;;;;;;;;;;True;False;False;True;;ok;15504.694733751046;15167.93286264882;15167.93286264882;15167.93286264882;435;15167.93286264882;3642.6604;336.761871102226;Evaluated;5.6685;0.6668;64;True;1;
66;1;66;5;normal;0;d8dbe336b996;move;;;25;30;;;;;;;;;;True;False;False;False;;ok;15502.639826922652;15167.93286264882;15167.93286264882;15167.93286264882;436;15167.93286264882;3648.9094;334.70696427383155;Evaluated;5.5913;0.6567;64;True;1;
66;1;66;;normal;1;;;;;;;;;;;;;;;;;;;;;End-of-iteration summary row;;;15167.93286264882;15167.93286264882;436;15167.93286264882;3648.913;;IterationSummary;;;;;;
67;1;67;1;normal;1;d8dbe336b996;move;;;8;3;;;;;;;;;;True;False;False;False;;ok;15756.501081537257;15167.93286264882;15167.93286264882;15167.93286264882;437;15167.93286264882;3659.5384;588.5682188884366;Evaluated;9.9618;0.6567;64;True;2;duplicate_for_same_parent_sequence
67;1;67;2;normal;1;d8dbe336b996;swap;17;25;;;;;;;;;;;;True;False;False;False;;ok;15909.358309836856;15167.93286264882;15167.93286264882;15167.93286264882;438;15167.93286264882;3665.9634;741.4254471880358;Evaluated;5.7609;0.6632;64;True;1;
67;1;67;3;normal;1;d8dbe336b996;reinsert_block;;;;;;;35;40;12;;;;;True;False;False;True;;ok;16061.049030765653;15167.93286264882;15167.93286264882;15167.93286264882;439;15167.93286264882;3673.1575;893.1161681168323;Evaluated;6.5347;0.656;64;True;1;
67;1;67;4;normal;1;d8dbe336b996;move;;;50;35;;;;;;;;;;True;False;False;True;;ok;15698.53910344498;15167.93286264882;15167.93286264882;15167.93286264882;440;15167.93286264882;3679.5116;530.6062407961599;Evaluated;5.684;0.6671;64;True;1;
67;1;67;5;normal;1;d8dbe336b996;move;;;15;20;;;;;;;;;;True;False;False;False;;ok;16440.102257020815;15167.93286264882;15167.93286264882;15167.93286264882;441;15167.93286264882;3685.8495;1272.1693943719947;Evaluated;5.6802;0.657;64;True;1;
67;1;67;;normal;2;;;;;;;;;;;;;;;;;;;;;End-of-iteration summary row;;;15167.93286264882;15167.93286264882;441;15167.93286264882;3685.8529;;IterationSummary;;;;;;
68;1;68;1;normal;2;d8dbe336b996;move;;;15;25;;;;;;;;;;True;False;False;True;;ok;16421.015138793624;15167.93286264882;15167.93286264882;15167.93286264882;442;15167.93286264882;3700.1688;1253.0822761448035;Evaluated;13.6448;0.6588;64;True;3;duplicate_for_same_parent_sequence
68;1;68;2;normal;2;d8dbe336b996;swap;20;25;;;;;;;;;;;;True;False;False;False;;ok;15830.44750023603;15167.93286264882;15167.93286264882;15167.93286264882;443;15167.93286264882;3706.4647;662.51463758721;Evaluated;5.6322;0.6608;64;True;1;
68;1;68;3;normal;2;d8dbe336b996;move;;;37;28;;;;;;;;;;True;False;False;False;;ok;15774.030656925146;15167.93286264882;15167.93286264882;15167.93286264882;444;15167.93286264882;3716.9133;606.0977942763257;Evaluated;9.7871;0.6576;64;True;2;duplicate_for_same_parent_sequence
68;1;68;4;normal;2;d8dbe336b996;move;;;50;12;;;;;;;;;;True;False;False;True;;ok;16049.346119798005;15167.93286264882;15167.93286264882;15167.93286264882;445;15167.93286264882;3723.6025;881.4132571491846;Evaluated;6.0181;0.6678;64;True;1;
68;1;68;5;normal;2;d8dbe336b996;move;;;40;30;;;;;;;;;;True;False;False;True;;ok;15896.618326086598;15167.93286264882;15167.93286264882;15167.93286264882;446;15167.93286264882;3733.7916;728.6854634377778;Evaluated;9.5272;0.6606;64;True;2;duplicate_for_same_parent_sequence
68;1;68;;normal;3;;;;;;;;;;;;;;;;;;;;;End-of-iteration summary row;;;15167.93286264882;15167.93286264882;446;15167.93286264882;3733.7925;;IterationSummary;;;;;;
69;1;69;1;diversification;3;d8dbe336b996;move;;;15;25;;;;;;;;;;False;True;False;;;ok;;15167.93286264882;15167.93286264882;15167.93286264882;446;15167.93286264882;3747.2864;;DuplicateForSameParentSequenceAfterRetries;13.4868;;;;3;duplicate_for_same_parent_sequence
69;1;69;2;diversification;3;d8dbe336b996;reinsert_block;;;;;;;18;23;5;;;;;True;False;False;True;;ok;16304.617823671088;15167.93286264882;15167.93286264882;15167.93286264882;447;15167.93286264882;3754.0169;1136.684961022267;Evaluated;6.0706;0.6589;64;True;1;
69;1;69;3;diversification;3;d8dbe336b996;swap;35;40;;;;;;;;;;;;True;False;False;False;;ok;15658.956805985032;15167.93286264882;15167.93286264882;15167.93286264882;448;15167.93286264882;3760.3339;491.02394333621123;Evaluated;5.6514;0.663;64;True;1;
69;1;69;4;diversification;3;d8dbe336b996;move;;;51;30;;;;;;;;;;True;False;False;True;;ok;15293.452350313606;15167.93286264882;15167.93286264882;15167.93286264882;449;15167.93286264882;3766.7063;125.51948766478563;Evaluated;5.7153;0.6546;64;True;1;
69;1;69;5;diversification;3;d8dbe336b996;move;;;25;10;;;;;;;;;;True;False;False;True;;ok;15892.29633505327;15167.93286264882;15167.93286264882;15167.93286264882;450;15167.93286264882;3773.1518;724.3634724044496;Evaluated;5.7875;0.657;64;True;1;
69;1;69;6;diversification;3;d8dbe336b996;move;;;45;30;;;;;;;;;;True;False;False;True;;ok;16134.884614956438;15167.93286264882;15167.93286264882;15167.93286264882;451;15167.93286264882;3779.8562;966.9517523076174;Evaluated;6.0329;0.6686;64;True;1;
69;1;69;7;diversification;3;d8dbe336b996;move;;;40;35;;;;;;;;;;True;False;False;False;;ok;15327.074034289739;15167.93286264882;15167.93286264882;15167.93286264882;452;15167.93286264882;3786.4249;159.1411716409184;Evaluated;5.7457;0.82;64;True;1;
69;1;69;8;diversification;3;d8dbe336b996;move;;;17;25;;;;;;;;;;True;False;False;False;;ok;15199.308039588524;15167.93286264882;15167.93286264882;15167.93286264882;453;15167.93286264882;3792.618;31.375176939704033;Evaluated;5.5286;0.6606;64;True;1;
69;1;69;9;diversification;3;d8dbe336b996;move;;;28;35;;;;;;;;;;True;False;False;False;;ok;16512.70443024576;15167.93286264882;15167.93286264882;15167.93286264882;454;15167.93286264882;3799.1994;1344.7715675969412;Evaluated;5.9232;0.6553;64;True;1;
69;1;69;10;diversification;3;d8dbe336b996;move;;;52;18;;;;;;;;;;True;False;False;True;;ok;16218.539468605555;15167.93286264882;15167.93286264882;15167.93286264882;455;15167.93286264882;3809.5617;1050.6066059567347;Evaluated;9.7018;0.6579;64;True;2;duplicate_for_same_parent_sequence
69;1;69;;diversification;4;;;;;;;;;;;;;;;;;;;;;End-of-iteration summary row;;;15167.93286264882;15167.93286264882;455;15167.93286264882;3809.5625;;IterationSummary;;;;;;
70;1;70;1;diversification;4;d8dbe336b996;move;;;10;25;;;;;;;;;;True;False;False;True;;ok;16028.648533006477;15167.93286264882;15167.93286264882;15167.93286264882;456;15167.93286264882;3816.3899;860.7156703576566;Evaluated;6.1799;0.642;64;True;1;
70;1;70;2;diversification;4;d8dbe336b996;move;;;40;25;;;;;;;;;;True;False;False;True;;ok;15992.547885614462;15167.93286264882;15167.93286264882;15167.93286264882;457;15167.93286264882;3826.7149;824.6150229656414;Evaluated;9.665;0.6573;64;True;2;duplicate_for_same_parent_sequence
70;1;70;3;diversification;4;d8dbe336b996;swap;32;47;;;;;;;;;;;;True;False;False;True;;ok;15193.039972798011;15167.93286264882;15167.93286264882;15167.93286264882;458;15167.93286264882;3836.8183;25.107110149190703;Evaluated;9.4426;0.6577;64;True;2;duplicate_for_same_parent_sequence
70;1;70;4;diversification;4;d8dbe336b996;move;;;60;45;;;;;;;;;;True;False;False;True;;ok;15955.591052837442;15167.93286264882;15167.93286264882;15167.93286264882;459;15167.93286264882;3846.8985;787.658190188622;Evaluated;9.4196;0.6575;64;True;2;duplicate_for_same_parent_sequence
70;1;70;5;diversification;4;d8dbe336b996;move;;;20;15;;;;;;;;;;True;False;False;False;;ok;16282.493778475306;15167.93286264882;15167.93286264882;15167.93286264882;460;15167.93286264882;3853.6296;1114.5609158264851;Evaluated;6.0624;0.6659;64;True;1;
70;1;70;6;diversification;4;d8dbe336b996;move;;;45;20;;;;;;;;;;True;False;False;True;;ok;16408.488312383764;15167.93286264882;15167.93286264882;15167.93286264882;461;15167.93286264882;3860.0652;1240.555449734944;Evaluated;5.7648;0.6682;64;True;1;
70;1;70;7;diversification;4;d8dbe336b996;move;;;20;10;;;;;;;;;;True;False;False;True;;ok;16191.43396045891;15167.93286264882;15167.93286264882;15167.93286264882;462;15167.93286264882;3870.0887;1023.501097810089;Evaluated;9.3613;0.6597;64;True;2;duplicate_for_same_parent_sequence
70;1;70;8;diversification;4;d8dbe336b996;move;;;43;8;;;;;;;;;;True;False;False;True;;ok;16846.655356314655;15167.93286264882;15167.93286264882;15167.93286264882;463;15167.93286264882;3880.2361;1678.722493665835;Evaluated;9.4878;0.6568;64;True;2;duplicate_for_same_parent_sequence
70;1;70;9;diversification;4;d8dbe336b996;move;;;18;25;;;;;;;;;;True;False;False;False;;ok;16264.863663120435;15167.93286264882;15167.93286264882;15167.93286264882;464;15167.93286264882;3890.5492;1096.930800471615;Evaluated;9.6487;0.6612;64;True;2;duplicate_for_same_parent_sequence
70;1;70;10;diversification;4;d8dbe336b996;move;;;52;40;;;;;;;;;;True;False;False;True;;ok;15697.38299728288;15167.93286264882;15167.93286264882;15167.93286264882;465;15167.93286264882;3897.0096;529.4501346340603;Evaluated;5.8031;0.6546;64;True;1;
70;1;70;;diversification;5;;;;;;;;;;;;;;;;;;;;;End-of-iteration summary row;;;15167.93286264882;15167.93286264882;465;15167.93286264882;3897.0125;;IterationSummary;;;;;;
71;1;71;1;diversification;5;d8dbe336b996;move;;;4;30;;;;;;;;;;True;False;False;True;;ok;16793.35217877091;15167.93286264882;15167.93286264882;15167.93286264882;466;15167.93286264882;3908.071;1625.41931612209;Evaluated;10.3807;0.6638;64;True;2;duplicate_for_same_parent_sequence
71;1;71;2;diversification;5;d8dbe336b996;reinsert_block;;;;;;;20;25;35;;;;;True;False;False;True;;ok;16652.983211149214;15167.93286264882;15167.93286264882;15167.93286264882;467;15167.93286264882;3914.8923;1485.0503485003937;Evaluated;6.157;0.6616;64;True;1;
71;1;71;3;diversification;5;d8dbe336b996;swap;34;42;;;;;;;;;;;;True;False;False;False;;ok;16401.211646933596;15167.93286264882;15167.93286264882;15167.93286264882;468;15167.93286264882;3921.2102;1233.2787842847756;Evaluated;5.6633;0.6536;64;True;1;
71;1;71;4;diversification;5;d8dbe336b996;move;;;50;30;;;;;;;;;;True;False;False;True;;ok;15512.998232634607;15167.93286264882;15167.93286264882;15167.93286264882;469;15167.93286264882;3927.609;345.0653699857867;Evaluated;5.7401;0.6554;64;True;1;
71;1;71;5;diversification;5;d8dbe336b996;move;;;52;30;;;;;;;;;;True;False;False;True;;ok;15572.61628953483;15167.93286264882;15167.93286264882;15167.93286264882;470;15167.93286264882;3934.1877;404.68342688600933;Evaluated;5.7611;0.8145;64;True;1;
71;1;71;6;diversification;5;d8dbe336b996;move;;;34;15;;;;;;;;;;True;False;False;True;;ok;16076.953525456756;15167.93286264882;15167.93286264882;15167.93286264882;471;15167.93286264882;3944.1525;909.0206628079359;Evaluated;9.2952;0.6669;64;True;2;duplicate_for_same_parent_sequence
71;1;71;7;diversification;5;d8dbe336b996;move;;;30;15;;;;;;;;;;True;False;False;True;;ok;15781.810818634995;15167.93286264882;15167.93286264882;15167.93286264882;472;15167.93286264882;3954.5429;613.8779559861741;Evaluated;9.7298;0.658;64;True;2;duplicate_for_same_parent_sequence
71;1;71;8;diversification;5;d8dbe336b996;move;;;25;18;;;;;;;;;;True;False;False;False;;ok;15900.234115256155;15167.93286264882;15167.93286264882;15167.93286264882;473;15167.93286264882;3960.8432;732.3012526073344;Evaluated;5.6415;0.6556;64;True;1;
71;1;71;9;diversification;5;d8dbe336b996;move;;;24;18;;;;;;;;;;True;False;False;False;;ok;15828.2308325479;15167.93286264882;15167.93286264882;15167.93286264882;474;15167.93286264882;3974.9898;660.2979698990803;Evaluated;13.483;0.6626;64;True;3;duplicate_for_same_parent_sequence
71;1;71;10;diversification;5;d8dbe336b996;swap;42;50;;;;;;;;;;;;True;False;False;False;;ok;15781.431951876124;15167.93286264882;15167.93286264882;15167.93286264882;475;15167.93286264882;3988.8331;613.4990892273036;Evaluated;13.1836;0.6572;64;True;3;duplicate_for_same_parent_sequence
71;1;71;;diversification;6;;;;;;;;;;;;;;;;;;;;;End-of-iteration summary row;;;15167.93286264882;15167.93286264882;475;15167.93286264882;3988.8368;;IterationSummary;;;;;;
72;1;72;1;diversification;6;d8dbe336b996;move;;;20;5;;;;;;;;;;True;False;False;True;;ok;16302.690742616676;15167.93286264882;15167.93286264882;15167.93286264882;476;15167.93286264882;4003.4576;1134.7578799678558;Evaluated;13.9572;0.6551;64;True;3;duplicate_for_same_parent_sequence
72;1;72;2;diversification;6;d8dbe336b996;move;;;49;17;;;;;;;;;;True;False;False;True;;ok;15874.870108140824;15167.93286264882;15167.93286264882;15167.93286264882;477;15167.93286264882;4013.9833;706.9372454920031;Evaluated;9.8579;0.6648;64;True;2;duplicate_for_same_parent_sequence
72;1;72;3;diversification;6;d8dbe336b996;swap;37;42;;;;;;;;;;;;True;False;False;False;;ok;15304.19179242176;15167.93286264882;15167.93286264882;15167.93286264882;478;15167.93286264882;4020.3915;136.25892977293915;Evaluated;5.7486;0.6564;64;True;1;
72;1;72;4;diversification;6;d8dbe336b996;move;;;62;48;;;;;;;;;;True;False;False;True;;ok;14980.084573045162;15167.93286264882;15167.93286264882;15167.93286264882;479;15167.93286264882;4030.8394;-187.8482896036585;Evaluated;9.7928;0.6543;64;True;2;duplicate_for_same_parent_sequence
72;1;72;5;diversification;6;d8dbe336b996;move;;;37;10;;;;;;;;;;True;False;False;True;;ok;16337.473262608897;15167.93286264882;15167.93286264882;15167.93286264882;480;15167.93286264882;4041.0651;1169.5403999600767;Evaluated;9.5594;0.6633;64;True;2;duplicate_for_same_parent_sequence
72;1;72;6;diversification;6;d8dbe336b996;swap;40;60;;;;;;;;;;;;True;False;False;True;;ok;16297.550634642048;15167.93286264882;15167.93286264882;15167.93286264882;481;15167.93286264882;4051.3942;1129.6177719932275;Evaluated;9.5109;0.8174;64;True;2;duplicate_for_same_parent_sequence
72;1;72;7;diversification;6;d8dbe336b996;move;;;45;10;;;;;;;;;;True;False;False;True;;ok;16009.950487996213;15167.93286264882;15167.93286264882;15167.93286264882;482;15167.93286264882;4057.7477;842.0176253473928;Evaluated;5.6951;0.6552;64;True;1;
72;1;72;8;diversification;6;d8dbe336b996;move;;;8;15;;;;;;;;;;True;False;False;False;;ok;16210.172155532473;15167.93286264882;15167.93286264882;15167.93286264882;483;15167.93286264882;4068.2444;1042.2392928836525;Evaluated;9.8279;0.6656;64;True;2;duplicate_for_same_parent_sequence
72;1;72;9;diversification;6;d8dbe336b996;move;;;34;20;;;;;;;;;;True;False;False;True;;ok;16218.425290938543;15167.93286264882;15167.93286264882;15167.93286264882;484;15167.93286264882;4078.6317;1050.4924282897227;Evaluated;9.5631;0.8205;64;True;2;duplicate_for_same_parent_sequence
72;1;72;10;diversification;6;d8dbe336b996;move;;;45;15;;;;;;;;;;True;False;False;True;;ok;16429.119802328205;15167.93286264882;15167.93286264882;15167.93286264882;485;15167.93286264882;4089.0476;1261.1869396793845;Evaluated;9.7568;0.6557;64;True;2;duplicate_for_same_parent_sequence
72;1;72;;diversification;0;;;;;;;;;;;;;;;;;;;;;End-of-iteration summary row;;;14980.084573045162;14980.084573045162;485;14980.084573045162;4089.0595;;IterationSummary;;;;;;
73;1;73;1;normal;0;d736e5066242;move;;;10;25;;;;;;;;;;True;False;False;True;;ok;15837.857700560235;14980.084573045162;14980.084573045162;14980.084573045162;486;14980.084573045162;4095.8904;857.7731275150727;Evaluated;6.169;0.655;64;True;1;
73;1;73;2;normal;0;d736e5066242;swap;18;20;;;;;;;;;;;;True;False;False;False;;ok;16212.263207471178;14980.084573045162;14980.084573045162;14980.084573045162;487;14980.084573045162;4102.1342;1232.1786344260163;Evaluated;5.5766;0.6665;64;True;1;
73;1;73;3;normal;0;d736e5066242;reinsert_block;;;;;;;35;40;25;;;;;True;False;False;True;;ok;16020.625406407587;14980.084573045162;14980.084573045162;14980.084573045162;488;14980.084573045162;4108.8914;1040.5408333624255;Evaluated;6.1137;0.6402;64;True;1;
73;1;73;4;normal;0;d736e5066242;move;;;50;34;;;;;;;;;;True;False;False;True;;ok;15908.25096055763;14980.084573045162;14980.084573045162;14980.084573045162;489;14980.084573045162;4115.1756;928.1663875124686;Evaluated;5.6232;0.6584;64;True;1;
73;1;73;5;normal;0;d736e5066242;move;;;25;10;;;;;;;;;;True;False;False;True;;ok;15696.372922895043;14980.084573045162;14980.084573045162;14980.084573045162;490;14980.084573045162;4121.4767;716.2883498498813;Evaluated;5.6401;0.6582;64;True;1;
73;1;73;;normal;1;;;;;;;;;;;;;;;;;;;;;End-of-iteration summary row;;;14980.084573045162;14980.084573045162;490;14980.084573045162;4121.4801;;IterationSummary;;;;;;
74;1;74;1;normal;1;d736e5066242;move;;;8;15;;;;;;;;;;True;False;False;False;;ok;16019.476894084793;14980.084573045162;14980.084573045162;14980.084573045162;491;14980.084573045162;4128.5158;1039.3923210396315;Evaluated;6.367;0.6548;64;True;1;
74;1;74;2;normal;1;d736e5066242;swap;17;20;;;;;;;;;;;;True;False;False;False;;ok;15026.96598685063;14980.084573045162;14980.084573045162;14980.084573045162;492;14980.084573045162;4134.8694;46.88141380546767;Evaluated;5.6954;0.6552;64;True;1;
74;1;74;3;normal;1;d736e5066242;reinsert_block;;;;;;;35;40;28;;;;;True;False;False;False;;ok;15693.254548425286;14980.084573045162;14980.084573045162;14980.084573045162;493;14980.084573045162;4141.5466;713.169975380124;Evaluated;6.0102;0.664;64;True;1;
74;1;74;4;normal;1;d736e5066242;move;;;50;38;;;;;;;;;;True;False;False;True;;ok;15480.914284375018;14980.084573045162;14980.084573045162;14980.084573045162;494;14980.084573045162;4148.2199;500.82971132985585;Evaluated;6.0165;0.6561;64;True;1;
74;1;74;5;normal;1;d736e5066242;move;;;37;28;;;;;;;;;;True;False;False;False;;ok;15774.030656925146;14980.084573045162;14980.084573045162;14980.084573045162;495;14980.084573045162;4158.1797;793.9460838799841;Evaluated;9.3012;0.656;64;True;2;duplicate_for_same_parent_sequence
74;1;74;;normal;2;;;;;;;;;;;;;;;;;;;;;End-of-iteration summary row;;;14980.084573045162;14980.084573045162;495;14980.084573045162;4158.1827;;IterationSummary;;;;;;
75;1;75;1;normal;2;d736e5066242;move;;;8;14;;;;;;;;;;True;False;False;False;;ok;16019.476894084793;14980.084573045162;14980.084573045162;14980.084573045162;496;14980.084573045162;4169.007;1039.3923210396315;Evaluated;10.1529;0.6621;64;True;2;duplicate_for_same_parent_sequence
75;1;75;2;normal;2;d736e5066242;move;;;35;25;;;;;;;;;;True;False;False;True;;ok;15999.807263752002;14980.084573045162;14980.084573045162;14980.084573045162;497;14980.084573045162;4179.0718;1019.7226907068398;Evaluated;9.4068;0.6573;64;True;2;duplicate_for_same_parent_sequence
75;1;75;3;normal;2;d736e5066242;move;;;17;10;;;;;;;;;;True;False;False;False;;ok;15500.859582143557;14980.084573045162;14980.084573045162;14980.084573045162;498;14980.084573045162;4189.9789;520.7750090983955;Evaluated;10.239;0.6647;64;True;2;duplicate_for_same_parent_sequence
75;1;75;4;normal;2;d736e5066242;move;;;58;49;;;;;;;;;;True;False;False;False;;ok;14984.643240090334;14980.084573045162;14980.084573045162;14980.084573045162;499;14980.084573045162;4196.3191;4.558667045172115;Evaluated;5.6785;0.6593;64;True;1;
75;1;75;5;normal;2;d736e5066242;move;;;40;25;;;;;;;;;;True;False;False;True;;ok;15797.221566629156;14980.084573045162;14980.084573045162;14980.084573045162;500;14980.084573045162;4202.6647;817.1369935839939;Evaluated;5.6858;0.6574;64;True;1;
75;1;75;;normal;3;;;;;;;;;;;;;;;;;;;;;End-of-iteration summary row;;;14980.084573045162;14980.084573045162;500;14980.084573045162;4202.6678;;IterationSummary;;;;;;
76;1;76;1;diversification;3;d736e5066242;move;;;17;5;;;;;;;;;;True;False;False;True;;ok;15733.376526088165;14980.084573045162;14980.084573045162;14980.084573045162;501;14980.084573045162;4209.4309;753.2919530430026;Evaluated;6.0891;0.657;64;True;1;
76;1;76;2;diversification;3;d736e5066242;reinsert_block;;;;;;;20;24;15;;;;;True;False;False;False;;ok;15643.846210187303;14980.084573045162;14980.084573045162;14980.084573045162;502;14980.084573045162;4216.1478;663.7616371421409;Evaluated;6.0567;0.6571;64;True;1;
76;1;76;3;diversification;3;d736e5066242;swap;32;40;;;;;;;;;;;;True;False;False;False;;ok;15507.782509063682;14980.084573045162;14980.084573045162;14980.084573045162;503;14980.084573045162;4222.7877;527.6979360185196;Evaluated;5.9961;0.641;64;True;1;
76;1;76;4;diversification;3;d736e5066242;move;;;60;52;;;;;;;;;;True;False;False;False;;ok;15477.027517010869;14980.084573045162;14980.084573045162;14980.084573045162;504;14980.084573045162;4229.1437;496.94294396570695;Evaluated;5.6862;0.6671;64;True;1;
76;1;76;5;diversification;3;d736e5066242;move;;;20;15;;;;;;;;;;True;False;False;False;;ok;16097.272776038944;14980.084573045162;14980.084573045162;14980.084573045162;505;14980.084573045162;4235.6107;1117.1882029937824;Evaluated;5.8097;0.6542;64;True;1;
76;1;76;6;diversification;3;d736e5066242;move;;;58;30;;;;;;;;;;True;False;False;True;;ok;15642.691864893486;14980.084573045162;14980.084573045162;14980.084573045162;506;14980.084573045162;4241.9177;662.6072918483242;Evaluated;5.6523;0.654;64;True;1;
76;1;76;7;diversification;3;d736e5066242;move;;;30;20;;;;;;;;;;True;False;False;True;;ok;15489.752978065742;14980.084573045162;14980.084573045162;14980.084573045162;507;14980.084573045162;4251.9478;509.6684050205804;Evaluated;9.3705;0.6584;64;True;2;duplicate_for_same_parent_sequence
76;1;76;8;diversification;3;d736e5066242;move;;;37;28;;;;;;;;;;False;True;False;;;ok;;14980.084573045162;14980.084573045162;14980.084573045162;507;14980.084573045162;4265.0817;;DuplicateForSameParentSequenceAfterRetries;13.133;;;;3;duplicate_for_same_parent_sequence
76;1;76;9;diversification;3;d736e5066242;move;;;28;35;;;;;;;;;;True;False;False;False;;ok;16327.245292835907;14980.084573045162;14980.084573045162;14980.084573045162;508;14980.084573045162;4271.458;1347.1607197907451;Evaluated;5.7182;0.6571;64;True;1;
76;1;76;10;diversification;3;d736e5066242;move;;;45;30;;;;;;;;;;True;False;False;True;;ok;16050.391042204894;14980.084573045162;14980.084573045162;14980.084573045162;509;14980.084573045162;4277.7807;1070.306469159732;Evaluated;5.677;0.6427;64;True;1;
76;1;76;;diversification;4;;;;;;;;;;;;;;;;;;;;;End-of-iteration summary row;;;14980.084573045162;14980.084573045162;509;14980.084573045162;4277.7851;;IterationSummary;;;;;;
77;1;77;1;diversification;4;d736e5066242;move;;;20;30;;;;;;;;;;True;False;False;True;;ok;15448.83443630605;14980.084573045162;14980.084573045162;14980.084573045162;510;14980.084573045162;4288.282;468.74986326088765;Evaluated;9.8222;0.6611;64;True;2;duplicate_for_same_parent_sequence
77;1;77;2;diversification;4;d736e5066242;reinsert_block;;;;;;;18;23;5;;;;;True;False;False;True;;ok;16112.83525779015;14980.084573045162;14980.084573045162;14980.084573045162;511;14980.084573045162;4294.826;1132.7506847449877;Evaluated;5.8718;0.669;64;True;1;
77;1;77;3;diversification;4;d736e5066242;swap;32;47;;;;;;;;;;;;True;False;False;True;;ok;15148.69106307668;14980.084573045162;14980.084573045162;14980.084573045162;512;14980.084573045162;4301.1253;168.60649003151775;Evaluated;5.6422;0.6543;64;True;1;
77;1;77;4;diversification;4;d736e5066242;move;;;50;35;;;;;;;;;;True;False;False;True;;ok;15908.25096055763;14980.084573045162;14980.084573045162;14980.084573045162;513;14980.084573045162;4307.5005;928.1663875124686;Evaluated;5.7163;0.6582;64;True;1;
77;1;77;5;diversification;4;d736e5066242;move;;;40;30;;;;;;;;;;True;False;False;True;;ok;15699.737455534503;14980.084573045162;14980.084573045162;14980.084573045162;514;14980.084573045162;4317.9545;719.6528824893412;Evaluated;9.785;0.6662;64;True;2;duplicate_for_same_parent_sequence
77;1;77;6;diversification;4;d736e5066242;move;;;42;18;;;;;;;;;;True;False;False;True;;ok;15963.743773089354;14980.084573045162;14980.084573045162;14980.084573045162;515;14980.084573045162;4328.1286;983.6592000441924;Evaluated;9.5128;0.658;64;True;2;duplicate_for_same_parent_sequence
77;1;77;7;diversification;4;d736e5066242;move;;;50;25;;;;;;;;;;True;False;False;True;;ok;15952.15871593585;14980.084573045162;14980.084573045162;14980.084573045162;516;14980.084573045162;4334.4741;972.0741428906877;Evaluated;5.6857;0.6572;64;True;1;
77;1;77;8;diversification;4;d736e5066242;move;;;25;30;;;;;;;;;;True;False;False;False;;ok;15315.472591747057;14980.084573045162;14980.084573045162;14980.084573045162;517;14980.084573045162;4344.7739;335.3880187018949;Evaluated;9.6408;0.6564;64;True;2;duplicate_for_same_parent_sequence
77;1;77;9;diversification;4;d736e5066242;move;;;35;28;;;;;;;;;;True;False;False;False;;ok;15504.609939804925;14980.084573045162;14980.084573045162;14980.084573045162;518;14980.084573045162;4355.0769;524.5253667597626;Evaluated;9.6347;0.6653;64;True;2;duplicate_for_same_parent_sequence
77;1;77;10;diversification;4;d736e5066242;move;;;42;50;;;;;;;;;;True;False;False;False;;ok;15565.914482133869;14980.084573045162;14980.084573045162;14980.084573045162;519;14980.084573045162;4361.5121;585.8299090887067;Evaluated;5.7639;0.668;64;True;1;
77;1;77;;diversification;5;;;;;;;;;;;;;;;;;;;;;End-of-iteration summary row;;;14980.084573045162;14980.084573045162;519;14980.084573045162;4361.515;;IterationSummary;;;;;;
78;1;78;1;diversification;5;d736e5066242;move;;;20;3;;;;;;;;;;True;False;False;True;;ok;16109.809042655388;14980.084573045162;14980.084573045162;14980.084573045162;520;14980.084573045162;4368.3446;1129.7244696102262;Evaluated;6.1596;0.6592;64;True;1;
78;1;78;2;diversification;5;d736e5066242;reinsert_block;;;;;;;20;23;5;;;;;True;False;False;True;;ok;16111.188898986755;14980.084573045162;14980.084573045162;14980.084573045162;521;14980.084573045162;4375.4489;1131.1043259415928;Evaluated;6.4405;0.6608;64;True;1;
78;1;78;3;diversification;5;d736e5066242;move;;;40;5;;;;;;;;;;True;False;False;True;;ok;15751.93199039523;14980.084573045162;14980.084573045162;14980.084573045162;522;14980.084573045162;4385.4313;771.8474173500672;Evaluated;9.3234;0.6562;64;True;2;duplicate_for_same_parent_sequence
78;1;78;4;diversification;5;d736e5066242;move;;;48;30;;;;;;;;;;True;False;False;True;;ok;15412.195209301635;14980.084573045162;14980.084573045162;14980.084573045162;523;14980.084573045162;4395.9417;432.1106362564733;Evaluated;9.8479;0.6584;64;True;2;duplicate_for_same_parent_sequence
78;1;78;5;diversification;5;d736e5066242;move;;;30;15;;;;;;;;;;True;False;False;True;;ok;15587.262360350933;14980.084573045162;14980.084573045162;14980.084573045162;524;14980.084573045162;4402.5877;607.1777873057708;Evaluated;5.9823;0.6604;64;True;1;
78;1;78;6;diversification;5;d736e5066242;move;;;32;40;;;;;;;;;;True;False;False;False;;ok;15505.588792013663;14980.084573045162;14980.084573045162;14980.084573045162;525;14980.084573045162;4409.165;525.5042189685009;Evaluated;5.919;0.6557;64;True;1;
78;1;78;7;diversification;5;d736e5066242;move;;;20;35;;;;;;;;;;True;False;False;True;;ok;15917.342738805448;14980.084573045162;14980.084573045162;14980.084573045162;526;14980.084573045162;4415.4327;937.2581657602859;Evaluated;5.6029;0.662;64;True;1;
78;1;78;8;diversification;5;d736e5066242;reinsert_block;;;;;;;8;13;18;;;;;True;False;False;False;;ok;16305.065249557332;14980.084573045162;14980.084573045162;14980.084573045162;527;14980.084573045162;4425.7867;1324.9806765121702;Evaluated;9.6935;0.6577;64;True;2;duplicate_for_same_parent_sequence
78;1;78;9;diversification;5;d736e5066242;swap;30;40;;;;;;;;;;;;True;False;False;False;;ok;15710.090598097007;14980.084573045162;14980.084573045162;14980.084573045162;528;14980.084573045162;4435.8774;730.0060250518454;Evaluated;9.4306;0.6575;64;True;2;duplicate_for_same_parent_sequence
78;1;78;10;diversification;5;d736e5066242;move;;;50;42;;;;;;;;;;True;False;False;False;;ok;15472.463977235368;14980.084573045162;14980.084573045162;14980.084573045162;529;14980.084573045162;4442.2922;492.3794041902056;Evaluated;5.7727;0.6414;64;True;1;
78;1;78;;diversification;6;;;;;;;;;;;;;;;;;;;;;End-of-iteration summary row;;;14980.084573045162;14980.084573045162;529;14980.084573045162;4442.2954;;IterationSummary;;;;;;
79;1;79;1;diversification;6;d736e5066242;move;;;37;45;;;;;;;;;;True;False;False;False;;ok;15587.79131057456;14980.084573045162;14980.084573045162;14980.084573045162;530;14980.084573045162;4452.8426;607.7067375293973;Evaluated;9.8771;0.6586;64;True;2;duplicate_for_same_parent_sequence
79;1;79;2;diversification;6;d736e5066242;move;;;40;15;;;;;;;;;;True;False;False;True;;ok;16028.483294210619;14980.084573045162;14980.084573045162;14980.084573045162;531;14980.084573045162;4463.2961;1048.3987211654567;Evaluated;9.7897;0.6611;64;True;2;duplicate_for_same_parent_sequence
79;1;79;3;diversification;6;d736e5066242;swap;35;40;;;;;;;;;;;;True;False;False;False;;ok;15461.368299749329;14980.084573045162;14980.084573045162;14980.084573045162;532;14980.084573045162;4473.6316;481.28372670416684;Evaluated;9.6785;0.6552;64;True;2;duplicate_for_same_parent_sequence
79;1;79;4;diversification;6;d736e5066242;move;;;60;32;;;;;;;;;;True;False;False;True;;ok;15718.861529262227;14980.084573045162;14980.084573045162;14980.084573045162;533;14980.084573045162;4484.0263;738.7769562170652;Evaluated;9.7276;0.6642;64;True;2;duplicate_for_same_parent_sequence
79;1;79;5;diversification;6;d736e5066242;move;;;15;25;;;;;;;;;;True;False;False;True;;ok;16220.010100504313;14980.084573045162;14980.084573045162;14980.084573045162;534;14980.084573045162;4490.7781;1239.9255274591505;Evaluated;6.0915;0.6576;64;True;1;
79;1;79;6;diversification;6;d736e5066242;move;;;25;45;;;;;;;;;;True;False;False;True;;ok;15578.682133093316;14980.084573045162;14980.084573045162;14980.084573045162;535;14980.084573045162;4501.0719;598.5975600481543;Evaluated;9.623;0.6683;64;True;2;duplicate_for_same_parent_sequence
79;1;79;7;diversification;6;d736e5066242;move;;;37;15;;;;;;;;;;True;False;False;True;;ok;15921.830844516837;14980.084573045162;14980.084573045162;14980.084573045162;536;14980.084573045162;4511.0651;941.7462714716748;Evaluated;9.3329;0.6576;64;True;2;duplicate_for_same_parent_sequence
79;1;79;8;diversification;6;d736e5066242;move;;;18;25;;;;;;;;;;True;False;False;False;;ok;16065.82087712952;14980.084573045162;14980.084573045162;14980.084573045162;537;14980.084573045162;4517.435;1085.7363040843575;Evaluated;5.708;0.6589;64;True;1;
79;1;79;9;diversification;6;d736e5066242;move;;;30;15;;;;;;;;;;False;True;False;;;ok;;14980.084573045162;14980.084573045162;14980.084573045162;537;14980.084573045162;4530.7914;;DuplicateForSameParentSequenceAfterRetries;13.3529;;;;3;duplicate_for_same_parent_sequence
79;1;79;10;diversification;6;d736e5066242;swap;40;52;;;;;;;;;;;;True;False;False;True;;ok;15165.34731104106;14980.084573045162;14980.084573045162;14980.084573045162;538;14980.084573045162;4537.1979;185.26273799589762;Evaluated;5.7461;0.6592;64;True;1;
79;1;79;;diversification;7;;;;;;;;;;;;;;;;;;;;;End-of-iteration summary row;;;14980.084573045162;14980.084573045162;538;14980.084573045162;4537.2006;;IterationSummary;;;;;;
80;1;80;1;diversification;7;d736e5066242;move;;;2;10;;;;;;;;;;True;False;False;False;;ok;15779.701800762186;14980.084573045162;14980.084573045162;14980.084573045162;539;14980.084573045162;4543.7824;799.6172277170244;Evaluated;5.9068;0.6567;64;True;1;
80;1;80;2;diversification;7;d736e5066242;reinsert_block;;;;;;;18;25;30;;;;;True;False;False;False;;ok;15760.303726076869;14980.084573045162;14980.084573045162;14980.084573045162;540;14980.084573045162;4550.3832;780.2191530317068;Evaluated;5.9345;0.6633;64;True;1;
80;1;80;3;diversification;7;d736e5066242;swap;28;36;;;;;;;;;;;;True;False;False;False;;ok;15227.016049061016;14980.084573045162;14980.084573045162;14980.084573045162;541;14980.084573045162;4560.744;246.93147601585406;Evaluated;9.6921;0.6659;64;True;2;duplicate_for_same_parent_sequence
80;1;80;4;diversification;7;d736e5066242;move;;;50;20;;;;;;;;;;True;False;False;True;;ok;15877.610203559443;14980.084573045162;14980.084573045162;14980.084573045162;542;14980.084573045162;4570.5636;897.5256305142811;Evaluated;9.1547;0.6616;64;True;2;duplicate_for_same_parent_sequence
80;1;80;5;diversification;7;d736e5066242;swap;3;8;;;;;;;;;;;;True;False;False;False;;ok;15986.32297074246;14980.084573045162;14980.084573045162;14980.084573045162;543;14980.084573045162;4580.4997;1006.2383976972978;Evaluated;9.2765;0.6568;64;True;2;duplicate_for_same_parent_sequence
80;1;80;6;diversification;7;d736e5066242;move;;;60;45;;;;;;;;;;True;False;False;True;;ok;15296.493069536225;14980.084573045162;14980.084573045162;14980.084573045162;544;14980.084573045162;4586.812;316.4084964910635;Evaluated;5.6527;0.6581;64;True;1;
80;1;80;7;diversification;7;d736e5066242;move;;;50;17;;;;;;;;;;True;False;False;True;;ok;15879.72403622659;14980.084573045162;14980.084573045162;14980.084573045162;545;14980.084573045162;4593.1571;899.6394631814273;Evaluated;5.685;0.6574;64;True;1;
80;1;80;8;diversification;7;d736e5066242;swap;15;20;;;;;;;;;;;;True;False;False;False;;ok;16114.419863818299;14980.084573045162;14980.084573045162;14980.084573045162;546;14980.084573045162;4607.0083;1134.3352907731369;Evaluated;13.2031;0.6444;64;True;3;duplicate_for_same_parent_sequence
80;1;80;9;diversification;7;d736e5066242;move;;;28;15;;;;;;;;;;True;False;False;True;;ok;16101.665550318872;14980.084573045162;14980.084573045162;14980.084573045162;547;14980.084573045162;4613.3928;1121.5809772737102;Evaluated;5.7186;0.6629;64;True;1;
80;1;80;10;diversification;7;d736e5066242;swap;42;51;;;;;;;;;;;;True;False;False;False;;ok;15583.727870005017;14980.084573045162;14980.084573045162;14980.084573045162;548;14980.084573045162;4627.3955;603.6432969598554;Evaluated;13.3425;0.6595;64;True;3;duplicate_for_same_parent_sequence
80;1;80;;diversification;8;;;;;;;;;;;;;;;;;;;;;End-of-iteration summary row;;;14980.084573045162;14980.084573045162;548;14980.084573045162;4627.3971;;IterationSummary;;;;;;
81;1;81;1;diversification;8;d736e5066242;move;;;10;5;;;;;;;;;;True;False;False;False;;ok;16232.445300219617;14980.084573045162;14980.084573045162;14980.084573045162;549;14980.084573045162;4634.2555;1252.360727174455;Evaluated;6.188;0.6605;64;True;1;
81;1;81;2;diversification;8;d736e5066242;reinsert_block;;;;;;;20;25;30;;;;;True;False;False;False;;ok;15974.035453072143;14980.084573045162;14980.084573045162;14980.084573045162;550;14980.084573045162;4640.9795;993.9508800269814;Evaluated;6.0636;0.6575;64;True;1;
81;1;81;3;diversification;8;d736e5066242;swap;35;42;;;;;;;;;;;;True;False;False;False;;ok;15568.303473834812;14980.084573045162;14980.084573045162;14980.084573045162;551;14980.084573045162;4647.3592;588.2189007896504;Evaluated;5.7107;0.6662;64;True;1;
81;1;81;4;diversification;8;d736e5066242;move;;;25;10;;;;;;;;;;False;True;True;;;ok;;14980.084573045162;14980.084573045162;14980.084573045162;551;14980.084573045162;4660.6556;;DuplicateForSameParentSequenceAfterRetries;13.2935;;;;3;duplicate_for_same_parent_sequence
81;1;81;5;diversification;8;d736e5066242;move;;;30;18;;;;;;;;;;True;False;False;True;;ok;15490.911154147534;14980.084573045162;14980.084573045162;14980.084573045162;552;14980.084573045162;4670.8266;510.8265811023721;Evaluated;9.5081;0.6618;64;True;2;duplicate_for_same_parent_sequence
81;1;81;6;diversification;8;d736e5066242;move;;;40;32;;;;;;;;;;True;False;False;False;;ok;15701.502034924491;14980.084573045162;14980.084573045162;14980.084573045162;553;14980.084573045162;4677.2143;721.4174618793295;Evaluated;5.7176;0.6673;64;True;1;
81;1;81;7;diversification;8;d736e5066242;move;;;30;40;;;;;;;;;;True;False;False;True;;ok;15704.042805189541;14980.084573045162;14980.084573045162;14980.084573045162;554;14980.084573045162;4691.0119;723.9582321443795;Evaluated;13.1371;0.6576;64;True;3;duplicate_for_same_parent_sequence
81;1;81;8;diversification;8;d736e5066242;swap;8;14;;;;;;;;;;;;True;False;False;False;;ok;16024.814547826987;14980.084573045162;14980.084573045162;14980.084573045162;555;14980.084573045162;4700.7369;1044.7299747818251;Evaluated;9.0651;0.6572;64;True;2;duplicate_for_same_parent_sequence
81;1;81;9;diversification;8;d736e5066242;swap;30;35;;;;;;;;;;;;True;False;False;False;;ok;14999.790224615012;14980.084573045162;14980.084573045162;14980.084573045162;556;14980.084573045162;4710.7811;19.70565156984958;Evaluated;9.3848;0.6568;64;True;2;duplicate_for_same_parent_sequence
81;1;81;10;diversification;8;d736e5066242;swap;48;56;;;;;;;;;;;;True;False;False;False;;ok;15409.304930362647;14980.084573045162;14980.084573045162;14980.084573045162;557;14980.084573045162;4720.9775;429.22035731748474;Evaluated;9.5478;0.6452;64;True;2;duplicate_for_same_parent_sequence
81;1;81;;diversification;9;;;;;;;;;;;;;;;;;;;;;End-of-iteration summary row;;;14980.084573045162;14980.084573045162;557;14980.084573045162;4720.9812;;IterationSummary;;;;;;
82;1;82;1;diversification;9;d736e5066242;move;;;14;5;;;;;;;;;;True;False;False;False;;ok;15619.946625915456;14980.084573045162;14980.084573045162;14980.084573045162;558;14980.084573045162;4727.7966;639.8620528702941;Evaluated;6.1443;0.6583;64;True;1;
82;1;82;2;diversification;9;d736e5066242;move;;;28;17;;;;;;;;;;True;False;False;True;;ok;16087.552165431696;14980.084573045162;14980.084573045162;14980.084573045162;559;14980.084573045162;4738.3246;1107.4675923865343;Evaluated;9.8574;0.6668;64;True;2;duplicate_for_same_parent_sequence
82;1;82;3;diversification;9;d736e5066242;swap;40;56;;;;;;;;;;;;True;False;False;True;;ok;16108.526918891765;14980.084573045162;14980.084573045162;14980.084573045162;560;14980.084573045162;4744.7503;1128.4423458466026;Evaluated;5.7639;0.6589;64;True;1;
82;1;82;4;diversification;9;d736e5066242;move;;;50;30;;;;;;;;;;True;False;False;True;;ok;15881.797989254332;14980.084573045162;14980.084573045162;14980.084573045162;561;14980.084573045162;4750.9573;901.7134162091697;Evaluated;5.5469;0.6571;64;True;1;
82;1;82;5;diversification;9;d736e5066242;move;;;15;20;;;;;;;;;;True;False;False;False;;ok;16251.14303530919;14980.084573045162;14980.084573045162;14980.084573045162;562;14980.084573045162;4757.6769;1271.0584622640272;Evaluated;6.0571;0.659;64;True;1;
82;1;82;6;diversification;9;d736e5066242;move;;;50;32;;;;;;;;;;True;False;False;True;;ok;15489.445441515907;14980.084573045162;14980.084573045162;14980.084573045162;563;14980.084573045162;4764.0913;509.3608684707451;Evaluated;5.7686;0.6452;64;True;1;
82;1;82;7;diversification;9;d736e5066242;swap;17;25;;;;;;;;;;;;True;False;False;False;;ok;15717.575743955918;14980.084573045162;14980.084573045162;14980.084573045162;564;14980.084573045162;4774.131;737.4911709107564;Evaluated;9.3781;0.6591;64;True;2;duplicate_for_same_parent_sequence
82;1;82;8;diversification;9;d736e5066242;move;;;8;3;;;;;;;;;;True;False;False;False;;ok;15564.180060823319;14980.084573045162;14980.084573045162;14980.084573045162;565;14980.084573045162;4784.4932;584.0954877781569;Evaluated;9.702;0.6574;64;True;2;duplicate_for_same_parent_sequence
82;1;82;9;diversification;9;d736e5066242;swap;25;30;;;;;;;;;;;;True;False;False;False;;ok;15394.768432280453;14980.084573045162;14980.084573045162;14980.084573045162;566;14980.084573045162;4790.9181;414.6838592352906;Evaluated;5.7628;0.6592;64;True;1;
82;1;82;10;diversification;9;d736e5066242;move;;;40;30;;;;;;;;;;False;True;False;;;ok;;14980.084573045162;14980.084573045162;14980.084573045162;566;14980.084573045162;4804.4046;;DuplicateForSameParentSequenceAfterRetries;13.4836;;;;3;duplicate_for_same_parent_sequence
82;2;0;;diversification;0;;;;;;;;;;;;;;;;;;;;;End-of-iteration summary row;;;16625.423888583944;14980.084573045162;567;14980.084573045162;4805.0914;;IterationSummary;;;;;;
83;2;1;1;normal;0;0f63cf6f404e;move;;;5;10;;;;;;;;;;True;False;False;False;;ok;17535.06888898726;16625.423888583944;16625.423888583944;14980.084573045162;568;14980.084573045162;4811.536;909.6450004033177;Evaluated;5.7929;0.6457;64;True;1;
83;2;1;2;normal;0;0f63cf6f404e;swap;20;25;;;;;;;;;;;;True;False;False;False;;ok;17127.0718256086;16625.423888583944;16625.423888583944;14980.084573045162;569;14980.084573045162;4817.8225;501.64793702465613;Evaluated;5.6243;0.6595;64;True;1;
83;2;1;3;normal;0;0f63cf6f404e;reinsert_block;;;;;;;32;40;50;;;;;True;False;False;True;;ok;16513.55468358114;16625.423888583944;16625.423888583944;14980.084573045162;570;14980.084573045162;4824.1324;-111.86920500280394;Evaluated;5.6488;0.6577;64;True;1;
83;2;1;4;normal;0;0f63cf6f404e;move;;;50;32;;;;;;;;;;True;False;False;True;;ok;16527.023397541;16625.423888583944;16625.423888583944;14980.084573045162;571;14980.084573045162;4830.1034;-98.40049104294303;Evaluated;5.3094;0.661;64;True;1;
83;2;1;5;normal;0;0f63cf6f404e;swap;14;28;;;;;;;;;;;;True;False;False;True;;ok;17357.529690589363;16625.423888583944;16625.423888583944;14980.084573045162;572;14980.084573045162;4839.7278;732.1058020054188;Evaluated;8.9627;0.658;64;True;2;duplicate_for_same_parent_sequence
83;2;1;;normal;0;;;;;;;;;;;;;;;;;;;;;End-of-iteration summary row;;;16513.55468358114;14980.084573045162;572;14980.084573045162;4839.7437;;IterationSummary;;;;;;
84;2;2;1;normal;0;b3b7791b04e9;move;;;5;10;;;;;;;;;;True;False;False;False;;ok;17425.04311154853;16513.55468358114;16513.55468358114;14980.084573045162;573;14980.084573045162;4846.3929;911.4884279673897;Evaluated;5.9743;0.6673;64;True;1;
84;2;2;2;normal;0;b3b7791b04e9;swap;17;25;;;;;;;;;;;;True;False;False;False;;ok;16513.55468358114;16513.55468358114;16513.55468358114;14980.084573045162;574;14980.084573045162;4852.9644;0.0;Evaluated;5.9136;0.6571;64;True;1;
84;2;2;3;normal;0;b3b7791b04e9;reinsert_block;;;;;;;35;40;28;;;;;True;False;False;False;;ok;16434.43604114474;16513.55468358114;16513.55468358114;14980.084573045162;575;14980.084573045162;4859.6564;-79.11864243639866;Evaluated;6.0314;0.6569;64;True;1;
84;2;2;4;normal;0;b3b7791b04e9;move;;;50;32;;;;;;;;;;True;False;False;True;;ok;16518.578113710064;16513.55468358114;16513.55468358114;14980.084573045162;576;14980.084573045162;4866.3222;5.023430128923792;Evaluated;6.0014;0.6638;64;True;1;
84;2;2;5;normal;0;b3b7791b04e9;swap;17;30;;;;;;;;;;;;True;False;False;True;;ok;16522.92896458768;16513.55468358114;16513.55468358114;14980.084573045162;577;14980.084573045162;4876.5781;9.374281006541423;Evaluated;9.5951;0.6587;64;True;2;duplicate_for_same_parent_sequence
84;2;2;;normal;0;;;;;;;;;;;;;;;;;;;;;End-of-iteration summary row;;;16434.43604114474;14980.084573045162;577;14980.084573045162;4876.5895;;IterationSummary;;;;;;
85;2;3;1;normal;0;628c3abce268;move;;;5;10;;;;;;;;;;True;False;False;False;;ok;17341.39285186849;16434.43604114474;16434.43604114474;14980.084573045162;578;14980.084573045162;4883.1974;906.9568107237501;Evaluated;5.9432;0.657;64;True;1;
85;2;3;2;normal;0;628c3abce268;swap;20;25;;;;;;;;;;;;True;False;False;False;;ok;16933.33900969045;16434.43604114474;16434.43604114474;14980.084573045162;579;14980.084573045162;4889.4345;498.9029685457099;Evaluated;5.5759;0.6584;64;True;1;
85;2;3;3;normal;0;628c3abce268;reinsert_block;;;;;;;35;40;28;;;;;True;False;False;False;;ok;16691.059982215444;16434.43604114474;16434.43604114474;14980.084573045162;580;14980.084573045162;4896.453;256.62394107070213;Evaluated;6.3593;0.6563;64;True;1;
85;2;3;4;normal;0;628c3abce268;move;;;50;48;;;;;;;;;;True;False;False;False;;ok;16453.585267201313;16434.43604114474;16434.43604114474;14980.084573045162;581;14980.084573045162;4902.7935;19.149226056571933;Evaluated;5.6821;0.6558;64;True;1;
85;2;3;5;normal;0;628c3abce268;move;;;40;35;;;;;;;;;;True;False;False;False;;ok;16749.89069705188;16434.43604114474;16434.43604114474;14980.084573045162;582;14980.084573045162;4909.313;315.45465590713866;Evaluated;5.8563;0.6584;64;True;1;
85;2;3;;normal;1;;;;;;;;;;;;;;;;;;;;;End-of-iteration summary row;;;16434.43604114474;14980.084573045162;582;14980.084573045162;4909.316;;IterationSummary;;;;;;
86;2;4;1;normal;1;628c3abce268;move;;;10;5;;;;;;;;;;True;False;False;False;;ok;16748.005275657568;16434.43604114474;16434.43604114474;14980.084573045162;583;14980.084573045162;4915.8564;313.56923451282637;Evaluated;5.8887;0.6439;64;True;1;
86;2;4;2;normal;1;628c3abce268;swap;17;25;;;;;;;;;;;;True;False;False;False;;ok;16434.43604114474;16434.43604114474;16434.43604114474;14980.084573045162;584;14980.084573045162;4922.1396;0.0;Evaluated;5.6219;0.6587;64;True;1;
86;2;4;3;normal;1;628c3abce268;move;;;17;10;;;;;;;;;;True;False;False;False;;ok;17474.838769413305;16434.43604114474;16434.43604114474;14980.084573045162;585;14980.084573045162;4932.4795;1040.4027282685638;Evaluated;9.674;0.6627;64;True;2;duplicate_for_same_parent_sequence
86;2;4;4;normal;1;628c3abce268;move;;;48;50;;;;;;;;;;True;False;False;False;;ok;16432.57692208079;16434.43604114474;16434.43604114474;14980.084573045162;586;14980.084573045162;4938.7927;-1.8591190639526758;Evaluated;5.6525;0.6575;64;True;1;
86;2;4;5;normal;1;628c3abce268;move;;;25;30;;;;;;;;;;True;False;False;False;;ok;17007.07011795196;16434.43604114474;16434.43604114474;14980.084573045162;587;14980.084573045162;4944.9842;572.6340768072187;Evaluated;5.5312;0.6574;64;True;1;
86;2;4;;normal;0;;;;;;;;;;;;;;;;;;;;;End-of-iteration summary row;;;16432.57692208079;14980.084573045162;587;14980.084573045162;4944.9988;;IterationSummary;;;;;;
87;2;5;1;normal;0;0958f486d248;move;;;5;10;;;;;;;;;;True;False;False;False;;ok;17349.55274640587;16432.57692208079;16432.57692208079;14980.084573045162;588;14980.084573045162;4951.4912;916.9758243250799;Evaluated;5.8286;0.6567;64;True;1;
87;2;5;2;normal;0;0958f486d248;swap;17;20;;;;;;;;;;;;True;False;False;False;;ok;17157.03214435366;16432.57692208079;16432.57692208079;14980.084573045162;589;14980.084573045162;4957.8481;724.4552222728707;Evaluated;5.7084;0.6452;64;True;1;
87;2;5;3;normal;0;0958f486d248;reinsert_block;;;;;;;35;40;28;;;;;True;False;False;False;;ok;16704.883236875474;16432.57692208079;16432.57692208079;14980.084573045162;590;14980.084573045162;4964.9683;272.306314794685;Evaluated;6.4576;0.6592;64;True;1;
87;2;5;4;normal;0;0958f486d248;move;;;50;48;;;;;;;;;;True;False;False;False;;ok;16434.43604114474;16432.57692208079;16432.57692208079;14980.084573045162;591;14980.084573045162;4971.2038;1.8591190639526758;Evaluated;5.574;0.6589;64;True;1;
87;2;5;5;normal;0;0958f486d248;move;;;30;20;;;;;;;;;;True;False;False;True;;ok;16939.21358639654;16432.57692208079;16432.57692208079;14980.084573045162;592;14980.084573045162;4981.2279;506.63666431575257;Evaluated;9.3619;0.6594;64;True;2;duplicate_for_same_parent_sequence
87;2;5;;normal;1;;;;;;;;;;;;;;;;;;;;;End-of-iteration summary row;;;16432.57692208079;14980.084573045162;592;14980.084573045162;4981.2323;;IterationSummary;;;;;;
88;2;6;1;normal;1;0958f486d248;move;;;5;0;;;;;;;;;;True;False;False;False;;ok;17430.23376560732;16432.57692208079;16432.57692208079;14980.084573045162;593;14980.084573045162;4987.7532;997.6568435265326;Evaluated;5.8519;0.6554;64;True;1;
88;2;6;2;normal;1;0958f486d248;swap;20;25;;;;;;;;;;;;True;False;False;False;;ok;16941.49890422783;16432.57692208079;16432.57692208079;14980.084573045162;594;14980.084573045162;4994.3256;508.92198214703967;Evaluated;5.8956;0.676;64;True;1;
88;2;6;3;normal;1;0958f486d248;move;;;40;25;;;;;;;;;;True;False;False;True;;ok;16773.017871912823;16432.57692208079;16432.57692208079;14980.084573045162;595;14980.084573045162;5004.9642;340.4409498320347;Evaluated;9.9749;0.6606;64;True;2;duplicate_for_same_parent_sequence
88;2;6;4;normal;1;0958f486d248;move;;;60;50;;;;;;;;;;True;False;False;True;;ok;16109.987138672584;16432.57692208079;16432.57692208079;14980.084573045162;596;14980.084573045162;5014.8681;-322.5897834082043;Evaluated;9.239;0.6615;64;True;2;duplicate_for_same_parent_sequence
88;2;6;5;normal;1;0958f486d248;move;;;50;10;;;;;;;;;;True;False;False;True;;ok;16556.072826970274;16432.57692208079;16432.57692208079;14980.084573045162;597;14980.084573045162;5021.1327;123.49590488948525;Evaluated;5.6008;0.6601;64;True;1;
88;2;6;;normal;0;;;;;;;;;;;;;;;;;;;;;End-of-iteration summary row;;;16109.987138672584;14980.084573045162;597;14980.084573045162;5021.1495;;IterationSummary;;;;;;
89;2;7;1;normal;0;2176917bf862;move;;;5;10;;;;;;;;;;True;False;False;False;;ok;17017.059891312223;16109.987138672584;16109.987138672584;14980.084573045162;598;14980.084573045162;5027.9638;907.0727526396386;Evaluated;6.1493;0.658;64;True;1;
89;2;7;2;normal;0;2176917bf862;swap;20;25;;;;;;;;;;;;True;False;False;False;;ok;16609.006049134186;16109.987138672584;16109.987138672584;14980.084573045162;599;14980.084573045162;5034.2626;499.018910461602;Evaluated;5.6292;0.6669;64;True;1;
89;2;7;3;normal;0;2176917bf862;reinsert_block;;;;;;;35;40;28;;;;;True;False;False;False;;ok;16362.819627113398;16109.987138672584;16109.987138672584;14980.084573045162;600;14980.084573045162;5041.0137;252.8324884408139;Evaluated;6.0863;0.6615;64;True;1;
89;2;7;4;normal;0;2176917bf862;move;;;50;48;;;;;;;;;;True;False;False;False;;ok;16091.437853235393;16109.987138672584;16109.987138672584;14980.084573045162;601;14980.084573045162;5047.5414;-18.54928543719143;Evaluated;5.8676;0.6569;64;True;1;
89;2;7;5;normal;0;2176917bf862;move;;;35;20;;;;;;;;;;True;False;False;True;;ok;16761.194567221435;16109.987138672584;16109.987138672584;14980.084573045162;602;14980.084573045162;5057.4186;651.2074285488507;Evaluated;9.2087;0.6663;64;True;2;duplicate_for_same_parent_sequence
89;2;7;;normal;0;;;;;;;;;;;;;;;;;;;;;End-of-iteration summary row;;;16091.437853235393;14980.084573045162;602;14980.084573045162;5057.4335;;IterationSummary;;;;;;
90;2;8;1;normal;0;d7d9511142a4;move;;;10;5;;;;;;;;;;True;False;False;False;;ok;16464.25959480233;16091.437853235393;16091.437853235393;14980.084573045162;603;14980.084573045162;5064.0419;372.8217415669369;Evaluated;5.9434;0.6587;64;True;1;
90;2;8;2;normal;0;d7d9511142a4;swap;20;21;;;;;;;;;;;;True;False;False;False;;ok;16105.947868863044;16091.437853235393;16091.437853235393;14980.084573045162;604;14980.084573045162;5070.4189;14.510015627651228;Evaluated;5.7319;0.6418;64;True;1;
90;2;8;3;normal;0;d7d9511142a4;reinsert_block;;;;;;;35;40;28;;;;;True;False;False;False;;ok;16453.256568928722;16091.437853235393;16091.437853235393;14980.084573045162;605;14980.084573045162;5077.2281;361.81871569332907;Evaluated;6.148;0.6584;64;True;1;
90;2;8;4;normal;0;d7d9511142a4;move;;;50;48;;;;;;;;;;True;False;False;False;;ok;16108.339988853983;16091.437853235393;16091.437853235393;14980.084573045162;606;14980.084573045162;5083.8406;16.902135618589455;Evaluated;5.9504;0.6591;64;True;1;
90;2;8;5;normal;0;d7d9511142a4;move;;;50;15;;;;;;;;;;True;False;False;True;;ok;16176.66829202659;16091.437853235393;16091.437853235393;14980.084573045162;607;14980.084573045162;5090.2008;85.23043879119723;Evaluated;5.6973;0.6598;64;True;1;
90;2;8;;normal;1;;;;;;;;;;;;;;;;;;;;;End-of-iteration summary row;;;16091.437853235393;14980.084573045162;607;14980.084573045162;5090.2038;;IterationSummary;;;;;;
91;2;9;1;normal;1;d7d9511142a4;move;;;3;7;;;;;;;;;;True;False;False;False;;ok;17892.087310272196;16091.437853235393;16091.437853235393;14980.084573045162;608;14980.084573045162;5100.4894;1800.6494570368031;Evaluated;9.6144;0.6565;64;True;2;duplicate_for_same_parent_sequence
91;2;9;2;normal;1;d7d9511142a4;swap;18;20;;;;;;;;;;;;True;False;False;False;;ok;16925.69385399759;16091.437853235393;16091.437853235393;14980.084573045162;609;14980.084573045162;5106.9482;834.256000762196;Evaluated;5.6365;0.8195;64;True;1;
91;2;9;3;normal;1;d7d9511142a4;reinsert_block;;;;;;;32;40;5;;;;;True;False;False;True;;ok;17170.72696997946;16091.437853235393;16091.437853235393;14980.084573045162;610;14980.084573045162;5113.5889;1079.2891167440666;Evaluated;5.974;0.6636;64;True;1;
91;2;9;4;normal;1;d7d9511142a4;move;;;50;30;;;;;;;;;;True;False;False;True;;ok;16260.108049714367;16091.437853235393;16091.437853235393;14980.084573045162;611;14980.084573045162;5119.941;168.6701964789736;Evaluated;5.6925;0.6589;64;True;1;
91;2;9;5;normal;1;d7d9511142a4;move;;;50;10;;;;;;;;;;True;False;False;True;;ok;16310.110699836589;16091.437853235393;16091.437853235393;14980.084573045162;612;14980.084573045162;5125.9279;218.6728466011955;Evaluated;5.3283;0.6559;64;True;1;
91;2;9;;normal;2;;;;;;;;;;;;;;;;;;;;;End-of-iteration summary row;;;16091.437853235393;14980.084573045162;612;14980.084573045162;5125.9311;;IterationSummary;;;;;;
92;2;10;1;normal;2;d7d9511142a4;move;;;7;3;;;;;;;;;;True;False;False;False;;ok;17435.53291137777;16091.437853235393;16091.437853235393;14980.084573045162;613;14980.084573045162;5136.3261;1344.0950581423767;Evaluated;9.7226;0.6568;64;True;2;duplicate_for_same_parent_sequence
92;2;10;2;normal;2;d7d9511142a4;swap;18;25;;;;;;;;;;;;True;False;False;False;;ok;17224.469239467977;16091.437853235393;16091.437853235393;14980.084573045162;614;14980.084573045162;5146.5146;1133.0313862325838;Evaluated;9.5229;0.6649;64;True;2;duplicate_for_same_parent_sequence
92;2;10;3;normal;2;d7d9511142a4;move;;;46;10;;;;;;;;;;True;False;False;True;;ok;17509.532519474273;16091.437853235393;16091.437853235393;14980.084573045162;615;14980.084573045162;5156.9172;1418.0946662388797;Evaluated;9.7412;0.6574;64;True;2;duplicate_for_same_parent_sequence
92;2;10;4;normal;2;d7d9511142a4;move;;;48;20;;;;;;;;;;True;False;False;True;;ok;16929.9372095223;16091.437853235393;16091.437853235393;14980.084573045162;616;14980.084573045162;5167.0484;838.4993562869076;Evaluated;9.4718;0.6586;64;True;2;duplicate_for_same_parent_sequence
92;2;10;5;normal;2;d7d9511142a4;move;;;5;15;;;;;;;;;;True;False;False;True;;ok;16585.515382415622;16091.437853235393;16091.437853235393;14980.084573045162;617;14980.084573045162;5180.6576;494.07752918022925;Evaluated;12.939;0.6675;64;True;3;duplicate_for_same_parent_sequence
92;2;10;;normal;3;;;;;;;;;;;;;;;;;;;;;End-of-iteration summary row;;;16091.437853235393;14980.084573045162;617;14980.084573045162;5180.661;;IterationSummary;;;;;;
93;2;11;1;diversification;3;d7d9511142a4;move;;;10;30;;;;;;;;;;True;False;False;True;;ok;17355.597058113817;16091.437853235393;16091.437853235393;14980.084573045162;618;14980.084573045162;5187.3019;1264.1592048784241;Evaluated;5.9674;0.6597;64;True;1;
93;2;11;2;diversification;3;d7d9511142a4;reinsert_block;;;;;;;18;24;5;;;;;True;False;False;True;;ok;17271.314825453584;16091.437853235393;16091.437853235393;14980.084573045162;619;14980.084573045162;5193.9723;1179.8769722181914;Evaluated;5.9969;0.671;64;True;1;
93;2;11;3;diversification;3;d7d9511142a4;swap;35;40;;;;;;;;;;;;True;False;False;False;;ok;16163.695731478549;16091.437853235393;16091.437853235393;14980.084573045162;620;14980.084573045162;5200.3715;72.25787824315557;Evaluated;5.736;0.6598;64;True;1;
93;2;11;4;diversification;3;d7d9511142a4;move;;;48;50;;;;;;;;;;True;False;False;False;;ok;16109.987138672584;16091.437853235393;16091.437853235393;14980.084573045162;621;14980.084573045162;5206.769;18.54928543719143;Evaluated;5.7363;0.6583;64;True;1;
93;2;11;5;diversification;3;d7d9511142a4;move;;;2;30;;;;;;;;;;True;False;False;True;;ok;17240.280455927044;16091.437853235393;16091.437853235393;14980.084573045162;622;14980.084573045162;5213.1972;1148.8426026916513;Evaluated;5.7666;0.6591;64;True;1;
93;2;11;6;diversification;3;d7d9511142a4;move;;;48;12;;;;;;;;;;True;False;False;True;;ok;17383.51421177184;16091.437853235393;16091.437853235393;14980.084573045162;623;14980.084573045162;5223.3828;1292.0763585364457;Evaluated;9.5253;0.6573;64;True;2;duplicate_for_same_parent_sequence
93;2;11;7;diversification;3;d7d9511142a4;move;;;50;12;;;;;;;;;;True;False;False;True;;ok;17070.635142659354;16091.437853235393;16091.437853235393;14980.084573045162;624;14980.084573045162;5229.7023;979.1972894239607;Evaluated;5.6735;0.6431;64;True;1;
93;2;11;8;diversification;3;d7d9511142a4;move;;;25;8;;;;;;;;;;True;False;False;True;;ok;16748.52467467253;16091.437853235393;16091.437853235393;14980.084573045162;625;14980.084573045162;5235.9127;657.0868214371385;Evaluated;5.5498;0.6579;64;True;1;
93;2;11;9;diversification;3;d7d9511142a4;move;;;50;24;;;;;;;;;;True;False;False;True;;ok;16160.076428659153;16091.437853235393;16091.437853235393;14980.084573045162;626;14980.084573045162;5242.1797;68.6385754237599;Evaluated;5.5966;0.6674;64;True;1;
93;2;11;10;diversification;3;d7d9511142a4;move;;;50;35;;;;;;;;;;True;False;False;True;;ok;16402.66134339359;16091.437853235393;16091.437853235393;14980.084573045162;627;14980.084573045162;5248.3163;311.223490158196;Evaluated;5.4755;0.6576;64;True;1;
93;2;11;;diversification;4;;;;;;;;;;;;;;;;;;;;;End-of-iteration summary row;;;16091.437853235393;14980.084573045162;627;14980.084573045162;5248.3195;;IterationSummary;;;;;;
94;2;12;1;diversification;4;d7d9511142a4;move;;;3;20;;;;;;;;;;True;False;False;True;;ok;16972.472947684466;16091.437853235393;16091.437853235393;14980.084573045162;628;14980.084573045162;5258.6651;881.0350944490729;Evaluated;9.6806;0.6583;64;True;2;duplicate_for_same_parent_sequence
94;2;12;2;diversification;4;d7d9511142a4;move;;;30;5;;;;;;;;;;True;False;False;True;;ok;18194.4203875011;16091.437853235393;16091.437853235393;14980.084573045162;629;14980.084573045162;5268.9223;2102.9825342657077;Evaluated;9.5922;0.6624;64;True;2;duplicate_for_same_parent_sequence
94;2;12;3;diversification;4;d7d9511142a4;swap;32;47;;;;;;;;;;;;True;False;False;True;;ok;16067.231241436646;16091.437853235393;16091.437853235393;14980.084573045162;630;14980.084573045162;5278.7778;-24.206611798746962;Evaluated;9.196;0.6589;64;True;2;duplicate_for_same_parent_sequence
94;2;12;4;diversification;4;d7d9511142a4;move;;;50;40;;;;;;;;;;True;False;False;True;;ok;16112.181169098816;16091.437853235393;16091.437853235393;14980.084573045162;631;14980.084573045162;5285.1859;20.74331586342305;Evaluated;5.7463;0.6597;64;True;1;
94;2;12;5;diversification;4;d7d9511142a4;move;;;20;31;;;;;;;;;;True;False;False;True;;ok;16668.2103622497;16091.437853235393;16091.437853235393;14980.084573045162;632;14980.084573045162;5291.6229;576.7725090143085;Evaluated;5.7762;0.6576;64;True;1;
94;2;12;6;diversification;4;d7d9511142a4;move;;;30;5;;;;;;;;;;False;True;False;;;ok;;16091.437853235393;16091.437853235393;14980.084573045162;632;14980.084573045162;5304.8226;;DuplicateForSameParentSequenceAfterRetries;13.1967;;;;3;duplicate_for_same_parent_sequence
94;2;12;7;diversification;4;d7d9511142a4;move;;;25;40;;;;;;;;;;True;False;False;True;;ok;16620.472124532156;16091.437853235393;16091.437853235393;14980.084573045162;633;14980.084573045162;5311.0868;529.0342712967631;Evaluated;5.5992;0.664;64;True;1;
94;2;12;8;diversification;4;d7d9511142a4;move;;;10;25;;;;;;;;;;True;False;False;True;;ok;16693.77588430875;16091.437853235393;16091.437853235393;14980.084573045162;634;14980.084573045162;5317.507;602.3380310733573;Evaluated;5.7602;0.6561;64;True;1;
94;2;12;9;diversification;4;d7d9511142a4;move;;;25;30;;;;;;;;;;True;False;False;False;;ok;16810.507043605685;16091.437853235393;16091.437853235393;14980.084573045162;635;14980.084573045162;5323.9003;719.0691903702918;Evaluated;5.7491;0.6434;64;True;1;
94;2;12;10;diversification;4;d7d9511142a4;move;;;48;30;;;;;;;;;;True;False;False;True;;ok;16381.244509838785;16091.437853235393;16091.437853235393;14980.084573045162;636;14980.084573045162;5333.7001;289.8066566033922;Evaluated;9.1392;0.6578;64;True;2;duplicate_for_same_parent_sequence
94;2;12;;diversification;0;;;;;;;;;;;;;;;;;;;;;End-of-iteration summary row;;;16067.231241436646;14980.084573045162;636;14980.084573045162;5333.7138;;IterationSummary;;;;;;
95;2;13;1;normal;0;b0b3dc6fcc0b;move;;;7;15;;;;;;;;;;True;False;False;False;;ok;16071.044733719678;16067.231241436646;16067.231241436646;14980.084573045162;637;14980.084573045162;5340.5563;3.8134922830322466;Evaluated;6.1738;0.6608;64;True;1;
95;2;13;2;normal;0;b0b3dc6fcc0b;swap;17;20;;;;;;;;;;;;True;False;False;False;;ok;16868.466668112946;16067.231241436646;16067.231241436646;14980.084573045162;638;14980.084573045162;5346.8817;801.2354266762995;Evaluated;5.6666;0.6555;64;True;1;
95;2;13;3;normal;0;b0b3dc6fcc0b;reinsert_block;;;;;;;32;36;48;;;;;True;False;False;True;;ok;17835.835302485004;16067.231241436646;16067.231241436646;14980.084573045162;639;14980.084573045162;5354.2491;1768.6040610483578;Evaluated;6.5423;0.8232;64;True;1;
95;2;13;4;normal;0;b0b3dc6fcc0b;move;;;50;48;;;;;;;;;;True;False;False;False;;ok;16062.894058822061;16067.231241436646;16067.231241436646;14980.084573045162;640;14980.084573045162;5360.5426;-4.33718261458489;Evaluated;5.6258;0.6644;64;True;1;
95;2;13;5;normal;0;b0b3dc6fcc0b;move;;;50;15;;;;;;;;;;True;False;False;True;;ok;16614.544044823866;16067.231241436646;16067.231241436646;14980.084573045162;641;14980.084573045162;5366.8496;547.3128033872199;Evaluated;5.6419;0.662;64;True;1;
95;2;13;;normal;0;;;;;;;;;;;;;;;;;;;;;End-of-iteration summary row;;;16062.894058822061;14980.084573045162;641;14980.084573045162;5366.869;;IterationSummary;;;;;;
96;2;14;1;normal;0;1dc5b6c8f26e;move;;;10;5;;;;;;;;;;True;False;False;False;;ok;16955.853439843537;16062.894058822061;16062.894058822061;14980.084573045162;642;14980.084573045162;5373.5856;892.9593810214756;Evaluated;6.0471;0.664;64;True;1;
96;2;14;2;normal;0;1dc5b6c8f26e;swap;18;20;;;;;;;;;;;;True;False;False;False;;ok;16909.125013252626;16062.894058822061;16062.894058822061;14980.084573045162;643;14980.084573045162;5379.8673;846.2309544305645;Evaluated;5.6223;0.6569;64;True;1;
96;2;14;3;normal;0;1dc5b6c8f26e;reinsert_block;;;;;;;35;40;18;;;;;True;False;False;True;;ok;17041.492769389602;16062.894058822061;16062.894058822061;14980.084573045162;644;14980.084573045162;5386.6522;978.5987105675413;Evaluated;6.1272;0.6547;64;True;1;
96;2;14;4;normal;0;1dc5b6c8f26e;move;;;50;18;;;;;;;;;;True;False;False;True;;ok;15845.103605219703;16062.894058822061;16062.894058822061;14980.084573045162;645;14980.084573045162;5393.0155;-217.79045360235796;Evaluated;5.6956;0.6669;64;True;1;
96;2;14;5;normal;0;1dc5b6c8f26e;move;;;25;30;;;;;;;;;;True;False;False;False;;ok;16610.9529504529;16062.894058822061;16062.894058822061;14980.084573045162;646;14980.084573045162;5399.2353;548.058891630837;Evaluated;5.5598;0.6574;64;True;1;
96;2;14;;normal;0;;;;;;;;;;;;;;;;;;;;;End-of-iteration summary row;;;15845.103605219703;14980.084573045162;646;14980.084573045162;5399.2534;;IterationSummary;;;;;;
97;2;15;1;normal;0;c598356bd14d;move;;;10;5;;;;;;;;;;True;False;False;False;;ok;16734.006278654546;15845.103605219703;15845.103605219703;14980.084573045162;647;14980.084573045162;5406.1174;888.9026734348427;Evaluated;6.2018;0.655;64;True;1;
97;2;15;2;normal;0;c598356bd14d;swap;20;21;;;;;;;;;;;;True;False;False;False;;ok;16887.5066887472;15845.103605219703;15845.103605219703;14980.084573045162;648;14980.084573045162;5412.4591;1042.4030835274953;Evaluated;5.6844;0.6551;64;True;1;
97;2;15;3;normal;0;c598356bd14d;reinsert_block;;;;;;;35;40;18;;;;;True;False;False;True;;ok;15925.857454829455;15845.103605219703;15845.103605219703;14980.084573045162;649;14980.084573045162;5419.259;80.75384960975134;Evaluated;6.1385;0.6584;64;True;1;
97;2;15;4;normal;0;c598356bd14d;move;;;50;30;;;;;;;;;;True;False;False;True;;ok;16597.11408054417;15845.103605219703;15845.103605219703;14980.084573045162;650;14980.084573045162;5425.4797;752.010475324465;Evaluated;5.551;0.6669;64;True;1;
97;2;15;5;normal;0;c598356bd14d;move;;;45;20;;;;;;;;;;True;False;False;True;;ok;16578.54687118614;15845.103605219703;15845.103605219703;14980.084573045162;651;14980.084573045162;5435.2613;733.4432659664362;Evaluated;9.1092;0.6696;64;True;2;duplicate_for_same_parent_sequence
97;2;15;;normal;1;;;;;;;;;;;;;;;;;;;;;End-of-iteration summary row;;;15845.103605219703;14980.084573045162;651;14980.084573045162;5435.2644;;IterationSummary;;;;;;
98;2;16;1;normal;1;c598356bd14d;move;;;8;3;;;;;;;;;;True;False;False;False;;ok;17138.26657454547;15845.103605219703;15845.103605219703;14980.084573045162;652;14980.084573045162;5445.6042;1293.1629693257655;Evaluated;9.6644;0.6588;64;True;2;duplicate_for_same_parent_sequence
98;2;16;2;normal;1;c598356bd14d;swap;18;20;;;;;;;;;;;;True;False;False;False;;ok;16318.48627132093;15845.103605219703;15845.103605219703;14980.084573045162;653;14980.084573045162;5451.8774;473.3826661012263;Evaluated;5.6142;0.6585;64;True;1;
98;2;16;3;normal;1;c598356bd14d;reinsert_block;;;;;;;35;40;25;;;;;True;False;False;True;;ok;17071.839283901634;15845.103605219703;15845.103605219703;14980.084573045162;654;14980.084573045162;5458.6699;1226.735678681931;Evaluated;6.1296;0.6598;64;True;1;
98;2;16;4;normal;1;c598356bd14d;move;;;56;49;;;;;;;;;;True;False;False;False;;ok;15845.103605219703;15845.103605219703;15845.103605219703;14980.084573045162;655;14980.084573045162;5464.999;0.0;Evaluated;5.6822;0.6437;64;True;1;
98;2;16;5;normal;1;c598356bd14d;move;;;40;35;;;;;;;;;;True;False;False;False;;ok;16090.621162481766;15845.103605219703;15845.103605219703;14980.084573045162;656;14980.084573045162;5471.2311;245.51755726206284;Evaluated;5.5762;0.6548;64;True;1;
98;2;16;;normal;2;;;;;;;;;;;;;;;;;;;;;End-of-iteration summary row;;;15845.103605219703;14980.084573045162;656;14980.084573045162;5471.2341;;IterationSummary;;;;;;
99;2;17;1;normal;2;c598356bd14d;move;;;15;2;;;;;;;;;;True;False;False;True;;ok;15977.165210834608;15845.103605219703;15845.103605219703;14980.084573045162;657;14980.084573045162;5481.3732;132.0616056149047;Evaluated;9.4668;0.6569;64;True;2;duplicate_for_same_parent_sequence
99;2;17;2;normal;2;c598356bd14d;swap;25;27;;;;;;;;;;;;True;False;False;False;;ok;16312.413243668461;15845.103605219703;15845.103605219703;14980.084573045162;658;14980.084573045162;5491.7642;467.30963844875805;Evaluated;9.7296;0.6588;64;True;2;duplicate_for_same_parent_sequence
99;2;17;3;normal;2;c598356bd14d;reinsert_block;;;;;;;35;40;28;;;;;True;False;False;False;;ok;16175.027607959351;15845.103605219703;15845.103605219703;14980.084573045162;659;14980.084573045162;5498.4598;329.92400273964813;Evaluated;6.0257;0.6669;64;True;1;
99;2;17;4;normal;2;c598356bd14d;move;;;50;48;;;;;;;;;;True;False;False;False;;ok;15845.904648403379;15845.103605219703;15845.103605219703;14980.084573045162;660;14980.084573045162;5504.8034;0.8010431836755743;Evaluated;5.6715;0.6694;64;True;1;
99;2;17;5;normal;2;c598356bd14d;move;;;50;35;;;;;;;;;;True;False;False;True;;ok;16588.502135793966;15845.103605219703;15845.103605219703;14980.084573045162;661;14980.084573045162;5511.0193;743.3985305742626;Evaluated;5.5559;0.6572;64;True;1;
99;2;17;;normal;3;;;;;;;;;;;;;;;;;;;;;End-of-iteration summary row;;;15845.103605219703;14980.084573045162;661;14980.084573045162;5511.022;;IterationSummary;;;;;;
100;2;18;1;diversification;3;c598356bd14d;move;;;10;3;;;;;;;;;;True;False;False;False;;ok;17484.251139541473;15845.103605219703;15845.103605219703;14980.084573045162;662;14980.084573045162;5518.0075;1639.1475343217699;Evaluated;6.1542;0.8203;64;True;1;
100;2;18;2;diversification;3;c598356bd14d;reinsert_block;;;;;;;20;25;35;;;;;True;False;False;True;;ok;16707.179235950705;15845.103605219703;15845.103605219703;14980.084573045162;663;14980.084573045162;5524.7304;862.0756307310021;Evaluated;6.0638;0.6562;64;True;1;
100;2;18;3;diversification;3;c598356bd14d;swap;40;35;;;;;;;;;;;;True;False;False;False;;ok;15888.65861307174;15845.103605219703;15845.103605219703;14980.084573045162;664;14980.084573045162;5531.1086;43.555007852037306;Evaluated;5.72;0.655;64;True;1;
100;2;18;4;diversification;3;c598356bd14d;move;;;30;20;;;;;;;;;;True;False;False;True;;ok;17509.951941792424;15845.103605219703;15845.103605219703;14980.084573045162;665;14980.084573045162;5541.4625;1664.8483365727207;Evaluated;9.6926;0.6601;64;True;2;duplicate_for_same_parent_sequence
100;2;18;5;diversification;3;c598356bd14d;move;;;10;25;;;;;;;;;;True;False;False;True;;ok;16791.147063023975;15845.103605219703;15845.103605219703;14980.084573045162;666;14980.084573045162;5547.8755;946.0434578042714;Evaluated;5.7371;0.672;64;True;1;
100;2;18;6;diversification;3;c598356bd14d;move;;;40;15;;;;;;;;;;True;False;False;True;;ok;16866.039318737567;15845.103605219703;15845.103605219703;14980.084573045162;667;14980.084573045162;5558.2252;1020.9357135178634;Evaluated;9.6881;0.6589;64;True;2;duplicate_for_same_parent_sequence
100;2;18;7;diversification;3;c598356bd14d;move;;;20;15;;;;;;;;;;True;False;False;False;;ok;15865.2398473104;15845.103605219703;15845.103605219703;14980.084573045162;668;14980.084573045162;5568.641;20.136242090697124;Evaluated;9.7448;0.6678;64;True;2;duplicate_for_same_parent_sequence
100;2;18;8;diversification;3;c598356bd14d;swap;28;32;;;;;;;;;;;;True;False;False;False;;ok;16487.44026111623;15845.103605219703;15845.103605219703;14980.084573045162;669;14980.084573045162;5578.6306;642.3366558965263;Evaluated;9.3279;0.6589;64;True;2;duplicate_for_same_parent_sequence
100;2;18;9;diversification;3;c598356bd14d;move;;;28;35;;;;;;;;;;True;False;False;False;;ok;16501.828144118983;15845.103605219703;15845.103605219703;14980.084573045162;670;14980.084573045162;5585.0874;656.7245388992797;Evaluated;5.795;0.6587;64;True;1;
100;2;18;10;diversification;3;c598356bd14d;swap;45;30;;;;;;;;;;;;True;False;False;True;;ok;15927.41836393991;15845.103605219703;15845.103605219703;14980.084573045162;671;14980.084573045162;5599.2817;82.31475872020746;Evaluated;13.5249;0.6669;64;True;3;duplicate_for_same_parent_sequence
100;2;18;;diversification;4;;;;;;;;;;;;;;;;;;;;;End-of-iteration summary row;;;15845.103605219703;14980.084573045162;671;14980.084573045162;5599.2851;;IterationSummary;;;;;;
100;2;18;;;4;;;;;;;;;;;;;;;;;;;;;PartA | PartB | PartF | PartC | PartD | PartE | PartF | PartG | PartA | PartB | PartC | PartH | PartD | PartE | PartF | PartA | PartG | PartH | PartA | PartB | PartD | PartC | PartA | PartF | PartG | PartE | PartB | PartC | PartD | PartE | PartF | PartG | PartH | PartA | PartB | PartG | PartC | PartD | PartG | PartF | PartA | PartH | PartE | PartB | PartB | PartC | PartD | PartE | PartG | PartG | PartE | PartB | PartH | PartA | PartC | PartH | PartD | PartE | PartF | PartH | PartC | PartD | PartF | PartH;;;15845.103605219703;14980.084573045162;671;14980.084573045162;5599.287;;FinalGlobalBestSequence;;;;;;
