iteration;restart_id;iteration_in_restart;candidate_in_iteration;search_mode;no_improvement_count_before_iteration;parent_sequence_signature;action;swap_i;swap_j;move_from;move_to;reverse_start;reverse_end;reinsert_block_start;reinsert_block_end;reinsert_block_to;swap_blocks_start1;swap_blocks_end1;swap_blocks_start2;swap_blocks_end2;valid;duplicate_for_same_parent_sequence;recently_rejected_for_same_parent_sequence;diversification_compatible;parse_error;validation_message;resulting_makespan;best_makespan_before;best_makespan_after;global_best_makespan_after;completed_simulations;actual_global_best_makespan;elapsed_optimization_time_sec;delta_vs_best_before;status;llm_time_sec;simulation_time_sec;exited_parts;completion_valid;llm_attempts;retry_reason
1;1;1;1;normal;0;0f63cf6f404e;move;;;6;12;;;;;;;;;;True;False;False;False;;ok;17511.221870978232;16625.423888583944;16625.423888583944;16625.423888583944;2;16625.423888583944;14.7928;885.7979823942878;Evaluated;14.1496;0.631;64;True;1;
1;1;1;2;normal;0;0f63cf6f404e;swap;18;30;;;;;;;;;;;;True;False;False;True;;ok;17097.38465652701;16625.423888583944;16625.423888583944;16625.423888583944;3;16625.423888583944;20.3371;471.96076794306646;Evaluated;4.9107;0.6286;64;True;1;
1;1;1;3;normal;0;0f63cf6f404e;reinsert_block;;;;;;;32;40;16;;;;;True;False;False;True;;ok;16292.2047037198;16625.423888583944;16625.423888583944;16625.423888583944;4;16625.423888583944;26.5563;-333.21918486414324;Evaluated;5.5901;0.6282;64;True;1;
1;1;1;4;normal;0;0f63cf6f404e;move;;;50;48;;;;;;;;;;True;False;False;False;;ok;16168.73353686987;16625.423888583944;16625.423888583944;16625.423888583944;5;16625.423888583944;32.321;-456.6903517140745;Evaluated;5.137;0.6271;64;True;1;
1;1;1;5;normal;0;0f63cf6f404e;move;;;47;32;;;;;;;;;;True;False;False;True;;ok;15710.966009577049;16625.423888583944;16625.423888583944;16625.423888583944;6;16625.423888583944;37.8999;-914.4578790068954;Evaluated;4.9515;0.6267;64;True;1;
1;1;1;;normal;0;;;;;;;;;;;;;;;;;;;;;End-of-iteration summary row;;;15710.966009577049;15710.966009577049;6;15710.966009577049;37.9098;;IterationSummary;;;;;;
2;1;2;1;normal;0;7fcb2fcc84a9;move;;;10;5;;;;;;;;;;True;False;False;False;;ok;15633.513748929448;15710.966009577049;15710.966009577049;15710.966009577049;7;15710.966009577049;44.0872;-77.45226064760027;Evaluated;5.5435;0.6261;64;True;1;
2;1;2;2;normal;0;7fcb2fcc84a9;swap;20;25;;;;;;;;;;;;True;False;False;False;;ok;16659.613909910702;15710.966009577049;15710.966009577049;15710.966009577049;8;15710.966009577049;50.0301;948.6479003336535;Evaluated;5.3146;0.6277;64;True;1;
2;1;2;3;normal;0;7fcb2fcc84a9;reinsert_block;;;;;;;35;41;20;;;;;True;False;False;True;;ok;17078.902241966243;15710.966009577049;15710.966009577049;15710.966009577049;9;15710.966009577049;56.649;1367.9362323891946;Evaluated;5.992;0.6262;64;True;1;
2;1;2;4;normal;0;7fcb2fcc84a9;move;;;50;48;;;;;;;;;;True;False;False;False;;ok;15246.302658890429;15710.966009577049;15710.966009577049;15710.966009577049;10;15710.966009577049;62.8281;-464.6633506866201;Evaluated;5.5521;0.6265;64;True;1;
2;1;2;5;normal;0;7fcb2fcc84a9;move;;;25;30;;;;;;;;;;True;False;False;False;;ok;16625.37376253166;15710.966009577049;15710.966009577049;15710.966009577049;11;15710.966009577049;69.0091;914.4077529546121;Evaluated;5.559;0.6214;64;True;1;
2;1;2;;normal;0;;;;;;;;;;;;;;;;;;;;;End-of-iteration summary row;;;15246.302658890429;15246.302658890429;11;15246.302658890429;69.0154;;IterationSummary;;;;;;
3;1;3;1;normal;0;5a044ff2e747;move;;;10;5;;;;;;;;;;True;False;False;False;;ok;15642.236145148916;15246.302658890429;15246.302658890429;15246.302658890429;12;15246.302658890429;75.5461;395.9334862584874;Evaluated;5.8994;0.6236;64;True;1;
3;1;3;2;normal;0;5a044ff2e747;swap;18;20;;;;;;;;;;;;True;False;False;False;;ok;16930.049808168827;15246.302658890429;15246.302658890429;15246.302658890429;13;15246.302658890429;81.7199;1683.7471492783989;Evaluated;5.5485;0.6246;64;True;1;
3;1;3;3;normal;0;5a044ff2e747;reinsert_block;;;;;;;36;41;25;;;;;True;False;False;True;;ok;16084.028944907193;15246.302658890429;15246.302658890429;15246.302658890429;14;15246.302658890429;88.2622;837.7262860167648;Evaluated;5.9103;0.6313;64;True;1;
3;1;3;4;normal;0;5a044ff2e747;move;;;50;48;;;;;;;;;;True;False;False;False;;ok;15311.662366199535;15246.302658890429;15246.302658890429;15246.302658890429;15;15246.302658890429;94.4082;65.35970730910594;Evaluated;5.519;0.6243;64;True;1;
3;1;3;5;normal;0;5a044ff2e747;move;;;53;45;;;;;;;;;;True;False;False;False;;ok;15891.41505381558;15246.302658890429;15246.302658890429;15246.302658890429;16;15246.302658890429;100.5943;645.1123949251523;Evaluated;5.5619;0.6237;64;True;1;
3;1;3;;normal;1;;;;;;;;;;;;;;;;;;;;;End-of-iteration summary row;;;15246.302658890429;15246.302658890429;16;15246.302658890429;100.5974;;IterationSummary;;;;;;
4;1;4;1;normal;1;5a044ff2e747;move;;;8;3;;;;;;;;;;True;False;False;False;;ok;17447.72037998976;15246.302658890429;15246.302658890429;15246.302658890429;17;15246.302658890429;110.8764;2201.417721099333;Evaluated;9.6417;0.6252;64;True;2;duplicate_for_same_parent_sequence
4;1;4;2;normal;1;5a044ff2e747;swap;17;20;;;;;;;;;;;;True;False;False;False;;ok;16873.04136664746;15246.302658890429;15246.302658890429;15246.302658890429;18;15246.302658890429;117.0246;1626.738707757031;Evaluated;5.5216;0.6241;64;True;1;
4;1;4;3;normal;1;5a044ff2e747;reinsert_block;;;;;;;38;41;25;;;;;True;False;False;True;;ok;16270.153201590963;15246.302658890429;15246.302658890429;15246.302658890429;19;15246.302658890429;123.6243;1023.8505427005348;Evaluated;5.9719;0.6247;64;True;1;
4;1;4;4;normal;1;5a044ff2e747;move;;;53;40;;;;;;;;;;True;False;False;True;;ok;15820.599741167687;15246.302658890429;15246.302658890429;15246.302658890429;20;15246.302658890429;129.8082;574.2970822772586;Evaluated;5.5586;0.6228;64;True;1;
4;1;4;5;normal;1;5a044ff2e747;move;;;50;45;;;;;;;;;;True;False;False;False;;ok;15711.555311808488;15246.302658890429;15246.302658890429;15246.302658890429;21;15246.302658890429;135.759;465.25265291805954;Evaluated;5.3246;0.6255;64;True;1;
4;1;4;;normal;2;;;;;;;;;;;;;;;;;;;;;End-of-iteration summary row;;;15246.302658890429;15246.302658890429;21;15246.302658890429;135.7619;;IterationSummary;;;;;;
5;1;5;1;normal;2;5a044ff2e747;move;;;7;2;;;;;;;;;;True;False;False;False;;ok;17276.340923176293;15246.302658890429;15246.302658890429;15246.302658890429;22;15246.302658890429;143.1185;2030.038264285864;Evaluated;6.7123;0.6278;64;True;1;
5;1;5;2;normal;2;5a044ff2e747;swap;17;25;;;;;;;;;;;;True;False;False;False;;ok;15246.302658890429;15246.302658890429;15246.302658890429;15246.302658890429;23;15246.302658890429;153.3431;0.0;Evaluated;9.5982;0.6232;64;True;2;duplicate_for_same_parent_sequence
5;1;5;3;normal;2;5a044ff2e747;reinsert_block;;;;;;;35;40;28;;;;;True;False;False;False;;ok;16161.00871664077;15246.302658890429;15246.302658890429;15246.302658890429;24;15246.302658890429;160.0191;914.7060577503416;Evaluated;6.05;0.6239;64;True;1;
5;1;5;4;normal;2;5a044ff2e747;move;;;49;47;;;;;;;;;;True;False;False;False;;ok;15251.46812084588;15246.302658890429;15246.302658890429;15246.302658890429;25;15246.302658890429;170.2366;5.165461955451974;Evaluated;9.5909;0.6241;64;True;2;duplicate_for_same_parent_sequence
5;1;5;5;normal;2;5a044ff2e747;move;;;53;48;;;;;;;;;;True;False;False;False;;ok;15248.347812179894;15246.302658890429;15246.302658890429;15246.302658890429;26;15246.302658890429;176.381;2.0451532894658158;Evaluated;5.5153;0.6264;64;True;1;
5;1;5;;normal;3;;;;;;;;;;;;;;;;;;;;;End-of-iteration summary row;;;15246.302658890429;15246.302658890429;26;15246.302658890429;176.3841;;IterationSummary;;;;;;
6;1;6;1;diversification;3;5a044ff2e747;move;;;10;5;;;;;;;;;;False;True;False;;;ok;;15246.302658890429;15246.302658890429;15246.302658890429;26;15246.302658890429;189.5333;;DuplicateForSameParentSequenceAfterRetries;13.1369;;;;3;duplicate_for_same_parent_sequence
6;1;6;2;diversification;3;5a044ff2e747;reinsert_block;;;;;;;25;30;18;;;;;True;False;False;False;;ok;16243.461588481887;15246.302658890429;15246.302658890429;15246.302658890429;27;15246.302658890429;196.2555;997.1589295914582;Evaluated;6.0955;0.6258;64;True;1;
6;1;6;3;diversification;3;5a044ff2e747;swap;32;47;;;;;;;;;;;;True;False;False;True;;ok;15246.27555991073;15246.302658890429;15246.302658890429;15246.302658890429;28;15246.302658890429;202.776;-0.027098979699076153;Evaluated;5.8921;0.6249;64;True;1;
6;1;6;4;diversification;3;5a044ff2e747;move;;;52;49;;;;;;;;;;True;False;False;False;;ok;15253.647689561987;15246.302658890429;15246.302658890429;15246.302658890429;29;15246.302658890429;208.8296;7.345030671558561;Evaluated;5.4258;0.6259;64;True;1;
6;1;6;5;diversification;3;5a044ff2e747;move;;;15;20;;;;;;;;;;True;False;False;False;;ok;17088.134066266688;15246.302658890429;15246.302658890429;15246.302658890429;30;15246.302658890429;215.1889;1841.8314073762594;Evaluated;5.732;0.6245;64;True;1;
6;1;6;6;diversification;3;5a044ff2e747;move;;;35;28;;;;;;;;;;True;False;False;False;;ok;16535.465905236353;15246.302658890429;15246.302658890429;15246.302658890429;31;15246.302658890429;221.4596;1289.1632463459246;Evaluated;5.6455;0.623;64;True;1;
6;1;6;7;diversification;3;5a044ff2e747;move;;;52;30;;;;;;;;;;True;False;False;True;;ok;16426.396330206146;15246.302658890429;15246.302658890429;15246.302658890429;32;15246.302658890429;227.6408;1180.093671315717;Evaluated;5.5532;0.6273;64;True;1;
6;1;6;8;diversification;3;5a044ff2e747;move;;;23;8;;;;;;;;;;True;False;False;True;;ok;16767.24355434435;15246.302658890429;15246.302658890429;15246.302658890429;33;15246.302658890429;233.8138;1520.9408954539213;Evaluated;5.5469;0.624;64;True;1;
6;1;6;9;diversification;3;5a044ff2e747;move;;;28;35;;;;;;;;;;True;False;False;False;;ok;16451.4918068438;15246.302658890429;15246.302658890429;15246.302658890429;34;15246.302658890429;240.0412;1205.1891479533697;Evaluated;5.601;0.6233;64;True;1;
6;1;6;10;diversification;3;5a044ff2e747;move;;;54;39;;;;;;;;;;True;False;False;True;;ok;15549.704576505444;15246.302658890429;15246.302658890429;15246.302658890429;35;15246.302658890429;246.6662;303.4019176150159;Evaluated;6.0006;0.6219;64;True;1;
6;1;6;;diversification;0;;;;;;;;;;;;;;;;;;;;;End-of-iteration summary row;;;15246.27555991073;15246.27555991073;35;15246.27555991073;246.673;;IterationSummary;;;;;;
7;1;7;1;normal;0;ea879700a8c7;move;;;10;5;;;;;;;;;;True;False;False;False;;ok;17166.048946083203;15246.27555991073;15246.27555991073;15246.27555991073;36;15246.27555991073;253.2553;1919.7733861724737;Evaluated;5.9496;0.6239;64;True;1;
7;1;7;2;normal;0;ea879700a8c7;swap;20;25;;;;;;;;;;;;True;False;False;False;;ok;16672.86680987994;15246.27555991073;15246.27555991073;15246.27555991073;37;15246.27555991073;259.4271;1426.5912499692095;Evaluated;5.5441;0.6251;64;True;1;
7;1;7;3;normal;0;ea879700a8c7;reinsert_block;;;;;;;35;40;28;;;;;True;False;False;False;;ok;17729.171506580507;15246.27555991073;15246.27555991073;15246.27555991073;38;15246.27555991073;266.0262;2482.895946669778;Evaluated;5.9724;0.6243;64;True;1;
7;1;7;4;normal;0;ea879700a8c7;move;;;58;49;;;;;;;;;;True;False;False;False;;ok;15221.57456540923;15246.27555991073;15246.27555991073;15246.27555991073;39;15246.27555991073;272.5212;-24.700994501499736;Evaluated;5.8037;0.6885;64;True;1;
7;1;7;5;normal;0;ea879700a8c7;move;;;40;15;;;;;;;;;;True;False;False;True;;ok;15842.40824964679;15246.27555991073;15246.27555991073;15246.27555991073;40;15246.27555991073;278.8343;596.1326897360614;Evaluated;5.682;0.6306;64;True;1;
7;1;7;;normal;0;;;;;;;;;;;;;;;;;;;;;End-of-iteration summary row;;;15221.57456540923;15221.57456540923;40;15221.57456540923;278.841;;IterationSummary;;;;;;
8;1;8;1;normal;0;4e5e3f8b415f;move;;;10;5;;;;;;;;;;True;False;False;False;;ok;16956.337099110475;15221.57456540923;15221.57456540923;15221.57456540923;41;15221.57456540923;285.2948;1734.762533701245;Evaluated;5.8221;0.6239;64;True;1;
8;1;8;2;normal;0;4e5e3f8b415f;swap;20;25;;;;;;;;;;;;True;False;False;False;;ok;16463.937780439817;15221.57456540923;15221.57456540923;15221.57456540923;42;15221.57456540923;291.5364;1242.3632150305875;Evaluated;5.6166;0.6219;64;True;1;
8;1;8;3;normal;0;4e5e3f8b415f;reinsert_block;;;;;;;38;42;50;;;;;True;False;False;True;;ok;15857.025951861795;15221.57456540923;15221.57456540923;15221.57456540923;43;15221.57456540923;298.1933;635.4513864525652;Evaluated;6.0336;0.6223;64;True;1;
8;1;8;4;normal;0;4e5e3f8b415f;move;;;50;48;;;;;;;;;;True;False;False;False;;ok;15047.933044318397;15221.57456540923;15221.57456540923;15221.57456540923;44;15221.57456540923;304.3615;-173.6415210908326;Evaluated;5.5437;0.6236;64;True;1;
8;1;8;5;normal;0;4e5e3f8b415f;move;;;57;30;;;;;;;;;;True;False;False;True;;ok;15366.663412491807;15221.57456540923;15221.57456540923;15221.57456540923;45;15221.57456540923;310.5281;145.08884708257756;Evaluated;5.5401;0.6242;64;True;1;
8;1;8;;normal;0;;;;;;;;;;;;;;;;;;;;;End-of-iteration summary row;;;15047.933044318397;15047.933044318397;45;15047.933044318397;310.5423;;IterationSummary;;;;;;
9;1;9;1;normal;0;54f849e2046d;move;;;8;3;;;;;;;;;;True;False;False;False;;ok;17239.16200042238;15047.933044318397;15047.933044318397;15047.933044318397;46;15047.933044318397;316.7745;2191.2289561039834;Evaluated;5.5988;0.6235;64;True;1;
9;1;9;2;normal;0;54f849e2046d;swap;25;30;;;;;;;;;;;;True;False;False;False;;ok;15048.025443519655;15047.933044318397;15047.933044318397;15047.933044318397;47;15047.933044318397;323.3206;0.09239920125764911;Evaluated;5.9226;0.6226;64;True;1;
9;1;9;3;normal;0;54f849e2046d;reinsert_block;;;;;;;35;40;28;;;;;True;False;False;False;;ok;17520.765280685606;15047.933044318397;15047.933044318397;15047.933044318397;48;15047.933044318397;329.9651;2472.8322363672087;Evaluated;6.0201;0.623;64;True;1;
9;1;9;4;normal;0;54f849e2046d;move;;;61;50;;;;;;;;;;True;False;False;True;;ok;15047.994453009198;15047.933044318397;15047.933044318397;15047.933044318397;49;15047.933044318397;336.1817;0.06140869080081757;Evaluated;5.5911;0.6247;64;True;1;
9;1;9;5;normal;0;54f849e2046d;move;;;57;35;;;;;;;;;;True;False;False;True;;ok;16280.658014626282;15047.933044318397;15047.933044318397;15047.933044318397;50;15047.933044318397;342.1128;1232.724970307885;Evaluated;5.304;0.624;64;True;1;
9;1;9;;normal;1;;;;;;;;;;;;;;;;;;;;;End-of-iteration summary row;;;15047.933044318397;15047.933044318397;50;15047.933044318397;342.1146;;IterationSummary;;;;;;
10;1;10;1;normal;1;54f849e2046d;move;;;10;5;;;;;;;;;;True;False;False;False;;ok;16956.337099110475;15047.933044318397;15047.933044318397;15047.933044318397;51;15047.933044318397;348.673;1908.4040547920777;Evaluated;5.9244;0.6244;64;True;1;
10;1;10;2;normal;1;54f849e2046d;swap;20;25;;;;;;;;;;;;True;False;False;False;;ok;16463.937780439817;15047.933044318397;15047.933044318397;15047.933044318397;52;15047.933044318397;354.9181;1416.0047361214201;Evaluated;5.6177;0.624;64;True;1;
10;1;10;3;normal;1;54f849e2046d;move;;;36;42;;;;;;;;;;True;False;False;False;;ok;15937.380058388502;15047.933044318397;15047.933044318397;15047.933044318397;53;15047.933044318397;365.2509;889.4470140701051;Evaluated;9.7083;0.622;64;True;2;duplicate_for_same_parent_sequence
10;1;10;4;normal;1;54f849e2046d;move;;;60;52;;;;;;;;;;True;False;False;False;;ok;16038.184956484278;15047.933044318397;15047.933044318397;15047.933044318397;54;15047.933044318397;371.7876;990.2519121658806;Evaluated;5.9123;0.6237;64;True;1;
10;1;10;5;normal;1;54f849e2046d;move;;;50;48;;;;;;;;;;True;False;False;False;;ok;15218.722527456945;15047.933044318397;15047.933044318397;15047.933044318397;55;15047.933044318397;378.2294;170.78948313854744;Evaluated;5.816;0.6239;64;True;1;
10;1;10;;normal;2;;;;;;;;;;;;;;;;;;;;;End-of-iteration summary row;;;15047.933044318397;15047.933044318397;55;15047.933044318397;378.2329;;IterationSummary;;;;;;
11;1;11;1;normal;2;54f849e2046d;move;;;10;3;;;;;;;;;;True;False;False;False;;ok;17594.76351906833;15047.933044318397;15047.933044318397;15047.933044318397;56;15047.933044318397;384.769;2546.8304747499315;Evaluated;5.9;0.6235;64;True;1;
11;1;11;2;normal;2;54f849e2046d;swap;17;25;;;;;;;;;;;;True;False;False;False;;ok;15047.933044318397;15047.933044318397;15047.933044318397;15047.933044318397;57;15047.933044318397;391.2591;0.0;Evaluated;5.8645;0.6227;64;True;1;
11;1;11;3;normal;2;54f849e2046d;reinsert_block;;;;;;;36;42;50;;;;;True;False;False;True;;ok;15785.894774590814;15047.933044318397;15047.933044318397;15047.933044318397;58;15047.933044318397;397.9172;737.9617302724164;Evaluated;6.0328;0.6236;64;True;1;
11;1;11;4;normal;2;54f849e2046d;move;;;50;45;;;;;;;;;;True;False;False;False;;ok;15484.30427796891;15047.933044318397;15047.933044318397;15047.933044318397;59;15047.933044318397;404.4385;436.3712336505123;Evaluated;5.8948;0.6233;64;True;1;
11;1;11;5;normal;2;54f849e2046d;move;;;57;38;;;;;;;;;;True;False;False;True;;ok;15175.68031100569;15047.933044318397;15047.933044318397;15047.933044318397;60;15047.933044318397;410.9601;127.74726668729272;Evaluated;5.8913;0.6277;64;True;1;
11;1;11;;normal;3;;;;;;;;;;;;;;;;;;;;;End-of-iteration summary row;;;15047.933044318397;15047.933044318397;60;15047.933044318397;410.9621;;IterationSummary;;;;;;
12;1;12;1;diversification;3;54f849e2046d;move;;;8;2;;;;;;;;;;True;False;False;False;;ok;17522.8976886135;15047.933044318397;15047.933044318397;15047.933044318397;61;15047.933044318397;421.0375;2474.9646442951016;Evaluated;9.439;0.6231;64;True;2;duplicate_for_same_parent_sequence
12;1;12;2;diversification;3;54f849e2046d;reinsert_block;;;;;;;18;23;35;;;;;True;False;False;True;;ok;16962.701563448696;15047.933044318397;15047.933044318397;15047.933044318397;62;15047.933044318397;427.7949;1914.768519130299;Evaluated;6.1292;0.6253;64;True;1;
12;1;12;3;diversification;3;54f849e2046d;swap;38;42;;;;;;;;;;;;True;False;False;False;;ok;15597.510325044881;15047.933044318397;15047.933044318397;15047.933044318397;63;15047.933044318397;434.0314;549.5772807264839;Evaluated;5.6108;0.6223;64;True;1;
12;1;12;4;diversification;3;54f849e2046d;move;;;57;36;;;;;;;;;;True;False;False;True;;ok;15175.68031100569;15047.933044318397;15047.933044318397;15047.933044318397;64;15047.933044318397;444.0042;127.74726668729272;Evaluated;9.3482;0.6238;64;True;2;duplicate_for_same_parent_sequence
12;1;12;5;diversification;3;54f849e2046d;swap;25;45;;;;;;;;;;;;True;False;False;True;;ok;15790.374807318422;15047.933044318397;15047.933044318397;15047.933044318397;65;15047.933044318397;454.0185;742.4417630000244;Evaluated;9.3859;0.6255;64;True;2;duplicate_for_same_parent_sequence
12;1;12;6;diversification;3;54f849e2046d;move;;;61;40;;;;;;;;;;True;False;False;True;;ok;15594.942544575028;15047.933044318397;15047.933044318397;15047.933044318397;66;15047.933044318397;464.3011;547.0095002566304;Evaluated;9.6551;0.6243;64;True;2;duplicate_for_same_parent_sequence
12;1;12;7;diversification;3;54f849e2046d;move;;;40;30;;;;;;;;;;True;False;False;True;;ok;15811.59894756385;15047.933044318397;15047.933044318397;15047.933044318397;67;15047.933044318397;474.2116;763.6659032454536;Evaluated;9.2842;0.6231;64;True;2;duplicate_for_same_parent_sequence
12;1;12;8;diversification;3;54f849e2046d;move;;;30;25;;;;;;;;;;True;False;False;False;;ok;15055.816054004466;15047.933044318397;15047.933044318397;15047.933044318397;68;15047.933044318397;480.84;7.883009686069272;Evaluated;6.0044;0.6233;64;True;1;
12;1;12;9;diversification;3;54f849e2046d;move;;;27;30;;;;;;;;;;True;False;False;False;;ok;16423.092513059906;15047.933044318397;15047.933044318397;15047.933044318397;69;15047.933044318397;487.1568;1375.159468741509;Evaluated;5.6925;0.6238;64;True;1;
12;1;12;10;diversification;3;54f849e2046d;move;;;40;50;;;;;;;;;;True;False;False;True;;ok;15501.843464835767;15047.933044318397;15047.933044318397;15047.933044318397;70;15047.933044318397;493.5034;453.91042051736986;Evaluated;5.7223;0.6209;64;True;1;
12;1;12;;diversification;4;;;;;;;;;;;;;;;;;;;;;End-of-iteration summary row;;;15047.933044318397;15047.933044318397;70;15047.933044318397;493.5042;;IterationSummary;;;;;;
13;1;13;1;diversification;4;54f849e2046d;move;;;7;15;;;;;;;;;;True;False;False;False;;ok;15086.522776389684;15047.933044318397;15047.933044318397;15047.933044318397;71;15047.933044318397;503.6968;38.58973207128656;Evaluated;9.5639;0.6222;64;True;2;duplicate_for_same_parent_sequence
13;1;13;2;diversification;4;54f849e2046d;move;;;40;60;;;;;;;;;;True;False;False;True;;ok;16144.066609537682;15047.933044318397;15047.933044318397;15047.933044318397;72;15047.933044318397;514.1069;1096.1335652192847;Evaluated;9.7852;0.6242;64;True;2;duplicate_for_same_parent_sequence
13;1;13;3;diversification;4;54f849e2046d;swap;35;42;;;;;;;;;;;;True;False;False;False;;ok;15952.503091361197;15047.933044318397;15047.933044318397;15047.933044318397;73;15047.933044318397;520.3426;904.5700470428001;Evaluated;5.6086;0.6242;64;True;1;
13;1;13;4;diversification;4;54f849e2046d;move;;;50;30;;;;;;;;;;True;False;False;True;;ok;15952.220655148429;15047.933044318397;15047.933044318397;15047.933044318397;74;15047.933044318397;526.6762;904.2876108300316;Evaluated;5.7056;0.6251;64;True;1;
13;1;13;5;diversification;4;54f849e2046d;move;;;20;15;;;;;;;;;;True;False;False;False;;ok;16674.29305004274;15047.933044318397;15047.933044318397;15047.933044318397;75;15047.933044318397;533.251;1626.360005724342;Evaluated;5.9493;0.623;64;True;1;
13;1;13;6;diversification;4;54f849e2046d;move;;;20;8;;;;;;;;;;True;False;False;True;;ok;17143.933544368207;15047.933044318397;15047.933044318397;15047.933044318397;76;15047.933044318397;543.5865;2096.0005000498095;Evaluated;9.7099;0.625;64;True;2;duplicate_for_same_parent_sequence
13;1;13;7;diversification;4;54f849e2046d;move;;;45;20;;;;;;;;;;True;False;False;True;;ok;16337.47478403809;15047.933044318397;15047.933044318397;15047.933044318397;77;15047.933044318397;553.5706;1289.5417397196925;Evaluated;9.3579;0.6245;64;True;2;duplicate_for_same_parent_sequence
13;1;13;8;diversification;4;54f849e2046d;move;;;61;35;;;;;;;;;;True;False;False;True;;ok;15656.693918779241;15047.933044318397;15047.933044318397;15047.933044318397;78;15047.933044318397;559.9169;608.7608744608442;Evaluated;5.7197;0.624;64;True;1;
13;1;13;9;diversification;4;54f849e2046d;move;;;42;35;;;;;;;;;;True;False;False;False;;ok;16280.658014626282;15047.933044318397;15047.933044318397;15047.933044318397;79;15047.933044318397;565.9192;1232.724970307885;Evaluated;5.3763;0.6235;64;True;1;
13;1;13;10;diversification;4;54f849e2046d;swap;51;53;;;;;;;;;;;;True;False;False;False;;ok;15228.38675845197;15047.933044318397;15047.933044318397;15047.933044318397;80;15047.933044318397;575.9451;180.45371413357316;Evaluated;9.4008;0.6244;64;True;2;duplicate_for_same_parent_sequence
13;1;13;;diversification;5;;;;;;;;;;;;;;;;;;;;;End-of-iteration summary row;;;15047.933044318397;15047.933044318397;80;15047.933044318397;575.9482;;IterationSummary;;;;;;
14;1;14;1;diversification;5;54f849e2046d;move;;;3;20;;;;;;;;;;True;False;False;True;;ok;16773.324270867044;15047.933044318397;15047.933044318397;15047.933044318397;81;15047.933044318397;586.4088;1725.391226548647;Evaluated;9.8205;0.6235;64;True;2;duplicate_for_same_parent_sequence
14;1;14;2;diversification;5;54f849e2046d;reinsert_block;;;;;;;18;25;30;;;;;True;False;False;False;;ok;16271.973973897331;15047.933044318397;15047.933044318397;15047.933044318397;82;15047.933044318397;593.1578;1224.040929578934;Evaluated;6.1218;0.6242;64;True;1;
14;1;14;3;diversification;5;54f849e2046d;move;;;30;15;;;;;;;;;;True;False;False;True;;ok;15581.705836244912;15047.933044318397;15047.933044318397;15047.933044318397;83;15047.933044318397;603.3292;533.7727919265144;Evaluated;9.5429;0.6252;64;True;2;duplicate_for_same_parent_sequence
14;1;14;4;diversification;5;54f849e2046d;move;;;62;30;;;;;;;;;;True;False;False;True;;ok;15482.058215553285;15047.933044318397;15047.933044318397;15047.933044318397;84;15047.933044318397;613.3506;434.1251712348876;Evaluated;9.3947;0.6235;64;True;2;duplicate_for_same_parent_sequence
14;1;14;5;diversification;5;54f849e2046d;move;;;30;40;;;;;;;;;;True;False;False;True;;ok;15965.37412709977;15047.933044318397;15047.933044318397;15047.933044318397;85;15047.933044318397;627.1189;917.4410827813736;Evaluated;13.1422;0.6246;64;True;3;duplicate_for_same_parent_sequence
14;1;14;6;diversification;5;54f849e2046d;move;;;50;40;;;;;;;;;;True;False;False;True;;ok;15496.771113411874;15047.933044318397;15047.933044318397;15047.933044318397;86;15047.933044318397;633.4954;448.8380690934773;Evaluated;5.7474;0.6261;64;True;1;
14;1;14;7;diversification;5;54f849e2046d;move;;;61;48;;;;;;;;;;True;False;False;True;;ok;15691.144327243048;15047.933044318397;15047.933044318397;15047.933044318397;87;15047.933044318397;643.3085;643.2112829246507;Evaluated;9.1839;0.6262;64;True;2;duplicate_for_same_parent_sequence
14;1;14;8;diversification;5;54f849e2046d;move;;;8;15;;;;;;;;;;True;False;False;False;;ok;15600.43525737598;15047.933044318397;15047.933044318397;15047.933044318397;88;15047.933044318397;649.4537;552.5022130575835;Evaluated;5.5205;0.6236;64;True;1;
14;1;14;9;diversification;5;54f849e2046d;move;;;25;30;;;;;;;;;;True;False;False;False;;ok;16396.168313413968;15047.933044318397;15047.933044318397;15047.933044318397;89;15047.933044318397;655.6787;1348.2352690955704;Evaluated;5.5957;0.6257;64;True;1;
14;1;14;10;diversification;5;54f849e2046d;swap;48;51;;;;;;;;;;;;True;False;False;False;;ok;15227.902308941982;15047.933044318397;15047.933044318397;15047.933044318397;90;15047.933044318397;669.5594;179.96926462358533;Evaluated;13.2536;0.6242;64;True;3;duplicate_for_same_parent_sequence
14;1;14;;diversification;6;;;;;;;;;;;;;;;;;;;;;End-of-iteration summary row;;;15047.933044318397;15047.933044318397;90;15047.933044318397;669.5632;;IterationSummary;;;;;;
15;1;15;1;diversification;6;54f849e2046d;move;;;30;4;;;;;;;;;;True;False;False;True;;ok;17237.872293231703;15047.933044318397;15047.933044318397;15047.933044318397;91;15047.933044318397;679.8646;2189.939248913306;Evaluated;9.6629;0.6246;64;True;2;duplicate_for_same_parent_sequence
15;1;15;2;diversification;6;54f849e2046d;reinsert_block;;;;;;;20;25;30;;;;;True;False;False;False;;ok;16581.1794748514;15047.933044318397;15047.933044318397;15047.933044318397;92;15047.933044318397;686.5441;1533.2464305330031;Evaluated;6.054;0.6229;64;True;1;
15;1;15;3;diversification;6;54f849e2046d;swap;38;46;;;;;;;;;;;;True;False;False;False;;ok;15047.933044318397;15047.933044318397;15047.933044318397;15047.933044318397;93;15047.933044318397;696.5134;0.0;Evaluated;9.3442;0.6243;64;True;2;duplicate_for_same_parent_sequence
15;1;15;4;diversification;6;54f849e2046d;move;;;50;49;;;;;;;;;;True;False;False;False;;ok;15047.933044318397;15047.933044318397;15047.933044318397;15047.933044318397;94;15047.933044318397;702.6278;0.0;Evaluated;5.4827;0.629;64;True;1;
15;1;15;5;diversification;6;54f849e2046d;move;;;61;30;;;;;;;;;;True;False;False;True;;ok;16612.732793966676;15047.933044318397;15047.933044318397;15047.933044318397;95;15047.933044318397;708.911;1564.7997496482785;Evaluated;5.6554;0.6246;64;True;1;
15;1;15;6;diversification;6;54f849e2046d;move;;;50;32;;;;;;;;;;True;False;False;True;;ok;15953.36508426705;15047.933044318397;15047.933044318397;15047.933044318397;96;15047.933044318397;714.989;905.4320399486533;Evaluated;5.4519;0.6231;64;True;1;
15;1;15;7;diversification;6;54f849e2046d;move;;;32;18;;;;;;;;;;True;False;False;True;;ok;15105.962630759928;15047.933044318397;15047.933044318397;15047.933044318397;97;15047.933044318397;728.4814;58.02958644153114;Evaluated;12.8666;0.623;64;True;3;duplicate_for_same_parent_sequence
15;1;15;8;diversification;6;54f849e2046d;move;;;40;20;;;;;;;;;;True;False;False;True;;ok;16427.050664231836;15047.933044318397;15047.933044318397;15047.933044318397;98;15047.933044318397;738.7002;1379.1176199134388;Evaluated;9.5921;0.6235;64;True;2;duplicate_for_same_parent_sequence
15;1;15;9;diversification;6;54f849e2046d;move;;;50;25;;;;;;;;;;True;False;False;True;;ok;16418.10505132243;15047.933044318397;15047.933044318397;15047.933044318397;99;15047.933044318397;745.023;1370.172007004032;Evaluated;5.6962;0.6238;64;True;1;
15;1;15;10;diversification;6;54f849e2046d;move;;;32;62;;;;;;;;;;True;False;False;True;;ok;16976.309434982424;15047.933044318397;15047.933044318397;15047.933044318397;100;15047.933044318397;755.0279;1928.376390664027;Evaluated;9.3756;0.626;64;True;2;duplicate_for_same_parent_sequence
15;1;15;;diversification;7;;;;;;;;;;;;;;;;;;;;;End-of-iteration summary row;;;15047.933044318397;15047.933044318397;100;15047.933044318397;755.0286;;IterationSummary;;;;;;
16;1;16;1;diversification;7;54f849e2046d;move;;;5;20;;;;;;;;;;True;False;False;True;;ok;16839.629234325865;15047.933044318397;15047.933044318397;15047.933044318397;101;15047.933044318397;765.9195;1791.6961900074675;Evaluated;10.2614;0.6236;64;True;2;duplicate_for_same_parent_sequence
16;1;16;2;diversification;7;54f849e2046d;move;;;18;4;;;;;;;;;;True;False;False;True;;ok;17593.01780579242;15047.933044318397;15047.933044318397;15047.933044318397;102;15047.933044318397;776.5927;2545.0847614740233;Evaluated;10.0502;0.6224;64;True;2;duplicate_for_same_parent_sequence
16;1;16;3;diversification;7;54f849e2046d;swap;38;50;;;;;;;;;;;;True;False;False;True;;ok;15842.377627597558;15047.933044318397;15047.933044318397;15047.933044318397;103;15047.933044318397;786.8584;794.4445832791607;Evaluated;9.6431;0.6218;64;True;2;duplicate_for_same_parent_sequence
16;1;16;4;diversification;7;54f849e2046d;move;;;62;48;;;;;;;;;;True;False;False;True;;ok;14889.803574279254;15047.933044318397;15047.933044318397;15047.933044318397;104;15047.933044318397;793.0949;-158.1294700391427;Evaluated;5.6137;0.6222;64;True;1;
16;1;16;5;diversification;7;54f849e2046d;swap;20;30;;;;;;;;;;;;True;False;False;False;;ok;16537.27864160053;15047.933044318397;15047.933044318397;15047.933044318397;105;15047.933044318397;799.4356;1489.345597282132;Evaluated;5.7175;0.6226;64;True;1;
16;1;16;6;diversification;7;54f849e2046d;move;;;25;10;;;;;;;;;;True;False;False;True;;ok;16551.305319140083;15047.933044318397;15047.933044318397;15047.933044318397;106;15047.933044318397;810.1898;1503.372274821686;Evaluated;10.1271;0.6264;64;True;2;duplicate_for_same_parent_sequence
16;1;16;7;diversification;7;54f849e2046d;move;;;42;10;;;;;;;;;;True;False;False;True;;ok;15629.145881275661;15047.933044318397;15047.933044318397;15047.933044318397;107;15047.933044318397;816.4316;581.2128369572638;Evaluated;5.6139;0.6245;64;True;1;
16;1;16;8;diversification;7;54f849e2046d;swap;8;15;;;;;;;;;;;;True;False;False;False;;ok;15115.100949369711;15047.933044318397;15047.933044318397;15047.933044318397;108;15047.933044318397;826.4669;67.16790505131394;Evaluated;9.4082;0.6237;64;True;2;duplicate_for_same_parent_sequence
16;1;16;9;diversification;7;54f849e2046d;move;;;24;30;;;;;;;;;;True;False;False;False;;ok;16422.547984436784;15047.933044318397;15047.933044318397;15047.933044318397;109;15047.933044318397;832.7397;1374.6149401183866;Evaluated;5.645;0.6248;64;True;1;
16;1;16;10;diversification;7;54f849e2046d;move;;;43;50;;;;;;;;;;True;False;False;False;;ok;15497.961560055954;15047.933044318397;15047.933044318397;15047.933044318397;110;15047.933044318397;839.0284;450.0285157375565;Evaluated;5.6631;0.6229;64;True;1;
16;1;16;;diversification;0;;;;;;;;;;;;;;;;;;;;;End-of-iteration summary row;;;14889.803574279254;14889.803574279254;110;14889.803574279254;839.0449;;IterationSummary;;;;;;
17;1;17;1;normal;0;ffe676a93c2b;move;;;2;5;;;;;;;;;;True;False;False;False;;ok;17541.427323864595;14889.803574279254;14889.803574279254;14889.803574279254;111;14889.803574279254;846.0309;2651.62374958534;Evaluated;6.3478;0.6259;64;True;1;
17;1;17;2;normal;0;ffe676a93c2b;swap;20;25;;;;;;;;;;;;True;False;False;False;;ok;16305.808310400675;14889.803574279254;14889.803574279254;14889.803574279254;112;14889.803574279254;852.4061;1416.0047361214201;Evaluated;5.7497;0.6225;64;True;1;
17;1;17;3;normal;0;ffe676a93c2b;reinsert_block;;;;;;;35;40;28;;;;;True;False;False;False;;ok;17362.635810646465;14889.803574279254;14889.803574279254;14889.803574279254;113;14889.803574279254;859.3965;2472.8322363672105;Evaluated;6.3661;0.6235;64;True;1;
17;1;17;4;normal;0;ffe676a93c2b;move;;;50;48;;;;;;;;;;True;False;False;False;;ok;15220.211754813186;14889.803574279254;14889.803574279254;14889.803574279254;114;14889.803574279254;865.3501;330.40818053393195;Evaluated;5.327;0.6236;64;True;1;
17;1;17;5;normal;0;ffe676a93c2b;move;;;30;25;;;;;;;;;;True;False;False;False;;ok;14901.046966055115;14889.803574279254;14889.803574279254;14889.803574279254;115;14889.803574279254;875.2379;11.2433917758608;Evaluated;9.2625;0.6227;64;True;2;duplicate_for_same_parent_sequence
17;1;17;;normal;1;;;;;;;;;;;;;;;;;;;;;End-of-iteration summary row;;;14889.803574279254;14889.803574279254;115;14889.803574279254;875.2409;;IterationSummary;;;;;;
18;1;18;1;normal;1;ffe676a93c2b;move;;;7;15;;;;;;;;;;True;False;False;False;;ok;14936.277397594129;14889.803574279254;14889.803574279254;14889.803574279254;116;14889.803574279254;881.9468;46.47382331487461;Evaluated;6.066;0.6251;64;True;1;
18;1;18;2;normal;1;ffe676a93c2b;swap;18;25;;;;;;;;;;;;True;False;False;False;;ok;16866.815574806322;14889.803574279254;14889.803574279254;14889.803574279254;117;14889.803574279254;888.4723;1977.0120005270674;Evaluated;5.8969;0.6252;64;True;1;
18;1;18;3;normal;1;ffe676a93c2b;move;;;61;50;;;;;;;;;;True;False;False;True;;ok;15084.615689016106;14889.803574279254;14889.803574279254;14889.803574279254;118;14889.803574279254;899.2434;194.81211473685107;Evaluated;10.1438;0.6245;64;True;2;duplicate_for_same_parent_sequence
18;1;18;4;normal;1;ffe676a93c2b;move;;;62;50;;;;;;;;;;True;False;False;True;;ok;14521.81548604474;14889.803574279254;14889.803574279254;14889.803574279254;119;14889.803574279254;905.5363;-367.9880882345151;Evaluated;5.6663;0.6239;64;True;1;
18;1;18;5;normal;1;ffe676a93c2b;move;;;60;35;;;;;;;;;;True;False;False;True;;ok;16343.950281655616;14889.803574279254;14889.803574279254;14889.803574279254;120;14889.803574279254;911.8315;1454.1467073763615;Evaluated;5.6677;0.6248;64;True;1;
18;1;18;;normal;0;;;;;;;;;;;;;;;;;;;;;End-of-iteration summary row;;;14521.81548604474;14521.81548604474;120;14521.81548604474;911.8477;;IterationSummary;;;;;;
19;1;19;1;normal;0;d4f93fe8c409;move;;;10;5;;;;;;;;;;True;False;False;False;;ok;16422.534063257048;14521.81548604474;14521.81548604474;14521.81548604474;121;14521.81548604474;918.6155;1900.7185772123084;Evaluated;6.1363;0.6233;64;True;1;
19;1;19;2;normal;0;d4f93fe8c409;swap;20;25;;;;;;;;;;;;True;False;False;False;;ok;15923.261948748517;14521.81548604474;14521.81548604474;14521.81548604474;122;14521.81548604474;925.2002;1401.4464627037778;Evaluated;5.9597;0.6224;64;True;1;
19;1;19;3;normal;0;d4f93fe8c409;reinsert_block;;;;;;;35;40;28;;;;;True;False;False;False;;ok;16982.295870709306;14521.81548604474;14521.81548604474;14521.81548604474;123;14521.81548604474;931.9174;2460.4803846645664;Evaluated;6.091;0.624;64;True;1;
19;1;19;4;normal;0;d4f93fe8c409;move;;;50;48;;;;;;;;;;True;False;False;False;;ok;15161.413040372121;14521.81548604474;14521.81548604474;14521.81548604474;124;14521.81548604474;938.1506;639.5975543273817;Evaluated;5.6071;0.6229;64;True;1;
19;1;19;5;normal;0;d4f93fe8c409;move;;;50;49;;;;;;;;;;True;False;False;False;;ok;14631.540842212595;14521.81548604474;14521.81548604474;14521.81548604474;125;14521.81548604474;944.3276;109.72535616785535;Evaluated;5.5514;0.6249;64;True;1;
19;1;19;;normal;1;;;;;;;;;;;;;;;;;;;;;End-of-iteration summary row;;;14521.81548604474;14521.81548604474;125;14521.81548604474;944.331;;IterationSummary;;;;;;
20;1;20;1;normal;1;d4f93fe8c409;move;;;8;2;;;;;;;;;;True;False;False;False;;ok;16983.539098438418;14521.81548604474;14521.81548604474;14521.81548604474;126;14521.81548604474;954.6734;2461.723612393678;Evaluated;9.7001;0.6233;64;True;2;duplicate_for_same_parent_sequence
20;1;20;2;normal;1;d4f93fe8c409;swap;18;30;;;;;;;;;;;;True;False;False;True;;ok;15890.35131990286;14521.81548604474;14521.81548604474;14521.81548604474;127;14521.81548604474;965.1374;1368.535833858121;Evaluated;9.8363;0.6247;64;True;2;duplicate_for_same_parent_sequence
20;1;20;3;normal;1;d4f93fe8c409;move;;;61;50;;;;;;;;;;True;False;False;True;;ok;14917.038967075488;14521.81548604474;14521.81548604474;14521.81548604474;128;14521.81548604474;975.369;395.2234810307491;Evaluated;9.6063;0.6245;64;True;2;duplicate_for_same_parent_sequence
20;1;20;4;normal;1;d4f93fe8c409;move;;;49;38;;;;;;;;;;True;False;False;True;;ok;14708.039151261573;14521.81548604474;14521.81548604474;14521.81548604474;129;14521.81548604474;985.4209;186.22366521683398;Evaluated;9.4246;0.6264;64;True;2;duplicate_for_same_parent_sequence
20;1;20;5;normal;1;d4f93fe8c409;move;;;56;28;;;;;;;;;;True;False;False;True;;ok;16083.442669527072;14521.81548604474;14521.81548604474;14521.81548604474;130;14521.81548604474;991.6789;1561.6271834823328;Evaluated;5.629;0.6285;64;True;1;
20;1;20;;normal;2;;;;;;;;;;;;;;;;;;;;;End-of-iteration summary row;;;14521.81548604474;14521.81548604474;130;14521.81548604474;991.6797;;IterationSummary;;;;;;
21;1;21;1;normal;2;d4f93fe8c409;move;;;7;2;;;;;;;;;;True;False;False;False;;ok;16527.03438626095;14521.81548604474;14521.81548604474;14521.81548604474;131;14521.81548604474;998.2998;2005.2189002162122;Evaluated;5.9906;0.6228;64;True;1;
21;1;21;2;normal;2;d4f93fe8c409;swap;17;30;;;;;;;;;;;;True;False;False;True;;ok;14524.47864338235;14521.81548604474;14521.81548604474;14521.81548604474;132;14521.81548604474;1007.967;2.6631573376107553;Evaluated;9.0407;0.6257;64;True;2;duplicate_for_same_parent_sequence
21;1;21;3;normal;2;d4f93fe8c409;move;;;35;15;;;;;;;;;;True;False;False;True;;ok;16499.37671445848;14521.81548604474;14521.81548604474;14521.81548604474;133;14521.81548604474;1018.5036;1977.5612284137424;Evaluated;9.9096;0.6243;64;True;2;duplicate_for_same_parent_sequence
21;1;21;4;normal;2;d4f93fe8c409;move;;;56;38;;;;;;;;;;True;False;False;True;;ok;15171.252297429834;14521.81548604474;14521.81548604474;14521.81548604474;134;14521.81548604474;1024.7373;649.4368113850942;Evaluated;5.6078;0.6232;64;True;1;
21;1;21;5;normal;2;d4f93fe8c409;move;;;60;25;;;;;;;;;;True;False;False;True;;ok;14670.480622283423;14521.81548604474;14521.81548604474;14521.81548604474;135;14521.81548604474;1030.9782;148.66513623868377;Evaluated;5.6128;0.6262;64;True;1;
21;1;21;;normal;3;;;;;;;;;;;;;;;;;;;;;End-of-iteration summary row;;;14521.81548604474;14521.81548604474;135;14521.81548604474;1030.9811;;IterationSummary;;;;;;
22;1;22;1;diversification;3;d4f93fe8c409;move;;;30;17;;;;;;;;;;True;False;False;True;;ok;14580.174108923547;14521.81548604474;14521.81548604474;14521.81548604474;136;14521.81548604474;1041.8105;58.35862287880809;Evaluated;10.1934;0.6249;64;True;2;duplicate_for_same_parent_sequence
22;1;22;2;diversification;3;d4f93fe8c409;reinsert_block;;;;;;;18;23;5;;;;;True;False;False;True;;ok;16532.385619436525;14521.81548604474;14521.81548604474;14521.81548604474;137;14521.81548604474;1048.4971;2010.570133391786;Evaluated;6.0586;0.6253;64;True;1;
22;1;22;3;diversification;3;d4f93fe8c409;swap;32;45;;;;;;;;;;;;True;False;False;True;;ok;15902.104056591483;14521.81548604474;14521.81548604474;14521.81548604474;138;14521.81548604474;1055.0583;1380.2885705467434;Evaluated;5.9276;0.631;64;True;1;
22;1;22;4;diversification;3;d4f93fe8c409;move;;;62;50;;;;;;;;;;True;False;False;True;;ok;15083.333684753936;14521.81548604474;14521.81548604474;14521.81548604474;139;14521.81548604474;1064.9828;561.5181987091964;Evaluated;9.2998;0.622;64;True;2;duplicate_for_same_parent_sequence
22;1;22;5;diversification;3;d4f93fe8c409;move;;;50;28;;;;;;;;;;True;False;False;True;;ok;16079.72308054794;14521.81548604474;14521.81548604474;14521.81548604474;140;14521.81548604474;1071.3389;1557.9075945032;Evaluated;5.7298;0.6236;64;True;1;
22;1;22;6;diversification;3;d4f93fe8c409;move;;;50;38;;;;;;;;;;True;False;False;True;;ok;15163.679466845446;14521.81548604474;14521.81548604474;14521.81548604474;141;14521.81548604474;1077.5609;641.8639808007065;Evaluated;5.5973;0.6222;64;True;1;
22;1;22;7;diversification;3;d4f93fe8c409;move;;;28;45;;;;;;;;;;True;False;False;True;;ok;16329.586690489707;14521.81548604474;14521.81548604474;14521.81548604474;142;14521.81548604474;1087.8416;1807.7712044449672;Evaluated;9.656;0.6236;64;True;2;duplicate_for_same_parent_sequence
22;1;22;8;diversification;3;d4f93fe8c409;move;;;60;28;;;;;;;;;;True;False;False;True;;ok;15777.278249284496;14521.81548604474;14521.81548604474;14521.81548604474;143;14521.81548604474;1094.1481;1255.462763239757;Evaluated;5.6769;0.6263;64;True;1;
22;1;22;9;diversification;3;d4f93fe8c409;move;;;40;35;;;;;;;;;;True;False;False;False;;ok;14696.440005822236;14521.81548604474;14521.81548604474;14521.81548604474;144;14521.81548604474;1100.4009;174.62451977749697;Evaluated;5.6261;0.624;64;True;1;
22;1;22;10;diversification;3;d4f93fe8c409;move;;;50;42;;;;;;;;;;True;False;False;False;;ok;15073.203654268102;14521.81548604474;14521.81548604474;14521.81548604474;145;14521.81548604474;1106.7328;551.3881682233623;Evaluated;5.7076;0.6229;64;True;1;
22;1;22;;diversification;4;;;;;;;;;;;;;;;;;;;;;End-of-iteration summary row;;;14521.81548604474;14521.81548604474;145;14521.81548604474;1106.7359;;IterationSummary;;;;;;
23;1;23;1;diversification;4;d4f93fe8c409;move;;;20;5;;;;;;;;;;True;False;False;True;;ok;17106.013966413477;14521.81548604474;14521.81548604474;14521.81548604474;146;14521.81548604474;1113.5301;2584.1984803687374;Evaluated;6.1573;0.6242;64;True;1;
23;1;23;2;diversification;4;d4f93fe8c409;move;;;60;49;;;;;;;;;;True;False;False;True;;ok;14682.259960642596;14521.81548604474;14521.81548604474;14521.81548604474;147;14521.81548604474;1124.3488;160.44447459785624;Evaluated;10.1907;0.6254;64;True;2;duplicate_for_same_parent_sequence
23;1;23;3;diversification;4;d4f93fe8c409;swap;35;42;;;;;;;;;;;;True;False;False;False;;ok;15469.418734810077;14521.81548604474;14521.81548604474;14521.81548604474;148;14521.81548604474;1130.3339;947.6032487653374;Evaluated;5.355;0.6274;64;True;1;
23;1;23;4;diversification;4;d4f93fe8c409;move;;;48;35;;;;;;;;;;True;False;False;True;;ok;15606.370287205516;14521.81548604474;14521.81548604474;14521.81548604474;149;14521.81548604474;1140.6564;1084.554801160777;Evaluated;9.6932;0.6267;64;True;2;duplicate_for_same_parent_sequence
23;1;23;5;diversification;4;d4f93fe8c409;move;;;48;30;;;;;;;;;;True;False;False;True;;ok;15601.664873697506;14521.81548604474;14521.81548604474;14521.81548604474;150;14521.81548604474;1150.8676;1079.8493876527664;Evaluated;9.5822;0.6257;64;True;2;duplicate_for_same_parent_sequence
23;1;23;6;diversification;4;d4f93fe8c409;move;;;49;28;;;;;;;;;;True;False;False;True;;ok;15768.506621732608;14521.81548604474;14521.81548604474;14521.81548604474;151;14521.81548604474;1161.1709;1246.6911356878682;Evaluated;9.6729;0.6277;64;True;2;duplicate_for_same_parent_sequence
23;1;23;7;diversification;4;d4f93fe8c409;move;;;54;10;;;;;;;;;;True;False;False;True;;ok;17285.822463618526;14521.81548604474;14521.81548604474;14521.81548604474;152;14521.81548604474;1167.4517;2764.0069775737866;Evaluated;5.652;0.6253;64;True;1;
23;1;23;8;diversification;4;d4f93fe8c409;move;;;8;15;;;;;;;;;;True;False;False;False;;ok;15064.970595343346;14521.81548604474;14521.81548604474;14521.81548604474;153;14521.81548604474;1173.6621;543.1551092986065;Evaluated;5.581;0.6259;64;True;1;
23;1;23;9;diversification;4;d4f93fe8c409;move;;;25;30;;;;;;;;;;True;False;False;False;;ok;15879.592368545813;14521.81548604474;14521.81548604474;14521.81548604474;154;14521.81548604474;1179.9456;1357.7768825010735;Evaluated;5.6592;0.6211;64;True;1;
23;1;23;10;diversification;4;d4f93fe8c409;move;;;61;49;;;;;;;;;;True;False;False;True;;ok;14917.038967075488;14521.81548604474;14521.81548604474;14521.81548604474;155;14521.81548604474;1190.6425;395.2234810307491;Evaluated;10.071;0.6249;64;True;2;duplicate_for_same_parent_sequence
23;1;23;;diversification;5;;;;;;;;;;;;;;;;;;;;;End-of-iteration summary row;;;14521.81548604474;14521.81548604474;155;14521.81548604474;1190.6457;;IterationSummary;;;;;;
24;1;24;1;diversification;5;d4f93fe8c409;move;;;5;20;;;;;;;;;;True;False;False;True;;ok;16318.848454848503;14521.81548604474;14521.81548604474;14521.81548604474;156;14521.81548604474;1197.3623;1797.0329688037637;Evaluated;6.0766;0.629;64;True;1;
24;1;24;2;diversification;5;d4f93fe8c409;reinsert_block;;;;;;;18;24;35;;;;;True;False;False;True;;ok;15913.558139348057;14521.81548604474;14521.81548604474;14521.81548604474;157;14521.81548604474;1204.4995;1391.7426533033176;Evaluated;6.5094;0.6252;64;True;1;
24;1;24;3;diversification;5;d4f93fe8c409;swap;40;50;;;;;;;;;;;;True;False;False;False;;ok;15074.242756471593;14521.81548604474;14521.81548604474;14521.81548604474;158;14521.81548604474;1210.8611;552.4272704268533;Evaluated;5.7355;0.6233;64;True;1;
24;1;24;4;diversification;5;d4f93fe8c409;move;;;62;35;;;;;;;;;;True;False;False;True;;ok;15993.705409975986;14521.81548604474;14521.81548604474;14521.81548604474;159;14521.81548604474;1220.9271;1471.8899239312468;Evaluated;9.4387;0.6243;64;True;2;duplicate_for_same_parent_sequence
24;1;24;5;diversification;5;d4f93fe8c409;move;;;17;5;;;;;;;;;;True;False;False;True;;ok;16525.651345885635;14521.81548604474;14521.81548604474;14521.81548604474;160;14521.81548604474;1226.987;2003.8358598408959;Evaluated;5.4322;0.6248;64;True;1;
24;1;24;6;diversification;5;d4f93fe8c409;move;;;62;38;;;;;;;;;;True;False;False;True;;ok;15640.499192621606;14521.81548604474;14521.81548604474;14521.81548604474;161;14521.81548604474;1237.1067;1118.6837065768668;Evaluated;9.4936;0.6231;64;True;2;duplicate_for_same_parent_sequence
24;1;24;7;diversification;5;d4f93fe8c409;move;;;40;15;;;;;;;;;;True;False;False;True;;ok;15096.828626334449;14521.81548604474;14521.81548604474;14521.81548604474;162;14521.81548604474;1246.8124;575.0131402897096;Evaluated;9.0806;0.622;64;True;2;duplicate_for_same_parent_sequence
24;1;24;8;diversification;5;d4f93fe8c409;swap;17;38;;;;;;;;;;;;True;False;False;True;;ok;15533.923115139394;14521.81548604474;14521.81548604474;14521.81548604474;163;14521.81548604474;1256.9697;1012.1076290946548;Evaluated;9.5054;0.6512;64;True;2;duplicate_for_same_parent_sequence
24;1;24;9;diversification;5;d4f93fe8c409;move;;;45;30;;;;;;;;;;True;False;False;True;;ok;15428.88905874931;14521.81548604474;14521.81548604474;14521.81548604474;164;14521.81548604474;1263.3674;907.0735727045703;Evaluated;5.7684;0.6263;64;True;1;
24;1;24;10;diversification;5;d4f93fe8c409;move;;;40;50;;;;;;;;;;True;False;False;True;;ok;14964.411081153536;14521.81548604474;14521.81548604474;14521.81548604474;165;14521.81548604474;1269.6815;442.59559510879626;Evaluated;5.6844;0.6265;64;True;1;
24;1;24;;diversification;6;;;;;;;;;;;;;;;;;;;;;End-of-iteration summary row;;;14521.81548604474;14521.81548604474;165;14521.81548604474;1269.6848;;IterationSummary;;;;;;
25;1;25;1;diversification;6;d4f93fe8c409;move;;;50;20;;;;;;;;;;True;False;False;True;;ok;16084.831202678308;14521.81548604474;14521.81548604474;14521.81548604474;166;14521.81548604474;1276.5561;1563.0157166335684;Evaluated;6.2362;0.6247;64;True;1;
25;1;25;2;diversification;6;d4f93fe8c409;reinsert_block;;;;;;;20;24;35;;;;;True;False;False;True;;ok;16505.91824483225;14521.81548604474;14521.81548604474;14521.81548604474;167;14521.81548604474;1283.3219;1984.1027587875105;Evaluated;6.1381;0.6251;64;True;1;
25;1;25;3;diversification;6;d4f93fe8c409;swap;35;40;;;;;;;;;;;;True;False;False;False;;ok;15445.516998267589;14521.81548604474;14521.81548604474;14521.81548604474;168;14521.81548604474;1293.6977;923.7015122228495;Evaluated;9.7482;0.6268;64;True;2;duplicate_for_same_parent_sequence
25;1;25;4;diversification;6;d4f93fe8c409;move;;;30;25;;;;;;;;;;True;False;False;False;;ok;14532.333878813797;14521.81548604474;14521.81548604474;14521.81548604474;169;14521.81548604474;1303.9979;10.518392769057755;Evaluated;9.67;0.6272;64;True;2;duplicate_for_same_parent_sequence
25;1;25;5;diversification;6;d4f93fe8c409;move;;;30;5;;;;;;;;;;True;False;False;True;;ok;16794.31008636478;14521.81548604474;14521.81548604474;14521.81548604474;170;14521.81548604474;1310.5327;2272.494600320042;Evaluated;5.9051;0.6266;64;True;1;
25;1;25;6;diversification;6;d4f93fe8c409;move;;;60;35;;;;;;;;;;True;False;False;True;;ok;15751.473337327643;14521.81548604474;14521.81548604474;14521.81548604474;171;14521.81548604474;1316.8362;1229.6578512829037;Evaluated;5.6702;0.6299;64;True;1;
25;1;25;7;diversification;6;d4f93fe8c409;move;;;50;17;;;;;;;;;;True;False;False;True;;ok;15996.783319133901;14521.81548604474;14521.81548604474;14521.81548604474;172;14521.81548604474;1323.0437;1474.967833089162;Evaluated;5.5774;0.6269;64;True;1;
25;1;25;8;diversification;6;d4f93fe8c409;move;;;40;25;;;;;;;;;;True;False;False;True;;ok;15309.073284718632;14521.81548604474;14521.81548604474;14521.81548604474;173;14521.81548604474;1329.2724;787.2577986738925;Evaluated;5.6003;0.6251;64;True;1;
25;1;25;9;diversification;6;d4f93fe8c409;move;;;48;39;;;;;;;;;;True;False;False;False;;ok;14798.593216398845;14521.81548604474;14521.81548604474;14521.81548604474;174;14521.81548604474;1339.5693;276.7777303541061;Evaluated;9.6701;0.6237;64;True;2;duplicate_for_same_parent_sequence
25;1;25;10;diversification;6;d4f93fe8c409;swap;42;48;;;;;;;;;;;;True;False;False;False;;ok;15189.940518572115;14521.81548604474;14521.81548604474;14521.81548604474;175;14521.81548604474;1349.6067;668.1250325273759;Evaluated;9.4102;0.6244;64;True;2;duplicate_for_same_parent_sequence
25;1;25;;diversification;7;;;;;;;;;;;;;;;;;;;;;End-of-iteration summary row;;;14521.81548604474;14521.81548604474;175;14521.81548604474;1349.6103;;IterationSummary;;;;;;
26;1;26;1;diversification;7;d4f93fe8c409;move;;;10;35;;;;;;;;;;True;False;False;True;;ok;16126.13374206069;14521.81548604474;14521.81548604474;14521.81548604474;176;14521.81548604474;1356.6573;1604.3182560159512;Evaluated;6.4034;0.6264;64;True;1;
26;1;26;2;diversification;7;d4f93fe8c409;move;;;38;17;;;;;;;;;;True;False;False;True;;ok;15533.990810410278;14521.81548604474;14521.81548604474;14521.81548604474;177;14521.81548604474;1367.0929;1012.1753243655385;Evaluated;9.8031;0.6318;64;True;2;duplicate_for_same_parent_sequence
26;1;26;3;diversification;7;d4f93fe8c409;swap;40;52;;;;;;;;;;;;True;False;False;True;;ok;15445.818541976456;14521.81548604474;14521.81548604474;14521.81548604474;178;14521.81548604474;1373.4165;924.0030559317165;Evaluated;5.693;0.6277;64;True;1;
26;1;26;4;diversification;7;d4f93fe8c409;move;;;50;20;;;;;;;;;;False;True;False;;;ok;;14521.81548604474;14521.81548604474;14521.81548604474;178;14521.81548604474;1386.6419;;DuplicateForSameParentSequenceAfterRetries;13.2225;;;;3;duplicate_for_same_parent_sequence
26;1;26;5;diversification;7;d4f93fe8c409;swap;10;30;;;;;;;;;;;;True;False;False;True;;ok;15890.528462761727;14521.81548604474;14521.81548604474;14521.81548604474;179;14521.81548604474;1396.6656;1368.7129767169881;Evaluated;9.3957;0.627;64;True;2;duplicate_for_same_parent_sequence
26;1;26;6;diversification;7;d4f93fe8c409;move;;;61;38;;;;;;;;;;True;False;False;True;;ok;15353.760437764897;14521.81548604474;14521.81548604474;14521.81548604474;180;14521.81548604474;1403.0342;831.9449517201574;Evaluated;5.7391;0.6265;64;True;1;
26;1;26;7;diversification;7;d4f93fe8c409;move;;;15;30;;;;;;;;;;True;False;False;True;;ok;16508.329083622346;14521.81548604474;14521.81548604474;14521.81548604474;181;14521.81548604474;1412.9849;1986.5135975776066;Evaluated;9.3222;0.6266;64;True;2;duplicate_for_same_parent_sequence
26;1;26;8;diversification;7;d4f93fe8c409;move;;;25;10;;;;;;;;;;True;False;False;True;;ok;16010.629487448783;14521.81548604474;14521.81548604474;14521.81548604474;182;14521.81548604474;1419.2615;1488.8140014040437;Evaluated;5.6489;0.625;64;True;1;
26;1;26;9;diversification;7;d4f93fe8c409;move;;;30;10;;;;;;;;;;True;False;False;True;;ok;15091.383729710251;14521.81548604474;14521.81548604474;14521.81548604474;183;14521.81548604474;1429.2604;569.5682436655115;Evaluated;9.3713;0.6238;64;True;2;duplicate_for_same_parent_sequence
26;1;26;10;diversification;7;d4f93fe8c409;move;;;45;20;;;;;;;;;;True;False;False;True;;ok;15967.263633045986;14521.81548604474;14521.81548604474;14521.81548604474;184;14521.81548604474;1435.6204;1445.448147001247;Evaluated;5.7296;0.6275;64;True;1;
26;1;26;;diversification;8;;;;;;;;;;;;;;;;;;;;;End-of-iteration summary row;;;14521.81548604474;14521.81548604474;184;14521.81548604474;1435.6238;;IterationSummary;;;;;;
27;1;27;1;diversification;8;d4f93fe8c409;move;;;7;12;;;;;;;;;;True;False;False;False;;ok;14526.977422439079;14521.81548604474;14521.81548604474;14521.81548604474;185;14521.81548604474;1446.494;5.161936394339136;Evaluated;10.2374;0.6234;64;True;2;duplicate_for_same_parent_sequence
27;1;27;2;diversification;8;d4f93fe8c409;reinsert_block;;;;;;;20;25;16;;;;;True;False;False;False;;ok;15963.197590252234;14521.81548604474;14521.81548604474;14521.81548604474;186;14521.81548604474;1453.26;1441.3821042074942;Evaluated;6.1357;0.6276;64;True;1;
27;1;27;3;diversification;8;d4f93fe8c409;swap;38;46;;;;;;;;;;;;True;False;False;False;;ok;14521.81548604474;14521.81548604474;14521.81548604474;14521.81548604474;187;14521.81548604474;1463.6445;0.0;Evaluated;9.7574;0.6241;64;True;2;duplicate_for_same_parent_sequence
27;1;27;4;diversification;8;d4f93fe8c409;move;;;48;15;;;;;;;;;;True;False;False;True;;ok;15303.673547696462;14521.81548604474;14521.81548604474;14521.81548604474;188;14521.81548604474;1477.4953;781.8580616517229;Evaluated;13.2218;0.6252;64;True;3;duplicate_for_same_parent_sequence
27;1;27;5;diversification;8;d4f93fe8c409;move;;;40;20;;;;;;;;;;True;False;False;True;;ok;15891.182887892213;14521.81548604474;14521.81548604474;14521.81548604474;189;14521.81548604474;1487.6197;1369.367401847474;Evaluated;9.4972;0.6241;64;True;2;duplicate_for_same_parent_sequence
27;1;27;6;diversification;8;d4f93fe8c409;move;;;50;32;;;;;;;;;;True;False;False;True;;ok;15008.352323382254;14521.81548604474;14521.81548604474;14521.81548604474;190;14521.81548604474;1493.9856;486.53683733751495;Evaluated;5.7397;0.6232;64;True;1;
27;1;27;7;diversification;8;d4f93fe8c409;move;;;50;15;;;;;;;;;;True;False;False;True;;ok;15993.202866596264;14521.81548604474;14521.81548604474;14521.81548604474;191;14521.81548604474;1500.2944;1471.387380551525;Evaluated;5.6857;0.6223;64;True;1;
27;1;27;8;diversification;8;d4f93fe8c409;move;;;43;15;;;;;;;;;;True;False;False;True;;ok;16253.403847650601;14521.81548604474;14521.81548604474;14521.81548604474;192;14521.81548604474;1506.5787;1731.5883616058618;Evaluated;5.6604;0.6232;64;True;1;
27;1;27;9;diversification;8;d4f93fe8c409;move;;;28;35;;;;;;;;;;True;False;False;False;;ok;15609.462563269653;14521.81548604474;14521.81548604474;14521.81548604474;193;14521.81548604474;1512.9126;1087.647077224914;Evaluated;5.7102;0.623;64;True;1;
27;1;27;10;diversification;8;d4f93fe8c409;swap;43;51;;;;;;;;;;;;True;False;False;False;;ok;14521.81548604474;14521.81548604474;14521.81548604474;14521.81548604474;194;14521.81548604474;1522.9425;0.0;Evaluated;9.4044;0.6226;64;True;2;duplicate_for_same_parent_sequence
27;1;27;;diversification;9;;;;;;;;;;;;;;;;;;;;;End-of-iteration summary row;;;14521.81548604474;14521.81548604474;194;14521.81548604474;1522.9433;;IterationSummary;;;;;;
28;1;28;1;diversification;9;d4f93fe8c409;move;;;35;10;;;;;;;;;;True;False;False;True;;ok;16958.79755991288;14521.81548604474;14521.81548604474;14521.81548604474;195;14521.81548604474;1533.807;2436.982073868141;Evaluated;10.2308;0.627;64;True;2;duplicate_for_same_parent_sequence
28;1;28;2;diversification;9;d4f93fe8c409;move;;;40;30;;;;;;;;;;True;False;False;True;;ok;15298.517908934484;14521.81548604474;14521.81548604474;14521.81548604474;196;14521.81548604474;1544.2363;776.7024228897444;Evaluated;9.7955;0.6297;64;True;2;duplicate_for_same_parent_sequence
28;1;28;3;diversification;9;d4f93fe8c409;move;;;32;38;;;;;;;;;;True;False;False;False;;ok;15425.743021708115;14521.81548604474;14521.81548604474;14521.81548604474;197;14521.81548604474;1554.6091;903.9275356633752;Evaluated;9.7459;0.6246;64;True;2;duplicate_for_same_parent_sequence
28;1;28;4;diversification;9;d4f93fe8c409;reinsert_block;;;;;;;48;51;56;;;;;True;False;False;False;;ok;15109.469802831745;14521.81548604474;14521.81548604474;14521.81548604474;198;14521.81548604474;1565.6806;587.6543167870059;Evaluated;10.4421;0.624;64;True;2;duplicate_for_same_parent_sequence
28;1;28;5;diversification;9;d4f93fe8c409;swap;10;20;;;;;;;;;;;;True;False;False;False;;ok;16632.17777306417;14521.81548604474;14521.81548604474;14521.81548604474;199;14521.81548604474;1575.8663;2110.3622870194304;Evaluated;9.556;0.6269;64;True;2;duplicate_for_same_parent_sequence
28;1;28;6;diversification;9;d4f93fe8c409;move;;;35;28;;;;;;;;;;True;False;False;False;;ok;16038.68776689212;14521.81548604474;14521.81548604474;14521.81548604474;200;14521.81548604474;1585.99;1516.8722808473813;Evaluated;9.4957;0.6253;64;True;2;duplicate_for_same_parent_sequence
28;1;28;7;diversification;9;d4f93fe8c409;move;;;25;40;;;;;;;;;;True;False;False;True;;ok;15884.530905549773;14521.81548604474;14521.81548604474;14521.81548604474;201;14521.81548604474;1599.983;1362.7154195050334;Evaluated;13.3658;0.624;64;True;3;duplicate_for_same_parent_sequence
28;1;28;8;diversification;9;d4f93fe8c409;move;;;8;23;;;;;;;;;;True;False;False;True;;ok;16342.345350149937;14521.81548604474;14521.81548604474;14521.81548604474;202;14521.81548604474;1606.273;1820.5298641051977;Evaluated;5.66;0.6268;64;True;1;
28;1;28;9;diversification;9;d4f93fe8c409;move;;;30;18;;;;;;;;;;True;False;False;True;;ok;14570.412716750556;14521.81548604474;14521.81548604474;14521.81548604474;203;14521.81548604474;1616.4375;48.5972307058164;Evaluated;9.5408;0.6218;64;True;2;duplicate_for_same_parent_sequence
28;1;28;10;diversification;9;d4f93fe8c409;move;;;52;38;;;;;;;;;;True;False;False;True;;ok;15462.366865243319;14521.81548604474;14521.81548604474;14521.81548604474;204;14521.81548604474;1626.5833;940.5513791985795;Evaluated;9.5141;0.63;64;True;2;duplicate_for_same_parent_sequence
28;2;0;;diversification;0;;;;;;;;;;;;;;;;;;;;;End-of-iteration summary row;;;16625.423888583944;14521.81548604474;205;14521.81548604474;1627.2269;;IterationSummary;;;;;;
29;2;1;1;normal;0;0f63cf6f404e;move;;;5;20;;;;;;;;;;True;False;False;True;;ok;17525.78161085211;16625.423888583944;16625.423888583944;14521.81548604474;206;14521.81548604474;1633.4765;900.357722268167;Evaluated;5.6169;0.6269;64;True;1;
29;2;1;2;normal;0;0f63cf6f404e;swap;18;20;;;;;;;;;;;;True;False;False;False;;ok;17387.568121285403;16625.423888583944;16625.423888583944;14521.81548604474;207;14521.81548604474;1639.3659;762.1442327014593;Evaluated;5.2619;0.6251;64;True;1;
29;2;1;3;normal;0;0f63cf6f404e;reinsert_block;;;;;;;35;40;10;;;;;True;False;False;True;;ok;17557.47656156771;16625.423888583944;16625.423888583944;14521.81548604474;208;14521.81548604474;1645.7454;932.0526729837657;Evaluated;5.7444;0.6326;64;True;1;
29;2;1;4;normal;0;0f63cf6f404e;move;;;50;35;;;;;;;;;;True;False;False;True;;ok;16141.21290818982;16625.423888583944;16625.423888583944;14521.81548604474;209;14521.81548604474;1651.5558;-484.2109803941239;Evaluated;5.1886;0.6211;64;True;1;
29;2;1;5;normal;0;0f63cf6f404e;move;;;14;28;;;;;;;;;;True;False;False;True;;ok;17108.36592299687;16625.423888583944;16625.423888583944;14521.81548604474;210;14521.81548604474;1657.3265;482.94203441292484;Evaluated;5.1468;0.6232;64;True;1;
29;2;1;;normal;0;;;;;;;;;;;;;;;;;;;;;End-of-iteration summary row;;;16141.21290818982;14521.81548604474;210;14521.81548604474;1657.3434;;IterationSummary;;;;;;
30;2;2;1;normal;0;b114d3d94a44;move;;;14;5;;;;;;;;;;True;False;False;False;;ok;17510.324195437483;16141.21290818982;16141.21290818982;14521.81548604474;211;14521.81548604474;1663.7923;1369.1112872476624;Evaluated;5.8174;0.6241;64;True;1;
30;2;2;2;normal;0;b114d3d94a44;swap;16;20;;;;;;;;;;;;True;False;False;False;;ok;17103.47631707332;16141.21290818982;16141.21290818982;14521.81548604474;212;14521.81548604474;1670.0336;962.2634088835002;Evaluated;5.6144;0.6237;64;True;1;
30;2;2;3;normal;0;b114d3d94a44;reinsert_block;;;;;;;38;42;10;;;;;True;False;False;True;;ok;17794.5112819588;16141.21290818982;16141.21290818982;14521.81548604474;213;14521.81548604474;1677.0847;1653.2983737689792;Evaluated;6.4234;0.625;64;True;1;
30;2;2;4;normal;0;b114d3d94a44;move;;;52;38;;;;;;;;;;True;False;False;True;;ok;16070.314899391084;16141.21290818982;16141.21290818982;14521.81548604474;214;14521.81548604474;1683.0582;-70.89800879873656;Evaluated;5.343;0.6276;64;True;1;
30;2;2;5;normal;0;b114d3d94a44;move;;;50;35;;;;;;;;;;True;False;False;True;;ok;16529.073424184335;16141.21290818982;16141.21290818982;14521.81548604474;215;14521.81548604474;1689.2509;387.86051599451457;Evaluated;5.5674;0.6227;64;True;1;
30;2;2;;normal;0;;;;;;;;;;;;;;;;;;;;;End-of-iteration summary row;;;16070.314899391084;14521.81548604474;215;14521.81548604474;1689.2588;;IterationSummary;;;;;;
31;2;3;1;normal;0;1bb61fc12721;move;;;7;14;;;;;;;;;;True;False;False;False;;ok;16077.994110524121;16070.314899391084;16070.314899391084;14521.81548604474;216;14521.81548604474;1695.751;7.679211133037825;Evaluated;5.863;0.6221;64;True;1;
31;2;3;2;normal;0;1bb61fc12721;swap;18;20;;;;;;;;;;;;True;False;False;False;;ok;16831.462948262375;16070.314899391084;16070.314899391084;14521.81548604474;217;14521.81548604474;1702.0302;761.1480488712914;Evaluated;5.6547;0.622;64;True;1;
31;2;3;3;normal;0;1bb61fc12721;reinsert_block;;;;;;;35;40;28;;;;;True;False;False;False;;ok;17055.965686647014;16070.314899391084;16070.314899391084;14521.81548604474;218;14521.81548604474;1708.6393;985.6507872559305;Evaluated;5.9826;0.6239;64;True;1;
31;2;3;4;normal;0;1bb61fc12721;move;;;50;38;;;;;;;;;;True;False;False;True;;ok;16070.522687833163;16070.314899391084;16070.314899391084;14521.81548604474;219;14521.81548604474;1715.1395;0.2077884420796181;Evaluated;5.8753;0.6222;64;True;1;
31;2;3;5;normal;0;1bb61fc12721;move;;;52;40;;;;;;;;;;True;False;False;True;;ok;16558.381542932868;16070.314899391084;16070.314899391084;14521.81548604474;220;14521.81548604474;1721.3729;488.0666435417843;Evaluated;5.6033;0.6293;64;True;1;
31;2;3;;normal;1;;;;;;;;;;;;;;;;;;;;;End-of-iteration summary row;;;16070.314899391084;14521.81548604474;220;14521.81548604474;1721.3763;;IterationSummary;;;;;;
32;2;4;1;normal;1;1bb61fc12721;move;;;9;3;;;;;;;;;;True;False;False;False;;ok;17344.40053177748;16070.314899391084;16070.314899391084;14521.81548604474;221;14521.81548604474;1732.1111;1274.0856323863954;Evaluated;10.0987;0.6244;64;True;2;duplicate_for_same_parent_sequence
32;2;4;2;normal;1;1bb61fc12721;swap;25;30;;;;;;;;;;;;True;False;False;False;;ok;16068.188655886466;16070.314899391084;16070.314899391084;14521.81548604474;222;14521.81548604474;1742.7408;-2.1262435046173778;Evaluated;10.0027;0.6243;64;True;2;duplicate_for_same_parent_sequence
32;2;4;3;normal;1;1bb61fc12721;move;;;37;19;;;;;;;;;;True;False;False;True;;ok;16809.33486186606;16070.314899391084;16070.314899391084;14521.81548604474;223;14521.81548604474;1753.5071;739.0199624749766;Evaluated;10.1379;0.6258;64;True;2;duplicate_for_same_parent_sequence
32;2;4;4;normal;1;1bb61fc12721;move;;;52;38;;;;;;;;;;True;False;False;True;;ok;16757.774271505044;16070.314899391084;16070.314899391084;14521.81548604474;224;14521.81548604474;1759.9958;687.4593721139609;Evaluated;5.8591;0.6264;64;True;1;
32;2;4;5;normal;1;1bb61fc12721;move;;;25;10;;;;;;;;;;True;False;False;True;;ok;16656.121474703017;16070.314899391084;16070.314899391084;14521.81548604474;225;14521.81548604474;1766.208;585.8065753119336;Evaluated;5.5808;0.6283;64;True;1;
32;2;4;;normal;0;;;;;;;;;;;;;;;;;;;;;End-of-iteration summary row;;;16068.188655886466;14521.81548604474;225;14521.81548604474;1766.2252;;IterationSummary;;;;;;
33;2;5;1;normal;0;11e73571201a;move;;;10;3;;;;;;;;;;True;False;False;False;;ok;17591.599645364797;16068.188655886466;16068.188655886466;14521.81548604474;226;14521.81548604474;1772.5128;1523.4109894783305;Evaluated;5.6533;0.6275;64;True;1;
33;2;5;2;normal;0;11e73571201a;swap;17;20;;;;;;;;;;;;True;False;False;False;;ok;17065.99286163194;16068.188655886466;16068.188655886466;14521.81548604474;227;14521.81548604474;1778.7823;997.804205745475;Evaluated;5.6358;0.6299;64;True;1;
33;2;5;3;normal;0;11e73571201a;reinsert_block;;;;;;;35;40;28;;;;;True;False;False;False;;ok;17056.843287049192;16068.188655886466;16068.188655886466;14521.81548604474;228;14521.81548604474;1785.465;988.6546311627262;Evaluated;6.0537;0.6256;64;True;1;
33;2;5;4;normal;0;11e73571201a;move;;;50;48;;;;;;;;;;True;False;False;False;;ok;16348.469737045198;16068.188655886466;16068.188655886466;14521.81548604474;229;14521.81548604474;1791.6396;280.28108115873147;Evaluated;5.5451;0.6266;64;True;1;
33;2;5;5;normal;0;11e73571201a;move;;;30;20;;;;;;;;;;True;False;False;True;;ok;16993.80180907949;16068.188655886466;16068.188655886466;14521.81548604474;230;14521.81548604474;1798.1288;925.6131531930241;Evaluated;5.8576;0.6285;64;True;1;
33;2;5;;normal;1;;;;;;;;;;;;;;;;;;;;;End-of-iteration summary row;;;16068.188655886466;14521.81548604474;230;14521.81548604474;1798.1317;;IterationSummary;;;;;;
34;2;6;1;normal;1;11e73571201a;move;;;5;3;;;;;;;;;;True;False;False;False;;ok;16413.398597380878;16068.188655886466;16068.188655886466;14521.81548604474;231;14521.81548604474;1804.6243;345.2099414944114;Evaluated;5.8531;0.6297;64;True;1;
34;2;6;2;normal;1;11e73571201a;swap;20;25;;;;;;;;;;;;True;False;False;False;;ok;16585.858061192324;16068.188655886466;16068.188655886466;14521.81548604474;232;14521.81548604474;1810.8443;517.6694053058582;Evaluated;5.5893;0.6278;64;True;1;
34;2;6;3;normal;1;11e73571201a;move;;;37;19;;;;;;;;;;True;False;False;True;;ok;16687.836326027886;16068.188655886466;16068.188655886466;14521.81548604474;233;14521.81548604474;1821.5013;619.6476701414194;Evaluated;10.0304;0.6239;64;True;2;duplicate_for_same_parent_sequence
34;2;6;4;normal;1;11e73571201a;move;;;51;49;;;;;;;;;;True;False;False;False;;ok;16078.707633464186;16068.188655886466;16068.188655886466;14521.81548604474;234;14521.81548604474;1827.7536;10.518977577719852;Evaluated;5.626;0.6251;64;True;1;
34;2;6;5;normal;1;11e73571201a;swap;25;37;;;;;;;;;;;;True;False;False;True;;ok;16462.519121424262;16068.188655886466;16068.188655886466;14521.81548604474;235;14521.81548604474;1837.6434;394.33046553779604;Evaluated;9.2573;0.6297;64;True;2;duplicate_for_same_parent_sequence
34;2;6;;normal;2;;;;;;;;;;;;;;;;;;;;;End-of-iteration summary row;;;16068.188655886466;14521.81548604474;235;14521.81548604474;1837.646;;IterationSummary;;;;;;
35;2;7;1;normal;2;11e73571201a;move;;;8;5;;;;;;;;;;True;False;False;False;;ok;17062.869489057597;16068.188655886466;16068.188655886466;14521.81548604474;236;14521.81548604474;1844.0053;994.6808331711309;Evaluated;5.7173;0.6269;64;True;1;
35;2;7;2;normal;2;11e73571201a;swap;20;30;;;;;;;;;;;;True;False;False;False;;ok;16728.541596441093;16068.188655886466;16068.188655886466;14521.81548604474;237;14521.81548604474;1850.2072;660.3529405546269;Evaluated;5.5722;0.6268;64;True;1;
35;2;7;3;normal;2;11e73571201a;move;;;36;40;;;;;;;;;;True;False;False;False;;ok;16469.326077275204;16068.188655886466;16068.188655886466;14521.81548604474;238;14521.81548604474;1860.896;401.1374213887375;Evaluated;10.0618;0.6238;64;True;2;duplicate_for_same_parent_sequence
35;2;7;4;normal;2;11e73571201a;move;;;50;28;;;;;;;;;;True;False;False;True;;ok;16925.027621605957;16068.188655886466;16068.188655886466;14521.81548604474;239;14521.81548604474;1867.1699;856.8389657194912;Evaluated;5.6498;0.6232;64;True;1;
35;2;7;5;normal;2;11e73571201a;move;;;40;35;;;;;;;;;;True;False;False;False;;ok;16468.746232249985;16068.188655886466;16068.188655886466;14521.81548604474;240;14521.81548604474;1873.3945;400.5575763635188;Evaluated;5.5933;0.6284;64;True;1;
35;2;7;;normal;3;;;;;;;;;;;;;;;;;;;;;End-of-iteration summary row;;;16068.188655886466;14521.81548604474;240;14521.81548604474;1873.3952;;IterationSummary;;;;;;
36;2;8;1;diversification;3;11e73571201a;move;;;5;19;;;;;;;;;;True;False;False;True;;ok;16753.07988578462;16068.188655886466;16068.188655886466;14521.81548604474;241;14521.81548604474;1880.2105;684.891229898154;Evaluated;6.1836;0.6259;64;True;1;
36;2;8;2;diversification;3;11e73571201a;reinsert_block;;;;;;;25;30;17;;;;;True;False;False;True;;ok;16534.843887358045;16068.188655886466;16068.188655886466;14521.81548604474;242;14521.81548604474;1886.8488;466.6552314715791;Evaluated;6.0092;0.6258;64;True;1;
36;2;8;3;diversification;3;11e73571201a;swap;34;50;;;;;;;;;;;;True;False;False;True;;ok;16637.658065798794;16068.188655886466;16068.188655886466;14521.81548604474;243;14521.81548604474;1893.2049;569.469409912328;Evaluated;5.7251;0.6283;64;True;1;
36;2;8;4;diversification;3;11e73571201a;move;;;62;38;;;;;;;;;;True;False;False;True;;ok;15711.122614644295;16068.188655886466;16068.188655886466;14521.81548604474;244;14521.81548604474;1903.1973;-357.0660412421712;Evaluated;9.3578;0.6312;64;True;2;duplicate_for_same_parent_sequence
36;2;8;5;diversification;3;11e73571201a;move;;;50;38;;;;;;;;;;True;False;False;True;;ok;16068.396444328546;16068.188655886466;16068.188655886466;14521.81548604474;245;14521.81548604474;1909.4945;0.2077884420796181;Evaluated;5.6654;0.6293;64;True;1;
36;2;8;6;diversification;3;11e73571201a;move;;;45;25;;;;;;;;;;True;False;False;True;;ok;16738.664121177248;16068.188655886466;16068.188655886466;14521.81548604474;246;14521.81548604474;1919.4808;670.4754652907814;Evaluated;9.3581;0.6272;64;True;2;duplicate_for_same_parent_sequence
36;2;8;7;diversification;3;11e73571201a;move;;;28;35;;;;;;;;;;True;False;False;False;;ok;16234.712484347163;16068.188655886466;16068.188655886466;14521.81548604474;247;14521.81548604474;1925.7555;166.52382846069668;Evaluated;5.6433;0.6279;64;True;1;
36;2;8;8;diversification;3;11e73571201a;move;;;15;28;;;;;;;;;;True;False;False;True;;ok;17351.695547593015;16068.188655886466;16068.188655886466;14521.81548604474;248;14521.81548604474;1931.8124;1283.5068917065491;Evaluated;5.4289;0.6254;64;True;1;
36;2;8;9;diversification;3;11e73571201a;move;;;25;30;;;;;;;;;;True;False;False;False;;ok;16900.542013799015;16068.188655886466;16068.188655886466;14521.81548604474;249;14521.81548604474;1937.7928;832.3533579125487;Evaluated;5.3538;0.6256;64;True;1;
36;2;8;10;diversification;3;11e73571201a;move;;;36;25;;;;;;;;;;True;False;False;True;;ok;16928.81021347364;16068.188655886466;16068.188655886466;14521.81548604474;250;14521.81548604474;1947.8299;860.6215575871738;Evaluated;9.4077;0.6264;64;True;2;duplicate_for_same_parent_sequence
36;2;8;;diversification;0;;;;;;;;;;;;;;;;;;;;;End-of-iteration summary row;;;15711.122614644295;14521.81548604474;250;14521.81548604474;1947.8406;;IterationSummary;;;;;;
37;2;9;1;normal;0;62e31dc1cdb0;move;;;10;5;;;;;;;;;;True;False;False;False;;ok;16955.55517164088;15711.122614644295;15711.122614644295;14521.81548604474;251;14521.81548604474;1954.4251;1244.4325569965858;Evaluated;5.9502;0.6266;64;True;1;
37;2;9;2;normal;0;62e31dc1cdb0;swap;20;25;;;;;;;;;;;;True;False;False;False;;ok;16228.792019950151;15711.122614644295;15711.122614644295;14521.81548604474;252;14521.81548604474;1960.583;517.6694053058563;Evaluated;5.5308;0.6239;64;True;1;
37;2;9;3;normal;0;62e31dc1cdb0;reinsert_block;;;;;;;35;40;28;;;;;True;False;False;False;;ok;17024.13817841978;15711.122614644295;15711.122614644295;14521.81548604474;253;14521.81548604474;1967.5958;1313.0155637754851;Evaluated;6.3841;0.6261;64;True;1;
37;2;9;4;normal;0;62e31dc1cdb0;move;;;50;48;;;;;;;;;;True;False;False;False;;ok;15707.532796743251;15711.122614644295;15711.122614644295;14521.81548604474;254;14521.81548604474;1973.7856;-3.589817901043716;Evaluated;5.5614;0.6255;64;True;1;
37;2;9;5;normal;0;62e31dc1cdb0;move;;;50;38;;;;;;;;;;True;False;False;True;;ok;15711.122614644295;15711.122614644295;15711.122614644295;14521.81548604474;255;14521.81548604474;1980.1649;0.0;Evaluated;5.5583;0.8205;64;True;1;
37;2;9;;normal;0;;;;;;;;;;;;;;;;;;;;;End-of-iteration summary row;;;15707.532796743251;14521.81548604474;255;14521.81548604474;1980.1711;;IterationSummary;;;;;;
38;2;10;1;normal;0;a86468585d0e;move;;;10;5;;;;;;;;;;True;False;False;False;;ok;16951.965353739834;15707.532796743251;15707.532796743251;14521.81548604474;256;14521.81548604474;1987.0288;1244.4325569965822;Evaluated;6.2245;0.6263;64;True;1;
38;2;10;2;normal;0;a86468585d0e;swap;16;20;;;;;;;;;;;;True;False;False;False;;ok;16348.07875847758;15707.532796743251;15707.532796743251;14521.81548604474;257;14521.81548604474;1993.4999;640.5459617343295;Evaluated;5.841;0.6274;64;True;1;
38;2;10;3;normal;0;a86468585d0e;reinsert_block;;;;;;;35;40;28;;;;;True;False;False;False;;ok;16618.854419215906;15707.532796743251;15707.532796743251;14521.81548604474;258;14521.81548604474;2000.2023;911.3216224726548;Evaluated;6.0741;0.6251;64;True;1;
38;2;10;4;normal;0;a86468585d0e;move;;;50;48;;;;;;;;;;True;False;False;False;;ok;15575.406419889705;15707.532796743251;15707.532796743251;14521.81548604474;259;14521.81548604474;2006.4991;-132.1263768535464;Evaluated;5.6688;0.6249;64;True;1;
38;2;10;5;normal;0;a86468585d0e;move;;;45;20;;;;;;;;;;True;False;False;True;;ok;17228.895976169915;15707.532796743251;15707.532796743251;14521.81548604474;260;14521.81548604474;2012.7132;1521.363179426664;Evaluated;5.5847;0.6266;64;True;1;
38;2;10;;normal;0;;;;;;;;;;;;;;;;;;;;;End-of-iteration summary row;;;15575.406419889705;14521.81548604474;260;14521.81548604474;2012.7305;;IterationSummary;;;;;;
39;2;11;1;normal;0;45ab8125f300;move;;;10;5;;;;;;;;;;True;False;False;False;;ok;16819.838976886287;15575.406419889705;15575.406419889705;14521.81548604474;261;14521.81548604474;2019.2468;1244.4325569965822;Evaluated;5.8829;0.6269;64;True;1;
39;2;11;2;normal;0;45ab8125f300;swap;17;20;;;;;;;;;;;;True;False;False;False;;ok;16573.210625635173;15575.406419889705;15575.406419889705;14521.81548604474;262;14521.81548604474;2025.5076;997.8042057454677;Evaluated;5.6319;0.6255;64;True;1;
39;2;11;3;normal;0;45ab8125f300;reinsert_block;;;;;;;35;40;28;;;;;True;False;False;False;;ok;16698.576773056087;15575.406419889705;15575.406419889705;14521.81548604474;263;14521.81548604474;2032.5732;1123.1703531663825;Evaluated;6.4363;0.6263;64;True;1;
39;2;11;4;normal;0;45ab8125f300;move;;;52;49;;;;;;;;;;True;False;False;False;;ok;15658.822885054575;15575.406419889705;15575.406419889705;14521.81548604474;264;14521.81548604474;2038.7851;83.4164651648698;Evaluated;5.5817;0.6272;64;True;1;
39;2;11;5;normal;0;45ab8125f300;move;;;50;38;;;;;;;;;;True;False;False;True;;ok;15391.294294960571;15575.406419889705;15575.406419889705;14521.81548604474;265;14521.81548604474;2044.9684;-184.11212492913364;Evaluated;5.5552;0.6247;64;True;1;
39;2;11;;normal;0;;;;;;;;;;;;;;;;;;;;;End-of-iteration summary row;;;15391.294294960571;14521.81548604474;265;14521.81548604474;2044.9798;;IterationSummary;;;;;;
40;2;12;1;normal;0;01486ec5eded;move;;;5;10;;;;;;;;;;True;False;False;False;;ok;16664.89874978583;15391.294294960571;15391.294294960571;14521.81548604474;266;14521.81548604474;2051.6603;1273.6044548252576;Evaluated;6.046;0.6274;64;True;1;
40;2;12;2;normal;0;01486ec5eded;swap;18;20;;;;;;;;;;;;True;False;False;False;;ok;16144.849430272954;15391.294294960571;15391.294294960571;14521.81548604474;267;14521.81548604474;2058.2514;753.5551353123828;Evaluated;5.9607;0.627;64;True;1;
40;2;12;3;normal;0;01486ec5eded;reinsert_block;;;;;;;35;40;28;;;;;True;False;False;False;;ok;16371.3005222457;15391.294294960571;15391.294294960571;14521.81548604474;268;14521.81548604474;2065.3768;980.0062272851283;Evaluated;6.4946;0.6279;64;True;1;
40;2;12;4;normal;0;01486ec5eded;move;;;58;49;;;;;;;;;;True;False;False;False;;ok;15404.939641903025;15391.294294960571;15391.294294960571;14521.81548604474;269;14521.81548604474;2071.5602;13.645346942454125;Evaluated;5.5521;0.6283;64;True;1;
40;2;12;5;normal;0;01486ec5eded;move;;;51;40;;;;;;;;;;True;False;False;True;;ok;15399.797832860682;15391.294294960571;15391.294294960571;14521.81548604474;270;14521.81548604474;2077.7177;8.503537900111041;Evaluated;5.5289;0.6258;64;True;1;
40;2;12;;normal;1;;;;;;;;;;;;;;;;;;;;;End-of-iteration summary row;;;15391.294294960571;14521.81548604474;270;14521.81548604474;2077.7206;;IterationSummary;;;;;;
41;2;13;1;normal;1;01486ec5eded;move;;;10;5;;;;;;;;;;True;False;False;False;;ok;16635.726851957155;15391.294294960571;15391.294294960571;14521.81548604474;271;14521.81548604474;2084.2055;1244.432556996584;Evaluated;5.8447;0.6258;64;True;1;
41;2;13;2;normal;1;01486ec5eded;swap;17;20;;;;;;;;;;;;True;False;False;False;;ok;16389.098500706037;15391.294294960571;15391.294294960571;14521.81548604474;272;14521.81548604474;2090.263;997.8042057454659;Evaluated;5.4279;0.6271;64;True;1;
41;2;13;3;normal;1;01486ec5eded;move;;;37;32;;;;;;;;;;True;False;False;False;;ok;15671.48632237446;15391.294294960571;15391.294294960571;14521.81548604474;273;14521.81548604474;2100.5959;280.19202741388835;Evaluated;9.7037;0.626;64;True;2;duplicate_for_same_parent_sequence
41;2;13;4;normal;1;01486ec5eded;move;;;52;49;;;;;;;;;;True;False;False;False;;ok;15405.347178639904;15391.294294960571;15391.294294960571;14521.81548604474;274;14521.81548604474;2107.1981;14.052883679332808;Evaluated;5.9733;0.6263;64;True;1;
41;2;13;5;normal;1;01486ec5eded;move;;;28;15;;;;;;;;;;True;False;False;True;;ok;16612.498658903634;15391.294294960571;15391.294294960571;14521.81548604474;275;14521.81548604474;2113.4358;1221.204363943063;Evaluated;5.6085;0.6267;64;True;1;
41;2;13;;normal;2;;;;;;;;;;;;;;;;;;;;;End-of-iteration summary row;;;15391.294294960571;14521.81548604474;275;14521.81548604474;2113.4391;;IterationSummary;;;;;;
42;2;14;1;normal;2;01486ec5eded;move;;;7;3;;;;;;;;;;True;False;False;False;;ok;16558.9827675328;15391.294294960571;15391.294294960571;14521.81548604474;276;14521.81548604474;2123.9496;1167.6884725722302;Evaluated;9.8719;0.6256;64;True;2;duplicate_for_same_parent_sequence
42;2;14;2;normal;2;01486ec5eded;swap;30;31;;;;;;;;;;;;True;False;False;False;;ok;15564.346145649877;15391.294294960571;15391.294294960571;14521.81548604474;277;14521.81548604474;2133.9122;173.05185068930587;Evaluated;9.3343;0.6254;64;True;2;duplicate_for_same_parent_sequence
42;2;14;3;normal;2;01486ec5eded;move;;;17;22;;;;;;;;;;True;False;False;False;;ok;16213.137362941874;15391.294294960571;15391.294294960571;14521.81548604474;278;14521.81548604474;2144.5987;821.8430679813027;Evaluated;10.0567;0.6271;64;True;2;duplicate_for_same_parent_sequence
42;2;14;4;normal;2;01486ec5eded;move;;;50;48;;;;;;;;;;True;False;False;False;;ok;15243.531711783333;15391.294294960571;15391.294294960571;14521.81548604474;279;14521.81548604474;2150.914;-147.7625831772384;Evaluated;5.686;0.6267;64;True;1;
42;2;14;5;normal;2;01486ec5eded;move;;;62;10;;;;;;;;;;True;False;False;True;;ok;16574.961359943387;15391.294294960571;15391.294294960571;14521.81548604474;280;14521.81548604474;2157.0861;1183.6670649828156;Evaluated;5.5465;0.623;64;True;1;
42;2;14;;normal;0;;;;;;;;;;;;;;;;;;;;;End-of-iteration summary row;;;15243.531711783333;14521.81548604474;280;14521.81548604474;2157.0922;;IterationSummary;;;;;;
43;2;15;1;normal;0;05b78191a294;move;;;7;12;;;;;;;;;;True;False;False;False;;ok;15345.514512484058;15243.531711783333;15243.531711783333;14521.81548604474;281;14521.81548604474;2163.7194;101.98280070072542;Evaluated;5.9928;0.627;64;True;1;
43;2;15;2;normal;0;05b78191a294;swap;18;20;;;;;;;;;;;;True;False;False;False;;ok;15999.761697301832;15243.531711783333;15243.531711783333;14521.81548604474;282;14521.81548604474;2169.9908;756.2299855184992;Evaluated;5.6389;0.6295;64;True;1;
43;2;15;3;normal;0;05b78191a294;reinsert_block;;;;;;;34;38;20;;;;;True;False;False;True;;ok;16699.644970384656;15243.531711783333;15243.531711783333;14521.81548604474;283;14521.81548604474;2176.7146;1456.1132586013227;Evaluated;6.0941;0.6267;64;True;1;
43;2;15;4;normal;0;05b78191a294;move;;;62;50;;;;;;;;;;True;False;False;True;;ok;15461.249134219575;15243.531711783333;15243.531711783333;14521.81548604474;284;14521.81548604474;2182.9593;217.7174224362425;Evaluated;5.6142;0.6271;64;True;1;
43;2;15;5;normal;0;05b78191a294;move;;;50;49;;;;;;;;;;True;False;False;False;;ok;15253.813817571418;15243.531711783333;15243.531711783333;14521.81548604474;285;14521.81548604474;2189.2453;10.282105788084664;Evaluated;5.6545;0.629;64;True;1;
43;2;15;;normal;1;;;;;;;;;;;;;;;;;;;;;End-of-iteration summary row;;;15243.531711783333;14521.81548604474;285;14521.81548604474;2189.2483;;IterationSummary;;;;;;
44;2;16;1;normal;1;05b78191a294;move;;;10;5;;;;;;;;;;True;False;False;False;;ok;16490.0525575037;15243.531711783333;15243.531711783333;14521.81548604474;286;14521.81548604474;2195.7754;1246.5208457203662;Evaluated;5.8852;0.6282;64;True;1;
44;2;16;2;normal;1;05b78191a294;swap;20;21;;;;;;;;;;;;True;False;False;False;;ok;15235.378091877576;15243.531711783333;15243.531711783333;14521.81548604474;287;14521.81548604474;2202.0709;-8.153619905757296;Evaluated;5.6659;0.6267;64;True;1;
44;2;16;3;normal;1;05b78191a294;reinsert_block;;;;;;;34;37;25;;;;;True;False;False;True;;ok;16300.8427168322;15243.531711783333;15243.531711783333;14521.81548604474;288;14521.81548604474;2209.1479;1057.3110050488667;Evaluated;6.4445;0.6296;64;True;1;
44;2;16;4;normal;1;05b78191a294;move;;;50;48;;;;;;;;;;True;False;False;False;;ok;15238.00683636987;15243.531711783333;15243.531711783333;14521.81548604474;289;14521.81548604474;2215.454;-5.524875413462723;Evaluated;5.6808;0.6227;64;True;1;
44;2;16;5;normal;1;05b78191a294;move;;;40;35;;;;;;;;;;True;False;False;False;;ok;16012.940225589908;15243.531711783333;15243.531711783333;14521.81548604474;290;14521.81548604474;2221.6524;769.4085138065748;Evaluated;5.5687;0.6285;64;True;1;
44;2;16;;normal;0;;;;;;;;;;;;;;;;;;;;;End-of-iteration summary row;;;15235.378091877576;14521.81548604474;290;14521.81548604474;2221.6621;;IterationSummary;;;;;;
45;2;17;1;normal;0;7f850d840abb;move;;;10;5;;;;;;;;;;True;False;False;False;;ok;16437.504445896386;15235.378091877576;15235.378091877576;14521.81548604474;291;14521.81548604474;2228.3852;1202.1263540188102;Evaluated;6.0886;0.6279;64;True;1;
45;2;17;2;normal;0;7f850d840abb;swap;20;21;;;;;;;;;;;;True;False;False;False;;ok;15243.531711783333;15235.378091877576;15235.378091877576;14521.81548604474;292;14521.81548604474;2234.9596;8.153619905757296;Evaluated;5.9414;0.6278;64;True;1;
45;2;17;3;normal;0;7f850d840abb;reinsert_block;;;;;;;34;37;25;;;;;True;False;False;True;;ok;16290.908330181612;15235.378091877576;15235.378091877576;14521.81548604474;293;14521.81548604474;2241.6328;1055.5302383040362;Evaluated;6.0397;0.6294;64;True;1;
45;2;17;4;normal;0;7f850d840abb;move;;;53;49;;;;;;;;;;True;False;False;False;;ok;15296.956152427912;15235.378091877576;15235.378091877576;14521.81548604474;294;14521.81548604474;2247.8708;61.578060550336886;Evaluated;5.6076;0.627;64;True;1;
45;2;17;5;normal;0;7f850d840abb;move;;;25;30;;;;;;;;;;True;False;False;False;;ok;16076.726566581361;15235.378091877576;15235.378091877576;14521.81548604474;295;14521.81548604474;2254.0621;841.3484747037855;Evaluated;5.5636;0.6251;64;True;1;
45;2;17;;normal;1;;;;;;;;;;;;;;;;;;;;;End-of-iteration summary row;;;15235.378091877576;14521.81548604474;295;14521.81548604474;2254.0649;;IterationSummary;;;;;;
46;2;18;1;normal;1;7f850d840abb;move;;;24;8;;;;;;;;;;True;False;False;True;;ok;16309.543520037938;15235.378091877576;15235.378091877576;14521.81548604474;296;14521.81548604474;2264.0112;1074.1654281603624;Evaluated;9.3045;0.6254;64;True;2;duplicate_for_same_parent_sequence
46;2;18;2;normal;1;7f850d840abb;swap;18;20;;;;;;;;;;;;True;False;False;False;;ok;15620.121562176762;15235.378091877576;15235.378091877576;14521.81548604474;297;14521.81548604474;2270.2601;384.7434702991868;Evaluated;5.6198;0.6265;64;True;1;
46;2;18;3;normal;1;7f850d840abb;reinsert_block;;;;;;;32;37;40;;;;;True;False;False;False;;ok;15836.508197847612;15235.378091877576;15235.378091877576;14521.81548604474;298;14521.81548604474;2276.8545;601.1301059700363;Evaluated;5.9651;0.6263;64;True;1;
46;2;18;4;normal;1;7f850d840abb;move;;;50;48;;;;;;;;;;True;False;False;False;;ok;15220.283371805308;15235.378091877576;15235.378091877576;14521.81548604474;299;14521.81548604474;2283.1494;-15.094720072267592;Evaluated;5.6672;0.6268;64;True;1;
46;2;18;5;normal;1;7f850d840abb;move;;;15;20;;;;;;;;;;True;False;False;False;;ok;15293.16788421252;15235.378091877576;15235.378091877576;14521.81548604474;300;14521.81548604474;2289.4857;57.78979233494465;Evaluated;5.7051;0.6275;64;True;1;
46;2;18;;normal;0;;;;;;;;;;;;;;;;;;;;;End-of-iteration summary row;;;15220.283371805308;14521.81548604474;300;14521.81548604474;2289.5062;;IterationSummary;;;;;;
47;2;19;1;normal;0;2f39209104a3;move;;;10;5;;;;;;;;;;True;False;False;False;;ok;16424.53912825423;15220.283371805308;15220.283371805308;14521.81548604474;301;14521.81548604474;2296.5694;1204.2557564489216;Evaluated;6.4309;0.6255;64;True;1;
47;2;19;2;normal;0;2f39209104a3;swap;20;21;;;;;;;;;;;;True;False;False;False;;ok;15238.00683636987;15220.283371805308;15220.283371805308;14521.81548604474;302;14521.81548604474;2302.8674;17.723464564562164;Evaluated;5.6706;0.6258;64;True;1;
47;2;19;3;normal;0;2f39209104a3;reinsert_block;;;;;;;34;37;25;;;;;True;False;False;True;;ok;16334.603165441436;15220.283371805308;15220.283371805308;14521.81548604474;303;14521.81548604474;2310.0516;1114.3197936361285;Evaluated;6.555;0.6284;64;True;1;
47;2;19;4;normal;0;2f39209104a3;move;;;53;49;;;;;;;;;;True;False;False;False;;ok;15612.430944925565;15220.283371805308;15220.283371805308;14521.81548604474;304;14521.81548604474;2316.2857;392.1475731202572;Evaluated;5.6054;0.6245;64;True;1;
47;2;19;5;normal;0;2f39209104a3;move;;;30;25;;;;;;;;;;True;False;False;False;;ok;15250.122083557655;15220.283371805308;15220.283371805308;14521.81548604474;305;14521.81548604474;2322.7374;29.83871175234708;Evaluated;5.8234;0.6273;64;True;1;
47;2;19;;normal;1;;;;;;;;;;;;;;;;;;;;;End-of-iteration summary row;;;15220.283371805308;14521.81548604474;305;14521.81548604474;2322.7403;;IterationSummary;;;;;;
48;2;20;1;normal;1;2f39209104a3;move;;;14;5;;;;;;;;;;True;False;False;False;;ok;16511.52613816875;15220.283371805308;15220.283371805308;14521.81548604474;306;14521.81548604474;2329.351;1291.2427663634408;Evaluated;5.9668;0.6306;64;True;1;
48;2;20;2;normal;1;2f39209104a3;swap;18;20;;;;;;;;;;;;True;False;False;False;;ok;15613.45198547972;15220.283371805308;15220.283371805308;14521.81548604474;307;14521.81548604474;2335.6627;393.168613674412;Evaluated;5.6812;0.6277;64;True;1;
48;2;20;3;normal;1;2f39209104a3;reinsert_block;;;;;;;34;37;28;;;;;True;False;False;False;;ok;17276.758771491797;15220.283371805308;15220.283371805308;14521.81548604474;308;14521.81548604474;2342.7161;2056.4753996864893;Evaluated;6.4252;0.6251;64;True;1;
48;2;20;4;normal;1;2f39209104a3;move;;;50;48;;;;;;;;;;True;False;False;False;;ok;15380.465842434001;15220.283371805308;15220.283371805308;14521.81548604474;309;14521.81548604474;2348.9737;160.1824706286934;Evaluated;5.6306;0.6257;64;True;1;
48;2;20;5;normal;1;2f39209104a3;move;;;50;38;;;;;;;;;;True;False;False;True;;ok;16312.957284339094;15220.283371805308;15220.283371805308;14521.81548604474;310;14521.81548604474;2355.2533;1092.6739125337863;Evaluated;5.6494;0.6268;64;True;1;
48;2;20;;normal;2;;;;;;;;;;;;;;;;;;;;;End-of-iteration summary row;;;15220.283371805308;14521.81548604474;310;14521.81548604474;2355.2564;;IterationSummary;;;;;;
49;2;21;1;normal;2;2f39209104a3;move;;;3;8;;;;;;;;;;True;False;False;False;;ok;16875.299233119695;15220.283371805308;15220.283371805308;14521.81548604474;311;14521.81548604474;2369.3778;1655.0158613143867;Evaluated;13.4847;0.6259;64;True;2;duplicate_for_same_parent_sequence
49;2;21;2;normal;2;2f39209104a3;swap;36;45;;;;;;;;;;;;True;False;False;False;;ok;15686.642469238604;15220.283371805308;15220.283371805308;14521.81548604474;312;14521.81548604474;2379.3318;466.3590974332965;Evaluated;9.308;0.6425;64;True;2;duplicate_for_same_parent_sequence
49;2;21;3;normal;2;2f39209104a3;move;;;30;15;;;;;;;;;;True;False;False;True;;ok;15312.742526662927;15220.283371805308;15220.283371805308;14521.81548604474;313;14521.81548604474;2389.9803;92.45915485761907;Evaluated;10.0212;0.6247;64;True;2;duplicate_for_same_parent_sequence
49;2;21;4;normal;2;2f39209104a3;move;;;50;49;;;;;;;;;;True;False;False;False;;ok;15219.076228590993;15220.283371805308;15220.283371805308;14521.81548604474;314;14521.81548604474;2396.2084;-1.207143214314783;Evaluated;5.5983;0.6273;64;True;1;
49;2;21;5;normal;2;2f39209104a3;move;;;25;10;;;;;;;;;;True;False;False;True;;ok;16183.55965442417;15220.283371805308;15220.283371805308;14521.81548604474;315;14521.81548604474;2402.4665;963.2762826188628;Evaluated;5.6323;0.6232;64;True;1;
49;2;21;;normal;0;;;;;;;;;;;;;;;;;;;;;End-of-iteration summary row;;;15219.076228590993;14521.81548604474;315;14521.81548604474;2402.473;;IterationSummary;;;;;;
50;2;22;1;normal;0;f2e984deae21;move;;;10;5;;;;;;;;;;True;False;False;False;;ok;16426.430377357065;15219.076228590993;15219.076228590993;14521.81548604474;316;14521.81548604474;2409.2685;1207.3541487660714;Evaluated;6.1588;0.6303;64;True;1;
50;2;22;2;normal;0;f2e984deae21;swap;17;20;;;;;;;;;;;;True;False;False;False;;ok;15221.101198461074;15219.076228590993;15219.076228590993;14521.81548604474;317;14521.81548604474;2415.5662;2.024969870080895;Evaluated;5.6711;0.6259;64;True;1;
50;2;22;3;normal;0;f2e984deae21;reinsert_block;;;;;;;34;37;28;;;;;True;False;False;False;;ok;17275.67596163573;15219.076228590993;15219.076228590993;14521.81548604474;318;14521.81548604474;2422.2458;2056.599733044737;Evaluated;6.0476;0.6289;64;True;1;
50;2;22;4;normal;0;f2e984deae21;move;;;50;48;;;;;;;;;;True;False;False;False;;ok;15230.992107762337;15219.076228590993;15219.076228590993;14521.81548604474;319;14521.81548604474;2428.5924;11.915879171343477;Evaluated;5.7169;0.6264;64;True;1;
50;2;22;5;normal;0;f2e984deae21;move;;;40;35;;;;;;;;;;True;False;False;False;;ok;15889.994004678058;15219.076228590993;15219.076228590993;14521.81548604474;320;14521.81548604474;2434.7977;670.9177760870643;Evaluated;5.5732;0.6291;64;True;1;
50;2;22;;normal;1;;;;;;;;;;;;;;;;;;;;;End-of-iteration summary row;;;15219.076228590993;14521.81548604474;320;14521.81548604474;2434.8011;;IterationSummary;;;;;;
51;2;23;1;normal;1;f2e984deae21;move;;;8;3;;;;;;;;;;True;False;False;False;;ok;16418.948654808508;15219.076228590993;15219.076228590993;14521.81548604474;321;14521.81548604474;2444.7222;1199.8724262175147;Evaluated;9.2833;0.6239;64;True;2;duplicate_for_same_parent_sequence
51;2;23;2;normal;1;f2e984deae21;swap;20;21;;;;;;;;;;;;True;False;False;False;;ok;15224.677650655476;15219.076228590993;15219.076228590993;14521.81548604474;322;14521.81548604474;2451.2963;5.601422064482904;Evaluated;5.9458;0.6251;64;True;1;
51;2;23;3;normal;1;f2e984deae21;move;;;15;20;;;;;;;;;;True;False;False;False;;ok;15274.313823084663;15219.076228590993;15219.076228590993;14521.81548604474;323;14521.81548604474;2461.8156;55.23759449367026;Evaluated;9.8911;0.6256;64;True;2;duplicate_for_same_parent_sequence
51;2;23;4;normal;1;f2e984deae21;move;;;50;49;;;;;;;;;;True;False;False;False;;ok;15220.283371805308;15219.076228590993;15219.076228590993;14521.81548604474;324;14521.81548604474;2468.0429;1.207143214314783;Evaluated;5.592;0.6322;64;True;1;
51;2;23;5;normal;1;f2e984deae21;move;;;30;15;;;;;;;;;;True;False;False;True;;ok;15308.551690733284;15219.076228590993;15219.076228590993;14521.81548604474;325;14521.81548604474;2477.9787;89.47546214229078;Evaluated;9.3119;0.6211;64;True;2;duplicate_for_same_parent_sequence
51;2;23;;normal;2;;;;;;;;;;;;;;;;;;;;;End-of-iteration summary row;;;15219.076228590993;14521.81548604474;325;14521.81548604474;2477.9793;;IterationSummary;;;;;;
52;2;24;1;normal;2;f2e984deae21;move;;;10;5;;;;;;;;;;False;True;False;;;ok;;15219.076228590993;15219.076228590993;14521.81548604474;325;14521.81548604474;2491.3615;;DuplicateForSameParentSequenceAfterRetries;13.3749;;;;3;duplicate_for_same_parent_sequence
52;2;24;2;normal;2;f2e984deae21;swap;18;20;;;;;;;;;;;;True;False;False;False;;ok;15609.261149550077;15219.076228590993;15219.076228590993;14521.81548604474;326;14521.81548604474;2497.5764;390.1849209590837;Evaluated;5.5875;0.6263;64;True;1;
52;2;24;3;normal;2;f2e984deae21;move;;;50;39;;;;;;;;;;True;False;False;True;;ok;15150.556778520157;15219.076228590993;15219.076228590993;14521.81548604474;327;14521.81548604474;2507.9686;-68.51945007083668;Evaluated;9.7669;0.6224;64;True;2;duplicate_for_same_parent_sequence
52;2;24;4;normal;2;f2e984deae21;move;;;52;49;;;;;;;;;;True;False;False;False;;ok;15231.419160901527;15219.076228590993;15219.076228590993;14521.81548604474;328;14521.81548604474;2518.1699;12.342932310533797;Evaluated;9.5779;0.6223;64;True;2;duplicate_for_same_parent_sequence
52;2;24;5;normal;2;f2e984deae21;swap;3;6;;;;;;;;;;;;True;False;False;False;;ok;16079.227039367772;15219.076228590993;15219.076228590993;14521.81548604474;329;14521.81548604474;2527.9356;860.1508107767786;Evaluated;9.1395;0.6252;64;True;2;duplicate_for_same_parent_sequence
52;2;24;;normal;0;;;;;;;;;;;;;;;;;;;;;End-of-iteration summary row;;;15150.556778520157;14521.81548604474;329;14521.81548604474;2527.952;;IterationSummary;;;;;;
53;2;25;1;normal;0;c9fed6156d62;move;;;10;5;;;;;;;;;;True;False;False;False;;ok;16357.755927769625;15150.556778520157;15150.556778520157;14521.81548604474;330;14521.81548604474;2534.9712;1207.199149249469;Evaluated;6.3853;0.6273;64;True;1;
53;2;25;2;normal;0;c9fed6156d62;swap;17;20;;;;;;;;;;;;True;False;False;False;;ok;15150.605311579637;15150.556778520157;15150.556778520157;14521.81548604474;331;14521.81548604474;2541.2062;0.048533059480178053;Evaluated;5.6097;0.6226;64;True;1;
53;2;25;3;normal;0;c9fed6156d62;reinsert_block;;;;;;;35;40;28;;;;;True;False;False;False;;ok;15636.622489144103;15150.556778520157;15150.556778520157;14521.81548604474;332;14521.81548604474;2548.2544;486.06571062394687;Evaluated;6.4236;0.6238;64;True;1;
53;2;25;4;normal;0;c9fed6156d62;move;;;51;40;;;;;;;;;;True;False;False;True;;ok;15146.118457611505;15150.556778520157;15150.556778520157;14521.81548604474;333;14521.81548604474;2554.3297;-4.438320908651804;Evaluated;5.4434;0.6292;64;True;1;
53;2;25;5;normal;0;c9fed6156d62;move;;;50;38;;;;;;;;;;True;False;False;True;;ok;16261.641379613575;15150.556778520157;15150.556778520157;14521.81548604474;334;14521.81548604474;2560.5425;1111.0846010934183;Evaluated;5.5853;0.6243;64;True;1;
53;2;25;;normal;0;;;;;;;;;;;;;;;;;;;;;End-of-iteration summary row;;;15146.118457611505;14521.81548604474;334;14521.81548604474;2560.5584;;IterationSummary;;;;;;
54;2;26;1;normal;0;1f9ac4d7b853;move;;;10;5;;;;;;;;;;True;False;False;False;;ok;16356.771093535492;15146.118457611505;15146.118457611505;14521.81548604474;335;14521.81548604474;2567.2631;1210.652635923987;Evaluated;6.0715;0.6257;64;True;1;
54;2;26;2;normal;0;1f9ac4d7b853;swap;18;20;;;;;;;;;;;;True;False;False;False;;ok;15533.229401716068;15146.118457611505;15146.118457611505;14521.81548604474;336;14521.81548604474;2573.8092;387.1109441045628;Evaluated;5.9217;0.6217;64;True;1;
54;2;26;3;normal;0;1f9ac4d7b853;reinsert_block;;;;;;;35;40;28;;;;;True;False;False;False;;ok;15902.094793600914;15146.118457611505;15146.118457611505;14521.81548604474;337;14521.81548604474;2580.5598;755.9763359894096;Evaluated;6.1237;0.6249;64;True;1;
54;2;26;4;normal;0;1f9ac4d7b853;move;;;52;49;;;;;;;;;;True;False;False;False;;ok;15208.193113068075;15146.118457611505;15146.118457611505;14521.81548604474;338;14521.81548604474;2586.771;62.074655456570326;Evaluated;5.5856;0.6229;64;True;1;
54;2;26;5;normal;0;1f9ac4d7b853;move;;;20;15;;;;;;;;;;True;False;False;False;;ok;15159.581737389834;15146.118457611505;15146.118457611505;14521.81548604474;339;14521.81548604474;2592.961;13.463279778328797;Evaluated;5.5617;0.6254;64;True;1;
54;2;26;;normal;1;;;;;;;;;;;;;;;;;;;;;End-of-iteration summary row;;;15146.118457611505;14521.81548604474;339;14521.81548604474;2592.9641;;IterationSummary;;;;;;
55;2;27;1;normal;1;1f9ac4d7b853;move;;;7;3;;;;;;;;;;True;False;False;False;;ok;16346.76490113699;15146.118457611505;15146.118457611505;14521.81548604474;340;14521.81548604474;2603.5978;1200.6464435254857;Evaluated;9.9954;0.6235;64;True;2;duplicate_for_same_parent_sequence
55;2;27;2;normal;1;1f9ac4d7b853;swap;20;21;;;;;;;;;;;;True;False;False;False;;ok;15162.53483893268;15146.118457611505;15146.118457611505;14521.81548604474;341;14521.81548604474;2609.7936;16.416381321174413;Evaluated;5.5723;0.6229;64;True;1;
55;2;27;3;normal;1;1f9ac4d7b853;move;;;17;5;;;;;;;;;;True;False;False;True;;ok;16176.436862437651;15146.118457611505;15146.118457611505;14521.81548604474;342;14521.81548604474;2620.4849;1030.3184048261464;Evaluated;10.0665;0.6221;64;True;2;duplicate_for_same_parent_sequence
55;2;27;4;normal;1;1f9ac4d7b853;move;;;50;48;;;;;;;;;;True;False;False;False;;ok;15542.312511761957;15146.118457611505;15146.118457611505;14521.81548604474;343;14521.81548604474;2627.0382;396.19405415045185;Evaluated;5.9288;0.6238;64;True;1;
55;2;27;5;normal;1;1f9ac4d7b853;swap;30;32;;;;;;;;;;;;True;False;False;False;;ok;15158.819062902787;15146.118457611505;15146.118457611505;14521.81548604474;344;14521.81548604474;2637.0241;12.700605291282045;Evaluated;9.3564;0.6266;64;True;2;duplicate_for_same_parent_sequence
55;2;27;;normal;2;;;;;;;;;;;;;;;;;;;;;End-of-iteration summary row;;;15146.118457611505;14521.81548604474;344;14521.81548604474;2637.0264;;IterationSummary;;;;;;
56;2;28;1;normal;2;1f9ac4d7b853;move;;;7;3;;;;;;;;;;False;True;False;;;ok;;15146.118457611505;15146.118457611505;14521.81548604474;344;14521.81548604474;2650.2617;;DuplicateForSameParentSequenceAfterRetries;13.2177;;;;3;duplicate_for_same_parent_sequence
56;2;28;2;normal;2;1f9ac4d7b853;swap;25;26;;;;;;;;;;;;True;False;False;False;;ok;15146.118457611505;15146.118457611505;15146.118457611505;14521.81548604474;345;14521.81548604474;2656.8381;0.0;Evaluated;5.9469;0.6284;64;True;1;
56;2;28;3;normal;2;1f9ac4d7b853;move;;;17;25;;;;;;;;;;True;False;False;False;;ok;15357.869130551813;15146.118457611505;15146.118457611505;14521.81548604474;346;14521.81548604474;2668.155;211.7506729403085;Evaluated;10.6901;0.6241;64;True;2;duplicate_for_same_parent_sequence
56;2;28;4;normal;2;1f9ac4d7b853;move;;;50;49;;;;;;;;;;True;False;False;False;;ok;15151.895720692584;15146.118457611505;15146.118457611505;14521.81548604474;347;14521.81548604474;2674.3709;5.777263081079582;Evaluated;5.5879;0.6251;64;True;1;
56;2;28;5;normal;2;1f9ac4d7b853;move;;;30;40;;;;;;;;;;True;False;False;True;;ok;15531.707759369705;15146.118457611505;15146.118457611505;14521.81548604474;348;14521.81548604474;2684.3616;385.58930175820024;Evaluated;9.3658;0.6221;64;True;2;duplicate_for_same_parent_sequence
56;2;28;;normal;3;;;;;;;;;;;;;;;;;;;;;End-of-iteration summary row;;;15146.118457611505;14521.81548604474;348;14521.81548604474;2684.3627;;IterationSummary;;;;;;
57;2;29;1;diversification;3;1f9ac4d7b853;move;;;10;2;;;;;;;;;;True;False;False;False;;ok;16701.52976197628;15146.118457611505;15146.118457611505;14521.81548604474;349;14521.81548604474;2691.1485;1555.411304364774;Evaluated;6.1553;0.6253;64;True;1;
57;2;29;2;diversification;3;1f9ac4d7b853;reinsert_block;;;;;;;18;24;30;;;;;True;False;False;False;;ok;15689.526387562557;15146.118457611505;15146.118457611505;14521.81548604474;350;14521.81548604474;2697.9226;543.4079299510522;Evaluated;6.149;0.624;64;True;1;
57;2;29;3;diversification;3;1f9ac4d7b853;swap;35;40;;;;;;;;;;;;True;False;False;False;;ok;15367.031222614722;15146.118457611505;15146.118457611505;14521.81548604474;351;14521.81548604474;2704.4437;220.91276500321692;Evaluated;5.8931;0.6252;64;True;1;
57;2;29;4;diversification;3;1f9ac4d7b853;move;;;53;49;;;;;;;;;;True;False;False;False;;ok;15615.716384447436;15146.118457611505;15146.118457611505;14521.81548604474;352;14521.81548604474;2710.7918;469.5979268359315;Evaluated;5.7211;0.624;64;True;1;
57;2;29;5;diversification;3;1f9ac4d7b853;swap;10;25;;;;;;;;;;;;True;False;False;True;;ok;15695.938588606887;15146.118457611505;15146.118457611505;14521.81548604474;353;14521.81548604474;2720.7875;549.820130995382;Evaluated;9.3691;0.6229;64;True;2;duplicate_for_same_parent_sequence
57;2;29;6;diversification;3;1f9ac4d7b853;move;;;50;40;;;;;;;;;;True;False;False;True;;ok;15470.395945475751;15146.118457611505;15146.118457611505;14521.81548604474;354;14521.81548604474;2727.2132;324.2774878642467;Evaluated;5.7952;0.6272;64;True;1;
57;2;29;7;diversification;3;1f9ac4d7b853;move;;;45;30;;;;;;;;;;True;False;False;True;;ok;15547.832065756162;15146.118457611505;15146.118457611505;14521.81548604474;355;14521.81548604474;2733.4933;401.713608144657;Evaluated;5.6514;0.6256;64;True;1;
57;2;29;8;diversification;3;1f9ac4d7b853;move;;;18;25;;;;;;;;;;True;False;False;False;;ok;16002.3655467929;15146.118457611505;15146.118457611505;14521.81548604474;356;14521.81548604474;2739.7816;856.2470891813955;Evaluated;5.6618;0.6235;64;True;1;
57;2;29;9;diversification;3;1f9ac4d7b853;move;;;28;30;;;;;;;;;;True;False;False;False;;ok;15158.516369803028;15146.118457611505;15146.118457611505;14521.81548604474;357;14521.81548604474;2746.0978;12.397912191523574;Evaluated;5.6877;0.626;64;True;1;
57;2;29;10;diversification;3;1f9ac4d7b853;move;;;50;47;;;;;;;;;;True;False;False;False;;ok;15544.44178359667;15146.118457611505;15146.118457611505;14521.81548604474;358;14521.81548604474;2752.3472;398.32332598516587;Evaluated;5.6228;0.6233;64;True;1;
57;2;29;;diversification;4;;;;;;;;;;;;;;;;;;;;;End-of-iteration summary row;;;15146.118457611505;14521.81548604474;358;14521.81548604474;2752.3503;;IterationSummary;;;;;;
58;2;30;1;diversification;4;1f9ac4d7b853;move;;;7;15;;;;;;;;;;True;False;False;False;;ok;15398.54051490037;15146.118457611505;15146.118457611505;14521.81548604474;359;14521.81548604474;2762.8834;252.4220572888662;Evaluated;9.8935;0.6262;64;True;2;duplicate_for_same_parent_sequence
58;2;30;2;diversification;4;1f9ac4d7b853;reinsert_block;;;;;;;20;24;16;;;;;True;False;False;False;;ok;16382.232955522404;15146.118457611505;15146.118457611505;14521.81548604474;360;14521.81548604474;2769.5866;1236.1144979108994;Evaluated;6.0733;0.6272;64;True;1;
58;2;30;3;diversification;4;1f9ac4d7b853;swap;32;37;;;;;;;;;;;;True;False;False;False;;ok;15676.247307703807;15146.118457611505;15146.118457611505;14521.81548604474;361;14521.81548604474;2779.5629;530.128850092302;Evaluated;9.3483;0.6249;64;True;2;duplicate_for_same_parent_sequence
58;2;30;4;diversification;4;1f9ac4d7b853;move;;;58;49;;;;;;;;;;True;False;False;False;;ok;15151.208538690387;15146.118457611505;15146.118457611505;14521.81548604474;362;14521.81548604474;2785.8922;5.0900810788825765;Evaluated;5.6998;0.6285;64;True;1;
58;2;30;5;diversification;4;1f9ac4d7b853;move;;;15;20;;;;;;;;;;True;False;False;False;;ok;15208.36401247561;15146.118457611505;15146.118457611505;14521.81548604474;363;14521.81548604474;2792.1455;62.24555486410463;Evaluated;5.6237;0.6267;64;True;1;
58;2;30;6;diversification;4;1f9ac4d7b853;move;;;40;35;;;;;;;;;;True;False;False;False;;ok;15552.569809614934;15146.118457611505;15146.118457611505;14521.81548604474;364;14521.81548604474;2798.4995;406.45135200342884;Evaluated;5.7184;0.6243;64;True;1;
58;2;30;7;diversification;4;1f9ac4d7b853;move;;;38;25;;;;;;;;;;True;False;False;True;;ok;15971.084960517555;15146.118457611505;15146.118457611505;14521.81548604474;365;14521.81548604474;2808.5362;824.9665029060507;Evaluated;9.4049;0.6285;64;True;2;duplicate_for_same_parent_sequence
58;2;30;8;diversification;4;1f9ac4d7b853;move;;;30;8;;;;;;;;;;True;False;False;True;;ok;15663.912027566064;15146.118457611505;15146.118457611505;14521.81548604474;366;14521.81548604474;2818.4868;517.7935699545596;Evaluated;9.3198;0.6273;64;True;2;duplicate_for_same_parent_sequence
58;2;30;9;diversification;4;1f9ac4d7b853;move;;;25;30;;;;;;;;;;True;False;False;False;;ok;15985.92010218323;15146.118457611505;15146.118457611505;14521.81548604474;367;14521.81548604474;2824.8704;839.8016445717258;Evaluated;5.7556;0.6244;64;True;1;
58;2;30;10;diversification;4;1f9ac4d7b853;move;;;50;42;;;;;;;;;;True;False;False;False;;ok;15472.206056003577;15146.118457611505;15146.118457611505;14521.81548604474;368;14521.81548604474;2831.1335;326.0875983920723;Evaluated;5.6349;0.6263;64;True;1;
58;2;30;;diversification;5;;;;;;;;;;;;;;;;;;;;;End-of-iteration summary row;;;15146.118457611505;14521.81548604474;368;14521.81548604474;2831.1374;;IterationSummary;;;;;;
59;2;31;1;diversification;5;1f9ac4d7b853;move;;;3;20;;;;;;;;;;True;False;False;True;;ok;16413.051550808523;15146.118457611505;15146.118457611505;14521.81548604474;369;14521.81548604474;2841.6921;1266.933093197018;Evaluated;9.9182;0.6281;64;True;2;duplicate_for_same_parent_sequence
59;2;31;2;diversification;5;1f9ac4d7b853;move;;;28;35;;;;;;;;;;True;False;False;False;;ok;15698.118339914106;15146.118457611505;15146.118457611505;14521.81548604474;370;14521.81548604474;2852.3515;551.9998823026017;Evaluated;10.0303;0.6265;64;True;2;duplicate_for_same_parent_sequence
59;2;31;3;diversification;5;1f9ac4d7b853;swap;35;45;;;;;;;;;;;;True;False;False;False;;ok;15300.281909406727;15146.118457611505;15146.118457611505;14521.81548604474;371;14521.81548604474;2862.6856;154.1634517952225;Evaluated;9.7043;0.6271;64;True;2;duplicate_for_same_parent_sequence
59;2;31;4;diversification;5;1f9ac4d7b853;move;;;60;58;;;;;;;;;;True;False;False;False;;ok;14952.118981868769;15146.118457611505;15146.118457611505;14521.81548604474;372;14521.81548604474;2872.7367;-193.99947574273574;EvaluatedImprovementDespiteDiversificationMismatch;9.4205;0.6274;64;True;2;duplicate_for_same_parent_sequence
59;2;31;5;diversification;5;1f9ac4d7b853;move;;;50;18;;;;;;;;;;True;False;False;True;;ok;15551.024491949804;15146.118457611505;15146.118457611505;14521.81548604474;373;14521.81548604474;2879.0938;404.9060343382989;Evaluated;5.7271;0.6272;64;True;1;
59;2;31;6;diversification;5;1f9ac4d7b853;move;;;52;30;;;;;;;;;;True;False;False;True;;ok;15484.948045732675;15146.118457611505;15146.118457611505;14521.81548604474;374;14521.81548604474;2885.2201;338.8295881211707;Evaluated;5.4975;0.6255;64;True;1;
59;2;31;7;diversification;5;1f9ac4d7b853;move;;;18;4;;;;;;;;;;True;False;False;True;;ok;16346.539943661015;15146.118457611505;15146.118457611505;14521.81548604474;375;14521.81548604474;2895.3459;1200.4214860495103;Evaluated;9.4962;0.627;64;True;2;duplicate_for_same_parent_sequence
59;2;31;8;diversification;5;1f9ac4d7b853;move;;;18;20;;;;;;;;;;True;False;False;False;;ok;15533.229401716068;15146.118457611505;15146.118457611505;14521.81548604474;376;14521.81548604474;2901.6836;387.1109441045628;Evaluated;5.7072;0.6272;64;True;1;
59;2;31;9;diversification;5;1f9ac4d7b853;move;;;40;17;;;;;;;;;;True;False;False;True;;ok;15327.579222342898;15146.118457611505;15146.118457611505;14521.81548604474;377;14521.81548604474;2911.7035;181.46076473139328;Evaluated;9.3898;0.6265;64;True;2;duplicate_for_same_parent_sequence
59;2;31;10;diversification;5;1f9ac4d7b853;swap;42;47;;;;;;;;;;;;True;False;False;False;;ok;15364.244545100832;15146.118457611505;15146.118457611505;14521.81548604474;378;14521.81548604474;2921.4619;218.1260874893269;Evaluated;9.1297;0.6261;64;True;2;duplicate_for_same_parent_sequence
59;2;31;;diversification;0;;;;;;;;;;;;;;;;;;;;;End-of-iteration summary row;;;14952.118981868769;14521.81548604474;378;14521.81548604474;2921.4774;;IterationSummary;;;;;;
60;2;32;1;normal;0;7cad3a970a14;move;;;10;5;;;;;;;;;;True;False;False;False;;ok;16158.808400231315;14952.118981868769;14952.118981868769;14521.81548604474;379;14521.81548604474;2928.1453;1206.6894183625463;Evaluated;6.0347;0.6243;64;True;1;
60;2;32;2;normal;0;7cad3a970a14;swap;17;20;;;;;;;;;;;;True;False;False;False;;ok;14952.16751492825;14952.118981868769;14952.118981868769;14521.81548604474;380;14521.81548604474;2934.6955;0.048533059480178053;Evaluated;5.9197;0.6273;64;True;1;
60;2;32;3;normal;0;7cad3a970a14;reinsert_block;;;;;;;35;42;18;;;;;True;False;False;True;;ok;16226.546249808882;14952.118981868769;14952.118981868769;14521.81548604474;381;14521.81548604474;2941.1921;1274.4272679401129;Evaluated;5.8699;0.6258;64;True;1;
60;2;32;4;normal;0;7cad3a970a14;move;;;52;49;;;;;;;;;;True;False;False;False;;ok;14951.297936179022;14952.118981868769;14952.118981868769;14521.81548604474;382;14521.81548604474;2947.4503;-0.8210456897468248;Evaluated;5.629;0.6264;64;True;1;
60;2;32;5;normal;0;7cad3a970a14;move;;;30;45;;;;;;;;;;True;False;False;True;;ok;15345.70389809297;14952.118981868769;14952.118981868769;14521.81548604474;383;14521.81548604474;2954.0708;393.58491622420115;Evaluated;5.9939;0.626;64;True;1;
60;2;32;;normal;0;;;;;;;;;;;;;;;;;;;;;End-of-iteration summary row;;;14951.297936179022;14521.81548604474;383;14521.81548604474;2954.0857;;IterationSummary;;;;;;
61;2;33;1;normal;0;b41d975cb502;move;;;10;5;;;;;;;;;;True;False;False;False;;ok;16742.37579007017;14951.297936179022;14951.297936179022;14521.81548604474;384;14521.81548604474;2960.8984;1791.077853891149;Evaluated;6.1781;0.6281;64;True;1;
61;2;33;2;normal;0;b41d975cb502;swap;18;20;;;;;;;;;;;;True;False;False;False;;ok;15331.938195652046;14951.297936179022;14951.297936179022;14521.81548604474;385;14521.81548604474;2967.1891;380.64025947302434;Evaluated;5.6618;0.6259;64;True;1;
61;2;33;3;normal;0;b41d975cb502;reinsert_block;;;;;;;35;40;25;;;;;True;False;False;True;;ok;16494.73428441621;14951.297936179022;14951.297936179022;14521.81548604474;386;14521.81548604474;2974.0255;1543.4363482371864;Evaluated;6.2069;0.6258;64;True;1;
61;2;33;4;normal;0;b41d975cb502;move;;;58;49;;;;;;;;;;True;False;False;False;;ok;15143.276086247353;14951.297936179022;14951.297936179022;14521.81548604474;387;14521.81548604474;2980.2557;191.97815006833116;Evaluated;5.6007;0.6266;64;True;1;
61;2;33;5;normal;0;b41d975cb502;move;;;20;15;;;;;;;;;;True;False;False;False;;ok;14958.97181702318;14951.297936179022;14951.297936179022;14521.81548604474;388;14521.81548604474;2986.4172;7.6738808441587025;Evaluated;5.5316;0.6261;64;True;1;
61;2;33;;normal;1;;;;;;;;;;;;;;;;;;;;;End-of-iteration summary row;;;14951.297936179022;14521.81548604474;388;14521.81548604474;2986.4178;;IterationSummary;;;;;;
62;2;34;1;normal;1;b41d975cb502;move;;;8;3;;;;;;;;;;True;False;False;False;;ok;16734.804056161116;14951.297936179022;14951.297936179022;14521.81548604474;389;14521.81548604474;2996.9055;1783.5061199820939;Evaluated;9.8572;0.6253;64;True;2;duplicate_for_same_parent_sequence
62;2;34;2;normal;1;b41d975cb502;swap;30;31;;;;;;;;;;;;True;False;False;False;;ok;15737.453663712686;14951.297936179022;14951.297936179022;14521.81548604474;390;14521.81548604474;3007.171;786.1557275336636;Evaluated;9.6374;0.6244;64;True;2;duplicate_for_same_parent_sequence
62;2;34;3;normal;1;b41d975cb502;move;;;18;25;;;;;;;;;;True;False;False;False;;ok;15803.52079646825;14951.297936179022;14951.297936179022;14521.81548604474;391;14521.81548604474;3017.4687;852.2228602892283;Evaluated;9.6668;0.6283;64;True;2;duplicate_for_same_parent_sequence
62;2;34;4;normal;1;b41d975cb502;move;;;52;49;;;;;;;;;;True;False;False;False;;ok;15361.159325639215;14951.297936179022;14951.297936179022;14521.81548604474;392;14521.81548604474;3024.0612;409.8613894601931;Evaluated;5.9617;0.6281;64;True;1;
62;2;34;5;normal;1;b41d975cb502;move;;;28;35;;;;;;;;;;True;False;False;False;;ok;16075.259678001252;14951.297936179022;14951.297936179022;14521.81548604474;393;14521.81548604474;3030.3191;1123.9617418222297;Evaluated;5.628;0.6272;64;True;1;
62;2;34;;normal;2;;;;;;;;;;;;;;;;;;;;;End-of-iteration summary row;;;14951.297936179022;14521.81548604474;393;14521.81548604474;3030.322;;IterationSummary;;;;;;
63;2;35;1;normal;2;b41d975cb502;move;;;8;3;;;;;;;;;;False;True;False;;;ok;;14951.297936179022;14951.297936179022;14521.81548604474;393;14521.81548604474;3043.6919;;DuplicateForSameParentSequenceAfterRetries;13.3533;;;;3;duplicate_for_same_parent_sequence
63;2;35;2;normal;2;b41d975cb502;swap;20;21;;;;;;;;;;;;True;False;False;False;;ok;14958.421132066384;14951.297936179022;14951.297936179022;14521.81548604474;394;14521.81548604474;3050.2675;7.123195887361362;Evaluated;5.9472;0.6272;64;True;1;
63;2;35;3;normal;2;b41d975cb502;move;;;38;32;;;;;;;;;;True;False;False;False;;ok;15748.29149286401;14951.297936179022;14951.297936179022;14521.81548604474;395;14521.81548604474;3060.6984;796.9935566849872;Evaluated;9.8027;0.6249;64;True;2;duplicate_for_same_parent_sequence
63;2;35;4;normal;2;b41d975cb502;move;;;52;48;;;;;;;;;;True;False;False;False;;ok;15930.791278055578;14951.297936179022;14951.297936179022;14521.81548604474;396;14521.81548604474;3066.9882;979.4933418765559;Evaluated;5.6567;0.63;64;True;1;
63;2;35;5;normal;2;b41d975cb502;move;;;45;30;;;;;;;;;;True;False;False;True;;ok;15919.59296200949;14951.297936179022;14951.297936179022;14521.81548604474;397;14521.81548604474;3072.9417;968.2950258304681;Evaluated;5.323;0.6268;64;True;1;
63;2;35;;normal;3;;;;;;;;;;;;;;;;;;;;;End-of-iteration summary row;;;14951.297936179022;14521.81548604474;397;14521.81548604474;3072.945;;IterationSummary;;;;;;
64;2;36;1;diversification;3;b41d975cb502;move;;;17;5;;;;;;;;;;True;False;False;True;;ok;16562.04155897233;14951.297936179022;14951.297936179022;14521.81548604474;398;14521.81548604474;3083.198;1610.7436227933085;Evaluated;9.6114;0.626;64;True;2;duplicate_for_same_parent_sequence
64;2;36;2;diversification;3;b41d975cb502;reinsert_block;;;;;;;20;25;32;;;;;True;False;False;False;;ok;15792.762841064874;14951.297936179022;14951.297936179022;14521.81548604474;399;14521.81548604474;3090.2653;841.4649048858519;Evaluated;6.4381;0.6254;64;True;1;
64;2;36;3;diversification;3;b41d975cb502;swap;35;40;;;;;;;;;;;;True;False;False;False;;ok;15563.441172847712;14951.297936179022;14951.297936179022;14521.81548604474;400;14521.81548604474;3096.8618;612.1432366686895;Evaluated;5.9669;0.628;64;True;1;
64;2;36;4;diversification;3;b41d975cb502;move;;;50;48;;;;;;;;;;True;False;False;False;;ok;14954.932636365571;14951.297936179022;14951.297936179022;14521.81548604474;401;14521.81548604474;3103.1786;3.6347001865487982;Evaluated;5.686;0.627;64;True;1;
64;2;36;5;diversification;3;b41d975cb502;move;;;25;35;;;;;;;;;;True;False;False;True;;ok;16372.472935272033;14951.297936179022;14951.297936179022;14521.81548604474;402;14521.81548604474;3113.4587;1421.1749990930111;Evaluated;9.6502;0.6272;64;True;2;duplicate_for_same_parent_sequence
64;2;36;6;diversification;3;b41d975cb502;move;;;15;20;;;;;;;;;;True;False;False;False;;ok;15007.072806411588;14951.297936179022;14951.297936179022;14521.81548604474;403;14521.81548604474;3119.782;55.77487023256617;Evaluated;5.6947;0.626;64;True;1;
64;2;36;7;diversification;3;b41d975cb502;move;;;50;45;;;;;;;;;;True;False;False;False;;ok;15092.75246663906;14951.297936179022;14951.297936179022;14521.81548604474;404;14521.81548604474;3125.9906;141.45453046003786;Evaluated;5.579;0.6264;64;True;1;
64;2;36;8;diversification;3;b41d975cb502;move;;;8;4;;;;;;;;;;True;False;False;False;;ok;16734.804056161116;14951.297936179022;14951.297936179022;14521.81548604474;405;14521.81548604474;3135.6203;1783.5061199820939;Evaluated;9.0009;0.6269;64;True;2;duplicate_for_same_parent_sequence
64;2;36;9;diversification;3;b41d975cb502;move;;;25;30;;;;;;;;;;True;False;False;False;;ok;16371.714375283414;14951.297936179022;14951.297936179022;14521.81548604474;406;14521.81548604474;3141.9315;1420.4164391043923;Evaluated;5.6825;0.6246;64;True;1;
64;2;36;10;diversification;3;b41d975cb502;move;;;30;10;;;;;;;;;;True;False;False;True;;ok;15089.60184466253;14951.297936179022;14951.297936179022;14521.81548604474;407;14521.81548604474;3155.4414;138.30390848350726;Evaluated;12.8847;0.6239;64;True;3;duplicate_for_same_parent_sequence
64;2;36;;diversification;4;;;;;;;;;;;;;;;;;;;;;End-of-iteration summary row;;;14951.297936179022;14521.81548604474;407;14521.81548604474;3155.4422;;IterationSummary;;;;;;
65;2;37;1;diversification;4;b41d975cb502;move;;;10;25;;;;;;;;;;True;False;False;True;;ok;15488.021493506716;14951.297936179022;14951.297936179022;14521.81548604474;408;14521.81548604474;3162.2399;536.7235573276939;Evaluated;6.1635;0.6268;64;True;1;
65;2;37;2;diversification;4;b41d975cb502;reinsert_block;;;;;;;20;24;32;;;;;True;False;False;True;;ok;16352.677094726883;14951.297936179022;14951.297936179022;14521.81548604474;409;14521.81548604474;3176.8458;1401.3791585478612;Evaluated;13.9775;0.6255;64;True;3;duplicate_for_same_parent_sequence
65;2;37;3;diversification;4;b41d975cb502;swap;32;40;;;;;;;;;;;;True;False;False;False;;ok;14951.297936179022;14951.297936179022;14951.297936179022;14521.81548604474;410;14521.81548604474;3183.2048;0.0;Evaluated;5.7285;0.6273;64;True;1;
65;2;37;4;diversification;4;b41d975cb502;move;;;60;58;;;;;;;;;;True;False;False;False;;ok;15151.670339699778;14951.297936179022;14951.297936179022;14521.81548604474;411;14521.81548604474;3193.2177;200.37240352075605;Evaluated;9.3825;0.6277;64;True;2;duplicate_for_same_parent_sequence
65;2;37;5;diversification;4;b41d975cb502;swap;3;7;;;;;;;;;;;;True;False;False;False;;ok;17333.977095613252;14951.297936179022;14951.297936179022;14521.81548604474;412;14521.81548604474;3203.1132;2382.6791594342303;Evaluated;9.2671;0.6257;64;True;2;duplicate_for_same_parent_sequence
65;2;37;6;diversification;4;b41d975cb502;move;;;50;47;;;;;;;;;;True;False;False;False;;ok;14954.932636365571;14951.297936179022;14951.297936179022;14521.81548604474;413;14521.81548604474;3209.4175;3.6347001865487982;Evaluated;5.6748;0.6277;64;True;1;
65;2;37;7;diversification;4;b41d975cb502;move;;;40;35;;;;;;;;;;True;False;False;False;;ok;15354.022858077498;14951.297936179022;14951.297936179022;14521.81548604474;414;14521.81548604474;3215.6454;402.72492189847617;Evaluated;5.601;0.626;64;True;1;
65;2;37;8;diversification;4;b41d975cb502;move;;;15;8;;;;;;;;;;True;False;False;False;;ok;16507.549086036484;14951.297936179022;14951.297936179022;14521.81548604474;415;14521.81548604474;3221.8999;1556.2511498574622;Evaluated;5.6246;0.6271;64;True;1;
65;2;37;9;diversification;4;b41d975cb502;move;;;24;10;;;;;;;;;;True;False;False;True;;ok;16556.274756731378;14951.297936179022;14951.297936179022;14521.81548604474;416;14521.81548604474;3232.1557;1604.976820552356;Evaluated;9.627;0.626;64;True;2;duplicate_for_same_parent_sequence
65;2;37;10;diversification;4;b41d975cb502;move;;;50;40;;;;;;;;;;True;False;False;True;;ok;15224.831494802562;14951.297936179022;14951.297936179022;14521.81548604474;417;14521.81548604474;3238.2706;273.53355862353965;Evaluated;5.4839;0.6287;64;True;1;
65;2;37;;diversification;5;;;;;;;;;;;;;;;;;;;;;End-of-iteration summary row;;;14951.297936179022;14521.81548604474;417;14521.81548604474;3238.2741;;IterationSummary;;;;;;
66;2;38;1;diversification;5;b41d975cb502;move;;;20;5;;;;;;;;;;True;False;False;True;;ok;16922.25246978988;14951.297936179022;14951.297936179022;14521.81548604474;418;14521.81548604474;3244.9807;1970.9545336108586;Evaluated;6.074;0.6251;64;True;1;
66;2;38;2;diversification;5;b41d975cb502;reinsert_block;;;;;;;18;23;5;;;;;True;False;False;True;;ok;16468.810976298828;14951.297936179022;14951.297936179022;14521.81548604474;419;14521.81548604474;3251.6845;1517.5130401198057;Evaluated;6.071;0.63;64;True;1;
66;2;38;3;diversification;5;b41d975cb502;swap;32;47;;;;;;;;;;;;True;False;False;True;;ok;14975.608567251242;14951.297936179022;14951.297936179022;14521.81548604474;420;14521.81548604474;3262.027;24.31063107221962;Evaluated;9.7172;0.6227;64;True;2;duplicate_for_same_parent_sequence
66;2;38;4;diversification;5;b41d975cb502;move;;;48;52;;;;;;;;;;True;False;False;False;;ok;15758.71631878157;14951.297936179022;14951.297936179022;14521.81548604474;421;14521.81548604474;3268.3246;807.4183826025474;Evaluated;5.6721;0.6248;64;True;1;
66;2;38;5;diversification;5;b41d975cb502;move;;;18;30;;;;;;;;;;True;False;False;True;;ok;16003.726933438435;14951.297936179022;14951.297936179022;14521.81548604474;422;14521.81548604474;3274.6851;1052.4289972594124;Evaluated;5.7327;0.6271;64;True;1;
66;2;38;6;diversification;5;b41d975cb502;move;;;50;25;;;;;;;;;;True;False;False;True;;ok;15773.173198506387;14951.297936179022;14951.297936179022;14521.81548604474;423;14521.81548604474;3280.9652;821.8752623273649;Evaluated;5.6496;0.6272;64;True;1;
66;2;38;7;diversification;5;b41d975cb502;move;;;30;15;;;;;;;;;;True;False;False;True;;ok;15031.228736835254;14951.297936179022;14951.297936179022;14521.81548604474;424;14521.81548604474;3287.527;79.93080065623144;Evaluated;5.9306;0.6282;64;True;1;
66;2;38;8;diversification;5;b41d975cb502;move;;;30;8;;;;;;;;;;True;False;False;True;;ok;16049.516724100746;14951.297936179022;14951.297936179022;14521.81548604474;425;14521.81548604474;3297.4479;1098.2187879217236;Evaluated;9.2924;0.6259;64;True;2;duplicate_for_same_parent_sequence
66;2;38;9;diversification;5;b41d975cb502;swap;40;41;;;;;;;;;;;;True;False;False;False;;ok;14951.297936179022;14951.297936179022;14951.297936179022;14521.81548604474;426;14521.81548604474;3308.0125;0.0;Evaluated;9.935;0.6264;64;True;2;duplicate_for_same_parent_sequence
66;2;38;10;diversification;5;b41d975cb502;swap;52;56;;;;;;;;;;;;True;False;False;False;;ok;15029.44872913916;14951.297936179022;14951.297936179022;14521.81548604474;427;14521.81548604474;3318.1215;78.15079296013755;Evaluated;9.4779;0.6283;64;True;2;duplicate_for_same_parent_sequence
66;2;38;;diversification;6;;;;;;;;;;;;;;;;;;;;;End-of-iteration summary row;;;14951.297936179022;14521.81548604474;427;14521.81548604474;3318.1245;;IterationSummary;;;;;;
67;2;39;1;diversification;6;b41d975cb502;move;;;18;3;;;;;;;;;;True;False;False;True;;ok;16145.248737596994;14951.297936179022;14951.297936179022;14521.81548604474;428;14521.81548604474;3328.7343;1193.950801417972;Evaluated;9.9737;0.6246;64;True;2;duplicate_for_same_parent_sequence
67;2;39;2;diversification;6;b41d975cb502;reinsert_block;;;;;;;20;23;5;;;;;True;False;False;True;;ok;16216.592288340968;14951.297936179022;14951.297936179022;14521.81548604474;429;14521.81548604474;3335.4471;1265.2943521619454;Evaluated;6.0838;0.6261;64;True;1;
67;2;39;3;diversification;6;b41d975cb502;swap;32;47;;;;;;;;;;;;False;True;False;;;ok;;14951.297936179022;14951.297936179022;14521.81548604474;429;14521.81548604474;3348.5978;;DuplicateForSameParentSequenceAfterRetries;13.1486;;;;3;duplicate_for_same_parent_sequence
67;2;39;4;diversification;6;b41d975cb502;move;;;60;30;;;;;;;;;;True;False;False;True;;ok;15595.722541260584;14951.297936179022;14951.297936179022;14521.81548604474;430;14521.81548604474;3358.8278;644.4246050815618;Evaluated;9.6042;0.6248;64;True;2;duplicate_for_same_parent_sequence
67;2;39;5;diversification;6;b41d975cb502;swap;25;30;;;;;;;;;;;;True;False;False;False;;ok;14965.074643234604;14951.297936179022;14951.297936179022;14521.81548604474;431;14521.81548604474;3372.5731;13.776707055581937;Evaluated;13.1132;0.6291;64;True;3;duplicate_for_same_parent_sequence
67;2;39;6;diversification;6;b41d975cb502;move;;;45;32;;;;;;;;;;True;False;False;True;;ok;15946.837317995714;14951.297936179022;14951.297936179022;14521.81548604474;432;14521.81548604474;3379.0142;995.5393818166922;Evaluated;5.8117;0.6266;64;True;1;
67;2;39;7;diversification;6;b41d975cb502;move;;;48;10;;;;;;;;;;True;False;False;True;;ok;16615.167338614363;14951.297936179022;14951.297936179022;14521.81548604474;433;14521.81548604474;3388.8767;1663.8694024353408;Evaluated;9.2302;0.6297;64;True;2;duplicate_for_same_parent_sequence
67;2;39;8;diversification;6;b41d975cb502;move;;;25;10;;;;;;;;;;True;False;False;True;;ok;16500.072852580714;14951.297936179022;14951.297936179022;14521.81548604474;434;14521.81548604474;3402.4503;1548.7749164016914;Evaluated;12.9421;0.6285;64;True;3;duplicate_for_same_parent_sequence
67;2;39;9;diversification;6;b41d975cb502;move;;;35;45;;;;;;;;;;True;False;False;True;;ok;15757.738788005543;14951.297936179022;14951.297936179022;14521.81548604474;435;14521.81548604474;3412.4699;806.4408518265209;Evaluated;9.3901;0.6264;64;True;2;duplicate_for_same_parent_sequence
67;2;39;10;diversification;6;b41d975cb502;swap;52;56;;;;;;;;;;;;False;True;False;;;ok;;14951.297936179022;14951.297936179022;14521.81548604474;435;14521.81548604474;3425.7616;;DuplicateForSameParentSequenceAfterRetries;13.2889;;;;3;duplicate_for_same_parent_sequence
67;2;39;;diversification;7;;;;;;;;;;;;;;;;;;;;;End-of-iteration summary row;;;14951.297936179022;14521.81548604474;435;14521.81548604474;3425.7627;;IterationSummary;;;;;;
68;2;40;1;diversification;7;b41d975cb502;move;;;20;5;;;;;;;;;;False;True;False;;;ok;;14951.297936179022;14951.297936179022;14521.81548604474;435;14521.81548604474;3439.5202;;DuplicateForSameParentSequenceAfterRetries;13.7488;;;;3;duplicate_for_same_parent_sequence
68;2;40;2;diversification;7;b41d975cb502;move;;;28;17;;;;;;;;;;True;False;False;True;;ok;15973.964384801433;14951.297936179022;14951.297936179022;14521.81548604474;436;14521.81548604474;3450.3249;1022.6664486224108;Evaluated;10.1784;0.6254;64;True;2;duplicate_for_same_parent_sequence
68;2;40;3;diversification;7;b41d975cb502;swap;35;40;;;;;;;;;;;;False;True;False;;;ok;;14951.297936179022;14951.297936179022;14521.81548604474;436;14521.81548604474;3463.9255;;DuplicateForSameParentSequenceAfterRetries;13.5976;;;;3;duplicate_for_same_parent_sequence
68;2;40;4;diversification;7;b41d975cb502;move;;;27;35;;;;;;;;;;True;False;False;False;;ok;15573.912334778159;14951.297936179022;14951.297936179022;14521.81548604474;437;14521.81548604474;3473.9215;622.6143985991366;Evaluated;9.3697;0.6254;64;True;2;duplicate_for_same_parent_sequence
68;2;40;5;diversification;7;b41d975cb502;swap;15;20;;;;;;;;;;;;True;False;False;False;;ok;15011.131421201148;14951.297936179022;14951.297936179022;14521.81548604474;438;14521.81548604474;3480.3165;59.83348502212539;Evaluated;5.7659;0.6257;64;True;1;
68;2;40;6;diversification;7;b41d975cb502;move;;;50;32;;;;;;;;;;True;False;False;True;;ok;15450.610866422317;14951.297936179022;14951.297936179022;14521.81548604474;439;14521.81548604474;3486.6605;499.31293024329534;Evaluated;5.7158;0.6253;64;True;1;
68;2;40;7;diversification;7;b41d975cb502;move;;;50;30;;;;;;;;;;True;False;False;True;;ok;15780.002280052473;14951.297936179022;14951.297936179022;14521.81548604474;440;14521.81548604474;3492.83;828.7043438734509;Evaluated;5.5409;0.6262;64;True;1;
68;2;40;8;diversification;7;b41d975cb502;move;;;34;8;;;;;;;;;;True;False;False;True;;ok;16276.623309753471;14951.297936179022;14951.297936179022;14521.81548604474;441;14521.81548604474;3502.8211;1325.3253735744493;Evaluated;9.3605;0.6272;64;True;2;duplicate_for_same_parent_sequence
68;2;40;9;diversification;7;b41d975cb502;move;;;28;30;;;;;;;;;;True;False;False;False;;ok;14956.256204174268;14951.297936179022;14951.297936179022;14521.81548604474;442;14521.81548604474;3509.0318;4.958267995245478;Evaluated;5.5827;0.6248;64;True;1;
68;2;40;10;diversification;7;b41d975cb502;swap;42;50;;;;;;;;;;;;True;False;False;False;;ok;14955.426434948105;14951.297936179022;14951.297936179022;14521.81548604474;443;14521.81548604474;3515.2886;4.128498769083308;Evaluated;5.6256;0.6304;64;True;1;
68;2;40;;diversification;8;;;;;;;;;;;;;;;;;;;;;End-of-iteration summary row;;;14951.297936179022;14521.81548604474;443;14521.81548604474;3515.2918;;IterationSummary;;;;;;
69;2;41;1;diversification;8;b41d975cb502;move;;;10;3;;;;;;;;;;True;False;False;False;;ok;17087.13445851096;14951.297936179022;14951.297936179022;14521.81548604474;444;14521.81548604474;3525.6274;2135.836522331936;Evaluated;9.6997;0.6257;64;True;2;duplicate_for_same_parent_sequence
69;2;41;2;diversification;8;b41d975cb502;reinsert_block;;;;;;;18;24;35;;;;;True;False;False;True;;ok;15699.863768625593;14951.297936179022;14951.297936179022;14521.81548604474;445;14521.81548604474;3532.2775;748.5658324465712;Evaluated;6.0191;0.6272;64;True;1;
69;2;41;3;diversification;8;b41d975cb502;swap;40;50;;;;;;;;;;;;True;False;False;False;;ok;15221.135057129826;14951.297936179022;14951.297936179022;14521.81548604474;446;14521.81548604474;3538.6223;269.8371209508041;Evaluated;5.7157;0.6268;64;True;1;
69;2;41;4;diversification;8;b41d975cb502;move;;;27;3;;;;;;;;;;True;False;False;True;;ok;16252.48015639147;14951.297936179022;14951.297936179022;14521.81548604474;447;14521.81548604474;3548.8782;1301.1822202124476;Evaluated;9.6272;0.6256;64;True;2;duplicate_for_same_parent_sequence
69;2;41;5;diversification;8;b41d975cb502;swap;35;48;;;;;;;;;;;;True;False;False;True;;ok;14951.297936179022;14951.297936179022;14951.297936179022;14521.81548604474;448;14521.81548604474;3558.9087;0.0;Evaluated;9.3998;0.6275;64;True;2;duplicate_for_same_parent_sequence
69;2;41;6;diversification;8;b41d975cb502;move;;;25;40;;;;;;;;;;True;False;False;True;;ok;15931.547012085392;14951.297936179022;14951.297936179022;14521.81548604474;449;14521.81548604474;3565.5684;980.2490759063694;Evaluated;6.0266;0.6296;64;True;1;
69;2;41;7;diversification;8;b41d975cb502;move;;;40;15;;;;;;;;;;True;False;False;True;;ok;15412.566180173288;14951.297936179022;14951.297936179022;14521.81548604474;450;14521.81548604474;3575.4257;461.2682439942655;Evaluated;9.2283;0.626;64;True;2;duplicate_for_same_parent_sequence
69;2;41;8;diversification;8;b41d975cb502;move;;;18;32;;;;;;;;;;True;False;False;True;;ok;16000.95812762837;14951.297936179022;14951.297936179022;14521.81548604474;451;14521.81548604474;3581.7297;1049.6601914493476;Evaluated;5.6771;0.6262;64;True;1;
69;2;41;9;diversification;8;b41d975cb502;move;;;28;32;;;;;;;;;;True;False;False;False;;ok;14958.073564778886;14951.297936179022;14951.297936179022;14521.81548604474;452;14521.81548604474;3595.6445;6.775628599863921;Evaluated;13.2836;0.6292;64;True;3;duplicate_for_same_parent_sequence
69;2;41;10;diversification;8;b41d975cb502;move;;;50;42;;;;;;;;;;True;False;False;False;;ok;15745.872409852485;14951.297936179022;14951.297936179022;14521.81548604474;453;14521.81548604474;3602.3277;794.5744736734632;Evaluated;6.0537;0.6276;64;True;1;
69;2;41;;diversification;9;;;;;;;;;;;;;;;;;;;;;End-of-iteration summary row;;;14951.297936179022;14521.81548604474;453;14521.81548604474;3602.3322;;IterationSummary;;;;;;
70;2;42;1;diversification;9;b41d975cb502;move;;;25;45;;;;;;;;;;True;False;False;True;;ok;16716.118198945314;14951.297936179022;14951.297936179022;14521.81548604474;454;14521.81548604474;3612.5639;1764.8202627662922;Evaluated;9.5908;0.6265;64;True;2;duplicate_for_same_parent_sequence
70;2;42;2;diversification;9;b41d975cb502;reinsert_block;;;;;;;18;24;35;;;;;False;True;False;;;ok;;14951.297936179022;14951.297936179022;14521.81548604474;454;14521.81548604474;3627.0338;;DuplicateForSameParentSequenceAfterRetries;14.4668;;;;3;duplicate_for_same_parent_sequence
70;2;42;3;diversification;9;b41d975cb502;swap;35;42;;;;;;;;;;;;True;False;False;False;;ok;15849.61280034631;14951.297936179022;14951.297936179022;14521.81548604474;455;14521.81548604474;3633.6511;898.3148641672888;Evaluated;5.9886;0.6276;64;True;1;
70;2;42;4;diversification;9;b41d975cb502;move;;;52;40;;;;;;;;;;True;False;False;True;;ok;15261.826732383;14951.297936179022;14951.297936179022;14521.81548604474;456;14521.81548604474;3643.6355;310.52879620397835;Evaluated;9.3543;0.627;64;True;2;duplicate_for_same_parent_sequence
70;2;42;5;diversification;9;b41d975cb502;swap;25;40;;;;;;;;;;;;True;False;False;True;;ok;15508.111009588254;14951.297936179022;14951.297936179022;14521.81548604474;457;14521.81548604474;3653.8447;556.813073409232;Evaluated;9.5802;0.6262;64;True;2;duplicate_for_same_parent_sequence
70;2;42;6;diversification;9;b41d975cb502;move;;;20;45;;;;;;;;;;True;False;False;True;;ok;16740.076335251484;14951.297936179022;14951.297936179022;14521.81548604474;458;14521.81548604474;3667.6288;1788.778399072462;Evaluated;13.154;0.6265;64;True;3;duplicate_for_same_parent_sequence
70;2;42;7;diversification;9;b41d975cb502;move;;;30;45;;;;;;;;;;True;False;False;True;;ok;15345.70389809297;14951.297936179022;14951.297936179022;14521.81548604474;459;14521.81548604474;3677.6128;394.405961913948;Evaluated;9.3549;0.6259;64;True;2;duplicate_for_same_parent_sequence
70;2;42;8;diversification;9;b41d975cb502;reinsert_block;;;;;;;8;13;24;;;;;True;False;False;True;;ok;15834.819385858147;14951.297936179022;14951.297936179022;14521.81548604474;460;14521.81548604474;3687.9848;883.521449679125;Evaluated;9.7418;0.6269;64;True;2;duplicate_for_same_parent_sequence
70;2;42;9;diversification;9;b41d975cb502;move;;;28;15;;;;;;;;;;True;False;False;True;;ok;15974.072676142372;14951.297936179022;14951.297936179022;14521.81548604474;461;14521.81548604474;3698.2706;1022.7747399633499;Evaluated;9.6575;0.6252;64;True;2;duplicate_for_same_parent_sequence
70;2;42;10;diversification;9;b41d975cb502;move;;;50;38;;;;;;;;;;True;False;False;True;;ok;15936.74208143047;14951.297936179022;14951.297936179022;14521.81548604474;462;14521.81548604474;3708.3317;985.4441452514475;Evaluated;9.434;0.6239;64;True;2;duplicate_for_same_parent_sequence
70;3;0;;diversification;0;;;;;;;;;;;;;;;;;;;;;End-of-iteration summary row;;;16625.423888583944;14521.81548604474;463;14521.81548604474;3708.9693;;IterationSummary;;;;;;
71;3;1;1;normal;0;0f63cf6f404e;move;;;10;5;;;;;;;;;;True;False;False;False;;ok;15632.208925194025;16625.423888583944;16625.423888583944;14521.81548604474;464;14521.81548604474;3715.276;-993.2149633899189;Evaluated;5.6725;0.6276;64;True;1;
71;3;1;2;normal;0;0f63cf6f404e;swap;18;30;;;;;;;;;;;;True;False;False;True;;ok;17097.38465652701;16625.423888583944;16625.423888583944;14521.81548604474;465;14521.81548604474;3721.4951;471.96076794306646;Evaluated;5.591;0.6253;64;True;1;
71;3;1;3;normal;0;0f63cf6f404e;reinsert_block;;;;;;;34;39;28;;;;;True;False;False;False;;ok;17018.01403410625;16625.423888583944;16625.423888583944;14521.81548604474;466;14521.81548604474;3728.19;392.59014552230656;Evaluated;6.0662;0.6257;64;True;1;
71;3;1;4;normal;0;0f63cf6f404e;move;;;50;38;;;;;;;;;;True;False;False;True;;ok;16528.85228358731;16625.423888583944;16625.423888583944;14521.81548604474;467;14521.81548604474;3734.1742;-96.57160499663587;Evaluated;5.3542;0.6273;64;True;1;
71;3;1;5;normal;0;0f63cf6f404e;move;;;15;30;;;;;;;;;;True;False;False;True;;ok;17547.101992361444;16625.423888583944;16625.423888583944;14521.81548604474;468;14521.81548604474;3739.989;921.6781037774999;Evaluated;5.1857;0.6263;64;True;1;
71;3;1;;normal;0;;;;;;;;;;;;;;;;;;;;;End-of-iteration summary row;;;15632.208925194025;14521.81548604474;468;14521.81548604474;3740.0094;;IterationSummary;;;;;;
72;3;2;1;normal;0;457c4bc75f95;move;;;8;15;;;;;;;;;;True;False;False;False;;ok;15624.69623675153;15632.208925194025;15632.208925194025;14521.81548604474;469;14521.81548604474;3746.8888;-7.512688442495346;Evaluated;6.2459;0.6259;64;True;1;
72;3;2;2;normal;0;457c4bc75f95;swap;16;30;;;;;;;;;;;;True;False;False;True;;ok;18519.835229606182;15632.208925194025;15632.208925194025;14521.81548604474;470;14521.81548604474;3753.2998;2887.626304412157;Evaluated;5.5889;0.8191;64;True;1;
72;3;2;3;normal;0;457c4bc75f95;reinsert_block;;;;;;;35;40;28;;;;;True;False;False;False;;ok;16721.816169469654;15632.208925194025;15632.208925194025;14521.81548604474;471;14521.81548604474;3759.6813;1089.6072442756285;Evaluated;5.7504;0.6285;64;True;1;
72;3;2;4;normal;0;457c4bc75f95;move;;;50;38;;;;;;;;;;True;False;False;True;;ok;16061.437952965902;15632.208925194025;15632.208925194025;14521.81548604474;472;14521.81548604474;3765.9016;429.22902777187664;Evaluated;5.5899;0.6277;64;True;1;
72;3;2;5;normal;0;457c4bc75f95;move;;;20;45;;;;;;;;;;True;False;False;True;;ok;17158.073427732008;15632.208925194025;15632.208925194025;14521.81548604474;473;14521.81548604474;3772.0929;1525.8645025379828;Evaluated;5.5612;0.6272;64;True;1;
72;3;2;;normal;0;;;;;;;;;;;;;;;;;;;;;End-of-iteration summary row;;;15624.69623675153;14521.81548604474;473;14521.81548604474;3772.1094;;IterationSummary;;;;;;
73;3;3;1;normal;0;1a34f1b2903a;move;;;10;5;;;;;;;;;;True;False;False;False;;ok;15692.07799931349;15624.69623675153;15624.69623675153;14521.81548604474;474;14521.81548604474;3779.1443;67.38176256195948;Evaluated;6.4022;0.6256;64;True;1;
73;3;3;2;normal;0;1a34f1b2903a;swap;18;20;;;;;;;;;;;;True;False;False;False;;ok;17359.830264730153;15624.69623675153;15624.69623675153;14521.81548604474;475;14521.81548604474;3785.3435;1735.1340279786236;Evaluated;5.5707;0.6253;64;True;1;
73;3;3;3;normal;0;1a34f1b2903a;reinsert_block;;;;;;;35;40;28;;;;;True;False;False;False;;ok;16712.24879375354;15624.69623675153;15624.69623675153;14521.81548604474;476;14521.81548604474;3791.9331;1087.5525570020109;Evaluated;5.9588;0.6281;64;True;1;
73;3;3;4;normal;0;1a34f1b2903a;move;;;50;42;;;;;;;;;;True;False;False;False;;ok;15793.462098569385;15624.69623675153;15624.69623675153;14521.81548604474;477;14521.81548604474;3798.1256;168.7658618178557;Evaluated;5.5649;0.6248;64;True;1;
73;3;3;5;normal;0;1a34f1b2903a;move;;;15;30;;;;;;;;;;True;False;False;True;;ok;15621.02964704655;15624.69623675153;15624.69623675153;14521.81548604474;478;14521.81548604474;3804.2689;-3.6665897049806517;Evaluated;5.5108;0.6299;64;True;1;
73;3;3;;normal;0;;;;;;;;;;;;;;;;;;;;;End-of-iteration summary row;;;15621.02964704655;14521.81548604474;478;14521.81548604474;3804.2858;;IterationSummary;;;;;;
74;3;4;1;normal;0;ec20eb731985;move;;;5;10;;;;;;;;;;True;False;False;False;;ok;17547.33173976282;15621.02964704655;15621.02964704655;14521.81548604474;479;14521.81548604474;3811.2179;1926.3020927162706;Evaluated;6.2974;0.6272;64;True;1;
74;3;4;2;normal;0;ec20eb731985;swap;16;20;;;;;;;;;;;;True;False;False;False;;ok;18057.532567955557;15621.02964704655;15621.02964704655;14521.81548604474;480;14521.81548604474;3817.5771;2436.502920909008;Evaluated;5.7273;0.6292;64;True;1;
74;3;4;3;normal;0;ec20eb731985;reinsert_block;;;;;;;35;40;28;;;;;True;False;False;False;;ok;16549.975951342698;15621.02964704655;15621.02964704655;14521.81548604474;481;14521.81548604474;3824.2786;928.9463042961488;Evaluated;6.0695;0.6292;64;True;1;
74;3;4;4;normal;0;ec20eb731985;move;;;50;48;;;;;;;;;;True;False;False;False;;ok;15634.679370781743;15621.02964704655;15621.02964704655;14521.81548604474;482;14521.81548604474;3830.5009;13.64972373519413;Evaluated;5.5921;0.6271;64;True;1;
74;3;4;5;normal;0;ec20eb731985;move;;;8;15;;;;;;;;;;True;False;False;False;;ok;17279.942194959956;15621.02964704655;15621.02964704655;14521.81548604474;483;14521.81548604474;3836.6997;1658.9125479134073;Evaluated;5.5669;0.6296;64;True;1;
74;3;4;;normal;1;;;;;;;;;;;;;;;;;;;;;End-of-iteration summary row;;;15621.02964704655;14521.81548604474;483;14521.81548604474;3836.7024;;IterationSummary;;;;;;
75;3;5;1;normal;1;ec20eb731985;move;;;10;5;;;;;;;;;;True;False;False;False;;ok;16675.690516437557;15621.02964704655;15621.02964704655;14521.81548604474;484;14521.81548604474;3843.1597;1054.6608693910075;Evaluated;5.8167;0.6276;64;True;1;
75;3;5;2;normal;1;ec20eb731985;swap;18;20;;;;;;;;;;;;True;False;False;False;;ok;17558.227755960033;15621.02964704655;15621.02964704655;14521.81548604474;485;14521.81548604474;3849.7432;1937.1981089134842;Evaluated;5.9552;0.6276;64;True;1;
75;3;5;3;normal;1;ec20eb731985;move;;;17;25;;;;;;;;;;True;False;False;False;;ok;17344.912007085353;15621.02964704655;15621.02964704655;14521.81548604474;486;14521.81548604474;3859.769;1723.882360038804;Evaluated;9.3962;0.6266;64;True;2;duplicate_for_same_parent_sequence
75;3;5;4;normal;1;ec20eb731985;move;;;48;50;;;;;;;;;;True;False;False;False;;ok;15620.786944918958;15621.02964704655;15621.02964704655;14521.81548604474;487;14521.81548604474;3866.3368;-0.24270212759074639;Evaluated;5.9392;0.6253;64;True;1;
75;3;5;5;normal;1;ec20eb731985;move;;;30;18;;;;;;;;;;True;False;False;True;;ok;15624.664325705458;15621.02964704655;15621.02964704655;14521.81548604474;488;14521.81548604474;3872.7912;3.6346786589092517;Evaluated;5.8255;0.6258;64;True;1;
75;3;5;;normal;0;;;;;;;;;;;;;;;;;;;;;End-of-iteration summary row;;;15620.786944918958;14521.81548604474;488;14521.81548604474;3872.7984;;IterationSummary;;;;;;
76;3;6;1;normal;0;c12fa51879d5;move;;;6;10;;;;;;;;;;True;False;False;False;;ok;17626.831990639606;15620.786944918958;15620.786944918958;14521.81548604474;489;14521.81548604474;3879.3568;2006.045045720648;Evaluated;5.923;0.6268;64;True;1;
76;3;6;2;normal;0;c12fa51879d5;swap;19;25;;;;;;;;;;;;True;False;False;False;;ok;16786.21217134192;15620.786944918958;15620.786944918958;14521.81548604474;490;14521.81548604474;3885.6197;1165.42522642296;Evaluated;5.6307;0.6293;64;True;1;
76;3;6;3;normal;0;c12fa51879d5;reinsert_block;;;;;;;35;40;28;;;;;True;False;False;False;;ok;16100.855117895733;15620.786944918958;15620.786944918958;14521.81548604474;491;14521.81548604474;3892.298;480.0681729767748;Evaluated;6.0507;0.6249;64;True;1;
76;3;6;4;normal;0;c12fa51879d5;move;;;50;48;;;;;;;;;;True;False;False;False;;ok;15621.02964704655;15620.786944918958;15620.786944918958;14521.81548604474;492;14521.81548604474;3898.5006;0.24270212759074639;Evaluated;5.5734;0.6259;64;True;1;
76;3;6;5;normal;0;c12fa51879d5;move;;;48;50;;;;;;;;;;True;False;False;False;;ok;15634.679370781743;15620.786944918958;15620.786944918958;14521.81548604474;493;14521.81548604474;3904.6766;13.892425862784876;Evaluated;5.5441;0.6276;64;True;1;
76;3;6;;normal;1;;;;;;;;;;;;;;;;;;;;;End-of-iteration summary row;;;15620.786944918958;14521.81548604474;493;14521.81548604474;3904.6801;;IterationSummary;;;;;;
77;3;7;1;normal;1;c12fa51879d5;move;;;10;5;;;;;;;;;;True;False;False;False;;ok;16222.986103554662;15620.786944918958;15620.786944918958;14521.81548604474;494;14521.81548604474;3911.1348;602.1991586357035;Evaluated;5.822;0.6248;64;True;1;
77;3;7;2;normal;1;c12fa51879d5;swap;20;25;;;;;;;;;;;;True;False;False;False;;ok;16169.977388778732;15620.786944918958;15620.786944918958;14521.81548604474;495;14521.81548604474;3917.3865;549.190443859774;Evaluated;5.6213;0.6275;64;True;1;
77;3;7;3;normal;1;c12fa51879d5;move;;;36;18;;;;;;;;;;True;False;False;True;;ok;16872.401913616057;15620.786944918958;15620.786944918958;14521.81548604474;496;14521.81548604474;3927.7131;1251.6149686970984;Evaluated;9.6973;0.6261;64;True;2;duplicate_for_same_parent_sequence
77;3;7;4;normal;1;c12fa51879d5;move;;;25;19;;;;;;;;;;True;False;False;False;;ok;16707.027003434014;15620.786944918958;15620.786944918958;14521.81548604474;497;14521.81548604474;3938.0185;1086.2400585150554;Evaluated;9.6753;0.6269;64;True;2;duplicate_for_same_parent_sequence
77;3;7;5;normal;1;c12fa51879d5;move;;;30;18;;;;;;;;;;True;False;False;True;;ok;15624.421623577868;15620.786944918958;15620.786944918958;14521.81548604474;498;14521.81548604474;3944.5365;3.6346786589092517;Evaluated;5.8886;0.6261;64;True;1;
77;3;7;;normal;2;;;;;;;;;;;;;;;;;;;;;End-of-iteration summary row;;;15620.786944918958;14521.81548604474;498;14521.81548604474;3944.5398;;IterationSummary;;;;;;
78;3;8;1;normal;2;c12fa51879d5;move;;;8;3;;;;;;;;;;True;False;False;False;;ok;17460.20803436597;15620.786944918958;15620.786944918958;14521.81548604474;499;14521.81548604474;3954.883;1839.4210894470107;Evaluated;9.7073;0.6253;64;True;2;duplicate_for_same_parent_sequence
78;3;8;2;normal;2;c12fa51879d5;swap;20;31;;;;;;;;;;;;True;False;False;False;;ok;16632.247002856042;15620.786944918958;15620.786944918958;14521.81548604474;500;14521.81548604474;3961.383;1011.4600579370835;Evaluated;5.8698;0.6272;64;True;1;
78;3;8;3;normal;2;c12fa51879d5;move;;;19;15;;;;;;;;;;True;False;False;False;;ok;16779.208414922712;15620.786944918958;15620.786944918958;14521.81548604474;501;14521.81548604474;3972.1265;1158.4214700037537;Evaluated;10.1145;0.6255;64;True;2;duplicate_for_same_parent_sequence
78;3;8;4;normal;2;c12fa51879d5;move;;;61;52;;;;;;;;;;True;False;False;False;;ok;16157.521299369882;15620.786944918958;15620.786944918958;14521.81548604474;502;14521.81548604474;3982.1309;536.734354450924;Evaluated;9.3747;0.6265;64;True;2;duplicate_for_same_parent_sequence
78;3;8;5;normal;2;c12fa51879d5;move;;;50;49;;;;;;;;;;True;False;False;False;;ok;15620.786944918958;15620.786944918958;15620.786944918958;14521.81548604474;503;14521.81548604474;3988.3746;0.0;Evaluated;5.6143;0.6262;64;True;1;
78;3;8;;normal;3;;;;;;;;;;;;;;;;;;;;;End-of-iteration summary row;;;15620.786944918958;14521.81548604474;503;14521.81548604474;3988.3778;;IterationSummary;;;;;;
79;3;9;1;diversification;3;c12fa51879d5;move;;;6;20;;;;;;;;;;True;False;False;True;;ok;17074.50928466077;15620.786944918958;15620.786944918958;14521.81548604474;504;14521.81548604474;3994.916;1453.722339741811;Evaluated;5.8971;0.6257;64;True;1;
79;3;9;2;diversification;3;c12fa51879d5;reinsert_block;;;;;;;25;30;18;;;;;True;False;False;False;;ok;16693.224201409597;15620.786944918958;15620.786944918958;14521.81548604474;505;14521.81548604474;4001.627;1072.437256490639;Evaluated;6.0795;0.6307;64;True;1;
79;3;9;3;diversification;3;c12fa51879d5;swap;34;52;;;;;;;;;;;;True;False;False;True;;ok;16684.393095657495;15620.786944918958;15620.786944918958;14521.81548604474;506;14521.81548604474;4007.6323;1063.6061507385366;Evaluated;5.375;0.627;64;True;1;
79;3;9;4;diversification;3;c12fa51879d5;move;;;51;49;;;;;;;;;;True;False;False;False;;ok;15607.958906110429;15620.786944918958;15620.786944918958;14521.81548604474;507;14521.81548604474;4013.9112;-12.828038808529527;EvaluatedImprovementDespiteDiversificationMismatch;5.6471;0.6287;64;True;1;
79;3;9;5;diversification;3;c12fa51879d5;move;;;15;30;;;;;;;;;;True;False;False;True;;ok;16075.547625621748;15620.786944918958;15620.786944918958;14521.81548604474;508;14521.81548604474;4020.2717;454.7606807027896;Evaluated;5.7323;0.6263;64;True;1;
79;3;9;6;diversification;3;c12fa51879d5;move;;;53;40;;;;;;;;;;True;False;False;True;;ok;16717.530852610493;15620.786944918958;15620.786944918958;14521.81548604474;509;14521.81548604474;4026.6371;1096.7439076915343;Evaluated;5.7375;0.6271;64;True;1;
79;3;9;7;diversification;3;c12fa51879d5;move;;;25;10;;;;;;;;;;True;False;False;True;;ok;17342.882488009698;15620.786944918958;15620.786944918958;14521.81548604474;510;14521.81548604474;4032.8577;1722.0955430907397;Evaluated;5.5914;0.6264;64;True;1;
79;3;9;8;diversification;3;c12fa51879d5;swap;20;30;;;;;;;;;;;;True;False;False;False;;ok;16639.43600974007;15620.786944918958;15620.786944918958;14521.81548604474;511;14521.81548604474;4042.9063;1018.6490648211129;Evaluated;9.4202;0.6257;64;True;2;duplicate_for_same_parent_sequence
79;3;9;9;diversification;3;c12fa51879d5;move;;;30;24;;;;;;;;;;True;False;False;False;;ok;15713.600601829587;15620.786944918958;15620.786944918958;14521.81548604474;512;14521.81548604474;4052.9121;92.8136569106282;Evaluated;9.3762;0.6268;64;True;2;duplicate_for_same_parent_sequence
79;3;9;10;diversification;3;c12fa51879d5;move;;;45;30;;;;;;;;;;True;False;False;True;;ok;16726.958803284797;15620.786944918958;15620.786944918958;14521.81548604474;513;14521.81548604474;4059.5502;1106.1718583658385;Evaluated;6.006;0.6287;64;True;1;
79;3;9;;diversification;0;;;;;;;;;;;;;;;;;;;;;End-of-iteration summary row;;;15607.958906110429;14521.81548604474;513;14521.81548604474;4059.5584;;IterationSummary;;;;;;
80;3;10;1;normal;0;0ed945340015;move;;;5;10;;;;;;;;;;True;False;False;False;;ok;17547.33173976282;15607.958906110429;15607.958906110429;14521.81548604474;514;14521.81548604474;4066.1306;1939.372833652391;Evaluated;5.9375;0.6266;64;True;1;
80;3;10;2;normal;0;0ed945340015;swap;20;30;;;;;;;;;;;;True;False;False;False;;ok;17092.27456438542;15607.958906110429;15607.958906110429;14521.81548604474;515;14521.81548604474;4072.3871;1484.3156582749925;Evaluated;5.6251;0.6286;64;True;1;
80;3;10;3;normal;0;0ed945340015;reinsert_block;;;;;;;35;40;28;;;;;True;False;False;False;;ok;16551.890079939214;15607.958906110429;15607.958906110429;14521.81548604474;516;14521.81548604474;4079.0251;943.9311738287852;Evaluated;6.0088;0.6259;64;True;1;
80;3;10;4;normal;0;0ed945340015;move;;;50;48;;;;;;;;;;True;False;False;False;;ok;15620.786944918958;15607.958906110429;15607.958906110429;14521.81548604474;517;14521.81548604474;4085.2085;12.828038808529527;Evaluated;5.5574;0.625;64;True;1;
80;3;10;5;normal;0;0ed945340015;move;;;40;15;;;;;;;;;;True;False;False;True;;ok;17739.1434917248;15607.958906110429;15607.958906110429;14521.81548604474;518;14521.81548604474;4091.3912;2131.184585614372;Evaluated;5.5525;0.6272;64;True;1;
80;3;10;;normal;1;;;;;;;;;;;;;;;;;;;;;End-of-iteration summary row;;;15607.958906110429;14521.81548604474;518;14521.81548604474;4091.3944;;IterationSummary;;;;;;
81;3;11;1;normal;1;0ed945340015;move;;;7;3;;;;;;;;;;True;False;False;False;;ok;17906.688624861898;15607.958906110429;15607.958906110429;14521.81548604474;519;14521.81548604474;4101.7417;2298.7297187514687;Evaluated;9.7087;0.6272;64;True;2;duplicate_for_same_parent_sequence
81;3;11;2;normal;1;0ed945340015;swap;18;24;;;;;;;;;;;;True;False;False;False;;ok;17347.374165325993;15607.958906110429;15607.958906110429;14521.81548604474;520;14521.81548604474;4108.3259;1739.4152592155642;Evaluated;5.9588;0.6246;64;True;1;
81;3;11;3;normal;1;0ed945340015;move;;;18;24;;;;;;;;;;True;False;False;False;;ok;17347.984710240977;15607.958906110429;15607.958906110429;14521.81548604474;521;14521.81548604474;4119.0756;1740.0258041305478;Evaluated;10.1187;0.6281;64;True;2;duplicate_for_same_parent_sequence
81;3;11;4;normal;1;0ed945340015;move;;;53;40;;;;;;;;;;True;False;False;True;;ok;16716.337788321784;15607.958906110429;15607.958906110429;14521.81548604474;522;14521.81548604474;4125.618;1108.3788822113547;Evaluated;5.9137;0.6256;64;True;1;
81;3;11;5;normal;1;0ed945340015;move;;;25;10;;;;;;;;;;True;False;False;True;;ok;17795.237001443402;15607.958906110429;15607.958906110429;14521.81548604474;523;14521.81548604474;4135.4593;2187.278095332973;Evaluated;9.2135;0.6248;64;True;2;duplicate_for_same_parent_sequence
81;3;11;;normal;2;;;;;;;;;;;;;;;;;;;;;End-of-iteration summary row;;;15607.958906110429;14521.81548604474;523;14521.81548604474;4135.4607;;IterationSummary;;;;;;
82;3;12;1;normal;2;0ed945340015;move;;;10;5;;;;;;;;;;True;False;False;False;;ok;16675.690521852594;15607.958906110429;15607.958906110429;14521.81548604474;524;14521.81548604474;4142.0295;1067.7316157421646;Evaluated;5.9316;0.6252;64;True;1;
82;3;12;2;normal;2;0ed945340015;swap;18;25;;;;;;;;;;;;True;False;False;False;;ok;15763.524664905228;15607.958906110429;15607.958906110429;14521.81548604474;525;14521.81548604474;4152.5709;155.56575879479897;Evaluated;9.9097;0.6308;64;True;2;duplicate_for_same_parent_sequence
82;3;12;3;normal;2;0ed945340015;move;;;32;40;;;;;;;;;;True;False;False;False;;ok;15919.254847940565;15607.958906110429;15607.958906110429;14521.81548604474;526;14521.81548604474;4163.1607;311.29594183013614;Evaluated;9.9615;0.6253;64;True;2;duplicate_for_same_parent_sequence
82;3;12;4;normal;2;0ed945340015;move;;;53;45;;;;;;;;;;True;False;False;False;;ok;16408.233056706868;15607.958906110429;15607.958906110429;14521.81548604474;527;14521.81548604474;4173.3393;800.2741505964386;Evaluated;9.548;0.6276;64;True;2;duplicate_for_same_parent_sequence
82;3;12;5;normal;2;0ed945340015;move;;;30;18;;;;;;;;;;True;False;False;True;;ok;15618.517573721601;15607.958906110429;15607.958906110429;14521.81548604474;528;14521.81548604474;4179.8496;10.558667611172496;Evaluated;5.8799;0.6264;64;True;1;
82;3;12;;normal;3;;;;;;;;;;;;;;;;;;;;;End-of-iteration summary row;;;15607.958906110429;14521.81548604474;528;14521.81548604474;4179.8527;;IterationSummary;;;;;;
83;3;13;1;diversification;3;0ed945340015;move;;;7;14;;;;;;;;;;True;False;False;False;;ok;17996.035862460074;15607.958906110429;15607.958906110429;14521.81548604474;529;14521.81548604474;4186.4124;2388.076956349645;Evaluated;5.919;0.6254;64;True;1;
83;3;13;2;diversification;3;0ed945340015;reinsert_block;;;;;;;16;23;40;;;;;True;False;False;True;;ok;15626.123558252326;15607.958906110429;15607.958906110429;14521.81548604474;530;14521.81548604474;4193.1849;18.164652141897022;Evaluated;6.1418;0.6272;64;True;1;
83;3;13;3;diversification;3;0ed945340015;swap;35;42;;;;;;;;;;;;True;False;False;False;;ok;15911.64518203233;15607.958906110429;15607.958906110429;14521.81548604474;531;14521.81548604474;4199.7163;303.68627592190023;Evaluated;5.9026;0.626;64;True;1;
83;3;13;4;diversification;3;0ed945340015;move;;;49;52;;;;;;;;;;True;False;False;False;;ok;15527.490159018162;15607.958906110429;15607.958906110429;14521.81548604474;532;14521.81548604474;4209.8107;-80.46874709226722;EvaluatedImprovementDespiteDiversificationMismatch;9.4676;0.625;64;True;2;duplicate_for_same_parent_sequence
83;3;13;5;diversification;3;0ed945340015;move;;;40;35;;;;;;;;;;True;False;False;False;;ok;15620.467526455934;15607.958906110429;15607.958906110429;14521.81548604474;533;14521.81548604474;4216.2173;12.508620345504823;Evaluated;5.7766;0.6266;64;True;1;
83;3;13;6;diversification;3;0ed945340015;move;;;42;35;;;;;;;;;;True;False;False;False;;ok;16537.389405436497;15607.958906110429;15607.958906110429;14521.81548604474;534;14521.81548604474;4222.4691;929.4304993260685;Evaluated;5.6217;0.6276;64;True;1;
83;3;13;7;diversification;3;0ed945340015;move;;;20;15;;;;;;;;;;True;False;False;False;;ok;18063.635308978217;15607.958906110429;15607.958906110429;14521.81548604474;535;14521.81548604474;4232.415;2455.676402867788;Evaluated;9.3181;0.6251;64;True;2;duplicate_for_same_parent_sequence
83;3;13;8;diversification;3;0ed945340015;move;;;43;38;;;;;;;;;;True;False;False;False;;ok;15414.354138991264;15607.958906110429;15607.958906110429;14521.81548604474;536;14521.81548604474;4242.3601;-193.60476711916453;EvaluatedImprovementDespiteDiversificationMismatch;9.3151;0.6293;64;True;2;duplicate_for_same_parent_sequence
83;3;13;9;diversification;3;0ed945340015;move;;;30;45;;;;;;;;;;True;False;False;True;;ok;15598.78135033588;15607.958906110429;15607.958906110429;14521.81548604474;537;14521.81548604474;4252.018;-9.177555774549546;Evaluated;9.0298;0.6249;64;True;2;duplicate_for_same_parent_sequence
83;3;13;10;diversification;3;0ed945340015;swap;42;47;;;;;;;;;;;;True;False;False;False;;ok;15983.495232758514;15607.958906110429;15607.958906110429;14521.81548604474;538;14521.81548604474;4262.024;375.5363266480854;Evaluated;9.3792;0.6249;64;True;2;duplicate_for_same_parent_sequence
83;3;13;;diversification;0;;;;;;;;;;;;;;;;;;;;;End-of-iteration summary row;;;15414.354138991264;14521.81548604474;538;14521.81548604474;4262.041;;IterationSummary;;;;;;
84;3;14;1;normal;0;122a7b82f97e;move;;;7;14;;;;;;;;;;True;False;False;False;;ok;17538.947046290617;15414.354138991264;15414.354138991264;14521.81548604474;539;14521.81548604474;4268.555;2124.592907299353;Evaluated;5.8797;0.6273;64;True;1;
84;3;14;2;normal;0;122a7b82f97e;swap;20;21;;;;;;;;;;;;True;False;False;False;;ok;16178.009341784875;15414.354138991264;15414.354138991264;14521.81548604474;540;14521.81548604474;4274.7837;763.6552027936104;Evaluated;5.5974;0.628;64;True;1;
84;3;14;3;normal;0;122a7b82f97e;reinsert_block;;;;;;;32;40;15;;;;;True;False;False;True;;ok;16881.838775010692;15414.354138991264;15414.354138991264;14521.81548604474;541;14521.81548604474;4281.4789;1467.4846360194279;Evaluated;6.0688;0.6239;64;True;1;
84;3;14;4;normal;0;122a7b82f97e;move;;;50;49;;;;;;;;;;True;False;False;False;;ok;15614.404916672584;15414.354138991264;15414.354138991264;14521.81548604474;542;14521.81548604474;4287.7468;200.05077768131923;Evaluated;5.6382;0.626;64;True;1;
84;3;14;5;normal;0;122a7b82f97e;move;;;25;30;;;;;;;;;;True;False;False;False;;ok;16659.503346210764;15414.354138991264;15414.354138991264;14521.81548604474;543;14521.81548604474;4293.9116;1245.1492072194997;Evaluated;5.5353;0.6263;64;True;1;
84;3;14;;normal;1;;;;;;;;;;;;;;;;;;;;;End-of-iteration summary row;;;15414.354138991264;14521.81548604474;543;14521.81548604474;4293.9145;;IterationSummary;;;;;;
85;3;15;1;normal;1;122a7b82f97e;move;;;14;20;;;;;;;;;;True;False;False;False;;ok;15800.149477316405;15414.354138991264;15414.354138991264;14521.81548604474;544;14521.81548604474;4300.5168;385.7953383251406;Evaluated;5.958;0.6294;64;True;1;
85;3;15;2;normal;1;122a7b82f97e;swap;35;40;;;;;;;;;;;;True;False;False;False;;ok;16438.919344210404;15414.354138991264;15414.354138991264;14521.81548604474;545;14521.81548604474;4310.7031;1024.56520521914;Evaluated;9.5552;0.6276;64;True;2;duplicate_for_same_parent_sequence
85;3;15;3;normal;1;122a7b82f97e;reinsert_block;;;;;;;32;36;15;;;;;True;False;False;True;;ok;16920.75582725262;15414.354138991264;15414.354138991264;14521.81548604474;546;14521.81548604474;4317.7704;1506.4016882613541;Evaluated;6.4373;0.6273;64;True;1;
85;3;15;4;normal;1;122a7b82f97e;move;;;53;40;;;;;;;;;;True;False;False;True;;ok;15871.188039894683;15414.354138991264;15414.354138991264;14521.81548604474;547;14521.81548604474;4324.411;456.8339009034189;Evaluated;6.01;0.6275;64;True;1;
85;3;15;5;normal;1;122a7b82f97e;move;;;20;15;;;;;;;;;;True;False;False;False;;ok;17609.224168216242;15414.354138991264;15414.354138991264;14521.81548604474;548;14521.81548604474;4330.6768;2194.8700292249778;Evaluated;5.6361;0.6265;64;True;1;
85;3;15;;normal;2;;;;;;;;;;;;;;;;;;;;;End-of-iteration summary row;;;15414.354138991264;14521.81548604474;548;14521.81548604474;4330.68;;IterationSummary;;;;;;
86;3;16;1;normal;2;122a7b82f97e;move;;;5;18;;;;;;;;;;True;False;False;True;;ok;17554.055113558832;15414.354138991264;15414.354138991264;14521.81548604474;549;14521.81548604474;4341.133;2139.7009745675678;Evaluated;9.81;0.6274;64;True;2;duplicate_for_same_parent_sequence
86;3;16;2;normal;2;122a7b82f97e;swap;18;25;;;;;;;;;;;;True;False;False;False;;ok;15542.462482588455;15414.354138991264;15414.354138991264;14521.81548604474;550;14521.81548604474;4351.6345;128.10834359719047;Evaluated;9.8702;0.6284;64;True;2;duplicate_for_same_parent_sequence
86;3;16;3;normal;2;122a7b82f97e;reinsert_block;;;;;;;35;40;20;;;;;True;False;False;True;;ok;16812.77844455896;15414.354138991264;15414.354138991264;14521.81548604474;551;14521.81548604474;4358.3121;1398.4243055676961;Evaluated;6.0506;0.6241;64;True;1;
86;3;16;4;normal;2;122a7b82f97e;move;;;30;18;;;;;;;;;;True;False;False;True;;ok;15618.483534793724;15414.354138991264;15414.354138991264;14521.81548604474;552;14521.81548604474;4368.6558;204.12939580245984;Evaluated;9.7161;0.6267;64;True;2;duplicate_for_same_parent_sequence
86;3;16;5;normal;2;122a7b82f97e;move;;;45;30;;;;;;;;;;True;False;False;True;;ok;17185.46895265987;15414.354138991264;15414.354138991264;14521.81548604474;553;14521.81548604474;4374.879;1771.114813668606;Evaluated;5.5923;0.6279;64;True;1;
86;3;16;;normal;3;;;;;;;;;;;;;;;;;;;;;End-of-iteration summary row;;;15414.354138991264;14521.81548604474;553;14521.81548604474;4374.8798;;IterationSummary;;;;;;
87;3;17;1;diversification;3;122a7b82f97e;move;;;5;10;;;;;;;;;;True;False;False;False;;ok;17088.869168931975;15414.354138991264;15414.354138991264;14521.81548604474;554;14521.81548604474;4381.5856;1674.5150299407105;Evaluated;6.0711;0.6273;64;True;1;
87;3;17;2;diversification;3;122a7b82f97e;reinsert_block;;;;;;;18;23;5;;;;;True;False;False;True;;ok;16893.22463401155;15414.354138991264;15414.354138991264;14521.81548604474;555;14521.81548604474;4388.2853;1478.8704950202846;Evaluated;6.068;0.6283;64;True;1;
87;3;17;3;diversification;3;122a7b82f97e;swap;37;42;;;;;;;;;;;;True;False;False;False;;ok;15877.599824529701;15414.354138991264;15414.354138991264;14521.81548604474;556;14521.81548604474;4398.5853;463.2456855384371;Evaluated;9.6694;0.6299;64;True;2;duplicate_for_same_parent_sequence
87;3;17;4;diversification;3;122a7b82f97e;move;;;50;48;;;;;;;;;;True;False;False;False;;ok;15614.058385530738;15414.354138991264;15414.354138991264;14521.81548604474;557;14521.81548604474;4404.6891;199.7042465394734;Evaluated;5.4755;0.6242;64;True;1;
87;3;17;5;diversification;3;122a7b82f97e;move;;;35;20;;;;;;;;;;True;False;False;True;;ok;16508.28656943109;15414.354138991264;15414.354138991264;14521.81548604474;558;14521.81548604474;4414.7619;1093.932430439825;Evaluated;9.4443;0.6267;64;True;2;duplicate_for_same_parent_sequence
87;3;17;6;diversification;3;122a7b82f97e;reinsert_block;;;;;;;45;51;32;;;;;True;False;False;True;;ok;17414.47580662284;15414.354138991264;15414.354138991264;14521.81548604474;559;14521.81548604474;4425.9784;2000.1216676315744;Evaluated;10.587;0.6266;64;True;2;duplicate_for_same_parent_sequence
87;3;17;7;diversification;3;122a7b82f97e;swap;4;8;;;;;;;;;;;;True;False;False;False;;ok;17505.79343954873;15414.354138991264;15414.354138991264;14521.81548604474;560;14521.81548604474;4435.8035;2091.439300557464;Evaluated;9.1958;0.6264;64;True;2;duplicate_for_same_parent_sequence
87;3;17;8;diversification;3;122a7b82f97e;move;;;15;20;;;;;;;;;;True;False;False;False;;ok;15953.50536878727;15414.354138991264;15414.354138991264;14521.81548604474;561;14521.81548604474;4442.1236;539.1512297960053;Evaluated;5.6886;0.628;64;True;1;
87;3;17;9;diversification;3;122a7b82f97e;move;;;14;25;;;;;;;;;;True;False;False;True;;ok;15610.98217475835;15414.354138991264;15414.354138991264;14521.81548604474;562;14521.81548604474;4452.1473;196.62803576708575;Evaluated;9.3971;0.624;64;True;2;duplicate_for_same_parent_sequence
87;3;17;10;diversification;3;122a7b82f97e;move;;;45;35;;;;;;;;;;True;False;False;True;;ok;16658.587303591306;15414.354138991264;15414.354138991264;14521.81548604474;563;14521.81548604474;4458.7963;1244.233164600042;Evaluated;6.0205;0.6278;64;True;1;
87;3;17;;diversification;4;;;;;;;;;;;;;;;;;;;;;End-of-iteration summary row;;;15414.354138991264;14521.81548604474;563;14521.81548604474;4458.8;;IterationSummary;;;;;;
88;3;18;1;diversification;4;122a7b82f97e;move;;;7;2;;;;;;;;;;True;False;False;False;;ok;17719.605976894873;15414.354138991264;15414.354138991264;14521.81548604474;564;14521.81548604474;4469.5899;2305.2518379036082;Evaluated;10.1496;0.6254;64;True;2;duplicate_for_same_parent_sequence
88;3;18;2;diversification;4;122a7b82f97e;move;;;20;4;;;;;;;;;;True;False;False;True;;ok;17179.55369755216;15414.354138991264;15414.354138991264;14521.81548604474;565;14521.81548604474;4479.8975;1765.1995585608965;Evaluated;9.6781;0.626;64;True;2;duplicate_for_same_parent_sequence
88;3;18;3;diversification;4;122a7b82f97e;swap;40;50;;;;;;;;;;;;True;False;False;False;;ok;15883.998496285833;15414.354138991264;15414.354138991264;14521.81548604474;566;14521.81548604474;4486.2666;469.6443572945682;Evaluated;5.7386;0.6273;64;True;1;
88;3;18;4;diversification;4;122a7b82f97e;move;;;53;49;;;;;;;;;;True;False;False;False;;ok;16245.030494835113;15414.354138991264;15414.354138991264;14521.81548604474;567;14521.81548604474;4499.7629;830.6763558438488;Evaluated;12.8675;0.6262;64;True;3;duplicate_for_same_parent_sequence
88;3;18;5;diversification;4;122a7b82f97e;move;;;25;10;;;;;;;;;;True;False;False;True;;ok;17335.72384269355;15414.354138991264;15414.354138991264;14521.81548604474;568;14521.81548604474;4506.1574;1921.3697037022866;Evaluated;5.7659;0.6259;64;True;1;
88;3;18;6;diversification;4;122a7b82f97e;reinsert_block;;;;;;;35;41;20;;;;;True;False;False;True;;ok;16809.56306757733;15414.354138991264;15414.354138991264;14521.81548604474;569;14521.81548604474;4513.3212;1395.2089285860638;Evaluated;6.5403;0.6227;64;True;1;
88;3;18;7;diversification;4;122a7b82f97e;move;;;25;40;;;;;;;;;;True;False;False;True;;ok;16740.414444473994;15414.354138991264;15414.354138991264;14521.81548604474;570;14521.81548604474;4519.6089;1326.0603054827297;Evaluated;5.6626;0.6244;64;True;1;
88;3;18;8;diversification;4;122a7b82f97e;move;;;30;40;;;;;;;;;;True;False;False;True;;ok;15770.447414236765;15414.354138991264;15414.354138991264;14521.81548604474;571;14521.81548604474;4530.2309;356.093275245501;Evaluated;9.9947;0.6237;64;True;2;duplicate_for_same_parent_sequence
88;3;18;9;diversification;4;122a7b82f97e;move;;;18;40;;;;;;;;;;True;False;False;True;;ok;16607.45806245532;15414.354138991264;15414.354138991264;14521.81548604474;572;14521.81548604474;4540.2522;1193.1039234640557;Evaluated;9.3911;0.6266;64;True;2;duplicate_for_same_parent_sequence
88;3;18;10;diversification;4;122a7b82f97e;move;;;45;32;;;;;;;;;;True;False;False;True;;ok;17340.260963408902;15414.354138991264;15414.354138991264;14521.81548604474;573;14521.81548604474;4546.6275;1925.9068244176378;Evaluated;5.7467;0.6254;64;True;1;
88;3;18;;diversification;5;;;;;;;;;;;;;;;;;;;;;End-of-iteration summary row;;;15414.354138991264;14521.81548604474;573;14521.81548604474;4546.6304;;IterationSummary;;;;;;
89;3;19;1;diversification;5;122a7b82f97e;move;;;5;20;;;;;;;;;;True;False;False;True;;ok;17093.718157924963;15414.354138991264;15414.354138991264;14521.81548604474;574;14521.81548604474;4553.3721;1679.3640189336984;Evaluated;6.1006;0.627;64;True;1;
89;3;19;2;diversification;5;122a7b82f97e;reinsert_block;;;;;;;25;30;40;;;;;True;False;False;True;;ok;16653.91190108084;15414.354138991264;15414.354138991264;14521.81548604474;575;14521.81548604474;4560.5485;1239.5577620895747;Evaluated;6.5464;0.6273;64;True;1;
89;3;19;3;diversification;5;122a7b82f97e;swap;32;47;;;;;;;;;;;;True;False;False;True;;ok;16666.351828134295;15414.354138991264;15414.354138991264;14521.81548604474;576;14521.81548604474;4570.703;1251.9976891430306;Evaluated;9.5238;0.628;64;True;2;duplicate_for_same_parent_sequence
89;3;19;4;diversification;5;122a7b82f97e;move;;;52;49;;;;;;;;;;True;False;False;False;;ok;15399.367636015446;15414.354138991264;15414.354138991264;14521.81548604474;577;14521.81548604474;4577.3407;-14.98650297581844;EvaluatedImprovementDespiteDiversificationMismatch;6.0059;0.6284;64;True;1;
89;3;19;5;diversification;5;122a7b82f97e;move;;;15;30;;;;;;;;;;True;False;False;True;;ok;16003.576515576377;15414.354138991264;15414.354138991264;14521.81548604474;578;14521.81548604474;4587.6497;589.2223765851122;Evaluated;9.6799;0.6267;64;True;2;duplicate_for_same_parent_sequence
89;3;19;6;diversification;5;122a7b82f97e;move;;;45;18;;;;;;;;;;True;False;False;True;;ok;17359.75125913716;15414.354138991264;15414.354138991264;14521.81548604474;579;14521.81548604474;4598.3399;1945.3971201458953;Evaluated;10.0592;0.6278;64;True;2;duplicate_for_same_parent_sequence
89;3;19;7;diversification;5;122a7b82f97e;move;;;53;20;;;;;;;;;;True;False;False;True;;ok;16637.63407186327;15414.354138991264;15414.354138991264;14521.81548604474;580;14521.81548604474;4604.6272;1223.2799328720066;Evaluated;5.6564;0.6282;64;True;1;
89;3;19;8;diversification;5;122a7b82f97e;move;;;30;8;;;;;;;;;;True;False;False;True;;ok;15625.025885036379;15414.354138991264;15414.354138991264;14521.81548604474;581;14521.81548604474;4614.5664;210.67174604511456;Evaluated;9.3117;0.6239;64;True;2;duplicate_for_same_parent_sequence
89;3;19;9;diversification;5;122a7b82f97e;move;;;25;45;;;;;;;;;;True;False;False;True;;ok;16027.872731121297;15414.354138991264;15414.354138991264;14521.81548604474;582;14521.81548604474;4628.2947;613.5185921300326;Evaluated;13.0991;0.6285;64;True;3;duplicate_for_same_parent_sequence
89;3;19;10;diversification;5;122a7b82f97e;swap;50;49;;;;;;;;;;;;True;False;False;False;;ok;15614.404916672584;15414.354138991264;15414.354138991264;14521.81548604474;583;14521.81548604474;4634.6703;200.05077768131923;Evaluated;5.7456;0.627;64;True;1;
89;3;19;;diversification;0;;;;;;;;;;;;;;;;;;;;;End-of-iteration summary row;;;15399.367636015446;14521.81548604474;583;14521.81548604474;4634.6865;;IterationSummary;;;;;;
90;3;20;1;normal;0;f6317be869b2;move;;;5;20;;;;;;;;;;True;False;False;True;;ok;16933.134729725396;15399.367636015446;15399.367636015446;14521.81548604474;584;14521.81548604474;4641.75;1533.7670937099501;Evaluated;6.4308;0.6261;64;True;1;
90;3;20;2;normal;0;f6317be869b2;swap;17;20;;;;;;;;;;;;True;False;False;False;;ok;17633.094438721426;15399.367636015446;15399.367636015446;14521.81548604474;585;14521.81548604474;4648.0316;2233.72680270598;Evaluated;5.655;0.624;64;True;1;
90;3;20;3;normal;0;f6317be869b2;reinsert_block;;;;;;;32;40;15;;;;;True;False;False;True;;ok;16736.8699345095;15399.367636015446;15399.367636015446;14521.81548604474;586;14521.81548604474;4654.669;1337.5022984940551;Evaluated;6.0079;0.6258;64;True;1;
90;3;20;4;normal;0;f6317be869b2;move;;;47;30;;;;;;;;;;True;False;False;True;;ok;16511.95307758829;15399.367636015446;15399.367636015446;14521.81548604474;587;14521.81548604474;4660.9698;1112.5854415728427;Evaluated;5.6689;0.6283;64;True;1;
90;3;20;5;normal;0;f6317be869b2;move;;;40;25;;;;;;;;;;True;False;False;True;;ok;16322.23764239692;15399.367636015446;15399.367636015446;14521.81548604474;588;14521.81548604474;4667.2003;922.870006381474;Evaluated;5.6012;0.6264;64;True;1;
90;3;20;;normal;1;;;;;;;;;;;;;;;;;;;;;End-of-iteration summary row;;;15399.367636015446;14521.81548604474;588;14521.81548604474;4667.2041;;IterationSummary;;;;;;
91;3;21;1;normal;1;f6317be869b2;move;;;8;3;;;;;;;;;;True;False;False;False;;ok;17301.575333979636;15399.367636015446;15399.367636015446;14521.81548604474;589;14521.81548604474;4673.8024;1902.2076979641897;Evaluated;5.9577;0.6258;64;True;1;
91;3;21;2;normal;1;f6317be869b2;swap;25;30;;;;;;;;;;;;True;False;False;False;;ok;16278.649121241187;15399.367636015446;15399.367636015446;14521.81548604474;590;14521.81548604474;4684.3652;879.2814852257416;Evaluated;9.9351;0.6269;64;True;2;duplicate_for_same_parent_sequence
91;3;21;3;normal;1;f6317be869b2;reinsert_block;;;;;;;35;40;18;;;;;True;False;False;True;;ok;15547.847600865682;15399.367636015446;15399.367636015446;14521.81548604474;591;14521.81548604474;4691.0428;148.47996485023577;Evaluated;6.0458;0.629;64;True;1;
91;3;21;4;normal;1;f6317be869b2;move;;;50;48;;;;;;;;;;True;False;False;False;;ok;15526.501434253818;15399.367636015446;15399.367636015446;14521.81548604474;592;14521.81548604474;4697.3865;127.13379823837204;Evaluated;5.7141;0.6268;64;True;1;
91;3;21;5;normal;1;f6317be869b2;move;;;50;20;;;;;;;;;;True;False;False;True;;ok;16310.053748318833;15399.367636015446;15399.367636015446;14521.81548604474;593;14521.81548604474;4703.6142;910.6861123033868;Evaluated;5.5985;0.6262;64;True;1;
91;3;21;;normal;2;;;;;;;;;;;;;;;;;;;;;End-of-iteration summary row;;;15399.367636015446;14521.81548604474;593;14521.81548604474;4703.617;;IterationSummary;;;;;;
92;3;22;1;normal;2;f6317be869b2;move;;;7;10;;;;;;;;;;True;False;False;False;;ok;15399.367636016306;15399.367636015446;15399.367636015446;14521.81548604474;594;14521.81548604474;4714.1744;8.603819878771901e-10;Evaluated;9.9168;0.6269;64;True;2;duplicate_for_same_parent_sequence
92;3;22;2;normal;2;f6317be869b2;swap;18;25;;;;;;;;;;;;True;False;False;False;;ok;15599.864280283435;15399.367636015446;15399.367636015446;14521.81548604474;595;14521.81548604474;4720.4164;200.4966442679888;Evaluated;5.6125;0.6266;64;True;1;
92;3;22;3;normal;2;f6317be869b2;reinsert_block;;;;;;;35;40;20;;;;;True;False;False;True;;ok;16663.456280345956;15399.367636015446;15399.367636015446;14521.81548604474;596;14521.81548604474;4727.5481;1264.0886443305099;Evaluated;6.5014;0.6277;64;True;1;
92;3;22;4;normal;2;f6317be869b2;move;;;48;55;;;;;;;;;;True;False;False;False;;ok;15998.513233777618;15399.367636015446;15399.367636015446;14521.81548604474;597;14521.81548604474;4733.7855;599.1455977621717;Evaluated;5.6069;0.6268;64;True;1;
92;3;22;5;normal;2;f6317be869b2;move;;;53;10;;;;;;;;;;True;False;False;True;;ok;17686.592926458445;15399.367636015446;15399.367636015446;14521.81548604474;598;14521.81548604474;4740.0131;2287.225290442999;Evaluated;5.5961;0.6276;64;True;1;
92;3;22;;normal;3;;;;;;;;;;;;;;;;;;;;;End-of-iteration summary row;;;15399.367636015446;14521.81548604474;598;14521.81548604474;4740.0153;;IterationSummary;;;;;;
93;3;23;1;diversification;3;f6317be869b2;move;;;7;20;;;;;;;;;;True;False;False;True;;ok;17379.207694865356;15399.367636015446;15399.367636015446;14521.81548604474;599;14521.81548604474;4746.6912;1979.8400588499098;Evaluated;6.0379;0.6267;64;True;1;
93;3;23;2;diversification;3;f6317be869b2;reinsert_block;;;;;;;20;25;16;;;;;True;False;False;False;;ok;17971.293786625978;15399.367636015446;15399.367636015446;14521.81548604474;600;14521.81548604474;4753.8467;2571.926150610532;Evaluated;6.5281;0.6245;64;True;1;
93;3;23;3;diversification;3;f6317be869b2;swap;35;40;;;;;;;;;;;;True;False;False;False;;ok;16289.965814238773;15399.367636015446;15399.367636015446;14521.81548604474;601;14521.81548604474;4760.2005;890.5981782233266;Evaluated;5.7239;0.6272;64;True;1;
93;3;23;4;diversification;3;f6317be869b2;move;;;50;20;;;;;;;;;;False;True;False;;;ok;;15399.367636015446;15399.367636015446;14521.81548604474;601;14521.81548604474;4773.6905;;DuplicateForSameParentSequenceAfterRetries;13.4873;;;;3;duplicate_for_same_parent_sequence
93;3;23;5;diversification;3;f6317be869b2;move;;;15;30;;;;;;;;;;True;False;False;True;;ok;15851.584750177763;15399.367636015446;15399.367636015446;14521.81548604474;602;14521.81548604474;4783.877;452.21711416231665;Evaluated;9.5621;0.6233;64;True;2;duplicate_for_same_parent_sequence
93;3;23;6;diversification;3;f6317be869b2;move;;;30;18;;;;;;;;;;True;False;False;True;;ok;15470.200761390523;15399.367636015446;15399.367636015446;14521.81548604474;603;14521.81548604474;4794.1365;70.83312537507663;Evaluated;9.6341;0.6247;64;True;2;duplicate_for_same_parent_sequence
93;3;23;7;diversification;3;f6317be869b2;move;;;20;35;;;;;;;;;;True;False;False;True;;ok;16473.73095731168;15399.367636015446;15399.367636015446;14521.81548604474;604;14521.81548604474;4800.3588;1074.363321296234;Evaluated;5.5958;0.624;64;True;1;
93;3;23;8;diversification;3;f6317be869b2;move;;;18;25;;;;;;;;;;True;False;False;False;;ok;16733.69974703697;15399.367636015446;15399.367636015446;14521.81548604474;605;14521.81548604474;4806.6202;1334.3321110215256;Evaluated;5.6363;0.6244;64;True;1;
93;3;23;9;diversification;3;f6317be869b2;move;;;28;15;;;;;;;;;;True;False;False;True;;ok;17449.152205542032;15399.367636015446;15399.367636015446;14521.81548604474;606;14521.81548604474;4812.9645;2049.784569526586;Evaluated;5.7168;0.6268;64;True;1;
93;3;23;10;diversification;3;f6317be869b2;swap;48;53;;;;;;;;;;;;True;False;False;False;;ok;16690.390871791016;15399.367636015446;15399.367636015446;14521.81548604474;607;14521.81548604474;4823.1804;1291.0232357755704;Evaluated;9.5882;0.6268;64;True;2;duplicate_for_same_parent_sequence
93;3;23;;diversification;4;;;;;;;;;;;;;;;;;;;;;End-of-iteration summary row;;;15399.367636015446;14521.81548604474;607;14521.81548604474;4823.184;;IterationSummary;;;;;;
94;3;24;1;diversification;4;f6317be869b2;move;;;30;10;;;;;;;;;;True;False;False;True;;ok;15470.085535927963;15399.367636015446;15399.367636015446;14521.81548604474;608;14521.81548604474;4833.722;70.71789991251717;Evaluated;9.897;0.6287;64;True;2;duplicate_for_same_parent_sequence
94;3;24;2;diversification;4;f6317be869b2;move;;;30;45;;;;;;;;;;True;False;False;True;;ok;15776.621591848538;15399.367636015446;15399.367636015446;14521.81548604474;609;14521.81548604474;4844.2111;377.2539558330918;Evaluated;9.8599;0.6264;64;True;2;duplicate_for_same_parent_sequence
94;3;24;3;diversification;4;f6317be869b2;swap;32;47;;;;;;;;;;;;True;False;False;True;;ok;16518.16506191422;15399.367636015446;15399.367636015446;14521.81548604474;610;14521.81548604474;4850.5612;1118.7974258987742;Evaluated;5.7191;0.6285;64;True;1;
94;3;24;4;diversification;4;f6317be869b2;move;;;49;32;;;;;;;;;;True;False;False;True;;ok;16014.158811688236;15399.367636015446;15399.367636015446;14521.81548604474;611;14521.81548604474;4860.5535;614.7911756727899;Evaluated;9.3604;0.6285;64;True;2;duplicate_for_same_parent_sequence
94;3;24;5;diversification;4;f6317be869b2;move;;;4;20;;;;;;;;;;True;False;False;True;;ok;17137.40614755964;15399.367636015446;15399.367636015446;14521.81548604474;612;14521.81548604474;4866.6747;1738.0385115441932;Evaluated;5.4886;0.6292;64;True;1;
94;3;24;6;diversification;4;f6317be869b2;move;;;45;28;;;;;;;;;;True;False;False;True;;ok;16665.544517706985;15399.367636015446;15399.367636015446;14521.81548604474;613;14521.81548604474;4880.5851;1266.1768816915392;Evaluated;13.2822;0.6254;64;True;3;duplicate_for_same_parent_sequence
94;3;24;7;diversification;4;f6317be869b2;move;;;50;28;;;;;;;;;;True;False;False;True;;ok;15889.361387460878;15399.367636015446;15399.367636015446;14521.81548604474;614;14521.81548604474;4886.9089;489.9937514454323;Evaluated;5.6961;0.6247;64;True;1;
94;3;24;8;diversification;4;f6317be869b2;move;;;8;15;;;;;;;;;;True;False;False;False;;ok;16667.56263670922;15399.367636015446;15399.367636015446;14521.81548604474;615;14521.81548604474;4893.4132;1268.1950006937732;Evaluated;5.8748;0.6267;64;True;1;
94;3;24;9;diversification;4;f6317be869b2;move;;;25;40;;;;;;;;;;True;False;False;True;;ok;16595.91104050643;15399.367636015446;15399.367636015446;14521.81548604474;616;14521.81548604474;4907.1692;1196.5434044909853;Evaluated;13.1281;0.6248;64;True;3;duplicate_for_same_parent_sequence
94;3;24;10;diversification;4;f6317be869b2;move;;;45;30;;;;;;;;;;True;False;False;True;;ok;17031.147371250005;15399.367636015446;15399.367636015446;14521.81548604474;617;14521.81548604474;4913.8212;1631.7797352345588;Evaluated;6.0206;0.6284;64;True;1;
94;3;24;;diversification;5;;;;;;;;;;;;;;;;;;;;;End-of-iteration summary row;;;15399.367636015446;14521.81548604474;617;14521.81548604474;4913.8242;;IterationSummary;;;;;;
95;3;25;1;diversification;5;f6317be869b2;move;;;50;10;;;;;;;;;;True;False;False;True;;ok;17155.865829935836;15399.367636015446;15399.367636015446;14521.81548604474;618;14521.81548604474;4920.6699;1756.49819392039;Evaluated;6.2043;0.6256;64;True;1;
95;3;25;2;diversification;5;f6317be869b2;reinsert_block;;;;;;;18;25;40;;;;;True;False;False;True;;ok;15549.068770649916;15399.367636015446;15399.367636015446;14521.81548604474;619;14521.81548604474;4927.3909;149.70113463446978;Evaluated;6.0876;0.6303;64;True;1;
95;3;25;3;diversification;5;f6317be869b2;swap;32;47;;;;;;;;;;;;False;True;False;;;ok;;15399.367636015446;15399.367636015446;14521.81548604474;619;14521.81548604474;4940.5371;;DuplicateForSameParentSequenceAfterRetries;13.1428;;;;3;duplicate_for_same_parent_sequence
95;3;25;4;diversification;5;f6317be869b2;move;;;51;20;;;;;;;;;;True;False;False;True;;ok;16247.160624532382;15399.367636015446;15399.367636015446;14521.81548604474;620;14521.81548604474;4946.7876;847.792988516936;Evaluated;5.6225;0.6269;64;True;1;
95;3;25;5;diversification;5;f6317be869b2;move;;;40;5;;;;;;;;;;True;False;False;True;;ok;15463.621491496955;15399.367636015446;15399.367636015446;14521.81548604474;621;14521.81548604474;4953.0863;64.25385548150916;Evaluated;5.6676;0.6278;64;True;1;
95;3;25;6;diversification;5;f6317be869b2;move;;;45;20;;;;;;;;;;True;False;False;True;;ok;16661.343175811213;15399.367636015446;15399.367636015446;14521.81548604474;622;14521.81548604474;4959.3827;1261.975539795767;Evaluated;5.6671;0.6274;64;True;1;
95;3;25;7;diversification;5;f6317be869b2;move;;;14;28;;;;;;;;;;True;False;False;True;;ok;15789.810691945582;15399.367636015446;15399.367636015446;14521.81548604474;623;14521.81548604474;4965.6617;390.4430559301363;Evaluated;5.6491;0.627;64;True;1;
95;3;25;8;diversification;5;f6317be869b2;move;;;20;15;;;;;;;;;;True;False;False;False;;ok;17458.724030071236;15399.367636015446;15399.367636015446;14521.81548604474;624;14521.81548604474;4971.7084;2059.3563940557906;Evaluated;5.4189;0.625;64;True;1;
95;3;25;9;diversification;5;f6317be869b2;move;;;25;30;;;;;;;;;;True;False;False;False;;ok;16495.991682801323;15399.367636015446;15399.367636015446;14521.81548604474;625;14521.81548604474;4977.9677;1096.624046785877;Evaluated;5.6336;0.6249;64;True;1;
95;3;25;10;diversification;5;f6317be869b2;move;;;53;40;;;;;;;;;;True;False;False;True;;ok;16152.189461798562;15399.367636015446;15399.367636015446;14521.81548604474;626;14521.81548604474;4984.3258;752.8218257831159;Evaluated;5.7298;0.6258;64;True;1;
95;3;25;;diversification;6;;;;;;;;;;;;;;;;;;;;;End-of-iteration summary row;;;15399.367636015446;14521.81548604474;626;14521.81548604474;4984.3264;;IterationSummary;;;;;;
96;3;26;1;diversification;6;f6317be869b2;move;;;20;45;;;;;;;;;;True;False;False;True;;ok;17047.31794727464;15399.367636015446;15399.367636015446;14521.81548604474;627;14521.81548604474;4991.0756;1647.9503112591956;Evaluated;6.1125;0.628;64;True;1;
96;3;26;2;diversification;6;f6317be869b2;move;;;30;5;;;;;;;;;;True;False;False;True;;ok;15472.825191605998;15399.367636015446;15399.367636015446;14521.81548604474;628;14521.81548604474;5001.4455;73.45755559055215;Evaluated;9.742;0.6247;64;True;2;duplicate_for_same_parent_sequence
96;3;26;3;diversification;6;f6317be869b2;swap;32;47;;;;;;;;;;;;False;True;False;;;ok;;15399.367636015446;15399.367636015446;14521.81548604474;628;14521.81548604474;5014.9655;;DuplicateForSameParentSequenceAfterRetries;13.5173;;;;3;duplicate_for_same_parent_sequence
96;3;26;4;diversification;6;f6317be869b2;move;;;48;32;;;;;;;;;;True;False;False;True;;ok;15404.71019740728;15399.367636015446;15399.367636015446;14521.81548604474;629;14521.81548604474;5024.9514;5.342561391833442;Evaluated;9.3583;0.6265;64;True;2;duplicate_for_same_parent_sequence
96;3;26;5;diversification;6;f6317be869b2;move;;;5;25;;;;;;;;;;True;False;False;True;;ok;16543.609786052923;15399.367636015446;15399.367636015446;14521.81548604474;630;14521.81548604474;5035.2623;1144.2421500374767;Evaluated;9.6763;0.6313;64;True;2;duplicate_for_same_parent_sequence
96;3;26;6;diversification;6;f6317be869b2;move;;;40;20;;;;;;;;;;True;False;False;True;;ok;15476.359325203588;15399.367636015446;15399.367636015446;14521.81548604474;631;14521.81548604474;5045.3412;76.99168918814212;Evaluated;9.4515;0.6236;64;True;2;duplicate_for_same_parent_sequence
96;3;26;7;diversification;6;f6317be869b2;move;;;35;10;;;;;;;;;;True;False;False;True;;ok;17191.306717057676;15399.367636015446;15399.367636015446;14521.81548604474;632;14521.81548604474;5055.3032;1791.93908104223;Evaluated;9.1415;0.8196;64;True;2;duplicate_for_same_parent_sequence
96;3;26;8;diversification;6;f6317be869b2;move;;;30;12;;;;;;;;;;True;False;False;True;;ok;15469.278401680285;15399.367636015446;15399.367636015446;14521.81548604474;633;14521.81548604474;5065.4621;69.91076566483935;Evaluated;9.5299;0.6257;64;True;2;duplicate_for_same_parent_sequence
96;3;26;9;diversification;6;f6317be869b2;move;;;40;50;;;;;;;;;;True;False;False;True;;ok;15605.822601078886;15399.367636015446;15399.367636015446;14521.81548604474;634;14521.81548604474;5071.7305;206.4549650634399;Evaluated;5.639;0.6263;64;True;1;
96;3;26;10;diversification;6;f6317be869b2;move;;;38;15;;;;;;;;;;True;False;False;True;;ok;17200.839914175922;15399.367636015446;15399.367636015446;14521.81548604474;635;14521.81548604474;5081.74;1801.472278160476;Evaluated;9.3787;0.6268;64;True;2;duplicate_for_same_parent_sequence
96;3;26;;diversification;7;;;;;;;;;;;;;;;;;;;;;End-of-iteration summary row;;;15399.367636015446;14521.81548604474;635;14521.81548604474;5081.7429;;IterationSummary;;;;;;
97;3;27;1;diversification;7;f6317be869b2;move;;;14;25;;;;;;;;;;True;False;False;True;;ok;15580.012628932567;15399.367636015446;15399.367636015446;14521.81548604474;636;14521.81548604474;5088.3626;180.64499291712127;Evaluated;5.9791;0.627;64;True;1;
97;3;27;2;diversification;7;f6317be869b2;reinsert_block;;;;;;;18;23;5;;;;;True;False;False;True;;ok;16742.76668178192;15399.367636015446;15399.367636015446;14521.81548604474;637;14521.81548604474;5095.2124;1343.3990457664731;Evaluated;6.2174;0.6297;64;True;1;
97;3;27;3;diversification;7;f6317be869b2;move;;;35;15;;;;;;;;;;True;False;False;True;;ok;16743.138898830664;15399.367636015446;15399.367636015446;14521.81548604474;638;14521.81548604474;5105.2383;1343.7712628152185;Evaluated;9.3948;0.6276;64;True;2;duplicate_for_same_parent_sequence
97;3;27;4;diversification;7;f6317be869b2;move;;;52;30;;;;;;;;;;True;False;False;True;;ok;15613.17270640788;15399.367636015446;15399.367636015446;14521.81548604474;639;14521.81548604474;5115.2373;213.80507039243457;Evaluated;9.3713;0.6243;64;True;2;duplicate_for_same_parent_sequence
97;3;27;5;diversification;7;f6317be869b2;move;;;45;10;;;;;;;;;;True;False;False;True;;ok;17681.277439218444;15399.367636015446;15399.367636015446;14521.81548604474;640;14521.81548604474;5121.6799;2281.909803202998;Evaluated;5.814;0.6261;64;True;1;
97;3;27;6;diversification;7;f6317be869b2;move;;;14;30;;;;;;;;;;True;False;False;True;;ok;16511.808970724054;15399.367636015446;15399.367636015446;14521.81548604474;641;14521.81548604474;5132.0059;1112.4413347086083;Evaluated;9.6963;0.628;64;True;2;duplicate_for_same_parent_sequence
97;3;27;7;diversification;7;f6317be869b2;move;;;18;30;;;;;;;;;;True;False;False;True;;ok;16377.597466909589;15399.367636015446;15399.367636015446;14521.81548604474;642;14521.81548604474;5141.8901;978.2298308941427;Evaluated;9.2561;0.6247;64;True;2;duplicate_for_same_parent_sequence
97;3;27;8;diversification;7;f6317be869b2;move;;;8;20;;;;;;;;;;True;False;False;True;;ok;15791.956246958836;15399.367636015446;15399.367636015446;14521.81548604474;643;14521.81548604474;5148.2051;392.58861094339045;Evaluated;5.6881;0.6238;64;True;1;
97;3;27;9;diversification;7;f6317be869b2;move;;;18;4;;;;;;;;;;True;False;False;True;;ok;17178.90322214317;15399.367636015446;15399.367636015446;14521.81548604474;644;14521.81548604474;5158.297;1779.535586127724;Evaluated;9.4648;0.6247;64;True;2;duplicate_for_same_parent_sequence
97;3;27;10;diversification;7;f6317be869b2;move;;;32;18;;;;;;;;;;True;False;False;True;;ok;16508.123738978855;15399.367636015446;15399.367636015446;14521.81548604474;645;14521.81548604474;5168.7329;1108.756102963409;Evaluated;9.8062;0.6267;64;True;2;duplicate_for_same_parent_sequence
97;3;27;;diversification;8;;;;;;;;;;;;;;;;;;;;;End-of-iteration summary row;;;15399.367636015446;14521.81548604474;645;14521.81548604474;5168.736;;IterationSummary;;;;;;
98;3;28;1;diversification;8;f6317be869b2;move;;;25;10;;;;;;;;;;True;False;False;True;;ok;17183.97798260624;15399.367636015446;15399.367636015446;14521.81548604474;646;14521.81548604474;5175.5794;1784.6103465907945;Evaluated;6.2036;0.6265;64;True;1;
98;3;28;2;diversification;8;f6317be869b2;reinsert_block;;;;;;;18;23;5;;;;;False;True;False;;;ok;;15399.367636015446;15399.367636015446;14521.81548604474;646;14521.81548604474;5189.3332;;DuplicateForSameParentSequenceAfterRetries;13.7506;;;;3;duplicate_for_same_parent_sequence
98;3;28;3;diversification;8;f6317be869b2;swap;35;40;;;;;;;;;;;;False;True;False;;;ok;;15399.367636015446;15399.367636015446;14521.81548604474;646;14521.81548604474;5202.9056;;DuplicateForSameParentSequenceAfterRetries;13.5715;;;;3;duplicate_for_same_parent_sequence
98;3;28;4;diversification;8;f6317be869b2;move;;;58;42;;;;;;;;;;True;False;False;True;;ok;16279.657746793262;15399.367636015446;15399.367636015446;14521.81548604474;647;14521.81548604474;5213.0877;880.2901107778162;Evaluated;9.5524;0.6286;64;True;2;duplicate_for_same_parent_sequence
98;3;28;5;diversification;8;f6317be869b2;move;;;35;45;;;;;;;;;;True;False;False;True;;ok;16014.860207526881;15399.367636015446;15399.367636015446;14521.81548604474;648;14521.81548604474;5223.2656;615.492571511435;Evaluated;9.5473;0.6275;64;True;2;duplicate_for_same_parent_sequence
98;3;28;6;diversification;8;f6317be869b2;move;;;50;32;;;;;;;;;;True;False;False;True;;ok;15859.843168186411;15399.367636015446;15399.367636015446;14521.81548604474;649;14521.81548604474;5229.458;460.4755321709654;Evaluated;5.5653;0.6243;64;True;1;
98;3;28;7;diversification;8;f6317be869b2;move;;;20;14;;;;;;;;;;True;False;False;False;;ok;17462.48967490923;15399.367636015446;15399.367636015446;14521.81548604474;650;14521.81548604474;5235.7448;2063.1220388937836;Evaluated;5.664;0.6221;64;True;1;
98;3;28;8;diversification;8;f6317be869b2;move;;;18;25;;;;;;;;;;False;True;False;;;ok;;15399.367636015446;15399.367636015446;14521.81548604474;650;14521.81548604474;5249.3319;;DuplicateForSameParentSequenceAfterRetries;13.5858;;;;3;duplicate_for_same_parent_sequence
98;3;28;9;diversification;8;f6317be869b2;move;;;25;18;;;;;;;;;;True;False;False;False;;ok;16537.9986836862;15399.367636015446;15399.367636015446;14521.81548604474;651;14521.81548604474;5255.618;1138.631047670755;Evaluated;5.6602;0.6247;64;True;1;
98;3;28;10;diversification;8;f6317be869b2;move;;;37;25;;;;;;;;;;True;False;False;True;;ok;16891.220729777033;15399.367636015446;15399.367636015446;14521.81548604474;652;14521.81548604474;5265.6445;1491.853093761587;Evaluated;9.3963;0.6276;64;True;2;duplicate_for_same_parent_sequence
98;3;28;;diversification;9;;;;;;;;;;;;;;;;;;;;;End-of-iteration summary row;;;15399.367636015446;14521.81548604474;652;14521.81548604474;5265.6482;;IterationSummary;;;;;;
99;3;29;1;diversification;9;f6317be869b2;move;;;10;5;;;;;;;;;;True;False;False;False;;ok;16069.415390994825;15399.367636015446;15399.367636015446;14521.81548604474;653;14521.81548604474;5272.4414;670.0477549793795;Evaluated;6.157;0.6266;64;True;1;
99;3;29;2;diversification;9;f6317be869b2;reinsert_block;;;;;;;20;25;14;;;;;True;False;False;False;;ok;17971.293786625978;15399.367636015446;15399.367636015446;14521.81548604474;654;14521.81548604474;5279.611;2571.926150610532;Evaluated;6.542;0.6251;64;True;1;
99;3;29;3;diversification;9;f6317be869b2;swap;34;50;;;;;;;;;;;;True;False;False;True;;ok;15567.089864662174;15399.367636015446;15399.367636015446;14521.81548604474;655;14521.81548604474;5285.8618;167.72222864672767;Evaluated;5.6197;0.6277;64;True;1;
99;3;29;4;diversification;9;f6317be869b2;move;;;52;36;;;;;;;;;;True;False;False;True;;ok;15417.174054423851;15399.367636015446;15399.367636015446;14521.81548604474;656;14521.81548604474;5296.0571;17.80641840840508;Evaluated;9.5643;0.6276;64;True;2;duplicate_for_same_parent_sequence
99;3;29;5;diversification;9;f6317be869b2;move;;;40;18;;;;;;;;;;True;False;False;True;;ok;15483.561256055713;15399.367636015446;15399.367636015446;14521.81548604474;657;14521.81548604474;5306.1603;84.19362004026698;Evaluated;9.4715;0.6285;64;True;2;duplicate_for_same_parent_sequence
99;3;29;6;diversification;9;f6317be869b2;swap;50;58;;;;;;;;;;;;True;False;False;False;;ok;15413.257993385778;15399.367636015446;15399.367636015446;14521.81548604474;658;14521.81548604474;5320.0132;13.890357370331913;Evaluated;13.2242;0.6252;64;True;3;duplicate_for_same_parent_sequence
99;3;29;7;diversification;9;f6317be869b2;move;;;20;30;;;;;;;;;;True;False;False;True;;ok;16486.86897846497;15399.367636015446;15399.367636015446;14521.81548604474;659;14521.81548604474;5330.2952;1087.5013424495228;Evaluated;9.6507;0.6287;64;True;2;duplicate_for_same_parent_sequence
99;3;29;8;diversification;9;f6317be869b2;move;;;18;20;;;;;;;;;;True;False;False;False;;ok;16765.25190171426;15399.367636015446;15399.367636015446;14521.81548604474;660;14521.81548604474;5344.2014;1365.8842656988127;Evaluated;13.2784;0.6247;64;True;3;duplicate_for_same_parent_sequence
99;3;29;9;diversification;9;f6317be869b2;move;;;37;14;;;;;;;;;;True;False;False;True;;ok;17455.16380884021;15399.367636015446;15399.367636015446;14521.81548604474;661;14521.81548604474;5358.4151;2055.7961728247647;Evaluated;13.583;0.6275;64;True;3;duplicate_for_same_parent_sequence
99;3;29;10;diversification;9;f6317be869b2;move;;;45;37;;;;;;;;;;True;False;False;False;;ok;16191.375121061785;15399.367636015446;15399.367636015446;14521.81548604474;662;14521.81548604474;5372.4179;792.0074850463388;Evaluated;13.3722;0.6265;64;True;3;duplicate_for_same_parent_sequence
99;4;0;;diversification;0;;;;;;;;;;;;;;;;;;;;;End-of-iteration summary row;;;16625.423888583944;14521.81548604474;663;14521.81548604474;5373.0544;;IterationSummary;;;;;;
100;4;1;1;normal;0;0f63cf6f404e;move;;;5;10;;;;;;;;;;True;False;False;False;;ok;17535.06888898726;16625.423888583944;16625.423888583944;14521.81548604474;664;14521.81548604474;5379.4342;909.6450004033177;Evaluated;5.7471;0.6264;64;True;1;
100;4;1;2;normal;0;0f63cf6f404e;swap;18;20;;;;;;;;;;;;True;False;False;False;;ok;17387.568121285403;16625.423888583944;16625.423888583944;14521.81548604474;665;14521.81548604474;5385.3277;762.1442327014593;Evaluated;5.263;0.6278;64;True;1;
100;4;1;3;normal;0;0f63cf6f404e;reinsert_block;;;;;;;35;42;18;;;;;True;False;False;True;;ok;17553.122426936534;16625.423888583944;16625.423888583944;14521.81548604474;666;14521.81548604474;5392.0184;927.6985383525898;Evaluated;6.0626;0.6251;64;True;1;
100;4;1;4;normal;0;0f63cf6f404e;move;;;50;30;;;;;;;;;;True;False;False;True;;ok;16526.021811087572;16625.423888583944;16625.423888583944;14521.81548604474;667;14521.81548604474;5398.2164;-99.40207749637193;Evaluated;5.5692;0.6261;64;True;1;
100;4;1;5;normal;0;0f63cf6f404e;move;;;25;10;;;;;;;;;;True;False;False;True;;ok;17214.382585509495;16625.423888583944;16625.423888583944;14521.81548604474;668;14521.81548604474;5404.1377;588.9586969255506;Evaluated;5.2909;0.6282;64;True;1;
100;4;1;;normal;0;;;;;;;;;;;;;;;;;;;;;End-of-iteration summary row;;;16526.021811087572;14521.81548604474;668;14521.81548604474;5404.1582;;IterationSummary;;;;;;
100;4;1;;;0;;;;;;;;;;;;;;;;;;;;;PartA | PartB | PartC | PartD | PartE | PartF | PartG | PartH | PartA | PartB | PartC | PartD | PartE | PartF | PartG | PartH | PartA | PartB | PartC | PartD | PartE | PartF | PartG | PartH | PartA | PartB | PartC | PartD | PartE | PartF | PartG | PartH | PartG | PartA | PartB | PartC | PartD | PartE | PartF | PartG | PartH | PartA | PartB | PartC | PartD | PartE | PartF | PartH | PartG | PartA | PartF | PartC | PartC | PartB | PartD | PartE | PartF | PartG | PartH | PartA | PartB | PartD | PartE | PartH;;;16526.021811087572;14521.81548604474;668;14521.81548604474;5404.1616;;FinalGlobalBestSequence;;;;;;
