iteration;restart_id;iteration_in_restart;candidate_in_iteration;search_mode;no_improvement_count_before_iteration;parent_sequence_signature;action;swap_i;swap_j;move_from;move_to;reverse_start;reverse_end;reinsert_block_start;reinsert_block_end;reinsert_block_to;swap_blocks_start1;swap_blocks_end1;swap_blocks_start2;swap_blocks_end2;valid;duplicate_for_same_parent_sequence;recently_rejected_for_same_parent_sequence;diversification_compatible;parse_error;validation_message;resulting_makespan;best_makespan_before;best_makespan_after;global_best_makespan_after;completed_simulations;actual_global_best_makespan;elapsed_optimization_time_sec;delta_vs_best_before;status;llm_time_sec;simulation_time_sec;exited_parts;completion_valid;llm_attempts;retry_reason
1;1;1;1;normal;0;0f63cf6f404e;move;;;5;10;;;;;;;;;;True;False;False;False;;ok;17535.06888898726;16625.423888583944;16625.423888583944;16625.423888583944;2;16625.423888583944;18.0911;909.6450004033177;Evaluated;15.6578;2.424;64;True;1;
1;1;1;2;normal;0;0f63cf6f404e;swap;17;25;;;;;;;;;;;;True;False;False;False;;ok;16625.423888583944;16625.423888583944;16625.423888583944;16625.423888583944;3;16625.423888583944;25.2704;0.0;Evaluated;4.7448;2.4315;64;True;1;
1;1;1;3;normal;0;0f63cf6f404e;reinsert_block;;;;;;;32;40;16;;;;;True;False;False;True;;ok;16292.2047037198;16625.423888583944;16625.423888583944;16625.423888583944;4;16625.423888583944;32.7698;-333.21918486414324;Evaluated;5.0665;2.4322;64;True;1;
1;1;1;4;normal;0;0f63cf6f404e;move;;;50;48;;;;;;;;;;True;False;False;False;;ok;16168.73353686987;16625.423888583944;16625.423888583944;16625.423888583944;5;16625.423888583944;39.8696;-456.6903517140745;Evaluated;4.6705;2.4265;64;True;1;
1;1;1;5;normal;0;0f63cf6f404e;move;;;15;30;;;;;;;;;;True;False;False;True;;ok;17547.101992361444;16625.423888583944;16625.423888583944;16625.423888583944;6;16625.423888583944;46.8831;921.6781037774999;Evaluated;4.5793;2.4311;64;True;1;
1;1;1;;normal;0;;;;;;;;;;;;;;;;;;;;;End-of-iteration summary row;;;16168.73353686987;16168.73353686987;6;16168.73353686987;46.8971;;IterationSummary;;;;;;
2;1;2;1;normal;0;660e1a9970ee;move;;;7;10;;;;;;;;;;True;False;False;False;;ok;16174.745029411997;16168.73353686987;16168.73353686987;16168.73353686987;7;16168.73353686987;55.0145;6.011492542127598;Evaluated;5.6817;2.4272;64;True;1;
2;1;2;2;normal;0;660e1a9970ee;swap;18;20;;;;;;;;;;;;True;False;False;False;;ok;16930.623814515664;16168.73353686987;16168.73353686987;16168.73353686987;8;16168.73353686987;62.377;761.8902776457944;Evaluated;4.9356;2.4246;64;True;1;
2;1;2;3;normal;0;660e1a9970ee;reinsert_block;;;;;;;35;42;16;;;;;True;False;False;True;;ok;16992.84208249442;16168.73353686987;16168.73353686987;16168.73353686987;9;16168.73353686987;70.2514;824.1085456245492;Evaluated;5.4418;2.4299;64;True;1;
2;1;2;4;normal;0;660e1a9970ee;move;;;50;49;;;;;;;;;;True;False;False;False;;ok;16213.883426405979;16168.73353686987;16168.73353686987;16168.73353686987;10;16168.73353686987;77.7617;45.149889536109185;Evaluated;5.0765;2.4312;64;True;1;
2;1;2;5;normal;0;660e1a9970ee;move;;;42;18;;;;;;;;;;True;False;False;True;;ok;17001.280861816616;16168.73353686987;16168.73353686987;16168.73353686987;11;16168.73353686987;85.2865;832.5473249467468;Evaluated;5.0944;2.4297;64;True;1;
2;1;2;;normal;1;;;;;;;;;;;;;;;;;;;;;End-of-iteration summary row;;;16168.73353686987;16168.73353686987;11;16168.73353686987;85.2873;;IterationSummary;;;;;;
3;1;3;1;normal;1;660e1a9970ee;move;;;10;5;;;;;;;;;;True;False;False;False;;ok;15645.659750200617;16168.73353686987;16168.73353686987;16168.73353686987;12;16168.73353686987;92.9141;-523.0737866692525;Evaluated;5.3936;2.2273;64;True;1;
3;1;3;2;normal;1;660e1a9970ee;swap;17;25;;;;;;;;;;;;True;False;False;False;;ok;16168.73353686987;16168.73353686987;16168.73353686987;16168.73353686987;13;16168.73353686987;100.3312;0.0;Evaluated;4.9939;2.4226;64;True;1;
3;1;3;3;normal;1;660e1a9970ee;reinsert_block;;;;;;;38;42;16;;;;;True;False;False;True;;ok;17515.48408746001;16168.73353686987;16168.73353686987;16168.73353686987;14;16168.73353686987;108.2517;1346.750550590139;Evaluated;5.4907;2.4291;64;True;1;
3;1;3;4;normal;1;660e1a9970ee;move;;;50;48;;;;;;;;;;True;False;False;False;;ok;16174.368262515902;16168.73353686987;16168.73353686987;16168.73353686987;15;16168.73353686987;115.8825;5.634725646032166;Evaluated;5.2045;2.4237;64;True;1;
3;1;3;5;normal;1;660e1a9970ee;move;;;35;16;;;;;;;;;;True;False;False;True;;ok;16993.673252349377;16168.73353686987;16168.73353686987;16168.73353686987;16;16168.73353686987;123.7182;824.9397154795079;Evaluated;5.4079;2.427;64;True;1;
3;1;3;;normal;0;;;;;;;;;;;;;;;;;;;;;End-of-iteration summary row;;;15645.659750200617;15645.659750200617;16;15645.659750200617;123.7292;;IterationSummary;;;;;;
4;1;4;1;normal;0;48dc97c613aa;move;;;10;5;;;;;;;;;;True;False;False;False;;ok;17749.898487079416;15645.659750200617;15645.659750200617;15645.659750200617;17;15645.659750200617;131.6199;2104.2387368787986;Evaluated;5.4585;2.4255;64;True;1;
4;1;4;2;normal;0;48dc97c613aa;swap;18;20;;;;;;;;;;;;True;False;False;False;;ok;16836.6831949552;15645.659750200617;15645.659750200617;15645.659750200617;18;15645.659750200617;139.2568;1191.0234447545827;Evaluated;5.2094;2.4266;64;True;1;
4;1;4;3;normal;0;48dc97c613aa;reinsert_block;;;;;;;35;40;16;;;;;True;False;False;True;;ok;16739.95735198485;15645.659750200617;15645.659750200617;15645.659750200617;19;15645.659750200617;147.2326;1094.297601784232;Evaluated;5.5403;2.4327;64;True;1;
4;1;4;4;normal;0;48dc97c613aa;move;;;50;48;;;;;;;;;;True;False;False;False;;ok;15631.966223066434;15645.659750200617;15645.659750200617;15645.659750200617;20;15645.659750200617;154.69;-13.69352713418266;Evaluated;5.2258;2.2307;64;True;1;
4;1;4;5;normal;0;48dc97c613aa;move;;;7;10;;;;;;;;;;True;False;False;False;;ok;15637.962244076623;15645.659750200617;15645.659750200617;15645.659750200617;21;15645.659750200617;162.0479;-7.697506123993662;Evaluated;5.131;2.2243;64;True;1;
4;1;4;;normal;0;;;;;;;;;;;;;;;;;;;;;End-of-iteration summary row;;;15631.966223066434;15631.966223066434;21;15631.966223066434;162.0543;;IterationSummary;;;;;;
5;1;5;1;normal;0;ffee9494bb34;move;;;7;10;;;;;;;;;;True;False;False;False;;ok;15624.013627398717;15631.966223066434;15631.966223066434;15631.966223066434;22;15631.966223066434;169.7598;-7.952595667717105;Evaluated;5.4647;2.2319;64;True;1;
5;1;5;2;normal;0;ffee9494bb34;swap;18;20;;;;;;;;;;;;True;False;False;False;;ok;16842.317920601232;15631.966223066434;15631.966223066434;15631.966223066434;23;15631.966223066434;177.6806;1210.3516975347975;Evaluated;5.4944;2.4257;64;True;1;
5;1;5;3;normal;0;ffee9494bb34;reinsert_block;;;;;;;35;40;16;;;;;True;False;False;True;;ok;16739.165289872537;15631.966223066434;15631.966223066434;15631.966223066434;24;15631.966223066434;185.6583;1107.1990668061026;Evaluated;5.5549;2.422;64;True;1;
5;1;5;4;normal;0;ffee9494bb34;move;;;50;49;;;;;;;;;;True;False;False;False;;ok;15631.966223066434;15631.966223066434;15631.966223066434;15631.966223066434;25;15631.966223066434;193.1026;0.0;Evaluated;5.2194;2.2242;64;True;1;
5;1;5;5;normal;0;ffee9494bb34;move;;;7;15;;;;;;;;;;True;False;False;False;;ok;17544.23537199817;15631.966223066434;15631.966223066434;15631.966223066434;26;15631.966223066434;200.6347;1912.269148931735;Evaluated;5.1026;2.4288;64;True;1;
5;1;5;;normal;0;;;;;;;;;;;;;;;;;;;;;End-of-iteration summary row;;;15624.013627398717;15624.013627398717;26;15624.013627398717;200.6505;;IterationSummary;;;;;;
6;1;6;1;normal;0;468edde612c0;move;;;7;10;;;;;;;;;;True;False;False;False;;ok;15624.01362739958;15624.013627398717;15624.013627398717;15624.013627398717;27;15624.013627398717;208.5615;8.62200977280736e-10;Evaluated;5.6804;2.2218;64;True;1;
6;1;6;2;normal;0;468edde612c0;swap;17;20;;;;;;;;;;;;True;False;False;False;;ok;16771.806574332855;15624.013627398717;15624.013627398717;15624.013627398717;28;15624.013627398717;216.3346;1147.792946934138;Evaluated;5.3453;2.427;64;True;1;
6;1;6;3;normal;0;468edde612c0;reinsert_block;;;;;;;32;40;16;;;;;True;False;False;True;;ok;16377.790193289524;15624.013627398717;15624.013627398717;15624.013627398717;29;15624.013627398717;224.2859;753.7765658908065;Evaluated;5.5139;2.4352;64;True;1;
6;1;6;4;normal;0;468edde612c0;move;;;49;50;;;;;;;;;;True;False;False;False;;ok;15624.013627398717;15624.013627398717;15624.013627398717;15624.013627398717;30;15624.013627398717;231.9294;0.0;Evaluated;5.4132;2.2276;64;True;1;
6;1;6;5;normal;0;468edde612c0;move;;;7;25;;;;;;;;;;True;False;False;True;;ok;15705.671933616537;15624.013627398717;15624.013627398717;15624.013627398717;31;15624.013627398717;239.2256;81.6583062178197;Evaluated;5.071;2.223;64;True;1;
6;1;6;;normal;1;;;;;;;;;;;;;;;;;;;;;End-of-iteration summary row;;;15624.013627398717;15624.013627398717;31;15624.013627398717;239.2265;;IterationSummary;;;;;;
7;1;7;1;normal;1;468edde612c0;move;;;7;15;;;;;;;;;;True;False;False;False;;ok;15624.4535346248;15624.013627398717;15624.013627398717;15624.013627398717;32;15624.013627398717;246.9126;0.4399072260821413;Evaluated;5.4566;2.2235;64;True;1;
7;1;7;2;normal;1;468edde612c0;swap;19;20;;;;;;;;;;;;True;False;False;False;;ok;16899.78712767379;15624.013627398717;15624.013627398717;15624.013627398717;33;15624.013627398717;255.7243;1275.7735002750724;Evaluated;6.38;2.431;64;True;1;
7;1;7;3;normal;1;468edde612c0;reinsert_block;;;;;;;35;40;16;;;;;True;False;False;True;;ok;16742.255713537532;15624.013627398717;15624.013627398717;15624.013627398717;34;15624.013627398717;263.7724;1118.2420861388146;Evaluated;5.6196;2.4276;64;True;1;
7;1;7;4;normal;1;468edde612c0;move;;;50;49;;;;;;;;;;True;False;False;False;;ok;15624.013627398717;15624.013627398717;15624.013627398717;15624.013627398717;35;15624.013627398717;271.2727;0.0;Evaluated;5.2734;2.2237;64;True;1;
7;1;7;5;normal;1;468edde612c0;move;;;25;30;;;;;;;;;;True;False;False;False;;ok;15620.815831638005;15624.013627398717;15624.013627398717;15624.013627398717;36;15624.013627398717;282.3234;-3.1977957607123244;Evaluated;8.8161;2.2317;64;True;2;duplicate_for_same_parent_sequence
7;1;7;;normal;0;;;;;;;;;;;;;;;;;;;;;End-of-iteration summary row;;;15620.815831638005;15620.815831638005;36;15620.815831638005;282.3381;;IterationSummary;;;;;;
8;1;8;1;normal;0;b72d51fa2282;move;;;10;7;;;;;;;;;;True;False;False;False;;ok;15623.430347625615;15620.815831638005;15620.815831638005;15620.815831638005;37;15620.815831638005;290.2715;2.6145159876105026;Evaluated;5.7001;2.2246;64;True;1;
8;1;8;2;normal;0;b72d51fa2282;swap;16;20;;;;;;;;;;;;True;False;False;False;;ok;17235.740353410474;15620.815831638005;15620.815831638005;15620.815831638005;38;15620.815831638005;297.8986;1614.9245217724692;Evaluated;5.1932;2.4305;64;True;1;
8;1;8;3;normal;0;b72d51fa2282;reinsert_block;;;;;;;35;40;16;;;;;True;False;False;True;;ok;16396.523004274044;15620.815831638005;15620.815831638005;15620.815831638005;39;15620.815831638005;306.1206;775.7071726360391;Evaluated;5.7895;2.4309;64;True;1;
8;1;8;4;normal;0;b72d51fa2282;move;;;50;49;;;;;;;;;;True;False;False;False;;ok;15620.815831638005;15620.815831638005;15620.815831638005;15620.815831638005;40;15620.815831638005;313.4768;0.0;Evaluated;5.1217;2.2337;64;True;1;
8;1;8;5;normal;0;b72d51fa2282;move;;;27;30;;;;;;;;;;True;False;False;False;;ok;16226.60054744116;15620.815831638005;15620.815831638005;15620.815831638005;41;15620.815831638005;321.044;605.7847158031545;Evaluated;5.137;2.427;64;True;1;
8;1;8;;normal;1;;;;;;;;;;;;;;;;;;;;;End-of-iteration summary row;;;15620.815831638005;15620.815831638005;41;15620.815831638005;321.0467;;IterationSummary;;;;;;
9;1;9;1;normal;1;b72d51fa2282;move;;;3;5;;;;;;;;;;True;False;False;False;;ok;17236.403959402738;15620.815831638005;15620.815831638005;15620.815831638005;42;15620.815831638005;332.2064;1615.5881277647331;Evaluated;8.7214;2.426;64;True;2;duplicate_for_same_parent_sequence
9;1;9;2;normal;1;b72d51fa2282;swap;20;25;;;;;;;;;;;;True;False;False;False;;ok;16785.004210859042;15620.815831638005;15620.815831638005;15620.815831638005;43;15620.815831638005;339.9192;1164.1883792210374;Evaluated;5.2778;2.4323;64;True;1;
9;1;9;3;normal;1;b72d51fa2282;move;;;25;30;;;;;;;;;;True;False;False;False;;ok;16441.15421775996;15620.815831638005;15620.815831638005;15620.815831638005;44;15620.815831638005;351.3843;820.3383861219536;Evaluated;9.0353;2.427;64;True;2;duplicate_for_same_parent_sequence
9;1;9;4;normal;1;b72d51fa2282;move;;;50;48;;;;;;;;;;True;False;False;False;;ok;15620.341025711852;15620.815831638005;15620.815831638005;15620.815831638005;45;15620.815831638005;358.8675;-0.4748059261528397;Evaluated;5.2515;2.2287;64;True;1;
9;1;9;5;normal;1;b72d51fa2282;swap;15;16;;;;;;;;;;;;True;False;False;False;;ok;15621.552577527322;15620.815831638005;15620.815831638005;15620.815831638005;46;15620.815831638005;369.4602;0.7367458893168077;Evaluated;8.3633;2.2265;64;True;2;duplicate_for_same_parent_sequence
9;1;9;;normal;0;;;;;;;;;;;;;;;;;;;;;End-of-iteration summary row;;;15620.341025711852;15620.341025711852;46;15620.341025711852;369.479;;IterationSummary;;;;;;
10;1;10;1;normal;0;e8d62a038302;move;;;10;7;;;;;;;;;;True;False;False;False;;ok;15622.955541699463;15620.341025711852;15620.341025711852;15620.341025711852;47;15620.341025711852;377.1062;2.6145159876105026;Evaluated;5.3892;2.232;64;True;1;
10;1;10;2;normal;0;e8d62a038302;swap;17;20;;;;;;;;;;;;True;False;False;False;;ok;17223.914323448444;15620.341025711852;15620.341025711852;15620.341025711852;48;15620.341025711852;384.6794;1603.5732977365915;Evaluated;5.1404;2.4296;64;True;1;
10;1;10;3;normal;0;e8d62a038302;reinsert_block;;;;;;;35;40;16;;;;;True;False;False;True;;ok;16834.063335165054;15620.341025711852;15620.341025711852;15620.341025711852;49;15620.341025711852;392.3864;1213.722309453202;Evaluated;5.2785;2.4258;64;True;1;
10;1;10;4;normal;0;e8d62a038302;move;;;50;49;;;;;;;;;;True;False;False;False;;ok;15620.341025711852;15620.341025711852;15620.341025711852;15620.341025711852;50;15620.341025711852;400.0596;0.0;Evaluated;5.4433;2.227;64;True;1;
10;1;10;5;normal;0;e8d62a038302;move;;;27;30;;;;;;;;;;True;False;False;False;;ok;16682.02855797234;15620.341025711852;15620.341025711852;15620.341025711852;51;15620.341025711852;407.4554;1061.6875322604865;Evaluated;4.9647;2.4275;64;True;1;
10;1;10;;normal;1;;;;;;;;;;;;;;;;;;;;;End-of-iteration summary row;;;15620.341025711852;15620.341025711852;51;15620.341025711852;407.4588;;IterationSummary;;;;;;
11;1;11;1;normal;1;e8d62a038302;move;;;3;6;;;;;;;;;;True;False;False;False;;ok;18114.59664067619;15620.341025711852;15620.341025711852;15620.341025711852;52;15620.341025711852;418.592;2494.2556149643387;Evaluated;8.4977;2.6265;64;True;2;duplicate_for_same_parent_sequence
11;1;11;2;normal;1;e8d62a038302;swap;20;25;;;;;;;;;;;;True;False;False;False;;ok;17236.497777539145;15620.341025711852;15620.341025711852;15620.341025711852;53;15620.341025711852;426.2457;1616.1567518272932;Evaluated;5.22;2.4305;64;True;1;
11;1;11;3;normal;1;e8d62a038302;reinsert_block;;;;;;;35;40;20;;;;;True;False;False;True;;ok;17243.768313606422;15620.341025711852;15620.341025711852;15620.341025711852;54;15620.341025711852;434.1523;1623.4272878945703;Evaluated;5.4736;2.4303;64;True;1;
11;1;11;4;normal;1;e8d62a038302;move;;;50;48;;;;;;;;;;True;False;False;False;;ok;15620.341025711852;15620.341025711852;15620.341025711852;15620.341025711852;55;15620.341025711852;441.6012;0.0;Evaluated;5.2208;2.2249;64;True;1;
11;1;11;5;normal;1;e8d62a038302;move;;;25;30;;;;;;;;;;True;False;False;False;;ok;16894.22816961859;15620.341025711852;15620.341025711852;15620.341025711852;56;15620.341025711852;449.2009;1273.887143906737;Evaluated;5.1737;2.425;64;True;1;
11;1;11;;normal;2;;;;;;;;;;;;;;;;;;;;;End-of-iteration summary row;;;15620.341025711852;15620.341025711852;56;15620.341025711852;449.2016;;IterationSummary;;;;;;
12;1;12;1;normal;2;e8d62a038302;move;;;15;20;;;;;;;;;;True;False;False;False;;ok;16890.731158485476;15620.341025711852;15620.341025711852;15620.341025711852;57;15620.341025711852;464.0232;1270.390132773624;Evaluated;12.3884;2.4269;64;True;3;duplicate_for_same_parent_sequence
12;1;12;2;normal;2;e8d62a038302;swap;24;29;;;;;;;;;;;;True;False;False;False;;ok;17855.628887303243;15620.341025711852;15620.341025711852;15620.341025711852;58;15620.341025711852;475.2745;2235.2878615913905;Evaluated;8.8223;2.4284;64;True;2;duplicate_for_same_parent_sequence
12;1;12;3;normal;2;e8d62a038302;reinsert_block;;;;;;;35;40;16;;;;;False;True;False;;;ok;;15620.341025711852;15620.341025711852;15620.341025711852;58;15620.341025711852;487.8785;;DuplicateForSameParentSequenceAfterRetries;12.6034;;;;3;duplicate_for_same_parent_sequence
12;1;12;4;normal;2;e8d62a038302;move;;;49;51;;;;;;;;;;True;False;False;False;;ok;15620.341025711852;15620.341025711852;15620.341025711852;15620.341025711852;59;15620.341025711852;498.861;0.0;Evaluated;8.7553;2.2262;64;True;2;duplicate_for_same_parent_sequence
12;1;12;5;normal;2;e8d62a038302;move;;;15;8;;;;;;;;;;True;False;False;False;;ok;15623.236675117987;15620.341025711852;15620.341025711852;15620.341025711852;60;15620.341025711852;509.5822;2.8956494061349076;Evaluated;8.4934;2.2271;64;True;2;duplicate_for_same_parent_sequence
12;1;12;;normal;3;;;;;;;;;;;;;;;;;;;;;End-of-iteration summary row;;;15620.341025711852;15620.341025711852;60;15620.341025711852;509.5854;;IterationSummary;;;;;;
13;1;13;1;diversification;3;e8d62a038302;move;;;7;14;;;;;;;;;;True;False;False;False;;ok;15623.245687768343;15620.341025711852;15620.341025711852;15620.341025711852;61;15620.341025711852;520.7538;2.904662056491361;Evaluated;8.9286;2.2282;64;True;2;duplicate_for_same_parent_sequence
13;1;13;2;diversification;3;e8d62a038302;reinsert_block;;;;;;;20;25;16;;;;;True;False;False;False;;ok;18351.98182813728;15620.341025711852;15620.341025711852;15620.341025711852;62;15620.341025711852;528.9523;2731.640802425427;Evaluated;5.5656;2.6299;64;True;1;
13;1;13;3;diversification;3;e8d62a038302;swap;35;42;;;;;;;;;;;;True;False;False;False;;ok;15620.341025711852;15620.341025711852;15620.341025711852;15620.341025711852;63;15620.341025711852;536.6496;0.0;Evaluated;5.4648;2.2295;64;True;1;
13;1;13;4;diversification;3;e8d62a038302;move;;;51;49;;;;;;;;;;True;False;False;False;;ok;15619.669589502175;15620.341025711852;15620.341025711852;15620.341025711852;64;15620.341025711852;544.0502;-0.6714362096772675;EvaluatedImprovementDespiteDiversificationMismatch;5.1713;2.2267;64;True;1;
13;1;13;5;diversification;3;e8d62a038302;move;;;18;22;;;;;;;;;;True;False;False;False;;ok;17348.524765610317;15620.341025711852;15620.341025711852;15620.341025711852;65;15620.341025711852;555.2128;1728.1837398984644;Evaluated;8.7325;2.427;64;True;2;duplicate_for_same_parent_sequence
13;1;13;6;diversification;3;e8d62a038302;move;;;40;35;;;;;;;;;;True;False;False;False;;ok;16831.250668977824;15620.341025711852;15620.341025711852;15620.341025711852;66;15620.341025711852;562.8383;1210.9096432659717;Evaluated;5.2006;2.4234;64;True;1;
13;1;13;7;diversification;3;e8d62a038302;move;;;5;10;;;;;;;;;;True;False;False;False;;ok;17077.93936031368;15620.341025711852;15620.341025711852;15620.341025711852;67;15620.341025711852;570.3417;1457.5983346018293;Evaluated;5.0772;2.4256;64;True;1;
13;1;13;8;diversification;3;e8d62a038302;move;;;10;20;;;;;;;;;;True;False;False;True;;ok;17559.603410463566;15620.341025711852;15620.341025711852;15620.341025711852;68;15620.341025711852;578.0095;1939.2623847517134;Evaluated;5.241;2.4238;64;True;1;
13;1;13;9;diversification;3;e8d62a038302;move;;;35;16;;;;;;;;;;True;False;False;True;;ok;17343.355479024354;15620.341025711852;15620.341025711852;15620.341025711852;69;15620.341025711852;589.1516;1723.0144533125022;Evaluated;8.7084;2.4329;64;True;2;duplicate_for_same_parent_sequence
13;1;13;10;diversification;3;e8d62a038302;move;;;40;45;;;;;;;;;;True;False;False;False;;ok;15445.1079160226;15620.341025711852;15620.341025711852;15620.341025711852;70;15620.341025711852;596.6878;-175.23310968925216;EvaluatedImprovementDespiteDiversificationMismatch;5.3034;2.2297;64;True;1;
13;1;13;;diversification;0;;;;;;;;;;;;;;;;;;;;;End-of-iteration summary row;;;15445.1079160226;15445.1079160226;70;15445.1079160226;596.6987;;IterationSummary;;;;;;
14;1;14;1;normal;0;91b04f797b80;move;;;15;20;;;;;;;;;;True;False;False;False;;ok;16886.35095750349;15445.1079160226;15445.1079160226;15445.1079160226;71;15445.1079160226;604.794;1441.2430414808914;Evaluated;5.6603;2.4263;64;True;1;
14;1;14;2;normal;0;91b04f797b80;swap;20;35;;;;;;;;;;;;True;False;False;True;;ok;17058.193112208963;15445.1079160226;15445.1079160226;15445.1079160226;72;15445.1079160226;612.3751;1613.0851961863627;Evaluated;5.1524;2.4281;64;True;1;
14;1;14;3;normal;0;91b04f797b80;reinsert_block;;;;;;;32;36;48;;;;;True;False;False;True;;ok;17482.118768636385;15445.1079160226;15445.1079160226;15445.1079160226;73;15445.1079160226;620.3133;2037.0108526137847;Evaluated;5.5067;2.4308;64;True;1;
14;1;14;4;normal;0;91b04f797b80;move;;;50;49;;;;;;;;;;True;False;False;False;;ok;15438.934558645413;15445.1079160226;15445.1079160226;15445.1079160226;74;15445.1079160226;627.7892;-6.173357377187131;Evaluated;5.2452;2.2301;64;True;1;
14;1;14;5;normal;0;91b04f797b80;move;;;25;18;;;;;;;;;;True;False;False;False;;ok;17353.37771937377;15445.1079160226;15445.1079160226;15445.1079160226;75;15445.1079160226;635.3498;1908.2698033511697;Evaluated;5.1253;2.4346;64;True;1;
14;1;14;;normal;0;;;;;;;;;;;;;;;;;;;;;End-of-iteration summary row;;;15438.934558645413;15438.934558645413;75;15438.934558645413;635.3629;;IterationSummary;;;;;;
15;1;15;1;normal;0;cfe434cc4d0e;move;;;5;10;;;;;;;;;;True;False;False;False;;ok;16629.456801566383;15438.934558645413;15438.934558645413;15438.934558645413;76;15438.934558645413;643.4348;1190.5222429209698;Evaluated;5.6337;2.4294;64;True;1;
15;1;15;2;normal;0;cfe434cc4d0e;swap;20;35;;;;;;;;;;;;True;False;False;True;;ok;16599.9089319593;15438.934558645413;15438.934558645413;15438.934558645413;77;15438.934558645413;651.1197;1160.9743733138876;Evaluated;5.2548;2.4272;64;True;1;
15;1;15;3;normal;0;cfe434cc4d0e;reinsert_block;;;;;;;32;36;48;;;;;True;False;False;True;;ok;17485.631305391813;15438.934558645413;15438.934558645413;15438.934558645413;78;15438.934558645413;659.0712;2046.6967467464;Evaluated;5.5196;2.4292;64;True;1;
15;1;15;4;normal;0;cfe434cc4d0e;move;;;48;50;;;;;;;;;;True;False;False;False;;ok;15652.386589807013;15438.934558645413;15438.934558645413;15438.934558645413;79;15438.934558645413;666.5567;213.45203116159973;Evaluated;5.2502;2.2323;64;True;1;
15;1;15;5;normal;0;cfe434cc4d0e;move;;;25;10;;;;;;;;;;True;False;False;True;;ok;17275.819155142177;15438.934558645413;15438.934558645413;15438.934558645413;80;15438.934558645413;674.1343;1836.884596496764;Evaluated;5.1465;2.4279;64;True;1;
15;1;15;;normal;1;;;;;;;;;;;;;;;;;;;;;End-of-iteration summary row;;;15438.934558645413;15438.934558645413;80;15438.934558645413;674.1369;;IterationSummary;;;;;;
16;1;16;1;normal;1;cfe434cc4d0e;move;;;7;12;;;;;;;;;;True;False;False;False;;ok;15432.412838121325;15438.934558645413;15438.934558645413;15438.934558645413;81;15438.934558645413;685.468;-6.521720524087868;Evaluated;9.0858;2.2314;64;True;2;duplicate_for_same_parent_sequence
16;1;16;2;normal;1;cfe434cc4d0e;swap;20;21;;;;;;;;;;;;True;False;False;False;;ok;16685.17363103063;15438.934558645413;15438.934558645413;15438.934558645413;82;15438.934558645413;693.1304;1246.2390723852168;Evaluated;5.2232;2.4353;64;True;1;
16;1;16;3;normal;1;cfe434cc4d0e;reinsert_block;;;;;;;35;40;20;;;;;True;False;False;True;;ok;16685.714923809865;15438.934558645413;15438.934558645413;15438.934558645413;83;15438.934558645413;701.0809;1246.7803651644517;Evaluated;5.5199;2.4279;64;True;1;
16;1;16;4;normal;1;cfe434cc4d0e;move;;;50;49;;;;;;;;;;True;False;False;False;;ok;15445.1079160226;15438.934558645413;15438.934558645413;15438.934558645413;84;15438.934558645413;708.5328;6.173357377187131;Evaluated;5.2213;2.2298;64;True;1;
16;1;16;5;normal;1;cfe434cc4d0e;move;;;25;18;;;;;;;;;;True;False;False;False;;ok;16897.935619063588;15438.934558645413;15438.934558645413;15438.934558645413;85;15438.934558645413;716.1145;1459.0010604181753;Evaluated;5.1532;2.4255;64;True;1;
16;1;16;;normal;0;;;;;;;;;;;;;;;;;;;;;End-of-iteration summary row;;;15432.412838121325;15432.412838121325;85;15432.412838121325;716.1345;;IterationSummary;;;;;;
17;1;17;1;normal;0;1ab3987b81fa;move;;;3;5;;;;;;;;;;True;False;False;False;;ok;16876.002891045617;15432.412838121325;15432.412838121325;15432.412838121325;86;15432.412838121325;724.3723;1443.5900529242917;Evaluated;5.8064;2.4261;64;True;1;
17;1;17;2;normal;0;1ab3987b81fa;swap;20;21;;;;;;;;;;;;True;False;False;False;;ok;16577.891699040927;15432.412838121325;15432.412838121325;15432.412838121325;87;15432.412838121325;732.3008;1145.478860919602;Evaluated;5.4952;2.4303;64;True;1;
17;1;17;3;normal;0;1ab3987b81fa;reinsert_block;;;;;;;35;40;20;;;;;True;False;False;True;;ok;16681.004288816024;15432.412838121325;15432.412838121325;15432.412838121325;88;15432.412838121325;740.2526;1248.5914506946992;Evaluated;5.5187;2.4306;64;True;1;
17;1;17;4;normal;0;1ab3987b81fa;move;;;52;49;;;;;;;;;;True;False;False;False;;ok;15405.29608275997;15432.412838121325;15432.412838121325;15432.412838121325;89;15432.412838121325;747.7224;-27.11675536135408;Evaluated;5.2363;2.2305;64;True;1;
17;1;17;5;normal;0;1ab3987b81fa;move;;;25;10;;;;;;;;;;True;False;False;True;;ok;17338.853601268675;15432.412838121325;15432.412838121325;15432.412838121325;90;15432.412838121325;755.2856;1906.4407631473496;Evaluated;5.1333;2.427;64;True;1;
17;1;17;;normal;0;;;;;;;;;;;;;;;;;;;;;End-of-iteration summary row;;;15405.29608275997;15405.29608275997;90;15405.29608275997;755.3036;;IterationSummary;;;;;;
18;1;18;1;normal;0;ba55e177d02a;move;;;7;12;;;;;;;;;;True;False;False;False;;ok;16674.28487087281;15405.29608275997;15405.29608275997;15405.29608275997;91;15405.29608275997;763.2863;1268.988788112838;Evaluated;5.5484;2.427;64;True;1;
18;1;18;2;normal;0;ba55e177d02a;swap;20;21;;;;;;;;;;;;True;False;False;False;;ok;16831.703941241307;15405.29608275997;15405.29608275997;15405.29608275997;92;15405.29608275997;771.1593;1426.407858481336;Evaluated;5.4383;2.4339;64;True;1;
18;1;18;3;normal;0;ba55e177d02a;reinsert_block;;;;;;;35;40;21;;;;;True;False;False;True;;ok;16220.99073184715;15405.29608275997;15405.29608275997;15405.29608275997;93;15405.29608275997;779.1885;815.6946490871796;Evaluated;5.5979;2.4287;64;True;1;
18;1;18;4;normal;0;ba55e177d02a;move;;;60;58;;;;;;;;;;True;False;False;False;;ok;15882.481901055486;15405.29608275997;15405.29608275997;15405.29608275997;94;15405.29608275997;786.668;477.18581829551476;Evaluated;5.2458;2.2306;64;True;1;
18;1;18;5;normal;0;ba55e177d02a;move;;;15;20;;;;;;;;;;True;False;False;False;;ok;16686.605401079065;15405.29608275997;15405.29608275997;15405.29608275997;95;15405.29608275997;794.2579;1281.309318319094;Evaluated;5.1564;2.4303;64;True;1;
18;1;18;;normal;1;;;;;;;;;;;;;;;;;;;;;End-of-iteration summary row;;;15405.29608275997;15405.29608275997;95;15405.29608275997;794.2609;;IterationSummary;;;;;;
19;1;19;1;normal;1;ba55e177d02a;move;;;5;10;;;;;;;;;;True;False;False;False;;ok;16923.08242380825;15405.29608275997;15405.29608275997;15405.29608275997;96;15405.29608275997;802.1887;1517.7863410482787;Evaluated;5.4891;2.428;64;True;1;
19;1;19;2;normal;1;ba55e177d02a;swap;18;20;;;;;;;;;;;;True;False;False;False;;ok;17069.53460639906;15405.29608275997;15405.29608275997;15405.29608275997;97;15405.29608275997;809.8469;1664.2385236390874;Evaluated;5.2288;2.4267;64;True;1;
19;1;19;3;normal;1;ba55e177d02a;move;;;30;35;;;;;;;;;;True;False;False;False;;ok;16171.847045790786;15405.29608275997;15405.29608275997;15405.29608275997;98;15405.29608275997;821.5093;766.5509630308152;Evaluated;9.2295;2.4301;64;True;2;duplicate_for_same_parent_sequence
19;1;19;4;normal;1;ba55e177d02a;move;;;50;48;;;;;;;;;;True;False;False;False;;ok;15522.730845667142;15405.29608275997;15405.29608275997;15405.29608275997;99;15405.29608275997;829.292;117.4347629071708;Evaluated;5.5522;2.2279;64;True;1;
19;1;19;5;normal;1;ba55e177d02a;move;;;50;12;;;;;;;;;;True;False;False;True;;ok;16865.455440045764;15405.29608275997;15405.29608275997;15405.29608275997;100;15405.29608275997;836.8877;1460.1593572857928;Evaluated;5.1649;2.4281;64;True;1;
19;1;19;;normal;2;;;;;;;;;;;;;;;;;;;;;End-of-iteration summary row;;;15405.29608275997;15405.29608275997;100;15405.29608275997;836.8914;;IterationSummary;;;;;;
20;1;20;1;normal;2;ba55e177d02a;move;;;3;8;;;;;;;;;;True;False;False;False;;ok;17902.04505206491;15405.29608275997;15405.29608275997;15405.29608275997;101;15405.29608275997;851.6065;2496.7489693049392;Evaluated;12.2778;2.4287;64;True;3;duplicate_for_same_parent_sequence
20;1;20;2;normal;2;ba55e177d02a;swap;17;20;;;;;;;;;;;;True;False;False;False;;ok;17039.75947901122;15405.29608275997;15405.29608275997;15405.29608275997;102;15405.29608275997;859.4852;1634.463396251249;Evaluated;5.4455;2.4304;64;True;1;
20;1;20;3;normal;2;ba55e177d02a;move;;;45;35;;;;;;;;;;True;False;False;True;;ok;16634.64428951255;15405.29608275997;15405.29608275997;15405.29608275997;103;15405.29608275997;870.8689;1229.3482067525802;Evaluated;8.9511;2.4301;64;True;2;duplicate_for_same_parent_sequence
20;1;20;4;normal;2;ba55e177d02a;swap;48;53;;;;;;;;;;;;True;False;False;False;;ok;16302.118750533336;15405.29608275997;15405.29608275997;15405.29608275997;104;15405.29608275997;881.905;896.8226677733655;Evaluated;8.6012;2.4319;64;True;2;duplicate_for_same_parent_sequence
20;1;20;5;normal;2;ba55e177d02a;move;;;40;5;;;;;;;;;;True;False;False;True;;ok;15597.284381860974;15405.29608275997;15405.29608275997;15405.29608275997;105;15405.29608275997;889.2607;191.98829910100358;Evaluated;5.1208;2.2321;64;True;1;
20;1;20;;normal;3;;;;;;;;;;;;;;;;;;;;;End-of-iteration summary row;;;15405.29608275997;15405.29608275997;105;15405.29608275997;889.264;;IterationSummary;;;;;;
21;1;21;1;diversification;3;ba55e177d02a;move;;;15;30;;;;;;;;;;True;False;False;True;;ok;15418.081706718109;15405.29608275997;15405.29608275997;15405.29608275997;106;15405.29608275997;897.354;12.785623958137876;Evaluated;5.8483;2.2287;64;True;1;
21;1;21;2;diversification;3;ba55e177d02a;reinsert_block;;;;;;;18;24;5;;;;;True;False;False;True;;ok;15888.749372029935;15405.29608275997;15405.29608275997;15405.29608275997;107;15405.29608275997;905.1451;483.45328926996444;Evaluated;5.5641;2.2261;64;True;1;
21;1;21;3;diversification;3;ba55e177d02a;swap;34;40;;;;;;;;;;;;True;False;False;False;;ok;16742.104052369294;15405.29608275997;15405.29608275997;15405.29608275997;108;15405.29608275997;912.8474;1336.8079696093228;Evaluated;5.2718;2.4272;64;True;1;
21;1;21;4;diversification;3;ba55e177d02a;move;;;49;18;;;;;;;;;;True;False;False;True;;ok;17300.70149848604;15405.29608275997;15405.29608275997;15405.29608275997;109;15405.29608275997;923.8922;1895.405415726069;Evaluated;8.6121;2.4295;64;True;2;duplicate_for_same_parent_sequence
21;1;21;5;diversification;3;ba55e177d02a;move;;;25;30;;;;;;;;;;True;False;False;False;;ok;16698.128117444758;15405.29608275997;15405.29608275997;15405.29608275997;110;15405.29608275997;931.6549;1292.8320346847868;Evaluated;5.3322;2.4264;64;True;1;
21;1;21;6;diversification;3;ba55e177d02a;move;;;30;40;;;;;;;;;;True;False;False;True;;ok;15402.234775199091;15405.29608275997;15405.29608275997;15405.29608275997;111;15405.29608275997;942.4886;-3.061307560879868;Evaluated;8.5976;2.2328;64;True;2;duplicate_for_same_parent_sequence
21;1;21;7;diversification;3;ba55e177d02a;swap;10;20;;;;;;;;;;;;True;False;False;False;;ok;17513.229380128094;15405.29608275997;15405.29608275997;15405.29608275997;112;15405.29608275997;953.6573;2107.933297368123;Evaluated;8.7381;2.4279;64;True;2;duplicate_for_same_parent_sequence
21;1;21;8;diversification;3;ba55e177d02a;move;;;30;15;;;;;;;;;;True;False;False;True;;ok;17129.61918948798;15405.29608275997;15405.29608275997;15405.29608275997;113;15405.29608275997;961.5219;1724.3231067280103;Evaluated;5.4343;2.4274;64;True;1;
21;1;21;9;diversification;3;ba55e177d02a;move;;;40;15;;;;;;;;;;True;False;False;True;;ok;16672.544926172057;15405.29608275997;15405.29608275997;15405.29608275997;114;15405.29608275997;969.2519;1267.248843412086;Evaluated;5.2994;2.4278;64;True;1;
21;1;21;10;diversification;3;ba55e177d02a;move;;;53;45;;;;;;;;;;True;False;False;False;;ok;16782.61216793014;15405.29608275997;15405.29608275997;15405.29608275997;115;15405.29608275997;980.2278;1377.3160851701687;Evaluated;8.5424;2.4304;64;True;2;duplicate_for_same_parent_sequence
21;1;21;;diversification;0;;;;;;;;;;;;;;;;;;;;;End-of-iteration summary row;;;15402.234775199091;15402.234775199091;115;15402.234775199091;980.2414;;IterationSummary;;;;;;
22;1;22;1;normal;0;7a8ee021cadc;move;;;8;12;;;;;;;;;;True;False;False;False;;ok;15402.234775199091;15402.234775199091;15402.234775199091;15402.234775199091;116;15402.234775199091;988.1292;0.0;Evaluated;5.6521;2.226;64;True;1;
22;1;22;2;normal;0;7a8ee021cadc;swap;18;20;;;;;;;;;;;;True;False;False;False;;ok;17068.56948670734;15402.234775199091;15402.234775199091;15402.234775199091;117;15402.234775199091;995.7652;1666.3347115082488;Evaluated;5.2067;2.4264;64;True;1;
22;1;22;3;normal;0;7a8ee021cadc;reinsert_block;;;;;;;32;37;48;;;;;True;False;False;True;;ok;15820.555108683586;15402.234775199091;15402.234775199091;15402.234775199091;118;15402.234775199091;1003.675;418.32033348449477;Evaluated;5.6818;2.2252;64;True;1;
22;1;22;4;normal;0;7a8ee021cadc;move;;;50;48;;;;;;;;;;True;False;False;False;;ok;15520.219373631899;15402.234775199091;15402.234775199091;15402.234775199091;119;15402.234775199091;1011.0431;117.98459843280762;Evaluated;5.1307;2.2348;64;True;1;
22;1;22;5;normal;0;7a8ee021cadc;move;;;25;30;;;;;;;;;;True;False;False;False;;ok;16704.372584873276;15402.234775199091;15402.234775199091;15402.234775199091;120;15402.234775199091;1018.8416;1302.1378096741846;Evaluated;5.3683;2.4269;64;True;1;
22;1;22;;normal;1;;;;;;;;;;;;;;;;;;;;;End-of-iteration summary row;;;15402.234775199091;15402.234775199091;120;15402.234775199091;1018.846;;IterationSummary;;;;;;
23;1;23;1;normal;1;7a8ee021cadc;move;;;5;10;;;;;;;;;;True;False;False;False;;ok;16923.36155594643;15402.234775199091;15402.234775199091;15402.234775199091;121;15402.234775199091;1027.2013;1521.1267807473396;Evaluated;5.9169;2.4294;64;True;1;
23;1;23;2;normal;1;7a8ee021cadc;swap;16;20;;;;;;;;;;;;True;False;False;False;;ok;17491.496754693384;15402.234775199091;15402.234775199091;15402.234775199091;122;15402.234775199091;1035.0653;2089.261979494293;Evaluated;5.4339;2.4279;64;True;1;
23;1;23;3;normal;1;7a8ee021cadc;reinsert_block;;;;;;;32;35;40;;;;;True;False;False;False;;ok;16517.00831722712;15402.234775199091;15402.234775199091;15402.234775199091;123;15402.234775199091;1042.9498;1114.7735420280278;Evaluated;5.454;2.4277;64;True;1;
23;1;23;4;normal;1;7a8ee021cadc;move;;;53;45;;;;;;;;;;True;False;False;False;;ok;16773.367247024064;15402.234775199091;15402.234775199091;15402.234775199091;124;15402.234775199091;1050.6131;1371.1324718249725;Evaluated;5.2362;2.4239;64;True;1;
23;1;23;5;normal;1;7a8ee021cadc;move;;;20;15;;;;;;;;;;True;False;False;False;;ok;17034.601463244293;15402.234775199091;15402.234775199091;15402.234775199091;125;15402.234775199091;1058.1981;1632.366688045202;Evaluated;5.1517;2.4304;64;True;1;
23;1;23;;normal;2;;;;;;;;;;;;;;;;;;;;;End-of-iteration summary row;;;15402.234775199091;15402.234775199091;125;15402.234775199091;1058.2012;;IterationSummary;;;;;;
24;1;24;1;normal;2;7a8ee021cadc;move;;;7;13;;;;;;;;;;True;False;False;False;;ok;17736.458787581145;15402.234775199091;15402.234775199091;15402.234775199091;126;15402.234775199091;1069.5802;2334.224012382054;Evaluated;8.9458;2.4243;64;True;2;duplicate_for_same_parent_sequence
24;1;24;2;normal;2;7a8ee021cadc;swap;25;30;;;;;;;;;;;;True;False;False;False;;ok;16706.45875194046;15402.234775199091;15402.234775199091;15402.234775199091;127;15402.234775199091;1081.0634;1304.2239767413685;Evaluated;9.0567;2.4256;64;True;2;duplicate_for_same_parent_sequence
24;1;24;3;normal;2;7a8ee021cadc;reinsert_block;;;;;;;35;40;28;;;;;True;False;False;False;;ok;17120.408659911758;15402.234775199091;15402.234775199091;15402.234775199091;128;15402.234775199091;1089.0791;1718.1738847126671;Evaluated;5.5799;2.4324;64;True;1;
24;1;24;4;normal;2;7a8ee021cadc;move;;;30;25;;;;;;;;;;True;False;False;False;;ok;15475.847840870174;15402.234775199091;15402.234775199091;15402.234775199091;129;15402.234775199091;1100.0105;73.61306567108295;Evaluated;8.7038;2.2246;64;True;2;duplicate_for_same_parent_sequence
24;1;24;5;normal;2;7a8ee021cadc;move;;;18;25;;;;;;;;;;True;False;False;False;;ok;17140.61164314951;15402.234775199091;15402.234775199091;15402.234775199091;130;15402.234775199091;1111.2412;1738.3768679504192;Evaluated;8.7965;2.4312;64;True;2;duplicate_for_same_parent_sequence
24;1;24;;normal;3;;;;;;;;;;;;;;;;;;;;;End-of-iteration summary row;;;15402.234775199091;15402.234775199091;130;15402.234775199091;1111.2449;;IterationSummary;;;;;;
25;1;25;1;diversification;3;7a8ee021cadc;move;;;10;2;;;;;;;;;;True;False;False;False;;ok;18164.467503355678;15402.234775199091;15402.234775199091;15402.234775199091;131;15402.234775199091;1119.586;2762.2327281565867;Evaluated;5.7036;2.6274;64;True;1;
25;1;25;2;diversification;3;7a8ee021cadc;reinsert_block;;;;;;;20;25;10;;;;;True;False;False;True;;ok;17249.287524054773;15402.234775199091;15402.234775199091;15402.234775199091;132;15402.234775199091;1127.5686;1847.0527488556818;Evaluated;5.5526;2.4267;64;True;1;
25;1;25;3;diversification;3;7a8ee021cadc;swap;42;35;;;;;;;;;;;;True;False;False;False;;ok;16491.41607749971;15402.234775199091;15402.234775199091;15402.234775199091;133;15402.234775199091;1135.0826;1089.1813023006198;Evaluated;5.0791;2.4321;64;True;1;
25;1;25;4;diversification;3;7a8ee021cadc;move;;;50;49;;;;;;;;;;True;False;False;False;;ok;15520.219373631899;15402.234775199091;15402.234775199091;15402.234775199091;134;15402.234775199091;1142.6063;117.98459843280762;Evaluated;5.2936;2.2288;64;True;1;
25;1;25;5;diversification;3;7a8ee021cadc;move;;;49;50;;;;;;;;;;True;False;False;False;;ok;15520.219373631899;15402.234775199091;15402.234775199091;15402.234775199091;135;15402.234775199091;1150.1792;117.98459843280762;Evaluated;5.3406;2.2315;64;True;1;
25;1;25;6;diversification;3;7a8ee021cadc;reinsert_block;;;;;;;50;53;45;;;;;True;False;False;False;;ok;16365.956188717255;15402.234775199091;15402.234775199091;15402.234775199091;136;15402.234775199091;1158.4667;963.7214135181639;Evaluated;5.8527;2.4307;64;True;1;
25;1;25;7;diversification;3;7a8ee021cadc;move;;;10;20;;;;;;;;;;True;False;False;True;;ok;17139.740260594503;15402.234775199091;15402.234775199091;15402.234775199091;137;15402.234775199091;1169.7876;1737.5054853954116;Evaluated;8.8901;2.4282;64;True;2;duplicate_for_same_parent_sequence
25;1;25;8;diversification;3;7a8ee021cadc;move;;;8;25;;;;;;;;;;True;False;False;True;;ok;15408.792034937676;15402.234775199091;15402.234775199091;15402.234775199091;138;15402.234775199091;1181.0153;6.557259738585344;Evaluated;8.9973;2.2269;64;True;2;duplicate_for_same_parent_sequence
25;1;25;9;diversification;3;7a8ee021cadc;move;;;28;35;;;;;;;;;;True;False;False;False;;ok;16418.971803003245;15402.234775199091;15402.234775199091;15402.234775199091;139;15402.234775199091;1188.6231;1016.7370278041544;Evaluated;5.1745;2.4294;64;True;1;
25;1;25;10;diversification;3;7a8ee021cadc;move;;;45;50;;;;;;;;;;True;False;False;False;;ok;15419.205336575038;15402.234775199091;15402.234775199091;15402.234775199091;140;15402.234775199091;1196.1653;16.970561375947;Evaluated;5.3046;2.2345;64;True;1;
25;1;25;;diversification;4;;;;;;;;;;;;;;;;;;;;;End-of-iteration summary row;;;15402.234775199091;15402.234775199091;140;15402.234775199091;1196.1683;;IterationSummary;;;;;;
26;1;26;1;diversification;4;7a8ee021cadc;move;;;3;20;;;;;;;;;;True;False;False;True;;ok;17848.678562597106;15402.234775199091;15402.234775199091;15402.234775199091;141;15402.234775199091;1207.6628;2446.443787398015;Evaluated;9.0493;2.4284;64;True;2;duplicate_for_same_parent_sequence
26;1;26;2;diversification;4;7a8ee021cadc;reinsert_block;;;;;;;17;23;35;;;;;True;False;False;True;;ok;16569.540175948714;15402.234775199091;15402.234775199091;15402.234775199091;142;15402.234775199091;1215.5269;1167.305400749623;Evaluated;5.4334;2.4277;64;True;1;
26;1;26;3;diversification;4;7a8ee021cadc;swap;30;40;;;;;;;;;;;;True;False;False;False;;ok;16627.75018920998;15402.234775199091;15402.234775199091;15402.234775199091;143;15402.234775199091;1226.815;1225.515414010888;Evaluated;8.8545;2.4329;64;True;2;duplicate_for_same_parent_sequence
26;1;26;4;diversification;4;7a8ee021cadc;move;;;49;60;;;;;;;;;;True;False;False;True;;ok;15622.411365351454;15402.234775199091;15402.234775199091;15402.234775199091;144;15402.234775199091;1237.397;220.17659015236313;Evaluated;8.3517;2.2274;64;True;2;duplicate_for_same_parent_sequence
26;1;26;5;diversification;4;7a8ee021cadc;move;;;30;15;;;;;;;;;;True;False;False;True;;ok;15459.48773654725;15402.234775199091;15402.234775199091;15402.234775199091;145;15402.234775199091;1248.612;57.25296134815835;Evaluated;8.9777;2.2344;64;True;2;duplicate_for_same_parent_sequence
26;1;26;6;diversification;4;7a8ee021cadc;move;;;40;15;;;;;;;;;;True;False;False;True;;ok;17129.61918948798;15402.234775199091;15402.234775199091;15402.234775199091;146;15402.234775199091;1256.3892;1727.3844142888902;Evaluated;5.3472;2.4272;64;True;1;
26;1;26;7;diversification;4;7a8ee021cadc;move;;;20;40;;;;;;;;;;True;False;False;True;;ok;16387.31805283953;15402.234775199091;15402.234775199091;15402.234775199091;147;15402.234775199091;1270.8885;985.0832776404404;Evaluated;12.0674;2.4286;64;True;3;duplicate_for_same_parent_sequence
26;1;26;8;diversification;4;7a8ee021cadc;move;;;15;20;;;;;;;;;;True;False;False;False;;ok;15411.438109693476;15402.234775199091;15402.234775199091;15402.234775199091;148;15402.234775199091;1278.3737;9.203334494384762;Evaluated;5.2519;2.2304;64;True;1;
26;1;26;9;diversification;4;7a8ee021cadc;move;;;40;10;;;;;;;;;;True;False;False;True;;ok;17332.096172209585;15402.234775199091;15402.234775199091;15402.234775199091;149;15402.234775199091;1289.5044;1929.8613970104943;Evaluated;8.7016;2.4257;64;True;2;duplicate_for_same_parent_sequence
26;1;26;10;diversification;4;7a8ee021cadc;move;;;48;55;;;;;;;;;;True;False;False;False;;ok;15404.442922923432;15402.234775199091;15402.234775199091;15402.234775199091;150;15402.234775199091;1304.1516;2.208147724340961;Evaluated;12.4085;2.2356;64;True;3;duplicate_for_same_parent_sequence
26;1;26;;diversification;5;;;;;;;;;;;;;;;;;;;;;End-of-iteration summary row;;;15402.234775199091;15402.234775199091;150;15402.234775199091;1304.155;;IterationSummary;;;;;;
27;1;27;1;diversification;5;7a8ee021cadc;move;;;7;25;;;;;;;;;;True;False;False;True;;ok;16170.85234509783;15402.234775199091;15402.234775199091;15402.234775199091;151;15402.234775199091;1312.3518;768.617569898739;Evaluated;5.7529;2.4271;64;True;1;
27;1;27;2;diversification;5;7a8ee021cadc;reinsert_block;;;;;;;18;23;40;;;;;True;False;False;True;;ok;16684.667054614845;15402.234775199091;15402.234775199091;15402.234775199091;152;15402.234775199091;1320.2921;1282.4322794157542;Evaluated;5.5032;2.4329;64;True;1;
27;1;27;3;diversification;5;7a8ee021cadc;swap;35;45;;;;;;;;;;;;True;False;False;False;;ok;16490.0437549283;15402.234775199091;15402.234775199091;15402.234775199091;153;15402.234775199091;1331.6452;1087.8089797292105;Evaluated;8.9196;2.4297;64;True;2;duplicate_for_same_parent_sequence
27;1;27;4;diversification;5;7a8ee021cadc;move;;;48;50;;;;;;;;;;True;False;False;False;;ok;15409.62112360745;15402.234775199091;15402.234775199091;15402.234775199091;154;15402.234775199091;1339.1412;7.386348408359481;Evaluated;5.2671;2.2256;64;True;1;
27;1;27;5;diversification;5;7a8ee021cadc;move;;;50;30;;;;;;;;;;True;False;False;True;;ok;16253.73162077357;15402.234775199091;15402.234775199091;15402.234775199091;155;15402.234775199091;1346.9202;851.4968455744784;Evaluated;5.3474;2.4283;64;True;1;
27;1;27;6;diversification;5;7a8ee021cadc;move;;;25;45;;;;;;;;;;True;False;False;True;;ok;15950.174289224957;15402.234775199091;15402.234775199091;15402.234775199091;156;15402.234775199091;1358.1669;547.9395140258657;Evaluated;9.0142;2.2312;64;True;2;duplicate_for_same_parent_sequence
27;1;27;7;diversification;5;7a8ee021cadc;move;;;50;25;;;;;;;;;;True;False;False;True;;ok;16509.773975360098;15402.234775199091;15402.234775199091;15402.234775199091;157;15402.234775199091;1365.8644;1107.539200161007;Evaluated;5.2683;2.4263;64;True;1;
27;1;27;8;diversification;5;7a8ee021cadc;move;;;25;10;;;;;;;;;;True;False;False;True;;ok;17590.33332360167;15402.234775199091;15402.234775199091;15402.234775199091;158;15402.234775199091;1373.5684;2188.0985484025787;Evaluated;5.2662;2.4349;64;True;1;
27;1;27;9;diversification;5;7a8ee021cadc;move;;;45;19;;;;;;;;;;True;False;False;True;;ok;16628.11343272096;15402.234775199091;15402.234775199091;15402.234775199091;159;15402.234775199091;1384.6825;1225.8786575218674;Evaluated;8.6848;2.4265;64;True;2;duplicate_for_same_parent_sequence
27;1;27;10;diversification;5;7a8ee021cadc;move;;;30;10;;;;;;;;;;True;False;False;True;;ok;16917.80074093009;15402.234775199091;15402.234775199091;15402.234775199091;160;15402.234775199091;1395.8197;1515.5659657310007;Evaluated;8.7084;2.4281;64;True;2;duplicate_for_same_parent_sequence
27;1;27;;diversification;6;;;;;;;;;;;;;;;;;;;;;End-of-iteration summary row;;;15402.234775199091;15402.234775199091;160;15402.234775199091;1395.8206;;IterationSummary;;;;;;
28;1;28;1;diversification;6;7a8ee021cadc;move;;;7;15;;;;;;;;;;True;False;False;False;;ok;17296.343000884008;15402.234775199091;15402.234775199091;15402.234775199091;161;15402.234775199091;1403.9114;1894.1082256849168;Evaluated;5.6573;2.4281;64;True;1;
28;1;28;2;diversification;6;7a8ee021cadc;reinsert_block;;;;;;;20;27;45;;;;;True;False;False;True;;ok;17270.011340290614;15402.234775199091;15402.234775199091;15402.234775199091;162;15402.234775199091;1411.8588;1867.7765650915226;Evaluated;5.5186;2.4282;64;True;1;
28;1;28;3;diversification;6;7a8ee021cadc;swap;35;40;;;;;;;;;;;;True;False;False;False;;ok;16167.887605946991;15402.234775199091;15402.234775199091;15402.234775199091;163;15402.234775199091;1419.5275;765.6528307479002;Evaluated;5.2439;2.4241;64;True;1;
28;1;28;4;diversification;6;7a8ee021cadc;move;;;61;50;;;;;;;;;;True;False;False;True;;ok;15938.992745822994;15402.234775199091;15402.234775199091;15402.234775199091;164;15402.234775199091;1426.9287;536.757970623903;Evaluated;5.1738;2.2267;64;True;1;
28;1;28;5;diversification;6;7a8ee021cadc;move;;;20;5;;;;;;;;;;True;False;False;True;;ok;18093.962092323512;15402.234775199091;15402.234775199091;15402.234775199091;165;15402.234775199091;1434.834;2691.7273171244215;Evaluated;5.2765;2.6282;64;True;1;
28;1;28;6;diversification;6;7a8ee021cadc;move;;;30;20;;;;;;;;;;True;False;False;True;;ok;15402.121303423653;15402.234775199091;15402.234775199091;15402.234775199091;166;15402.234775199091;1445.7016;-0.11347177543757425;Evaluated;8.6444;2.2226;64;True;2;duplicate_for_same_parent_sequence
28;1;28;7;diversification;6;7a8ee021cadc;move;;;30;40;;;;;;;;;;True;False;False;True;;ok;16188.077358907414;15402.234775199091;15402.234775199091;15402.234775199091;167;15402.234775199091;1456.6908;785.8425837083232;Evaluated;8.5592;2.4293;64;True;2;duplicate_for_same_parent_sequence
28;1;28;8;diversification;6;7a8ee021cadc;move;;;7;18;;;;;;;;;;True;False;False;True;;ok;16624.492158018053;15402.234775199091;15402.234775199091;15402.234775199091;168;15402.234775199091;1464.3062;1222.2573828189616;Evaluated;5.1876;2.4271;64;True;1;
28;1;28;9;diversification;6;7a8ee021cadc;move;;;20;35;;;;;;;;;;True;False;False;True;;ok;16392.54856843209;15402.234775199091;15402.234775199091;15402.234775199091;169;15402.234775199091;1472.2921;990.3137932329973;Evaluated;5.555;2.4301;64;True;1;
28;1;28;10;diversification;6;7a8ee021cadc;move;;;40;50;;;;;;;;;;True;False;False;True;;ok;15352.773496569896;15402.234775199091;15402.234775199091;15402.234775199091;170;15402.234775199091;1479.8582;-49.46127862919457;Evaluated;5.3361;2.2293;64;True;1;
28;1;28;;diversification;0;;;;;;;;;;;;;;;;;;;;;End-of-iteration summary row;;;15352.773496569896;15352.773496569896;170;15352.773496569896;1479.8654;;IterationSummary;;;;;;
29;1;29;1;normal;0;cd8c217e8e08;move;;;5;10;;;;;;;;;;True;False;False;False;;ok;16917.908594751232;15352.773496569896;15352.773496569896;15352.773496569896;171;15352.773496569896;1487.7219;1565.1350981813357;Evaluated;5.4233;2.4266;64;True;1;
29;1;29;2;normal;0;cd8c217e8e08;swap;20;21;;;;;;;;;;;;True;False;False;False;;ok;16826.11768215129;15352.773496569896;15352.773496569896;15352.773496569896;172;15352.773496569896;1495.4423;1473.3441855813926;Evaluated;5.289;2.4307;64;True;1;
29;1;29;3;normal;0;cd8c217e8e08;reinsert_block;;;;;;;32;40;50;;;;;True;False;False;True;;ok;16251.888595556738;15352.773496569896;15352.773496569896;15352.773496569896;173;15352.773496569896;1503.3855;899.115098986842;Evaluated;5.5122;2.4302;64;True;1;
29;1;29;4;normal;0;cd8c217e8e08;move;;;50;48;;;;;;;;;;True;False;False;False;;ok;15349.883285897096;15352.773496569896;15352.773496569896;15352.773496569896;174;15352.773496569896;1510.8358;-2.8902106728000945;Evaluated;5.2264;2.2233;64;True;1;
29;1;29;5;normal;0;cd8c217e8e08;move;;;20;5;;;;;;;;;;True;False;False;True;;ok;18088.50913112831;15352.773496569896;15352.773496569896;15352.773496569896;175;15352.773496569896;1518.2129;2735.735634558414;Evaluated;4.9437;2.4327;64;True;1;
29;1;29;;normal;0;;;;;;;;;;;;;;;;;;;;;End-of-iteration summary row;;;15349.883285897096;15349.883285897096;175;15349.883285897096;1518.2196;;IterationSummary;;;;;;
30;1;30;1;normal;0;47bb58f31bba;move;;;7;18;;;;;;;;;;True;False;False;True;;ok;16619.03919604967;15349.883285897096;15349.883285897096;15349.883285897096;176;15349.883285897096;1526.2843;1269.1559101525745;Evaluated;5.6231;2.4335;64;True;1;
30;1;30;2;normal;0;47bb58f31bba;swap;17;20;;;;;;;;;;;;True;False;False;False;;ok;17028.502936092435;15349.883285897096;15349.883285897096;15349.883285897096;177;15349.883285897096;1534.0825;1678.6196501953382;Evaluated;5.3695;2.4273;64;True;1;
30;1;30;3;normal;0;47bb58f31bba;reinsert_block;;;;;;;35;40;20;;;;;True;False;False;True;;ok;16043.512334904819;15349.883285897096;15349.883285897096;15349.883285897096;178;15349.883285897096;1541.9176;693.6290490077226;Evaluated;5.6035;2.2288;64;True;1;
30;1;30;4;normal;0;47bb58f31bba;move;;;50;48;;;;;;;;;;True;False;False;False;;ok;15520.219373631899;15349.883285897096;15349.883285897096;15349.883285897096;179;15349.883285897096;1549.6448;170.33608773480228;Evaluated;5.4917;2.2327;64;True;1;
30;1;30;5;normal;0;47bb58f31bba;move;;;40;5;;;;;;;;;;True;False;False;True;;ok;17529.211838252275;15349.883285897096;15349.883285897096;15349.883285897096;180;15349.883285897096;1557.2209;2179.3285523551785;Evaluated;5.106;2.4671;64;True;1;
30;1;30;;normal;1;;;;;;;;;;;;;;;;;;;;;End-of-iteration summary row;;;15349.883285897096;15349.883285897096;180;15349.883285897096;1557.224;;IterationSummary;;;;;;
31;1;31;1;normal;1;47bb58f31bba;move;;;8;12;;;;;;;;;;True;False;False;False;;ok;15349.883285897096;15349.883285897096;15349.883285897096;15349.883285897096;181;15349.883285897096;1565.0367;0.0;Evaluated;5.5669;2.235;64;True;1;
31;1;31;2;normal;1;47bb58f31bba;swap;18;20;;;;;;;;;;;;True;False;False;False;;ok;17059.17084091174;15349.883285897096;15349.883285897096;15349.883285897096;182;15349.883285897096;1572.6281;1709.2875550146418;Evaluated;5.1604;2.4282;64;True;1;
31;1;31;3;normal;1;47bb58f31bba;move;;;38;15;;;;;;;;;;True;False;False;True;;ok;15451.635873661362;15349.883285897096;15349.883285897096;15349.883285897096;183;15349.883285897096;1583.814;101.75258776426563;Evaluated;8.9519;2.2308;64;True;2;duplicate_for_same_parent_sequence
31;1;31;4;normal;1;47bb58f31bba;move;;;60;58;;;;;;;;;;True;False;False;False;;ok;15343.230209077808;15349.883285897096;15349.883285897096;15349.883285897096;184;15349.883285897096;1594.647;-6.6530768192878895;Evaluated;8.5937;2.2364;64;True;2;duplicate_for_same_parent_sequence
31;1;31;5;normal;1;47bb58f31bba;move;;;10;25;;;;;;;;;;True;False;False;True;;ok;17017.836273048488;15349.883285897096;15349.883285897096;15349.883285897096;185;15349.883285897096;1602.2072;1667.9529871513914;Evaluated;5.128;2.4281;64;True;1;
31;1;31;;normal;0;;;;;;;;;;;;;;;;;;;;;End-of-iteration summary row;;;15343.230209077808;15343.230209077808;185;15343.230209077808;1602.224;;IterationSummary;;;;;;
32;1;32;1;normal;0;59f48ac16fda;move;;;7;18;;;;;;;;;;True;False;False;True;;ok;16554.60882957933;15343.230209077808;15343.230209077808;15343.230209077808;186;15343.230209077808;1610.2552;1211.3786205015222;Evaluated;5.5958;2.4291;64;True;1;
32;1;32;2;normal;0;59f48ac16fda;swap;17;20;;;;;;;;;;;;True;False;False;False;;ok;16967.93644458759;15343.230209077808;15343.230209077808;15343.230209077808;187;15343.230209077808;1617.9662;1624.7062355097823;Evaluated;5.2753;2.4266;64;True;1;
32;1;32;3;normal;0;59f48ac16fda;reinsert_block;;;;;;;35;40;25;;;;;True;False;False;True;;ok;16516.828648147522;15343.230209077808;15343.230209077808;15343.230209077808;188;15343.230209077808;1625.9359;1173.598439069714;Evaluated;5.5381;2.4289;64;True;1;
32;1;32;4;normal;0;59f48ac16fda;move;;;50;48;;;;;;;;;;True;False;False;False;;ok;15894.099846241003;15343.230209077808;15343.230209077808;15343.230209077808;189;15343.230209077808;1633.4034;550.869637163194;Evaluated;5.233;2.2316;64;True;1;
32;1;32;5;normal;0;59f48ac16fda;move;;;28;35;;;;;;;;;;True;False;False;False;;ok;16348.07831902226;15343.230209077808;15343.230209077808;15343.230209077808;190;15343.230209077808;1640.977;1004.8481099444507;Evaluated;5.1439;2.426;64;True;1;
32;1;32;;normal;1;;;;;;;;;;;;;;;;;;;;;End-of-iteration summary row;;;15343.230209077808;15343.230209077808;190;15343.230209077808;1640.9807;;IterationSummary;;;;;;
33;1;33;1;normal;1;59f48ac16fda;move;;;10;25;;;;;;;;;;True;False;False;True;;ok;16957.269781543644;15343.230209077808;15343.230209077808;15343.230209077808;191;15343.230209077808;1649.0322;1614.0395724658356;Evaluated;5.6134;2.4247;64;True;1;
33;1;33;2;normal;1;59f48ac16fda;swap;20;21;;;;;;;;;;;;True;False;False;False;;ok;16757.78788116699;15343.230209077808;15343.230209077808;15343.230209077808;192;15343.230209077808;1656.6315;1414.5576720891822;Evaluated;5.1674;2.4312;64;True;1;
33;1;33;3;normal;1;59f48ac16fda;reinsert_block;;;;;;;35;40;28;;;;;True;False;False;False;;ok;15959.173638996517;15343.230209077808;15343.230209077808;15343.230209077808;193;15343.230209077808;1664.4678;615.9434299187087;Evaluated;5.6069;2.2288;64;True;1;
33;1;33;4;normal;1;59f48ac16fda;move;;;48;55;;;;;;;;;;True;False;False;False;;ok;15343.230209077808;15343.230209077808;15343.230209077808;15343.230209077808;194;15343.230209077808;1671.9626;0.0;Evaluated;5.2679;2.2261;64;True;1;
33;1;33;5;normal;1;59f48ac16fda;move;;;25;10;;;;;;;;;;True;False;False;True;;ok;17520.36818630123;15343.230209077808;15343.230209077808;15343.230209077808;195;15343.230209077808;1679.3686;2177.137977223423;Evaluated;4.9779;2.4274;64;True;1;
33;1;33;;normal;2;;;;;;;;;;;;;;;;;;;;;End-of-iteration summary row;;;15343.230209077808;15343.230209077808;195;15343.230209077808;1679.3692;;IterationSummary;;;;;;
34;1;34;1;normal;2;59f48ac16fda;move;;;25;30;;;;;;;;;;True;False;False;False;;ok;16633.030513698966;15343.230209077808;15343.230209077808;15343.230209077808;196;15343.230209077808;1690.9235;1289.800304621158;Evaluated;9.1124;2.4342;64;True;2;duplicate_for_same_parent_sequence
34;1;34;2;normal;2;59f48ac16fda;swap;17;25;;;;;;;;;;;;True;False;False;False;;ok;17054.500689604032;15343.230209077808;15343.230209077808;15343.230209077808;197;15343.230209077808;1702.0459;1711.2704805262238;Evaluated;8.693;2.4266;64;True;2;duplicate_for_same_parent_sequence
34;1;34;3;normal;2;59f48ac16fda;move;;;30;15;;;;;;;;;;True;False;False;True;;ok;15398.728157208574;15343.230209077808;15343.230209077808;15343.230209077808;198;15343.230209077808;1713.7447;55.49794813076551;Evaluated;9.4681;2.2267;64;True;2;duplicate_for_same_parent_sequence
34;1;34;4;normal;2;59f48ac16fda;move;;;60;58;;;;;;;;;;True;False;False;False;;ok;15367.396653181053;15343.230209077808;15343.230209077808;15343.230209077808;199;15343.230209077808;1724.5853;24.16644410324443;Evaluated;8.6104;2.2271;64;True;2;duplicate_for_same_parent_sequence
34;1;34;5;normal;2;59f48ac16fda;move;;;40;5;;;;;;;;;;True;False;False;True;;ok;17475.319991459655;15343.230209077808;15343.230209077808;15343.230209077808;200;15343.230209077808;1732.095;2132.089782381847;Evaluated;5.0814;2.4253;64;True;1;
34;1;34;;normal;3;;;;;;;;;;;;;;;;;;;;;End-of-iteration summary row;;;15343.230209077808;15343.230209077808;200;15343.230209077808;1732.0958;;IterationSummary;;;;;;
35;1;35;1;diversification;3;59f48ac16fda;move;;;35;8;;;;;;;;;;True;False;False;True;;ok;17510.176164730074;15343.230209077808;15343.230209077808;15343.230209077808;201;15343.230209077808;1743.6616;2166.945955652265;Evaluated;9.1215;2.4371;64;True;2;duplicate_for_same_parent_sequence
35;1;35;2;diversification;3;59f48ac16fda;reinsert_block;;;;;;;18;23;5;;;;;True;False;False;True;;ok;16584.18140899068;15343.230209077808;15343.230209077808;15343.230209077808;202;15343.230209077808;1751.6279;1240.9511999128717;Evaluated;5.5359;2.4275;64;True;1;
35;1;35;3;diversification;3;59f48ac16fda;swap;35;40;;;;;;;;;;;;True;False;False;False;;ok;16067.59292595143;15343.230209077808;15343.230209077808;15343.230209077808;203;15343.230209077808;1759.3895;724.362716873622;Evaluated;5.5238;2.2367;64;True;1;
35;1;35;4;diversification;3;59f48ac16fda;move;;;50;49;;;;;;;;;;True;False;False;False;;ok;15890.026198294721;15343.230209077808;15343.230209077808;15343.230209077808;204;15343.230209077808;1770.1822;546.7959892169129;Evaluated;8.5583;2.2317;64;True;2;duplicate_for_same_parent_sequence
35;1;35;5;diversification;3;59f48ac16fda;move;;;8;12;;;;;;;;;;True;False;False;False;;ok;15343.230209077808;15343.230209077808;15343.230209077808;15343.230209077808;205;15343.230209077808;1777.7407;0.0;Evaluated;5.3347;2.2232;64;True;1;
35;1;35;6;diversification;3;59f48ac16fda;move;;;40;20;;;;;;;;;;True;False;False;True;;ok;17093.273034884172;15343.230209077808;15343.230209077808;15343.230209077808;206;15343.230209077808;1785.438;1750.042825806364;Evaluated;5.2659;2.4307;64;True;1;
35;1;35;7;diversification;3;59f48ac16fda;move;;;20;5;;;;;;;;;;True;False;False;True;;ok;18024.078763884794;15343.230209077808;15343.230209077808;15343.230209077808;207;15343.230209077808;1793.067;2680.8485548069857;Evaluated;5.1972;2.4287;64;True;1;
35;1;35;8;diversification;3;59f48ac16fda;move;;;8;25;;;;;;;;;;True;False;False;True;;ok;15350.317580175051;15343.230209077808;15343.230209077808;15343.230209077808;208;15343.230209077808;1800.5321;7.087371097242794;Evaluated;5.2322;2.2296;64;True;1;
35;1;35;9;diversification;3;59f48ac16fda;swap;28;30;;;;;;;;;;;;True;False;False;False;;ok;16357.608322921673;15343.230209077808;15343.230209077808;15343.230209077808;209;15343.230209077808;1811.6642;1014.3781138438644;Evaluated;8.6968;2.4333;64;True;2;duplicate_for_same_parent_sequence
35;1;35;10;diversification;3;59f48ac16fda;move;;;30;20;;;;;;;;;;True;False;False;True;;ok;15343.973701817104;15343.230209077808;15343.230209077808;15343.230209077808;210;15343.230209077808;1826.1263;0.7434927392951067;Evaluated;12.2306;2.2287;64;True;3;duplicate_for_same_parent_sequence
35;1;35;;diversification;4;;;;;;;;;;;;;;;;;;;;;End-of-iteration summary row;;;15343.230209077808;15343.230209077808;210;15343.230209077808;1826.1273;;IterationSummary;;;;;;
36;1;36;1;diversification;4;59f48ac16fda;move;;;8;35;;;;;;;;;;True;False;False;True;;ok;15878.766065083662;15343.230209077808;15343.230209077808;15343.230209077808;211;15343.230209077808;1833.9369;535.5358560058539;Evaluated;5.5705;2.2326;64;True;1;
36;1;36;2;diversification;4;59f48ac16fda;move;;;28;40;;;;;;;;;;True;False;False;True;;ok;16371.482090109157;15343.230209077808;15343.230209077808;15343.230209077808;212;15343.230209077808;1845.5392;1028.2518810313486;Evaluated;9.1749;2.4242;64;True;2;duplicate_for_same_parent_sequence
36;1;36;3;diversification;4;59f48ac16fda;swap;32;38;;;;;;;;;;;;True;False;False;False;;ok;15983.934499168088;15343.230209077808;15343.230209077808;15343.230209077808;213;15343.230209077808;1856.3472;640.7042900902798;Evaluated;8.5809;2.2253;64;True;2;duplicate_for_same_parent_sequence
36;1;36;4;diversification;4;59f48ac16fda;move;;;50;30;;;;;;;;;;True;False;False;True;;ok;16631.21812093621;15343.230209077808;15343.230209077808;15343.230209077808;214;15343.230209077808;1867.4978;1287.9879118584013;Evaluated;8.7196;2.4278;64;True;2;duplicate_for_same_parent_sequence
36;1;36;5;diversification;4;59f48ac16fda;move;;;28;10;;;;;;;;;;True;False;False;True;;ok;16947.954895795334;15343.230209077808;15343.230209077808;15343.230209077808;215;15343.230209077808;1875.385;1604.7246867175254;Evaluated;5.453;2.4314;64;True;1;
36;1;36;6;diversification;4;59f48ac16fda;move;;;50;35;;;;;;;;;;True;False;False;True;;ok;16437.889664879724;15343.230209077808;15343.230209077808;15343.230209077808;216;15343.230209077808;1882.7661;1094.659455801915;Evaluated;4.9483;2.4301;64;True;1;
36;1;36;7;diversification;4;59f48ac16fda;move;;;35;20;;;;;;;;;;True;False;False;True;;ok;16590.026327938504;15343.230209077808;15343.230209077808;15343.230209077808;217;15343.230209077808;1893.9239;1246.796118860695;Evaluated;8.7258;2.4284;64;True;2;duplicate_for_same_parent_sequence
36;1;36;8;diversification;4;59f48ac16fda;move;;;8;20;;;;;;;;;;True;False;False;True;;ok;16566.579439285513;15343.230209077808;15343.230209077808;15343.230209077808;218;15343.230209077808;1901.5221;1223.3492302077047;Evaluated;5.1671;2.4283;64;True;1;
36;1;36;9;diversification;4;59f48ac16fda;move;;;35;24;;;;;;;;;;True;False;False;True;;ok;16590.026327938504;15343.230209077808;15343.230209077808;15343.230209077808;219;15343.230209077808;1916.5103;1246.796118860695;Evaluated;12.5536;2.4311;64;True;3;duplicate_for_same_parent_sequence
36;1;36;10;diversification;4;59f48ac16fda;move;;;55;45;;;;;;;;;;True;False;False;True;;ok;15881.553012318453;15343.230209077808;15343.230209077808;15343.230209077808;220;15343.230209077808;1927.7414;538.3228032406441;Evaluated;9.0003;2.2277;64;True;2;duplicate_for_same_parent_sequence
36;1;36;;diversification;5;;;;;;;;;;;;;;;;;;;;;End-of-iteration summary row;;;15343.230209077808;15343.230209077808;220;15343.230209077808;1927.7446;;IterationSummary;;;;;;
37;1;37;1;diversification;5;59f48ac16fda;move;;;4;20;;;;;;;;;;True;False;False;True;;ok;17574.825390358375;15343.230209077808;15343.230209077808;15343.230209077808;221;15343.230209077808;1942.8587;2231.595181280567;Evaluated;12.6786;2.4277;64;True;3;duplicate_for_same_parent_sequence
37;1;37;2;diversification;5;59f48ac16fda;reinsert_block;;;;;;;18;23;5;;;;;False;True;False;;;ok;;15343.230209077808;15343.230209077808;15343.230209077808;221;15343.230209077808;1955.5121;;DuplicateForSameParentSequenceAfterRetries;12.6497;;;;3;duplicate_for_same_parent_sequence
37;1;37;3;diversification;5;59f48ac16fda;swap;38;42;;;;;;;;;;;;True;False;False;False;;ok;15889.453441350013;15343.230209077808;15343.230209077808;15343.230209077808;222;15343.230209077808;1962.9295;546.2232322722048;Evaluated;5.1845;2.2319;64;True;1;
37;1;37;4;diversification;5;59f48ac16fda;move;;;48;10;;;;;;;;;;True;False;False;True;;ok;17260.753469643467;15343.230209077808;15343.230209077808;15343.230209077808;223;15343.230209077808;1974.0809;1917.5232605656583;Evaluated;8.7135;2.4346;64;True;2;duplicate_for_same_parent_sequence
37;1;37;5;diversification;5;59f48ac16fda;move;;;5;10;;;;;;;;;;True;False;False;False;;ok;16853.478227507716;15343.230209077808;15343.230209077808;15343.230209077808;224;15343.230209077808;1982.0707;1510.2480184299075;Evaluated;5.5567;2.4295;64;True;1;
37;1;37;6;diversification;5;59f48ac16fda;move;;;48;25;;;;;;;;;;True;False;False;True;;ok;15888.189779470384;15343.230209077808;15343.230209077808;15343.230209077808;225;15343.230209077808;1993.0402;544.9595703925752;Evaluated;8.7411;2.2277;64;True;2;duplicate_for_same_parent_sequence
37;1;37;7;diversification;5;59f48ac16fda;move;;;15;30;;;;;;;;;;True;False;False;True;;ok;15888.424481476904;15343.230209077808;15343.230209077808;15343.230209077808;226;15343.230209077808;2000.4632;545.194272399096;Evaluated;5.1902;2.2296;64;True;1;
37;1;37;8;diversification;5;59f48ac16fda;move;;;30;15;;;;;;;;;;False;True;False;;;ok;;15343.230209077808;15343.230209077808;15343.230209077808;226;15343.230209077808;2012.8386;;DuplicateForSameParentSequenceAfterRetries;12.372;;;;3;duplicate_for_same_parent_sequence
37;1;37;9;diversification;5;59f48ac16fda;move;;;28;40;;;;;;;;;;False;True;False;;;ok;;15343.230209077808;15343.230209077808;15343.230209077808;226;15343.230209077808;2025.0117;;DuplicateForSameParentSequenceAfterRetries;12.1721;;;;3;duplicate_for_same_parent_sequence
37;1;37;10;diversification;5;59f48ac16fda;move;;;40;30;;;;;;;;;;True;False;False;True;;ok;16177.453509560743;15343.230209077808;15343.230209077808;15343.230209077808;227;15343.230209077808;2039.91;834.2233004829341;Evaluated;12.4668;2.4306;64;True;3;duplicate_for_same_parent_sequence
37;1;37;;diversification;6;;;;;;;;;;;;;;;;;;;;;End-of-iteration summary row;;;15343.230209077808;15343.230209077808;227;15343.230209077808;2039.9126;;IterationSummary;;;;;;
38;1;38;1;diversification;6;59f48ac16fda;move;;;15;3;;;;;;;;;;True;False;False;True;;ok;17627.19786551687;15343.230209077808;15343.230209077808;15343.230209077808;228;15343.230209077808;2054.7955;2283.967656439063;Evaluated;12.434;2.4299;64;True;3;duplicate_for_same_parent_sequence
38;1;38;2;diversification;6;59f48ac16fda;move;;;20;40;;;;;;;;;;True;False;False;True;;ok;16334.718250319955;15343.230209077808;15343.230209077808;15343.230209077808;229;15343.230209077808;2066.2199;991.4880412421462;Evaluated;8.9886;2.4326;64;True;2;duplicate_for_same_parent_sequence
38;1;38;3;diversification;6;59f48ac16fda;swap;32;40;;;;;;;;;;;;True;False;False;False;;ok;15973.848553054006;15343.230209077808;15343.230209077808;15343.230209077808;230;15343.230209077808;2073.6934;630.6183439761971;Evaluated;5.2421;2.2296;64;True;1;
38;1;38;4;diversification;6;59f48ac16fda;move;;;60;30;;;;;;;;;;True;False;False;True;;ok;16541.51435042105;15343.230209077808;15343.230209077808;15343.230209077808;231;15343.230209077808;2088.2393;1198.2841413432416;Evaluated;12.1134;2.4294;64;True;3;duplicate_for_same_parent_sequence
38;1;38;5;diversification;6;59f48ac16fda;swap;3;7;;;;;;;;;;;;True;False;False;False;;ok;17551.331018626064;15343.230209077808;15343.230209077808;15343.230209077808;232;15343.230209077808;2099.3758;2208.1008095482557;Evaluated;8.7016;2.4322;64;True;2;duplicate_for_same_parent_sequence
38;1;38;6;diversification;6;59f48ac16fda;move;;;48;35;;;;;;;;;;True;False;False;True;;ok;16100.504343224666;15343.230209077808;15343.230209077808;15343.230209077808;233;15343.230209077808;2107.0977;757.2741341468573;Evaluated;5.2918;2.4275;64;True;1;
38;1;38;7;diversification;6;59f48ac16fda;move;;;45;20;;;;;;;;;;True;False;False;True;;ok;16215.212664374141;15343.230209077808;15343.230209077808;15343.230209077808;234;15343.230209077808;2114.7877;871.9824552963328;Evaluated;5.2574;2.4291;64;True;1;
38;1;38;8;diversification;6;59f48ac16fda;move;;;10;30;;;;;;;;;;True;False;False;True;;ok;16614.03079540318;15343.230209077808;15343.230209077808;15343.230209077808;235;15343.230209077808;2126.0522;1270.800586325373;Evaluated;8.8328;2.4281;64;True;2;duplicate_for_same_parent_sequence
38;1;38;9;diversification;6;59f48ac16fda;move;;;24;18;;;;;;;;;;True;False;False;False;;ok;15403.066371948798;15343.230209077808;15343.230209077808;15343.230209077808;236;15343.230209077808;2137.1805;59.83616287098994;Evaluated;8.8971;2.2278;64;True;2;duplicate_for_same_parent_sequence
38;1;38;10;diversification;6;59f48ac16fda;move;;;50;25;;;;;;;;;;True;False;False;True;;ok;16886.7887069239;15343.230209077808;15343.230209077808;15343.230209077808;237;15343.230209077808;2144.8556;1543.558497846092;Evaluated;5.2489;2.4247;64;True;1;
38;1;38;;diversification;7;;;;;;;;;;;;;;;;;;;;;End-of-iteration summary row;;;15343.230209077808;15343.230209077808;237;15343.230209077808;2144.8563;;IterationSummary;;;;;;
39;1;39;1;diversification;7;59f48ac16fda;move;;;40;15;;;;;;;;;;True;False;False;True;;ok;17094.83159551827;15343.230209077808;15343.230209077808;15343.230209077808;238;15343.230209077808;2153.0115;1751.6013864404613;Evaluated;5.7247;2.4255;64;True;1;
39;1;39;2;diversification;7;59f48ac16fda;reinsert_block;;;;;;;18;24;35;;;;;True;False;False;True;;ok;16490.082547668666;15343.230209077808;15343.230209077808;15343.230209077808;239;15343.230209077808;2160.8066;1146.8523385908575;Evaluated;5.3613;2.4305;64;True;1;
39;1;39;3;diversification;7;59f48ac16fda;swap;32;47;;;;;;;;;;;;True;False;False;True;;ok;15343.848153801038;15343.230209077808;15343.230209077808;15343.230209077808;240;15343.230209077808;2171.9577;0.6179447232298116;Evaluated;8.9221;2.2265;64;True;2;duplicate_for_same_parent_sequence
39;1;39;4;diversification;7;59f48ac16fda;move;;;60;10;;;;;;;;;;True;False;False;True;;ok;17903.724409638875;15343.230209077808;15343.230209077808;15343.230209077808;241;15343.230209077808;2186.659;2560.4942005610665;Evaluated;12.2688;2.4318;64;True;3;duplicate_for_same_parent_sequence
39;1;39;5;diversification;7;59f48ac16fda;move;;;20;3;;;;;;;;;;True;False;False;True;;ok;17236.32606347298;15343.230209077808;15343.230209077808;15343.230209077808;242;15343.230209077808;2194.3683;1893.0958543951729;Evaluated;5.2784;2.4284;64;True;1;
39;1;39;6;diversification;7;59f48ac16fda;move;;;18;32;;;;;;;;;;True;False;False;True;;ok;16413.488413811436;15343.230209077808;15343.230209077808;15343.230209077808;243;15343.230209077808;2205.6376;1070.2582047336273;Evaluated;8.8389;2.4278;64;True;2;duplicate_for_same_parent_sequence
39;1;39;7;diversification;7;59f48ac16fda;move;;;5;30;;;;;;;;;;True;False;False;True;;ok;17291.602401002252;15343.230209077808;15343.230209077808;15343.230209077808;244;15343.230209077808;2219.9366;1948.3721919244435;Evaluated;11.8701;2.426;64;True;3;duplicate_for_same_parent_sequence
39;1;39;8;diversification;7;59f48ac16fda;move;;;8;30;;;;;;;;;;True;False;False;True;;ok;15889.072722062381;15343.230209077808;15343.230209077808;15343.230209077808;245;15343.230209077808;2227.386;545.8425129845727;Evaluated;5.222;2.2248;64;True;1;
39;1;39;9;diversification;7;59f48ac16fda;move;;;18;40;;;;;;;;;;True;False;False;True;;ok;15957.055904680084;15343.230209077808;15343.230209077808;15343.230209077808;246;15343.230209077808;2238.3568;613.825695602276;Evaluated;8.7391;2.2285;64;True;2;duplicate_for_same_parent_sequence
39;1;39;10;diversification;7;59f48ac16fda;move;;;40;50;;;;;;;;;;True;False;False;True;;ok;15881.06304395812;15343.230209077808;15343.230209077808;15343.230209077808;247;15343.230209077808;2245.8791;537.8328348803116;Evaluated;5.2891;2.2304;64;True;1;
39;1;39;;diversification;8;;;;;;;;;;;;;;;;;;;;;End-of-iteration summary row;;;15343.230209077808;15343.230209077808;247;15343.230209077808;2245.8824;;IterationSummary;;;;;;
40;1;40;1;diversification;8;59f48ac16fda;move;;;3;20;;;;;;;;;;True;False;False;True;;ok;17777.58390007723;15343.230209077808;15343.230209077808;15343.230209077808;248;15343.230209077808;2257.5045;2434.35369099942;Evaluated;9.1803;2.4282;64;True;2;duplicate_for_same_parent_sequence
40;1;40;2;diversification;8;59f48ac16fda;reinsert_block;;;;;;;18;24;35;;;;;False;True;False;;;ok;;15343.230209077808;15343.230209077808;15343.230209077808;248;15343.230209077808;2270.2634;;DuplicateForSameParentSequenceAfterRetries;12.756;;;;3;duplicate_for_same_parent_sequence
40;1;40;3;diversification;8;59f48ac16fda;move;;;35;10;;;;;;;;;;True;False;False;True;;ok;17602.33646202901;15343.230209077808;15343.230209077808;15343.230209077808;249;15343.230209077808;2281.3975;2259.1062529512;Evaluated;8.7046;2.4284;64;True;2;duplicate_for_same_parent_sequence
40;1;40;4;diversification;8;59f48ac16fda;move;;;58;49;;;;;;;;;;True;False;False;False;;ok;16468.178631228377;15343.230209077808;15343.230209077808;15343.230209077808;250;15343.230209077808;2289.1572;1124.9484221505681;Evaluated;5.3252;2.4318;64;True;1;
40;1;40;5;diversification;8;59f48ac16fda;move;;;50;10;;;;;;;;;;True;False;False;True;;ok;17992.9564115552;15343.230209077808;15343.230209077808;15343.230209077808;251;15343.230209077808;2300.4135;2649.72620247739;Evaluated;8.8224;2.431;64;True;2;duplicate_for_same_parent_sequence
40;1;40;6;diversification;8;59f48ac16fda;move;;;24;45;;;;;;;;;;True;False;False;True;;ok;16022.910220661712;15343.230209077808;15343.230209077808;15343.230209077808;252;15343.230209077808;2315.1207;679.6800115839033;Evaluated;12.4749;2.2288;64;True;3;duplicate_for_same_parent_sequence
40;1;40;7;diversification;8;59f48ac16fda;move;;;25;40;;;;;;;;;;True;False;False;True;;ok;15967.346970747978;15343.230209077808;15343.230209077808;15343.230209077808;253;15343.230209077808;2322.5982;624.1167616701696;Evaluated;5.2517;2.2245;64;True;1;
40;1;40;8;diversification;8;59f48ac16fda;move;;;15;20;;;;;;;;;;True;False;False;False;;ok;15349.55196815464;15343.230209077808;15343.230209077808;15343.230209077808;254;15343.230209077808;2330.1453;6.321759076830858;Evaluated;5.3122;2.2317;64;True;1;
40;1;40;9;diversification;8;59f48ac16fda;move;;;24;35;;;;;;;;;;True;False;False;True;;ok;15343.230209077808;15343.230209077808;15343.230209077808;15343.230209077808;255;15343.230209077808;2337.5982;0.0;Evaluated;5.2231;2.2269;64;True;1;
40;1;40;10;diversification;8;59f48ac16fda;move;;;48;20;;;;;;;;;;True;False;False;True;;ok;17017.569685350765;15343.230209077808;15343.230209077808;15343.230209077808;256;15343.230209077808;2348.7704;1674.3394762729567;Evaluated;8.7394;2.4299;64;True;2;duplicate_for_same_parent_sequence
40;1;40;;diversification;9;;;;;;;;;;;;;;;;;;;;;End-of-iteration summary row;;;15343.230209077808;15343.230209077808;256;15343.230209077808;2348.7739;;IterationSummary;;;;;;
41;1;41;1;diversification;9;59f48ac16fda;move;;;5;20;;;;;;;;;;True;False;False;True;;ok;17289.51282432286;15343.230209077808;15343.230209077808;15343.230209077808;257;15343.230209077808;2356.7579;1946.2826152450525;Evaluated;5.5415;2.4291;64;True;1;
41;1;41;2;diversification;9;59f48ac16fda;move;;;20;35;;;;;;;;;;True;False;False;True;;ok;16325.367684880643;15343.230209077808;15343.230209077808;15343.230209077808;258;15343.230209077808;2368.1615;982.1374758028342;Evaluated;8.9741;2.4269;64;True;2;duplicate_for_same_parent_sequence
41;1;41;3;diversification;9;59f48ac16fda;swap;32;47;;;;;;;;;;;;False;True;True;;;ok;;15343.230209077808;15343.230209077808;15343.230209077808;258;15343.230209077808;2380.3191;;DuplicateForSameParentSequenceAfterRetries;12.157;;;;3;duplicate_for_same_parent_sequence
41;1;41;4;diversification;9;59f48ac16fda;move;;;59;48;;;;;;;;;;True;False;False;True;;ok;15813.535274555188;15343.230209077808;15343.230209077808;15343.230209077808;259;15343.230209077808;2387.5789;470.3050654773797;Evaluated;5.0302;2.2285;64;True;1;
41;1;41;5;diversification;9;59f48ac16fda;swap;8;12;;;;;;;;;;;;True;False;False;False;;ok;15343.230209077808;15343.230209077808;15343.230209077808;15343.230209077808;260;15343.230209077808;2398.7067;0.0;Evaluated;8.8934;2.2319;64;True;2;duplicate_for_same_parent_sequence
41;1;41;6;diversification;9;59f48ac16fda;move;;;30;45;;;;;;;;;;True;False;False;True;;ok;15992.882729664774;15343.230209077808;15343.230209077808;15343.230209077808;261;15343.230209077808;2409.7569;649.6525205869657;Evaluated;8.8211;2.226;64;True;2;duplicate_for_same_parent_sequence
41;1;41;7;diversification;9;59f48ac16fda;move;;;28;5;;;;;;;;;;True;False;False;True;;ok;16359.615671093825;15343.230209077808;15343.230209077808;15343.230209077808;262;15343.230209077808;2417.421;1016.3854620160164;Evaluated;5.2362;2.4273;64;True;1;
41;1;41;8;diversification;9;59f48ac16fda;move;;;8;15;;;;;;;;;;True;False;False;False;;ok;17644.5896664745;15343.230209077808;15343.230209077808;15343.230209077808;263;15343.230209077808;2425.0937;2301.359457396693;Evaluated;5.2423;2.4276;64;True;1;
41;1;41;9;diversification;9;59f48ac16fda;move;;;18;30;;;;;;;;;;True;False;False;True;;ok;16606.453692942145;15343.230209077808;15343.230209077808;15343.230209077808;264;15343.230209077808;2436.1334;1263.2234838643362;Evaluated;8.6115;2.4255;64;True;2;duplicate_for_same_parent_sequence
41;1;41;10;diversification;9;59f48ac16fda;move;;;30;25;;;;;;;;;;True;False;False;False;;ok;15413.712850384481;15343.230209077808;15343.230209077808;15343.230209077808;265;15343.230209077808;2447.1355;70.48264130667303;Evaluated;8.7752;2.2241;64;True;2;duplicate_for_same_parent_sequence
41;2;0;;diversification;0;;;;;;;;;;;;;;;;;;;;;End-of-iteration summary row;;;16625.423888583944;15343.230209077808;266;15343.230209077808;2449.5664;;IterationSummary;;;;;;
42;2;1;1;normal;0;0f63cf6f404e;move;;;10;5;;;;;;;;;;True;False;False;False;;ok;15632.208925194025;16625.423888583944;16625.423888583944;15343.230209077808;267;15343.230209077808;2457.0464;-993.2149633899189;Evaluated;5.2494;2.2249;64;True;1;
42;2;1;2;normal;0;0f63cf6f404e;swap;18;20;;;;;;;;;;;;True;False;False;False;;ok;17387.568121285403;16625.423888583944;16625.423888583944;15343.230209077808;268;15343.230209077808;2464.4381;762.1442327014593;Evaluated;4.9536;2.4356;64;True;1;
42;2;1;3;normal;0;0f63cf6f404e;reinsert_block;;;;;;;35;41;20;;;;;True;False;False;True;;ok;16967.06836206109;16625.423888583944;16625.423888583944;15343.230209077808;269;15343.230209077808;2472.0687;341.6444734771467;Evaluated;5.1946;2.4329;64;True;1;
42;2;1;4;normal;0;0f63cf6f404e;move;;;50;49;;;;;;;;;;True;False;False;False;;ok;16168.73353686987;16625.423888583944;16625.423888583944;15343.230209077808;270;15343.230209077808;2479.5976;-456.6903517140745;Evaluated;5.0905;2.4352;64;True;1;
42;2;1;5;normal;0;0f63cf6f404e;move;;;5;20;;;;;;;;;;True;False;False;True;;ok;17525.78161085211;16625.423888583944;16625.423888583944;15343.230209077808;271;15343.230209077808;2486.8818;900.357722268167;Evaluated;4.852;2.4291;64;True;1;
42;2;1;;normal;0;;;;;;;;;;;;;;;;;;;;;End-of-iteration summary row;;;15632.208925194025;15343.230209077808;271;15343.230209077808;2486.8981;;IterationSummary;;;;;;
43;2;2;1;normal;0;457c4bc75f95;move;;;5;10;;;;;;;;;;True;False;False;False;;ok;16625.423888583944;15632.208925194025;15632.208925194025;15343.230209077808;272;15343.230209077808;2494.9264;993.2149633899189;Evaluated;5.5945;2.4257;64;True;1;
43;2;2;2;normal;0;457c4bc75f95;swap;18;20;;;;;;;;;;;;True;False;False;False;;ok;17290.49278635092;15632.208925194025;15632.208925194025;15343.230209077808;273;15343.230209077808;2502.7508;1658.2838611568932;Evaluated;5.3839;2.4397;64;True;1;
43;2;2;3;normal;0;457c4bc75f95;reinsert_block;;;;;;;35;41;20;;;;;True;False;False;True;;ok;16856.128758975297;15632.208925194025;15632.208925194025;15343.230209077808;274;15343.230209077808;2510.5992;1223.9198337812722;Evaluated;5.4192;2.4285;64;True;1;
43;2;2;4;normal;0;457c4bc75f95;move;;;50;49;;;;;;;;;;True;False;False;False;;ok;15632.208925194025;15632.208925194025;15632.208925194025;15343.230209077808;275;15343.230209077808;2517.8508;0.0;Evaluated;5.0192;2.2318;64;True;1;
43;2;2;5;normal;0;457c4bc75f95;move;;;5;20;;;;;;;;;;True;False;False;True;;ok;17557.566088678097;15632.208925194025;15632.208925194025;15343.230209077808;276;15343.230209077808;2525.3917;1925.3571634840719;Evaluated;5.108;2.43;64;True;1;
43;2;2;;normal;1;;;;;;;;;;;;;;;;;;;;;End-of-iteration summary row;;;15632.208925194025;15343.230209077808;276;15343.230209077808;2525.3953;;IterationSummary;;;;;;
44;2;3;1;normal;1;457c4bc75f95;move;;;10;5;;;;;;;;;;True;False;False;False;;ok;18203.82111546928;15632.208925194025;15632.208925194025;15343.230209077808;277;15343.230209077808;2533.481;2571.6121902752548;Evaluated;5.4447;2.6308;64;True;1;
44;2;3;2;normal;1;457c4bc75f95;swap;16;20;;;;;;;;;;;;True;False;False;False;;ok;17794.729685748574;15632.208925194025;15632.208925194025;15343.230209077808;278;15343.230209077808;2541.2926;2162.5207605545493;Evaluated;5.3794;2.4296;64;True;1;
44;2;3;3;normal;1;457c4bc75f95;reinsert_block;;;;;;;32;41;50;;;;;True;False;False;True;;ok;15978.333629261562;15632.208925194025;15632.208925194025;15343.230209077808;279;15343.230209077808;2548.985;346.1247040675371;Evaluated;5.4557;2.2334;64;True;1;
44;2;3;4;normal;1;457c4bc75f95;move;;;15;25;;;;;;;;;;True;False;False;True;;ok;15707.533793220944;15632.208925194025;15632.208925194025;15343.230209077808;280;15343.230209077808;2560.0865;75.32486802691892;Evaluated;8.8705;2.2283;64;True;2;duplicate_for_same_parent_sequence
44;2;3;5;normal;1;457c4bc75f95;move;;;25;30;;;;;;;;;;True;False;False;False;;ok;15622.955541699463;15632.208925194025;15632.208925194025;15343.230209077808;281;15343.230209077808;2570.8758;-9.253383494562513;Evaluated;8.5546;2.2308;64;True;2;duplicate_for_same_parent_sequence
44;2;3;;normal;0;;;;;;;;;;;;;;;;;;;;;End-of-iteration summary row;;;15622.955541699463;15343.230209077808;281;15343.230209077808;2570.882;;IterationSummary;;;;;;
45;2;4;1;normal;0;eabc22f81c95;move;;;10;5;;;;;;;;;;True;False;False;False;;ok;18203.917714002342;15622.955541699463;15622.955541699463;15343.230209077808;282;15343.230209077808;2579.0007;2580.9621723028795;Evaluated;5.4803;2.6309;64;True;1;
45;2;4;2;normal;0;eabc22f81c95;swap;17;20;;;;;;;;;;;;True;False;False;False;;ok;17223.914323448444;15622.955541699463;15622.955541699463;15343.230209077808;283;15343.230209077808;2586.6306;1600.958781748981;Evaluated;5.198;2.4287;64;True;1;
45;2;4;3;normal;0;eabc22f81c95;reinsert_block;;;;;;;35;40;25;;;;;True;False;False;True;;ok;16790.145251021393;15622.955541699463;15622.955541699463;15343.230209077808;284;15343.230209077808;2594.5714;1167.1897093219304;Evaluated;5.5082;2.4319;64;True;1;
45;2;4;4;normal;0;eabc22f81c95;move;;;50;48;;;;;;;;;;True;False;False;False;;ok;15622.955541699463;15622.955541699463;15622.955541699463;15343.230209077808;285;15343.230209077808;2602.0017;0.0;Evaluated;5.2023;2.2252;64;True;1;
45;2;4;5;normal;0;eabc22f81c95;move;;;20;35;;;;;;;;;;True;False;False;True;;ok;17231.99843096917;15622.955541699463;15622.955541699463;15343.230209077808;286;15343.230209077808;2609.6205;1609.0428892697091;Evaluated;5.1881;2.4301;64;True;1;
45;2;4;;normal;1;;;;;;;;;;;;;;;;;;;;;End-of-iteration summary row;;;15622.955541699463;15343.230209077808;286;15343.230209077808;2609.6235;;IterationSummary;;;;;;
46;2;5;1;normal;1;eabc22f81c95;move;;;8;3;;;;;;;;;;True;False;False;False;;ok;17895.93772484332;15622.955541699463;15622.955541699463;15343.230209077808;287;15343.230209077808;2620.9721;2272.9821831438567;Evaluated;8.9087;2.425;64;True;2;duplicate_for_same_parent_sequence
46;2;5;2;normal;1;eabc22f81c95;swap;18;25;;;;;;;;;;;;True;False;False;False;;ok;15622.955541699463;15622.955541699463;15622.955541699463;15343.230209077808;288;15343.230209077808;2628.2415;0.0;Evaluated;5.039;2.2273;64;True;1;
46;2;5;3;normal;1;eabc22f81c95;move;;;15;20;;;;;;;;;;True;False;False;False;;ok;16886.61621684685;15622.955541699463;15622.955541699463;15343.230209077808;289;15343.230209077808;2639.8576;1263.6606751473882;Evaluated;9.1834;2.4321;64;True;2;duplicate_for_same_parent_sequence
46;2;5;4;normal;1;eabc22f81c95;move;;;50;49;;;;;;;;;;True;False;False;False;;ok;15622.955541699463;15622.955541699463;15622.955541699463;15343.230209077808;290;15343.230209077808;2647.2468;0.0;Evaluated;5.1608;2.2252;64;True;1;
46;2;5;5;normal;1;eabc22f81c95;move;;;25;30;;;;;;;;;;True;False;False;False;;ok;16899.5170136941;15622.955541699463;15622.955541699463;15343.230209077808;291;15343.230209077808;2654.6283;1276.5614719946389;Evaluated;4.9507;2.427;64;True;1;
46;2;5;;normal;2;;;;;;;;;;;;;;;;;;;;;End-of-iteration summary row;;;15622.955541699463;15343.230209077808;291;15343.230209077808;2654.6313;;IterationSummary;;;;;;
47;2;6;1;normal;2;eabc22f81c95;move;;;8;3;;;;;;;;;;False;True;False;;;ok;;15622.955541699463;15622.955541699463;15343.230209077808;291;15343.230209077808;2666.683;;DuplicateForSameParentSequenceAfterRetries;12.0356;;;;3;duplicate_for_same_parent_sequence
47;2;6;2;normal;2;eabc22f81c95;swap;20;25;;;;;;;;;;;;True;False;False;False;;ok;17239.36687663655;15622.955541699463;15622.955541699463;15343.230209077808;292;15343.230209077808;2680.9951;1616.4113349370891;Evaluated;11.88;2.4311;64;True;3;duplicate_for_same_parent_sequence
47;2;6;3;normal;2;eabc22f81c95;move;;;38;42;;;;;;;;;;True;False;False;False;;ok;15622.955541699463;15622.955541699463;15622.955541699463;15343.230209077808;293;15343.230209077808;2692.4909;0.0;Evaluated;9.2622;2.2304;64;True;2;duplicate_for_same_parent_sequence
47;2;6;4;normal;2;eabc22f81c95;move;;;13;27;;;;;;;;;;True;False;False;True;;ok;17769.269236826614;15622.955541699463;15622.955541699463;15343.230209077808;294;15343.230209077808;2703.6152;2146.3136951271517;Evaluated;8.6924;2.429;64;True;2;duplicate_for_same_parent_sequence
47;2;6;5;normal;2;eabc22f81c95;swap;10;20;;;;;;;;;;;;True;False;False;False;;ok;17862.06346587416;15622.955541699463;15622.955541699463;15343.230209077808;295;15343.230209077808;2714.3386;2239.1079241746957;Evaluated;8.2914;2.4293;64;True;2;duplicate_for_same_parent_sequence
47;2;6;;normal;3;;;;;;;;;;;;;;;;;;;;;End-of-iteration summary row;;;15622.955541699463;15343.230209077808;295;15343.230209077808;2714.3412;;IterationSummary;;;;;;
48;2;7;1;diversification;3;eabc22f81c95;move;;;13;20;;;;;;;;;;True;False;False;False;;ok;17517.688660398773;15622.955541699463;15622.955541699463;15343.230209077808;296;15343.230209077808;2722.3029;1894.7331186993106;Evaluated;5.5181;2.43;64;True;1;
48;2;7;2;diversification;3;eabc22f81c95;reinsert_block;;;;;;;18;24;35;;;;;True;False;False;True;;ok;16536.691517801155;15622.955541699463;15622.955541699463;15343.230209077808;297;15343.230209077808;2730.3387;913.7359761016924;Evaluated;5.6003;2.4323;64;True;1;
48;2;7;3;diversification;3;eabc22f81c95;swap;35;40;;;;;;;;;;;;True;False;False;False;;ok;16442.375900155443;15622.955541699463;15622.955541699463;15343.230209077808;298;15343.230209077808;2738.0727;819.42035845598;Evaluated;5.296;2.4342;64;True;1;
48;2;7;4;diversification;3;eabc22f81c95;reinsert_block;;;;;;;50;61;25;;;;;True;False;False;True;;ok;17461.76658540112;15622.955541699463;15622.955541699463;15343.230209077808;299;15343.230209077808;2749.6754;1838.8110437016585;Evaluated;9.1731;2.425;64;True;2;duplicate_for_same_parent_sequence
48;2;7;5;diversification;3;eabc22f81c95;move;;;7;12;;;;;;;;;;True;False;False;False;;ok;15620.341025711852;15622.955541699463;15622.955541699463;15343.230209077808;300;15343.230209077808;2761.248;-2.6145159876105026;EvaluatedImprovementDespiteDiversificationMismatch;9.3407;2.229;64;True;2;duplicate_for_same_parent_sequence
48;2;7;6;diversification;3;eabc22f81c95;move;;;17;35;;;;;;;;;;True;False;False;True;;ok;16377.366505677794;15622.955541699463;15622.955541699463;15343.230209077808;301;15343.230209077808;2769.0108;754.410963978331;Evaluated;5.3335;2.4285;64;True;1;
48;2;7;7;diversification;3;eabc22f81c95;move;;;8;15;;;;;;;;;;True;False;False;False;;ok;15623.245687767481;15622.955541699463;15622.955541699463;15343.230209077808;302;15343.230209077808;2779.7571;0.2901460680186574;Evaluated;8.5175;2.2262;64;True;2;duplicate_for_same_parent_sequence
48;2;7;8;diversification;3;eabc22f81c95;move;;;18;25;;;;;;;;;;True;False;False;False;;ok;17351.21094781195;15622.955541699463;15622.955541699463;15343.230209077808;303;15343.230209077808;2787.425;1728.2554061124865;Evaluated;5.2406;2.4245;64;True;1;
48;2;7;9;diversification;3;eabc22f81c95;swap;24;38;;;;;;;;;;;;True;False;False;True;;ok;17860.4619760434;15622.955541699463;15622.955541699463;15343.230209077808;304;15343.230209077808;2798.4038;2237.506434343937;Evaluated;8.5548;2.4234;64;True;2;duplicate_for_same_parent_sequence
48;2;7;10;diversification;3;eabc22f81c95;swap;45;50;;;;;;;;;;;;True;False;False;False;;ok;15703.348903144466;15622.955541699463;15622.955541699463;15343.230209077808;305;15343.230209077808;2805.9581;80.39336144500339;Evaluated;5.3261;2.2275;64;True;1;
48;2;7;;diversification;0;;;;;;;;;;;;;;;;;;;;;End-of-iteration summary row;;;15620.341025711852;15343.230209077808;305;15343.230209077808;2805.9668;;IterationSummary;;;;;;
49;2;8;1;normal;0;a88ac291c70c;move;;;13;20;;;;;;;;;;True;False;False;False;;ok;17518.389470998285;15620.341025711852;15620.341025711852;15343.230209077808;306;15343.230209077808;2814.0394;1898.048445286433;Evaluated;5.6409;2.4247;64;True;1;
49;2;8;2;normal;0;a88ac291c70c;swap;24;38;;;;;;;;;;;;True;False;False;True;;ok;17857.847460055793;15620.341025711852;15620.341025711852;15343.230209077808;307;15343.230209077808;2821.5758;2237.506434343941;Evaluated;5.1038;2.4298;64;True;1;
49;2;8;3;normal;0;a88ac291c70c;reinsert_block;;;;;;;35;40;25;;;;;True;False;False;True;;ok;16779.76941214095;15620.341025711852;15620.341025711852;15343.230209077808;308;15343.230209077808;2829.5233;1159.4283864290992;Evaluated;5.5174;2.4293;64;True;1;
49;2;8;4;normal;0;a88ac291c70c;move;;;50;48;;;;;;;;;;True;False;False;False;;ok;15620.341025711852;15620.341025711852;15620.341025711852;15343.230209077808;309;15343.230209077808;2836.9607;0.0;Evaluated;5.2045;2.2296;64;True;1;
49;2;8;5;normal;0;a88ac291c70c;move;;;24;30;;;;;;;;;;True;False;False;False;;ok;16826.579725997348;15620.341025711852;15620.341025711852;15343.230209077808;310;15343.230209077808;2844.5294;1206.2387002854957;Evaluated;5.1377;2.4271;64;True;1;
49;2;8;;normal;1;;;;;;;;;;;;;;;;;;;;;End-of-iteration summary row;;;15620.341025711852;15343.230209077808;310;15343.230209077808;2844.5322;;IterationSummary;;;;;;
50;2;9;1;normal;1;a88ac291c70c;move;;;5;10;;;;;;;;;;True;False;False;False;;ok;17493.593709926696;15620.341025711852;15620.341025711852;15343.230209077808;311;15343.230209077808;2852.4328;1873.2526842148436;Evaluated;5.4612;2.4289;64;True;1;
50;2;9;2;normal;1;a88ac291c70c;swap;20;25;;;;;;;;;;;;True;False;False;False;;ok;17236.497777539145;15620.341025711852;15620.341025711852;15343.230209077808;312;15343.230209077808;2860.3508;1616.1567518272932;Evaluated;5.4809;2.4364;64;True;1;
50;2;9;3;normal;1;a88ac291c70c;move;;;17;35;;;;;;;;;;True;False;False;True;;ok;16374.811694273862;15620.341025711852;15620.341025711852;15343.230209077808;313;15343.230209077808;2872.0114;754.4706685620095;Evaluated;9.2225;2.4354;64;True;2;duplicate_for_same_parent_sequence
50;2;9;4;normal;1;a88ac291c70c;move;;;50;49;;;;;;;;;;True;False;False;False;;ok;15620.341025711852;15620.341025711852;15620.341025711852;15343.230209077808;314;15343.230209077808;2879.5115;0.0;Evaluated;5.2713;2.2261;64;True;1;
50;2;9;5;normal;1;a88ac291c70c;move;;;18;35;;;;;;;;;;True;False;False;True;;ok;16688.67729089863;15620.341025711852;15620.341025711852;15343.230209077808;315;15343.230209077808;2887.1333;1068.3362651867792;Evaluated;5.188;2.4305;64;True;1;
50;2;9;;normal;2;;;;;;;;;;;;;;;;;;;;;End-of-iteration summary row;;;15620.341025711852;15343.230209077808;315;15343.230209077808;2887.1377;;IterationSummary;;;;;;
51;2;10;1;normal;2;a88ac291c70c;move;;;3;7;;;;;;;;;;True;False;False;False;;ok;18446.015406064074;15620.341025711852;15620.341025711852;15343.230209077808;316;15343.230209077808;2895.3997;2825.674380352222;Evaluated;5.6208;2.6277;64;True;1;
51;2;10;2;normal;2;a88ac291c70c;move;;;18;36;;;;;;;;;;True;False;False;True;;ok;16430.120020460374;15620.341025711852;15620.341025711852;15343.230209077808;317;15343.230209077808;2906.982;809.7789947485217;Evaluated;9.1547;2.4249;64;True;2;duplicate_for_same_parent_sequence
51;2;10;3;normal;2;a88ac291c70c;move;;;17;30;;;;;;;;;;True;False;False;True;;ok;16832.433289104756;15620.341025711852;15620.341025711852;15343.230209077808;318;15343.230209077808;2918.6117;1212.092263392904;Evaluated;9.2003;2.4278;64;True;2;duplicate_for_same_parent_sequence
51;2;10;4;normal;2;a88ac291c70c;move;;;30;25;;;;;;;;;;True;False;False;False;;ok;15624.256329526308;15620.341025711852;15620.341025711852;15343.230209077808;319;15343.230209077808;2929.5342;3.9153038144559105;Evaluated;8.6915;2.2279;64;True;2;duplicate_for_same_parent_sequence
51;2;10;5;normal;2;a88ac291c70c;move;;;8;45;;;;;;;;;;True;False;False;True;;ok;17311.79687287508;15620.341025711852;15620.341025711852;15343.230209077808;320;15343.230209077808;2940.4992;1691.4558471632263;Evaluated;8.5302;2.432;64;True;2;duplicate_for_same_parent_sequence
51;2;10;;normal;3;;;;;;;;;;;;;;;;;;;;;End-of-iteration summary row;;;15620.341025711852;15343.230209077808;320;15343.230209077808;2940.5028;;IterationSummary;;;;;;
52;2;11;1;diversification;3;a88ac291c70c;move;;;10;35;;;;;;;;;;True;False;False;True;;ok;17684.82874626176;15620.341025711852;15620.341025711852;15343.230209077808;321;15343.230209077808;2948.4757;2064.487720549907;Evaluated;5.5338;2.4284;64;True;1;
52;2;11;2;diversification;3;a88ac291c70c;reinsert_block;;;;;;;18;24;35;;;;;True;False;False;True;;ok;16534.077001813544;15620.341025711852;15620.341025711852;15343.230209077808;322;15343.230209077808;2956.485;913.7359761016924;Evaluated;5.5718;2.4343;64;True;1;
52;2;11;3;diversification;3;a88ac291c70c;swap;32;47;;;;;;;;;;;;True;False;False;True;;ok;15920.521388850075;15620.341025711852;15620.341025711852;15343.230209077808;323;15343.230209077808;2963.953;300.1803631382227;Evaluated;5.2341;2.2311;64;True;1;
52;2;11;4;diversification;3;a88ac291c70c;move;;;50;47;;;;;;;;;;True;False;False;False;;ok;15620.341025711852;15620.341025711852;15620.341025711852;15343.230209077808;324;15343.230209077808;2971.3633;0.0;Evaluated;5.1813;2.2281;64;True;1;
52;2;11;5;diversification;3;a88ac291c70c;move;;;20;35;;;;;;;;;;True;False;False;True;;ok;17222.675945655224;15620.341025711852;15620.341025711852;15343.230209077808;325;15343.230209077808;2979.1309;1602.3349199433724;Evaluated;5.333;2.4318;64;True;1;
52;2;11;6;diversification;3;a88ac291c70c;move;;;25;38;;;;;;;;;;True;False;False;True;;ok;16483.188941413537;15620.341025711852;15620.341025711852;15343.230209077808;326;15343.230209077808;2986.9437;862.8479157016845;Evaluated;5.371;2.4391;64;True;1;
52;2;11;7;diversification;3;a88ac291c70c;move;;;25;30;;;;;;;;;;True;False;False;False;;ok;16894.22816961859;15620.341025711852;15620.341025711852;15343.230209077808;327;15343.230209077808;2994.6749;1273.887143906737;Evaluated;5.2964;2.4312;64;True;1;
52;2;11;8;diversification;3;a88ac291c70c;move;;;20;15;;;;;;;;;;True;False;False;False;;ok;17225.33839508609;15620.341025711852;15620.341025711852;15343.230209077808;328;15343.230209077808;3002.3351;1604.9973693742395;Evaluated;5.2308;2.4261;64;True;1;
52;2;11;9;diversification;3;a88ac291c70c;move;;;18;40;;;;;;;;;;True;False;False;True;;ok;16430.120020460374;15620.341025711852;15620.341025711852;15343.230209077808;329;15343.230209077808;3013.4948;809.7789947485217;Evaluated;8.728;2.4299;64;True;2;duplicate_for_same_parent_sequence
52;2;11;10;diversification;3;a88ac291c70c;move;;;45;20;;;;;;;;;;True;False;False;True;;ok;16276.48060625288;15620.341025711852;15620.341025711852;15343.230209077808;330;15343.230209077808;3021.1436;656.1395805410284;Evaluated;5.215;2.4295;64;True;1;
52;2;11;;diversification;4;;;;;;;;;;;;;;;;;;;;;End-of-iteration summary row;;;15620.341025711852;15343.230209077808;330;15343.230209077808;3021.1443;;IterationSummary;;;;;;
53;2;12;1;diversification;4;a88ac291c70c;move;;;8;20;;;;;;;;;;True;False;False;True;;ok;17315.10102337878;15620.341025711852;15620.341025711852;15343.230209077808;331;15343.230209077808;3032.8718;1694.7599976669262;Evaluated;9.2919;2.429;64;True;2;duplicate_for_same_parent_sequence
53;2;12;2;diversification;4;a88ac291c70c;reinsert_block;;;;;;;18;24;35;;;;;False;True;False;;;ok;;15620.341025711852;15620.341025711852;15343.230209077808;331;15343.230209077808;3045.9658;;DuplicateForSameParentSequenceAfterRetries;13.0909;;;;3;duplicate_for_same_parent_sequence
53;2;12;3;diversification;4;a88ac291c70c;swap;35;40;;;;;;;;;;;;True;False;False;False;;ok;16439.98747709199;15620.341025711852;15620.341025711852;15343.230209077808;332;15343.230209077808;3053.7117;819.6464513801366;Evaluated;5.3105;2.4343;64;True;1;
53;2;12;4;diversification;4;a88ac291c70c;move;;;48;50;;;;;;;;;;True;False;False;False;;ok;15620.815831638005;15620.341025711852;15620.341025711852;15343.230209077808;333;15343.230209077808;3061.1441;0.4748059261528397;Evaluated;5.1985;2.23;64;True;1;
53;2;12;5;diversification;4;a88ac291c70c;swap;20;25;;;;;;;;;;;;False;True;False;;;ok;;15620.341025711852;15620.341025711852;15343.230209077808;333;15343.230209077808;3073.4524;;DuplicateForSameParentSequenceAfterRetries;12.3057;;;;3;duplicate_for_same_parent_sequence
53;2;12;6;diversification;4;a88ac291c70c;move;;;30;45;;;;;;;;;;True;False;False;True;;ok;15660.764925497891;15620.341025711852;15620.341025711852;15343.230209077808;334;15343.230209077808;3084.5281;40.42389978603933;Evaluated;8.848;2.2267;64;True;2;duplicate_for_same_parent_sequence
53;2;12;7;diversification;4;a88ac291c70c;move;;;40;25;;;;;;;;;;True;False;False;True;;ok;15627.059718566956;15620.341025711852;15620.341025711852;15343.230209077808;335;15343.230209077808;3095.4798;6.718692855103654;Evaluated;8.7199;2.2284;64;True;2;duplicate_for_same_parent_sequence
53;2;12;8;diversification;4;a88ac291c70c;swap;18;40;;;;;;;;;;;;True;False;False;True;;ok;17199.5293263204;15620.341025711852;15620.341025711852;15343.230209077808;336;15343.230209077808;3110.116;1579.1883006085482;Evaluated;12.2048;2.4288;64;True;3;duplicate_for_same_parent_sequence
53;2;12;9;diversification;4;a88ac291c70c;move;;;25;40;;;;;;;;;;True;False;False;True;;ok;16480.110209080507;15620.341025711852;15620.341025711852;15343.230209077808;337;15343.230209077808;3117.8584;859.7691833686549;Evaluated;5.3068;2.4325;64;True;1;
53;2;12;10;diversification;4;a88ac291c70c;swap;38;47;;;;;;;;;;;;True;False;False;False;;ok;16175.907138114748;15620.341025711852;15620.341025711852;15343.230209077808;338;15343.230209077808;3129.1171;555.5661124028957;Evaluated;8.8284;2.4276;64;True;2;duplicate_for_same_parent_sequence
53;2;12;;diversification;5;;;;;;;;;;;;;;;;;;;;;End-of-iteration summary row;;;15620.341025711852;15343.230209077808;338;15343.230209077808;3129.1203;;IterationSummary;;;;;;
54;2;13;1;diversification;5;a88ac291c70c;move;;;5;20;;;;;;;;;;True;False;False;True;;ok;17392.014394401856;15620.341025711852;15620.341025711852;15343.230209077808;339;15343.230209077808;3137.2754;1771.6733686900043;Evaluated;5.7101;2.4298;64;True;1;
54;2;13;2;diversification;5;a88ac291c70c;reinsert_block;;;;;;;20;25;35;;;;;True;False;False;True;;ok;17346.018539284945;15620.341025711852;15620.341025711852;15343.230209077808;340;15343.230209077808;3145.2153;1725.6775135730932;Evaluated;5.5058;2.4315;64;True;1;
54;2;13;3;diversification;5;a88ac291c70c;swap;35;42;;;;;;;;;;;;True;False;False;False;;ok;15620.341025711852;15620.341025711852;15620.341025711852;15343.230209077808;341;15343.230209077808;3152.9244;0.0;Evaluated;5.4719;2.2345;64;True;1;
54;2;13;4;diversification;5;a88ac291c70c;move;;;27;30;;;;;;;;;;True;False;False;False;;ok;16682.02855797234;15620.341025711852;15620.341025711852;15343.230209077808;342;15343.230209077808;3164.3077;1061.6875322604865;Evaluated;8.9458;2.4345;64;True;2;duplicate_for_same_parent_sequence
54;2;13;5;diversification;5;a88ac291c70c;move;;;15;28;;;;;;;;;;True;False;False;True;;ok;17076.36037271998;15620.341025711852;15620.341025711852;15343.230209077808;343;15343.230209077808;3175.7016;1456.0193470081285;Evaluated;8.959;2.432;64;True;2;duplicate_for_same_parent_sequence
54;2;13;6;diversification;5;a88ac291c70c;swap;32;48;;;;;;;;;;;;True;False;False;True;;ok;15620.341025711852;15620.341025711852;15620.341025711852;15343.230209077808;344;15343.230209077808;3186.7001;0.0;Evaluated;8.7685;2.2295;64;True;2;duplicate_for_same_parent_sequence
54;2;13;7;diversification;5;a88ac291c70c;swap;28;47;;;;;;;;;;;;True;False;False;True;;ok;16344.078600735236;15620.341025711852;15620.341025711852;15343.230209077808;345;15343.230209077808;3197.6456;723.7375750233841;Evaluated;8.5102;2.4343;64;True;2;duplicate_for_same_parent_sequence
54;2;13;8;diversification;5;a88ac291c70c;move;;;10;25;;;;;;;;;;True;False;False;True;;ok;17302.916636221944;15620.341025711852;15620.341025711852;15343.230209077808;346;15343.230209077808;3205.5048;1682.5756105100918;Evaluated;5.4278;2.4284;64;True;1;
54;2;13;9;diversification;5;a88ac291c70c;swap;24;39;;;;;;;;;;;;True;False;False;True;;ok;17145.86104945567;15620.341025711852;15620.341025711852;15343.230209077808;347;15343.230209077808;3216.46;1525.5200237438185;Evaluated;8.5166;2.4356;64;True;2;duplicate_for_same_parent_sequence
54;2;13;10;diversification;5;a88ac291c70c;move;;;50;35;;;;;;;;;;True;False;False;True;;ok;16434.29135627543;15620.341025711852;15620.341025711852;15343.230209077808;348;15343.230209077808;3224.2341;813.9503305635772;Evaluated;5.3308;2.4405;64;True;1;
54;2;13;;diversification;6;;;;;;;;;;;;;;;;;;;;;End-of-iteration summary row;;;15620.341025711852;15343.230209077808;348;15343.230209077808;3224.2371;;IterationSummary;;;;;;
55;2;14;1;diversification;6;a88ac291c70c;move;;;7;20;;;;;;;;;;True;False;False;True;;ok;17061.62317735853;15620.341025711852;15620.341025711852;15343.230209077808;349;15343.230209077808;3235.6101;1441.2821516466793;Evaluated;8.9248;2.4334;64;True;2;duplicate_for_same_parent_sequence
55;2;14;2;diversification;6;a88ac291c70c;reinsert_block;;;;;;;16;20;35;;;;;True;False;False;True;;ok;18325.52890981826;15620.341025711852;15620.341025711852;15343.230209077808;350;15343.230209077808;3243.789;2705.1878841064063;Evaluated;5.5487;2.6279;64;True;1;
55;2;14;3;diversification;6;a88ac291c70c;swap;36;40;;;;;;;;;;;;True;False;False;False;;ok;16222.34740126867;15620.341025711852;15620.341025711852;15343.230209077808;351;15343.230209077808;3254.7897;602.0063755568171;Evaluated;8.5614;2.4365;64;True;2;duplicate_for_same_parent_sequence
55;2;14;4;diversification;6;a88ac291c70c;move;;;27;31;;;;;;;;;;True;False;False;False;;ok;17289.952396132423;15620.341025711852;15620.341025711852;15343.230209077808;352;15343.230209077808;3265.8361;1669.611370420571;Evaluated;8.6168;2.4267;64;True;2;duplicate_for_same_parent_sequence
55;2;14;5;diversification;6;a88ac291c70c;move;;;18;30;;;;;;;;;;True;False;False;True;;ok;16886.819143511068;15620.341025711852;15620.341025711852;15343.230209077808;353;15343.230209077808;3277.1879;1266.4781177992154;Evaluated;8.9187;2.4324;64;True;2;duplicate_for_same_parent_sequence
55;2;14;6;diversification;6;a88ac291c70c;swap;18;30;;;;;;;;;;;;True;False;False;True;;ok;16891.971111748608;15620.341025711852;15620.341025711852;15343.230209077808;354;15343.230209077808;3288.6563;1271.6300860367555;Evaluated;9.0376;2.4279;64;True;2;duplicate_for_same_parent_sequence
55;2;14;7;diversification;6;a88ac291c70c;move;;;20;45;;;;;;;;;;True;False;False;True;;ok;17138.81665288355;15620.341025711852;15620.341025711852;15343.230209077808;355;15343.230209077808;3303.2162;1518.4756271716979;Evaluated;12.1261;2.4309;64;True;3;duplicate_for_same_parent_sequence
55;2;14;8;diversification;6;a88ac291c70c;move;;;20;35;;;;;;;;;;False;True;False;;;ok;;15620.341025711852;15620.341025711852;15343.230209077808;355;15343.230209077808;3315.5149;;DuplicateForSameParentSequenceAfterRetries;12.2961;;;;3;duplicate_for_same_parent_sequence
55;2;14;9;diversification;6;a88ac291c70c;swap;24;28;;;;;;;;;;;;True;False;False;False;;ok;17631.41015667644;15620.341025711852;15620.341025711852;15343.230209077808;356;15343.230209077808;3326.6154;2011.069130964588;Evaluated;8.6683;2.4311;64;True;2;duplicate_for_same_parent_sequence
55;2;14;10;diversification;6;a88ac291c70c;move;;;50;42;;;;;;;;;;True;False;False;False;;ok;15796.319514579887;15620.341025711852;15620.341025711852;15343.230209077808;357;15343.230209077808;3334.4185;175.97848886803513;Evaluated;5.5714;2.2305;64;True;1;
55;2;14;;diversification;7;;;;;;;;;;;;;;;;;;;;;End-of-iteration summary row;;;15620.341025711852;15343.230209077808;357;15343.230209077808;3334.4216;;IterationSummary;;;;;;
56;2;15;1;diversification;7;a88ac291c70c;move;;;5;30;;;;;;;;;;True;False;False;True;;ok;17557.60990839365;15620.341025711852;15620.341025711852;15343.230209077808;358;15343.230209077808;3349.3265;1937.2688826817975;Evaluated;12.4661;2.4312;64;True;3;duplicate_for_same_parent_sequence
56;2;15;2;diversification;7;a88ac291c70c;reinsert_block;;;;;;;18;23;35;;;;;True;False;False;True;;ok;17902.794666241265;15620.341025711852;15620.341025711852;15343.230209077808;359;15343.230209077808;3357.3344;2282.453640529413;Evaluated;5.5768;2.4284;64;True;1;
56;2;15;3;diversification;7;a88ac291c70c;swap;35;42;;;;;;;;;;;;False;True;True;;;ok;;15620.341025711852;15620.341025711852;15343.230209077808;359;15343.230209077808;3369.5447;;DuplicateForSameParentSequenceAfterRetries;12.2077;;;;3;duplicate_for_same_parent_sequence
56;2;15;4;diversification;7;a88ac291c70c;move;;;50;43;;;;;;;;;;True;False;False;False;;ok;15796.319514579887;15620.341025711852;15620.341025711852;15343.230209077808;360;15343.230209077808;3376.9964;175.97848886803513;Evaluated;5.2151;2.2355;64;True;1;
56;2;15;5;diversification;7;a88ac291c70c;move;;;15;20;;;;;;;;;;True;False;False;False;;ok;16890.731158485476;15620.341025711852;15620.341025711852;15343.230209077808;361;15343.230209077808;3384.6142;1270.390132773624;Evaluated;5.1834;2.4315;64;True;1;
56;2;15;6;diversification;7;a88ac291c70c;swap;45;50;;;;;;;;;;;;True;False;False;False;;ok;15700.734387156856;15620.341025711852;15620.341025711852;15343.230209077808;362;15343.230209077808;3395.5946;80.39336144500339;Evaluated;8.7432;2.2341;64;True;2;duplicate_for_same_parent_sequence
56;2;15;7;diversification;7;a88ac291c70c;move;;;15;30;;;;;;;;;;True;False;False;True;;ok;15617.198350054;15620.341025711852;15620.341025711852;15343.230209077808;363;15343.230209077808;3406.62;-3.142675657853033;Evaluated;8.7919;2.2309;64;True;2;duplicate_for_same_parent_sequence
56;2;15;8;diversification;7;a88ac291c70c;swap;18;24;;;;;;;;;;;;True;False;False;False;;ok;17351.19929228814;15620.341025711852;15620.341025711852;15343.230209077808;364;15343.230209077808;3420.7821;1730.8582665762879;Evaluated;11.7308;2.4283;64;True;3;duplicate_for_same_parent_sequence
56;2;15;9;diversification;7;a88ac291c70c;move;;;28;35;;;;;;;;;;True;False;False;False;;ok;16754.636512720317;15620.341025711852;15620.341025711852;15343.230209077808;365;15343.230209077808;3431.9802;1134.295487008465;Evaluated;8.7682;2.4266;64;True;2;duplicate_for_same_parent_sequence
56;2;15;10;diversification;7;a88ac291c70c;move;;;40;52;;;;;;;;;;True;False;False;True;;ok;15626.817016439365;15620.341025711852;15620.341025711852;15343.230209077808;366;15343.230209077808;3439.5499;6.475990727512908;Evaluated;5.3358;2.2333;64;True;1;
56;2;15;;diversification;0;;;;;;;;;;;;;;;;;;;;;End-of-iteration summary row;;;15617.198350054;15343.230209077808;366;15343.230209077808;3439.5567;;IterationSummary;;;;;;
57;2;16;1;normal;0;68b1286310e8;move;;;10;5;;;;;;;;;;True;False;False;False;;ok;17724.990924513753;15617.198350054;15617.198350054;15343.230209077808;367;15343.230209077808;3447.6231;2107.792574459754;Evaluated;5.6303;2.4283;64;True;1;
57;2;16;2;normal;0;68b1286310e8;swap;18;25;;;;;;;;;;;;True;False;False;False;;ok;15617.198350054;15617.198350054;15617.198350054;15343.230209077808;368;15343.230209077808;3455.1003;0.0;Evaluated;5.2439;2.2302;64;True;1;
57;2;16;3;normal;0;68b1286310e8;reinsert_block;;;;;;;35;40;28;;;;;True;False;False;False;;ok;17598.444299707462;15617.198350054;15617.198350054;15343.230209077808;369;15343.230209077808;3463.0636;1981.245949653463;Evaluated;5.5304;2.4299;64;True;1;
57;2;16;4;normal;0;68b1286310e8;move;;;50;42;;;;;;;;;;True;False;False;False;;ok;15845.942956503955;15617.198350054;15617.198350054;15343.230209077808;370;15343.230209077808;3470.5217;228.74460644995634;Evaluated;5.2306;2.2247;64;True;1;
57;2;16;5;normal;0;68b1286310e8;move;;;10;25;;;;;;;;;;True;False;False;True;;ok;17700.36180247938;15617.198350054;15617.198350054;15343.230209077808;371;15343.230209077808;3478.1166;2083.1634524253805;Evaluated;5.164;2.4284;64;True;1;
57;2;16;;normal;1;;;;;;;;;;;;;;;;;;;;;End-of-iteration summary row;;;15617.198350054;15343.230209077808;371;15343.230209077808;3478.1202;;IterationSummary;;;;;;
58;2;17;1;normal;1;68b1286310e8;move;;;8;3;;;;;;;;;;True;False;False;False;;ok;18299.284906386612;15617.198350054;15617.198350054;15343.230209077808;372;15343.230209077808;3489.8902;2682.0865563326133;Evaluated;9.1336;2.6266;64;True;2;duplicate_for_same_parent_sequence
58;2;17;2;normal;1;68b1286310e8;swap;18;24;;;;;;;;;;;;True;False;False;False;;ok;15619.506329876229;15617.198350054;15617.198350054;15343.230209077808;373;15343.230209077808;3497.3506;2.307979822229754;Evaluated;5.231;2.2286;64;True;1;
58;2;17;3;normal;1;68b1286310e8;move;;;15;27;;;;;;;;;;True;False;False;True;;ok;16913.289359768896;15617.198350054;15617.198350054;15343.230209077808;374;15343.230209077808;3508.9331;1296.0910097148972;Evaluated;9.1522;2.4296;64;True;2;duplicate_for_same_parent_sequence
58;2;17;4;normal;1;68b1286310e8;move;;;50;48;;;;;;;;;;True;False;False;False;;ok;15617.198350054;15617.198350054;15617.198350054;15343.230209077808;375;15343.230209077808;3516.3295;0.0;Evaluated;5.1621;2.2312;64;True;1;
58;2;17;5;normal;1;68b1286310e8;move;;;28;35;;;;;;;;;;True;False;False;False;;ok;15617.198350054;15617.198350054;15617.198350054;15343.230209077808;376;15343.230209077808;3523.6954;0.0;Evaluated;5.1325;2.2309;64;True;1;
58;2;17;;normal;2;;;;;;;;;;;;;;;;;;;;;End-of-iteration summary row;;;15617.198350054;15343.230209077808;376;15343.230209077808;3523.696;;IterationSummary;;;;;;
59;2;18;1;normal;2;68b1286310e8;move;;;3;8;;;;;;;;;;True;False;False;False;;ok;18446.00093301706;15617.198350054;15617.198350054;15343.230209077808;377;15343.230209077808;3532.0908;2828.8025829630624;Evaluated;5.7584;2.6302;64;True;1;
59;2;18;2;normal;2;68b1286310e8;swap;20;21;;;;;;;;;;;;True;False;False;False;;ok;16634.03695712855;15617.198350054;15617.198350054;15343.230209077808;378;15343.230209077808;3539.721;1016.8386070745491;Evaluated;5.2016;2.4276;64;True;1;
59;2;18;3;normal;2;68b1286310e8;reinsert_block;;;;;;;35;40;28;;;;;False;True;False;;;ok;;15617.198350054;15617.198350054;15343.230209077808;378;15343.230209077808;3552.3983;;DuplicateForSameParentSequenceAfterRetries;12.6735;;;;3;duplicate_for_same_parent_sequence
59;2;18;4;normal;2;68b1286310e8;move;;;50;49;;;;;;;;;;True;False;False;False;;ok;15617.198350054;15617.198350054;15617.198350054;15343.230209077808;379;15343.230209077808;3559.8664;0.0;Evaluated;5.2357;2.2313;64;True;1;
59;2;18;5;normal;2;68b1286310e8;swap;8;30;;;;;;;;;;;;True;False;False;True;;ok;16819.664909710336;15617.198350054;15617.198350054;15343.230209077808;380;15343.230209077808;3570.8817;1202.4665596563373;Evaluated;8.5809;2.4305;64;True;2;duplicate_for_same_parent_sequence
59;2;18;;normal;3;;;;;;;;;;;;;;;;;;;;;End-of-iteration summary row;;;15617.198350054;15343.230209077808;380;15343.230209077808;3570.8845;;IterationSummary;;;;;;
60;2;19;1;diversification;3;68b1286310e8;move;;;5;20;;;;;;;;;;True;False;False;True;;ok;17850.632937386283;15617.198350054;15617.198350054;15343.230209077808;381;15343.230209077808;3578.9439;2233.4345873322836;Evaluated;5.6172;2.4316;64;True;1;
60;2;19;2;diversification;3;68b1286310e8;reinsert_block;;;;;;;18;23;5;;;;;True;False;False;True;;ok;17426.830101604377;15617.198350054;15617.198350054;15343.230209077808;382;15343.230209077808;3587.1559;1809.6317515503779;Evaluated;5.7795;2.4296;64;True;1;
60;2;19;3;diversification;3;68b1286310e8;swap;34;42;;;;;;;;;;;;True;False;False;False;;ok;15617.198350054;15617.198350054;15617.198350054;15343.230209077808;383;15343.230209077808;3594.9325;0.0;Evaluated;5.5415;2.2312;64;True;1;
60;2;19;4;diversification;3;68b1286310e8;move;;;40;35;;;;;;;;;;True;False;False;False;;ok;15960.333793929647;15617.198350054;15617.198350054;15343.230209077808;384;15343.230209077808;3609.5007;343.135443875648;Evaluated;12.3352;2.2299;64;True;3;duplicate_for_same_parent_sequence
60;2;19;5;diversification;3;68b1286310e8;move;;;30;25;;;;;;;;;;True;False;False;False;;ok;15620.937708038251;15617.198350054;15617.198350054;15343.230209077808;385;15343.230209077808;3617.3008;3.7393579842519102;Evaluated;5.5707;2.2262;64;True;1;
60;2;19;6;diversification;3;68b1286310e8;move;;;40;15;;;;;;;;;;True;False;False;True;;ok;17734.85800962208;15617.198350054;15617.198350054;15343.230209077808;386;15343.230209077808;3624.9312;2117.6596595680803;Evaluated;5.2003;2.4283;64;True;1;
60;2;19;7;diversification;3;68b1286310e8;move;;;18;3;;;;;;;;;;True;False;False;True;;ok;18206.04190402474;15617.198350054;15617.198350054;15343.230209077808;387;15343.230209077808;3632.6373;2588.8435539707407;Evaluated;5.0795;2.6254;64;True;1;
60;2;19;8;diversification;3;68b1286310e8;move;;;18;25;;;;;;;;;;True;False;False;False;;ok;17142.721482718232;15617.198350054;15617.198350054;15343.230209077808;388;15343.230209077808;3640.1428;1525.5231326642333;Evaluated;5.0732;2.4311;64;True;1;
60;2;19;9;diversification;3;68b1286310e8;swap;30;48;;;;;;;;;;;;True;False;False;True;;ok;16832.42625117625;15617.198350054;15617.198350054;15343.230209077808;389;15343.230209077808;3655.1261;1215.2279011222508;Evaluated;12.5457;2.4347;64;True;3;duplicate_for_same_parent_sequence
60;2;19;10;diversification;3;68b1286310e8;move;;;45;39;;;;;;;;;;True;False;False;False;;ok;16704.72302921569;15617.198350054;15617.198350054;15343.230209077808;390;15343.230209077808;3662.8897;1087.52467916169;Evaluated;5.3318;2.431;64;True;1;
60;2;19;;diversification;4;;;;;;;;;;;;;;;;;;;;;End-of-iteration summary row;;;15617.198350054;15343.230209077808;390;15343.230209077808;3662.8929;;IterationSummary;;;;;;
61;2;20;1;diversification;4;68b1286310e8;move;;;18;5;;;;;;;;;;True;False;False;True;;ok;17748.976980670115;15617.198350054;15617.198350054;15343.230209077808;391;15343.230209077808;3674.4112;2131.778630616116;Evaluated;9.074;2.4291;64;True;2;duplicate_for_same_parent_sequence
61;2;20;2;diversification;4;68b1286310e8;move;;;20;5;;;;;;;;;;True;False;False;True;;ok;17087.961848196253;15617.198350054;15617.198350054;15343.230209077808;392;15343.230209077808;3685.8068;1470.7634981422543;Evaluated;8.9643;2.4284;64;True;2;duplicate_for_same_parent_sequence
61;2;20;3;diversification;4;68b1286310e8;swap;35;42;;;;;;;;;;;;True;False;False;False;;ok;15620.937708038251;15617.198350054;15617.198350054;15343.230209077808;393;15343.230209077808;3693.3267;3.7393579842519102;Evaluated;5.2912;2.2259;64;True;1;
61;2;20;4;diversification;4;68b1286310e8;move;;;48;39;;;;;;;;;;True;False;False;False;;ok;16437.571657592554;15617.198350054;15617.198350054;15343.230209077808;394;15343.230209077808;3704.4937;820.3733075385553;Evaluated;8.7296;2.4368;64;True;2;duplicate_for_same_parent_sequence
61;2;20;5;diversification;4;68b1286310e8;move;;;20;15;;;;;;;;;;True;False;False;False;;ok;18057.94105510303;15617.198350054;15617.198350054;15343.230209077808;395;15343.230209077808;3712.4768;2440.7427050490314;Evaluated;5.3515;2.6286;64;True;1;
61;2;20;6;diversification;4;68b1286310e8;move;;;20;35;;;;;;;;;;True;False;False;True;;ok;17081.644069297326;15617.198350054;15617.198350054;15343.230209077808;396;15343.230209077808;3720.3215;1464.4457192433274;Evaluated;5.416;2.4257;64;True;1;
61;2;20;7;diversification;4;68b1286310e8;move;;;50;47;;;;;;;;;;True;False;False;False;;ok;15620.937708038251;15617.198350054;15617.198350054;15343.230209077808;397;15343.230209077808;3727.8137;3.7393579842519102;Evaluated;5.2633;2.2281;64;True;1;
61;2;20;8;diversification;4;68b1286310e8;move;;;8;23;;;;;;;;;;True;False;False;True;;ok;17300.750412066922;15617.198350054;15617.198350054;15343.230209077808;398;15343.230209077808;3738.8188;1683.5520620129228;Evaluated;8.5731;2.4291;64;True;2;duplicate_for_same_parent_sequence
61;2;20;9;diversification;4;68b1286310e8;move;;;24;30;;;;;;;;;;True;False;False;False;;ok;17112.101689611158;15617.198350054;15617.198350054;15343.230209077808;399;15343.230209077808;3746.4835;1494.9033395571587;Evaluated;5.233;2.429;64;True;1;
61;2;20;10;diversification;4;68b1286310e8;move;;;45;38;;;;;;;;;;True;False;False;False;;ok;16712.071949632107;15617.198350054;15617.198350054;15343.230209077808;400;15343.230209077808;3754.241;1094.873599578108;Evaluated;5.3266;2.4302;64;True;1;
61;2;20;;diversification;5;;;;;;;;;;;;;;;;;;;;;End-of-iteration summary row;;;15617.198350054;15343.230209077808;400;15343.230209077808;3754.2441;;IterationSummary;;;;;;
62;2;21;1;diversification;5;68b1286310e8;move;;;15;2;;;;;;;;;;True;False;False;True;;ok;17419.5595354716;15617.198350054;15617.198350054;15343.230209077808;401;15343.230209077808;3762.266;1802.3611854175997;Evaluated;5.5836;2.4252;64;True;1;
62;2;21;2;diversification;5;68b1286310e8;reinsert_block;;;;;;;18;24;35;;;;;True;False;False;True;;ok;16982.52964427096;15617.198350054;15617.198350054;15343.230209077808;402;15343.230209077808;3770.3434;1365.3312942169596;Evaluated;5.6463;2.4283;64;True;1;
62;2;21;3;diversification;5;68b1286310e8;swap;32;47;;;;;;;;;;;;True;False;False;True;;ok;17148.412621016774;15617.198350054;15617.198350054;15343.230209077808;403;15343.230209077808;3778.0488;1531.2142709627751;Evaluated;5.2674;2.435;64;True;1;
62;2;21;4;diversification;5;68b1286310e8;move;;;30;20;;;;;;;;;;True;False;False;True;;ok;16890.731158485476;15617.198350054;15617.198350054;15343.230209077808;404;15343.230209077808;3789.2015;1273.532808431477;Evaluated;8.7218;2.4278;64;True;2;duplicate_for_same_parent_sequence
62;2;21;5;diversification;5;68b1286310e8;move;;;25;10;;;;;;;;;;True;False;False;True;;ok;18228.317345313215;15617.198350054;15617.198350054;15343.230209077808;405;15343.230209077808;3797.2659;2611.118995259216;Evaluated;5.4288;2.6325;64;True;1;
62;2;21;6;diversification;5;68b1286310e8;swap;32;40;;;;;;;;;;;;True;False;False;False;;ok;15617.198350054;15617.198350054;15617.198350054;15343.230209077808;406;15343.230209077808;3808.197;0.0;Evaluated;8.6991;2.2292;64;True;2;duplicate_for_same_parent_sequence
62;2;21;7;diversification;5;68b1286310e8;move;;;30;15;;;;;;;;;;True;False;False;True;;ok;15620.341025711852;15617.198350054;15617.198350054;15343.230209077808;407;15343.230209077808;3819.2637;3.142675657853033;Evaluated;8.8334;2.2324;64;True;2;duplicate_for_same_parent_sequence
62;2;21;8;diversification;5;68b1286310e8;move;;;8;35;;;;;;;;;;True;False;False;True;;ok;17298.255248619847;15617.198350054;15617.198350054;15343.230209077808;408;15343.230209077808;3830.3236;1681.0568985658483;Evaluated;8.6321;2.4245;64;True;2;duplicate_for_same_parent_sequence
62;2;21;9;diversification;5;68b1286310e8;move;;;25;30;;;;;;;;;;True;False;False;False;;ok;17115.578532080253;15617.198350054;15617.198350054;15343.230209077808;409;15343.230209077808;3838.0871;1498.3801820262543;Evaluated;5.3221;2.4382;64;True;1;
62;2;21;10;diversification;5;68b1286310e8;move;;;50;39;;;;;;;;;;True;False;False;True;;ok;15974.385924790728;15617.198350054;15617.198350054;15343.230209077808;410;15343.230209077808;3845.6303;357.1875747367285;Evaluated;5.3123;2.2271;64;True;1;
62;2;21;;diversification;6;;;;;;;;;;;;;;;;;;;;;End-of-iteration summary row;;;15617.198350054;15343.230209077808;410;15343.230209077808;3845.6334;;IterationSummary;;;;;;
63;2;22;1;diversification;6;68b1286310e8;move;;;5;20;;;;;;;;;;False;True;False;;;ok;;15617.198350054;15617.198350054;15343.230209077808;410;15343.230209077808;3858.0883;;DuplicateForSameParentSequenceAfterRetries;12.4414;;;;3;duplicate_for_same_parent_sequence
63;2;22;2;diversification;6;68b1286310e8;reinsert_block;;;;;;;18;24;35;;;;;False;True;False;;;ok;;15617.198350054;15617.198350054;15343.230209077808;410;15343.230209077808;3870.873;;DuplicateForSameParentSequenceAfterRetries;12.7835;;;;3;duplicate_for_same_parent_sequence
63;2;22;3;diversification;6;68b1286310e8;swap;35;40;;;;;;;;;;;;True;False;False;False;;ok;16435.89953225523;15617.198350054;15617.198350054;15343.230209077808;411;15343.230209077808;3881.821;818.70118220123;Evaluated;8.5163;2.4306;64;True;2;duplicate_for_same_parent_sequence
63;2;22;4;diversification;6;68b1286310e8;move;;;49;32;;;;;;;;;;True;False;False;True;;ok;17375.496359544075;15617.198350054;15617.198350054;15343.230209077808;412;15343.230209077808;3893.0149;1758.2980094900759;Evaluated;8.7634;2.4278;64;True;2;duplicate_for_same_parent_sequence
63;2;22;5;diversification;6;68b1286310e8;move;;;8;4;;;;;;;;;;True;False;False;False;;ok;18299.284906386612;15617.198350054;15617.198350054;15343.230209077808;413;15343.230209077808;3904.323;2682.0865563326133;Evaluated;8.6714;2.6335;64;True;2;duplicate_for_same_parent_sequence
63;2;22;6;diversification;6;68b1286310e8;move;;;45;32;;;;;;;;;;True;False;False;True;;ok;17335.927232305767;15617.198350054;15617.198350054;15343.230209077808;414;15343.230209077808;3912.0222;1718.7288822517676;Evaluated;5.2672;2.4289;64;True;1;
63;2;22;7;diversification;6;68b1286310e8;move;;;40;10;;;;;;;;;;True;False;False;True;;ok;17761.031041857645;15617.198350054;15617.198350054;15343.230209077808;415;15343.230209077808;3923.4097;2143.8326918036455;Evaluated;8.9518;2.4328;64;True;2;duplicate_for_same_parent_sequence
63;2;22;8;diversification;6;68b1286310e8;move;;;20;4;;;;;;;;;;True;False;False;True;;ok;18036.59242995367;15617.198350054;15617.198350054;15343.230209077808;416;15343.230209077808;3938.139;2419.394079899672;Evaluated;12.1014;2.6251;64;True;3;duplicate_for_same_parent_sequence
63;2;22;9;diversification;6;68b1286310e8;move;;;35;45;;;;;;;;;;True;False;False;True;;ok;16076.249194811517;15617.198350054;15617.198350054;15343.230209077808;417;15343.230209077808;3949.0901;459.05084475751755;Evaluated;8.7165;2.2326;64;True;2;duplicate_for_same_parent_sequence
63;2;22;10;diversification;6;68b1286310e8;move;;;50;45;;;;;;;;;;True;False;False;False;;ok;15617.198350054;15617.198350054;15617.198350054;15343.230209077808;418;15343.230209077808;3956.5951;0.0;Evaluated;5.2747;2.2296;64;True;1;
63;2;22;;diversification;7;;;;;;;;;;;;;;;;;;;;;End-of-iteration summary row;;;15617.198350054;15343.230209077808;418;15343.230209077808;3956.5983;;IterationSummary;;;;;;
64;2;23;1;diversification;7;68b1286310e8;move;;;0;16;;;;;;;;;;True;False;False;True;;ok;17558.49409711759;15617.198350054;15617.198350054;15343.230209077808;419;15343.230209077808;3964.4107;1941.2957470635902;Evaluated;5.3654;2.4296;64;True;1;
64;2;23;2;diversification;7;68b1286310e8;reinsert_block;;;;;;;18;23;35;;;;;True;False;False;True;;ok;16654.740515752837;15617.198350054;15617.198350054;15343.230209077808;420;15343.230209077808;3979.4613;1037.5421656988383;Evaluated;12.6184;2.4294;64;True;3;duplicate_for_same_parent_sequence
64;2;23;3;diversification;7;68b1286310e8;swap;32;45;;;;;;;;;;;;True;False;False;True;;ok;17353.050490215726;15617.198350054;15617.198350054;15343.230209077808;421;15343.230209077808;3987.3915;1735.8521401617272;Evaluated;5.496;2.4325;64;True;1;
64;2;23;4;diversification;7;68b1286310e8;move;;;25;15;;;;;;;;;;True;False;False;True;;ok;17341.886399978794;15617.198350054;15617.198350054;15343.230209077808;422;15343.230209077808;3998.5425;1724.6880499247945;Evaluated;8.7198;2.4282;64;True;2;duplicate_for_same_parent_sequence
64;2;23;5;diversification;7;68b1286310e8;move;;;15;20;;;;;;;;;;True;False;False;False;;ok;16016.01597426782;15617.198350054;15617.198350054;15343.230209077808;423;15343.230209077808;4005.9629;398.81762421382155;Evaluated;5.186;2.233;64;True;1;
64;2;23;6;diversification;7;68b1286310e8;move;;;30;25;;;;;;;;;;False;True;False;;;ok;;15617.198350054;15617.198350054;15343.230209077808;423;15343.230209077808;4018.0986;;DuplicateForSameParentSequenceAfterRetries;12.1331;;;;3;duplicate_for_same_parent_sequence
64;2;23;7;diversification;7;68b1286310e8;move;;;15;30;;;;;;;;;;True;False;False;True;;ok;16130.220837822277;15617.198350054;15617.198350054;15343.230209077808;424;15343.230209077808;4025.7419;513.0224877682776;Evaluated;5.2104;2.4319;64;True;1;
64;2;23;8;diversification;7;68b1286310e8;move;;;25;40;;;;;;;;;;True;False;False;True;;ok;16437.5077935746;15617.198350054;15617.198350054;15343.230209077808;425;15343.230209077808;4040.3087;820.3094435206021;Evaluated;12.132;2.4316;64;True;3;duplicate_for_same_parent_sequence
64;2;23;9;diversification;7;68b1286310e8;move;;;18;4;;;;;;;;;;True;False;False;True;;ok;18206.04190402474;15617.198350054;15617.198350054;15343.230209077808;426;15343.230209077808;4051.5127;2588.8435539707407;Evaluated;8.5691;2.6315;64;True;2;duplicate_for_same_parent_sequence
64;2;23;10;diversification;7;68b1286310e8;move;;;48;35;;;;;;;;;;True;False;False;True;;ok;15569.158057527864;15617.198350054;15617.198350054;15343.230209077808;427;15343.230209077808;4059.1326;-48.04029252613509;Evaluated;5.3838;2.233;64;True;1;
64;2;23;;diversification;0;;;;;;;;;;;;;;;;;;;;;End-of-iteration summary row;;;15569.158057527864;15343.230209077808;427;15343.230209077808;4059.1469;;IterationSummary;;;;;;
65;2;24;1;normal;0;4d8bd97e12bb;move;;;1;0;;;;;;;;;;True;False;False;False;;ok;16675.843171730583;15569.158057527864;15569.158057527864;15343.230209077808;428;15343.230209077808;4067.3896;1106.685114202719;Evaluated;5.8036;2.4328;64;True;1;
65;2;24;2;normal;0;4d8bd97e12bb;swap;20;25;;;;;;;;;;;;True;False;False;False;;ok;16692.231716106013;15569.158057527864;15569.158057527864;15343.230209077808;429;15343.230209077808;4074.9435;1123.0736585781488;Evaluated;5.1215;2.4296;64;True;1;
65;2;24;3;normal;0;4d8bd97e12bb;reinsert_block;;;;;;;32;37;40;;;;;True;False;False;False;;ok;17304.14523434981;15569.158057527864;15569.158057527864;15343.230209077808;430;15343.230209077808;4082.8542;1734.9871768219455;Evaluated;5.4749;2.4324;64;True;1;
65;2;24;4;normal;0;4d8bd97e12bb;move;;;50;38;;;;;;;;;;True;False;False;True;;ok;16306.482469277522;15569.158057527864;15569.158057527864;15343.230209077808;431;15343.230209077808;4090.7543;737.3244117496579;Evaluated;5.4662;2.4309;64;True;1;
65;2;24;5;normal;0;4d8bd97e12bb;move;;;20;35;;;;;;;;;;True;False;False;True;;ok;17077.80052343977;15569.158057527864;15569.158057527864;15343.230209077808;432;15343.230209077808;4098.449;1508.6424659119075;Evaluated;5.2594;2.4326;64;True;1;
65;2;24;;normal;1;;;;;;;;;;;;;;;;;;;;;End-of-iteration summary row;;;15569.158057527864;15343.230209077808;432;15343.230209077808;4098.4519;;IterationSummary;;;;;;
66;2;25;1;normal;1;4d8bd97e12bb;move;;;10;5;;;;;;;;;;True;False;False;False;;ok;17273.623258127205;15569.158057527864;15569.158057527864;15343.230209077808;433;15343.230209077808;4106.4904;1704.4652005993412;Evaluated;5.5943;2.4296;64;True;1;
66;2;25;2;normal;1;4d8bd97e12bb;swap;17;28;;;;;;;;;;;;True;False;False;False;;ok;17374.07248374016;15569.158057527864;15569.158057527864;15343.230209077808;434;15343.230209077808;4114.1182;1804.9144262122973;Evaluated;5.1929;2.4315;64;True;1;
66;2;25;3;normal;1;4d8bd97e12bb;reinsert_block;;;;;;;34;39;28;;;;;True;False;False;False;;ok;17937.103292441443;15569.158057527864;15569.158057527864;15343.230209077808;435;15343.230209077808;4122.0257;2367.945234913579;Evaluated;5.4796;2.4251;64;True;1;
66;2;25;4;normal;1;4d8bd97e12bb;move;;;50;42;;;;;;;;;;True;False;False;False;;ok;16562.0392274457;15569.158057527864;15569.158057527864;15343.230209077808;436;15343.230209077808;4129.7079;992.8811699178368;Evaluated;5.2506;2.4289;64;True;1;
66;2;25;5;normal;1;4d8bd97e12bb;move;;;30;25;;;;;;;;;;True;False;False;False;;ok;16890.38143910309;15569.158057527864;15569.158057527864;15343.230209077808;437;15343.230209077808;4137.5087;1321.223381575226;Evaluated;5.3686;2.4295;64;True;1;
66;2;25;;normal;2;;;;;;;;;;;;;;;;;;;;;End-of-iteration summary row;;;15569.158057527864;15343.230209077808;437;15343.230209077808;4137.5097;;IterationSummary;;;;;;
67;2;26;1;normal;2;4d8bd97e12bb;move;;;8;1;;;;;;;;;;True;False;False;False;;ok;18021.605669419496;15569.158057527864;15569.158057527864;15343.230209077808;438;15343.230209077808;4145.7012;2452.447611891632;Evaluated;5.7545;2.4301;64;True;1;
67;2;26;2;normal;2;4d8bd97e12bb;swap;18;26;;;;;;;;;;;;True;False;False;False;;ok;17330.139840999887;15569.158057527864;15569.158057527864;15343.230209077808;439;15343.230209077808;4157.0745;1760.9817834720234;Evaluated;8.9374;2.4325;64;True;2;duplicate_for_same_parent_sequence
67;2;26;3;normal;2;4d8bd97e12bb;reinsert_block;;;;;;;35;40;28;;;;;True;False;False;False;;ok;17600.795671290463;15569.158057527864;15569.158057527864;15343.230209077808;440;15343.230209077808;4165.0274;2031.6376137625994;Evaluated;5.5212;2.4284;64;True;1;
67;2;26;4;normal;2;4d8bd97e12bb;move;;;49;37;;;;;;;;;;True;False;False;True;;ok;17306.189935049166;15569.158057527864;15569.158057527864;15343.230209077808;441;15343.230209077808;4176.3354;1737.0318775213018;Evaluated;8.8728;2.4322;64;True;2;duplicate_for_same_parent_sequence
67;2;26;5;normal;2;4d8bd97e12bb;swap;20;35;;;;;;;;;;;;True;False;False;True;;ok;17078.627946567394;15569.158057527864;15569.158057527864;15343.230209077808;442;15343.230209077808;4187.4532;1509.4698890395302;Evaluated;8.6891;2.426;64;True;2;duplicate_for_same_parent_sequence
67;2;26;;normal;3;;;;;;;;;;;;;;;;;;;;;End-of-iteration summary row;;;15569.158057527864;15343.230209077808;442;15343.230209077808;4187.4561;;IterationSummary;;;;;;
68;2;27;1;diversification;3;4d8bd97e12bb;move;;;8;3;;;;;;;;;;True;False;False;False;;ok;17845.701859109777;15569.158057527864;15569.158057527864;15343.230209077808;443;15343.230209077808;4199.0492;2276.5438015819127;Evaluated;9.1429;2.4335;64;True;2;duplicate_for_same_parent_sequence
68;2;27;2;diversification;3;4d8bd97e12bb;reinsert_block;;;;;;;20;25;35;;;;;True;False;False;True;;ok;17299.30759648566;15569.158057527864;15569.158057527864;15343.230209077808;444;15343.230209077808;4207.2049;1730.1495389577976;Evaluated;5.7245;2.4287;64;True;1;
68;2;27;3;diversification;3;4d8bd97e12bb;swap;35;40;;;;;;;;;;;;True;False;False;False;;ok;17146.851232759283;15569.158057527864;15569.158057527864;15343.230209077808;445;15343.230209077808;4215.1274;1577.6931752314194;Evaluated;5.4926;2.4269;64;True;1;
68;2;27;4;diversification;3;4d8bd97e12bb;move;;;50;48;;;;;;;;;;True;False;False;False;;ok;15748.041274965757;15569.158057527864;15569.158057527864;15343.230209077808;446;15343.230209077808;4222.6645;178.8832174378931;Evaluated;5.3053;2.2285;64;True;1;
68;2;27;5;diversification;3;4d8bd97e12bb;swap;25;30;;;;;;;;;;;;True;False;False;False;;ok;16881.816320890095;15569.158057527864;15569.158057527864;15343.230209077808;447;15343.230209077808;4233.9056;1312.658263362231;Evaluated;8.8072;2.4329;64;True;2;duplicate_for_same_parent_sequence
68;2;27;6;diversification;3;4d8bd97e12bb;move;;;50;32;;;;;;;;;;True;False;False;True;;ok;16532.182246068063;15569.158057527864;15569.158057527864;15343.230209077808;448;15343.230209077808;4241.6799;963.0241885401992;Evaluated;5.3409;2.4302;64;True;1;
68;2;27;7;diversification;3;4d8bd97e12bb;move;;;30;5;;;;;;;;;;True;False;False;True;;ok;16822.447834613973;15569.158057527864;15569.158057527864;15343.230209077808;449;15343.230209077808;4249.6155;1253.289777086109;Evaluated;5.5052;2.4282;64;True;1;
68;2;27;8;diversification;3;4d8bd97e12bb;move;;;18;30;;;;;;;;;;True;False;False;True;;ok;16965.191824422724;15569.158057527864;15569.158057527864;15343.230209077808;450;15343.230209077808;4257.3029;1396.0337668948596;Evaluated;5.2543;2.43;64;True;1;
68;2;27;9;diversification;3;4d8bd97e12bb;move;;;25;30;;;;;;;;;;True;False;False;False;;ok;17122.993216092917;15569.158057527864;15569.158057527864;15343.230209077808;451;15343.230209077808;4265.0607;1553.8351585650526;Evaluated;5.3244;2.4297;64;True;1;
68;2;27;10;diversification;3;4d8bd97e12bb;move;;;45;20;;;;;;;;;;True;False;False;True;;ok;16508.694062999974;15569.158057527864;15569.158057527864;15343.230209077808;452;15343.230209077808;4272.9326;939.5360054721095;Evaluated;5.442;2.4267;64;True;1;
68;2;27;;diversification;4;;;;;;;;;;;;;;;;;;;;;End-of-iteration summary row;;;15569.158057527864;15343.230209077808;452;15343.230209077808;4272.9331;;IterationSummary;;;;;;
69;2;28;1;diversification;4;4d8bd97e12bb;move;;;7;20;;;;;;;;;;True;False;False;True;;ok;15672.294196305806;15569.158057527864;15569.158057527864;15343.230209077808;453;15343.230209077808;4281.0629;103.1361387779416;Evaluated;5.8926;2.2299;64;True;1;
69;2;28;2;diversification;4;4d8bd97e12bb;move;;;18;40;;;;;;;;;;True;False;False;True;;ok;16771.567735146196;15569.158057527864;15569.158057527864;15343.230209077808;454;15343.230209077808;4292.2872;1202.4096776183324;Evaluated;8.793;2.4284;64;True;2;duplicate_for_same_parent_sequence
69;2;28;3;diversification;4;4d8bd97e12bb;swap;40;50;;;;;;;;;;;;True;False;False;False;;ok;16306.078812159825;15569.158057527864;15569.158057527864;15343.230209077808;455;15343.230209077808;4300.0266;736.9207546319612;Evaluated;5.3064;2.4297;64;True;1;
69;2;28;4;diversification;4;4d8bd97e12bb;move;;;61;55;;;;;;;;;;True;False;False;False;;ok;15839.762286694075;15569.158057527864;15569.158057527864;15343.230209077808;456;15343.230209077808;4311.0068;270.60422916621064;Evaluated;8.7442;2.2334;64;True;2;duplicate_for_same_parent_sequence
69;2;28;5;diversification;4;4d8bd97e12bb;move;;;40;15;;;;;;;;;;True;False;False;True;;ok;15568.561375201469;15569.158057527864;15569.158057527864;15343.230209077808;457;15343.230209077808;4318.4859;-0.5966823263952392;Evaluated;5.247;2.2285;64;True;1;
69;2;28;6;diversification;4;4d8bd97e12bb;move;;;40;25;;;;;;;;;;True;False;False;True;;ok;16886.245541794287;15569.158057527864;15569.158057527864;15343.230209077808;458;15343.230209077808;4326.2247;1317.0874842664234;Evaluated;5.309;2.4269;64;True;1;
69;2;28;7;diversification;4;4d8bd97e12bb;swap;4;10;;;;;;;;;;;;True;False;False;False;;ok;17534.718236463283;15569.158057527864;15569.158057527864;15343.230209077808;459;15343.230209077808;4337.2191;1965.5601789354187;Evaluated;8.5656;2.4275;64;True;2;duplicate_for_same_parent_sequence
69;2;28;8;diversification;4;4d8bd97e12bb;move;;;8;15;;;;;;;;;;True;False;False;False;;ok;16866.239616117127;15569.158057527864;15569.158057527864;15343.230209077808;460;15343.230209077808;4345.0375;1297.0815585892633;Evaluated;5.3873;2.4279;64;True;1;
69;2;28;9;diversification;4;4d8bd97e12bb;swap;24;26;;;;;;;;;;;;True;False;False;False;;ok;17078.511682208242;15569.158057527864;15569.158057527864;15343.230209077808;461;15343.230209077808;4355.9954;1509.3536246803778;Evaluated;8.5268;2.4275;64;True;2;duplicate_for_same_parent_sequence
69;2;28;10;diversification;4;4d8bd97e12bb;move;;;50;43;;;;;;;;;;True;False;False;False;;ok;16137.7908376748;15569.158057527864;15569.158057527864;15343.230209077808;462;15343.230209077808;4363.9001;568.632780146936;Evaluated;5.4702;2.4319;64;True;1;
69;2;28;;diversification;0;;;;;;;;;;;;;;;;;;;;;End-of-iteration summary row;;;15568.561375201469;15343.230209077808;462;15343.230209077808;4363.9074;;IterationSummary;;;;;;
70;2;29;1;normal;0;939ecd6092d1;move;;;7;20;;;;;;;;;;True;False;False;True;;ok;17061.125257943437;15568.561375201469;15568.561375201469;15343.230209077808;463;15343.230209077808;4372.1264;1492.563882741968;Evaluated;5.7822;2.4296;64;True;1;
70;2;29;2;normal;0;939ecd6092d1;swap;20;25;;;;;;;;;;;;True;False;False;False;;ok;16765.463249980225;15568.561375201469;15568.561375201469;15343.230209077808;464;15343.230209077808;4379.8078;1196.9018747787559;Evaluated;5.2423;2.4381;64;True;1;
70;2;29;3;normal;0;939ecd6092d1;reinsert_block;;;;;;;34;40;25;;;;;True;False;False;True;;ok;16913.448305704722;15568.561375201469;15568.561375201469;15343.230209077808;465;15343.230209077808;4387.7532;1344.886930503253;Evaluated;5.5168;2.4259;64;True;1;
70;2;29;4;normal;0;939ecd6092d1;move;;;50;46;;;;;;;;;;True;False;False;False;;ok;15747.444592639362;15568.561375201469;15568.561375201469;15343.230209077808;466;15343.230209077808;4395.2015;178.8832174378931;Evaluated;5.2146;2.233;64;True;1;
70;2;29;5;normal;0;939ecd6092d1;move;;;10;35;;;;;;;;;;True;False;False;True;;ok;17663.732175067824;15568.561375201469;15568.561375201469;15343.230209077808;467;15343.230209077808;4402.9384;2095.170799866355;Evaluated;5.3076;2.4282;64;True;1;
70;2;29;;normal;1;;;;;;;;;;;;;;;;;;;;;End-of-iteration summary row;;;15568.561375201469;15343.230209077808;467;15343.230209077808;4402.9418;;IterationSummary;;;;;;
71;2;30;1;normal;1;939ecd6092d1;move;;;3;8;;;;;;;;;;True;False;False;False;;ok;17986.380796505866;15568.561375201469;15568.561375201469;15343.230209077808;468;15343.230209077808;4411.1478;2417.819421304397;Evaluated;5.7719;2.4247;64;True;1;
71;2;30;2;normal;1;939ecd6092d1;swap;18;20;;;;;;;;;;;;True;False;False;False;;ok;16823.355153526867;15568.561375201469;15568.561375201469;15343.230209077808;469;15343.230209077808;4418.7856;1254.7937783253983;Evaluated;5.2084;2.4263;64;True;1;
71;2;30;3;normal;1;939ecd6092d1;reinsert_block;;;;;;;35;40;25;;;;;True;False;False;True;;ok;16924.26664079632;15568.561375201469;15568.561375201469;15343.230209077808;470;15343.230209077808;4426.7207;1355.70526559485;Evaluated;5.4988;2.4332;64;True;1;
71;2;30;4;normal;1;939ecd6092d1;move;;;49;53;;;;;;;;;;True;False;False;False;;ok;15903.77369002991;15568.561375201469;15568.561375201469;15343.230209077808;471;15343.230209077808;4434.4126;335.21231482844087;Evaluated;5.4626;2.2265;64;True;1;
71;2;30;5;normal;1;939ecd6092d1;move;;;50;38;;;;;;;;;;True;False;False;True;;ok;16775.532928747147;15568.561375201469;15568.561375201469;15343.230209077808;472;15343.230209077808;4441.9749;1206.971553545678;Evaluated;5.1345;2.4263;64;True;1;
71;2;30;;normal;2;;;;;;;;;;;;;;;;;;;;;End-of-iteration summary row;;;15568.561375201469;15343.230209077808;472;15343.230209077808;4441.9782;;IterationSummary;;;;;;
72;2;31;1;normal;2;939ecd6092d1;move;;;7;10;;;;;;;;;;True;False;False;False;;ok;17316.112223075255;15568.561375201469;15568.561375201469;15343.230209077808;473;15343.230209077808;4449.9765;1747.5508478737866;Evaluated;5.5605;2.4288;64;True;1;
72;2;31;2;normal;2;939ecd6092d1;move;;;18;25;;;;;;;;;;True;False;False;False;;ok;16872.63045087685;15568.561375201469;15568.561375201469;15343.230209077808;474;15343.230209077808;4461.0062;1304.069075675383;Evaluated;8.5999;2.4266;64;True;2;duplicate_for_same_parent_sequence
72;2;31;3;normal;2;939ecd6092d1;reinsert_block;;;;;;;35;40;28;;;;;True;False;False;False;;ok;17012.46193640858;15568.561375201469;15568.561375201469;15343.230209077808;475;15343.230209077808;4469.2181;1443.9005612071123;Evaluated;5.7811;2.4278;64;True;1;
72;2;31;4;normal;2;939ecd6092d1;move;;;25;30;;;;;;;;;;True;False;False;False;;ok;17124.833416799986;15568.561375201469;15568.561375201469;15343.230209077808;476;15343.230209077808;4480.3396;1556.2720415985168;Evaluated;8.6898;2.429;64;True;2;duplicate_for_same_parent_sequence
72;2;31;5;normal;2;939ecd6092d1;move;;;32;15;;;;;;;;;;True;False;False;True;;ok;16891.078319599557;15568.561375201469;15568.561375201469;15343.230209077808;477;15343.230209077808;4491.1961;1322.5169443980885;Evaluated;8.4266;2.4271;64;True;2;duplicate_for_same_parent_sequence
72;2;31;;normal;3;;;;;;;;;;;;;;;;;;;;;End-of-iteration summary row;;;15568.561375201469;15343.230209077808;477;15343.230209077808;4491.1992;;IterationSummary;;;;;;
73;2;32;1;diversification;3;939ecd6092d1;move;;;7;15;;;;;;;;;;True;False;False;False;;ok;17071.18977329422;15568.561375201469;15568.561375201469;15343.230209077808;478;15343.230209077808;4499.3504;1502.628398092751;Evaluated;5.7057;2.4316;64;True;1;
73;2;32;2;diversification;3;939ecd6092d1;reinsert_block;;;;;;;20;25;35;;;;;True;False;False;True;;ok;17029.941367996085;15568.561375201469;15568.561375201469;15343.230209077808;479;15343.230209077808;4507.3509;1461.3799927946166;Evaluated;5.5655;2.4321;64;True;1;
73;2;32;3;diversification;3;939ecd6092d1;swap;35;42;;;;;;;;;;;;True;False;False;False;;ok;16955.45519320752;15568.561375201469;15568.561375201469;15343.230209077808;480;15343.230209077808;4515.0016;1386.8938180060504;Evaluated;5.2165;2.4315;64;True;1;
73;2;32;4;diversification;3;939ecd6092d1;move;;;50;40;;;;;;;;;;True;False;False;True;;ok;16305.885786951127;15568.561375201469;15568.561375201469;15343.230209077808;481;15343.230209077808;4522.7997;737.3244117496579;Evaluated;5.3701;2.4266;64;True;1;
73;2;32;5;diversification;3;939ecd6092d1;move;;;4;10;;;;;;;;;;True;False;False;False;;ok;17502.907953734117;15568.561375201469;15568.561375201469;15343.230209077808;482;15343.230209077808;4530.5072;1934.346578532648;Evaluated;5.279;2.4251;64;True;1;
73;2;32;6;diversification;3;939ecd6092d1;move;;;35;20;;;;;;;;;;True;False;False;True;;ok;17354.47437225529;15568.561375201469;15568.561375201469;15343.230209077808;483;15343.230209077808;4541.7151;1785.9129970538197;Evaluated;8.7768;2.4283;64;True;2;duplicate_for_same_parent_sequence
73;2;32;7;diversification;3;939ecd6092d1;move;;;5;10;;;;;;;;;;True;False;False;False;;ok;17035.95870574379;15568.561375201469;15568.561375201469;15343.230209077808;484;15343.230209077808;4549.35;1467.3973305423206;Evaluated;5.1993;2.4327;64;True;1;
73;2;32;8;diversification;3;939ecd6092d1;move;;;10;5;;;;;;;;;;True;False;False;False;;ok;16997.533678854885;15568.561375201469;15568.561375201469;15343.230209077808;485;15343.230209077808;4556.9395;1428.972303653416;Evaluated;5.1601;2.4261;64;True;1;
73;2;32;9;diversification;3;939ecd6092d1;move;;;24;30;;;;;;;;;;True;False;False;False;;ok;17290.843321925997;15568.561375201469;15568.561375201469;15343.230209077808;486;15343.230209077808;4564.5993;1722.281946724528;Evaluated;5.2267;2.4302;64;True;1;
73;2;32;10;diversification;3;939ecd6092d1;move;;;45;20;;;;;;;;;;True;False;False;True;;ok;16521.91905153325;15568.561375201469;15568.561375201469;15343.230209077808;487;15343.230209077808;4572.3419;953.3576763317797;Evaluated;5.3104;2.4294;64;True;1;
73;2;32;;diversification;4;;;;;;;;;;;;;;;;;;;;;End-of-iteration summary row;;;15568.561375201469;15343.230209077808;487;15343.230209077808;4572.3426;;IterationSummary;;;;;;
74;2;33;1;diversification;4;939ecd6092d1;move;;;8;14;;;;;;;;;;True;False;False;False;;ok;17647.512444983116;15568.561375201469;15568.561375201469;15343.230209077808;488;15343.230209077808;4583.8717;2078.9510697816477;Evaluated;9.0959;2.4273;64;True;2;duplicate_for_same_parent_sequence
74;2;33;2;diversification;4;939ecd6092d1;reinsert_block;;;;;;;20;24;30;;;;;True;False;False;False;;ok;16673.03884351346;15568.561375201469;15568.561375201469;15343.230209077808;489;15343.230209077808;4599.0521;1104.4774683119904;Evaluated;12.7471;2.4311;64;True;3;duplicate_for_same_parent_sequence
74;2;33;3;diversification;4;939ecd6092d1;swap;38;45;;;;;;;;;;;;True;False;False;False;;ok;15568.561375201469;15568.561375201469;15568.561375201469;15343.230209077808;490;15343.230209077808;4610.3843;0.0;Evaluated;9.0989;2.2295;64;True;2;duplicate_for_same_parent_sequence
74;2;33;4;diversification;4;939ecd6092d1;move;;;25;40;;;;;;;;;;True;False;False;True;;ok;16911.891134765887;15568.561375201469;15568.561375201469;15343.230209077808;491;15343.230209077808;4621.7893;1343.329759564418;Evaluated;8.9697;2.4321;64;True;2;duplicate_for_same_parent_sequence
74;2;33;5;diversification;4;939ecd6092d1;move;;;20;35;;;;;;;;;;True;False;False;True;;ok;17330.11498981301;15568.561375201469;15568.561375201469;15343.230209077808;492;15343.230209077808;4629.5395;1761.553614611541;Evaluated;5.32;2.4295;64;True;1;
74;2;33;6;diversification;4;939ecd6092d1;move;;;49;35;;;;;;;;;;True;False;False;True;;ok;17299.659703653087;15568.561375201469;15568.561375201469;15343.230209077808;493;15343.230209077808;4637.1613;1731.0983284516187;Evaluated;5.187;2.4312;64;True;1;
74;2;33;7;diversification;4;939ecd6092d1;move;;;20;45;;;;;;;;;;True;False;False;True;;ok;17142.443950505938;15568.561375201469;15568.561375201469;15343.230209077808;494;15343.230209077808;4644.719;1573.8825753044694;Evaluated;5.1223;2.4326;64;True;1;
74;2;33;8;diversification;4;939ecd6092d1;move;;;8;20;;;;;;;;;;True;False;False;True;;ok;16854.147826621862;15568.561375201469;15568.561375201469;15343.230209077808;495;15343.230209077808;4652.3026;1285.5864514203931;Evaluated;5.1513;2.4283;64;True;1;
74;2;33;9;diversification;4;939ecd6092d1;move;;;40;15;;;;;;;;;;True;False;False;True;;ok;18057.81101266405;15568.561375201469;15568.561375201469;15343.230209077808;496;15343.230209077808;4663.6798;2489.2496374625807;Evaluated;8.9421;2.4331;64;True;2;duplicate_for_same_parent_sequence
74;2;33;10;diversification;4;939ecd6092d1;move;;;50;35;;;;;;;;;;True;False;False;True;;ok;16542.602500243273;15568.561375201469;15568.561375201469;15343.230209077808;497;15343.230209077808;4671.3514;974.0411250418038;Evaluated;5.2427;2.4261;64;True;1;
74;2;33;;diversification;5;;;;;;;;;;;;;;;;;;;;;End-of-iteration summary row;;;15568.561375201469;15343.230209077808;497;15343.230209077808;4671.3547;;IterationSummary;;;;;;
75;2;34;1;diversification;5;939ecd6092d1;move;;;5;25;;;;;;;;;;True;False;False;True;;ok;16608.929682006237;15568.561375201469;15568.561375201469;15343.230209077808;498;15343.230209077808;4682.7099;1040.3683068047685;Evaluated;8.8999;2.4398;64;True;2;duplicate_for_same_parent_sequence
75;2;34;2;diversification;5;939ecd6092d1;reinsert_block;;;;;;;18;24;30;;;;;True;False;False;False;;ok;16276.123488294204;15568.561375201469;15568.561375201469;15343.230209077808;499;15343.230209077808;4690.6646;707.5621130927357;Evaluated;5.5252;2.4269;64;True;1;
75;2;34;3;diversification;5;939ecd6092d1;swap;38;46;;;;;;;;;;;;True;False;False;False;;ok;17059.26359114218;15568.561375201469;15568.561375201469;15343.230209077808;500;15343.230209077808;4701.8693;1490.7022159407097;Evaluated;8.7704;2.4312;64;True;2;duplicate_for_same_parent_sequence
75;2;34;4;diversification;5;939ecd6092d1;move;;;50;28;;;;;;;;;;True;False;False;True;;ok;16542.602500243273;15568.561375201469;15568.561375201469;15343.230209077808;501;15343.230209077808;4709.5347;974.0411250418038;Evaluated;5.237;2.4255;64;True;1;
75;2;34;5;diversification;5;939ecd6092d1;move;;;25;10;;;;;;;;;;True;False;False;True;;ok;17777.686241566254;15568.561375201469;15568.561375201469;15343.230209077808;502;15343.230209077808;4717.2852;2209.1248663647857;Evaluated;5.3197;2.4281;64;True;1;
75;2;34;6;diversification;5;939ecd6092d1;swap;38;50;;;;;;;;;;;;True;False;False;True;;ok;16737.473111041814;15568.561375201469;15568.561375201469;15343.230209077808;503;15343.230209077808;4728.5208;1168.9117358403455;Evaluated;8.7965;2.4364;64;True;2;duplicate_for_same_parent_sequence
75;2;34;7;diversification;5;939ecd6092d1;move;;;30;40;;;;;;;;;;True;False;False;True;;ok;16667.307588870266;15568.561375201469;15568.561375201469;15343.230209077808;504;15343.230209077808;4739.6506;1098.7462136687973;Evaluated;8.6943;2.4326;64;True;2;duplicate_for_same_parent_sequence
75;2;34;8;diversification;5;939ecd6092d1;swap;30;40;;;;;;;;;;;;True;False;False;False;;ok;18155.837141650005;15568.561375201469;15568.561375201469;15343.230209077808;505;15343.230209077808;4751.0646;2587.275766448536;Evaluated;8.7817;2.6291;64;True;2;duplicate_for_same_parent_sequence
75;2;34;9;diversification;5;939ecd6092d1;move;;;24;38;;;;;;;;;;True;False;False;True;;ok;17155.458317298304;15568.561375201469;15568.561375201469;15343.230209077808;506;15343.230209077808;4762.0334;1586.8969420968351;Evaluated;8.5381;2.4275;64;True;2;duplicate_for_same_parent_sequence
75;2;34;10;diversification;5;939ecd6092d1;move;;;49;38;;;;;;;;;;True;False;False;True;;ok;17298.33022246555;15568.561375201469;15568.561375201469;15343.230209077808;507;15343.230209077808;4769.7122;1729.7688472640803;Evaluated;5.2493;2.4266;64;True;1;
75;2;34;;diversification;6;;;;;;;;;;;;;;;;;;;;;End-of-iteration summary row;;;15568.561375201469;15343.230209077808;507;15343.230209077808;4769.7159;;IterationSummary;;;;;;
76;2;35;1;diversification;6;939ecd6092d1;move;;;10;25;;;;;;;;;;True;False;False;True;;ok;16989.24095438186;15568.561375201469;15568.561375201469;15343.230209077808;508;15343.230209077808;4777.742;1420.6795791803925;Evaluated;5.584;2.4276;64;True;1;
76;2;35;2;diversification;6;939ecd6092d1;move;;;15;25;;;;;;;;;;True;False;False;True;;ok;16886.245541794287;15568.561375201469;15568.561375201469;15343.230209077808;509;15343.230209077808;4789.5202;1317.6841665928187;Evaluated;9.3428;2.4335;64;True;2;duplicate_for_same_parent_sequence
76;2;35;3;diversification;6;939ecd6092d1;move;;;45;20;;;;;;;;;;False;True;False;;;ok;;15568.561375201469;15568.561375201469;15343.230209077808;509;15343.230209077808;4801.8081;;DuplicateForSameParentSequenceAfterRetries;12.2862;;;;3;duplicate_for_same_parent_sequence
76;2;35;4;diversification;6;939ecd6092d1;move;;;50;48;;;;;;;;;;True;False;False;False;;ok;15747.444592639362;15568.561375201469;15568.561375201469;15343.230209077808;510;15343.230209077808;4809.5131;178.8832174378931;Evaluated;5.4767;2.2272;64;True;1;
76;2;35;5;diversification;6;939ecd6092d1;swap;0;3;;;;;;;;;;;;True;False;False;False;;ok;17073.650245848723;15568.561375201469;15568.561375201469;15343.230209077808;511;15343.230209077808;4820.5913;1505.0888706472542;Evaluated;8.6475;2.43;64;True;2;duplicate_for_same_parent_sequence
76;2;35;6;diversification;6;939ecd6092d1;move;;;35;42;;;;;;;;;;True;False;False;False;;ok;16989.516675859624;15568.561375201469;15568.561375201469;15343.230209077808;512;15343.230209077808;4828.5292;1420.9553006581555;Evaluated;5.5048;2.4301;64;True;1;
76;2;35;7;diversification;6;939ecd6092d1;move;;;18;40;;;;;;;;;;True;False;False;True;;ok;16777.997399337364;15568.561375201469;15568.561375201469;15343.230209077808;513;15343.230209077808;4839.6612;1209.4360241358954;Evaluated;8.6984;2.4308;64;True;2;duplicate_for_same_parent_sequence
76;2;35;8;diversification;6;939ecd6092d1;move;;;20;15;;;;;;;;;;True;False;False;False;;ok;16757.306846336094;15568.561375201469;15568.561375201469;15343.230209077808;514;15343.230209077808;4847.5211;1188.7454711346254;Evaluated;5.4285;2.4284;64;True;1;
76;2;35;9;diversification;6;939ecd6092d1;move;;;35;45;;;;;;;;;;True;False;False;True;;ok;16453.78800314261;15568.561375201469;15568.561375201469;15343.230209077808;515;15343.230209077808;4859.2456;885.2266279411415;Evaluated;9.2845;2.4373;64;True;2;duplicate_for_same_parent_sequence
76;2;35;10;diversification;6;939ecd6092d1;move;;;50;42;;;;;;;;;;True;False;False;False;;ok;16561.442545119306;15568.561375201469;15568.561375201469;15343.230209077808;516;15343.230209077808;4866.9094;992.8811699178368;Evaluated;5.225;2.436;64;True;1;
76;2;35;;diversification;7;;;;;;;;;;;;;;;;;;;;;End-of-iteration summary row;;;15568.561375201469;15343.230209077808;516;15343.230209077808;4866.912;;IterationSummary;;;;;;
77;2;36;1;diversification;7;939ecd6092d1;move;;;8;30;;;;;;;;;;True;False;False;True;;ok;17496.8009752043;15568.561375201469;15568.561375201469;15343.230209077808;517;15343.230209077808;4878.5764;1928.2396000028311;Evaluated;9.2042;2.4496;64;True;2;duplicate_for_same_parent_sequence
77;2;36;2;diversification;7;939ecd6092d1;move;;;16;35;;;;;;;;;;True;False;False;True;;ok;17206.207934761875;15568.561375201469;15568.561375201469;15343.230209077808;518;15343.230209077808;4890.0089;1637.6465595604059;Evaluated;9.0028;2.4269;64;True;2;duplicate_for_same_parent_sequence
77;2;36;3;diversification;7;939ecd6092d1;swap;40;50;;;;;;;;;;;;True;False;False;False;;ok;16409.38254816987;15568.561375201469;15568.561375201469;15343.230209077808;519;15343.230209077808;4897.6697;840.8211729684008;Evaluated;5.2256;2.4342;64;True;1;
77;2;36;4;diversification;7;939ecd6092d1;move;;;25;35;;;;;;;;;;True;False;False;True;;ok;17127.252160800526;15568.561375201469;15568.561375201469;15343.230209077808;520;15343.230209077808;4908.8514;1558.6907855990576;Evaluated;8.7462;2.4339;64;True;2;duplicate_for_same_parent_sequence
77;2;36;5;diversification;7;939ecd6092d1;move;;;5;30;;;;;;;;;;True;False;False;True;;ok;17448.490709486512;15568.561375201469;15568.561375201469;15343.230209077808;521;15343.230209077808;4923.3952;1879.9293342850433;Evaluated;12.1096;2.4297;64;True;3;duplicate_for_same_parent_sequence
77;2;36;6;diversification;7;939ecd6092d1;move;;;40;25;;;;;;;;;;True;False;False;True;;ok;17399.563188166387;15568.561375201469;15568.561375201469;15343.230209077808;522;15343.230209077808;4931.0573;1831.001812964918;Evaluated;5.2317;2.4275;64;True;1;
77;2;36;7;diversification;7;939ecd6092d1;move;;;30;45;;;;;;;;;;True;False;False;True;;ok;15917.702290844056;15568.561375201469;15568.561375201469;15343.230209077808;523;15343.230209077808;4945.56;349.14091564258706;Evaluated;12.27;2.2295;64;True;3;duplicate_for_same_parent_sequence
77;2;36;8;diversification;7;939ecd6092d1;swap;8;12;;;;;;;;;;;;True;False;False;False;;ok;16686.433769662268;15568.561375201469;15568.561375201469;15343.230209077808;524;15343.230209077808;4956.5799;1117.8723944607991;Evaluated;8.5863;2.4308;64;True;2;duplicate_for_same_parent_sequence
77;2;36;9;diversification;7;939ecd6092d1;move;;;45;10;;;;;;;;;;True;False;False;True;;ok;17055.813800727265;15568.561375201469;15568.561375201469;15343.230209077808;525;15343.230209077808;4968.0095;1487.2524255257958;Evaluated;9.0004;2.4258;64;True;2;duplicate_for_same_parent_sequence
77;2;36;10;diversification;7;939ecd6092d1;move;;;40;10;;;;;;;;;;True;False;False;True;;ok;17572.060979235575;15568.561375201469;15568.561375201469;15343.230209077808;526;15343.230209077808;4983.0361;2003.4996040341066;Evaluated;12.5929;2.4305;64;True;3;duplicate_for_same_parent_sequence
77;2;36;;diversification;8;;;;;;;;;;;;;;;;;;;;;End-of-iteration summary row;;;15568.561375201469;15343.230209077808;526;15343.230209077808;4983.0393;;IterationSummary;;;;;;
78;2;37;1;diversification;8;939ecd6092d1;move;;;3;20;;;;;;;;;;True;False;False;True;;ok;17994.901465038416;15568.561375201469;15568.561375201469;15343.230209077808;527;15343.230209077808;4991.2339;2426.3400898369473;Evaluated;5.7562;2.4281;64;True;1;
78;2;37;2;diversification;8;939ecd6092d1;reinsert_block;;;;;;;20;24;35;;;;;True;False;False;True;;ok;17176.319549795284;15568.561375201469;15568.561375201469;15343.230209077808;528;15343.230209077808;4999.2853;1607.758174593815;Evaluated;5.6178;2.4306;64;True;1;
78;2;37;3;diversification;8;939ecd6092d1;swap;35;40;;;;;;;;;;;;True;False;False;False;;ok;17143.269865019432;15568.561375201469;15568.561375201469;15343.230209077808;529;15343.230209077808;5007.2226;1574.7084898179637;Evaluated;5.4988;2.4354;64;True;1;
78;2;37;4;diversification;8;939ecd6092d1;move;;;60;30;;;;;;;;;;True;False;False;True;;ok;16680.65994323481;15568.561375201469;15568.561375201469;15343.230209077808;530;15343.230209077808;5018.7472;1112.0985680333397;Evaluated;9.0822;2.4393;64;True;2;duplicate_for_same_parent_sequence
78;2;37;5;diversification;8;939ecd6092d1;move;;;25;35;;;;;;;;;;False;True;False;;;ok;;15568.561375201469;15568.561375201469;15343.230209077808;530;15343.230209077808;5030.9311;;DuplicateForSameParentSequenceAfterRetries;12.1811;;;;3;duplicate_for_same_parent_sequence
78;2;37;6;diversification;8;939ecd6092d1;move;;;35;20;;;;;;;;;;False;True;False;;;ok;;15568.561375201469;15568.561375201469;15343.230209077808;530;15343.230209077808;5043.36;;DuplicateForSameParentSequenceAfterRetries;12.4279;;;;3;duplicate_for_same_parent_sequence
78;2;37;7;diversification;8;939ecd6092d1;move;;;25;35;;;;;;;;;;False;True;False;;;ok;;15568.561375201469;15568.561375201469;15343.230209077808;530;15343.230209077808;5055.3379;;DuplicateForSameParentSequenceAfterRetries;11.9769;;;;3;duplicate_for_same_parent_sequence
78;2;37;8;diversification;8;939ecd6092d1;swap;18;25;;;;;;;;;;;;True;False;False;False;;ok;15568.561375201469;15568.561375201469;15568.561375201469;15343.230209077808;531;15343.230209077808;5069.5533;0.0;Evaluated;11.9881;2.2262;64;True;3;duplicate_for_same_parent_sequence
78;2;37;9;diversification;8;939ecd6092d1;move;;;25;10;;;;;;;;;;False;True;False;;;ok;;15568.561375201469;15568.561375201469;15343.230209077808;531;15343.230209077808;5081.8991;;DuplicateForSameParentSequenceAfterRetries;12.3419;;;;3;duplicate_for_same_parent_sequence
78;2;37;10;diversification;8;939ecd6092d1;swap;42;46;;;;;;;;;;;;True;False;False;False;;ok;16497.48482611339;15568.561375201469;15568.561375201469;15343.230209077808;532;15343.230209077808;5093.3253;928.9234509119196;Evaluated;8.9931;2.4321;64;True;2;duplicate_for_same_parent_sequence
78;2;37;;diversification;9;;;;;;;;;;;;;;;;;;;;;End-of-iteration summary row;;;15568.561375201469;15343.230209077808;532;15343.230209077808;5093.3287;;IterationSummary;;;;;;
79;2;38;1;diversification;9;939ecd6092d1;move;;;5;20;;;;;;;;;;True;False;False;True;;ok;16920.630977838482;15568.561375201469;15568.561375201469;15343.230209077808;533;15343.230209077808;5101.3833;1352.0696026370133;Evaluated;5.6083;2.4311;64;True;1;
79;2;38;2;diversification;9;939ecd6092d1;move;;;50;16;;;;;;;;;;True;False;False;True;;ok;16889.023563424198;15568.561375201469;15568.561375201469;15343.230209077808;534;15343.230209077808;5112.7714;1320.4621882227293;Evaluated;8.953;2.4319;64;True;2;duplicate_for_same_parent_sequence
79;2;38;3;diversification;9;939ecd6092d1;swap;32;47;;;;;;;;;;;;True;False;False;True;;ok;17407.740170344543;15568.561375201469;15568.561375201469;15343.230209077808;535;15343.230209077808;5120.623;1839.1787951430742;Evaluated;5.4162;2.4322;64;True;1;
79;2;38;4;diversification;9;939ecd6092d1;move;;;50;30;;;;;;;;;;True;False;False;True;;ok;16752.19278503004;15568.561375201469;15568.561375201469;15343.230209077808;536;15343.230209077808;5128.1484;1183.631409828573;Evaluated;5.0951;2.4275;64;True;1;
79;2;38;5;diversification;9;939ecd6092d1;swap;3;42;;;;;;;;;;;;True;False;False;True;;ok;16500.337239079217;15568.561375201469;15568.561375201469;15343.230209077808;537;15343.230209077808;5139.3153;931.7758638777486;Evaluated;8.736;2.43;64;True;2;duplicate_for_same_parent_sequence
79;2;38;6;diversification;9;939ecd6092d1;move;;;30;25;;;;;;;;;;True;False;False;False;;ok;15919.046759419736;15568.561375201469;15568.561375201469;15343.230209077808;538;15343.230209077808;5150.4501;350.4853842182674;Evaluated;8.9072;2.2245;64;True;2;duplicate_for_same_parent_sequence
79;2;38;7;diversification;9;939ecd6092d1;move;;;50;15;;;;;;;;;;True;False;False;True;;ok;16893.209426568643;15568.561375201469;15568.561375201469;15343.230209077808;539;15343.230209077808;5158.1174;1324.648051367174;Evaluated;5.233;2.4311;64;True;1;
79;2;38;8;diversification;9;939ecd6092d1;move;;;18;30;;;;;;;;;;True;False;False;True;;ok;16215.003716097208;15568.561375201469;15568.561375201469;15343.230209077808;540;15343.230209077808;5165.9972;646.4423408957391;Evaluated;5.4463;2.4315;64;True;1;
79;2;38;9;diversification;9;939ecd6092d1;move;;;28;15;;;;;;;;;;True;False;False;True;;ok;17835.763464678672;15568.561375201469;15568.561375201469;15343.230209077808;541;15343.230209077808;5180.4985;2267.202089477203;Evaluated;12.0712;2.4273;64;True;3;duplicate_for_same_parent_sequence
79;2;38;10;diversification;9;939ecd6092d1;move;;;50;43;;;;;;;;;;True;False;False;False;;ok;16137.194155348405;15568.561375201469;15568.561375201469;15343.230209077808;542;15343.230209077808;5187.7782;568.632780146936;Evaluated;5.0403;2.2386;64;True;1;
79;3;0;;diversification;0;;;;;;;;;;;;;;;;;;;;;End-of-iteration summary row;;;16625.423888583944;15343.230209077808;543;15343.230209077808;5190.2358;;IterationSummary;;;;;;
80;3;1;1;normal;0;0f63cf6f404e;move;;;8;2;;;;;;;;;;True;False;False;False;;ok;18188.453809395836;16625.423888583944;16625.423888583944;15343.230209077808;544;15343.230209077808;5198.4129;1563.0299208118922;Evaluated;5.5362;2.6348;64;True;1;
80;3;1;2;normal;0;0f63cf6f404e;swap;17;30;;;;;;;;;;;;True;False;False;True;;ok;16629.774739461565;16625.423888583944;16625.423888583944;15343.230209077808;545;15343.230209077808;5205.77;4.350850877621269;Evaluated;4.9252;2.4288;64;True;1;
80;3;1;3;normal;0;0f63cf6f404e;reinsert_block;;;;;;;35;40;16;;;;;True;False;False;True;;ok;17006.096322907575;16625.423888583944;16625.423888583944;15343.230209077808;546;15343.230209077808;5213.3389;380.672434323631;Evaluated;5.1387;2.4293;64;True;1;
80;3;1;4;normal;0;0f63cf6f404e;move;;;50;20;;;;;;;;;;True;False;False;True;;ok;17454.01956470652;16625.423888583944;16625.423888583944;15343.230209077808;547;15343.230209077808;5220.6028;828.5956761225752;Evaluated;4.8331;2.4276;64;True;1;
80;3;1;5;normal;0;0f63cf6f404e;move;;;10;25;;;;;;;;;;True;False;False;True;;ok;17159.056899512907;16625.423888583944;16625.423888583944;15343.230209077808;548;15343.230209077808;5227.9455;533.6330109289629;Evaluated;4.9106;2.4289;64;True;1;
80;3;1;;normal;1;;;;;;;;;;;;;;;;;;;;;End-of-iteration summary row;;;16625.423888583944;15343.230209077808;548;15343.230209077808;5227.9486;;IterationSummary;;;;;;
81;3;2;1;normal;1;0f63cf6f404e;move;;;10;5;;;;;;;;;;True;False;False;False;;ok;15632.208925194025;16625.423888583944;16625.423888583944;15343.230209077808;549;15343.230209077808;5235.226;-993.2149633899189;Evaluated;5.034;2.2373;64;True;1;
81;3;2;2;normal;1;0f63cf6f404e;swap;18;30;;;;;;;;;;;;True;False;False;True;;ok;17097.38465652701;16625.423888583944;16625.423888583944;15343.230209077808;550;15343.230209077808;5242.5766;471.96076794306646;Evaluated;4.9092;2.4387;64;True;1;
81;3;2;3;normal;1;0f63cf6f404e;move;;;28;15;;;;;;;;;;True;False;False;True;;ok;17440.662286352286;16625.423888583944;16625.423888583944;15343.230209077808;551;15343.230209077808;5253.7076;815.2383977683421;Evaluated;8.6994;2.4285;64;True;2;duplicate_for_same_parent_sequence
81;3;2;4;normal;1;0f63cf6f404e;move;;;50;18;;;;;;;;;;True;False;False;True;;ok;17451.215689147706;16625.423888583944;16625.423888583944;15343.230209077808;552;15343.230209077808;5261.0116;825.7918005637621;Evaluated;4.8744;2.4289;64;True;1;
81;3;2;5;normal;1;0f63cf6f404e;move;;;40;15;;;;;;;;;;True;False;False;True;;ok;16239.47426230026;16625.423888583944;16625.423888583944;15343.230209077808;553;15343.230209077808;5268.3399;-385.94962628368376;Evaluated;4.9007;2.4251;64;True;1;
81;3;2;;normal;0;;;;;;;;;;;;;;;;;;;;;End-of-iteration summary row;;;15632.208925194025;15343.230209077808;553;15343.230209077808;5268.3462;;IterationSummary;;;;;;
82;3;3;1;normal;0;457c4bc75f95;move;;;10;5;;;;;;;;;;True;False;False;False;;ok;18203.82111546928;15632.208925194025;15632.208925194025;15343.230209077808;554;15343.230209077808;5276.5506;2571.6121902752548;Evaluated;5.5695;2.6283;64;True;1;
82;3;3;2;normal;0;457c4bc75f95;swap;20;25;;;;;;;;;;;;True;False;False;False;;ok;17741.899020227225;15632.208925194025;15632.208925194025;15343.230209077808;555;15343.230209077808;5284.0642;2109.6900950332;Evaluated;5.0853;2.4271;64;True;1;
82;3;3;3;normal;0;457c4bc75f95;reinsert_block;;;;;;;35;40;16;;;;;True;False;False;True;;ok;17192.04797260418;15632.208925194025;15632.208925194025;15343.230209077808;556;15343.230209077808;5291.9673;1559.8390474101561;Evaluated;5.4694;2.4303;64;True;1;
82;3;3;4;normal;0;457c4bc75f95;move;;;50;20;;;;;;;;;;True;False;False;True;;ok;17354.331656279806;15632.208925194025;15632.208925194025;15343.230209077808;557;15343.230209077808;5299.6126;1722.1227310857812;Evaluated;5.2114;2.4304;64;True;1;
82;3;3;5;normal;0;457c4bc75f95;move;;;25;10;;;;;;;;;;True;False;False;True;;ok;17734.824505912027;15632.208925194025;15632.208925194025;15343.230209077808;558;15343.230209077808;5307.2435;2102.615580718002;Evaluated;5.1974;2.4297;64;True;1;
82;3;3;;normal;1;;;;;;;;;;;;;;;;;;;;;End-of-iteration summary row;;;15632.208925194025;15343.230209077808;558;15343.230209077808;5307.2465;;IterationSummary;;;;;;
83;3;4;1;normal;1;457c4bc75f95;move;;;8;3;;;;;;;;;;True;False;False;False;;ok;17908.192761675542;15632.208925194025;15632.208925194025;15343.230209077808;559;15343.230209077808;5318.3946;2275.983836481517;Evaluated;8.7102;2.4289;64;True;2;duplicate_for_same_parent_sequence
83;3;4;2;normal;1;457c4bc75f95;swap;20;31;;;;;;;;;;;;True;False;False;False;;ok;17205.182741870427;15632.208925194025;15632.208925194025;15343.230209077808;560;15343.230209077808;5326.055;1572.9738166764018;Evaluated;5.2207;2.4358;64;True;1;
83;3;4;3;normal;1;457c4bc75f95;move;;;38;25;;;;;;;;;;True;False;False;True;;ok;18071.566994536417;15632.208925194025;15632.208925194025;15343.230209077808;561;15343.230209077808;5337.6267;2439.358069342392;Evaluated;8.9417;2.627;64;True;2;duplicate_for_same_parent_sequence
83;3;4;4;normal;1;457c4bc75f95;move;;;50;48;;;;;;;;;;True;False;False;False;;ok;15645.659750200617;15632.208925194025;15632.208925194025;15343.230209077808;562;15343.230209077808;5345.0474;13.450825006591913;Evaluated;5.195;2.225;64;True;1;
83;3;4;5;normal;1;457c4bc75f95;move;;;40;25;;;;;;;;;;True;False;False;True;;ok;16826.5187276387;15632.208925194025;15632.208925194025;15343.230209077808;563;15343.230209077808;5352.6223;1194.3098024446754;Evaluated;5.1458;2.4265;64;True;1;
83;3;4;;normal;2;;;;;;;;;;;;;;;;;;;;;End-of-iteration summary row;;;15632.208925194025;15343.230209077808;563;15343.230209077808;5352.6231;;IterationSummary;;;;;;
84;3;5;1;normal;2;457c4bc75f95;move;;;7;2;;;;;;;;;;True;False;False;False;;ok;18171.05585398996;15632.208925194025;15632.208925194025;15343.230209077808;564;15343.230209077808;5367.3625;2538.846928795936;Evaluated;12.1034;2.6298;64;True;3;duplicate_for_same_parent_sequence
84;3;5;2;normal;2;457c4bc75f95;swap;18;24;;;;;;;;;;;;True;False;False;False;;ok;17348.460086590792;15632.208925194025;15632.208925194025;15343.230209077808;565;15343.230209077808;5375.0055;1716.2511613967672;Evaluated;5.2098;2.4303;64;True;1;
84;3;5;3;normal;2;457c4bc75f95;move;;;37;28;;;;;;;;;;True;False;False;False;;ok;16699.267066915483;15632.208925194025;15632.208925194025;15343.230209077808;566;15343.230209077808;5386.4175;1067.058141721458;Evaluated;8.9813;2.4279;64;True;2;duplicate_for_same_parent_sequence
84;3;5;4;normal;2;457c4bc75f95;swap;48;63;;;;;;;;;;;;True;False;False;True;;ok;15632.208925194025;15632.208925194025;15632.208925194025;15343.230209077808;567;15343.230209077808;5397.2568;0.0;Evaluated;8.6092;2.2273;64;True;2;duplicate_for_same_parent_sequence
84;3;5;5;normal;2;457c4bc75f95;swap;8;24;;;;;;;;;;;;True;False;False;True;;ok;17773.474556016346;15632.208925194025;15632.208925194025;15343.230209077808;568;15343.230209077808;5408.3686;2141.2656308223213;Evaluated;8.6834;2.4258;64;True;2;duplicate_for_same_parent_sequence
84;3;5;;normal;3;;;;;;;;;;;;;;;;;;;;;End-of-iteration summary row;;;15632.208925194025;15343.230209077808;568;15343.230209077808;5408.3726;;IterationSummary;;;;;;
85;3;6;1;diversification;3;457c4bc75f95;move;;;14;5;;;;;;;;;;True;False;False;False;;ok;17075.686654400153;15632.208925194025;15632.208925194025;15343.230209077808;569;15343.230209077808;5416.2929;1443.477729206128;Evaluated;5.4835;2.4259;64;True;1;
85;3;6;2;diversification;3;457c4bc75f95;reinsert_block;;;;;;;20;24;16;;;;;True;False;False;False;;ok;18053.64983544131;15632.208925194025;15632.208925194025;15343.230209077808;570;15343.230209077808;5424.3294;2421.4409102472837;Evaluated;5.6043;2.431;64;True;1;
85;3;6;3;diversification;3;457c4bc75f95;swap;35;42;;;;;;;;;;;;True;False;False;False;;ok;15915.995234352586;15632.208925194025;15632.208925194025;15343.230209077808;571;15343.230209077808;5431.8111;283.78630915856047;Evaluated;5.2525;2.2264;64;True;1;
85;3;6;4;diversification;3;457c4bc75f95;move;;;48;30;;;;;;;;;;True;False;False;True;;ok;16406.403885559655;15632.208925194025;15632.208925194025;15343.230209077808;572;15343.230209077808;5439.462;774.1949603656303;Evaluated;5.2126;2.4349;64;True;1;
85;3;6;5;diversification;3;457c4bc75f95;move;;;25;4;;;;;;;;;;True;False;False;True;;ok;17911.384662391203;15632.208925194025;15632.208925194025;15343.230209077808;573;15343.230209077808;5450.4064;2279.175737197178;Evaluated;8.5081;2.4335;64;True;2;duplicate_for_same_parent_sequence
85;3;6;6;diversification;3;457c4bc75f95;reinsert_block;;;;;;;35;40;20;;;;;True;False;False;True;;ok;17259.281991006712;15632.208925194025;15632.208925194025;15343.230209077808;574;15343.230209077808;5458.6988;1627.0730658126868;Evaluated;5.8601;2.4288;64;True;1;
85;3;6;7;diversification;3;457c4bc75f95;move;;;50;30;;;;;;;;;;True;False;False;True;;ok;16521.31866554133;15632.208925194025;15632.208925194025;15343.230209077808;575;15343.230209077808;5466.3653;889.109740347305;Evaluated;5.2349;2.4282;64;True;1;
85;3;6;8;diversification;3;457c4bc75f95;move;;;18;3;;;;;;;;;;True;False;False;True;;ok;17810.917473910158;15632.208925194025;15632.208925194025;15343.230209077808;576;15343.230209077808;5473.9703;2178.708548716133;Evaluated;5.1782;2.4241;64;True;1;
85;3;6;9;diversification;3;457c4bc75f95;move;;;25;30;;;;;;;;;;True;False;False;False;;ok;15622.955541699463;15632.208925194025;15632.208925194025;15343.230209077808;577;15343.230209077808;5481.4352;-9.253383494562513;EvaluatedImprovementDespiteDiversificationMismatch;5.2334;2.2288;64;True;1;
85;3;6;10;diversification;3;457c4bc75f95;move;;;36;27;;;;;;;;;;True;False;False;False;;ok;16966.86841368621;15632.208925194025;15632.208925194025;15343.230209077808;578;15343.230209077808;5492.442;1334.6594884921851;Evaluated;8.5738;2.4313;64;True;2;duplicate_for_same_parent_sequence
85;3;6;;diversification;0;;;;;;;;;;;;;;;;;;;;;End-of-iteration summary row;;;15622.955541699463;15343.230209077808;578;15343.230209077808;5492.4563;;IterationSummary;;;;;;
86;3;7;1;normal;0;eabc22f81c95;move;;;14;5;;;;;;;;;;True;False;False;False;;ok;17518.557246314682;15622.955541699463;15622.955541699463;15343.230209077808;579;15343.230209077808;5500.533;1895.6017046152192;Evaluated;5.6426;2.4273;64;True;1;
86;3;7;2;normal;0;eabc22f81c95;swap;20;25;;;;;;;;;;;;True;False;False;False;;ok;17239.36687663655;15622.955541699463;15622.955541699463;15343.230209077808;580;15343.230209077808;5508.1768;1616.4113349370891;Evaluated;5.2063;2.4328;64;True;1;
86;3;7;3;normal;0;eabc22f81c95;reinsert_block;;;;;;;35;40;20;;;;;True;False;False;True;;ok;17250.106980253422;15622.955541699463;15622.955541699463;15343.230209077808;581;15343.230209077808;5516.1152;1627.1514385539595;Evaluated;5.5083;2.4271;64;True;1;
86;3;7;4;normal;0;eabc22f81c95;move;;;60;48;;;;;;;;;;True;False;False;True;;ok;15624.219988623016;15622.955541699463;15622.955541699463;15343.230209077808;582;15343.230209077808;5523.575;1.264446923552896;Evaluated;5.2278;2.2313;64;True;1;
86;3;7;5;normal;0;eabc22f81c95;move;;;40;15;;;;;;;;;;True;False;False;True;;ok;16882.549254477155;15622.955541699463;15622.955541699463;15343.230209077808;583;15343.230209077808;5531.1588;1259.5937127776924;Evaluated;5.1494;2.4308;64;True;1;
86;3;7;;normal;1;;;;;;;;;;;;;;;;;;;;;End-of-iteration summary row;;;15622.955541699463;15343.230209077808;583;15343.230209077808;5531.1619;;IterationSummary;;;;;;
87;3;8;1;normal;1;eabc22f81c95;move;;;8;3;;;;;;;;;;True;False;False;False;;ok;17895.93772484332;15622.955541699463;15622.955541699463;15343.230209077808;584;15343.230209077808;5542.4715;2272.9821831438567;Evaluated;8.8625;2.4305;64;True;2;duplicate_for_same_parent_sequence
87;3;8;2;normal;1;eabc22f81c95;move;;;18;3;;;;;;;;;;True;False;False;True;;ok;17811.194960370183;15622.955541699463;15622.955541699463;15343.230209077808;585;15343.230209077808;5553.9761;2188.2394186707206;Evaluated;9.0762;2.4267;64;True;2;duplicate_for_same_parent_sequence
87;3;8;3;normal;1;eabc22f81c95;reinsert_block;;;;;;;35;40;16;;;;;True;False;False;True;;ok;16834.063335165054;15622.955541699463;15622.955541699463;15343.230209077808;586;15343.230209077808;5561.9007;1211.1077934655914;Evaluated;5.4918;2.4295;64;True;1;
87;3;8;4;normal;1;eabc22f81c95;move;;;25;30;;;;;;;;;;True;False;False;False;;ok;16899.5170136941;15622.955541699463;15622.955541699463;15343.230209077808;587;15343.230209077808;5569.7954;1276.5614719946389;Evaluated;5.4604;2.4314;64;True;1;
87;3;8;5;normal;1;eabc22f81c95;move;;;14;8;;;;;;;;;;True;False;False;False;;ok;18121.39195564252;15622.955541699463;15622.955541699463;15343.230209077808;588;15343.230209077808;5580.7656;2498.436413943058;Evaluated;8.3378;2.6298;64;True;2;duplicate_for_same_parent_sequence
87;3;8;;normal;2;;;;;;;;;;;;;;;;;;;;;End-of-iteration summary row;;;15622.955541699463;15343.230209077808;588;15343.230209077808;5580.7695;;IterationSummary;;;;;;
88;3;9;1;normal;2;eabc22f81c95;move;;;7;12;;;;;;;;;;True;False;False;False;;ok;15620.341025711852;15622.955541699463;15622.955541699463;15343.230209077808;589;15343.230209077808;5591.85;-2.6145159876105026;Evaluated;8.8426;2.2244;64;True;2;duplicate_for_same_parent_sequence
88;3;9;2;normal;2;eabc22f81c95;swap;16;20;;;;;;;;;;;;True;False;False;False;;ok;17696.88556196878;15622.955541699463;15622.955541699463;15343.230209077808;590;15343.230209077808;5599.5349;2073.9300202693157;Evaluated;5.2542;2.4281;64;True;1;
88;3;9;3;normal;2;eabc22f81c95;reinsert_block;;;;;;;38;42;16;;;;;True;False;False;True;;ok;18576.270146036582;15622.955541699463;15622.955541699463;15343.230209077808;591;15343.230209077808;5611.8471;2953.31460433712;Evaluated;9.6795;2.6298;64;True;2;duplicate_for_same_parent_sequence
88;3;9;4;normal;2;eabc22f81c95;move;;;50;48;;;;;;;;;;True;False;False;False;;ok;15622.955541699463;15622.955541699463;15622.955541699463;15343.230209077808;592;15343.230209077808;5619.3104;0.0;Evaluated;5.2287;2.2314;64;True;1;
88;3;9;5;normal;2;eabc22f81c95;move;;;20;5;;;;;;;;;;True;False;False;True;;ok;18097.08474189021;15622.955541699463;15622.955541699463;15343.230209077808;593;15343.230209077808;5627.3269;2474.129200190746;Evaluated;5.3831;2.6307;64;True;1;
88;3;9;;normal;0;;;;;;;;;;;;;;;;;;;;;End-of-iteration summary row;;;15620.341025711852;15343.230209077808;593;15343.230209077808;5627.3444;;IterationSummary;;;;;;
89;3;10;1;normal;0;a88ac291c70c;move;;;10;5;;;;;;;;;;True;False;False;False;;ok;17452.538218553284;15620.341025711852;15620.341025711852;15343.230209077808;594;15343.230209077808;5635.402;1832.1971928414314;Evaluated;5.6243;2.4278;64;True;1;
89;3;10;2;normal;0;a88ac291c70c;swap;17;25;;;;;;;;;;;;True;False;False;False;;ok;17149.140067100954;15620.341025711852;15620.341025711852;15343.230209077808;595;15343.230209077808;5642.9584;1528.799041389102;Evaluated;5.1222;2.4313;64;True;1;
89;3;10;3;normal;0;a88ac291c70c;reinsert_block;;;;;;;35;40;16;;;;;True;False;False;True;;ok;16834.063335165054;15620.341025711852;15620.341025711852;15343.230209077808;596;15343.230209077808;5651.1855;1213.722309453202;Evaluated;5.7887;2.4355;64;True;1;
89;3;10;4;normal;0;a88ac291c70c;move;;;50;48;;;;;;;;;;True;False;False;False;;ok;15620.341025711852;15620.341025711852;15620.341025711852;15343.230209077808;597;15343.230209077808;5658.5615;0.0;Evaluated;5.1448;2.2269;64;True;1;
89;3;10;5;normal;0;a88ac291c70c;move;;;8;3;;;;;;;;;;True;False;False;False;;ok;18315.58272223348;15620.341025711852;15620.341025711852;15343.230209077808;598;15343.230209077808;5666.4696;2695.241696521629;Evaluated;5.2708;2.6335;64;True;1;
89;3;10;;normal;1;;;;;;;;;;;;;;;;;;;;;End-of-iteration summary row;;;15620.341025711852;15343.230209077808;598;15343.230209077808;5666.4707;;IterationSummary;;;;;;
90;3;11;1;normal;1;a88ac291c70c;move;;;7;12;;;;;;;;;;True;False;False;False;;ok;15617.766063631394;15620.341025711852;15620.341025711852;15343.230209077808;599;15343.230209077808;5674.2498;-2.5749620804581355;Evaluated;5.5452;2.2282;64;True;1;
90;3;11;2;normal;1;a88ac291c70c;swap;18;26;;;;;;;;;;;;True;False;False;False;;ok;17280.968478067418;15620.341025711852;15620.341025711852;15343.230209077808;600;15343.230209077808;5681.9434;1660.6274523555658;Evaluated;5.2588;2.4318;64;True;1;
90;3;11;3;normal;1;a88ac291c70c;move;;;28;15;;;;;;;;;;True;False;False;True;;ok;18099.643915787467;15620.341025711852;15620.341025711852;15343.230209077808;601;15343.230209077808;5693.6186;2479.3028900756144;Evaluated;9.0433;2.6286;64;True;2;duplicate_for_same_parent_sequence
90;3;11;4;normal;1;a88ac291c70c;move;;;60;16;;;;;;;;;;True;False;False;True;;ok;17533.73135784801;15620.341025711852;15620.341025711852;15343.230209077808;602;15343.230209077808;5704.7527;1913.3903321361577;Evaluated;8.7008;2.431;64;True;2;duplicate_for_same_parent_sequence
90;3;11;5;normal;1;a88ac291c70c;move;;;25;10;;;;;;;;;;True;False;False;True;;ok;18240.939364519374;15620.341025711852;15620.341025711852;15343.230209077808;603;15343.230209077808;5712.5006;2620.598338807522;Evaluated;5.115;2.632;64;True;1;
90;3;11;;normal;0;;;;;;;;;;;;;;;;;;;;;End-of-iteration summary row;;;15617.766063631394;15343.230209077808;603;15343.230209077808;5712.516;;IterationSummary;;;;;;
91;3;12;1;normal;0;1e380dceb956;move;;;8;3;;;;;;;;;;True;False;False;False;;ok;18312.10696445152;15617.766063631394;15617.766063631394;15343.230209077808;604;15343.230209077808;5720.8305;2694.340900820125;Evaluated;5.6816;2.6259;64;True;1;
91;3;12;2;normal;0;1e380dceb956;swap;17;25;;;;;;;;;;;;True;False;False;False;;ok;17342.73323589936;15617.766063631394;15617.766063631394;15343.230209077808;605;15343.230209077808;5728.6971;1724.967172267965;Evaluated;5.4398;2.4256;64;True;1;
91;3;12;3;normal;0;1e380dceb956;reinsert_block;;;;;;;35;40;16;;;;;True;False;False;True;;ok;17197.876207036395;15617.766063631394;15617.766063631394;15343.230209077808;606;15343.230209077808;5737.0617;1580.1101434050015;Evaluated;5.9365;2.4245;64;True;1;
91;3;12;4;normal;0;1e380dceb956;move;;;50;48;;;;;;;;;;True;False;False;False;;ok;15617.766063631394;15617.766063631394;15617.766063631394;15343.230209077808;607;15343.230209077808;5744.8221;0.0;Evaluated;5.5321;2.2256;64;True;1;
91;3;12;5;normal;0;1e380dceb956;move;;;25;10;;;;;;;;;;True;False;False;True;;ok;18231.950787692327;15617.766063631394;15617.766063631394;15343.230209077808;608;15343.230209077808;5752.8143;2614.184724060933;Evaluated;5.3609;2.6284;64;True;1;
91;3;12;;normal;1;;;;;;;;;;;;;;;;;;;;;End-of-iteration summary row;;;15617.766063631394;15343.230209077808;608;15343.230209077808;5752.8174;;IterationSummary;;;;;;
92;3;13;1;normal;1;1e380dceb956;move;;;10;5;;;;;;;;;;True;False;False;False;;ok;17707.37619918108;15617.766063631394;15617.766063631394;15343.230209077808;609;15343.230209077808;5760.8186;2089.610135549685;Evaluated;5.5546;2.4312;64;True;1;
92;3;13;2;normal;1;1e380dceb956;swap;20;25;;;;;;;;;;;;True;False;False;False;;ok;17430.932209092654;15617.766063631394;15617.766063631394;15343.230209077808;610;15343.230209077808;5768.7286;1813.1661454612604;Evaluated;5.478;2.4291;64;True;1;
92;3;13;3;normal;1;1e380dceb956;reinsert_block;;;;;;;38;42;16;;;;;True;False;False;True;;ok;18555.208984606794;15617.766063631394;15617.766063631394;15343.230209077808;611;15343.230209077808;5776.6615;2937.4429209754;Evaluated;5.2965;2.6337;64;True;1;
92;3;13;4;normal;1;1e380dceb956;move;;;50;49;;;;;;;;;;True;False;False;False;;ok;15617.766063631394;15617.766063631394;15617.766063631394;15343.230209077808;612;15343.230209077808;5784.1028;0.0;Evaluated;5.2073;2.2307;64;True;1;
92;3;13;5;normal;1;1e380dceb956;swap;8;30;;;;;;;;;;;;True;False;False;True;;ok;15617.766063631394;15617.766063631394;15617.766063631394;15343.230209077808;613;15343.230209077808;5794.8526;0.0;Evaluated;8.521;2.2259;64;True;2;duplicate_for_same_parent_sequence
92;3;13;;normal;2;;;;;;;;;;;;;;;;;;;;;End-of-iteration summary row;;;15617.766063631394;15343.230209077808;613;15343.230209077808;5794.8562;;IterationSummary;;;;;;
93;3;14;1;normal;2;1e380dceb956;move;;;20;15;;;;;;;;;;True;False;False;False;;ok;17238.287364515687;15617.766063631394;15617.766063631394;15343.230209077808;614;15343.230209077808;5804.1758;1620.521300884293;Evaluated;6.8789;2.4247;64;True;1;
93;3;14;2;normal;2;1e380dceb956;move;;;28;17;;;;;;;;;;True;False;False;True;;ok;18188.302394629853;15617.766063631394;15617.766063631394;15343.230209077808;615;15343.230209077808;5815.7394;2570.5363309984587;Evaluated;8.9359;2.6267;64;True;2;duplicate_for_same_parent_sequence
93;3;14;3;normal;2;1e380dceb956;move;;;28;20;;;;;;;;;;True;False;False;False;;ok;17483.51291378468;15617.766063631394;15617.766063631394;15343.230209077808;616;15343.230209077808;5827.2147;1865.7468501532876;Evaluated;9.0451;2.4288;64;True;2;duplicate_for_same_parent_sequence
93;3;14;4;normal;2;1e380dceb956;move;;;25;15;;;;;;;;;;True;False;False;True;;ok;17350.85696791097;15617.766063631394;15617.766063631394;15343.230209077808;617;15343.230209077808;5838.5282;1733.0909042795774;Evaluated;8.886;2.4261;64;True;2;duplicate_for_same_parent_sequence
93;3;14;5;normal;2;1e380dceb956;move;;;28;15;;;;;;;;;;True;False;False;True;;ok;18087.830454390943;15617.766063631394;15617.766063631394;15343.230209077808;618;15343.230209077808;5849.6795;2470.0643907595495;Evaluated;8.5237;2.6245;64;True;2;duplicate_for_same_parent_sequence
93;3;14;;normal;3;;;;;;;;;;;;;;;;;;;;;End-of-iteration summary row;;;15617.766063631394;15343.230209077808;618;15343.230209077808;5849.6802;;IterationSummary;;;;;;
94;3;15;1;diversification;3;1e380dceb956;move;;;28;30;;;;;;;;;;True;False;False;False;;ok;16629.39028564773;15617.766063631394;15617.766063631394;15343.230209077808;619;15343.230209077808;5861.0897;1011.6242220163349;Evaluated;8.9709;2.433;64;True;2;duplicate_for_same_parent_sequence
94;3;15;2;diversification;3;1e380dceb956;reinsert_block;;;;;;;18;23;5;;;;;True;False;False;True;;ok;16069.785477213936;15617.766063631394;15617.766063631394;15343.230209077808;620;15343.230209077808;5868.9428;452.01941358254226;Evaluated;5.6154;2.2349;64;True;1;
94;3;15;3;diversification;3;1e380dceb956;swap;32;47;;;;;;;;;;;;True;False;False;True;;ok;15911.324698969125;15617.766063631394;15617.766063631394;15343.230209077808;621;15343.230209077808;5876.4646;293.5586353377312;Evaluated;5.2911;2.2277;64;True;1;
94;3;15;4;diversification;3;1e380dceb956;move;;;30;20;;;;;;;;;;True;False;False;True;;ok;17294.527836239075;15617.766063631394;15617.766063631394;15343.230209077808;622;15343.230209077808;5887.4314;1676.7617726076805;Evaluated;8.538;2.4258;64;True;2;duplicate_for_same_parent_sequence
94;3;15;5;diversification;3;1e380dceb956;swap;3;7;;;;;;;;;;;;True;False;False;False;;ok;17840.598154482555;15617.766063631394;15617.766063631394;15343.230209077808;623;15343.230209077808;5898.5384;2222.8320908511614;Evaluated;8.6784;2.4253;64;True;2;duplicate_for_same_parent_sequence
94;3;15;6;diversification;3;1e380dceb956;move;;;50;32;;;;;;;;;;True;False;False;True;;ok;16434.29135627629;15617.766063631394;15617.766063631394;15343.230209077808;624;15343.230209077808;5906.3148;816.5252926448975;Evaluated;5.3475;2.4262;64;True;1;
94;3;15;7;diversification;3;1e380dceb956;move;;;45;30;;;;;;;;;;True;False;False;True;;ok;17793.184995135187;15617.766063631394;15617.766063631394;15343.230209077808;625;15343.230209077808;5913.8629;2175.418931503793;Evaluated;5.1151;2.43;64;True;1;
94;3;15;8;diversification;3;1e380dceb956;move;;;30;8;;;;;;;;;;True;False;False;True;;ok;17525.131942312648;15617.766063631394;15617.766063631394;15343.230209077808;626;15343.230209077808;5924.8223;1907.365878681254;Evaluated;8.5298;2.4257;64;True;2;duplicate_for_same_parent_sequence
94;3;15;9;diversification;3;1e380dceb956;move;;;25;18;;;;;;;;;;True;False;False;False;;ok;17349.214900957737;15617.766063631394;15617.766063631394;15343.230209077808;627;15343.230209077808;5939.2737;1731.448837326343;Evaluated;12.0172;2.4315;64;True;3;duplicate_for_same_parent_sequence
94;3;15;10;diversification;3;1e380dceb956;swap;23;29;;;;;;;;;;;;True;False;False;False;;ok;18076.873375666775;15617.766063631394;15617.766063631394;15343.230209077808;628;15343.230209077808;5950.469;2459.1073120353813;Evaluated;8.5638;2.6282;64;True;2;duplicate_for_same_parent_sequence
94;3;15;;diversification;4;;;;;;;;;;;;;;;;;;;;;End-of-iteration summary row;;;15617.766063631394;15343.230209077808;628;15343.230209077808;5950.4723;;IterationSummary;;;;;;
95;3;16;1;diversification;4;1e380dceb956;move;;;5;10;;;;;;;;;;True;False;False;False;;ok;17628.32397411757;15617.766063631394;15617.766063631394;15343.230209077808;629;15343.230209077808;5958.5971;2010.5579104861772;Evaluated;5.6789;2.4309;64;True;1;
95;3;16;2;diversification;4;1e380dceb956;reinsert_block;;;;;;;20;25;16;;;;;True;False;False;False;;ok;18341.071037446836;15617.766063631394;15617.766063631394;15343.230209077808;630;15343.230209077808;5967.1088;2723.3049738154423;Evaluated;5.8815;2.6274;64;True;1;
95;3;16;3;diversification;4;1e380dceb956;swap;35;40;;;;;;;;;;;;True;False;False;False;;ok;16439.89307431663;15617.766063631394;15617.766063631394;15343.230209077808;631;15343.230209077808;5974.6501;822.1270106852371;Evaluated;5.1168;2.4215;64;True;1;
95;3;16;4;diversification;4;1e380dceb956;reinsert_block;;;;;;;50;61;48;;;;;True;False;False;False;;ok;15781.837877577158;15617.766063631394;15617.766063631394;15343.230209077808;632;15343.230209077808;5982.7141;164.071813945764;Evaluated;5.8408;2.2225;64;True;1;
95;3;16;5;diversification;4;1e380dceb956;move;;;28;15;;;;;;;;;;False;True;False;;;ok;;15617.766063631394;15617.766063631394;15343.230209077808;632;15343.230209077808;5995.2114;;DuplicateForSameParentSequenceAfterRetries;12.4965;;;;3;duplicate_for_same_parent_sequence
95;3;16;6;diversification;4;1e380dceb956;move;;;40;50;;;;;;;;;;True;False;False;True;;ok;15620.881672269115;15617.766063631394;15617.766063631394;15343.230209077808;633;15343.230209077808;6006.4397;3.1156086377213796;Evaluated;9.0001;2.227;64;True;2;duplicate_for_same_parent_sequence
95;3;16;7;diversification;4;1e380dceb956;move;;;20;5;;;;;;;;;;True;False;False;True;;ok;18317.278551529507;15617.766063631394;15617.766063631394;15343.230209077808;634;15343.230209077808;6014.1669;2699.5124878981132;Evaluated;5.0967;2.6276;64;True;1;
95;3;16;8;diversification;4;1e380dceb956;swap;8;12;;;;;;;;;;;;True;False;False;False;;ok;15620.341025712714;15617.766063631394;15617.766063631394;15343.230209077808;635;15343.230209077808;6025.1298;2.5749620813203364;Evaluated;8.7312;2.2288;64;True;2;duplicate_for_same_parent_sequence
95;3;16;9;diversification;4;1e380dceb956;move;;;24;15;;;;;;;;;;True;False;False;False;;ok;17340.22130136243;15617.766063631394;15617.766063631394;15343.230209077808;636;15343.230209077808;6032.8184;1722.4552377310374;Evaluated;5.259;2.4268;64;True;1;
95;3;16;10;diversification;4;1e380dceb956;move;;;50;42;;;;;;;;;;True;False;False;False;;ok;15796.276170298499;15617.766063631394;15617.766063631394;15343.230209077808;637;15343.230209077808;6040.2109;178.510106667105;Evaluated;5.1621;2.2278;64;True;1;
95;3;16;;diversification;5;;;;;;;;;;;;;;;;;;;;;End-of-iteration summary row;;;15617.766063631394;15343.230209077808;637;15343.230209077808;6040.2136;;IterationSummary;;;;;;
96;3;17;1;diversification;5;1e380dceb956;move;;;30;17;;;;;;;;;;True;False;False;True;;ok;17330.726901220718;15617.766063631394;15617.766063631394;15343.230209077808;638;15343.230209077808;6051.995;1712.960837589324;Evaluated;9.337;2.4268;64;True;2;duplicate_for_same_parent_sequence
96;3;17;2;diversification;5;1e380dceb956;reinsert_block;;;;;;;25;30;17;;;;;True;False;False;True;;ok;16485.560029666987;15617.766063631394;15617.766063631394;15343.230209077808;639;15343.230209077808;6059.9617;867.7939660355933;Evaluated;5.5345;2.4289;64;True;1;
96;3;17;3;diversification;5;1e380dceb956;swap;28;47;;;;;;;;;;;;True;False;False;True;;ok;16328.107425051498;15617.766063631394;15617.766063631394;15343.230209077808;640;15343.230209077808;6071.8265;710.3413614201036;Evaluated;9.4399;2.4242;64;True;2;duplicate_for_same_parent_sequence
96;3;17;4;diversification;5;1e380dceb956;move;;;60;50;;;;;;;;;;True;False;False;True;;ok;15346.920460543166;15617.766063631394;15617.766063631394;15343.230209077808;641;15343.230209077808;6083.211;-270.845603088228;Evaluated;9.1535;2.2303;64;True;2;duplicate_for_same_parent_sequence
96;3;17;5;diversification;5;1e380dceb956;move;;;10;25;;;;;;;;;;True;False;False;True;;ok;17775.119145748235;15617.766063631394;15617.766063631394;15343.230209077808;642;15343.230209077808;6098.1566;2157.3530821168406;Evaluated;12.5149;2.4281;64;True;3;duplicate_for_same_parent_sequence
96;3;17;6;diversification;5;1e380dceb956;swap;35;48;;;;;;;;;;;;True;False;False;True;;ok;16750.080050629582;15617.766063631394;15617.766063631394;15343.230209077808;643;15343.230209077808;6109.3682;1132.3139869981878;Evaluated;8.7748;2.4332;64;True;2;duplicate_for_same_parent_sequence
96;3;17;7;diversification;5;1e380dceb956;move;;;30;18;;;;;;;;;;True;False;False;True;;ok;17330.726901220718;15617.766063631394;15617.766063631394;15343.230209077808;644;15343.230209077808;6120.2183;1712.960837589324;Evaluated;8.414;2.4334;64;True;2;duplicate_for_same_parent_sequence
96;3;17;8;diversification;5;1e380dceb956;swap;10;15;;;;;;;;;;;;True;False;False;False;;ok;15685.755615875472;15617.766063631394;15617.766063631394;15343.230209077808;645;15343.230209077808;6131.2251;67.98955224407837;Evaluated;8.7749;2.2287;64;True;2;duplicate_for_same_parent_sequence
96;3;17;9;diversification;5;1e380dceb956;swap;30;40;;;;;;;;;;;;True;False;False;False;;ok;16375.067469865382;15617.766063631394;15617.766063631394;15343.230209077808;646;15343.230209077808;6142.2014;757.301406233988;Evaluated;8.545;2.4283;64;True;2;duplicate_for_same_parent_sequence
96;3;17;10;diversification;5;1e380dceb956;move;;;42;35;;;;;;;;;;True;False;False;False;;ok;16425.300876167392;15617.766063631394;15617.766063631394;15343.230209077808;647;15343.230209077808;6149.9975;807.5348125359978;Evaluated;5.3559;2.4371;64;True;1;
96;3;17;;diversification;0;;;;;;;;;;;;;;;;;;;;;End-of-iteration summary row;;;15346.920460543166;15343.230209077808;647;15343.230209077808;6150.0114;;IterationSummary;;;;;;
97;3;18;1;normal;0;57c439bbcb26;move;;;10;5;;;;;;;;;;True;False;False;False;;ok;17227.030747023142;15346.920460543166;15346.920460543166;15343.230209077808;648;15343.230209077808;6158.0164;1880.110286479976;Evaluated;5.5626;2.4332;64;True;1;
97;3;18;2;normal;0;57c439bbcb26;swap;20;25;;;;;;;;;;;;True;False;False;False;;ok;16956.79335654769;15346.920460543166;15346.920460543166;15343.230209077808;649;15343.230209077808;6165.5897;1609.8728960045228;Evaluated;5.1425;2.4281;64;True;1;
97;3;18;3;normal;0;57c439bbcb26;reinsert_block;;;;;;;35;40;16;;;;;True;False;False;True;;ok;16720.194336414686;15346.920460543166;15346.920460543166;15343.230209077808;650;15343.230209077808;6173.5003;1373.2738758715204;Evaluated;5.477;2.4305;64;True;1;
97;3;18;4;normal;0;57c439bbcb26;move;;;50;48;;;;;;;;;;True;False;False;False;;ok;15618.352705827549;15346.920460543166;15346.920460543166;15343.230209077808;651;15343.230209077808;6180.9615;271.4322452843826;Evaluated;5.2284;2.2294;64;True;1;
97;3;18;5;normal;0;57c439bbcb26;move;;;20;15;;;;;;;;;;True;False;False;False;;ok;16757.888338832614;15346.920460543166;15346.920460543166;15343.230209077808;652;15343.230209077808;6188.5449;1410.967878289448;Evaluated;5.1532;2.4284;64;True;1;
97;3;18;;normal;1;;;;;;;;;;;;;;;;;;;;;End-of-iteration summary row;;;15346.920460543166;15343.230209077808;652;15343.230209077808;6188.548;;IterationSummary;;;;;;
98;3;19;1;normal;1;57c439bbcb26;move;;;8;3;;;;;;;;;;True;False;False;False;;ok;17834.80210049665;15346.920460543166;15346.920460543166;15343.230209077808;653;15343.230209077808;6199.8817;2487.8816399534844;Evaluated;8.8962;2.4287;64;True;2;duplicate_for_same_parent_sequence
98;3;19;2;normal;1;57c439bbcb26;swap;20;30;;;;;;;;;;;;True;False;False;False;;ok;17465.519517320863;15346.920460543166;15346.920460543166;15343.230209077808;654;15343.230209077808;6207.5366;2118.599056777697;Evaluated;5.2245;2.4265;64;True;1;
98;3;19;3;normal;1;57c439bbcb26;reinsert_block;;;;;;;35;40;20;;;;;True;False;False;True;;ok;16785.724584238713;15346.920460543166;15346.920460543166;15343.230209077808;655;15343.230209077808;6215.4689;1438.8041236955469;Evaluated;5.5046;2.4252;64;True;1;
98;3;19;4;normal;1;57c439bbcb26;swap;48;52;;;;;;;;;;;;True;False;False;False;;ok;15819.008227521772;15346.920460543166;15346.920460543166;15343.230209077808;656;15343.230209077808;6222.9545;472.08776697860594;Evaluated;5.252;2.2309;64;True;1;
98;3;19;5;normal;1;57c439bbcb26;swap;30;40;;;;;;;;;;;;True;False;False;False;;ok;15903.204247870131;15346.920460543166;15346.920460543166;15343.230209077808;657;15343.230209077808;6233.7287;556.2837873269655;Evaluated;8.5477;2.2239;64;True;2;duplicate_for_same_parent_sequence
98;3;19;;normal;2;;;;;;;;;;;;;;;;;;;;;End-of-iteration summary row;;;15346.920460543166;15343.230209077808;657;15343.230209077808;6233.7317;;IterationSummary;;;;;;
99;3;20;1;normal;2;57c439bbcb26;move;;;10;5;;;;;;;;;;False;True;False;;;ok;;15346.920460543166;15346.920460543166;15343.230209077808;657;15343.230209077808;6246.4286;;DuplicateForSameParentSequenceAfterRetries;12.6869;;;;3;duplicate_for_same_parent_sequence
99;3;20;2;normal;2;57c439bbcb26;swap;17;25;;;;;;;;;;;;True;False;False;False;;ok;16862.38778374142;15346.920460543166;15346.920460543166;15343.230209077808;658;15343.230209077808;6253.9315;1515.4673231982524;Evaluated;5.0687;2.433;64;True;1;
99;3;20;3;normal;2;57c439bbcb26;move;;;37;18;;;;;;;;;;True;False;False;True;;ok;17684.13075747604;15346.920460543166;15346.920460543166;15343.230209077808;659;15343.230209077808;6265.5574;2337.2102969328735;Evaluated;9.1945;2.4285;64;True;2;duplicate_for_same_parent_sequence
99;3;20;4;normal;2;57c439bbcb26;move;;;30;15;;;;;;;;;;True;False;False;True;;ok;16854.889185652224;15346.920460543166;15346.920460543166;15343.230209077808;660;15343.230209077808;6276.582;1507.9687251090581;Evaluated;8.5988;2.4229;64;True;2;duplicate_for_same_parent_sequence
99;3;20;5;normal;2;57c439bbcb26;move;;;50;25;;;;;;;;;;True;False;False;True;;ok;17081.217327684986;15346.920460543166;15346.920460543166;15343.230209077808;661;15343.230209077808;6284.2645;1734.2968671418203;Evaluated;5.2575;2.4243;64;True;1;
99;3;20;;normal;3;;;;;;;;;;;;;;;;;;;;;End-of-iteration summary row;;;15346.920460543166;15343.230209077808;661;15343.230209077808;6284.2685;;IterationSummary;;;;;;
100;3;21;1;diversification;3;57c439bbcb26;move;;;20;8;;;;;;;;;;True;False;False;True;;ok;17693.40053919179;15346.920460543166;15346.920460543166;15343.230209077808;662;15343.230209077808;6295.7;2346.480078648623;Evaluated;8.9897;2.4257;64;True;2;duplicate_for_same_parent_sequence
100;3;21;2;diversification;3;57c439bbcb26;reinsert_block;;;;;;;20;25;16;;;;;True;False;False;False;;ok;17863.20835360892;15346.920460543166;15346.920460543166;15343.230209077808;663;15343.230209077808;6303.6812;2516.2878930657535;Evaluated;5.5504;2.4276;64;True;1;
100;3;21;3;diversification;3;57c439bbcb26;swap;35;40;;;;;;;;;;;;True;False;False;False;;ok;15977.392904157783;15346.920460543166;15346.920460543166;15343.230209077808;664;15343.230209077808;6311.3801;630.4724436146171;Evaluated;5.4726;2.2229;64;True;1;
100;3;21;4;diversification;3;57c439bbcb26;reinsert_block;;;;;;;50;53;15;;;;;True;False;False;True;;ok;18265.972419168756;15346.920460543166;15346.920460543166;15343.230209077808;665;15343.230209077808;6323.1935;2919.0519586255905;Evaluated;9.1795;2.6308;64;True;2;duplicate_for_same_parent_sequence
100;3;21;5;diversification;3;57c439bbcb26;swap;10;25;;;;;;;;;;;;True;False;False;True;;ok;17636.710387103558;15346.920460543166;15346.920460543166;15343.230209077808;666;15343.230209077808;6330.9478;2289.789926560392;Evaluated;5.3235;2.4276;64;True;1;
100;3;21;6;diversification;3;57c439bbcb26;move;;;50;18;;;;;;;;;;True;False;False;True;;ok;17516.36433265775;15346.920460543166;15346.920460543166;15343.230209077808;667;15343.230209077808;6338.703;2169.4438721145852;Evaluated;5.3249;2.4267;64;True;1;
100;3;21;7;diversification;3;57c439bbcb26;move;;;40;30;;;;;;;;;;True;False;False;True;;ok;16355.732699483831;15346.920460543166;15346.920460543166;15343.230209077808;668;15343.230209077808;6349.709;1008.8122389406653;Evaluated;8.5765;2.4261;64;True;2;duplicate_for_same_parent_sequence
100;3;21;8;diversification;3;57c439bbcb26;swap;8;17;;;;;;;;;;;;True;False;False;False;;ok;15346.920460543166;15346.920460543166;15346.920460543166;15343.230209077808;669;15343.230209077808;6360.5681;0.0;Evaluated;8.6346;2.2216;64;True;2;duplicate_for_same_parent_sequence
100;3;21;9;diversification;3;57c439bbcb26;move;;;25;10;;;;;;;;;;True;False;False;True;;ok;17751.686038852422;15346.920460543166;15346.920460543166;15343.230209077808;670;15343.230209077808;6368.305;2404.765578309256;Evaluated;5.3048;2.4314;64;True;1;
100;3;21;10;diversification;3;57c439bbcb26;move;;;40;25;;;;;;;;;;True;False;False;True;;ok;15354.228906357363;15346.920460543166;15346.920460543166;15343.230209077808;671;15343.230209077808;6375.7287;7.308445814196602;Evaluated;5.1918;2.229;64;True;1;
100;3;21;;diversification;4;;;;;;;;;;;;;;;;;;;;;End-of-iteration summary row;;;15346.920460543166;15343.230209077808;671;15343.230209077808;6375.7316;;IterationSummary;;;;;;
100;3;21;;;4;;;;;;;;;;;;;;;;;;;;;PartA | PartB | PartC | PartD | PartE | PartC | PartF | PartA | PartB | PartG | PartD | PartE | PartH | PartF | PartG | PartH | PartA | PartB | PartC | PartD | PartE | PartF | PartG | PartH | PartA | PartC | PartD | PartE | PartF | PartG | PartH | PartA | PartB | PartC | PartD | PartE | PartF | PartG | PartH | PartB | PartC | PartD | PartE | PartF | PartA | PartG | PartH | PartA | PartB | PartE | PartC | PartB | PartD | PartF | PartG | PartH | PartA | PartB | PartE | PartC | PartD | PartF | PartG | PartH;;;15346.920460543166;15343.230209077808;671;15343.230209077808;6375.7363;;FinalGlobalBestSequence;;;;;;
