iteration;restart_id;iteration_in_restart;candidate_in_iteration;search_mode;no_improvement_count_before_iteration;parent_sequence_signature;action;swap_i;swap_j;move_from;move_to;reverse_start;reverse_end;reinsert_block_start;reinsert_block_end;reinsert_block_to;swap_blocks_start1;swap_blocks_end1;swap_blocks_start2;swap_blocks_end2;valid;duplicate_for_same_parent_sequence;recently_rejected_for_same_parent_sequence;diversification_compatible;parse_error;validation_message;resulting_makespan;best_makespan_before;best_makespan_after;global_best_makespan_after;completed_simulations;actual_global_best_makespan;elapsed_optimization_time_sec;delta_vs_best_before;status;llm_time_sec;simulation_time_sec;exited_parts;completion_valid;llm_attempts;retry_reason
1;1;1;1;normal;0;0f63cf6f404e;move;;;5;10;;;;;;;;;;True;False;False;False;;ok;17535.06888898726;16625.423888583944;16625.423888583944;16625.423888583944;2;16625.423888583944;44.2799;909.6450004033177;Evaluated;41.8385;2.4322;64;True;1;
1;1;1;2;normal;0;0f63cf6f404e;swap;16;23;;;;;;;;;;;;True;False;False;False;;ok;16637.326889645472;16625.423888583944;16625.423888583944;16625.423888583944;3;16625.423888583944;51.9304;11.903001061527902;Evaluated;5.223;2.4242;64;True;1;
1;1;1;3;normal;0;0f63cf6f404e;reinsert_block;;;;;;;32;40;51;;;;;True;False;False;True;;ok;16420.17148518121;16625.423888583944;16625.423888583944;16625.423888583944;4;16625.423888583944;59.9742;-205.25240340273376;Evaluated;5.6137;2.4273;64;True;1;
1;1;1;4;normal;0;0f63cf6f404e;move;;;50;48;;;;;;;;;;True;False;False;False;;ok;16168.73353686987;16625.423888583944;16625.423888583944;16625.423888583944;5;16625.423888583944;67.5904;-456.6903517140745;Evaluated;5.1859;2.4297;64;True;1;
1;1;1;5;normal;0;0f63cf6f404e;move;;;10;5;;;;;;;;;;True;False;False;False;;ok;15632.208925194025;16625.423888583944;16625.423888583944;16625.423888583944;6;16625.423888583944;74.9192;-993.2149633899189;Evaluated;5.0973;2.2303;64;True;1;
1;1;1;;normal;0;;;;;;;;;;;;;;;;;;;;;End-of-iteration summary row;;;15632.208925194025;15632.208925194025;6;15632.208925194025;74.9333;;IterationSummary;;;;;;
2;1;2;1;normal;0;457c4bc75f95;move;;;10;5;;;;;;;;;;True;False;False;False;;ok;18203.82111546928;15632.208925194025;15632.208925194025;15632.208925194025;7;15632.208925194025;83.3726;2571.6121902752548;Evaluated;5.8082;2.623;64;True;1;
2;1;2;2;normal;0;457c4bc75f95;swap;20;25;;;;;;;;;;;;True;False;False;False;;ok;17741.899020227225;15632.208925194025;15632.208925194025;15632.208925194025;8;15632.208925194025;91.7346;2109.6900950332;Evaluated;5.9363;2.425;64;True;1;
2;1;2;3;normal;0;457c4bc75f95;reinsert_block;;;;;;;35;40;28;;;;;True;False;False;False;;ok;16721.816169469654;15632.208925194025;15632.208925194025;15632.208925194025;9;15632.208925194025;100.0959;1089.6072442756285;Evaluated;5.9296;2.429;64;True;1;
2;1;2;4;normal;0;457c4bc75f95;move;;;49;50;;;;;;;;;;True;False;False;False;;ok;15632.208925194025;15632.208925194025;15632.208925194025;15632.208925194025;10;15632.208925194025;107.8743;0.0;Evaluated;5.5494;2.2263;64;True;1;
2;1;2;5;normal;0;457c4bc75f95;move;;;20;15;;;;;;;;;;True;False;False;False;;ok;17225.364916365914;15632.208925194025;15632.208925194025;15632.208925194025;11;15632.208925194025;115.8342;1593.1559911718887;Evaluated;5.53;2.4293;64;True;1;
2;1;2;;normal;1;;;;;;;;;;;;;;;;;;;;;End-of-iteration summary row;;;15632.208925194025;15632.208925194025;11;15632.208925194025;115.8369;;IterationSummary;;;;;;
3;1;3;1;normal;1;457c4bc75f95;move;;;8;3;;;;;;;;;;True;False;False;False;;ok;17908.192761675542;15632.208925194025;15632.208925194025;15632.208925194025;12;15632.208925194025;128.4746;2275.983836481517;Evaluated;10.1993;2.4295;64;True;2;duplicate_for_same_parent_sequence
3;1;3;2;normal;1;457c4bc75f95;swap;20;31;;;;;;;;;;;;True;False;False;False;;ok;17205.182741870427;15632.208925194025;15632.208925194025;15632.208925194025;13;15632.208925194025;136.4485;1572.9738166764018;Evaluated;5.5455;2.4277;64;True;1;
3;1;3;3;normal;1;457c4bc75f95;move;;;18;12;;;;;;;;;;True;False;False;False;;ok;17790.867710150236;15632.208925194025;15632.208925194025;15632.208925194025;14;15632.208925194025;148.5852;2158.658784956211;Evaluated;9.7105;2.4234;64;True;2;duplicate_for_same_parent_sequence
3;1;3;4;normal;1;457c4bc75f95;move;;;50;48;;;;;;;;;;True;False;False;False;;ok;15645.659750200617;15632.208925194025;15632.208925194025;15632.208925194025;15;15632.208925194025;156.7207;13.450825006591913;Evaluated;5.9044;2.2284;64;True;1;
3;1;3;5;normal;1;457c4bc75f95;move;;;30;25;;;;;;;;;;True;False;False;False;;ok;18073.703350785472;15632.208925194025;15632.208925194025;15632.208925194025;16;15632.208925194025;168.6566;2441.494425591447;Evaluated;9.3088;2.626;64;True;2;duplicate_for_same_parent_sequence
3;1;3;;normal;2;;;;;;;;;;;;;;;;;;;;;End-of-iteration summary row;;;15632.208925194025;15632.208925194025;16;15632.208925194025;168.6572;;IterationSummary;;;;;;
4;1;4;1;normal;2;457c4bc75f95;move;;;7;2;;;;;;;;;;True;False;False;False;;ok;18171.05585398996;15632.208925194025;15632.208925194025;15632.208925194025;17;15632.208925194025;180.8924;2538.846928795936;Evaluated;9.6029;2.6259;64;True;2;duplicate_for_same_parent_sequence
4;1;4;2;normal;2;457c4bc75f95;swap;18;25;;;;;;;;;;;;True;False;False;False;;ok;17350.49494750648;15632.208925194025;15632.208925194025;15632.208925194025;18;15632.208925194025;189.3083;1718.2860223124535;Evaluated;5.9859;2.4276;64;True;1;
4;1;4;3;normal;2;457c4bc75f95;move;;;35;25;;;;;;;;;;True;False;False;True;;ok;16952.059623456975;15632.208925194025;15632.208925194025;15632.208925194025;19;15632.208925194025;201.496;1319.8506982629497;Evaluated;9.7613;2.4257;64;True;2;duplicate_for_same_parent_sequence
4;1;4;4;normal;2;457c4bc75f95;move;;;30;28;;;;;;;;;;True;False;False;False;;ok;16705.964204722113;15632.208925194025;15632.208925194025;15632.208925194025;20;15632.208925194025;213.0967;1073.755279528088;Evaluated;9.171;2.4268;64;True;2;duplicate_for_same_parent_sequence
4;1;4;5;normal;2;457c4bc75f95;move;;;50;4;;;;;;;;;;True;False;False;True;;ok;17807.912812393963;15632.208925194025;15632.208925194025;15632.208925194025;21;15632.208925194025;228.6236;2175.7038871999375;Evaluated;13.0948;2.4296;64;True;3;duplicate_for_same_parent_sequence
4;1;4;;normal;3;;;;;;;;;;;;;;;;;;;;;End-of-iteration summary row;;;15632.208925194025;15632.208925194025;21;15632.208925194025;228.626;;IterationSummary;;;;;;
5;1;5;1;diversification;3;457c4bc75f95;move;;;35;10;;;;;;;;;;True;False;False;True;;ok;17737.429610504787;15632.208925194025;15632.208925194025;15632.208925194025;22;15632.208925194025;240.8751;2105.220685310762;Evaluated;9.8037;2.4362;64;True;2;duplicate_for_same_parent_sequence
5;1;5;2;diversification;3;457c4bc75f95;reinsert_block;;;;;;;18;24;30;;;;;True;False;False;False;;ok;17329.106368823053;15632.208925194025;15632.208925194025;15632.208925194025;23;15632.208925194025;249.4936;1696.8974436290282;Evaluated;6.1808;2.4349;64;True;1;
5;1;5;3;diversification;3;457c4bc75f95;swap;40;52;;;;;;;;;;;;True;False;False;True;;ok;16472.7856432752;15632.208925194025;15632.208925194025;15632.208925194025;24;15632.208925194025;257.6216;840.5767180811763;Evaluated;5.6965;2.4304;64;True;1;
5;1;5;4;diversification;3;457c4bc75f95;move;;;62;35;;;;;;;;;;True;False;False;True;;ok;15686.718400055774;15632.208925194025;15632.208925194025;15632.208925194025;25;15632.208925194025;269.0849;54.50947486174846;Evaluated;9.2304;2.2322;64;True;2;duplicate_for_same_parent_sequence
5;1;5;5;diversification;3;457c4bc75f95;move;;;15;8;;;;;;;;;;True;False;False;False;;ok;17116.631459582986;15632.208925194025;15632.208925194025;15632.208925194025;26;15632.208925194025;281.0448;1484.4225343889611;Evaluated;9.5249;2.432;64;True;2;duplicate_for_same_parent_sequence
5;1;5;6;diversification;3;457c4bc75f95;move;;;20;35;;;;;;;;;;True;False;False;True;;ok;17242.6613552661;15632.208925194025;15632.208925194025;15632.208925194025;27;15632.208925194025;289.2114;1610.452430072075;Evaluated;5.7385;2.4273;64;True;1;
5;1;5;7;diversification;3;457c4bc75f95;move;;;10;35;;;;;;;;;;True;False;False;True;;ok;16392.896393052786;15632.208925194025;15632.208925194025;15632.208925194025;28;15632.208925194025;297.2695;760.687467858761;Evaluated;5.6186;2.4376;64;True;1;
5;1;5;8;diversification;3;457c4bc75f95;move;;;20;12;;;;;;;;;;True;False;False;False;;ok;17231.421946228656;15632.208925194025;15632.208925194025;15632.208925194025;29;15632.208925194025;305.4892;1599.2130210346313;Evaluated;5.7858;2.4309;64;True;1;
5;1;5;9;diversification;3;457c4bc75f95;move;;;25;30;;;;;;;;;;True;False;False;False;;ok;15622.955541699463;15632.208925194025;15632.208925194025;15632.208925194025;30;15632.208925194025;313.7084;-9.253383494562513;EvaluatedImprovementDespiteDiversificationMismatch;5.9924;2.2241;64;True;1;
5;1;5;10;diversification;3;457c4bc75f95;move;;;25;10;;;;;;;;;;True;False;False;True;;ok;17734.824505912027;15632.208925194025;15632.208925194025;15632.208925194025;31;15632.208925194025;325.2903;2102.615580718002;Evaluated;9.1489;2.4324;64;True;2;duplicate_for_same_parent_sequence
5;1;5;;diversification;0;;;;;;;;;;;;;;;;;;;;;End-of-iteration summary row;;;15622.955541699463;15622.955541699463;31;15622.955541699463;325.3022;;IterationSummary;;;;;;
6;1;6;1;normal;0;eabc22f81c95;move;;;5;18;;;;;;;;;;True;False;False;True;;ok;18012.492746178217;15622.955541699463;15622.955541699463;15622.955541699463;32;15622.955541699463;333.7951;2389.5372044787546;Evaluated;6.054;2.4306;64;True;1;
6;1;6;2;normal;0;eabc22f81c95;swap;18;20;;;;;;;;;;;;True;False;False;False;;ok;17280.833948662832;15622.955541699463;15622.955541699463;15622.955541699463;33;15622.955541699463;341.8338;1657.8784069633693;Evaluated;5.6044;2.4316;64;True;1;
6;1;6;3;normal;0;eabc22f81c95;reinsert_block;;;;;;;35;40;18;;;;;True;False;False;True;;ok;16779.317209196022;15622.955541699463;15622.955541699463;15622.955541699463;34;15622.955541699463;350.3585;1156.3616674965597;Evaluated;6.0913;2.4301;64;True;1;
6;1;6;4;normal;0;eabc22f81c95;move;;;50;48;;;;;;;;;;True;False;False;False;;ok;15622.955541699463;15622.955541699463;15622.955541699463;15622.955541699463;35;15622.955541699463;358.2094;0.0;Evaluated;5.6203;2.2274;64;True;1;
6;1;6;5;normal;0;eabc22f81c95;move;;;40;35;;;;;;;;;;True;False;False;False;;ok;16824.22999029102;15622.955541699463;15622.955541699463;15622.955541699463;36;15622.955541699463;366.1972;1201.2744485915573;Evaluated;5.557;2.4284;64;True;1;
6;1;6;;normal;1;;;;;;;;;;;;;;;;;;;;;End-of-iteration summary row;;;15622.955541699463;15622.955541699463;36;15622.955541699463;366.2002;;IterationSummary;;;;;;
7;1;7;1;normal;1;eabc22f81c95;move;;;10;35;;;;;;;;;;True;False;False;True;;ok;16387.305698605855;15622.955541699463;15622.955541699463;15622.955541699463;37;15622.955541699463;374.4992;764.3501569063919;Evaluated;5.8578;2.4278;64;True;1;
7;1;7;2;normal;1;eabc22f81c95;swap;20;25;;;;;;;;;;;;True;False;False;False;;ok;17239.36687663655;15622.955541699463;15622.955541699463;15622.955541699463;38;15622.955541699463;382.8599;1616.4113349370891;Evaluated;5.9298;2.4283;64;True;1;
7;1;7;3;normal;1;eabc22f81c95;reinsert_block;;;;;;;38;42;10;;;;;True;False;False;True;;ok;18168.56013310963;15622.955541699463;15622.955541699463;15622.955541699463;39;15622.955541699463;391.5668;2545.604591410167;Evaluated;6.0733;2.631;64;True;1;
7;1;7;4;normal;1;eabc22f81c95;move;;;60;55;;;;;;;;;;True;False;False;False;;ok;15484.073723243124;15622.955541699463;15622.955541699463;15622.955541699463;40;15622.955541699463;399.4029;-138.8818184563388;Evaluated;5.597;2.2362;64;True;1;
7;1;7;5;normal;1;eabc22f81c95;move;;;25;10;;;;;;;;;;True;False;False;True;;ok;17732.91223233388;15622.955541699463;15622.955541699463;15622.955541699463;41;15622.955541699463;407.2771;2109.956690634419;Evaluated;5.4411;2.43;64;True;1;
7;1;7;;normal;0;;;;;;;;;;;;;;;;;;;;;End-of-iteration summary row;;;15484.073723243124;15484.073723243124;41;15484.073723243124;407.293;;IterationSummary;;;;;;
8;1;8;1;normal;0;e6660a18091b;move;;;8;5;;;;;;;;;;True;False;False;False;;ok;15481.250469160987;15484.073723243124;15484.073723243124;15484.073723243124;42;15484.073723243124;415.4191;-2.8232540821372822;Evaluated;5.8918;2.2263;64;True;1;
8;1;8;2;normal;0;e6660a18091b;swap;18;20;;;;;;;;;;;;True;False;False;False;;ok;16931.043838117388;15484.073723243124;15484.073723243124;15484.073723243124;43;15484.073723243124;423.303;1446.9701148742643;Evaluated;5.4544;2.4289;64;True;1;
8;1;8;3;normal;0;e6660a18091b;reinsert_block;;;;;;;35;40;20;;;;;True;False;False;True;;ok;16903.78856913381;15484.073723243124;15484.073723243124;15484.073723243124;44;15484.073723243124;431.7786;1419.714845890685;Evaluated;6.0376;2.4354;64;True;1;
8;1;8;4;normal;0;e6660a18091b;move;;;50;48;;;;;;;;;;True;False;False;False;;ok;15484.073723243124;15484.073723243124;15484.073723243124;15484.073723243124;45;15484.073723243124;439.5882;0.0;Evaluated;5.58;2.227;64;True;1;
8;1;8;5;normal;0;e6660a18091b;move;;;30;20;;;;;;;;;;True;False;False;True;;ok;16937.41126896104;15484.073723243124;15484.073723243124;15484.073723243124;46;15484.073723243124;451.2409;1453.3375457179172;Evaluated;9.221;2.4311;64;True;2;duplicate_for_same_parent_sequence
8;1;8;;normal;0;;;;;;;;;;;;;;;;;;;;;End-of-iteration summary row;;;15481.250469160987;15481.250469160987;46;15481.250469160987;451.259;;IterationSummary;;;;;;
9;1;9;1;normal;0;9e5bdec96925;move;;;10;5;;;;;;;;;;True;False;False;False;;ok;17843.098235001187;15481.250469160987;15481.250469160987;15481.250469160987;47;15481.250469160987;459.803;2361.8477658402007;Evaluated;6.1088;2.4279;64;True;1;
9;1;9;2;normal;0;9e5bdec96925;swap;20;25;;;;;;;;;;;;True;False;False;False;;ok;16887.590173863588;15481.250469160987;15481.250469160987;15481.250469160987;48;15481.250469160987;467.8067;1406.339704702601;Evaluated;5.5685;2.4322;64;True;1;
9;1;9;3;normal;0;9e5bdec96925;reinsert_block;;;;;;;35;40;20;;;;;True;False;False;True;;ok;16897.517614180695;15481.250469160987;15481.250469160987;15481.250469160987;49;15481.250469160987;476.2031;1416.2671450197086;Evaluated;5.9645;2.4284;64;True;1;
9;1;9;4;normal;0;9e5bdec96925;move;;;50;48;;;;;;;;;;True;False;False;False;;ok;15481.250469160987;15481.250469160987;15481.250469160987;15481.250469160987;50;15481.250469160987;484.1199;0.0;Evaluated;5.6826;2.2318;64;True;1;
9;1;9;5;normal;0;9e5bdec96925;move;;;25;30;;;;;;;;;;True;False;False;False;;ok;16546.934116411627;15481.250469160987;15481.250469160987;15481.250469160987;51;15481.250469160987;495.8365;1065.6836472506402;Evaluated;9.2828;2.4313;64;True;2;duplicate_for_same_parent_sequence
9;1;9;;normal;1;;;;;;;;;;;;;;;;;;;;;End-of-iteration summary row;;;15481.250469160987;15481.250469160987;51;15481.250469160987;495.8377;;IterationSummary;;;;;;
10;1;10;1;normal;1;9e5bdec96925;move;;;7;3;;;;;;;;;;True;False;False;False;;ok;16838.069664255567;15481.250469160987;15481.250469160987;15481.250469160987;52;15481.250469160987;508.4078;1356.8191950945802;Evaluated;10.1352;2.4276;64;True;2;duplicate_for_same_parent_sequence
10;1;10;2;normal;1;9e5bdec96925;swap;18;20;;;;;;;;;;;;True;False;False;False;;ok;16938.60674576585;15481.250469160987;15481.250469160987;15481.250469160987;53;15481.250469160987;516.8004;1457.3562766048635;Evaluated;5.9617;2.4301;64;True;1;
10;1;10;3;normal;1;9e5bdec96925;move;;;18;12;;;;;;;;;;True;False;False;False;;ok;17434.22407497162;15481.250469160987;15481.250469160987;15481.250469160987;54;15481.250469160987;529.0074;1952.9736058106319;Evaluated;9.7787;2.4259;64;True;2;duplicate_for_same_parent_sequence
10;1;10;4;normal;1;9e5bdec96925;move;;;25;35;;;;;;;;;;True;False;False;True;;ok;16374.26598339919;15481.250469160987;15481.250469160987;15481.250469160987;55;15481.250469160987;540.8918;893.0155142382027;Evaluated;9.4509;2.4302;64;True;2;duplicate_for_same_parent_sequence
10;1;10;5;normal;1;9e5bdec96925;move;;;20;15;;;;;;;;;;True;False;False;False;;ok;16875.051501542097;15481.250469160987;15481.250469160987;15481.250469160987;56;15481.250469160987;548.9171;1393.8010323811104;Evaluated;5.5886;2.4342;64;True;1;
10;1;10;;normal;2;;;;;;;;;;;;;;;;;;;;;End-of-iteration summary row;;;15481.250469160987;15481.250469160987;56;15481.250469160987;548.9202;;IterationSummary;;;;;;
11;1;11;1;normal;2;9e5bdec96925;move;;;8;2;;;;;;;;;;True;False;False;False;;ok;17824.29797338771;15481.250469160987;15481.250469160987;15481.250469160987;57;15481.250469160987;564.7726;2343.0475042267244;Evaluated;13.4135;2.4278;64;True;3;duplicate_for_same_parent_sequence
11;1;11;2;normal;2;9e5bdec96925;move;;;18;25;;;;;;;;;;True;False;False;False;;ok;17004.098467260465;15481.250469160987;15481.250469160987;15481.250469160987;58;15481.250469160987;576.3503;1522.847998099478;Evaluated;9.1448;2.43;64;True;2;duplicate_for_same_parent_sequence
11;1;11;3;normal;2;9e5bdec96925;move;;;18;32;;;;;;;;;;True;False;False;True;;ok;16538.28600208732;15481.250469160987;15481.250469160987;15481.250469160987;59;15481.250469160987;588.5253;1057.035532926333;Evaluated;9.739;2.4336;64;True;2;duplicate_for_same_parent_sequence
11;1;11;4;normal;2;9e5bdec96925;move;;;50;35;;;;;;;;;;True;False;False;True;;ok;16095.7740073378;15481.250469160987;15481.250469160987;15481.250469160987;60;15481.250469160987;600.3854;614.5235381768143;Evaluated;9.6224;2.2357;64;True;2;duplicate_for_same_parent_sequence
11;1;11;5;normal;2;9e5bdec96925;move;;;25;10;;;;;;;;;;True;False;False;True;;ok;17379.591393699804;15481.250469160987;15481.250469160987;15481.250469160987;61;15481.250469160987;608.7518;1898.3409245388175;Evaluated;5.9294;2.434;64;True;1;
11;1;11;;normal;3;;;;;;;;;;;;;;;;;;;;;End-of-iteration summary row;;;15481.250469160987;15481.250469160987;61;15481.250469160987;608.7549;;IterationSummary;;;;;;
12;1;12;1;diversification;3;9e5bdec96925;move;;;10;3;;;;;;;;;;True;False;False;False;;ok;17844.992431899762;15481.250469160987;15481.250469160987;15481.250469160987;62;15481.250469160987;617.1624;2363.7419627387753;Evaluated;5.9712;2.4245;64;True;1;
12;1;12;2;diversification;3;9e5bdec96925;reinsert_block;;;;;;;20;24;15;;;;;True;False;False;False;;ok;18347.49089549651;15481.250469160987;15481.250469160987;15481.250469160987;63;15481.250469160987;625.9089;2866.240426335524;Evaluated;6.1134;2.6322;64;True;1;
12;1;12;3;diversification;3;9e5bdec96925;swap;35;40;;;;;;;;;;;;True;False;False;False;;ok;16090.198414779585;15481.250469160987;15481.250469160987;15481.250469160987;64;15481.250469160987;633.9746;608.9479456185982;Evaluated;5.8168;2.2457;64;True;1;
12;1;12;4;diversification;3;9e5bdec96925;move;;;32;16;;;;;;;;;;True;False;False;True;;ok;16987.84222588969;15481.250469160987;15481.250469160987;15481.250469160987;65;15481.250469160987;646.0988;1506.5917567287033;Evaluated;9.6866;2.437;64;True;2;duplicate_for_same_parent_sequence
12;1;12;5;diversification;3;9e5bdec96925;move;;;18;5;;;;;;;;;;True;False;False;True;;ok;17338.15279040563;15481.250469160987;15481.250469160987;15481.250469160987;66;15481.250469160987;654.2468;1856.9023212446446;Evaluated;5.7161;2.4289;64;True;1;
12;1;12;6;diversification;3;9e5bdec96925;move;;;49;25;;;;;;;;;;True;False;False;True;;ok;16030.848976043195;15481.250469160987;15481.250469160987;15481.250469160987;67;15481.250469160987;662.168;549.5985068822083;Evaluated;5.6859;2.2325;64;True;1;
12;1;12;7;diversification;3;9e5bdec96925;move;;;30;15;;;;;;;;;;True;False;False;True;;ok;16978.838929378653;15481.250469160987;15481.250469160987;15481.250469160987;68;15481.250469160987;674.1161;1497.5884602176666;Evaluated;9.5184;2.4271;64;True;2;duplicate_for_same_parent_sequence
12;1;12;8;diversification;3;9e5bdec96925;move;;;10;25;;;;;;;;;;True;False;False;True;;ok;15492.320190568596;15481.250469160987;15481.250469160987;15481.250469160987;69;15481.250469160987;681.9514;11.069721407609904;Evaluated;5.6073;2.2253;64;True;1;
12;1;12;9;diversification;3;9e5bdec96925;move;;;28;35;;;;;;;;;;True;False;False;False;;ok;16403.564104899055;15481.250469160987;15481.250469160987;15481.250469160987;70;15481.250469160987;690.1032;922.3136357380681;Evaluated;5.7175;2.4338;64;True;1;
12;1;12;10;diversification;3;9e5bdec96925;move;;;50;40;;;;;;;;;;True;False;False;True;;ok;15638.26010960102;15481.250469160987;15481.250469160987;15481.250469160987;71;15481.250469160987;698.1008;157.00964044003376;Evaluated;5.7687;2.2282;64;True;1;
12;1;12;;diversification;4;;;;;;;;;;;;;;;;;;;;;End-of-iteration summary row;;;15481.250469160987;15481.250469160987;71;15481.250469160987;698.1016;;IterationSummary;;;;;;
13;1;13;1;diversification;4;9e5bdec96925;move;;;8;3;;;;;;;;;;True;False;False;False;;ok;17183.88966312973;15481.250469160987;15481.250469160987;15481.250469160987;72;15481.250469160987;706.7552;1702.639193968742;Evaluated;6.2206;2.4246;64;True;1;
13;1;13;2;diversification;4;9e5bdec96925;move;;;20;3;;;;;;;;;;True;False;False;True;;ok;17073.297641608387;15481.250469160987;15481.250469160987;15481.250469160987;73;15481.250469160987;718.9808;1592.047172447401;Evaluated;9.7927;2.432;64;True;2;duplicate_for_same_parent_sequence
13;1;13;3;diversification;4;9e5bdec96925;swap;32;47;;;;;;;;;;;;True;False;False;True;;ok;15572.194152146076;15481.250469160987;15481.250469160987;15481.250469160987;74;15481.250469160987;730.6564;90.94368298508925;Evaluated;9.441;2.2307;64;True;2;duplicate_for_same_parent_sequence
13;1;13;4;diversification;4;9e5bdec96925;move;;;45;30;;;;;;;;;;True;False;False;True;;ok;17448.465119019893;15481.250469160987;15481.250469160987;15481.250469160987;75;15481.250469160987;746.7402;1967.2146498589063;Evaluated;13.6531;2.4273;64;True;3;duplicate_for_same_parent_sequence
13;1;13;5;diversification;4;9e5bdec96925;move;;;20;5;;;;;;;;;;True;False;False;True;;ok;17236.009229250605;15481.250469160987;15481.250469160987;15481.250469160987;76;15481.250469160987;762.7237;1754.7587600896186;Evaluated;13.5534;2.4296;64;True;3;duplicate_for_same_parent_sequence
13;1;13;6;diversification;4;9e5bdec96925;move;;;30;5;;;;;;;;;;True;False;False;True;;ok;17394.457466856566;15481.250469160987;15481.250469160987;15481.250469160987;77;15481.250469160987;771.1567;1913.206997695579;Evaluated;6.0047;2.4276;64;True;1;
13;1;13;7;diversification;4;9e5bdec96925;move;;;49;35;;;;;;;;;;True;False;False;True;;ok;16483.608356541117;15481.250469160987;15481.250469160987;15481.250469160987;78;15481.250469160987;779.2696;1002.3578873801307;Evaluated;5.6821;2.4301;64;True;1;
13;1;13;8;diversification;4;9e5bdec96925;move;;;28;10;;;;;;;;;;True;False;False;True;;ok;17526.454389320723;15481.250469160987;15481.250469160987;15481.250469160987;79;15481.250469160987;787.1032;2045.2039201597363;Evaluated;5.4049;2.4281;64;True;1;
13;1;13;9;diversification;4;9e5bdec96925;move;;;18;10;;;;;;;;;;True;False;False;False;;ok;17389.84832642136;15481.250469160987;15481.250469160987;15481.250469160987;80;15481.250469160987;798.6779;1908.5978572603744;Evaluated;9.1507;2.4233;64;True;2;duplicate_for_same_parent_sequence
13;1;13;10;diversification;4;9e5bdec96925;move;;;20;10;;;;;;;;;;True;False;False;True;;ok;17826.076231393727;15481.250469160987;15481.250469160987;15481.250469160987;81;15481.250469160987;810.9934;2344.82576223274;Evaluated;9.8911;2.4239;64;True;2;duplicate_for_same_parent_sequence
13;1;13;;diversification;5;;;;;;;;;;;;;;;;;;;;;End-of-iteration summary row;;;15481.250469160987;15481.250469160987;81;15481.250469160987;810.9941;;IterationSummary;;;;;;
14;1;14;1;diversification;5;9e5bdec96925;move;;;25;10;;;;;;;;;;False;True;False;;;ok;;15481.250469160987;15481.250469160987;15481.250469160987;81;15481.250469160987;824.396;;DuplicateForSameParentSequenceAfterRetries;13.3965;;;;3;duplicate_for_same_parent_sequence
14;1;14;2;diversification;5;9e5bdec96925;reinsert_block;;;;;;;18;25;30;;;;;True;False;False;False;;ok;16617.393612133455;15481.250469160987;15481.250469160987;15481.250469160987;82;15481.250469160987;832.8761;1136.143142972469;Evaluated;6.0557;2.4235;64;True;1;
14;1;14;3;diversification;5;9e5bdec96925;move;;;15;8;;;;;;;;;;True;False;False;False;;ok;15473.225860151411;15481.250469160987;15481.250469160987;15481.250469160987;83;15481.250469160987;844.8276;-8.024609009575215;EvaluatedImprovementDespiteDiversificationMismatch;9.7251;2.2256;64;True;2;duplicate_for_same_parent_sequence
14;1;14;4;diversification;5;9e5bdec96925;move;;;48;10;;;;;;;;;;True;False;False;True;;ok;17376.99685780531;15481.250469160987;15481.250469160987;15481.250469160987;84;15481.250469160987;856.6235;1895.746388644322;Evaluated;9.3684;2.4249;64;True;2;duplicate_for_same_parent_sequence
14;1;14;5;diversification;5;9e5bdec96925;swap;3;7;;;;;;;;;;;;True;False;False;False;;ok;17414.984517857978;15481.250469160987;15481.250469160987;15481.250469160987;85;15481.250469160987;868.6851;1933.7340486969915;Evaluated;9.6346;2.4263;64;True;2;duplicate_for_same_parent_sequence
14;1;14;6;diversification;5;9e5bdec96925;move;;;18;30;;;;;;;;;;True;False;False;True;;ok;16538.28600208732;15481.250469160987;15481.250469160987;15481.250469160987;86;15481.250469160987;876.8301;1057.035532926333;Evaluated;5.7146;2.4297;64;True;1;
14;1;14;7;diversification;5;9e5bdec96925;move;;;30;20;;;;;;;;;;True;False;False;True;;ok;16934.806536937474;15481.250469160987;15481.250469160987;15481.250469160987;87;15481.250469160987;888.7358;1453.556067776488;Evaluated;9.4718;2.4333;64;True;2;duplicate_for_same_parent_sequence
14;1;14;8;diversification;5;9e5bdec96925;reinsert_block;;;;;;;8;14;3;;;;;True;False;False;False;;ok;17737.276808976592;15481.250469160987;15481.250469160987;15481.250469160987;88;15481.250469160987;900.6639;2256.0263398156058;Evaluated;9.5027;2.4237;64;True;2;duplicate_for_same_parent_sequence
14;1;14;9;diversification;5;9e5bdec96925;move;;;40;15;;;;;;;;;;True;False;False;True;;ok;16536.280823096502;15481.250469160987;15481.250469160987;15481.250469160987;89;15481.250469160987;912.5134;1055.0303539355154;Evaluated;9.4195;2.4293;64;True;2;duplicate_for_same_parent_sequence
14;1;14;10;diversification;5;9e5bdec96925;move;;;40;25;;;;;;;;;;True;False;False;True;;ok;15479.045461103859;15481.250469160987;15481.250469160987;15481.250469160987;90;15481.250469160987;920.433;-2.2050080571279977;Evaluated;5.6931;2.2259;64;True;1;
14;1;14;;diversification;0;;;;;;;;;;;;;;;;;;;;;End-of-iteration summary row;;;15473.225860151411;15473.225860151411;90;15473.225860151411;920.439;;IterationSummary;;;;;;
15;1;15;1;normal;0;b78301583791;move;;;5;0;;;;;;;;;;True;False;False;False;;ok;15653.225860151411;15473.225860151411;15473.225860151411;15473.225860151411;91;15473.225860151411;929.1302;180.0;Evaluated;6.4535;2.2294;64;True;1;
15;1;15;2;normal;0;b78301583791;swap;20;25;;;;;;;;;;;;True;False;False;False;;ok;16885.28808020427;15473.225860151411;15473.225860151411;15473.225860151411;92;15473.225860151411;937.2664;1412.0622200528596;Evaluated;5.7018;2.4337;64;True;1;
15;1;15;3;normal;0;b78301583791;reinsert_block;;;;;;;32;40;15;;;;;True;False;False;True;;ok;17191.386479263954;15473.225860151411;15473.225860151411;15473.225860151411;93;15473.225860151411;945.7922;1718.160619112543;Evaluated;6.0945;2.4277;64;True;1;
15;1;15;4;normal;0;b78301583791;move;;;50;48;;;;;;;;;;True;False;False;False;;ok;15473.225860151411;15473.225860151411;15473.225860151411;15473.225860151411;94;15473.225860151411;953.9222;0.0;Evaluated;5.8916;2.2357;64;True;1;
15;1;15;5;normal;0;b78301583791;move;;;10;25;;;;;;;;;;True;False;False;True;;ok;15474.595926109036;15473.225860151411;15473.225860151411;15473.225860151411;95;15473.225860151411;961.772;1.3700659576243197;Evaluated;5.6178;2.2293;64;True;1;
15;1;15;;normal;1;;;;;;;;;;;;;;;;;;;;;End-of-iteration summary row;;;15473.225860151411;15473.225860151411;95;15473.225860151411;961.7751;;IterationSummary;;;;;;
16;1;16;1;normal;1;b78301583791;move;;;10;5;;;;;;;;;;True;False;False;False;;ok;15471.221393923639;15473.225860151411;15473.225860151411;15473.225860151411;96;15473.225860151411;970.1986;-2.0044662277723546;Evaluated;6.181;2.2279;64;True;1;
16;1;16;2;normal;1;b78301583791;swap;18;30;;;;;;;;;;;;True;False;False;True;;ok;17313.791391992425;15473.225860151411;15473.225860151411;15473.225860151411;97;15473.225860151411;982.4766;1840.5655318410136;Evaluated;9.8504;2.4271;64;True;2;duplicate_for_same_parent_sequence
16;1;16;3;normal;1;b78301583791;reinsert_block;;;;;;;35;40;20;;;;;True;False;False;True;;ok;16896.973391527506;15473.225860151411;15473.225860151411;15473.225860151411;98;15473.225860151411;990.9756;1423.7475313760951;Evaluated;6.0651;2.4315;64;True;1;
16;1;16;4;normal;1;b78301583791;move;;;30;20;;;;;;;;;;True;False;False;True;;ok;16820.7007453841;15473.225860151411;15473.225860151411;15473.225860151411;99;15473.225860151411;1003.3428;1347.4748852326884;Evaluated;9.9388;2.4278;64;True;2;duplicate_for_same_parent_sequence
16;1;16;5;normal;1;b78301583791;move;;;45;30;;;;;;;;;;True;False;False;True;;ok;17436.50842499997;15473.225860151411;15473.225860151411;15473.225860151411;100;15473.225860151411;1011.3709;1963.2825648485596;Evaluated;5.5988;2.4286;64;True;1;
16;1;16;;normal;0;;;;;;;;;;;;;;;;;;;;;End-of-iteration summary row;;;15471.221393923639;15471.221393923639;100;15471.221393923639;1011.3814;;IterationSummary;;;;;;
17;1;17;1;normal;0;b5443bcef94d;move;;;10;5;;;;;;;;;;True;False;False;False;;ok;17182.855523177812;15471.221393923639;15471.221393923639;15471.221393923639;101;15471.221393923639;1019.9351;1711.6341292541729;Evaluated;6.1168;2.4287;64;True;1;
17;1;17;2;normal;0;b5443bcef94d;swap;20;25;;;;;;;;;;;;True;False;False;False;;ok;16874.330334637067;15471.221393923639;15471.221393923639;15471.221393923639;102;15471.221393923639;1028.1153;1403.1089407134277;Evaluated;5.7519;2.4276;64;True;1;
17;1;17;3;normal;0;b5443bcef94d;reinsert_block;;;;;;;35;40;25;;;;;True;False;False;True;;ok;16423.3744250244;15471.221393923639;15471.221393923639;15471.221393923639;103;15471.221393923639;1036.9976;952.1530311007627;Evaluated;6.4482;2.4312;64;True;1;
17;1;17;4;normal;0;b5443bcef94d;move;;;50;48;;;;;;;;;;True;False;False;False;;ok;15471.221393923639;15471.221393923639;15471.221393923639;15471.221393923639;104;15471.221393923639;1044.7871;0.0;Evaluated;5.5469;2.2401;64;True;1;
17;1;17;5;normal;0;b5443bcef94d;move;;;45;20;;;;;;;;;;True;False;False;True;;ok;15916.328834045145;15471.221393923639;15471.221393923639;15471.221393923639;105;15471.221393923639;1052.699;445.10744012150644;Evaluated;5.6837;2.2273;64;True;1;
17;1;17;;normal;1;;;;;;;;;;;;;;;;;;;;;End-of-iteration summary row;;;15471.221393923639;15471.221393923639;105;15471.221393923639;1052.7019;;IterationSummary;;;;;;
18;1;18;1;normal;1;b5443bcef94d;move;;;8;3;;;;;;;;;;True;False;False;False;;ok;17077.50113720957;15471.221393923639;15471.221393923639;15471.221393923639;106;15471.221393923639;1064.8828;1606.2797432859297;Evaluated;9.7363;2.429;64;True;2;duplicate_for_same_parent_sequence
18;1;18;2;normal;1;b5443bcef94d;swap;18;30;;;;;;;;;;;;True;False;False;True;;ok;16530.853065780695;15471.221393923639;15471.221393923639;15471.221393923639;107;15471.221393923639;1073.2584;1059.631671857056;Evaluated;5.9353;2.4373;64;True;1;
18;1;18;3;normal;1;b5443bcef94d;reinsert_block;;;;;;;35;38;20;;;;;True;False;False;True;;ok;16892.78727072296;15471.221393923639;15471.221393923639;15471.221393923639;108;15471.221393923639;1081.773;1421.5658767993227;Evaluated;6.0796;2.4323;64;True;1;
18;1;18;4;normal;1;b5443bcef94d;move;;;50;40;;;;;;;;;;True;False;False;True;;ok;15624.892638285659;15471.221393923639;15471.221393923639;15471.221393923639;109;15471.221393923639;1089.7118;153.67124436201993;Evaluated;5.7102;2.2253;64;True;1;
18;1;18;5;normal;1;b5443bcef94d;move;;;25;10;;;;;;;;;;True;False;False;True;;ok;17245.88922707921;15471.221393923639;15471.221393923639;15471.221393923639;110;15471.221393923639;1101.6383;1774.6678331555704;Evaluated;9.4969;2.4283;64;True;2;duplicate_for_same_parent_sequence
18;1;18;;normal;2;;;;;;;;;;;;;;;;;;;;;End-of-iteration summary row;;;15471.221393923639;15471.221393923639;110;15471.221393923639;1101.6411;;IterationSummary;;;;;;
19;1;19;1;normal;2;b5443bcef94d;move;;;15;20;;;;;;;;;;True;False;False;False;;ok;16650.20842991476;15471.221393923639;15471.221393923639;15471.221393923639;111;15471.221393923639;1113.7642;1178.987035991122;Evaluated;9.6721;2.4342;64;True;2;duplicate_for_same_parent_sequence
19;1;19;2;normal;2;b5443bcef94d;swap;25;27;;;;;;;;;;;;True;False;False;False;;ok;16475.718298566484;15471.221393923639;15471.221393923639;15471.221393923639;112;15471.221393923639;1129.5518;1004.496904642845;Evaluated;13.3524;2.432;64;True;3;duplicate_for_same_parent_sequence
19;1;19;3;normal;2;b5443bcef94d;move;;;38;15;;;;;;;;;;True;False;False;True;;ok;18159.208955289196;15471.221393923639;15471.221393923639;15471.221393923639;113;15471.221393923639;1141.9239;2687.9875613655568;Evaluated;9.7417;2.6279;64;True;2;duplicate_for_same_parent_sequence
19;1;19;4;normal;2;b5443bcef94d;move;;;25;15;;;;;;;;;;True;False;False;True;;ok;17085.576824399886;15471.221393923639;15471.221393923639;15471.221393923639;114;15471.221393923639;1153.9999;1614.3554304762474;Evaluated;9.6458;2.4296;64;True;2;duplicate_for_same_parent_sequence
19;1;19;5;normal;2;b5443bcef94d;move;;;40;30;;;;;;;;;;True;False;False;True;;ok;16470.61803589759;15471.221393923639;15471.221393923639;15471.221393923639;115;15471.221393923639;1165.7349;999.3966419739518;Evaluated;9.3024;2.4296;64;True;2;duplicate_for_same_parent_sequence
19;1;19;;normal;3;;;;;;;;;;;;;;;;;;;;;End-of-iteration summary row;;;15471.221393923639;15471.221393923639;115;15471.221393923639;1165.7377;;IterationSummary;;;;;;
20;1;20;1;diversification;3;b5443bcef94d;move;;;30;20;;;;;;;;;;True;False;False;True;;ok;16924.039283483096;15471.221393923639;15471.221393923639;15471.221393923639;116;15471.221393923639;1177.9713;1452.8178895594574;Evaluated;9.7965;2.4266;64;True;2;duplicate_for_same_parent_sequence
20;1;20;2;diversification;3;b5443bcef94d;reinsert_block;;;;;;;18;23;5;;;;;True;False;False;True;;ok;17428.67565522049;15471.221393923639;15471.221393923639;15471.221393923639;117;15471.221393923639;1186.4838;1957.4542612968507;Evaluated;6.0817;2.4302;64;True;1;
20;1;20;3;diversification;3;b5443bcef94d;swap;32;47;;;;;;;;;;;;True;False;False;True;;ok;15560.548478125616;15471.221393923639;15471.221393923639;15471.221393923639;118;15471.221393923639;1194.3581;89.32708420197741;Evaluated;5.6428;2.2287;64;True;1;
20;1;20;4;diversification;3;b5443bcef94d;move;;;62;50;;;;;;;;;;True;False;False;True;;ok;15985.72996589554;15471.221393923639;15471.221393923639;15471.221393923639;119;15471.221393923639;1206.1494;514.5085719719009;Evaluated;9.558;2.2316;64;True;2;duplicate_for_same_parent_sequence
20;1;20;5;diversification;3;b5443bcef94d;move;;;40;20;;;;;;;;;;True;False;False;True;;ok;16473.242464101328;15471.221393923639;15471.221393923639;15471.221393923639;120;15471.221393923639;1214.3378;1002.0210701776887;Evaluated;5.7473;2.438;64;True;1;
20;1;20;6;diversification;3;b5443bcef94d;move;;;40;25;;;;;;;;;;True;False;False;True;;ok;15467.372344218238;15471.221393923639;15471.221393923639;15471.221393923639;121;15471.221393923639;1222.3002;-3.84904970540083;Evaluated;5.7254;2.2345;64;True;1;
20;1;20;7;diversification;3;b5443bcef94d;move;;;18;30;;;;;;;;;;True;False;False;True;;ok;16529.944631308404;15471.221393923639;15471.221393923639;15471.221393923639;122;15471.221393923639;1233.8862;1058.7232373847655;Evaluated;9.1538;2.4315;64;True;2;duplicate_for_same_parent_sequence
20;1;20;8;diversification;3;b5443bcef94d;move;;;10;25;;;;;;;;;;True;False;False;True;;ok;17533.38262449725;15471.221393923639;15471.221393923639;15471.221393923639;123;15471.221393923639;1241.9494;2062.1612305736126;Evaluated;5.6331;2.4267;64;True;1;
20;1;20;9;diversification;3;b5443bcef94d;move;;;25;30;;;;;;;;;;True;False;False;False;;ok;16535.641309724415;15471.221393923639;15471.221393923639;15471.221393923639;124;15471.221393923639;1250.1093;1064.419915800776;Evaluated;5.7249;2.4344;64;True;1;
20;1;20;10;diversification;3;b5443bcef94d;move;;;50;35;;;;;;;;;;True;False;False;True;;ok;16085.744932100455;15471.221393923639;15471.221393923639;15471.221393923639;125;15471.221393923639;1258.0874;614.5235381768161;Evaluated;5.7439;2.2328;64;True;1;
20;1;20;;diversification;0;;;;;;;;;;;;;;;;;;;;;End-of-iteration summary row;;;15467.372344218238;15467.372344218238;125;15467.372344218238;1258.1066;;IterationSummary;;;;;;
21;1;21;1;normal;0;3e4be50701da;move;;;2;5;;;;;;;;;;True;False;False;False;;ok;17873.226885273343;15467.372344218238;15467.372344218238;15467.372344218238;126;15467.372344218238;1266.9945;2405.854541055105;Evaluated;6.4522;2.4272;64;True;1;
21;1;21;2;normal;0;3e4be50701da;swap;18;20;;;;;;;;;;;;True;False;False;False;;ok;16997.41253185198;15467.372344218238;15467.372344218238;15467.372344218238;127;15467.372344218238;1275.3697;1530.0401876337419;Evaluated;5.9452;2.4292;64;True;1;
21;1;21;3;normal;0;3e4be50701da;reinsert_block;;;;;;;32;35;10;;;;;True;False;False;True;;ok;17125.3554822411;15467.372344218238;15467.372344218238;15467.372344218238;128;15467.372344218238;1284.2691;1657.9831380228607;Evaluated;6.4689;2.427;64;True;1;
21;1;21;4;normal;0;3e4be50701da;move;;;52;48;;;;;;;;;;True;False;False;False;;ok;15590.158617664105;15467.372344218238;15467.372344218238;15467.372344218238;129;15467.372344218238;1292.0913;122.78627344586675;Evaluated;5.5902;2.2289;64;True;1;
21;1;21;5;normal;0;3e4be50701da;move;;;45;30;;;;;;;;;;True;False;False;True;;ok;17431.996918966805;15467.372344218238;15467.372344218238;15467.372344218238;130;15467.372344218238;1300.1934;1964.6245747485664;Evaluated;5.6689;2.4303;64;True;1;
21;1;21;;normal;1;;;;;;;;;;;;;;;;;;;;;End-of-iteration summary row;;;15467.372344218238;15467.372344218238;130;15467.372344218238;1300.1962;;IterationSummary;;;;;;
22;1;22;1;normal;1;3e4be50701da;move;;;10;5;;;;;;;;;;True;False;False;False;;ok;17184.471431827875;15467.372344218238;15467.372344218238;15467.372344218238;131;15467.372344218238;1308.7169;1717.0990876096366;Evaluated;6.0796;2.4269;64;True;1;
22;1;22;2;normal;1;3e4be50701da;swap;20;25;;;;;;;;;;;;True;False;False;False;;ok;17383.872409795837;15467.372344218238;15467.372344218238;15467.372344218238;132;15467.372344218238;1316.8252;1916.5000655775984;Evaluated;5.6797;2.426;64;True;1;
22;1;22;3;normal;1;3e4be50701da;reinsert_block;;;;;;;35;41;20;;;;;True;False;False;True;;ok;16651.80349067621;15467.372344218238;15467.372344218238;15467.372344218238;133;15467.372344218238;1325.3052;1184.4311464579732;Evaluated;6.0498;2.4271;64;True;1;
22;1;22;4;normal;1;3e4be50701da;move;;;50;35;;;;;;;;;;True;False;False;True;;ok;16085.754325420927;15467.372344218238;15467.372344218238;15467.372344218238;134;15467.372344218238;1333.4144;618.3819812026886;Evaluated;5.6732;2.4345;64;True;1;
22;1;22;5;normal;1;3e4be50701da;move;;;25;30;;;;;;;;;;True;False;False;False;;ok;16470.61803589759;15467.372344218238;15467.372344218238;15467.372344218238;135;15467.372344218238;1341.4358;1003.2456916793526;Evaluated;5.59;2.4305;64;True;1;
22;1;22;;normal;2;;;;;;;;;;;;;;;;;;;;;End-of-iteration summary row;;;15467.372344218238;15467.372344218238;135;15467.372344218238;1341.4366;;IterationSummary;;;;;;
23;1;23;1;normal;2;3e4be50701da;move;;;8;3;;;;;;;;;;True;False;False;False;;ok;17087.973766016254;15467.372344218238;15467.372344218238;15467.372344218238;136;15467.372344218238;1353.5718;1620.6014217980155;Evaluated;9.6975;2.4324;64;True;2;duplicate_for_same_parent_sequence
23;1;23;2;normal;2;3e4be50701da;move;;;18;22;;;;;;;;;;True;False;False;False;;ok;16989.513104705402;15467.372344218238;15467.372344218238;15467.372344218238;137;15467.372344218238;1365.4148;1522.1407604871638;Evaluated;9.4101;2.4291;64;True;2;duplicate_for_same_parent_sequence
23;1;23;3;normal;2;3e4be50701da;move;;;47;35;;;;;;;;;;True;False;False;True;;ok;15596.666401691875;15467.372344218238;15467.372344218238;15467.372344218238;138;15467.372344218238;1377.8141;129.2940574736367;Evaluated;10.1644;2.2319;64;True;2;duplicate_for_same_parent_sequence
23;1;23;4;normal;2;3e4be50701da;move;;;30;60;;;;;;;;;;True;False;False;True;;ok;17033.820863960962;15467.372344218238;15467.372344218238;15467.372344218238;139;15467.372344218238;1389.4873;1566.4485197427239;Evaluated;9.2406;2.4299;64;True;2;duplicate_for_same_parent_sequence
23;1;23;5;normal;2;3e4be50701da;move;;;40;35;;;;;;;;;;True;False;False;False;;ok;15596.302717934732;15467.372344218238;15467.372344218238;15467.372344218238;140;15467.372344218238;1397.3663;128.9303737164937;Evaluated;5.6467;2.2316;64;True;1;
23;1;23;;normal;3;;;;;;;;;;;;;;;;;;;;;End-of-iteration summary row;;;15467.372344218238;15467.372344218238;140;15467.372344218238;1397.3694;;IterationSummary;;;;;;
24;1;24;1;diversification;3;3e4be50701da;move;;;25;35;;;;;;;;;;True;False;False;True;;ok;16468.23300992047;15467.372344218238;15467.372344218238;15467.372344218238;141;15467.372344218238;1409.628;1000.8606657022319;Evaluated;9.818;2.4277;64;True;2;duplicate_for_same_parent_sequence
24;1;24;2;diversification;3;3e4be50701da;reinsert_block;;;;;;;25;30;18;;;;;True;False;False;False;;ok;16779.114244190954;15467.372344218238;15467.372344218238;15467.372344218238;142;15467.372344218238;1418.111;1311.741899972716;Evaluated;6.0475;2.4327;64;True;1;
24;1;24;3;diversification;3;3e4be50701da;swap;40;32;;;;;;;;;;;;True;False;False;False;;ok;15467.372344218238;15467.372344218238;15467.372344218238;15467.372344218238;143;15467.372344218238;1426.0718;0.0;Evaluated;5.7249;2.2331;64;True;1;
24;1;24;4;diversification;3;3e4be50701da;move;;;48;20;;;;;;;;;;True;False;False;True;;ok;16472.050371993897;15467.372344218238;15467.372344218238;15467.372344218238;144;15467.372344218238;1438.066;1004.6780277756588;Evaluated;9.5653;2.4275;64;True;2;duplicate_for_same_parent_sequence
24;1;24;5;diversification;3;3e4be50701da;move;;;15;20;;;;;;;;;;True;False;False;False;;ok;16661.82331639751;15467.372344218238;15467.372344218238;15467.372344218238;145;15467.372344218238;1446.3049;1194.450972179271;Evaluated;5.8049;2.4303;64;True;1;
24;1;24;6;diversification;3;3e4be50701da;reinsert_block;;;;;;;42;48;15;;;;;True;False;False;True;;ok;17172.081256306636;15467.372344218238;15467.372344218238;15467.372344218238;146;15467.372344218238;1458.6696;1704.7089120883975;Evaluated;9.9329;2.4311;64;True;2;duplicate_for_same_parent_sequence
24;1;24;7;diversification;3;3e4be50701da;move;;;37;45;;;;;;;;;;True;False;False;False;;ok;16305.803519847761;15467.372344218238;15467.372344218238;15467.372344218238;147;15467.372344218238;1470.4579;838.4311756295228;Evaluated;9.3542;2.4312;64;True;2;duplicate_for_same_parent_sequence
24;1;24;8;diversification;3;3e4be50701da;move;;;15;8;;;;;;;;;;True;False;False;False;;ok;17488.0102654673;15467.372344218238;15467.372344218238;15467.372344218238;148;15467.372344218238;1478.8425;2020.637921249061;Evaluated;5.9526;2.4292;64;True;1;
24;1;24;9;diversification;3;3e4be50701da;move;;;47;18;;;;;;;;;;True;False;False;True;;ok;16316.814174053856;15467.372344218238;15467.372344218238;15467.372344218238;149;15467.372344218238;1490.9098;849.4418298356177;Evaluated;9.6305;2.4348;64;True;2;duplicate_for_same_parent_sequence
24;1;24;10;diversification;3;3e4be50701da;move;;;50;25;;;;;;;;;;True;False;False;True;;ok;16542.836491493348;15467.372344218238;15467.372344218238;15467.372344218238;150;15467.372344218238;1502.8858;1075.46414727511;Evaluated;9.5472;2.4262;64;True;2;duplicate_for_same_parent_sequence
24;1;24;;diversification;4;;;;;;;;;;;;;;;;;;;;;End-of-iteration summary row;;;15467.372344218238;15467.372344218238;150;15467.372344218238;1502.8888;;IterationSummary;;;;;;
25;1;25;1;diversification;4;3e4be50701da;move;;;5;20;;;;;;;;;;True;False;False;True;;ok;16474.75561281683;15467.372344218238;15467.372344218238;15467.372344218238;151;15467.372344218238;1511.4562;1007.3832685985908;Evaluated;6.1193;2.4323;64;True;1;
25;1;25;2;diversification;4;3e4be50701da;reinsert_block;;;;;;;18;23;5;;;;;True;False;False;True;;ok;17426.966521475097;15467.372344218238;15467.372344218238;15467.372344218238;152;15467.372344218238;1520.382;1959.5941772568585;Evaluated;6.4949;2.4269;64;True;1;
25;1;25;3;diversification;4;3e4be50701da;swap;35;40;;;;;;;;;;;;True;False;False;False;;ok;16084.734327250468;15467.372344218238;15467.372344218238;15467.372344218238;153;15467.372344218238;1528.5485;617.3619830322295;Evaluated;5.9279;2.2359;64;True;1;
25;1;25;4;diversification;4;3e4be50701da;move;;;50;37;;;;;;;;;;True;False;False;True;;ok;16086.099880790216;15467.372344218238;15467.372344218238;15467.372344218238;154;15467.372344218238;1536.9214;618.7275365719779;Evaluated;5.94;2.4297;64;True;1;
25;1;25;5;diversification;4;3e4be50701da;move;;;20;10;;;;;;;;;;True;False;False;True;;ok;17820.04666259003;15467.372344218238;15467.372344218238;15467.372344218238;155;15467.372344218238;1549.1457;2352.6743183717917;Evaluated;9.7933;2.4282;64;True;2;duplicate_for_same_parent_sequence
25;1;25;6;diversification;4;3e4be50701da;move;;;42;18;;;;;;;;;;True;False;False;True;;ok;16990.15498717729;15467.372344218238;15467.372344218238;15467.372344218238;156;15467.372344218238;1560.9611;1522.7826429590532;Evaluated;9.383;2.4295;64;True;2;duplicate_for_same_parent_sequence
25;1;25;7;diversification;4;3e4be50701da;move;;;30;5;;;;;;;;;;True;False;False;True;;ok;16334.404770370227;15467.372344218238;15467.372344218238;15467.372344218238;157;15467.372344218238;1572.5738;867.0324261519891;Evaluated;9.1813;2.4287;64;True;2;duplicate_for_same_parent_sequence
25;1;25;8;diversification;4;3e4be50701da;move;;;10;25;;;;;;;;;;True;False;False;True;;ok;17533.38262449725;15467.372344218238;15467.372344218238;15467.372344218238;158;15467.372344218238;1580.6165;2066.0102802790134;Evaluated;5.616;2.4241;64;True;1;
25;1;25;9;diversification;4;3e4be50701da;move;;;24;35;;;;;;;;;;True;False;False;True;;ok;16468.23300992047;15467.372344218238;15467.372344218238;15467.372344218238;159;15467.372344218238;1589.0446;1000.8606657022319;Evaluated;5.9946;2.4328;64;True;1;
25;1;25;10;diversification;4;3e4be50701da;move;;;52;40;;;;;;;;;;True;False;False;True;;ok;15771.767129793961;15467.372344218238;15467.372344218238;15467.372344218238;160;15467.372344218238;1596.9846;304.3947855757233;Evaluated;5.7084;2.2279;64;True;1;
25;1;25;;diversification;5;;;;;;;;;;;;;;;;;;;;;End-of-iteration summary row;;;15467.372344218238;15467.372344218238;160;15467.372344218238;1596.9877;;IterationSummary;;;;;;
26;1;26;1;diversification;5;3e4be50701da;move;;;0;15;;;;;;;;;;True;False;False;True;;ok;16134.584911805667;15467.372344218238;15467.372344218238;15467.372344218238;161;15467.372344218238;1605.6234;667.2125675874286;Evaluated;6.1954;2.4307;64;True;1;
26;1;26;2;diversification;5;3e4be50701da;reinsert_block;;;;;;;20;23;18;;;;;True;False;False;False;;ok;17710.74554825399;15467.372344218238;15467.372344218238;15467.372344218238;162;15467.372344218238;1614.203;2243.3732040357536;Evaluated;6.1456;2.4311;64;True;1;
26;1;26;3;diversification;5;3e4be50701da;swap;32;47;;;;;;;;;;;;True;False;False;True;;ok;15467.372344218238;15467.372344218238;15467.372344218238;15467.372344218238;163;15467.372344218238;1622.173;0.0;Evaluated;5.7384;2.2289;64;True;1;
26;1;26;4;diversification;5;3e4be50701da;move;;;56;48;;;;;;;;;;True;False;False;False;;ok;15467.372344218238;15467.372344218238;15467.372344218238;15467.372344218238;164;15467.372344218238;1630.0226;0.0;Evaluated;5.6152;2.2317;64;True;1;
26;1;26;5;diversification;5;3e4be50701da;move;;;50;48;;;;;;;;;;True;False;False;False;;ok;15467.372344218238;15467.372344218238;15467.372344218238;15467.372344218238;165;15467.372344218238;1637.9691;0.0;Evaluated;5.711;2.2324;64;True;1;
26;1;26;6;diversification;5;3e4be50701da;move;;;20;35;;;;;;;;;;True;False;False;True;;ok;16659.643553682276;15467.372344218238;15467.372344218238;15467.372344218238;166;15467.372344218238;1646.1288;1192.2712094640374;Evaluated;5.7289;2.4283;64;True;1;
26;1;26;7;diversification;5;3e4be50701da;move;;;32;15;;;;;;;;;;True;False;False;True;;ok;16770.70633240373;15467.372344218238;15467.372344218238;15467.372344218238;167;15467.372344218238;1657.7365;1303.3339881854918;Evaluated;9.1751;2.4295;64;True;2;duplicate_for_same_parent_sequence
26;1;26;8;diversification;5;3e4be50701da;move;;;8;15;;;;;;;;;;True;False;False;False;;ok;16792.93828778784;15467.372344218238;15467.372344218238;15467.372344218238;168;15467.372344218238;1665.8853;1325.5659435696034;Evaluated;5.7173;2.4284;64;True;1;
26;1;26;9;diversification;5;3e4be50701da;move;;;28;30;;;;;;;;;;True;False;False;False;;ok;16320.158659012675;15467.372344218238;15467.372344218238;15467.372344218238;169;15467.372344218238;1677.8462;852.7863147944372;Evaluated;9.5308;2.4272;64;True;2;duplicate_for_same_parent_sequence
26;1;26;10;diversification;5;3e4be50701da;swap;40;45;;;;;;;;;;;;True;False;False;False;;ok;16336.599317018052;15467.372344218238;15467.372344218238;15467.372344218238;170;15467.372344218238;1693.3728;869.2269727998137;Evaluated;13.0916;2.4323;64;True;3;duplicate_for_same_parent_sequence
26;1;26;;diversification;6;;;;;;;;;;;;;;;;;;;;;End-of-iteration summary row;;;15467.372344218238;15467.372344218238;170;15467.372344218238;1693.3758;;IterationSummary;;;;;;
27;1;27;1;diversification;6;3e4be50701da;move;;;6;25;;;;;;;;;;True;False;False;True;;ok;16565.247147983588;15467.372344218238;15467.372344218238;15467.372344218238;171;15467.372344218238;1705.7317;1097.8748037653495;Evaluated;9.9111;2.434;64;True;2;duplicate_for_same_parent_sequence
27;1;27;2;diversification;6;3e4be50701da;move;;;50;40;;;;;;;;;;True;False;False;True;;ok;15631.149852156488;15467.372344218238;15467.372344218238;15467.372344218238;172;15467.372344218238;1717.4856;163.77750793824998;Evaluated;9.528;2.2242;64;True;2;duplicate_for_same_parent_sequence
27;1;27;3;diversification;6;3e4be50701da;swap;35;40;;;;;;;;;;;;False;True;False;;;ok;;15467.372344218238;15467.372344218238;15467.372344218238;172;15467.372344218238;1730.5418;;DuplicateForSameParentSequenceAfterRetries;13.0531;;;;3;duplicate_for_same_parent_sequence
27;1;27;4;diversification;6;3e4be50701da;move;;;61;25;;;;;;;;;;True;False;False;True;;ok;17570.710024550233;15467.372344218238;15467.372344218238;15467.372344218238;173;15467.372344218238;1742.5994;2103.337680331995;Evaluated;9.6244;2.4322;64;True;2;duplicate_for_same_parent_sequence
27;1;27;5;diversification;6;3e4be50701da;move;;;18;35;;;;;;;;;;True;False;False;True;;ok;16530.8173813815;15467.372344218238;15467.372344218238;15467.372344218238;174;15467.372344218238;1754.3232;1063.445037163263;Evaluated;9.2874;2.4337;64;True;2;duplicate_for_same_parent_sequence
27;1;27;6;diversification;6;3e4be50701da;move;;;25;18;;;;;;;;;;True;False;False;False;;ok;16766.18720813654;15467.372344218238;15467.372344218238;15467.372344218238;175;15467.372344218238;1765.9205;1298.8148639183019;Evaluated;9.1655;2.4285;64;True;2;duplicate_for_same_parent_sequence
27;1;27;7;diversification;6;3e4be50701da;move;;;30;10;;;;;;;;;;True;False;False;True;;ok;16766.43693773692;15467.372344218238;15467.372344218238;15467.372344218238;176;15467.372344218238;1777.7357;1299.0645935186803;Evaluated;9.3882;2.4261;64;True;2;duplicate_for_same_parent_sequence
27;1;27;8;diversification;6;3e4be50701da;swap;8;9;;;;;;;;;;;;True;False;False;False;;ok;15467.372344218238;15467.372344218238;15467.372344218238;15467.372344218238;177;15467.372344218238;1789.4452;0.0;Evaluated;9.482;2.2267;64;True;2;duplicate_for_same_parent_sequence
27;1;27;9;diversification;6;3e4be50701da;move;;;40;15;;;;;;;;;;True;False;False;True;;ok;16414.8140516079;15467.372344218238;15467.372344218238;15467.372344218238;178;15467.372344218238;1801.5809;947.441707389662;Evaluated;9.7019;2.4312;64;True;2;duplicate_for_same_parent_sequence
27;1;27;10;diversification;6;3e4be50701da;move;;;42;50;;;;;;;;;;True;False;False;False;;ok;15714.329793199693;15467.372344218238;15467.372344218238;15467.372344218238;179;15467.372344218238;1813.8405;246.95744898145495;Evaluated;10.0234;2.2336;64;True;2;duplicate_for_same_parent_sequence
27;1;27;;diversification;7;;;;;;;;;;;;;;;;;;;;;End-of-iteration summary row;;;15467.372344218238;15467.372344218238;179;15467.372344218238;1813.8443;;IterationSummary;;;;;;
28;1;28;1;diversification;7;3e4be50701da;move;;;6;20;;;;;;;;;;True;False;False;True;;ok;16504.37560466877;15467.372344218238;15467.372344218238;15467.372344218238;180;15467.372344218238;1826.3189;1037.0032604505323;Evaluated;10.0352;2.4322;64;True;2;duplicate_for_same_parent_sequence
28;1;28;2;diversification;7;3e4be50701da;reinsert_block;;;;;;;18;25;35;;;;;True;False;False;True;;ok;16525.23635035594;15467.372344218238;15467.372344218238;15467.372344218238;181;15467.372344218238;1834.8877;1057.864006137701;Evaluated;6.1343;2.4317;64;True;1;
28;1;28;3;diversification;7;3e4be50701da;swap;28;47;;;;;;;;;;;;True;False;False;True;;ok;15973.316944766686;15467.372344218238;15467.372344218238;15467.372344218238;182;15467.372344218238;1847.1488;505.94460054844785;Evaluated;10.0161;2.2421;64;True;2;duplicate_for_same_parent_sequence
28;1;28;4;diversification;7;3e4be50701da;move;;;60;15;;;;;;;;;;True;False;False;True;;ok;17585.726408028775;15467.372344218238;15467.372344218238;15467.372344218238;183;15467.372344218238;1859.2614;2118.354063810537;Evaluated;9.68;2.4297;64;True;2;duplicate_for_same_parent_sequence
28;1;28;5;diversification;7;3e4be50701da;move;;;42;15;;;;;;;;;;True;False;False;True;;ok;17059.132778484385;15467.372344218238;15467.372344218238;15467.372344218238;184;15467.372344218238;1867.4516;1591.760434266147;Evaluated;5.7632;2.4264;64;True;1;
28;1;28;6;diversification;7;3e4be50701da;move;;;25;40;;;;;;;;;;True;False;False;True;;ok;15471.221393923639;15467.372344218238;15467.372344218238;15467.372344218238;185;15467.372344218238;1875.3253;3.84904970540083;Evaluated;5.6426;2.2284;64;True;1;
28;1;28;7;diversification;7;3e4be50701da;move;;;35;10;;;;;;;;;;True;False;False;True;;ok;17254.002421470144;15467.372344218238;15467.372344218238;15467.372344218238;186;15467.372344218238;1887.2041;1786.6300772519062;Evaluated;9.4426;2.4331;64;True;2;duplicate_for_same_parent_sequence
28;1;28;8;diversification;7;3e4be50701da;move;;;30;20;;;;;;;;;;True;False;False;True;;ok;16338.306871684385;15467.372344218238;15467.372344218238;15467.372344218238;187;15467.372344218238;1903.0873;870.9345274661464;Evaluated;13.4482;2.4342;64;True;3;duplicate_for_same_parent_sequence
28;1;28;9;diversification;7;3e4be50701da;move;;;42;10;;;;;;;;;;True;False;False;True;;ok;17245.19382574248;15467.372344218238;15467.372344218238;15467.372344218238;188;15467.372344218238;1911.2643;1777.8214815242427;Evaluated;5.7496;2.4247;64;True;1;
28;1;28;10;diversification;7;3e4be50701da;swap;42;50;;;;;;;;;;;;True;False;False;False;;ok;15467.372344218238;15467.372344218238;15467.372344218238;15467.372344218238;189;15467.372344218238;1923.0089;0.0;Evaluated;9.5161;2.2277;64;True;2;duplicate_for_same_parent_sequence
28;1;28;;diversification;8;;;;;;;;;;;;;;;;;;;;;End-of-iteration summary row;;;15467.372344218238;15467.372344218238;189;15467.372344218238;1923.0116;;IterationSummary;;;;;;
29;1;29;1;diversification;8;3e4be50701da;move;;;5;30;;;;;;;;;;True;False;False;True;;ok;16478.01319546501;15467.372344218238;15467.372344218238;15467.372344218238;190;15467.372344218238;1935.1998;1010.6408512467715;Evaluated;9.7428;2.4303;64;True;2;duplicate_for_same_parent_sequence
29;1;29;2;diversification;8;3e4be50701da;move;;;40;16;;;;;;;;;;True;False;False;True;;ok;16322.862921828842;15467.372344218238;15467.372344218238;15467.372344218238;191;15467.372344218238;1947.4478;855.4905776106043;Evaluated;9.8118;2.4356;64;True;2;duplicate_for_same_parent_sequence
29;1;29;3;diversification;8;3e4be50701da;swap;32;47;;;;;;;;;;;;False;True;True;;;ok;;15467.372344218238;15467.372344218238;15467.372344218238;191;15467.372344218238;1960.941;;DuplicateForSameParentSequenceAfterRetries;13.4898;;;;3;duplicate_for_same_parent_sequence
29;1;29;4;diversification;8;3e4be50701da;move;;;52;35;;;;;;;;;;True;False;False;True;;ok;16220.176983647625;15467.372344218238;15467.372344218238;15467.372344218238;192;15467.372344218238;1972.8693;752.804639429387;Evaluated;9.4914;2.4359;64;True;2;duplicate_for_same_parent_sequence
29;1;29;5;diversification;8;3e4be50701da;move;;;50;15;;;;;;;;;;True;False;False;True;;ok;17075.647114537842;15467.372344218238;15467.372344218238;15467.372344218238;193;15467.372344218238;1980.8033;1608.2747703196037;Evaluated;5.4948;2.4354;64;True;1;
29;1;29;6;diversification;8;3e4be50701da;move;;;45;18;;;;;;;;;;True;False;False;True;;ok;17660.007266965655;15467.372344218238;15467.372344218238;15467.372344218238;194;15467.372344218238;1996.6498;2192.6349227474166;Evaluated;13.4104;2.4334;64;True;3;duplicate_for_same_parent_sequence
29;1;29;7;diversification;8;3e4be50701da;move;;;3;20;;;;;;;;;;True;False;False;True;;ok;16954.304602416443;15467.372344218238;15467.372344218238;15467.372344218238;195;15467.372344218238;2008.374;1486.932258198205;Evaluated;9.2928;2.4288;64;True;2;duplicate_for_same_parent_sequence
29;1;29;8;diversification;8;3e4be50701da;move;;;8;20;;;;;;;;;;True;False;False;True;;ok;17229.120244448106;15467.372344218238;15467.372344218238;15467.372344218238;196;15467.372344218238;2016.3971;1761.7479002298678;Evaluated;5.5908;2.4295;64;True;1;
29;1;29;9;diversification;8;3e4be50701da;move;;;28;35;;;;;;;;;;True;False;False;False;;ok;16591.191529961772;15467.372344218238;15467.372344218238;15467.372344218238;197;15467.372344218238;2024.6114;1123.819185743534;Evaluated;5.779;2.4323;64;True;1;
29;1;29;10;diversification;8;3e4be50701da;move;;;50;30;;;;;;;;;;True;False;False;True;;ok;16257.304257533227;15467.372344218238;15467.372344218238;15467.372344218238;198;15467.372344218238;2032.8136;789.9319133149893;Evaluated;5.7694;2.4299;64;True;1;
29;1;29;;diversification;9;;;;;;;;;;;;;;;;;;;;;End-of-iteration summary row;;;15467.372344218238;15467.372344218238;198;15467.372344218238;2032.8169;;IterationSummary;;;;;;
30;1;30;1;diversification;9;3e4be50701da;move;;;4;10;;;;;;;;;;True;False;False;False;;ok;17153.87340898823;15467.372344218238;15467.372344218238;15467.372344218238;199;15467.372344218238;2041.3005;1686.5010647699928;Evaluated;6.0462;2.4275;64;True;1;
30;1;30;2;diversification;9;3e4be50701da;reinsert_block;;;;;;;20;25;16;;;;;True;False;False;False;;ok;18966.20353571244;15467.372344218238;15467.372344218238;15467.372344218238;200;15467.372344218238;2050.0515;3498.8311914942024;Evaluated;6.1174;2.6308;64;True;1;
30;1;30;3;diversification;9;3e4be50701da;move;;;35;10;;;;;;;;;;False;True;False;;;ok;;15467.372344218238;15467.372344218238;15467.372344218238;200;15467.372344218238;2063.5921;;DuplicateForSameParentSequenceAfterRetries;13.5372;;;;3;duplicate_for_same_parent_sequence
30;1;30;4;diversification;9;3e4be50701da;move;;;52;30;;;;;;;;;;True;False;False;True;;ok;16214.250440592607;15467.372344218238;15467.372344218238;15467.372344218238;201;15467.372344218238;2075.4492;746.8780963743684;Evaluated;9.4212;2.4348;64;True;2;duplicate_for_same_parent_sequence
30;1;30;5;diversification;9;3e4be50701da;move;;;10;30;;;;;;;;;;True;False;False;True;;ok;18004.16712530553;15467.372344218238;15467.372344218238;15467.372344218238;202;15467.372344218238;2083.6709;2536.79478108729;Evaluated;5.7873;2.4314;64;True;1;
30;1;30;6;diversification;9;3e4be50701da;move;;;25;10;;;;;;;;;;True;False;False;True;;ok;17376.23525386804;15467.372344218238;15467.372344218238;15467.372344218238;203;15467.372344218238;2095.6304;1908.8629096498007;Evaluated;9.5304;2.4265;64;True;2;duplicate_for_same_parent_sequence
30;1;30;7;diversification;9;3e4be50701da;move;;;40;25;;;;;;;;;;True;False;False;True;;ok;16560.32160955054;15467.372344218238;15467.372344218238;15467.372344218238;204;15467.372344218238;2104.0301;1092.9492653323032;Evaluated;5.9674;2.4292;64;True;1;
30;1;30;8;diversification;9;3e4be50701da;move;;;34;18;;;;;;;;;;True;False;False;True;;ok;16315.084070065686;15467.372344218238;15467.372344218238;15467.372344218238;205;15467.372344218238;2115.9351;847.7117258474482;Evaluated;9.47;2.4327;64;True;2;duplicate_for_same_parent_sequence
30;1;30;9;diversification;9;3e4be50701da;move;;;30;25;;;;;;;;;;True;False;False;False;;ok;17716.042757415536;15467.372344218238;15467.372344218238;15467.372344218238;206;15467.372344218238;2131.8175;2248.6704131972983;Evaluated;13.4526;2.4264;64;True;3;duplicate_for_same_parent_sequence
30;1;30;10;diversification;9;3e4be50701da;swap;47;51;;;;;;;;;;;;True;False;False;False;;ok;15696.889940805111;15467.372344218238;15467.372344218238;15467.372344218238;207;15467.372344218238;2143.786;229.51759658687297;Evaluated;9.7399;2.2259;64;True;2;duplicate_for_same_parent_sequence
30;2;0;;diversification;0;;;;;;;;;;;;;;;;;;;;;End-of-iteration summary row;;;16625.423888583944;15467.372344218238;208;15467.372344218238;2146.2281;;IterationSummary;;;;;;
31;2;1;1;normal;0;0f63cf6f404e;move;;;10;5;;;;;;;;;;True;False;False;False;;ok;15632.208925194025;16625.423888583944;16625.423888583944;15467.372344218238;209;15467.372344218238;2154.3046;-993.2149633899189;Evaluated;5.8416;2.2293;64;True;1;
31;2;1;2;normal;0;0f63cf6f404e;swap;20;31;;;;;;;;;;;;True;False;False;False;;ok;17138.370921933973;16625.423888583944;16625.423888583944;15467.372344218238;210;15467.372344218238;2162.0156;512.9470333500285;Evaluated;5.2782;2.4301;64;True;1;
31;2;1;3;normal;0;0f63cf6f404e;reinsert_block;;;;;;;35;42;18;;;;;True;False;False;True;;ok;17553.122426936534;16625.423888583944;16625.423888583944;15467.372344218238;211;15467.372344218238;2170.1919;927.6985383525898;Evaluated;5.7387;2.4344;64;True;1;
31;2;1;4;normal;0;0f63cf6f404e;move;;;50;48;;;;;;;;;;True;False;False;False;;ok;16168.73353686987;16625.423888583944;16625.423888583944;15467.372344218238;212;15467.372344218238;2177.8127;-456.6903517140745;Evaluated;5.1867;2.4303;64;True;1;
31;2;1;5;normal;0;0f63cf6f404e;move;;;20;35;;;;;;;;;;True;False;False;True;;ok;16764.05782445507;16625.423888583944;16625.423888583944;15467.372344218238;213;15467.372344218238;2185.8165;138.6339358711266;Evaluated;5.5673;2.4335;64;True;1;
31;2;1;;normal;0;;;;;;;;;;;;;;;;;;;;;End-of-iteration summary row;;;15632.208925194025;15467.372344218238;213;15467.372344218238;2185.8256;;IterationSummary;;;;;;
32;2;2;1;normal;0;457c4bc75f95;move;;;10;5;;;;;;;;;;True;False;False;False;;ok;18203.82111546928;15632.208925194025;15632.208925194025;15467.372344218238;214;15467.372344218238;2194.6457;2571.6121902752548;Evaluated;6.1861;2.628;64;True;1;
32;2;2;2;normal;0;457c4bc75f95;swap;20;31;;;;;;;;;;;;True;False;False;False;;ok;17205.182741870427;15632.208925194025;15632.208925194025;15467.372344218238;215;15467.372344218238;2202.7136;1572.9738166764018;Evaluated;5.6316;2.4333;64;True;1;
32;2;2;3;normal;0;457c4bc75f95;reinsert_block;;;;;;;35;41;20;;;;;True;False;False;True;;ok;16856.128758975297;15632.208925194025;15632.208925194025;15467.372344218238;216;15467.372344218238;2211.5603;1223.9198337812722;Evaluated;6.4133;2.4304;64;True;1;
32;2;2;4;normal;0;457c4bc75f95;move;;;50;48;;;;;;;;;;True;False;False;False;;ok;15645.659750200617;15632.208925194025;15632.208925194025;15467.372344218238;217;15467.372344218238;2219.3499;13.450825006591913;Evaluated;5.5604;2.2285;64;True;1;
32;2;2;5;normal;0;457c4bc75f95;move;;;25;15;;;;;;;;;;True;False;False;True;;ok;17329.36261237639;15632.208925194025;15632.208925194025;15467.372344218238;218;15467.372344218238;2231.4473;1697.1536871823646;Evaluated;9.6618;2.4331;64;True;2;duplicate_for_same_parent_sequence
32;2;2;;normal;1;;;;;;;;;;;;;;;;;;;;;End-of-iteration summary row;;;15632.208925194025;15467.372344218238;218;15467.372344218238;2231.4503;;IterationSummary;;;;;;
33;2;3;1;normal;1;457c4bc75f95;move;;;8;3;;;;;;;;;;True;False;False;False;;ok;17908.192761675542;15632.208925194025;15632.208925194025;15467.372344218238;219;15467.372344218238;2243.5527;2275.983836481517;Evaluated;9.6581;2.4283;64;True;2;duplicate_for_same_parent_sequence
33;2;3;2;normal;1;457c4bc75f95;swap;18;25;;;;;;;;;;;;True;False;False;False;;ok;17350.49494750648;15632.208925194025;15632.208925194025;15467.372344218238;220;15467.372344218238;2255.8119;1718.2860223124535;Evaluated;9.8227;2.4336;64;True;2;duplicate_for_same_parent_sequence
33;2;3;3;normal;1;457c4bc75f95;move;;;38;25;;;;;;;;;;True;False;False;True;;ok;18071.566994536417;15632.208925194025;15632.208925194025;15467.372344218238;221;15467.372344218238;2267.9675;2439.358069342392;Evaluated;9.521;2.6322;64;True;2;duplicate_for_same_parent_sequence
33;2;3;4;normal;1;457c4bc75f95;move;;;50;38;;;;;;;;;;True;False;False;True;;ok;16061.437952965902;15632.208925194025;15632.208925194025;15467.372344218238;222;15467.372344218238;2275.8882;429.22902777187664;Evaluated;5.6851;2.2329;64;True;1;
33;2;3;5;normal;1;457c4bc75f95;move;;;25;30;;;;;;;;;;True;False;False;False;;ok;15622.955541699463;15632.208925194025;15632.208925194025;15467.372344218238;223;15467.372344218238;2284.0034;-9.253383494562513;Evaluated;5.882;2.2303;64;True;1;
33;2;3;;normal;0;;;;;;;;;;;;;;;;;;;;;End-of-iteration summary row;;;15622.955541699463;15467.372344218238;223;15467.372344218238;2284.0207;;IterationSummary;;;;;;
34;2;4;1;normal;0;eabc22f81c95;move;;;10;5;;;;;;;;;;True;False;False;False;;ok;18203.917714002342;15622.955541699463;15622.955541699463;15467.372344218238;224;15467.372344218238;2292.5823;2580.9621723028795;Evaluated;5.9271;2.6289;64;True;1;
34;2;4;2;normal;0;eabc22f81c95;swap;20;31;;;;;;;;;;;;True;False;False;False;;ok;17054.735009637287;15622.955541699463;15622.955541699463;15467.372344218238;225;15467.372344218238;2300.6675;1431.779467937824;Evaluated;5.6546;2.4275;64;True;1;
34;2;4;3;normal;0;eabc22f81c95;reinsert_block;;;;;;;35;41;20;;;;;True;False;False;True;;ok;17146.462160316005;15622.955541699463;15622.955541699463;15467.372344218238;226;15467.372344218238;2308.8531;1523.5066186165423;Evaluated;5.7504;2.4325;64;True;1;
34;2;4;4;normal;0;eabc22f81c95;move;;;50;48;;;;;;;;;;True;False;False;False;;ok;15622.955541699463;15622.955541699463;15622.955541699463;15467.372344218238;227;15467.372344218238;2316.6742;0.0;Evaluated;5.5901;2.2282;64;True;1;
34;2;4;5;normal;0;eabc22f81c95;move;;;48;30;;;;;;;;;;True;False;False;True;;ok;16823.07996400445;15622.955541699463;15622.955541699463;15467.372344218238;228;15467.372344218238;2324.6648;1200.124422304987;Evaluated;5.557;2.4299;64;True;1;
34;2;4;;normal;1;;;;;;;;;;;;;;;;;;;;;End-of-iteration summary row;;;15622.955541699463;15467.372344218238;228;15467.372344218238;2324.668;;IterationSummary;;;;;;
35;2;5;1;normal;1;eabc22f81c95;move;;;5;3;;;;;;;;;;True;False;False;False;;ok;18255.976719706778;15622.955541699463;15622.955541699463;15467.372344218238;229;15467.372344218238;2333.0826;2633.021178007315;Evaluated;5.7721;2.6286;64;True;1;
35;2;5;2;normal;1;eabc22f81c95;swap;20;25;;;;;;;;;;;;True;False;False;False;;ok;17239.36687663655;15622.955541699463;15622.955541699463;15467.372344218238;230;15467.372344218238;2341.4237;1616.4113349370891;Evaluated;5.9096;2.4307;64;True;1;
35;2;5;3;normal;1;eabc22f81c95;reinsert_block;;;;;;;36;41;20;;;;;True;False;False;True;;ok;16925.599541926185;15622.955541699463;15622.955541699463;15467.372344218238;231;15467.372344218238;2349.9116;1302.6440002267227;Evaluated;6.0485;2.4367;64;True;1;
35;2;5;4;normal;1;eabc22f81c95;move;;;50;42;;;;;;;;;;True;False;False;False;;ok;15798.934030567498;15622.955541699463;15622.955541699463;15467.372344218238;232;15467.372344218238;2357.7;175.97848886803513;Evaluated;5.5535;2.2318;64;True;1;
35;2;5;5;normal;1;eabc22f81c95;move;;;25;10;;;;;;;;;;True;False;False;True;;ok;17732.91223233388;15622.955541699463;15622.955541699463;15467.372344218238;233;15467.372344218238;2365.6769;2109.956690634419;Evaluated;5.5474;2.4264;64;True;1;
35;2;5;;normal;2;;;;;;;;;;;;;;;;;;;;;End-of-iteration summary row;;;15622.955541699463;15467.372344218238;233;15467.372344218238;2365.6776;;IterationSummary;;;;;;
36;2;6;1;normal;2;eabc22f81c95;move;;;2;8;;;;;;;;;;True;False;False;False;;ok;18096.826637637394;15622.955541699463;15622.955541699463;15467.372344218238;234;15467.372344218238;2377.7266;2473.8710959379314;Evaluated;9.4141;2.6289;64;True;2;duplicate_for_same_parent_sequence
36;2;6;2;normal;2;eabc22f81c95;swap;17;31;;;;;;;;;;;;True;False;False;True;;ok;16895.87041352586;15622.955541699463;15622.955541699463;15467.372344218238;235;15467.372344218238;2389.7079;1272.9148718263968;Evaluated;9.553;2.4233;64;True;2;duplicate_for_same_parent_sequence
36;2;6;3;normal;2;eabc22f81c95;move;;;35;25;;;;;;;;;;True;False;False;True;;ok;16704.20955908793;15622.955541699463;15622.955541699463;15467.372344218238;236;15467.372344218238;2402.2211;1081.2540173884663;Evaluated;10.0831;2.4295;64;True;2;duplicate_for_same_parent_sequence
36;2;6;4;normal;2;eabc22f81c95;move;;;30;25;;;;;;;;;;True;False;False;False;;ok;15632.208925194025;15622.955541699463;15622.955541699463;15467.372344218238;237;15467.372344218238;2414.0143;9.253383494562513;Evaluated;9.5606;2.2295;64;True;2;duplicate_for_same_parent_sequence
36;2;6;5;normal;2;eabc22f81c95;move;;;30;20;;;;;;;;;;True;False;False;True;;ok;17283.729680080654;15622.955541699463;15622.955541699463;15467.372344218238;238;15467.372344218238;2425.699;1660.7741383811917;Evaluated;9.2536;2.4278;64;True;2;duplicate_for_same_parent_sequence
36;2;6;;normal;3;;;;;;;;;;;;;;;;;;;;;End-of-iteration summary row;;;15622.955541699463;15467.372344218238;238;15467.372344218238;2425.7024;;IterationSummary;;;;;;
37;2;7;1;diversification;3;eabc22f81c95;move;;;20;10;;;;;;;;;;True;False;False;True;;ok;18176.799795271512;15622.955541699463;15622.955541699463;15467.372344218238;239;15467.372344218238;2434.3489;2553.8442535720496;Evaluated;6.0044;2.6317;64;True;1;
37;2;7;2;diversification;3;eabc22f81c95;reinsert_block;;;;;;;20;25;16;;;;;True;False;False;False;;ok;18354.48482199823;15622.955541699463;15622.955541699463;15467.372344218238;240;15467.372344218238;2442.883;2731.529280298768;Evaluated;5.8981;2.633;64;True;1;
37;2;7;3;diversification;3;eabc22f81c95;swap;35;42;;;;;;;;;;;;True;False;False;False;;ok;15622.955541699463;15622.955541699463;15622.955541699463;15467.372344218238;241;15467.372344218238;2450.6303;0.0;Evaluated;5.5176;2.227;64;True;1;
37;2;7;4;diversification;3;eabc22f81c95;move;;;60;48;;;;;;;;;;True;False;False;True;;ok;15624.219988623016;15622.955541699463;15622.955541699463;15467.372344218238;242;15467.372344218238;2462.2617;1.264446923552896;Evaluated;9.4012;2.2271;64;True;2;duplicate_for_same_parent_sequence
37;2;7;5;diversification;3;eabc22f81c95;move;;;20;5;;;;;;;;;;True;False;False;True;;ok;18097.08474189021;15622.955541699463;15622.955541699463;15467.372344218238;243;15467.372344218238;2470.5911;2474.129200190746;Evaluated;5.6951;2.6309;64;True;1;
37;2;7;6;diversification;3;eabc22f81c95;move;;;40;35;;;;;;;;;;True;False;False;False;;ok;16824.22999029102;15622.955541699463;15622.955541699463;15467.372344218238;244;15467.372344218238;2478.7372;1201.2744485915573;Evaluated;5.713;2.4302;64;True;1;
37;2;7;7;diversification;3;eabc22f81c95;move;;;20;15;;;;;;;;;;True;False;False;False;;ok;17225.33839508609;15622.955541699463;15622.955541699463;15467.372344218238;245;15467.372344218238;2486.8057;1602.382853386629;Evaluated;5.6327;2.4324;64;True;1;
37;2;7;8;diversification;3;eabc22f81c95;move;;;10;25;;;;;;;;;;True;False;False;True;;ok;15638.379558666813;15622.955541699463;15622.955541699463;15467.372344218238;246;15467.372344218238;2494.6583;15.424016967350326;Evaluated;5.6177;2.2338;64;True;1;
37;2;7;9;diversification;3;eabc22f81c95;move;;;28;15;;;;;;;;;;True;False;False;True;;ok;18099.643915787467;15622.955541699463;15622.955541699463;15467.372344218238;247;15467.372344218238;2502.8838;2476.688374088004;Evaluated;5.5914;2.6314;64;True;1;
37;2;7;10;diversification;3;eabc22f81c95;swap;48;53;;;;;;;;;;;;True;False;False;False;;ok;16232.393674292753;15622.955541699463;15622.955541699463;15467.372344218238;248;15467.372344218238;2514.8091;609.43813259329;Evaluated;9.4907;2.4314;64;True;2;duplicate_for_same_parent_sequence
37;2;7;;diversification;4;;;;;;;;;;;;;;;;;;;;;End-of-iteration summary row;;;15622.955541699463;15467.372344218238;248;15467.372344218238;2514.8124;;IterationSummary;;;;;;
38;2;8;1;diversification;4;eabc22f81c95;move;;;15;20;;;;;;;;;;True;False;False;False;;ok;16886.61621684685;15622.955541699463;15622.955541699463;15467.372344218238;249;15467.372344218238;2523.2179;1263.6606751473882;Evaluated;5.9561;2.4344;64;True;1;
38;2;8;2;diversification;4;eabc22f81c95;reinsert_block;;;;;;;18;23;10;;;;;True;False;False;True;;ok;17802.56016586108;15622.955541699463;15622.955541699463;15467.372344218238;250;15467.372344218238;2531.7064;2179.604624161617;Evaluated;6.0586;2.4271;64;True;1;
38;2;8;3;diversification;4;eabc22f81c95;swap;38;47;;;;;;;;;;;;True;False;False;False;;ok;16178.521654102356;15622.955541699463;15622.955541699463;15467.372344218238;251;15467.372344218238;2543.489;555.5661124028939;Evaluated;9.3448;2.4346;64;True;2;duplicate_for_same_parent_sequence
38;2;8;4;diversification;4;eabc22f81c95;move;;;53;60;;;;;;;;;;True;False;False;False;;ok;15943.812066771969;15622.955541699463;15622.955541699463;15467.372344218238;252;15467.372344218238;2555.251;320.856525072506;Evaluated;9.5302;2.228;64;True;2;duplicate_for_same_parent_sequence
38;2;8;5;diversification;4;eabc22f81c95;swap;3;7;;;;;;;;;;;;True;False;False;False;;ok;17195.594905168196;15622.955541699463;15622.955541699463;15467.372344218238;253;15467.372344218238;2567.072;1572.6393634687338;Evaluated;9.3956;2.4227;64;True;2;duplicate_for_same_parent_sequence
38;2;8;6;diversification;4;eabc22f81c95;move;;;30;60;;;;;;;;;;True;False;False;True;;ok;15626.313852464775;15622.955541699463;15622.955541699463;15467.372344218238;254;15467.372344218238;2579.0643;3.358310765312126;Evaluated;9.7664;2.2254;64;True;2;duplicate_for_same_parent_sequence
38;2;8;7;diversification;4;eabc22f81c95;move;;;30;18;;;;;;;;;;True;False;False;True;;ok;17332.248798714783;15622.955541699463;15622.955541699463;15467.372344218238;255;15467.372344218238;2590.8069;1709.2932570153207;Evaluated;9.3088;2.4311;64;True;2;duplicate_for_same_parent_sequence
38;2;8;8;diversification;4;eabc22f81c95;move;;;8;30;;;;;;;;;;True;False;False;True;;ok;15626.130991175722;15622.955541699463;15622.955541699463;15467.372344218238;256;15467.372344218238;2602.3879;3.1754494762590184;Evaluated;9.3489;2.2296;64;True;2;duplicate_for_same_parent_sequence
38;2;8;9;diversification;4;eabc22f81c95;swap;30;35;;;;;;;;;;;;True;False;False;False;;ok;15622.955541699463;15622.955541699463;15622.955541699463;15467.372344218238;257;15467.372344218238;2613.7405;0.0;Evaluated;9.1222;2.2276;64;True;2;duplicate_for_same_parent_sequence
38;2;8;10;diversification;4;eabc22f81c95;move;;;40;5;;;;;;;;;;True;False;False;True;;ok;17729.284339704933;15622.955541699463;15622.955541699463;15467.372344218238;258;15467.372344218238;2621.8068;2106.32879800547;Evaluated;5.6297;2.4339;64;True;1;
38;2;8;;diversification;5;;;;;;;;;;;;;;;;;;;;;End-of-iteration summary row;;;15622.955541699463;15467.372344218238;258;15467.372344218238;2621.8097;;IterationSummary;;;;;;
39;2;9;1;diversification;5;eabc22f81c95;move;;;7;30;;;;;;;;;;True;False;False;True;;ok;17985.189732919906;15622.955541699463;15622.955541699463;15467.372344218238;259;15467.372344218238;2633.9207;2362.234191220443;Evaluated;9.6664;2.4284;64;True;2;duplicate_for_same_parent_sequence
39;2;9;2;diversification;5;eabc22f81c95;reinsert_block;;;;;;;18;23;10;;;;;False;True;False;;;ok;;15622.955541699463;15622.955541699463;15467.372344218238;259;15467.372344218238;2647.8111;;DuplicateForSameParentSequenceAfterRetries;13.8876;;;;3;duplicate_for_same_parent_sequence
39;2;9;3;diversification;5;eabc22f81c95;swap;32;45;;;;;;;;;;;;True;False;False;True;;ok;17154.65082006079;15622.955541699463;15622.955541699463;15467.372344218238;260;15467.372344218238;2663.8014;1531.695278361327;Evaluated;13.5614;2.4279;64;True;3;duplicate_for_same_parent_sequence
39;2;9;4;diversification;5;eabc22f81c95;move;;;38;12;;;;;;;;;;True;False;False;True;;ok;16755.07929387228;15622.955541699463;15622.955541699463;15467.372344218238;261;15467.372344218238;2675.8258;1132.123752172818;Evaluated;9.5933;2.4295;64;True;2;duplicate_for_same_parent_sequence
39;2;9;5;diversification;5;eabc22f81c95;move;;;40;15;;;;;;;;;;True;False;False;True;;ok;16882.549254477155;15622.955541699463;15622.955541699463;15467.372344218238;262;15467.372344218238;2684.0128;1259.5937127776924;Evaluated;5.7548;2.4297;64;True;1;
39;2;9;6;diversification;5;eabc22f81c95;move;;;40;12;;;;;;;;;;True;False;False;True;;ok;17717.724212559493;15622.955541699463;15622.955541699463;15467.372344218238;263;15467.372344218238;2692.1606;2094.7686708600304;Evaluated;5.7163;2.4308;64;True;1;
39;2;9;7;diversification;5;eabc22f81c95;move;;;25;40;;;;;;;;;;True;False;False;True;;ok;16485.918654755173;15622.955541699463;15622.955541699463;15467.372344218238;264;15467.372344218238;2700.1689;862.96311305571;Evaluated;5.5774;2.4303;64;True;1;
39;2;9;8;diversification;5;eabc22f81c95;swap;9;16;;;;;;;;;;;;True;False;False;False;;ok;15622.955541699463;15622.955541699463;15622.955541699463;15467.372344218238;265;15467.372344218238;2711.6654;0.0;Evaluated;9.2677;2.2258;64;True;2;duplicate_for_same_parent_sequence
39;2;9;9;diversification;5;eabc22f81c95;move;;;25;30;;;;;;;;;;True;False;False;False;;ok;16899.5170136941;15622.955541699463;15622.955541699463;15467.372344218238;266;15467.372344218238;2719.8219;1276.5614719946389;Evaluated;5.7243;2.4298;64;True;1;
39;2;9;10;diversification;5;eabc22f81c95;swap;42;47;;;;;;;;;;;;True;False;False;False;;ok;15985.710808092423;15622.955541699463;15622.955541699463;15467.372344218238;267;15467.372344218238;2731.3994;362.75526639296004;Evaluated;9.3444;2.2304;64;True;2;duplicate_for_same_parent_sequence
39;2;9;;diversification;6;;;;;;;;;;;;;;;;;;;;;End-of-iteration summary row;;;15622.955541699463;15467.372344218238;267;15467.372344218238;2731.4022;;IterationSummary;;;;;;
40;2;10;1;diversification;6;eabc22f81c95;move;;;5;10;;;;;;;;;;True;False;False;False;;ok;17074.2322113001;15622.955541699463;15622.955541699463;15467.372344218238;268;15467.372344218238;2743.5745;1451.2766696006365;Evaluated;9.7257;2.4296;64;True;1;
40;2;10;2;diversification;6;eabc22f81c95;move;;;18;45;;;;;;;;;;True;False;False;True;;ok;15974.830589430281;15622.955541699463;15622.955541699463;15467.372344218238;269;15467.372344218238;2755.7801;351.87504773081855;Evaluated;9.9733;2.2296;64;True;2;duplicate_for_same_parent_sequence
40;2;10;3;diversification;6;eabc22f81c95;swap;35;42;;;;;;;;;;;;False;True;True;;;ok;;15622.955541699463;15622.955541699463;15467.372344218238;269;15467.372344218238;2769.3168;;DuplicateForSameParentSequenceAfterRetries;13.534;;;;3;duplicate_for_same_parent_sequence
40;2;10;4;diversification;6;eabc22f81c95;move;;;62;50;;;;;;;;;;True;False;False;True;;ok;16142.783901868817;15622.955541699463;15622.955541699463;15467.372344218238;270;15467.372344218238;2781.1072;519.8283601693547;Evaluated;9.3551;2.4343;64;True;2;duplicate_for_same_parent_sequence
40;2;10;5;diversification;6;eabc22f81c95;move;;;4;30;;;;;;;;;;True;False;False;True;;ok;17761.6293682265;15622.955541699463;15622.955541699463;15467.372344218238;271;15467.372344218238;2793.2997;2138.673826527036;Evaluated;9.7613;2.4284;64;True;2;duplicate_for_same_parent_sequence
40;2;10;6;diversification;6;eabc22f81c95;move;;;30;45;;;;;;;;;;True;False;False;True;;ok;15663.379441485502;15622.955541699463;15622.955541699463;15467.372344218238;272;15467.372344218238;2801.1833;40.42389978603933;Evaluated;5.6579;2.2251;64;True;1;
40;2;10;7;diversification;6;eabc22f81c95;move;;;30;10;;;;;;;;;;True;False;False;True;;ok;17734.824505912027;15622.955541699463;15622.955541699463;15467.372344218238;273;15467.372344218238;2812.732;2111.8689642125646;Evaluated;9.1189;2.4267;64;True;2;duplicate_for_same_parent_sequence
40;2;10;8;diversification;6;eabc22f81c95;move;;;8;16;;;;;;;;;;True;False;False;False;;ok;15711.663277844325;15622.955541699463;15622.955541699463;15467.372344218238;274;15467.372344218238;2820.6593;88.70773614486279;Evaluated;5.6944;2.2302;64;True;1;
40;2;10;9;diversification;6;eabc22f81c95;swap;26;31;;;;;;;;;;;;True;False;False;False;;ok;16898.16189697462;15622.955541699463;15622.955541699463;15467.372344218238;275;15467.372344218238;2836.4048;1275.206355275157;Evaluated;13.3159;2.4288;64;True;3;duplicate_for_same_parent_sequence
40;2;10;10;diversification;6;eabc22f81c95;move;;;45;35;;;;;;;;;;True;False;False;True;;ok;16378.131334006512;15622.955541699463;15622.955541699463;15467.372344218238;276;15467.372344218238;2852.1478;755.175792307049;Evaluated;13.3076;2.4329;64;True;3;duplicate_for_same_parent_sequence
40;2;10;;diversification;7;;;;;;;;;;;;;;;;;;;;;End-of-iteration summary row;;;15622.955541699463;15467.372344218238;276;15467.372344218238;2852.1504;;IterationSummary;;;;;;
41;2;11;1;diversification;7;eabc22f81c95;move;;;3;8;;;;;;;;;;True;False;False;False;;ok;18103.484293637048;15622.955541699463;15622.955541699463;15467.372344218238;277;15467.372344218238;2864.5709;2480.528751937585;Evaluated;9.7723;2.63;64;True;2;duplicate_for_same_parent_sequence
41;2;11;2;diversification;7;eabc22f81c95;reinsert_block;;;;;;;20;24;35;;;;;True;False;False;True;;ok;17068.030590993818;15622.955541699463;15622.955541699463;15467.372344218238;278;15467.372344218238;2873.1328;1445.0750492943553;Evaluated;6.1315;2.4277;64;True;1;
41;2;11;3;diversification;7;eabc22f81c95;swap;45;37;;;;;;;;;;;;True;False;False;False;;ok;15622.955541699463;15622.955541699463;15622.955541699463;15467.372344218238;279;15467.372344218238;2880.9602;0.0;Evaluated;5.5988;2.2279;64;True;1;
41;2;11;4;diversification;7;eabc22f81c95;move;;;48;50;;;;;;;;;;True;False;False;False;;ok;15623.430347625615;15622.955541699463;15622.955541699463;15467.372344218238;280;15467.372344218238;2888.8939;0.4748059261528397;Evaluated;5.7014;2.2315;64;True;1;
41;2;11;5;diversification;7;eabc22f81c95;swap;1;3;;;;;;;;;;;;True;False;False;False;;ok;17718.4940397337;15622.955541699463;15622.955541699463;15467.372344218238;281;15467.372344218238;2901.086;2095.5384980342387;Evaluated;9.7607;2.4285;64;True;2;duplicate_for_same_parent_sequence
41;2;11;6;diversification;7;eabc22f81c95;move;;;50;36;;;;;;;;;;True;False;False;True;;ok;16433.122071321835;15622.955541699463;15622.955541699463;15467.372344218238;282;15467.372344218238;2909.2168;810.1665296223728;Evaluated;5.7005;2.4294;64;True;1;
41;2;11;7;diversification;7;eabc22f81c95;move;;;20;40;;;;;;;;;;True;False;False;True;;ok;17142.32786628409;15622.955541699463;15622.955541699463;15467.372344218238;283;15467.372344218238;2917.2786;1519.3723245846268;Evaluated;5.6274;2.4317;64;True;1;
41;2;11;8;diversification;7;eabc22f81c95;move;;;30;40;;;;;;;;;;True;False;False;True;;ok;15913.40215803426;15622.955541699463;15622.955541699463;15467.372344218238;284;15467.372344218238;2929.2183;290.446616334797;Evaluated;9.7111;2.2259;64;True;2;duplicate_for_same_parent_sequence
41;2;11;9;diversification;7;eabc22f81c95;move;;;25;30;;;;;;;;;;False;True;False;;;ok;;15622.955541699463;15622.955541699463;15467.372344218238;284;15467.372344218238;2942.6768;;DuplicateForSameParentSequenceAfterRetries;13.4559;;;;3;duplicate_for_same_parent_sequence
41;2;11;10;diversification;7;eabc22f81c95;swap;40;50;;;;;;;;;;;;True;False;False;False;;ok;15979.583576853955;15622.955541699463;15622.955541699463;15467.372344218238;285;15467.372344218238;2954.0991;356.62803515449195;Evaluated;9.1858;2.2355;64;True;2;duplicate_for_same_parent_sequence
41;2;11;;diversification;8;;;;;;;;;;;;;;;;;;;;;End-of-iteration summary row;;;15622.955541699463;15467.372344218238;285;15467.372344218238;2954.1021;;IterationSummary;;;;;;
42;2;12;1;diversification;8;eabc22f81c95;move;;;5;20;;;;;;;;;;True;False;False;True;;ok;17555.000252325044;15622.955541699463;15622.955541699463;15467.372344218238;286;15467.372344218238;2962.6295;1932.0447106255815;Evaluated;6.0854;2.429;64;True;1;
42;2;12;2;diversification;8;eabc22f81c95;move;;;16;30;;;;;;;;;;True;False;False;True;;ok;16830.94078336053;15622.955541699463;15622.955541699463;15467.372344218238;287;15467.372344218238;2974.9224;1207.9852416610665;Evaluated;9.8624;2.4271;64;True;2;duplicate_for_same_parent_sequence
42;2;12;3;diversification;8;eabc22f81c95;swap;35;40;;;;;;;;;;;;True;False;False;False;;ok;16442.375900155443;15622.955541699463;15622.955541699463;15467.372344218238;288;15467.372344218238;2983.0917;819.42035845598;Evaluated;5.7377;2.4286;64;True;1;
42;2;12;4;diversification;8;eabc22f81c95;move;;;52;60;;;;;;;;;;True;False;False;False;;ok;15466.914554935813;15622.955541699463;15622.955541699463;15467.372344218238;289;15467.372344218238;2995.1762;-156.04098676364993;EvaluatedImprovementDespiteDiversificationMismatch;9.8526;2.2292;64;True;2;duplicate_for_same_parent_sequence
42;2;12;5;diversification;8;eabc22f81c95;move;;;20;30;;;;;;;;;;True;False;False;True;;ok;17603.360302247358;15622.955541699463;15622.955541699463;15467.372344218238;290;15467.372344218238;3003.3264;1980.4047605478954;Evaluated;5.7202;2.4277;64;True;1;
42;2;12;6;diversification;8;eabc22f81c95;move;;;35;45;;;;;;;;;;True;False;False;True;;ok;15987.404723067495;15622.955541699463;15622.955541699463;15467.372344218238;291;15467.372344218238;3014.9073;364.44918136803244;Evaluated;9.3525;2.2274;64;True;2;duplicate_for_same_parent_sequence
42;2;12;7;diversification;8;eabc22f81c95;move;;;15;30;;;;;;;;;;True;False;False;True;;ok;15619.497317133735;15622.955541699463;15622.955541699463;15467.372344218238;292;15467.372344218238;3022.7796;-3.4582245657275053;Evaluated;5.6465;2.2231;64;True;1;
42;2;12;8;diversification;8;eabc22f81c95;swap;8;16;;;;;;;;;;;;True;False;False;False;;ok;18008.996906345463;15622.955541699463;15622.955541699463;15467.372344218238;293;15467.372344218238;3034.6524;2386.041364646;Evaluated;9.4342;2.4358;64;True;2;duplicate_for_same_parent_sequence
42;2;12;9;diversification;8;eabc22f81c95;move;;;24;30;;;;;;;;;;True;False;False;False;;ok;16829.194241984955;15622.955541699463;15622.955541699463;15467.372344218238;294;15467.372344218238;3042.8594;1206.238700285492;Evaluated;5.7552;2.4508;64;True;1;
42;2;12;10;diversification;8;eabc22f81c95;move;;;45;37;;;;;;;;;;True;False;False;False;;ok;16714.08978329332;15622.955541699463;15622.955541699463;15467.372344218238;295;15467.372344218238;3051.0173;1091.1342415938561;Evaluated;5.7301;2.425;64;True;1;
42;2;12;;diversification;0;;;;;;;;;;;;;;;;;;;;;End-of-iteration summary row;;;15466.914554935813;15466.914554935813;295;15466.914554935813;3051.0265;;IterationSummary;;;;;;
43;2;13;1;normal;0;cdee604a5a0d;move;;;5;10;;;;;;;;;;True;False;False;False;;ok;16630.68649919568;15466.914554935813;15466.914554935813;15466.914554935813;296;15466.914554935813;3059.7973;1163.7719442598664;Evaluated;6.3287;2.4347;64;True;1;
43;2;13;2;normal;0;cdee604a5a0d;swap;18;20;;;;;;;;;;;;True;False;False;False;;ok;16828.029235294216;15466.914554935813;15466.914554935813;15466.914554935813;297;15466.914554935813;3067.8803;1361.1146803584033;Evaluated;5.6479;2.4324;64;True;1;
43;2;13;3;normal;0;cdee604a5a0d;reinsert_block;;;;;;;35;40;28;;;;;True;False;False;False;;ok;16569.613650789706;15466.914554935813;15466.914554935813;15466.914554935813;298;15466.914554935813;3076.7992;1102.6990958538936;Evaluated;6.4883;2.4275;64;True;1;
43;2;13;4;normal;0;cdee604a5a0d;move;;;50;42;;;;;;;;;;True;False;False;False;;ok;15267.989609674743;15466.914554935813;15466.914554935813;15466.914554935813;299;15466.914554935813;3084.9061;-198.9249452610693;Evaluated;5.878;2.2263;64;True;1;
43;2;13;5;normal;0;cdee604a5a0d;move;;;25;30;;;;;;;;;;True;False;False;False;;ok;16450.328090195548;15466.914554935813;15466.914554935813;15466.914554935813;300;15466.914554935813;3093.2684;983.413535259735;Evaluated;5.9276;2.4318;64;True;1;
43;2;13;;normal;0;;;;;;;;;;;;;;;;;;;;;End-of-iteration summary row;;;15267.989609674743;15267.989609674743;300;15267.989609674743;3093.281;;IterationSummary;;;;;;
44;2;14;1;normal;0;96c9a8743003;move;;;5;10;;;;;;;;;;True;False;False;False;;ok;16072.639952636793;15267.989609674743;15267.989609674743;15267.989609674743;301;15267.989609674743;3101.6204;804.6503429620498;Evaluated;6.0986;2.2326;64;True;1;
44;2;14;2;normal;0;96c9a8743003;swap;16;20;;;;;;;;;;;;True;False;False;False;;ok;16683.767173420336;15267.989609674743;15267.989609674743;15267.989609674743;302;15267.989609674743;3109.9339;1415.7775637455925;Evaluated;5.8801;2.4327;64;True;1;
44;2;14;3;normal;0;96c9a8743003;reinsert_block;;;;;;;35;40;28;;;;;True;False;False;False;;ok;16330.70510635799;15267.989609674743;15267.989609674743;15267.989609674743;303;15267.989609674743;3118.84;1062.7154966832459;Evaluated;6.4701;2.4321;64;True;1;
44;2;14;4;normal;0;96c9a8743003;move;;;50;48;;;;;;;;;;True;False;False;False;;ok;15944.575917828945;15267.989609674743;15267.989609674743;15267.989609674743;304;15267.989609674743;3127.0721;676.5863081542011;Evaluated;6.0026;2.227;64;True;1;
44;2;14;5;normal;0;96c9a8743003;move;;;20;35;;;;;;;;;;True;False;False;True;;ok;16135.791685764429;15267.989609674743;15267.989609674743;15267.989609674743;305;15267.989609674743;3135.4355;867.8020760896852;Evaluated;5.9291;2.4301;64;True;1;
44;2;14;;normal;1;;;;;;;;;;;;;;;;;;;;;End-of-iteration summary row;;;15267.989609674743;15267.989609674743;305;15267.989609674743;3135.4387;;IterationSummary;;;;;;
45;2;15;1;normal;1;96c9a8743003;move;;;10;5;;;;;;;;;;True;False;False;False;;ok;17190.48548756847;15267.989609674743;15267.989609674743;15267.989609674743;306;15267.989609674743;3143.9126;1922.4958778937253;Evaluated;6.0372;2.4252;64;True;1;
45;2;15;2;normal;1;96c9a8743003;swap;20;25;;;;;;;;;;;;True;False;False;False;;ok;16239.115977238258;15267.989609674743;15267.989609674743;15267.989609674743;307;15267.989609674743;3151.9815;971.1263675635146;Evaluated;5.6352;2.4331;64;True;1;
45;2;15;3;normal;1;96c9a8743003;move;;;25;30;;;;;;;;;;True;False;False;False;;ok;15943.635167814704;15267.989609674743;15267.989609674743;15267.989609674743;308;15267.989609674743;3163.9692;675.6455581399605;Evaluated;9.7524;2.2325;64;True;2;duplicate_for_same_parent_sequence
45;2;15;4;normal;1;96c9a8743003;move;;;50;42;;;;;;;;;;True;False;False;False;;ok;16140.565078599808;15267.989609674743;15267.989609674743;15267.989609674743;309;15267.989609674743;3172.045;872.5754689250643;Evaluated;5.6437;2.4293;64;True;1;
45;2;15;5;normal;1;96c9a8743003;move;;;30;25;;;;;;;;;;True;False;False;False;;ok;15271.979079236153;15267.989609674743;15267.989609674743;15267.989609674743;310;15267.989609674743;3180.2389;3.9894695614093507;Evaluated;5.9624;2.229;64;True;1;
45;2;15;;normal;2;;;;;;;;;;;;;;;;;;;;;End-of-iteration summary row;;;15267.989609674743;15267.989609674743;310;15267.989609674743;3180.2412;;IterationSummary;;;;;;
46;2;16;1;normal;2;96c9a8743003;move;;;7;3;;;;;;;;;;True;False;False;False;;ok;16895.09537365275;15267.989609674743;15267.989609674743;15267.989609674743;311;15267.989609674743;3192.8176;1627.1057639780083;Evaluated;10.1425;2.4257;64;True;2;duplicate_for_same_parent_sequence
46;2;16;2;normal;2;96c9a8743003;swap;17;24;;;;;;;;;;;;True;False;False;False;;ok;15265.299629191491;15267.989609674743;15267.989609674743;15267.989609674743;312;15267.989609674743;3205.1103;-2.6899804832519294;Evaluated;10.059;2.23;64;True;2;duplicate_for_same_parent_sequence
46;2;16;3;normal;2;96c9a8743003;move;;;37;42;;;;;;;;;;True;False;False;False;;ok;15491.12205746899;15267.989609674743;15267.989609674743;15267.989609674743;313;15267.989609674743;3217.0195;223.13244779424713;Evaluated;9.6807;2.2254;64;True;2;duplicate_for_same_parent_sequence
46;2;16;4;normal;2;96c9a8743003;move;;;48;52;;;;;;;;;;True;False;False;False;;ok;15469.511997817255;15267.989609674743;15267.989609674743;15267.989609674743;314;15267.989609674743;3224.9538;201.52238814251177;Evaluated;5.7032;2.2289;64;True;1;
46;2;16;5;normal;2;96c9a8743003;move;;;40;25;;;;;;;;;;True;False;False;True;;ok;15267.989609394344;15267.989609674743;15267.989609674743;15267.989609674743;315;15267.989609674743;3233.0779;-2.803990355459973e-07;Evaluated;5.8824;2.238;64;True;1;
46;2;16;;normal;0;;;;;;;;;;;;;;;;;;;;;End-of-iteration summary row;;;15265.299629191491;15265.299629191491;315;15265.299629191491;3233.0971;;IterationSummary;;;;;;
47;2;17;1;normal;0;fa925e7e66fa;move;;;10;5;;;;;;;;;;True;False;False;False;;ok;17190.48548756847;15265.299629191491;15265.299629191491;15265.299629191491;316;15265.299629191491;3241.7025;1925.1858583769772;Evaluated;6.1499;2.4497;64;True;1;
47;2;17;2;normal;0;fa925e7e66fa;swap;18;24;;;;;;;;;;;;True;False;False;False;;ok;16338.080903739701;15265.299629191491;15265.299629191491;15265.299629191491;317;15265.299629191491;3250.0404;1072.7812745482097;Evaluated;5.9046;2.4303;64;True;1;
47;2;17;3;normal;0;fa925e7e66fa;reinsert_block;;;;;;;35;42;20;;;;;True;False;False;True;;ok;16885.26186587406;15265.299629191491;15265.299629191491;15265.299629191491;318;15265.299629191491;3258.5322;1619.9622366825697;Evaluated;6.0599;2.429;64;True;1;
47;2;17;4;normal;0;fa925e7e66fa;move;;;50;48;;;;;;;;;;True;False;False;False;;ok;15951.263716042664;15265.299629191491;15265.299629191491;15265.299629191491;319;15265.299629191491;3266.3629;685.9640868511724;Evaluated;5.5994;2.2299;64;True;1;
47;2;17;5;normal;0;fa925e7e66fa;move;;;20;15;;;;;;;;;;True;False;False;False;;ok;16484.82984828701;15265.299629191491;15265.299629191491;15265.299629191491;320;15265.299629191491;3274.6603;1219.5302190955172;Evaluated;5.8637;2.4304;64;True;1;
47;2;17;;normal;1;;;;;;;;;;;;;;;;;;;;;End-of-iteration summary row;;;15265.299629191491;15265.299629191491;320;15265.299629191491;3274.6626;;IterationSummary;;;;;;
48;2;18;1;normal;1;fa925e7e66fa;move;;;7;3;;;;;;;;;;True;False;False;False;;ok;16895.307651446994;15265.299629191491;15265.299629191491;15265.299629191491;321;15265.299629191491;3283.4426;1630.0080222555025;Evaluated;6.3435;2.4261;64;True;1;
48;2;18;2;normal;1;fa925e7e66fa;swap;17;24;;;;;;;;;;;;True;False;False;False;;ok;15267.989609674743;15265.299629191491;15265.299629191491;15265.299629191491;322;15265.299629191491;3291.3173;2.6899804832519294;Evaluated;5.6399;2.2311;64;True;1;
48;2;18;3;normal;1;fa925e7e66fa;reinsert_block;;;;;;;35;42;10;;;;;True;False;False;True;;ok;15831.447747944445;15265.299629191491;15265.299629191491;15265.299629191491;323;15265.299629191491;3299.5901;566.1481187529535;Evaluated;6.0386;2.2315;64;True;1;
48;2;18;4;normal;1;fa925e7e66fa;move;;;50;42;;;;;;;;;;True;False;False;False;;ok;16141.059463911524;15265.299629191491;15265.299629191491;15265.299629191491;324;15265.299629191491;3307.5709;875.7598347200328;Evaluated;5.5438;2.4336;64;True;1;
48;2;18;5;normal;1;fa925e7e66fa;swap;3;8;;;;;;;;;;;;True;False;False;False;;ok;16228.108530612788;15265.299629191491;15265.299629191491;15265.299629191491;325;15265.299629191491;3319.0774;962.8089014212965;Evaluated;9.0695;2.4337;64;True;2;duplicate_for_same_parent_sequence
48;2;18;;normal;2;;;;;;;;;;;;;;;;;;;;;End-of-iteration summary row;;;15265.299629191491;15265.299629191491;325;15265.299629191491;3319.0809;;IterationSummary;;;;;;
49;2;19;1;normal;2;fa925e7e66fa;move;;;7;3;;;;;;;;;;False;True;False;;;ok;;15265.299629191491;15265.299629191491;15265.299629191491;325;15265.299629191491;3332.2944;;DuplicateForSameParentSequenceAfterRetries;13.201;;;;3;duplicate_for_same_parent_sequence
49;2;19;2;normal;2;fa925e7e66fa;swap;20;25;;;;;;;;;;;;True;False;False;False;;ok;16224.064935511475;15265.299629191491;15265.299629191491;15265.299629191491;326;15265.299629191491;3340.6106;958.7653063199832;Evaluated;5.8828;2.4323;64;True;1;
49;2;19;3;normal;2;fa925e7e66fa;move;;;37;29;;;;;;;;;;True;False;False;False;;ok;17102.292757662097;15265.299629191491;15265.299629191491;15265.299629191491;327;15265.299629191491;3352.7771;1836.9931284706054;Evaluated;9.7336;2.4299;64;True;2;duplicate_for_same_parent_sequence
49;2;19;4;normal;2;fa925e7e66fa;swap;32;40;;;;;;;;;;;;True;False;False;False;;ok;15265.299629191491;15265.299629191491;15265.299629191491;15265.299629191491;328;15265.299629191491;3364.3718;0.0;Evaluated;9.3604;2.2316;64;True;2;duplicate_for_same_parent_sequence
49;2;19;5;normal;2;fa925e7e66fa;move;;;25;30;;;;;;;;;;True;False;False;False;;ok;15935.7997787364;15265.299629191491;15265.299629191491;15265.299629191491;329;15265.299629191491;3372.251;670.5001495449087;Evaluated;5.6446;2.2314;64;True;1;
49;2;19;;normal;3;;;;;;;;;;;;;;;;;;;;;End-of-iteration summary row;;;15265.299629191491;15265.299629191491;329;15265.299629191491;3372.254;;IterationSummary;;;;;;
50;2;20;1;diversification;3;fa925e7e66fa;move;;;15;8;;;;;;;;;;True;False;False;False;;ok;16115.251415287825;15265.299629191491;15265.299629191491;15265.299629191491;330;15265.299629191491;3388.6107;849.9517860963333;Evaluated;13.9154;2.4275;64;True;3;duplicate_for_same_parent_sequence
50;2;20;2;diversification;3;fa925e7e66fa;reinsert_block;;;;;;;25;31;10;;;;;True;False;False;True;;ok;16781.24421215703;15265.299629191491;15265.299629191491;15265.299629191491;331;15265.299629191491;3397.1535;1515.9445829655397;Evaluated;6.1062;2.434;64;True;1;
50;2;20;3;diversification;3;fa925e7e66fa;swap;35;42;;;;;;;;;;;;True;False;False;False;;ok;15271.64492643044;15265.299629191491;15265.299629191491;15265.299629191491;332;15265.299629191491;3409.0201;6.345297238947751;Evaluated;9.6357;2.2293;64;True;2;duplicate_for_same_parent_sequence
50;2;20;4;diversification;3;fa925e7e66fa;move;;;60;52;;;;;;;;;;True;False;False;False;;ok;15799.05767009964;15265.299629191491;15265.299629191491;15265.299629191491;333;15265.299629191491;3420.7522;533.7580409081493;Evaluated;9.5038;2.2277;64;True;2;duplicate_for_same_parent_sequence
50;2;20;5;diversification;3;fa925e7e66fa;move;;;20;5;;;;;;;;;;True;False;False;True;;ok;16764.439119886378;15265.299629191491;15265.299629191491;15265.299629191491;334;15265.299629191491;3428.8619;1499.1394906948863;Evaluated;5.6797;2.4293;64;True;1;
50;2;20;6;diversification;3;fa925e7e66fa;move;;;50;48;;;;;;;;;;False;True;True;;;ok;;15265.299629191491;15265.299629191491;15265.299629191491;334;15265.299629191491;3442.1804;;DuplicateForSameParentSequenceAfterRetries;13.3159;;;;3;duplicate_for_same_parent_sequence
50;2;20;7;diversification;3;fa925e7e66fa;move;;;30;15;;;;;;;;;;True;False;False;True;;ok;15373.446171128367;15265.299629191491;15265.299629191491;15265.299629191491;335;15265.299629191491;3453.7391;108.14654193687602;Evaluated;9.3264;2.2312;64;True;2;duplicate_for_same_parent_sequence
50;2;20;8;diversification;3;fa925e7e66fa;move;;;8;15;;;;;;;;;;True;False;False;False;;ok;15268.322082784609;15265.299629191491;15265.299629191491;15265.299629191491;336;15265.299629191491;3461.7142;3.0224535931174614;Evaluated;5.7406;2.2315;64;True;1;
50;2;20;9;diversification;3;fa925e7e66fa;move;;;28;35;;;;;;;;;;True;False;False;False;;ok;15746.253906142272;15265.299629191491;15265.299629191491;15265.299629191491;337;15265.299629191491;3469.7027;480.9542769507807;Evaluated;5.7543;2.2313;64;True;1;
50;2;20;10;diversification;3;fa925e7e66fa;move;;;48;50;;;;;;;;;;True;False;False;False;;ok;15265.299629097313;15265.299629191491;15265.299629191491;15265.299629191491;338;15265.299629191491;3477.6817;-9.417817636858672e-08;EvaluatedImprovementDespiteDiversificationMismatch;5.7411;2.2351;64;True;1;
50;2;20;;diversification;0;;;;;;;;;;;;;;;;;;;;;End-of-iteration summary row;;;15265.299629097313;15265.299629097313;338;15265.299629097313;3477.6977;;IterationSummary;;;;;;
51;2;21;1;normal;0;aa9310c4fc6e;move;;;10;5;;;;;;;;;;True;False;False;False;;ok;17200.3586950561;15265.299629097313;15265.299629097313;15265.299629097313;339;15265.299629097313;3486.6213;1935.059065958787;Evaluated;6.4887;2.4262;64;True;1;
51;2;21;2;normal;0;aa9310c4fc6e;swap;17;24;;;;;;;;;;;;True;False;False;False;;ok;15263.990310801477;15265.299629097313;15265.299629097313;15265.299629097313;340;15265.299629097313;3494.5426;-1.3093182958364196;Evaluated;5.685;2.2335;64;True;1;
51;2;21;3;normal;0;aa9310c4fc6e;reinsert_block;;;;;;;32;40;50;;;;;True;False;False;True;;ok;15745.695819086974;15265.299629097313;15265.299629097313;15265.299629097313;341;15265.299629097313;3502.8554;480.39618998966034;Evaluated;6.0765;2.2334;64;True;1;
51;2;21;4;normal;0;aa9310c4fc6e;move;;;50;42;;;;;;;;;;True;False;False;False;;ok;15553.890787351827;15265.299629097313;15265.299629097313;15265.299629097313;342;15265.299629097313;3510.6999;288.5911582545141;Evaluated;5.6136;2.2281;64;True;1;
51;2;21;5;normal;0;aa9310c4fc6e;move;;;20;5;;;;;;;;;;True;False;False;True;;ok;16774.31232737401;15265.299629097313;15265.299629097313;15265.299629097313;343;15265.299629097313;3518.6236;1509.012698276696;Evaluated;5.486;2.4338;64;True;1;
51;2;21;;normal;0;;;;;;;;;;;;;;;;;;;;;End-of-iteration summary row;;;15263.990310801477;15263.990310801477;343;15263.990310801477;3518.6352;;IterationSummary;;;;;;
52;2;22;1;normal;0;7ba9baca1c97;move;;;10;5;;;;;;;;;;True;False;False;False;;ok;17200.3586950561;15263.990310801477;15263.990310801477;15263.990310801477;344;15263.990310801477;3527.2134;1936.3683842546234;Evaluated;6.1432;2.4286;64;True;1;
52;2;22;2;normal;0;7ba9baca1c97;swap;20;25;;;;;;;;;;;;True;False;False;False;;ok;16230.470436193336;15263.990310801477;15263.990310801477;15263.990310801477;345;15263.990310801477;3535.295;966.4801253918595;Evaluated;5.6547;2.4243;64;True;1;
52;2;22;3;normal;0;7ba9baca1c97;reinsert_block;;;;;;;35;40;28;;;;;True;False;False;False;;ok;16330.70510635799;15263.990310801477;15263.990310801477;15263.990310801477;346;15263.990310801477;3544.0125;1066.7147955565124;Evaluated;6.2822;2.4345;64;True;1;
52;2;22;4;normal;0;7ba9baca1c97;move;;;58;61;;;;;;;;;;True;False;False;False;;ok;15414.809602503165;15263.990310801477;15263.990310801477;15263.990310801477;347;15263.990310801477;3551.8773;150.8192917016877;Evaluated;5.6361;2.2261;64;True;1;
52;2;22;5;normal;0;7ba9baca1c97;move;;;40;15;;;;;;;;;;True;False;False;True;;ok;15872.128259565045;15263.990310801477;15263.990310801477;15263.990310801477;348;15263.990310801477;3559.6609;608.1379487635677;Evaluated;5.5542;2.2281;64;True;1;
52;2;22;;normal;1;;;;;;;;;;;;;;;;;;;;;End-of-iteration summary row;;;15263.990310801477;15263.990310801477;348;15263.990310801477;3559.6639;;IterationSummary;;;;;;
53;2;23;1;normal;1;7ba9baca1c97;move;;;7;3;;;;;;;;;;True;False;False;False;;ok;16904.968581140383;15263.990310801477;15263.990310801477;15263.990310801477;349;15263.990310801477;3572.074;1640.9782703389064;Evaluated;9.9683;2.4338;64;True;2;duplicate_for_same_parent_sequence
53;2;23;2;normal;1;7ba9baca1c97;swap;20;30;;;;;;;;;;;;True;False;False;False;;ok;16600.58640723321;15263.990310801477;15263.990310801477;15263.990310801477;350;15263.990310801477;3580.5057;1336.5960964317346;Evaluated;5.9999;2.4311;64;True;1;
53;2;23;3;normal;1;7ba9baca1c97;reinsert_block;;;;;;;40;45;28;;;;;True;False;False;True;;ok;16577.401931129287;15263.990310801477;15263.990310801477;15263.990310801477;351;15263.990310801477;3588.8069;1313.41162032781;Evaluated;5.8658;2.4329;64;True;1;
53;2;23;4;normal;1;7ba9baca1c97;move;;;50;48;;;;;;;;;;True;False;False;False;;ok;15267.989609674743;15263.990310801477;15263.990310801477;15263.990310801477;352;15263.990310801477;3596.6713;3.9992988732665253;Evaluated;5.6286;2.2331;64;True;1;
53;2;23;5;normal;1;7ba9baca1c97;move;;;50;42;;;;;;;;;;True;False;False;False;;ok;15560.224324072822;15263.990310801477;15263.990310801477;15263.990310801477;353;15263.990310801477;3604.57;296.23401327134525;Evaluated;5.6589;2.2374;64;True;1;
53;2;23;;normal;2;;;;;;;;;;;;;;;;;;;;;End-of-iteration summary row;;;15263.990310801477;15263.990310801477;353;15263.990310801477;3604.573;;IterationSummary;;;;;;
54;2;24;1;normal;2;7ba9baca1c97;move;;;10;5;;;;;;;;;;False;True;False;;;ok;;15263.990310801477;15263.990310801477;15263.990310801477;353;15263.990310801477;3618.3222;;DuplicateForSameParentSequenceAfterRetries;13.7343;;;;3;duplicate_for_same_parent_sequence
54;2;24;2;normal;2;7ba9baca1c97;swap;17;24;;;;;;;;;;;;True;False;False;False;;ok;15265.299629097313;15263.990310801477;15263.990310801477;15263.990310801477;354;15263.990310801477;3626.1979;1.3093182958364196;Evaluated;5.642;2.2326;64;True;1;
54;2;24;3;normal;2;7ba9baca1c97;move;;;37;32;;;;;;;;;;True;False;False;False;;ok;16508.13776328108;15263.990310801477;15263.990310801477;15263.990310801477;355;15263.990310801477;3638.8885;1244.147452479603;Evaluated;10.2605;2.4279;64;True;2;duplicate_for_same_parent_sequence
54;2;24;4;normal;2;7ba9baca1c97;swap;30;35;;;;;;;;;;;;True;False;False;False;;ok;15267.899100009176;15263.990310801477;15263.990310801477;15263.990310801477;356;15263.990310801477;3650.82;3.9087892076986464;Evaluated;9.7016;2.2281;64;True;2;duplicate_for_same_parent_sequence
54;2;24;5;normal;2;7ba9baca1c97;swap;3;8;;;;;;;;;;;;True;False;False;False;;ok;16236.534369047784;15263.990310801477;15263.990310801477;15263.990310801477;357;15263.990310801477;3662.7235;972.544058246307;Evaluated;9.4704;2.4297;64;True;2;duplicate_for_same_parent_sequence
54;2;24;;normal;3;;;;;;;;;;;;;;;;;;;;;End-of-iteration summary row;;;15263.990310801477;15263.990310801477;357;15263.990310801477;3662.7265;;IterationSummary;;;;;;
55;2;25;1;diversification;3;7ba9baca1c97;move;;;8;3;;;;;;;;;;True;False;False;False;;ok;16904.179880706353;15263.990310801477;15263.990310801477;15263.990310801477;358;15263.990310801477;3671.2109;1640.1895699048764;Evaluated;6.0406;2.4331;64;True;1;
55;2;25;2;diversification;3;7ba9baca1c97;reinsert_block;;;;;;;20;25;16;;;;;True;False;False;False;;ok;17353.67894159401;15263.990310801477;15263.990310801477;15263.990310801477;359;15263.990310801477;3679.6746;2089.6886307925342;Evaluated;6.0317;2.4288;64;True;1;
55;2;25;3;diversification;3;7ba9baca1c97;swap;35;42;;;;;;;;;;;;True;False;False;False;;ok;15274.180389141777;15263.990310801477;15263.990310801477;15263.990310801477;360;15263.990310801477;3687.6085;10.190078340299806;Evaluated;5.6989;2.2321;64;True;1;
55;2;25;4;diversification;3;7ba9baca1c97;swap;50;51;;;;;;;;;;;;True;False;False;False;;ok;15469.511997817255;15263.990310801477;15263.990310801477;15263.990310801477;361;15263.990310801477;3699.1828;205.5216870157783;Evaluated;9.3467;2.2247;64;True;2;duplicate_for_same_parent_sequence
55;2;25;5;diversification;3;7ba9baca1c97;move;;;20;5;;;;;;;;;;True;False;False;True;;ok;17093.462858642648;15263.990310801477;15263.990310801477;15263.990310801477;362;15263.990310801477;3707.3578;1829.472547841171;Evaluated;5.7288;2.4455;64;True;1;
55;2;25;6;diversification;3;7ba9baca1c97;move;;;30;25;;;;;;;;;;True;False;False;False;;ok;15271.292000989577;15263.990310801477;15263.990310801477;15263.990310801477;363;15263.990310801477;3715.5391;7.30169018810011;Evaluated;5.9549;2.2256;64;True;1;
55;2;25;7;diversification;3;7ba9baca1c97;move;;;25;10;;;;;;;;;;True;False;False;True;;ok;16729.5979107992;15263.990310801477;15263.990310801477;15263.990310801477;364;15263.990310801477;3723.6293;1465.607599997722;Evaluated;5.6613;2.4263;64;True;1;
55;2;25;8;diversification;3;7ba9baca1c97;move;;;20;10;;;;;;;;;;True;False;False;True;;ok;17173.17791202395;15263.990310801477;15263.990310801477;15263.990310801477;365;15263.990310801477;3731.8122;1909.1876012224748;Evaluated;5.7519;2.4285;64;True;1;
55;2;25;9;diversification;3;7ba9baca1c97;move;;;25;30;;;;;;;;;;True;False;False;False;;ok;15944.066596760225;15263.990310801477;15263.990310801477;15263.990310801477;366;15263.990310801477;3739.565;680.0762859587485;Evaluated;5.5212;2.2284;64;True;1;
55;2;25;10;diversification;3;7ba9baca1c97;move;;;40;28;;;;;;;;;;True;False;False;True;;ok;15311.737664524953;15263.990310801477;15263.990310801477;15263.990310801477;367;15263.990310801477;3747.4478;47.74735372347641;Evaluated;5.655;2.227;64;True;1;
55;2;25;;diversification;4;;;;;;;;;;;;;;;;;;;;;End-of-iteration summary row;;;15263.990310801477;15263.990310801477;367;15263.990310801477;3747.4484;;IterationSummary;;;;;;
56;2;26;1;diversification;4;7ba9baca1c97;move;;;5;20;;;;;;;;;;True;False;False;True;;ok;16551.378369077487;15263.990310801477;15263.990310801477;15263.990310801477;368;15263.990310801477;3759.6121;1287.3880582760103;Evaluated;9.7249;2.4328;64;True;2;duplicate_for_same_parent_sequence
56;2;26;2;diversification;4;7ba9baca1c97;reinsert_block;;;;;;;18;23;35;;;;;True;False;False;True;;ok;15622.250912842745;15263.990310801477;15263.990310801477;15263.990310801477;369;15263.990310801477;3768.0172;358.2606020412677;Evaluated;6.1728;2.2297;64;True;1;
56;2;26;3;diversification;4;7ba9baca1c97;swap;35;45;;;;;;;;;;;;True;False;False;False;;ok;16799.14139221881;15263.990310801477;15263.990310801477;15263.990310801477;370;15263.990310801477;3780.0148;1535.1510814173344;Evaluated;9.5601;2.435;64;True;2;duplicate_for_same_parent_sequence
56;2;26;4;diversification;4;7ba9baca1c97;move;;;25;16;;;;;;;;;;True;False;False;False;;ok;16350.05446080854;15263.990310801477;15263.990310801477;15263.990310801477;371;15263.990310801477;3791.9685;1086.0641500070633;Evaluated;9.5215;2.4316;64;True;2;duplicate_for_same_parent_sequence
56;2;26;5;diversification;4;7ba9baca1c97;swap;20;25;;;;;;;;;;;;False;True;False;;;ok;;15263.990310801477;15263.990310801477;15263.990310801477;371;15263.990310801477;3806.06;;DuplicateForSameParentSequenceAfterRetries;14.0885;;;;3;duplicate_for_same_parent_sequence
56;2;26;6;diversification;4;7ba9baca1c97;move;;;45;32;;;;;;;;;;True;False;False;True;;ok;16235.863793018169;15263.990310801477;15263.990310801477;15263.990310801477;372;15263.990310801477;3814.1638;971.8734822166916;Evaluated;5.6747;2.4285;64;True;1;
56;2;26;7;diversification;4;7ba9baca1c97;move;;;30;20;;;;;;;;;;True;False;False;True;;ok;16291.879417052043;15263.990310801477;15263.990310801477;15263.990310801477;373;15263.990310801477;3826.0111;1027.8891062505663;Evaluated;9.4134;2.4312;64;True;2;duplicate_for_same_parent_sequence
56;2;26;8;diversification;4;7ba9baca1c97;move;;;15;8;;;;;;;;;;True;False;False;False;;ok;16114.692239751188;15263.990310801477;15263.990310801477;15263.990310801477;374;15263.990310801477;3834.1304;850.7019289497111;Evaluated;5.6881;2.4283;64;True;1;
56;2;26;9;diversification;4;7ba9baca1c97;move;;;26;15;;;;;;;;;;True;False;False;True;;ok;16352.666009929715;15263.990310801477;15263.990310801477;15263.990310801477;375;15263.990310801477;3842.2146;1088.6756991282382;Evaluated;5.655;2.4258;64;True;1;
56;2;26;10;diversification;4;7ba9baca1c97;move;;;45;16;;;;;;;;;;True;False;False;True;;ok;17144.406546340444;15263.990310801477;15263.990310801477;15263.990310801477;376;15263.990310801477;3850.3712;1880.4162355389672;Evaluated;5.7263;2.4266;64;True;1;
56;2;26;;diversification;5;;;;;;;;;;;;;;;;;;;;;End-of-iteration summary row;;;15263.990310801477;15263.990310801477;376;15263.990310801477;3850.3743;;IterationSummary;;;;;;
57;2;27;1;diversification;5;7ba9baca1c97;move;;;5;20;;;;;;;;;;False;True;False;;;ok;;15263.990310801477;15263.990310801477;15263.990310801477;376;15263.990310801477;3864.0914;;DuplicateForSameParentSequenceAfterRetries;13.7016;;;;3;duplicate_for_same_parent_sequence
57;2;27;2;diversification;5;7ba9baca1c97;reinsert_block;;;;;;;20;25;35;;;;;True;False;False;True;;ok;16341.461724220637;15263.990310801477;15263.990310801477;15263.990310801477;377;15263.990310801477;3872.3317;1077.47141341916;Evaluated;5.8107;2.4287;64;True;1;
57;2;27;3;diversification;5;7ba9baca1c97;swap;32;47;;;;;;;;;;;;True;False;False;True;;ok;16618.227667630938;15263.990310801477;15263.990310801477;15263.990310801477;378;15263.990310801477;3880.3932;1354.2373568294606;Evaluated;5.6271;2.4316;64;True;1;
57;2;27;4;diversification;5;7ba9baca1c97;move;;;37;25;;;;;;;;;;True;False;False;True;;ok;16524.459436508656;15263.990310801477;15263.990310801477;15263.990310801477;379;15263.990310801477;3892.7287;1260.469125707179;Evaluated;9.9037;2.4288;64;True;2;duplicate_for_same_parent_sequence
57;2;27;5;diversification;5;7ba9baca1c97;move;;;35;20;;;;;;;;;;True;False;False;True;;ok;16751.86266937888;15263.990310801477;15263.990310801477;15263.990310801477;380;15263.990310801477;3901.2647;1487.8723585774023;Evaluated;6.1048;2.4283;64;True;1;
57;2;27;6;diversification;5;7ba9baca1c97;move;;;40;35;;;;;;;;;;True;False;False;False;;ok;16347.009806709651;15263.990310801477;15263.990310801477;15263.990310801477;381;15263.990310801477;3909.3816;1083.0194959081746;Evaluated;5.684;2.4304;64;True;1;
57;2;27;7;diversification;5;7ba9baca1c97;move;;;50;10;;;;;;;;;;True;False;False;True;;ok;15370.771358500235;15263.990310801477;15263.990310801477;15263.990310801477;382;15263.990310801477;3917.3066;106.7810476987579;Evaluated;5.6914;2.2308;64;True;1;
57;2;27;8;diversification;5;7ba9baca1c97;move;;;8;15;;;;;;;;;;True;False;False;False;;ok;15268.352318929654;15263.990310801477;15263.990310801477;15263.990310801477;383;15263.990310801477;3925.1127;4.362008128176967;Evaluated;5.5786;2.2244;64;True;1;
57;2;27;9;diversification;5;7ba9baca1c97;move;;;28;35;;;;;;;;;;True;False;False;False;;ok;15755.744597787385;15263.990310801477;15263.990310801477;15263.990310801477;384;15263.990310801477;3932.7633;491.75428698590804;Evaluated;5.4137;2.2362;64;True;1;
57;2;27;10;diversification;5;7ba9baca1c97;move;;;48;50;;;;;;;;;;True;False;False;False;;ok;15944.575917828945;15263.990310801477;15263.990310801477;15263.990310801477;385;15263.990310801477;3948.0868;680.5856070274676;Evaluated;13.0975;2.2245;64;True;3;duplicate_for_same_parent_sequence
57;2;27;;diversification;6;;;;;;;;;;;;;;;;;;;;;End-of-iteration summary row;;;15263.990310801477;15263.990310801477;385;15263.990310801477;3948.0895;;IterationSummary;;;;;;
58;2;28;1;diversification;6;7ba9baca1c97;move;;;3;12;;;;;;;;;;True;False;False;False;;ok;17045.93014567708;15263.990310801477;15263.990310801477;15263.990310801477;386;15263.990310801477;3960.3067;1781.939834875604;Evaluated;9.7698;2.4318;64;True;2;duplicate_for_same_parent_sequence
58;2;28;2;diversification;6;7ba9baca1c97;move;;;17;24;;;;;;;;;;True;False;False;False;;ok;15259.840856597253;15263.990310801477;15263.990310801477;15263.990310801477;387;15263.990310801477;3972.333;-4.14945420422373;EvaluatedImprovementDespiteDiversificationMismatch;9.7952;2.2279;64;True;2;duplicate_for_same_parent_sequence
58;2;28;3;diversification;6;7ba9baca1c97;swap;32;47;;;;;;;;;;;;False;True;False;;;ok;;15263.990310801477;15263.990310801477;15263.990310801477;387;15263.990310801477;3985.457;;DuplicateForSameParentSequenceAfterRetries;13.1208;;;;3;duplicate_for_same_parent_sequence
58;2;28;4;diversification;6;7ba9baca1c97;move;;;61;55;;;;;;;;;;True;False;False;False;;ok;15391.168140601012;15263.990310801477;15263.990310801477;15263.990310801477;388;15263.990310801477;3997.3046;127.17782979953517;Evaluated;9.6198;2.2268;64;True;2;duplicate_for_same_parent_sequence
58;2;28;5;diversification;6;7ba9baca1c97;swap;30;45;;;;;;;;;;;;True;False;False;True;;ok;16140.55728554761;15263.990310801477;15263.990310801477;15263.990310801477;389;15263.990310801477;4009.3219;876.5669747461325;Evaluated;9.5896;2.4263;64;True;2;duplicate_for_same_parent_sequence
58;2;28;6;diversification;6;7ba9baca1c97;move;;;17;32;;;;;;;;;;True;False;False;True;;ok;16374.26789665285;15263.990310801477;15263.990310801477;15263.990310801477;390;15263.990310801477;4021.3323;1110.2775858513724;Evaluated;9.5775;2.4301;64;True;2;duplicate_for_same_parent_sequence
58;2;28;7;diversification;6;7ba9baca1c97;move;;;20;40;;;;;;;;;;True;False;False;True;;ok;16142.394957703269;15263.990310801477;15263.990310801477;15263.990310801477;391;15263.990310801477;4037.1909;878.4046469017921;Evaluated;13.4274;2.4286;64;True;3;duplicate_for_same_parent_sequence
58;2;28;8;diversification;6;7ba9baca1c97;move;;;20;35;;;;;;;;;;True;False;False;True;;ok;16347.901281548407;15263.990310801477;15263.990310801477;15263.990310801477;392;15263.990310801477;4045.0755;1083.9109707469306;Evaluated;5.4572;2.424;64;True;1;
58;2;28;9;diversification;6;7ba9baca1c97;move;;;24;39;;;;;;;;;;True;False;False;True;;ok;16340.62519732725;15263.990310801477;15263.990310801477;15263.990310801477;393;15263.990310801477;4056.8436;1076.6348865257733;Evaluated;9.3446;2.4227;64;True;2;duplicate_for_same_parent_sequence
58;2;28;10;diversification;6;7ba9baca1c97;move;;;45;37;;;;;;;;;;True;False;False;False;;ok;16122.74090590771;15263.990310801477;15263.990310801477;15263.990310801477;394;15263.990310801477;4064.9435;858.750595106234;Evaluated;5.6702;2.427;64;True;1;
58;2;28;;diversification;0;;;;;;;;;;;;;;;;;;;;;End-of-iteration summary row;;;15259.840856597253;15259.840856597253;394;15259.840856597253;4064.9502;;IterationSummary;;;;;;
59;2;29;1;normal;0;4ba45c017f2b;move;;;7;12;;;;;;;;;;True;False;False;False;;ok;15266.310520347297;15259.840856597253;15259.840856597253;15259.840856597253;395;15259.840856597253;4073.4163;6.469663750043765;Evaluated;6.2266;2.2313;64;True;1;
59;2;29;2;normal;0;4ba45c017f2b;swap;20;35;;;;;;;;;;;;True;False;False;True;;ok;15949.308580288636;15259.840856597253;15259.840856597253;15259.840856597253;396;15259.840856597253;4081.2752;689.4677236913831;Evaluated;5.6288;2.2263;64;True;1;
59;2;29;3;normal;0;4ba45c017f2b;reinsert_block;;;;;;;32;40;50;;;;;True;False;False;True;;ok;15742.361556300977;15259.840856597253;15259.840856597253;15259.840856597253;397;15259.840856597253;4089.3963;482.52069970372395;Evaluated;5.8919;2.2259;64;True;1;
59;2;29;4;normal;0;4ba45c017f2b;move;;;50;48;;;;;;;;;;True;False;False;False;;ok;15263.28318379503;15259.840856597253;15259.840856597253;15259.840856597253;398;15259.840856597253;4097.2432;3.4423271977775585;Evaluated;5.6165;2.2274;64;True;1;
59;2;29;5;normal;0;4ba45c017f2b;move;;;15;20;;;;;;;;;;True;False;False;False;;ok;15933.093104606332;15259.840856597253;15259.840856597253;15259.840856597253;399;15259.840856597253;4108.8957;673.2522480090793;Evaluated;9.4182;2.2314;64;True;2;duplicate_for_same_parent_sequence
59;2;29;;normal;1;;;;;;;;;;;;;;;;;;;;;End-of-iteration summary row;;;15259.840856597253;15259.840856597253;399;15259.840856597253;4108.8989;;IterationSummary;;;;;;
60;2;30;1;normal;1;4ba45c017f2b;move;;;10;5;;;;;;;;;;True;False;False;False;;ok;17200.3586950561;15259.840856597253;15259.840856597253;15259.840856597253;400;15259.840856597253;4117.4459;1940.517838458847;Evaluated;6.1085;2.429;64;True;1;
60;2;30;2;normal;1;4ba45c017f2b;swap;18;24;;;;;;;;;;;;True;False;False;False;;ok;16347.175616791717;15259.840856597253;15259.840856597253;15259.840856597253;401;15259.840856597253;4129.7663;1087.3347601944643;Evaluated;9.8822;2.4347;64;True;2;duplicate_for_same_parent_sequence
60;2;30;3;normal;1;4ba45c017f2b;move;;;38;42;;;;;;;;;;True;False;False;False;;ok;15488.536189888224;15259.840856597253;15259.840856597253;15259.840856597253;402;15259.840856597253;4141.9456;228.69533329097067;Evaluated;9.9499;2.2263;64;True;2;duplicate_for_same_parent_sequence
60;2;30;4;normal;1;4ba45c017f2b;move;;;25;30;;;;;;;;;;True;False;False;False;;ok;15920.996753110325;15259.840856597253;15259.840856597253;15259.840856597253;403;15259.840856597253;4154.1408;661.1558965130716;Evaluated;9.9663;2.2264;64;True;2;duplicate_for_same_parent_sequence
60;2;30;5;normal;1;4ba45c017f2b;move;;;25;18;;;;;;;;;;True;False;False;False;;ok;16155.528470029292;15259.840856597253;15259.840856597253;15259.840856597253;404;15259.840856597253;4162.5073;895.6876134320391;Evaluated;5.9358;2.4299;64;True;1;
60;2;30;;normal;2;;;;;;;;;;;;;;;;;;;;;End-of-iteration summary row;;;15259.840856597253;15259.840856597253;404;15259.840856597253;4162.5105;;IterationSummary;;;;;;
61;2;31;1;normal;2;4ba45c017f2b;move;;;5;8;;;;;;;;;;True;False;False;False;;ok;16543.833183942934;15259.840856597253;15259.840856597253;15259.840856597253;405;15259.840856597253;4175.0416;1283.9923273456807;Evaluated;10.0855;2.4283;64;True;2;duplicate_for_same_parent_sequence
61;2;31;2;normal;2;4ba45c017f2b;move;;;17;24;;;;;;;;;;True;False;False;False;;ok;16345.429911299992;15259.840856597253;15259.840856597253;15259.840856597253;406;15259.840856597253;4186.884;1085.5890547027393;Evaluated;9.4099;2.4298;64;True;2;duplicate_for_same_parent_sequence
61;2;31;3;normal;2;4ba45c017f2b;reinsert_block;;;;;;;35;40;28;;;;;True;False;False;False;;ok;16326.0110274128;15259.840856597253;15259.840856597253;15259.840856597253;407;15259.840856597253;4195.441;1066.170170815547;Evaluated;6.1243;2.4317;64;True;1;
61;2;31;4;normal;2;4ba45c017f2b;move;;;35;40;;;;;;;;;;True;False;False;False;;ok;16122.232184012846;15259.840856597253;15259.840856597253;15259.840856597253;408;15259.840856597253;4207.379;862.391327415593;Evaluated;9.699;2.2361;64;True;2;duplicate_for_same_parent_sequence
61;2;31;5;normal;2;4ba45c017f2b;move;;;45;30;;;;;;;;;;True;False;False;True;;ok;16235.912991376514;15259.840856597253;15259.840856597253;15259.840856597253;409;15259.840856597253;4215.3877;976.0721347792605;Evaluated;5.577;2.4309;64;True;1;
61;2;31;;normal;3;;;;;;;;;;;;;;;;;;;;;End-of-iteration summary row;;;15259.840856597253;15259.840856597253;409;15259.840856597253;4215.3912;;IterationSummary;;;;;;
62;2;32;1;diversification;3;4ba45c017f2b;move;;;20;3;;;;;;;;;;True;False;False;True;;ok;16447.315538855135;15259.840856597253;15259.840856597253;15259.840856597253;410;15259.840856597253;4227.6028;1187.4746822578818;Evaluated;9.7655;2.4303;64;True;2;duplicate_for_same_parent_sequence
62;2;32;2;diversification;3;4ba45c017f2b;reinsert_block;;;;;;;20;25;16;;;;;True;False;False;False;;ok;17569.062972191157;15259.840856597253;15259.840856597253;15259.840856597253;411;15259.840856597253;4236.1002;2309.222115593904;Evaluated;6.07;2.4267;64;True;1;
62;2;32;3;diversification;3;4ba45c017f2b;swap;38;42;;;;;;;;;;;;True;False;False;False;;ok;15491.595692261066;15259.840856597253;15259.840856597253;15259.840856597253;412;15259.840856597253;4244.0397;231.75483566381263;Evaluated;5.7067;2.2301;64;True;1;
62;2;32;4;diversification;3;4ba45c017f2b;move;;;50;60;;;;;;;;;;True;False;False;True;;ok;15552.05826874295;15259.840856597253;15259.840856597253;15259.840856597253;413;15259.840856597253;4255.7683;292.2174121456974;Evaluated;9.4943;2.2313;64;True;2;duplicate_for_same_parent_sequence
62;2;32;5;diversification;3;4ba45c017f2b;move;;;20;15;;;;;;;;;;True;False;False;False;;ok;17163.400133131814;15259.840856597253;15259.840856597253;15259.840856597253;414;15259.840856597253;4267.8849;1903.559276534561;Evaluated;9.6844;2.4294;64;True;2;duplicate_for_same_parent_sequence
62;2;32;6;diversification;3;4ba45c017f2b;move;;;32;17;;;;;;;;;;True;False;False;True;;ok;15837.370394873733;15259.840856597253;15259.840856597253;15259.840856597253;415;15259.840856597253;4279.5964;577.5295382764798;Evaluated;9.475;2.2334;64;True;2;duplicate_for_same_parent_sequence
62;2;32;7;diversification;3;4ba45c017f2b;move;;;20;30;;;;;;;;;;True;False;False;True;;ok;16079.00447590667;15259.840856597253;15259.840856597253;15259.840856597253;416;15259.840856597253;4291.3753;819.1636193094164;Evaluated;9.3517;2.4257;64;True;2;duplicate_for_same_parent_sequence
62;2;32;8;diversification;3;4ba45c017f2b;move;;;30;15;;;;;;;;;;True;False;False;True;;ok;15698.563029857125;15259.840856597253;15259.840856597253;15259.840856597253;417;15259.840856597253;4302.9563;438.72217325987185;Evaluated;9.3494;2.229;64;True;2;duplicate_for_same_parent_sequence
62;2;32;9;diversification;3;4ba45c017f2b;move;;;45;18;;;;;;;;;;True;False;False;True;;ok;17149.43033537461;15259.840856597253;15259.840856597253;15259.840856597253;418;15259.840856597253;4314.7634;1889.5894787773577;Evaluated;9.3776;2.4278;64;True;2;duplicate_for_same_parent_sequence
62;2;32;10;diversification;3;4ba45c017f2b;move;;;52;45;;;;;;;;;;True;False;False;False;;ok;15356.744752219194;15259.840856597253;15259.840856597253;15259.840856597253;419;15259.840856597253;4326.3169;96.90389562194105;Evaluated;9.3254;2.2272;64;True;2;duplicate_for_same_parent_sequence
62;2;32;;diversification;4;;;;;;;;;;;;;;;;;;;;;End-of-iteration summary row;;;15259.840856597253;15259.840856597253;419;15259.840856597253;4326.3203;;IterationSummary;;;;;;
63;2;33;1;diversification;4;4ba45c017f2b;move;;;8;15;;;;;;;;;;True;False;False;False;;ok;15257.97635747678;15259.840856597253;15259.840856597253;15259.840856597253;420;15259.840856597253;4334.6383;-1.8644991204728285;EvaluatedImprovementDespiteDiversificationMismatch;6.0713;2.2293;64;True;1;
63;2;33;2;diversification;4;4ba45c017f2b;move;;;35;28;;;;;;;;;;True;False;False;False;;ok;15804.982431780028;15259.840856597253;15259.840856597253;15259.840856597253;421;15259.840856597253;4347.0921;545.1415751827753;Evaluated;10.2226;2.2283;64;True;2;duplicate_for_same_parent_sequence
63;2;33;3;diversification;4;4ba45c017f2b;swap;34;50;;;;;;;;;;;;True;False;False;True;;ok;15954.89639752159;15259.840856597253;15259.840856597253;15259.840856597253;422;15259.840856597253;4355.0195;695.055540924337;Evaluated;5.6883;2.2364;64;True;1;
63;2;33;4;diversification;4;4ba45c017f2b;move;;;52;19;;;;;;;;;;True;False;False;True;;ok;15924.8341133338;15259.840856597253;15259.840856597253;15259.840856597253;423;15259.840856597253;4367.0111;664.9932567365468;Evaluated;9.7633;2.2252;64;True;2;duplicate_for_same_parent_sequence
63;2;33;5;diversification;4;4ba45c017f2b;move;;;25;10;;;;;;;;;;True;False;False;True;;ok;16737.401556257482;15259.840856597253;15259.840856597253;15259.840856597253;424;15259.840856597253;4375.2611;1477.5606996602291;Evaluated;5.8225;2.426;64;True;1;
63;2;33;6;diversification;4;4ba45c017f2b;move;;;50;18;;;;;;;;;;True;False;False;True;;ok;15285.35995903354;15259.840856597253;15259.840856597253;15259.840856597253;425;15259.840856597253;4383.5161;25.51910243628663;Evaluated;6.0214;2.2309;64;True;1;
63;2;33;7;diversification;4;4ba45c017f2b;move;;;50;35;;;;;;;;;;True;False;False;True;;ok;15304.294398654574;15259.840856597253;15259.840856597253;15259.840856597253;426;15259.840856597253;4391.356;44.4535420573211;Evaluated;5.6081;2.2293;64;True;1;
63;2;33;8;diversification;4;4ba45c017f2b;swap;30;40;;;;;;;;;;;;True;False;False;False;;ok;15262.086461674893;15259.840856597253;15259.840856597253;15259.840856597253;427;15259.840856597253;4403.1993;2.2456050776399934;Evaluated;9.6178;2.2248;64;True;2;duplicate_for_same_parent_sequence
63;2;33;9;diversification;4;4ba45c017f2b;move;;;25;35;;;;;;;;;;True;False;False;True;;ok;16077.421699354289;15259.840856597253;15259.840856597253;15259.840856597253;428;15259.840856597253;4411.3388;817.5808427570355;Evaluated;5.7148;2.4239;64;True;1;
63;2;33;10;diversification;4;4ba45c017f2b;move;;;45;20;;;;;;;;;;True;False;False;True;;ok;16687.14189542856;15259.840856597253;15259.840856597253;15259.840856597253;429;15259.840856597253;4419.6988;1427.301038831305;Evaluated;5.9217;2.435;64;True;1;
63;2;33;;diversification;0;;;;;;;;;;;;;;;;;;;;;End-of-iteration summary row;;;15257.97635747678;15257.97635747678;429;15257.97635747678;4419.7163;;IterationSummary;;;;;;
64;2;34;1;normal;0;072d86803ac1;move;;;5;10;;;;;;;;;;True;False;False;False;;ok;16543.123833643833;15257.97635747678;15257.97635747678;15257.97635747678;430;15257.97635747678;4428.612;1285.1474761670524;Evaluated;6.4621;2.4255;64;True;1;
64;2;34;2;normal;0;072d86803ac1;swap;20;25;;;;;;;;;;;;True;False;False;False;;ok;16300.111930068191;15257.97635747678;15257.97635747678;15257.97635747678;431;15257.97635747678;4436.7994;1042.135572591411;Evaluated;5.7518;2.4316;64;True;1;
64;2;34;3;normal;0;072d86803ac1;reinsert_block;;;;;;;35;40;28;;;;;True;False;False;False;;ok;16328.490687159596;15257.97635747678;15257.97635747678;15257.97635747678;432;15257.97635747678;4445.748;1070.5143296828155;Evaluated;6.5159;2.4298;64;True;1;
64;2;34;4;normal;0;072d86803ac1;move;;;50;48;;;;;;;;;;True;False;False;False;;ok;15650.783667353515;15257.97635747678;15257.97635747678;15257.97635747678;433;15257.97635747678;4453.4636;392.8073098767345;Evaluated;5.4817;2.2306;64;True;1;
64;2;34;5;normal;0;072d86803ac1;move;;;30;25;;;;;;;;;;True;False;False;False;;ok;16329.124776490044;15257.97635747678;15257.97635747678;15257.97635747678;434;15257.97635747678;4461.7794;1071.1484190132633;Evaluated;5.8779;2.4372;64;True;1;
64;2;34;;normal;1;;;;;;;;;;;;;;;;;;;;;End-of-iteration summary row;;;15257.97635747678;15257.97635747678;434;15257.97635747678;4461.7821;;IterationSummary;;;;;;
65;2;35;1;normal;1;072d86803ac1;move;;;7;2;;;;;;;;;;True;False;False;False;;ok;17163.52047023295;15257.97635747678;15257.97635747678;15257.97635747678;435;15257.97635747678;4474.0343;1905.5441127561699;Evaluated;9.8072;2.4273;64;True;2;duplicate_for_same_parent_sequence
65;2;35;2;normal;1;072d86803ac1;swap;18;24;;;;;;;;;;;;True;False;False;False;;ok;16354.107034044231;15257.97635747678;15257.97635747678;15257.97635747678;436;15257.97635747678;4482.4037;1096.1306765674508;Evaluated;5.9379;2.4284;64;True;1;
65;2;35;3;normal;1;072d86803ac1;move;;;15;20;;;;;;;;;;True;False;False;False;;ok;15932.593513478036;15257.97635747678;15257.97635747678;15257.97635747678;437;15257.97635747678;4494.3727;674.6171560012554;Evaluated;9.7332;2.2333;64;True;2;duplicate_for_same_parent_sequence
65;2;35;4;normal;1;072d86803ac1;move;;;48;50;;;;;;;;;;True;False;False;False;;ok;15942.563081580663;15257.97635747678;15257.97635747678;15257.97635747678;438;15257.97635747678;4502.2734;684.5867241038832;Evaluated;5.6719;2.2262;64;True;1;
65;2;35;5;normal;1;072d86803ac1;move;;;50;18;;;;;;;;;;True;False;False;True;;ok;15517.78248879318;15257.97635747678;15257.97635747678;15257.97635747678;439;15257.97635747678;4510.0805;259.80613131639984;Evaluated;5.5759;2.2304;64;True;1;
65;2;35;;normal;2;;;;;;;;;;;;;;;;;;;;;End-of-iteration summary row;;;15257.97635747678;15257.97635747678;439;15257.97635747678;4510.0832;;IterationSummary;;;;;;
66;2;36;1;normal;2;072d86803ac1;move;;;10;5;;;;;;;;;;True;False;False;False;;ok;15721.524873954062;15257.97635747678;15257.97635747678;15257.97635747678;440;15257.97635747678;4521.9981;463.54851647728174;Evaluated;9.6745;2.2248;64;True;2;duplicate_for_same_parent_sequence
66;2;36;2;normal;2;072d86803ac1;move;;;8;15;;;;;;;;;;True;False;False;False;;ok;15824.060350481022;15257.97635747678;15257.97635747678;15257.97635747678;441;15257.97635747678;4533.5511;566.0839930042421;Evaluated;9.3192;2.2311;64;True;2;duplicate_for_same_parent_sequence
66;2;36;3;normal;2;072d86803ac1;move;;;35;40;;;;;;;;;;True;False;False;False;;ok;16113.589170375384;15257.97635747678;15257.97635747678;15257.97635747678;442;15257.97635747678;4546.0406;855.6128128986038;Evaluated;10.0565;2.4298;64;True;2;duplicate_for_same_parent_sequence
66;2;36;4;normal;2;072d86803ac1;move;;;60;55;;;;;;;;;;True;False;False;False;;ok;15784.270815927588;15257.97635747678;15257.97635747678;15257.97635747678;443;15257.97635747678;4557.5425;526.2944584508077;Evaluated;9.2758;2.2234;64;True;2;duplicate_for_same_parent_sequence
66;2;36;5;normal;2;072d86803ac1;move;;;58;61;;;;;;;;;;True;False;False;False;;ok;15406.672387340897;15257.97635747678;15257.97635747678;15257.97635747678;444;15257.97635747678;4565.4395;148.696029864117;Evaluated;5.6631;2.2297;64;True;1;
66;2;36;;normal;3;;;;;;;;;;;;;;;;;;;;;End-of-iteration summary row;;;15257.97635747678;15257.97635747678;444;15257.97635747678;4565.4423;;IterationSummary;;;;;;
67;2;37;1;diversification;3;072d86803ac1;move;;;5;20;;;;;;;;;;True;False;False;True;;ok;16544.290118397304;15257.97635747678;15257.97635747678;15257.97635747678;445;15257.97635747678;4573.9637;1286.3137609205241;Evaluated;6.0748;2.4324;64;True;1;
67;2;37;2;diversification;3;072d86803ac1;reinsert_block;;;;;;;20;24;35;;;;;True;False;False;True;;ok;15341.251561479909;15257.97635747678;15257.97635747678;15257.97635747678;446;15257.97635747678;4582.3114;83.27520400312824;Evaluated;6.1204;2.2236;64;True;1;
67;2;37;3;diversification;3;072d86803ac1;swap;34;42;;;;;;;;;;;;True;False;False;False;;ok;15257.97635747678;15257.97635747678;15257.97635747678;15257.97635747678;447;15257.97635747678;4590.1427;0.0;Evaluated;5.5992;2.2308;64;True;1;
67;2;37;4;diversification;3;072d86803ac1;move;;;50;20;;;;;;;;;;True;False;False;True;;ok;15710.25499047987;15257.97635747678;15257.97635747678;15257.97635747678;448;15257.97635747678;4598.3944;452.27863300309036;Evaluated;6.0154;2.233;64;True;1;
67;2;37;5;diversification;3;072d86803ac1;move;;;25;30;;;;;;;;;;True;False;False;False;;ok;15937.229623008283;15257.97635747678;15257.97635747678;15257.97635747678;449;15257.97635747678;4606.3442;679.2532655315026;Evaluated;5.7223;2.2249;64;True;1;
67;2;37;6;diversification;3;072d86803ac1;move;;;32;35;;;;;;;;;;True;False;False;False;;ok;15824.868489233557;15257.97635747678;15257.97635747678;15257.97635747678;450;15257.97635747678;4618.1794;566.8921317567765;Evaluated;9.6045;2.2281;64;True;2;duplicate_for_same_parent_sequence
67;2;37;7;diversification;3;072d86803ac1;move;;;17;45;;;;;;;;;;True;False;False;True;;ok;15946.011394987087;15257.97635747678;15257.97635747678;15257.97635747678;451;15257.97635747678;4633.4937;688.0350375103062;Evaluated;13.0879;2.2239;64;True;3;duplicate_for_same_parent_sequence
67;2;37;8;diversification;3;072d86803ac1;move;;;17;24;;;;;;;;;;True;False;False;False;;ok;16357.235165668402;15257.97635747678;15257.97635747678;15257.97635747678;452;15257.97635747678;4641.4134;1099.258808191622;Evaluated;5.4851;2.432;64;True;1;
67;2;37;9;diversification;3;072d86803ac1;move;;;40;35;;;;;;;;;;True;False;False;False;;ok;16338.267157976765;15257.97635747678;15257.97635747678;15257.97635747678;453;15257.97635747678;4653.2343;1080.2908004999845;Evaluated;9.3898;2.4272;64;True;2;duplicate_for_same_parent_sequence
67;2;37;10;diversification;3;072d86803ac1;move;;;45;30;;;;;;;;;;True;False;False;True;;ok;16233.936862207029;15257.97635747678;15257.97635747678;15257.97635747678;454;15257.97635747678;4661.5789;975.9605047302484;Evaluated;5.9116;2.43;64;True;1;
67;2;37;;diversification;4;;;;;;;;;;;;;;;;;;;;;End-of-iteration summary row;;;15257.97635747678;15257.97635747678;454;15257.97635747678;4661.5816;;IterationSummary;;;;;;
68;2;38;1;diversification;4;072d86803ac1;move;;;10;25;;;;;;;;;;True;False;False;True;;ok;16342.61199993276;15257.97635747678;15257.97635747678;15257.97635747678;455;15257.97635747678;4670.2162;1084.63564245598;Evaluated;6.1889;2.437;64;True;1;
68;2;38;2;diversification;4;072d86803ac1;move;;;18;35;;;;;;;;;;True;False;False;True;;ok;15978.285998353873;15257.97635747678;15257.97635747678;15257.97635747678;456;15257.97635747678;4682.5455;720.3096408770925;Evaluated;10.0959;2.2326;64;True;2;duplicate_for_same_parent_sequence
68;2;38;3;diversification;4;072d86803ac1;swap;32;40;;;;;;;;;;;;True;False;False;False;;ok;15257.97635747678;15257.97635747678;15257.97635747678;15257.97635747678;457;15257.97635747678;4690.4827;0.0;Evaluated;5.7028;2.2317;64;True;1;
68;2;38;4;diversification;4;072d86803ac1;move;;;49;30;;;;;;;;;;True;False;False;True;;ok;16269.065128611768;15257.97635747678;15257.97635747678;15257.97635747678;458;15257.97635747678;4702.3113;1011.0887711349878;Evaluated;9.3969;2.4292;64;True;2;duplicate_for_same_parent_sequence
68;2;38;5;diversification;4;072d86803ac1;move;;;20;4;;;;;;;;;;True;False;False;True;;ok;16622.05037278731;15257.97635747678;15257.97635747678;15257.97635747678;459;15257.97635747678;4718.1968;1364.0740153105307;Evaluated;13.4523;2.4306;64;True;3;duplicate_for_same_parent_sequence
68;2;38;6;diversification;4;072d86803ac1;move;;;52;30;;;;;;;;;;True;False;False;True;;ok;17248.066888901834;15257.97635747678;15257.97635747678;15257.97635747678;460;15257.97635747678;4726.4389;1990.090531425054;Evaluated;5.8051;2.4345;64;True;1;
68;2;38;7;diversification;4;072d86803ac1;move;;;18;40;;;;;;;;;;True;False;False;True;;ok;15975.988705697577;15257.97635747678;15257.97635747678;15257.97635747678;461;15257.97635747678;4737.9947;718.0123482207964;Evaluated;9.3241;2.2289;64;True;2;duplicate_for_same_parent_sequence
68;2;38;8;diversification;4;072d86803ac1;move;;;8;15;;;;;;;;;;False;True;False;;;ok;;15257.97635747678;15257.97635747678;15257.97635747678;461;15257.97635747678;4751.6804;;DuplicateForSameParentSequenceAfterRetries;13.6828;;;;3;duplicate_for_same_parent_sequence
68;2;38;9;diversification;4;072d86803ac1;move;;;47;5;;;;;;;;;;True;False;False;True;;ok;15289.317929587029;15257.97635747678;15257.97635747678;15257.97635747678;462;15257.97635747678;4763.4017;31.341572110248308;Evaluated;9.4916;2.2286;64;True;2;duplicate_for_same_parent_sequence
68;2;38;10;diversification;4;072d86803ac1;move;;;43;25;;;;;;;;;;True;False;False;True;;ok;16266.569768110761;15257.97635747678;15257.97635747678;15257.97635747678;463;15257.97635747678;4775.6638;1008.593410633981;Evaluated;9.8227;2.4367;64;True;2;duplicate_for_same_parent_sequence
68;2;38;;diversification;5;;;;;;;;;;;;;;;;;;;;;End-of-iteration summary row;;;15257.97635747678;15257.97635747678;463;15257.97635747678;4775.6677;;IterationSummary;;;;;;
69;2;39;1;diversification;5;072d86803ac1;move;;;8;30;;;;;;;;;;True;False;False;True;;ok;16436.23243490431;15257.97635747678;15257.97635747678;15257.97635747678;464;15257.97635747678;4784.2747;1178.256077427528;Evaluated;6.1612;2.4335;64;True;1;
69;2;39;2;diversification;5;072d86803ac1;reinsert_block;;;;;;;17;24;35;;;;;True;False;False;True;;ok;15886.770852915311;15257.97635747678;15257.97635747678;15257.97635747678;465;15257.97635747678;4792.6548;628.7944954385312;Evaluated;6.1457;2.231;64;True;1;
69;2;39;3;diversification;5;072d86803ac1;swap;35;42;;;;;;;;;;;;True;False;False;False;;ok;15265.156117126908;15257.97635747678;15257.97635747678;15257.97635747678;466;15257.97635747678;4800.6044;7.17975965012738;Evaluated;5.7196;2.2292;64;True;1;
69;2;39;4;diversification;5;072d86803ac1;move;;;50;35;;;;;;;;;;True;False;False;True;;ok;15569.585380731465;15257.97635747678;15257.97635747678;15257.97635747678;467;15257.97635747678;4808.7877;311.60902325468487;Evaluated;5.948;2.2319;64;True;1;
69;2;39;5;diversification;5;072d86803ac1;swap;35;45;;;;;;;;;;;;True;False;False;False;;ok;16788.995134003944;15257.97635747678;15257.97635747678;15257.97635747678;468;15257.97635747678;4820.5549;1531.018776527164;Evaluated;9.3417;2.4249;64;True;2;duplicate_for_same_parent_sequence
69;2;39;6;diversification;5;072d86803ac1;move;;;18;35;;;;;;;;;;False;True;False;;;ok;;15257.97635747678;15257.97635747678;15257.97635747678;468;15257.97635747678;4833.858;;DuplicateForSameParentSequenceAfterRetries;13.3023;;;;3;duplicate_for_same_parent_sequence
69;2;39;7;diversification;5;072d86803ac1;move;;;35;10;;;;;;;;;;True;False;False;True;;ok;17209.47814520765;15257.97635747678;15257.97635747678;15257.97635747678;469;15257.97635747678;4845.6806;1951.5017877308692;Evaluated;9.39;2.4317;64;True;2;duplicate_for_same_parent_sequence
69;2;39;8;diversification;5;072d86803ac1;move;;;30;45;;;;;;;;;;True;False;False;True;;ok;15310.249310175353;15257.97635747678;15257.97635747678;15257.97635747678;470;15257.97635747678;4857.4315;52.272952698573135;Evaluated;9.5228;2.2248;64;True;2;duplicate_for_same_parent_sequence
69;2;39;9;diversification;5;072d86803ac1;move;;;27;48;;;;;;;;;;True;False;False;True;;ok;15674.597962782931;15257.97635747678;15257.97635747678;15257.97635747678;471;15257.97635747678;4869.0256;416.62160530615074;Evaluated;9.361;2.2303;64;True;2;duplicate_for_same_parent_sequence
69;2;39;10;diversification;5;072d86803ac1;swap;42;47;;;;;;;;;;;;True;False;False;False;;ok;16482.372031865027;15257.97635747678;15257.97635747678;15257.97635747678;472;15257.97635747678;4881.2128;1224.3956743882463;Evaluated;9.7508;2.4329;64;True;2;duplicate_for_same_parent_sequence
69;2;39;;diversification;6;;;;;;;;;;;;;;;;;;;;;End-of-iteration summary row;;;15257.97635747678;15257.97635747678;472;15257.97635747678;4881.2155;;IterationSummary;;;;;;
70;2;40;1;diversification;6;072d86803ac1;move;;;7;20;;;;;;;;;;True;False;False;True;;ok;16988.860247458077;15257.97635747678;15257.97635747678;15257.97635747678;473;15257.97635747678;4893.8437;1730.8838899812963;Evaluated;10.1841;2.4312;64;True;2;duplicate_for_same_parent_sequence
70;2;40;2;diversification;6;072d86803ac1;reinsert_block;;;;;;;18;23;40;;;;;True;False;False;True;;ok;16434.80658823736;15257.97635747678;15257.97635747678;15257.97635747678;474;15257.97635747678;4902.8177;1176.830230760579;Evaluated;6.5443;2.427;64;True;1;
70;2;40;3;diversification;6;072d86803ac1;swap;38;47;;;;;;;;;;;;True;False;False;False;;ok;15257.97635747678;15257.97635747678;15257.97635747678;15257.97635747678;475;15257.97635747678;4914.4254;0.0;Evaluated;9.3729;2.2315;64;True;2;duplicate_for_same_parent_sequence
70;2;40;4;diversification;6;072d86803ac1;move;;;52;48;;;;;;;;;;True;False;False;False;;ok;15474.915249331998;15257.97635747678;15257.97635747678;15257.97635747678;476;15257.97635747678;4922.4058;216.93889185521766;Evaluated;5.7461;2.2305;64;True;1;
70;2;40;5;diversification;6;072d86803ac1;move;;;20;45;;;;;;;;;;True;False;False;True;;ok;16689.352223485013;15257.97635747678;15257.97635747678;15257.97635747678;477;15257.97635747678;4930.5572;1431.375866008233;Evaluated;5.7229;2.4271;64;True;1;
70;2;40;6;diversification;6;072d86803ac1;move;;;50;30;;;;;;;;;;True;False;False;True;;ok;15593.27337131237;15257.97635747678;15257.97635747678;15257.97635747678;478;15257.97635747678;4938.8366;335.2970138355904;Evaluated;6.0407;2.236;64;True;1;
70;2;40;7;diversification;6;072d86803ac1;move;;;25;15;;;;;;;;;;True;False;False;True;;ok;16485.8767713859;15257.97635747678;15257.97635747678;15257.97635747678;479;15257.97635747678;4946.9216;1227.9004139091212;Evaluated;5.6549;2.4282;64;True;1;
70;2;40;8;diversification;6;072d86803ac1;move;;;15;8;;;;;;;;;;True;False;False;False;;ok;15259.840856597253;15257.97635747678;15257.97635747678;15257.97635747678;480;15257.97635747678;4954.7249;1.8644991204728285;Evaluated;5.5775;2.2249;64;True;1;
70;2;40;9;diversification;6;072d86803ac1;move;;;25;40;;;;;;;;;;True;False;False;True;;ok;16305.403035301986;15257.97635747678;15257.97635747678;15257.97635747678;481;15257.97635747678;4963.2357;1047.4266778252058;Evaluated;6.0766;2.4299;64;True;1;
70;2;40;10;diversification;6;072d86803ac1;move;;;42;30;;;;;;;;;;True;False;False;True;;ok;15955.045514012143;15257.97635747678;15257.97635747678;15257.97635747678;482;15257.97635747678;4974.961;697.0691565353627;Evaluated;9.4844;2.2384;64;True;2;duplicate_for_same_parent_sequence
70;2;40;;diversification;7;;;;;;;;;;;;;;;;;;;;;End-of-iteration summary row;;;15257.97635747678;15257.97635747678;482;15257.97635747678;4974.9646;;IterationSummary;;;;;;
71;2;41;1;diversification;7;072d86803ac1;move;;;7;20;;;;;;;;;;False;True;False;;;ok;;15257.97635747678;15257.97635747678;15257.97635747678;482;15257.97635747678;4988.4913;;DuplicateForSameParentSequenceAfterRetries;13.5176;;;;3;duplicate_for_same_parent_sequence
71;2;41;2;diversification;7;072d86803ac1;move;;;7;5;;;;;;;;;;True;False;False;False;;ok;16986.435537188863;15257.97635747678;15257.97635747678;15257.97635747678;483;15257.97635747678;5000.8437;1728.459179712083;Evaluated;9.9214;2.4299;64;True;2;duplicate_for_same_parent_sequence
71;2;41;3;diversification;7;072d86803ac1;swap;35;40;;;;;;;;;;;;True;False;False;False;;ok;16113.589170375384;15257.97635747678;15257.97635747678;15257.97635747678;484;15257.97635747678;5012.8132;855.6128128986038;Evaluated;9.73;2.2367;64;True;2;duplicate_for_same_parent_sequence
71;2;41;4;diversification;7;072d86803ac1;move;;;60;35;;;;;;;;;;True;False;False;True;;ok;16048.576947839338;15257.97635747678;15257.97635747678;15257.97635747678;485;15257.97635747678;5024.6503;790.6005903625573;Evaluated;9.6035;2.2306;64;True;2;duplicate_for_same_parent_sequence
71;2;41;5;diversification;7;072d86803ac1;move;;;45;20;;;;;;;;;;True;False;False;True;;ok;16677.902006837227;15257.97635747678;15257.97635747678;15257.97635747678;486;15257.97635747678;5032.8057;1419.9256493604462;Evaluated;5.7218;2.4322;64;True;1;
71;2;41;6;diversification;7;072d86803ac1;move;;;61;28;;;;;;;;;;True;False;False;True;;ok;17054.539781858373;15257.97635747678;15257.97635747678;15257.97635747678;487;15257.97635747678;5044.9595;1796.563424381593;Evaluated;9.7255;2.4276;64;True;2;duplicate_for_same_parent_sequence
71;2;41;7;diversification;7;072d86803ac1;move;;;30;10;;;;;;;;;;True;False;False;True;;ok;15726.309044120124;15257.97635747678;15257.97635747678;15257.97635747678;488;15257.97635747678;5056.5447;468.33268664334355;Evaluated;9.3577;2.2248;64;True;2;duplicate_for_same_parent_sequence
71;2;41;8;diversification;7;072d86803ac1;move;;;20;35;;;;;;;;;;True;False;False;True;;ok;16104.023878463899;15257.97635747678;15257.97635747678;15257.97635747678;489;15257.97635747678;5064.4935;846.0475209871183;Evaluated;5.7144;2.2337;64;True;1;
71;2;41;9;diversification;7;072d86803ac1;move;;;25;10;;;;;;;;;;True;False;False;True;;ok;16793.941872678064;15257.97635747678;15257.97635747678;15257.97635747678;490;15257.97635747678;5072.5582;1535.9655152012838;Evaluated;5.6373;2.4265;64;True;1;
71;2;41;10;diversification;7;072d86803ac1;move;;;52;35;;;;;;;;;;True;False;False;True;;ok;16237.50354628126;15257.97635747678;15257.97635747678;15257.97635747678;491;15257.97635747678;5084.7528;979.527188804479;Evaluated;9.7604;2.4335;64;True;2;duplicate_for_same_parent_sequence
71;2;41;;diversification;8;;;;;;;;;;;;;;;;;;;;;End-of-iteration summary row;;;15257.97635747678;15257.97635747678;491;15257.97635747678;5084.7561;;IterationSummary;;;;;;
72;2;42;1;diversification;8;072d86803ac1;move;;;14;25;;;;;;;;;;True;False;False;True;;ok;15265.771936046649;15257.97635747678;15257.97635747678;15257.97635747678;492;15257.97635747678;5093.205;7.795578569868667;Evaluated;6.208;2.2286;64;True;1;
72;2;42;2;diversification;8;072d86803ac1;reinsert_block;;;;;;;16;23;40;;;;;True;False;False;True;;ok;16161.904939170268;15257.97635747678;15257.97635747678;15257.97635747678;493;15257.97635747678;5101.7657;903.928581693488;Evaluated;6.1277;2.4297;64;True;1;
72;2;42;3;diversification;8;072d86803ac1;swap;32;47;;;;;;;;;;;;True;False;False;True;;ok;16615.388790795496;15257.97635747678;15257.97635747678;15257.97635747678;494;15257.97635747678;5113.9835;1357.4124333187156;Evaluated;9.7868;2.4284;64;True;2;duplicate_for_same_parent_sequence
72;2;42;4;diversification;8;072d86803ac1;move;;;49;25;;;;;;;;;;True;False;False;True;;ok;16114.157901993558;15257.97635747678;15257.97635747678;15257.97635747678;495;15257.97635747678;5126.2311;856.1815445167776;Evaluated;9.8117;2.4349;64;True;2;duplicate_for_same_parent_sequence
72;2;42;5;diversification;8;072d86803ac1;swap;3;7;;;;;;;;;;;;True;False;False;False;;ok;16506.362239827587;15257.97635747678;15257.97635747678;15257.97635747678;496;15257.97635747678;5137.9503;1248.3858823508072;Evaluated;9.2861;2.4302;64;True;2;duplicate_for_same_parent_sequence
72;2;42;6;diversification;8;072d86803ac1;move;;;40;20;;;;;;;;;;True;False;False;True;;ok;16106.960191002952;15257.97635747678;15257.97635747678;15257.97635747678;497;15257.97635747678;5149.8832;848.983833526172;Evaluated;9.4997;2.4293;64;True;2;duplicate_for_same_parent_sequence
72;2;42;7;diversification;8;072d86803ac1;move;;;40;25;;;;;;;;;;True;False;False;True;;ok;16373.40926044507;15257.97635747678;15257.97635747678;15257.97635747678;498;15257.97635747678;5161.7706;1115.4329029682904;Evaluated;9.4482;2.4361;64;True;2;duplicate_for_same_parent_sequence
72;2;42;8;diversification;8;072d86803ac1;move;;;8;20;;;;;;;;;;True;False;False;True;;ok;16151.3638054785;15257.97635747678;15257.97635747678;15257.97635747678;499;15257.97635747678;5169.8553;893.3874480017203;Evaluated;5.6513;2.4305;64;True;1;
72;2;42;9;diversification;8;072d86803ac1;move;;;28;35;;;;;;;;;;True;False;False;False;;ok;15745.620070154664;15257.97635747678;15257.97635747678;15257.97635747678;500;15257.97635747678;5177.7147;487.64371267788374;Evaluated;5.6289;2.2271;64;True;1;
72;2;42;10;diversification;8;072d86803ac1;swap;52;61;;;;;;;;;;;;True;False;False;False;;ok;15257.97635747678;15257.97635747678;15257.97635747678;15257.97635747678;501;15257.97635747678;5189.3088;0.0;Evaluated;9.3594;2.2318;64;True;2;duplicate_for_same_parent_sequence
72;2;42;;diversification;9;;;;;;;;;;;;;;;;;;;;;End-of-iteration summary row;;;15257.97635747678;15257.97635747678;501;15257.97635747678;5189.3124;;IterationSummary;;;;;;
73;2;43;1;diversification;9;072d86803ac1;move;;;10;30;;;;;;;;;;True;False;False;True;;ok;16004.762975308084;15257.97635747678;15257.97635747678;15257.97635747678;502;15257.97635747678;5197.7649;746.7866178313034;Evaluated;6.2145;2.2302;64;True;1;
73;2;43;2;diversification;9;072d86803ac1;move;;;30;5;;;;;;;;;;True;False;False;True;;ok;17195.496307581572;15257.97635747678;15257.97635747678;15257.97635747678;503;15257.97635747678;5210.0102;1937.5199501047919;Evaluated;9.8133;2.4294;64;True;2;duplicate_for_same_parent_sequence
73;2;43;3;diversification;9;072d86803ac1;move;;;38;50;;;;;;;;;;True;False;False;True;;ok;15507.862074979425;15257.97635747678;15257.97635747678;15257.97635747678;504;15257.97635747678;5221.719;249.88571750264418;Evaluated;9.4788;2.2262;64;True;2;duplicate_for_same_parent_sequence
73;2;43;4;diversification;9;072d86803ac1;move;;;52;61;;;;;;;;;;True;False;False;False;;ok;15931.427974916896;15257.97635747678;15257.97635747678;15257.97635747678;505;15257.97635747678;5233.5506;673.451617440116;Evaluated;9.5974;2.2305;64;True;2;duplicate_for_same_parent_sequence
73;2;43;5;diversification;9;072d86803ac1;move;;;30;12;;;;;;;;;;True;False;False;True;;ok;15369.573234270061;15257.97635747678;15257.97635747678;15257.97635747678;506;15257.97635747678;5245.1068;111.5968767932809;Evaluated;9.3211;2.2325;64;True;2;duplicate_for_same_parent_sequence
73;2;43;6;diversification;9;072d86803ac1;move;;;58;40;;;;;;;;;;True;False;False;True;;ok;15879.829999342734;15257.97635747678;15257.97635747678;15257.97635747678;507;15257.97635747678;5253.0718;621.8536418659533;Evaluated;5.735;2.2274;64;True;1;
73;2;43;7;diversification;9;072d86803ac1;move;;;50;10;;;;;;;;;;True;False;False;True;;ok;15316.724365915463;15257.97635747678;15257.97635747678;15257.97635747678;508;15257.97635747678;5265.0029;58.74800843868252;Evaluated;9.6958;2.2325;64;True;2;duplicate_for_same_parent_sequence
73;2;43;8;diversification;9;072d86803ac1;move;;;18;35;;;;;;;;;;False;True;False;;;ok;;15257.97635747678;15257.97635747678;15257.97635747678;508;15257.97635747678;5278.3712;;DuplicateForSameParentSequenceAfterRetries;13.3655;;;;3;duplicate_for_same_parent_sequence
73;2;43;9;diversification;9;072d86803ac1;move;;;50;28;;;;;;;;;;True;False;False;True;;ok;15581.209407156848;15257.97635747678;15257.97635747678;15257.97635747678;509;15257.97635747678;5286.2705;323.2330496800678;Evaluated;5.6674;2.2308;64;True;1;
73;2;43;10;diversification;9;072d86803ac1;move;;;48;20;;;;;;;;;;True;False;False;True;;ok;15834.914172955052;15257.97635747678;15257.97635747678;15257.97635747678;510;15257.97635747678;5298.1151;576.9378154782717;Evaluated;9.6103;2.231;64;True;2;duplicate_for_same_parent_sequence
73;3;0;;diversification;0;;;;;;;;;;;;;;;;;;;;;End-of-iteration summary row;;;16625.423888583944;15257.97635747678;511;15257.97635747678;5300.5574;;IterationSummary;;;;;;
74;3;1;1;normal;0;0f63cf6f404e;move;;;10;25;;;;;;;;;;True;False;False;True;;ok;17159.056899512907;16625.423888583944;16625.423888583944;15257.97635747678;512;15257.97635747678;5308.8335;533.6330109289629;Evaluated;5.8356;2.4346;64;True;1;
74;3;1;2;normal;0;0f63cf6f404e;swap;18;20;;;;;;;;;;;;True;False;False;False;;ok;17387.568121285403;16625.423888583944;16625.423888583944;15257.97635747678;513;15257.97635747678;5316.4913;762.1442327014593;Evaluated;5.2229;2.4317;64;True;1;
74;3;1;3;normal;0;0f63cf6f404e;reinsert_block;;;;;;;32;40;50;;;;;True;False;False;True;;ok;16513.55468358114;16625.423888583944;16625.423888583944;15257.97635747678;514;15257.97635747678;5324.6694;-111.86920500280394;Evaluated;5.7441;2.4317;64;True;1;
74;3;1;4;normal;0;0f63cf6f404e;move;;;50;15;;;;;;;;;;True;False;False;True;;ok;17456.41048256918;16625.423888583944;16625.423888583944;15257.97635747678;515;15257.97635747678;5332.3085;830.9865939852352;Evaluated;5.2097;2.4287;64;True;1;
74;3;1;5;normal;0;0f63cf6f404e;move;;;10;30;;;;;;;;;;True;False;False;True;;ok;17551.443722830405;16625.423888583944;16625.423888583944;15257.97635747678;516;15257.97635747678;5339.7792;926.019834246461;Evaluated;5.0395;2.4286;64;True;1;
74;3;1;;normal;0;;;;;;;;;;;;;;;;;;;;;End-of-iteration summary row;;;16513.55468358114;15257.97635747678;516;15257.97635747678;5339.8017;;IterationSummary;;;;;;
75;3;2;1;normal;0;b3b7791b04e9;move;;;10;25;;;;;;;;;;True;False;False;True;;ok;17052.211124639023;16513.55468358114;16513.55468358114;15257.97635747678;517;15257.97635747678;5348.1522;538.6564410578831;Evaluated;5.916;2.4273;64;True;1;
75;3;2;2;normal;0;b3b7791b04e9;swap;20;21;;;;;;;;;;;;True;False;False;False;;ok;16539.858255750267;16513.55468358114;16513.55468358114;15257.97635747678;518;15257.97635747678;5356.2531;26.30357216912671;Evaluated;5.663;2.4349;64;True;1;
75;3;2;3;normal;0;b3b7791b04e9;reinsert_block;;;;;;;35;40;28;;;;;True;False;False;False;;ok;16434.43604114474;16513.55468358114;16513.55468358114;15257.97635747678;519;15257.97635747678;5364.7419;-79.11864243639866;Evaluated;6.0502;2.4356;64;True;1;
75;3;2;4;normal;0;b3b7791b04e9;move;;;50;28;;;;;;;;;;True;False;False;True;;ok;16978.26680730222;16513.55468358114;16513.55468358114;15257.97635747678;520;15257.97635747678;5372.7781;464.7121237210813;Evaluated;5.6012;2.4316;64;True;1;
75;3;2;5;normal;0;b3b7791b04e9;move;;;58;40;;;;;;;;;;True;False;False;True;;ok;16348.681889107464;16513.55468358114;16513.55468358114;15257.97635747678;521;15257.97635747678;5381.0455;-164.87279447367655;Evaluated;5.832;2.4323;64;True;1;
75;3;2;;normal;0;;;;;;;;;;;;;;;;;;;;;End-of-iteration summary row;;;16348.681889107464;15257.97635747678;521;15257.97635747678;5381.0662;;IterationSummary;;;;;;
76;3;3;1;normal;0;25678b964ed1;move;;;10;25;;;;;;;;;;True;False;False;True;;ok;16882.31490003642;16348.681889107464;16348.681889107464;15257.97635747678;522;15257.97635747678;5389.5011;533.6330109289574;Evaluated;6.0001;2.4289;64;True;1;
76;3;3;2;normal;0;25678b964ed1;swap;20;25;;;;;;;;;;;;True;False;False;False;;ok;16848.13131486308;16348.681889107464;16348.681889107464;15257.97635747678;523;15257.97635747678;5397.855;499.4494257556162;Evaluated;5.923;2.4281;64;True;1;
76;3;3;3;normal;0;25678b964ed1;reinsert_block;;;;;;;32;35;40;;;;;True;False;False;False;;ok;16169.219286825924;16348.681889107464;16348.681889107464;15257.97635747678;524;15257.97635747678;5406.3252;-179.46260228153915;Evaluated;6.0356;2.4311;64;True;1;
76;3;3;4;normal;0;25678b964ed1;move;;;50;30;;;;;;;;;;True;False;False;True;;ok;16184.161502506624;16348.681889107464;16348.681889107464;15257.97635747678;525;15257.97635747678;5414.6219;-164.52038660083963;Evaluated;5.8663;2.4274;64;True;1;
76;3;3;5;normal;0;25678b964ed1;move;;;30;15;;;;;;;;;;True;False;False;True;;ok;16429.21344610588;16348.681889107464;16348.681889107464;15257.97635747678;526;15257.97635747678;5422.8522;80.53155699841773;Evaluated;5.7955;2.432;64;True;1;
76;3;3;;normal;0;;;;;;;;;;;;;;;;;;;;;End-of-iteration summary row;;;16169.219286825924;15257.97635747678;526;15257.97635747678;5422.8728;;IterationSummary;;;;;;
77;3;4;1;normal;0;1ebf6dc2c545;move;;;10;25;;;;;;;;;;True;False;False;True;;ok;16559.684283817343;16169.219286825924;16169.219286825924;15257.97635747678;527;15257.97635747678;5431.048;390.46499699141896;Evaluated;5.7379;2.4315;64;True;1;
77;3;4;2;normal;0;1ebf6dc2c545;swap;17;20;;;;;;;;;;;;True;False;False;False;;ok;16765.301916262135;16169.219286825924;16169.219286825924;15257.97635747678;528;15257.97635747678;5439.152;596.0826294362105;Evaluated;5.6697;2.4335;64;True;1;
77;3;4;3;normal;0;1ebf6dc2c545;reinsert_block;;;;;;;35;40;28;;;;;True;False;False;False;;ok;16654.389848533614;16169.219286825924;16169.219286825924;15257.97635747678;529;15257.97635747678;5447.7556;485.17056170768956;Evaluated;6.1651;2.4358;64;True;1;
77;3;4;4;normal;0;1ebf6dc2c545;move;;;50;28;;;;;;;;;;True;False;False;True;;ok;16351.701881891202;16169.219286825924;16169.219286825924;15257.97635747678;530;15257.97635747678;5456.0606;182.48259506527756;Evaluated;5.8665;2.4353;64;True;1;
77;3;4;5;normal;0;1ebf6dc2c545;move;;;58;40;;;;;;;;;;True;False;False;True;;ok;16351.584553373239;16169.219286825924;16169.219286825924;15257.97635747678;531;15257.97635747678;5464.1028;182.3652665473146;Evaluated;5.6067;2.4347;64;True;1;
77;3;4;;normal;1;;;;;;;;;;;;;;;;;;;;;End-of-iteration summary row;;;16169.219286825924;15257.97635747678;531;15257.97635747678;5464.105;;IterationSummary;;;;;;
78;3;5;1;normal;1;1ebf6dc2c545;move;;;8;14;;;;;;;;;;True;False;False;False;;ok;16172.819105910079;16169.219286825924;16169.219286825924;15257.97635747678;532;15257.97635747678;5476.1604;3.5998190841546602;Evaluated;9.6199;2.4293;64;True;2;duplicate_for_same_parent_sequence
78;3;5;2;normal;1;1ebf6dc2c545;swap;18;20;;;;;;;;;;;;True;False;False;False;;ok;16820.02498315525;16169.219286825924;16169.219286825924;15257.97635747678;533;15257.97635747678;5483.9205;650.8056963293257;Evaluated;5.3269;2.4312;64;True;1;
78;3;5;3;normal;1;1ebf6dc2c545;move;;;30;17;;;;;;;;;;True;False;False;True;;ok;16746.43407730216;16169.219286825924;16169.219286825924;15257.97635747678;534;15257.97635747678;5496.0296;577.2147904762369;Evaluated;9.6575;2.4483;64;True;2;duplicate_for_same_parent_sequence
78;3;5;4;normal;1;1ebf6dc2c545;move;;;50;32;;;;;;;;;;True;False;False;True;;ok;16855.563568827867;16169.219286825924;16169.219286825924;15257.97635747678;535;15257.97635747678;5504.103;686.3442820019427;Evaluated;5.6391;2.4308;64;True;1;
78;3;5;5;normal;1;1ebf6dc2c545;move;;;58;30;;;;;;;;;;True;False;False;True;;ok;16352.556668666764;16169.219286825924;16169.219286825924;15257.97635747678;536;15257.97635747678;5512.0957;183.33738184083995;Evaluated;5.5634;2.4265;64;True;1;
78;3;5;;normal;2;;;;;;;;;;;;;;;;;;;;;End-of-iteration summary row;;;16169.219286825924;15257.97635747678;536;15257.97635747678;5512.0987;;IterationSummary;;;;;;
79;3;6;1;normal;2;1ebf6dc2c545;move;;;5;20;;;;;;;;;;True;False;False;True;;ok;16945.036059588245;16169.219286825924;16169.219286825924;15257.97635747678;537;15257.97635747678;5527.4967;775.8167727623204;Evaluated;12.9538;2.4286;64;True;3;duplicate_for_same_parent_sequence
79;3;6;2;normal;2;1ebf6dc2c545;move;;;35;45;;;;;;;;;;True;False;False;True;;ok;15712.849994443019;16169.219286825924;16169.219286825924;15257.97635747678;538;15257.97635747678;5543.0681;-456.36929238290577;Evaluated;13.3425;2.2261;64;True;3;duplicate_for_same_parent_sequence
79;3;6;3;normal;2;1ebf6dc2c545;move;;;45;35;;;;;;;;;;True;False;False;True;;ok;15981.828212633976;16169.219286825924;16169.219286825924;15257.97635747678;539;15257.97635747678;5555.3855;-187.39107419194806;Evaluated;10.085;2.2317;64;True;2;duplicate_for_same_parent_sequence
79;3;6;4;normal;2;1ebf6dc2c545;move;;;50;48;;;;;;;;;;True;False;False;False;;ok;16166.901268055075;16169.219286825924;16169.219286825924;15257.97635747678;540;15257.97635747678;5563.4875;-2.3180187708494486;Evaluated;5.6711;2.4302;64;True;1;
79;3;6;5;normal;2;1ebf6dc2c545;move;;;45;30;;;;;;;;;;True;False;False;True;;ok;15765.526825924007;16169.219286825924;16169.219286825924;15257.97635747678;541;15257.97635747678;5571.3037;-403.692460901917;Evaluated;5.5877;2.2253;64;True;1;
79;3;6;;normal;0;;;;;;;;;;;;;;;;;;;;;End-of-iteration summary row;;;15712.849994443019;15257.97635747678;541;15257.97635747678;5571.3217;;IterationSummary;;;;;;
80;3;7;1;normal;0;82c8661c51e4;move;;;20;15;;;;;;;;;;True;False;False;False;;ok;16424.88533488099;15712.849994443019;15712.849994443019;15257.97635747678;542;15257.97635747678;5579.7185;712.0353404379712;Evaluated;5.9553;2.434;64;True;1;
80;3;7;2;normal;0;82c8661c51e4;swap;20;21;;;;;;;;;;;;True;False;False;False;;ok;15717.200845320638;15712.849994443019;15712.849994443019;15257.97635747678;543;15257.97635747678;5587.5381;4.35085087761945;Evaluated;5.5892;2.2271;64;True;1;
80;3;7;3;normal;0;82c8661c51e4;reinsert_block;;;;;;;32;38;47;;;;;True;False;False;True;;ok;15818.751540495337;15712.849994443019;15712.849994443019;15257.97635747678;544;15257.97635747678;5595.7358;105.90154605231874;Evaluated;5.9615;2.2355;64;True;1;
80;3;7;4;normal;0;82c8661c51e4;move;;;58;30;;;;;;;;;;True;False;False;True;;ok;15676.530087178564;15712.849994443019;15712.849994443019;15257.97635747678;545;15257.97635747678;5603.4824;-36.31990726445474;Evaluated;5.5183;2.2251;64;True;1;
80;3;7;5;normal;0;82c8661c51e4;swap;10;20;;;;;;;;;;;;True;False;False;False;;ok;16916.251209392063;15712.849994443019;15712.849994443019;15257.97635747678;546;15257.97635747678;5615.1785;1203.4012149490445;Evaluated;9.263;2.4304;64;True;2;duplicate_for_same_parent_sequence
80;3;7;;normal;0;;;;;;;;;;;;;;;;;;;;;End-of-iteration summary row;;;15676.530087178564;15257.97635747678;546;15257.97635747678;5615.1916;;IterationSummary;;;;;;
81;3;8;1;normal;0;e2cacefc62c6;move;;;5;20;;;;;;;;;;True;False;False;True;;ok;16610.55441712241;15676.530087178564;15676.530087178564;15257.97635747678;547;15257.97635747678;5623.596;934.0243299438462;Evaluated;5.969;2.4268;64;True;1;
81;3;8;2;normal;0;e2cacefc62c6;swap;20;21;;;;;;;;;;;;True;False;False;False;;ok;15696.955413757305;15676.530087178564;15676.530087178564;15257.97635747678;548;15257.97635747678;5631.2398;20.42532657874108;Evaluated;5.4126;2.2284;64;True;1;
81;3;8;3;normal;0;e2cacefc62c6;reinsert_block;;;;;;;35;40;28;;;;;True;False;False;False;;ok;16322.924812807632;15676.530087178564;15676.530087178564;15257.97635747678;549;15257.97635747678;5639.6802;646.3947256290685;Evaluated;6.007;2.4308;64;True;1;
81;3;8;4;normal;0;e2cacefc62c6;move;;;50;48;;;;;;;;;;True;False;False;False;;ok;15733.01920084061;15676.530087178564;15676.530087178564;15257.97635747678;550;15257.97635747678;5647.535;56.48911366204629;Evaluated;5.621;2.231;64;True;1;
81;3;8;5;normal;0;e2cacefc62c6;move;;;30;20;;;;;;;;;;True;False;False;True;;ok;16184.34623027041;15676.530087178564;15676.530087178564;15257.97635747678;551;15257.97635747678;5658.9525;507.81614309184624;Evaluated;8.9804;2.4342;64;True;2;duplicate_for_same_parent_sequence
81;3;8;;normal;1;;;;;;;;;;;;;;;;;;;;;End-of-iteration summary row;;;15676.530087178564;15257.97635747678;551;15257.97635747678;5658.9556;;IterationSummary;;;;;;
82;3;9;1;normal;1;e2cacefc62c6;move;;;5;10;;;;;;;;;;True;False;False;False;;ok;16619.137949486376;15676.530087178564;15676.530087178564;15257.97635747678;552;15257.97635747678;5667.2737;942.607862307812;Evaluated;5.8771;2.4279;64;True;1;
82;3;9;2;normal;1;e2cacefc62c6;swap;20;30;;;;;;;;;;;;True;False;False;False;;ok;16374.431016866916;15676.530087178564;15676.530087178564;15257.97635747678;553;15257.97635747678;5675.2731;697.9009296883523;Evaluated;5.566;2.4315;64;True;1;
82;3;9;3;normal;1;e2cacefc62c6;reinsert_block;;;;;;;32;36;47;;;;;True;False;False;True;;ok;16724.810526248577;15676.530087178564;15676.530087178564;15257.97635747678;554;15257.97635747678;5683.6941;1048.280439070013;Evaluated;5.9901;2.4281;64;True;1;
82;3;9;4;normal;1;e2cacefc62c6;move;;;50;49;;;;;;;;;;True;False;False;False;;ok;15698.48916351481;15676.530087178564;15676.530087178564;15257.97635747678;555;15257.97635747678;5691.9293;21.959076336246653;Evaluated;6.0053;2.2274;64;True;1;
82;3;9;5;normal;1;e2cacefc62c6;move;;;40;35;;;;;;;;;;True;False;False;False;;ok;15842.582463212291;15676.530087178564;15676.530087178564;15257.97635747678;556;15257.97635747678;5699.8489;166.05237603372734;Evaluated;5.6902;2.2266;64;True;1;
82;3;9;;normal;2;;;;;;;;;;;;;;;;;;;;;End-of-iteration summary row;;;15676.530087178564;15257.97635747678;556;15257.97635747678;5699.8504;;IterationSummary;;;;;;
83;3;10;1;normal;2;e2cacefc62c6;move;;;7;3;;;;;;;;;;True;False;False;False;;ok;16983.78525498976;15676.530087178564;15676.530087178564;15257.97635747678;557;15257.97635747678;5711.7277;1307.2551678111977;Evaluated;9.4346;2.4279;64;True;2;duplicate_for_same_parent_sequence
83;3;10;2;normal;2;e2cacefc62c6;swap;25;30;;;;;;;;;;;;True;False;False;False;;ok;15676.530087178564;15676.530087178564;15676.530087178564;15257.97635747678;558;15257.97635747678;5723.3279;0.0;Evaluated;9.3658;2.23;64;True;2;duplicate_for_same_parent_sequence
83;3;10;3;normal;2;e2cacefc62c6;move;;;39;15;;;;;;;;;;True;False;False;True;;ok;16558.496401483502;15676.530087178564;15676.530087178564;15257.97635747678;559;15257.97635747678;5735.5142;881.9663143049384;Evaluated;9.7518;2.4317;64;True;2;duplicate_for_same_parent_sequence
83;3;10;4;normal;2;e2cacefc62c6;move;;;58;40;;;;;;;;;;True;False;False;True;;ok;15658.065887082543;15676.530087178564;15676.530087178564;15257.97635747678;560;15257.97635747678;5743.4033;-18.46420009602116;Evaluated;5.6556;2.2308;64;True;1;
83;3;10;5;normal;2;e2cacefc62c6;move;;;30;25;;;;;;;;;;True;False;False;False;;ok;15676.847585183568;15676.530087178564;15676.530087178564;15257.97635747678;561;15257.97635747678;5751.5258;0.3174980050043814;Evaluated;5.8906;2.2284;64;True;1;
83;3;10;;normal;0;;;;;;;;;;;;;;;;;;;;;End-of-iteration summary row;;;15658.065887082543;15257.97635747678;561;15257.97635747678;5751.5391;;IterationSummary;;;;;;
84;3;11;1;normal;0;6b771e6e6f0c;move;;;10;5;;;;;;;;;;True;False;False;False;;ok;16761.737467572013;15658.065887082543;15658.065887082543;15257.97635747678;562;15257.97635747678;5759.9146;1103.6715804894702;Evaluated;5.9418;2.4274;64;True;1;
84;3;11;2;normal;0;6b771e6e6f0c;swap;20;21;;;;;;;;;;;;True;False;False;False;;ok;15671.734853492804;15658.065887082543;15658.065887082543;15257.97635747678;563;15257.97635747678;5767.7882;13.668966410261419;Evaluated;5.648;2.2249;64;True;1;
84;3;11;3;normal;0;6b771e6e6f0c;reinsert_block;;;;;;;34;38;15;;;;;True;False;False;True;;ok;17008.6405656793;15658.065887082543;15658.065887082543;15257.97635747678;564;15257.97635747678;5776.2475;1350.5746785967567;Evaluated;6.0294;2.4293;64;True;1;
84;3;11;4;normal;0;6b771e6e6f0c;move;;;50;49;;;;;;;;;;True;False;False;False;;ok;15855.645858796583;15658.065887082543;15658.065887082543;15257.97635747678;565;15257.97635747678;5784.0492;197.57997171403986;Evaluated;5.5711;2.2275;64;True;1;
84;3;11;5;normal;0;6b771e6e6f0c;move;;;42;35;;;;;;;;;;True;False;False;False;;ok;15980.488203260538;15658.065887082543;15658.065887082543;15257.97635747678;566;15257.97635747678;5791.9538;322.4223161779955;Evaluated;5.6668;2.2361;64;True;1;
84;3;11;;normal;1;;;;;;;;;;;;;;;;;;;;;End-of-iteration summary row;;;15658.065887082543;15257.97635747678;566;15257.97635747678;5791.9574;;IterationSummary;;;;;;
85;3;12;1;normal;1;6b771e6e6f0c;move;;;7;3;;;;;;;;;;True;False;False;False;;ok;17011.28639387685;15658.065887082543;15658.065887082543;15257.97635747678;567;15257.97635747678;5800.5385;1353.2205067943069;Evaluated;6.1403;2.426;64;True;1;
85;3;12;2;normal;1;6b771e6e6f0c;swap;20;31;;;;;;;;;;;;True;False;False;False;;ok;16340.976516185523;15658.065887082543;15658.065887082543;15257.97635747678;568;15257.97635747678;5808.6194;682.9106291029802;Evaluated;5.6516;2.4284;64;True;1;
85;3;12;3;normal;1;6b771e6e6f0c;reinsert_block;;;;;;;35;40;17;;;;;True;False;False;True;;ok;16860.15586471524;15658.065887082543;15658.065887082543;15257.97635747678;569;15257.97635747678;5817.0735;1202.0899776326987;Evaluated;6.0239;2.4296;64;True;1;
85;3;12;4;normal;1;6b771e6e6f0c;move;;;50;48;;;;;;;;;;True;False;False;False;;ok;15848.14854884146;15658.065887082543;15658.065887082543;15257.97635747678;570;15257.97635747678;5824.7486;190.0826617589173;Evaluated;5.4469;2.2275;64;True;1;
85;3;12;5;normal;1;6b771e6e6f0c;move;;;40;25;;;;;;;;;;True;False;False;True;;ok;16188.972037973013;15658.065887082543;15658.065887082543;15257.97635747678;571;15257.97635747678;5832.8379;530.9061508904706;Evaluated;5.6616;2.4269;64;True;1;
85;3;12;;normal;2;;;;;;;;;;;;;;;;;;;;;End-of-iteration summary row;;;15658.065887082543;15257.97635747678;571;15257.97635747678;5832.8385;;IterationSummary;;;;;;
86;3;13;1;normal;2;6b771e6e6f0c;move;;;10;5;;;;;;;;;;False;True;False;;;ok;;15658.065887082543;15658.065887082543;15257.97635747678;571;15257.97635747678;5846.1255;;DuplicateForSameParentSequenceAfterRetries;13.279;;;;3;duplicate_for_same_parent_sequence
86;3;13;2;normal;2;6b771e6e6f0c;swap;17;20;;;;;;;;;;;;True;False;False;False;;ok;16500.555745641566;15658.065887082543;15658.065887082543;15257.97635747678;572;15257.97635747678;5854.147;842.4898585590236;Evaluated;5.5924;2.4281;64;True;1;
86;3;13;3;normal;2;6b771e6e6f0c;move;;;28;20;;;;;;;;;;True;False;False;False;;ok;16710.936618242802;15658.065887082543;15658.065887082543;15257.97635747678;573;15257.97635747678;5866.746;1052.8707311602593;Evaluated;10.1673;2.4302;64;True;2;duplicate_for_same_parent_sequence
86;3;13;4;normal;2;6b771e6e6f0c;move;;;58;40;;;;;;;;;;True;False;False;True;;ok;15512.245943699552;15658.065887082543;15658.065887082543;15257.97635747678;574;15257.97635747678;5874.5989;-145.81994338299046;Evaluated;5.6144;2.2351;64;True;1;
86;3;13;5;normal;2;6b771e6e6f0c;move;;;25;40;;;;;;;;;;True;False;False;True;;ok;16080.8453431448;15658.065887082543;15658.065887082543;15257.97635747678;575;15257.97635747678;5882.6181;422.77945606225694;Evaluated;5.589;2.429;64;True;1;
86;3;13;;normal;0;;;;;;;;;;;;;;;;;;;;;End-of-iteration summary row;;;15512.245943699552;15257.97635747678;575;15257.97635747678;5882.6261;;IterationSummary;;;;;;
87;3;14;1;normal;0;29fb3f887c5e;move;;;10;5;;;;;;;;;;True;False;False;False;;ok;16761.737467572013;15512.245943699552;15512.245943699552;15257.97635747678;576;15257.97635747678;5891.1978;1249.4915238724607;Evaluated;6.1346;2.4297;64;True;1;
87;3;14;2;normal;0;29fb3f887c5e;swap;18;25;;;;;;;;;;;;True;False;False;False;;ok;16821.52358245498;15512.245943699552;15512.245943699552;15257.97635747678;577;15257.97635747678;5899.5132;1309.2776387554295;Evaluated;5.8855;2.4271;64;True;1;
87;3;14;3;normal;0;29fb3f887c5e;reinsert_block;;;;;;;35;40;17;;;;;True;False;False;True;;ok;16701.841842613405;15512.245943699552;15512.245943699552;15257.97635747678;578;15257.97635747678;5908.0714;1189.5958989138526;Evaluated;6.1235;2.4333;64;True;1;
87;3;14;4;normal;0;29fb3f887c5e;move;;;50;48;;;;;;;;;;True;False;False;False;;ok;16177.29540604612;15512.245943699552;15512.245943699552;15257.97635747678;579;15257.97635747678;5916.199;665.0494623465675;Evaluated;5.7039;2.423;64;True;1;
87;3;14;5;normal;0;29fb3f887c5e;move;;;58;40;;;;;;;;;;True;False;False;True;;ok;15495.342787652278;15512.245943699552;15512.245943699552;15257.97635747678;580;15257.97635747678;5924.0049;-16.903156047274024;Evaluated;5.5788;2.2264;64;True;1;
87;3;14;;normal;0;;;;;;;;;;;;;;;;;;;;;End-of-iteration summary row;;;15495.342787652278;15257.97635747678;580;15257.97635747678;5924.0109;;IterationSummary;;;;;;
88;3;15;1;normal;0;f357a9b36282;move;;;10;5;;;;;;;;;;True;False;False;False;;ok;16464.29331474116;15495.342787652278;15495.342787652278;15257.97635747678;581;15257.97635747678;5932.7772;968.9505270888822;Evaluated;6.3331;2.4257;64;True;1;
88;3;15;2;normal;0;f357a9b36282;swap;17;20;;;;;;;;;;;;True;False;False;False;;ok;16206.673845982776;15495.342787652278;15495.342787652278;15257.97635747678;582;15257.97635747678;5940.805;711.3310583304974;Evaluated;5.6015;2.4257;64;True;1;
88;3;15;3;normal;0;f357a9b36282;reinsert_block;;;;;;;35;40;20;;;;;True;False;False;True;;ok;16668.072482789456;15495.342787652278;15495.342787652278;15257.97635747678;583;15257.97635747678;5949.6477;1172.7296951371773;Evaluated;6.4156;2.4264;64;True;1;
88;3;15;4;normal;0;f357a9b36282;move;;;50;42;;;;;;;;;;True;False;False;False;;ok;15859.691627390055;15495.342787652278;15495.342787652278;15257.97635747678;584;15257.97635747678;5957.5437;364.34883973777687;Evaluated;5.6603;2.2348;64;True;1;
88;3;15;5;normal;0;f357a9b36282;move;;;58;40;;;;;;;;;;True;False;False;True;;ok;15921.835994576271;15495.342787652278;15495.342787652278;15257.97635747678;585;15257.97635747678;5965.3539;426.49320692399306;Evaluated;5.5849;2.2246;64;True;1;
88;3;15;;normal;1;;;;;;;;;;;;;;;;;;;;;End-of-iteration summary row;;;15495.342787652278;15257.97635747678;585;15257.97635747678;5965.3546;;IterationSummary;;;;;;
89;3;16;1;normal;1;f357a9b36282;move;;;8;5;;;;;;;;;;True;False;False;False;;ok;16565.566785694828;15495.342787652278;15495.342787652278;15257.97635747678;586;15257.97635747678;5973.6191;1070.2239980425493;Evaluated;5.8294;2.4293;64;True;1;
89;3;16;2;normal;1;f357a9b36282;swap;18;25;;;;;;;;;;;;True;False;False;False;;ok;16540.42188548302;15495.342787652278;15495.342787652278;15257.97635747678;587;15257.97635747678;5981.7977;1045.0790978307432;Evaluated;5.7457;2.4321;64;True;1;
89;3;16;3;normal;1;f357a9b36282;move;;;38;31;;;;;;;;;;True;False;False;False;;ok;15578.97729703978;15495.342787652278;15495.342787652278;15257.97635747678;588;15257.97635747678;5994.1174;83.63450938750248;Evaluated;10.0913;2.2276;64;True;2;duplicate_for_same_parent_sequence
89;3;16;4;normal;1;f357a9b36282;move;;;50;48;;;;;;;;;;True;False;False;False;;ok;15726.434920476191;15495.342787652278;15495.342787652278;15257.97635747678;589;15257.97635747678;6001.9561;231.09213282391283;Evaluated;5.6036;2.2343;64;True;1;
89;3;16;5;normal;1;f357a9b36282;move;;;40;25;;;;;;;;;;True;False;False;True;;ok;16144.0909876949;15495.342787652278;15495.342787652278;15257.97635747678;590;15257.97635747678;6009.9329;648.7482000426226;Evaluated;5.5473;2.4267;64;True;1;
89;3;16;;normal;2;;;;;;;;;;;;;;;;;;;;;End-of-iteration summary row;;;15495.342787652278;15257.97635747678;590;15257.97635747678;6009.936;;IterationSummary;;;;;;
90;3;17;1;normal;2;f357a9b36282;move;;;7;3;;;;;;;;;;True;False;False;False;;ok;16729.902917113654;15495.342787652278;15495.342787652278;15257.97635747678;591;15257.97635747678;6022.1366;1234.5601294613753;Evaluated;9.7604;2.4265;64;True;2;duplicate_for_same_parent_sequence
90;3;17;2;normal;2;f357a9b36282;swap;20;23;;;;;;;;;;;;True;False;False;False;;ok;15495.342787652278;15495.342787652278;15495.342787652278;15257.97635747678;592;15257.97635747678;6037.1575;0.0;Evaluated;12.795;2.2247;64;True;3;duplicate_for_same_parent_sequence
90;3;17;3;normal;2;f357a9b36282;reinsert_block;;;;;;;34;38;20;;;;;True;False;False;True;;ok;16732.93044189172;15495.342787652278;15495.342787652278;15257.97635747678;593;15257.97635747678;6045.5712;1237.5876542394417;Evaluated;5.9826;2.4294;64;True;1;
90;3;17;4;normal;2;f357a9b36282;move;;;30;40;;;;;;;;;;True;False;False;True;;ok;15832.916332374327;15495.342787652278;15495.342787652278;15257.97635747678;594;15257.97635747678;6057.2172;337.5735447220486;Evaluated;9.4089;2.2336;64;True;2;duplicate_for_same_parent_sequence
90;3;17;5;normal;2;f357a9b36282;move;;;35;28;;;;;;;;;;True;False;False;False;;ok;15933.865163909753;15495.342787652278;15495.342787652278;15257.97635747678;595;15257.97635747678;6068.783;438.5223762574751;Evaluated;9.3325;2.2292;64;True;2;duplicate_for_same_parent_sequence
90;3;17;;normal;3;;;;;;;;;;;;;;;;;;;;;End-of-iteration summary row;;;15495.342787652278;15257.97635747678;595;15257.97635747678;6068.7858;;IterationSummary;;;;;;
91;3;18;1;diversification;3;f357a9b36282;move;;;10;25;;;;;;;;;;True;False;False;True;;ok;16012.361166540515;15495.342787652278;15495.342787652278;15257.97635747678;596;15257.97635747678;6077.1865;517.0183788882368;Evaluated;6.1573;2.2299;64;True;1;
91;3;18;2;diversification;3;f357a9b36282;reinsert_block;;;;;;;25;31;40;;;;;True;False;False;True;;ok;17326.303694313458;15495.342787652278;15495.342787652278;15257.97635747678;597;15257.97635747678;6085.6215;1830.9609066611793;Evaluated;6.0026;2.4295;64;True;1;
91;3;18;3;diversification;3;f357a9b36282;swap;35;42;;;;;;;;;;;;True;False;False;False;;ok;15934.508500371832;15495.342787652278;15495.342787652278;15257.97635747678;598;15257.97635747678;6093.5306;439.165712719554;Evaluated;5.6757;2.2303;64;True;1;
91;3;18;4;diversification;3;f357a9b36282;move;;;50;49;;;;;;;;;;True;False;False;False;;ok;15722.424239126969;15495.342787652278;15495.342787652278;15257.97635747678;599;15257.97635747678;6101.4067;227.08145147469077;Evaluated;5.6379;2.2346;64;True;1;
91;3;18;5;diversification;3;f357a9b36282;move;;;28;15;;;;;;;;;;True;False;False;True;;ok;16309.50607105975;15495.342787652278;15495.342787652278;15257.97635747678;600;15257.97635747678;6109.5814;814.1632834074717;Evaluated;5.742;2.4319;64;True;1;
91;3;18;6;diversification;3;f357a9b36282;move;;;38;15;;;;;;;;;;True;False;False;True;;ok;16642.243049115874;15495.342787652278;15495.342787652278;15257.97635747678;601;15257.97635747678;6121.3969;1146.9002614635956;Evaluated;9.3794;2.4336;64;True;2;duplicate_for_same_parent_sequence
91;3;18;7;diversification;3;f357a9b36282;move;;;50;25;;;;;;;;;;True;False;False;True;;ok;16412.42126619128;15495.342787652278;15495.342787652278;15257.97635747678;602;15257.97635747678;6129.5057;917.0784785390006;Evaluated;5.674;2.4311;64;True;1;
91;3;18;8;diversification;3;f357a9b36282;move;;;15;20;;;;;;;;;;True;False;False;False;;ok;16389.57494961871;15495.342787652278;15495.342787652278;15257.97635747678;603;15257.97635747678;6137.5634;894.2321619664308;Evaluated;5.6285;2.4261;64;True;1;
91;3;18;9;diversification;3;f357a9b36282;move;;;28;35;;;;;;;;;;True;False;False;False;;ok;16597.762957210587;15495.342787652278;15495.342787652278;15257.97635747678;604;15257.97635747678;6145.4811;1102.4201695583088;Evaluated;5.4812;2.4329;64;True;1;
91;3;18;10;diversification;3;f357a9b36282;move;;;45;30;;;;;;;;;;True;False;False;True;;ok;15586.285212547804;15495.342787652278;15495.342787652278;15257.97635747678;605;15257.97635747678;6153.3436;90.94242489552562;Evaluated;5.6334;2.2275;64;True;1;
91;3;18;;diversification;4;;;;;;;;;;;;;;;;;;;;;End-of-iteration summary row;;;15495.342787652278;15257.97635747678;605;15257.97635747678;6153.3465;;IterationSummary;;;;;;
92;3;19;1;diversification;4;f357a9b36282;move;;;2;10;;;;;;;;;;True;False;False;False;;ok;17194.39726453697;15495.342787652278;15495.342787652278;15257.97635747678;606;15257.97635747678;6161.9215;1699.0544768846903;Evaluated;6.1257;2.4338;64;True;1;
92;3;19;2;diversification;4;f357a9b36282;reinsert_block;;;;;;;18;24;35;;;;;True;False;False;True;;ok;15756.106936561186;15495.342787652278;15495.342787652278;15257.97635747678;607;15257.97635747678;6170.3133;260.7641489089074;Evaluated;6.16;2.231;64;True;1;
92;3;19;3;diversification;4;f357a9b36282;swap;34;42;;;;;;;;;;;;True;False;False;False;;ok;15807.887623686855;15495.342787652278;15495.342787652278;15257.97635747678;608;15257.97635747678;6178.1734;312.5448360345763;Evaluated;5.6254;2.2315;64;True;1;
92;3;19;4;diversification;4;f357a9b36282;move;;;48;50;;;;;;;;;;True;False;False;False;;ok;15339.952542941555;15495.342787652278;15495.342787652278;15257.97635747678;609;15257.97635747678;6186.1276;-155.39024471072298;EvaluatedImprovementDespiteDiversificationMismatch;5.7201;2.2314;64;True;1;
92;3;19;5;diversification;4;f357a9b36282;move;;;40;50;;;;;;;;;;True;False;False;True;;ok;15936.99357863369;15495.342787652278;15495.342787652278;15257.97635747678;610;15257.97635747678;6194.1113;441.6507909814118;Evaluated;5.7522;2.2287;64;True;1;
92;3;19;6;diversification;4;f357a9b36282;move;;;50;28;;;;;;;;;;True;False;False;True;;ok;16414.794472300862;15495.342787652278;15495.342787652278;15257.97635747678;611;15257.97635747678;6202.278;919.451684648584;Evaluated;5.7294;2.4347;64;True;1;
92;3;19;7;diversification;4;f357a9b36282;move;;;50;35;;;;;;;;;;True;False;False;True;;ok;15824.974794834945;15495.342787652278;15495.342787652278;15257.97635747678;612;15257.97635747678;6210.1045;329.6320071826667;Evaluated;5.5934;2.2301;64;True;1;
92;3;19;8;diversification;4;f357a9b36282;move;;;8;14;;;;;;;;;;True;False;False;False;;ok;15615.981894326378;15495.342787652278;15495.342787652278;15257.97635747678;613;15257.97635747678;6218.0146;120.63910667409982;Evaluated;5.6749;2.2321;64;True;1;
92;3;19;9;diversification;4;f357a9b36282;move;;;28;30;;;;;;;;;;True;False;False;False;;ok;15474.218769236242;15495.342787652278;15495.342787652278;15257.97635747678;614;15257.97635747678;6225.9261;-21.12401841603605;EvaluatedImprovementDespiteDiversificationMismatch;5.6811;2.2297;64;True;1;
92;3;19;10;diversification;4;f357a9b36282;swap;40;42;;;;;;;;;;;;True;False;False;False;;ok;15495.342787652278;15495.342787652278;15495.342787652278;15257.97635747678;615;15257.97635747678;6241.1161;0.0;Evaluated;12.9574;2.2298;64;True;3;duplicate_for_same_parent_sequence
92;3;19;;diversification;0;;;;;;;;;;;;;;;;;;;;;End-of-iteration summary row;;;15339.952542941555;15257.97635747678;615;15257.97635747678;6241.125;;IterationSummary;;;;;;
93;3;20;1;normal;0;62b2d6ca45a2;move;;;2;10;;;;;;;;;;True;False;False;False;;ok;18071.45547869258;15339.952542941555;15339.952542941555;15257.97635747678;616;15257.97635747678;6249.6926;2731.502935751025;Evaluated;6.1273;2.4329;64;True;1;
93;3;20;2;normal;0;62b2d6ca45a2;swap;20;31;;;;;;;;;;;;True;False;False;False;;ok;16438.66578511966;15339.952542941555;15339.952542941555;15257.97635747678;617;15257.97635747678;6257.8099;1098.7132421781062;Evaluated;5.6827;2.4315;64;True;1;
93;3;20;3;normal;0;62b2d6ca45a2;reinsert_block;;;;;;;35;41;28;;;;;True;False;False;False;;ok;16867.853298443453;15339.952542941555;15339.952542941555;15257.97635747678;618;15257.97635747678;6266.2706;1527.900755501898;Evaluated;6.0245;2.4335;64;True;1;
93;3;20;4;normal;0;62b2d6ca45a2;move;;;58;40;;;;;;;;;;True;False;False;True;;ok;15921.812524868465;15339.952542941555;15339.952542941555;15257.97635747678;619;15257.97635747678;6274.3869;581.8599819269093;Evaluated;5.8792;2.2342;64;True;1;
93;3;20;5;normal;0;62b2d6ca45a2;move;;;10;20;;;;;;;;;;True;False;False;True;;ok;16625.403835316392;15339.952542941555;15339.952542941555;15257.97635747678;620;15257.97635747678;6286.1125;1285.451292374837;Evaluated;9.2976;2.4246;64;True;2;duplicate_for_same_parent_sequence
93;3;20;;normal;1;;;;;;;;;;;;;;;;;;;;;End-of-iteration summary row;;;15339.952542941555;15257.97635747678;620;15257.97635747678;6286.1132;;IterationSummary;;;;;;
94;3;21;1;normal;1;62b2d6ca45a2;move;;;10;25;;;;;;;;;;True;False;False;True;;ok;16891.022450977718;15339.952542941555;15339.952542941555;15257.97635747678;621;15257.97635747678;6294.7357;1551.0699080361628;Evaluated;6.1902;2.4267;64;True;1;
94;3;21;2;normal;1;62b2d6ca45a2;swap;17;25;;;;;;;;;;;;True;False;False;False;;ok;15339.952542941555;15339.952542941555;15339.952542941555;15257.97635747678;622;15257.97635747678;6306.315;0.0;Evaluated;9.3461;2.2313;64;True;2;duplicate_for_same_parent_sequence
94;3;21;3;normal;1;62b2d6ca45a2;move;;;30;40;;;;;;;;;;True;False;False;True;;ok;16705.954428367626;15339.952542941555;15339.952542941555;15257.97635747678;623;15257.97635747678;6318.5068;1366.0018854260707;Evaluated;9.7619;2.4267;64;True;2;duplicate_for_same_parent_sequence
94;3;21;4;normal;1;62b2d6ca45a2;move;;;50;35;;;;;;;;;;True;False;False;True;;ok;15492.433375083405;15339.952542941555;15339.952542941555;15257.97635747678;624;15257.97635747678;6326.6962;152.48083214184953;Evaluated;5.9597;2.2262;64;True;1;
94;3;21;5;normal;1;62b2d6ca45a2;move;;;50;28;;;;;;;;;;True;False;False;True;;ok;16416.890622616098;15339.952542941555;15339.952542941555;15257.97635747678;625;15257.97635747678;6334.7585;1076.9380796745427;Evaluated;5.6247;2.4345;64;True;1;
94;3;21;;normal;2;;;;;;;;;;;;;;;;;;;;;End-of-iteration summary row;;;15339.952542941555;15257.97635747678;625;15257.97635747678;6334.7612;;IterationSummary;;;;;;
95;3;22;1;normal;2;62b2d6ca45a2;move;;;5;10;;;;;;;;;;True;False;False;False;;ok;17245.766925558146;15339.952542941555;15339.952542941555;15257.97635747678;626;15257.97635747678;6343.6077;1905.8143826165906;Evaluated;6.3956;2.4357;64;True;1;
95;3;22;2;normal;2;62b2d6ca45a2;swap;18;20;;;;;;;;;;;;True;False;False;False;;ok;17101.323424874434;15339.952542941555;15339.952542941555;15257.97635747678;627;15257.97635747678;6351.6437;1761.3708819328785;Evaluated;5.6071;2.4259;64;True;1;
95;3;22;3;normal;2;62b2d6ca45a2;move;;;35;20;;;;;;;;;;True;False;False;True;;ok;16819.992020365502;15339.952542941555;15339.952542941555;15257.97635747678;628;15257.97635747678;6364.512;1480.0394774239467;Evaluated;10.4337;2.4334;64;True;2;duplicate_for_same_parent_sequence
95;3;22;4;normal;2;62b2d6ca45a2;move;;;50;30;;;;;;;;;;True;False;False;True;;ok;15579.428073796973;15339.952542941555;15339.952542941555;15257.97635747678;629;15257.97635747678;6372.4148;239.47553085541767;Evaluated;5.6742;2.2257;64;True;1;
95;3;22;5;normal;2;62b2d6ca45a2;move;;;50;18;;;;;;;;;;True;False;False;True;;ok;16877.175370366735;15339.952542941555;15339.952542941555;15257.97635747678;630;15257.97635747678;6380.3981;1537.2228274251793;Evaluated;5.548;2.4327;64;True;1;
95;3;22;;normal;3;;;;;;;;;;;;;;;;;;;;;End-of-iteration summary row;;;15339.952542941555;15257.97635747678;630;15257.97635747678;6380.4011;;IterationSummary;;;;;;
96;3;23;1;diversification;3;62b2d6ca45a2;move;;;7;30;;;;;;;;;;True;False;False;True;;ok;17265.77469061921;15339.952542941555;15339.952542941555;15257.97635747678;631;15257.97635747678;6392.8343;1925.8221476776562;Evaluated;9.9901;2.4351;64;True;2;duplicate_for_same_parent_sequence
96;3;23;2;diversification;3;62b2d6ca45a2;reinsert_block;;;;;;;20;25;35;;;;;True;False;False;True;;ok;17394.270892249562;15339.952542941555;15339.952542941555;15257.97635747678;632;15257.97635747678;6401.4319;2054.318349308007;Evaluated;6.1645;2.429;64;True;1;
96;3;23;3;diversification;3;62b2d6ca45a2;swap;35;40;;;;;;;;;;;;True;False;False;False;;ok;17426.66102655135;15339.952542941555;15339.952542941555;15257.97635747678;633;15257.97635747678;6409.9112;2086.708483609793;Evaluated;6.0474;2.4291;64;True;1;
96;3;23;4;diversification;3;62b2d6ca45a2;move;;;62;35;;;;;;;;;;True;False;False;True;;ok;16937.848428649864;15339.952542941555;15339.952542941555;15257.97635747678;634;15257.97635747678;6421.9185;1597.895885708309;Evaluated;9.5737;2.4303;64;True;2;duplicate_for_same_parent_sequence
96;3;23;5;diversification;3;62b2d6ca45a2;move;;;50;38;;;;;;;;;;True;False;False;True;;ok;15516.357738064728;15339.952542941555;15339.952542941555;15257.97635747678;635;15257.97635747678;6429.8836;176.40519512317223;Evaluated;5.7357;2.2262;64;True;1;
96;3;23;6;diversification;3;62b2d6ca45a2;move;;;45;30;;;;;;;;;;True;False;False;True;;ok;15842.805840277859;15339.952542941555;15339.952542941555;15257.97635747678;636;15257.97635747678;6437.8159;502.8532973363035;Evaluated;5.702;2.2266;64;True;1;
96;3;23;7;diversification;3;62b2d6ca45a2;move;;;25;10;;;;;;;;;;True;False;False;True;;ok;16282.372359743586;15339.952542941555;15339.952542941555;15257.97635747678;637;15257.97635747678;6449.4533;942.4198168020303;Evaluated;9.2035;2.43;64;True;2;duplicate_for_same_parent_sequence
96;3;23;8;diversification;3;62b2d6ca45a2;move;;;40;25;;;;;;;;;;True;False;False;True;;ok;16264.600991008665;15339.952542941555;15339.952542941555;15257.97635747678;638;15257.97635747678;6457.635;924.6484480671097;Evaluated;5.7458;2.4329;64;True;1;
96;3;23;9;diversification;3;62b2d6ca45a2;move;;;25;30;;;;;;;;;;True;False;False;False;;ok;16799.334287263282;15339.952542941555;15339.952542941555;15257.97635747678;639;15257.97635747678;6465.8068;1459.3817443217267;Evaluated;5.7366;2.4345;64;True;1;
96;3;23;10;diversification;3;62b2d6ca45a2;move;;;45;20;;;;;;;;;;True;False;False;True;;ok;16909.486803594933;15339.952542941555;15339.952542941555;15257.97635747678;640;15257.97635747678;6473.8859;1569.5342606533777;Evaluated;5.6426;2.4338;64;True;1;
96;3;23;;diversification;4;;;;;;;;;;;;;;;;;;;;;End-of-iteration summary row;;;15339.952542941555;15257.97635747678;640;15257.97635747678;6473.8895;;IterationSummary;;;;;;
97;3;24;1;diversification;4;62b2d6ca45a2;move;;;5;20;;;;;;;;;;True;False;False;True;;ok;17233.36732839665;15339.952542941555;15339.952542941555;15257.97635747678;641;15257.97635747678;6482.4783;1893.4147854550938;Evaluated;6.1508;2.429;64;True;1;
97;3;24;2;diversification;4;62b2d6ca45a2;reinsert_block;;;;;;;17;24;35;;;;;True;False;False;True;;ok;16635.43778804083;15339.952542941555;15339.952542941555;15257.97635747678;642;15257.97635747678;6491.0187;1295.485245099273;Evaluated;6.109;2.4307;64;True;1;
97;3;24;3;diversification;4;62b2d6ca45a2;move;;;38;25;;;;;;;;;;True;False;False;True;;ok;17057.36866936821;15339.952542941555;15339.952542941555;15257.97635747678;643;15257.97635747678;6503.0502;1717.416126426655;Evaluated;9.5977;2.4307;64;True;2;duplicate_for_same_parent_sequence
97;3;24;4;diversification;4;62b2d6ca45a2;move;;;58;30;;;;;;;;;;True;False;False;True;;ok;16638.460228927233;15339.952542941555;15339.952542941555;15257.97635747678;644;15257.97635747678;6511.2095;1298.507685985678;Evaluated;5.7255;2.4306;64;True;1;
97;3;24;5;diversification;4;62b2d6ca45a2;move;;;35;10;;;;;;;;;;True;False;False;True;;ok;16591.30098591625;15339.952542941555;15339.952542941555;15257.97635747678;645;15257.97635747678;6519.6815;1251.3484429746932;Evaluated;6.0393;2.4294;64;True;1;
97;3;24;6;diversification;4;62b2d6ca45a2;move;;;27;45;;;;;;;;;;True;False;False;True;;ok;16234.244880993823;15339.952542941555;15339.952542941555;15257.97635747678;646;15257.97635747678;6531.5788;894.292338052268;Evaluated;9.4669;2.4274;64;True;2;duplicate_for_same_parent_sequence
97;3;24;7;diversification;4;62b2d6ca45a2;move;;;50;42;;;;;;;;;;True;False;False;False;;ok;15551.545754906503;15339.952542941555;15339.952542941555;15257.97635747678;647;15257.97635747678;6539.523;211.59321196494784;Evaluated;5.7088;2.2328;64;True;1;
97;3;24;8;diversification;4;62b2d6ca45a2;move;;;8;20;;;;;;;;;;True;False;False;True;;ok;16922.900135148942;15339.952542941555;15339.952542941555;15257.97635747678;648;15257.97635747678;6547.578;1582.947592207387;Evaluated;5.6134;2.4385;64;True;1;
97;3;24;9;diversification;4;62b2d6ca45a2;move;;;24;35;;;;;;;;;;True;False;False;True;;ok;16700.05314110874;15339.952542941555;15339.952542941555;15257.97635747678;649;15257.97635747678;6555.804;1360.1005981671842;Evaluated;5.7966;2.4269;64;True;1;
97;3;24;10;diversification;4;62b2d6ca45a2;move;;;45;15;;;;;;;;;;True;False;False;True;;ok;16912.060517864855;15339.952542941555;15339.952542941555;15257.97635747678;650;15257.97635747678;6567.6135;1572.1079749232995;Evaluated;9.3794;2.4271;64;True;2;duplicate_for_same_parent_sequence
97;3;24;;diversification;5;;;;;;;;;;;;;;;;;;;;;End-of-iteration summary row;;;15339.952542941555;15257.97635747678;650;15257.97635747678;6567.6166;;IterationSummary;;;;;;
98;3;25;1;diversification;5;62b2d6ca45a2;move;;;27;10;;;;;;;;;;True;False;False;True;;ok;16991.76271616541;15339.952542941555;15339.952542941555;15257.97635747678;651;15257.97635747678;6576.2422;1651.8101732238538;Evaluated;6.1775;2.4332;64;True;1;
98;3;25;2;diversification;5;62b2d6ca45a2;reinsert_block;;;;;;;18;23;30;;;;;True;False;False;False;;ok;17608.47927045485;15339.952542941555;15339.952542941555;15257.97635747678;652;15257.97635747678;6592.7969;2268.5267275132937;Evaluated;14.1224;2.4265;64;True;3;duplicate_for_same_parent_sequence
98;3;25;3;diversification;5;62b2d6ca45a2;swap;28;47;;;;;;;;;;;;True;False;False;True;;ok;16232.832027172937;15339.952542941555;15339.952542941555;15257.97635747678;653;15257.97635747678;6604.865;892.8794842313819;Evaluated;9.6318;2.4334;64;True;2;duplicate_for_same_parent_sequence
98;3;25;4;diversification;5;62b2d6ca45a2;move;;;50;48;;;;;;;;;;True;False;False;False;;ok;15495.342787652278;15339.952542941555;15339.952542941555;15257.97635747678;654;15257.97635747678;6612.5419;155.39024471072298;Evaluated;5.445;2.231;64;True;1;
98;3;25;5;diversification;5;62b2d6ca45a2;move;;;30;10;;;;;;;;;;True;False;False;True;;ok;16459.383570823502;15339.952542941555;15339.952542941555;15257.97635747678;655;15257.97635747678;6624.4105;1119.4310278819466;Evaluated;9.4318;2.4326;64;True;2;duplicate_for_same_parent_sequence
98;3;25;6;diversification;5;62b2d6ca45a2;move;;;27;50;;;;;;;;;;True;False;False;True;;ok;16841.347846503304;15339.952542941555;15339.952542941555;15257.97635747678;656;15257.97635747678;6636.4343;1501.3953035617487;Evaluated;9.5976;2.4233;64;True;2;duplicate_for_same_parent_sequence
98;3;25;7;diversification;5;62b2d6ca45a2;move;;;58;20;;;;;;;;;;True;False;False;True;;ok;16642.51054842586;15339.952542941555;15339.952542941555;15257.97635747678;657;15257.97635747678;6644.515;1302.5580054843049;Evaluated;5.6456;2.4343;64;True;1;
98;3;25;8;diversification;5;62b2d6ca45a2;move;;;35;8;;;;;;;;;;True;False;False;True;;ok;16609.772424937884;15339.952542941555;15339.952542941555;15257.97635747678;658;15257.97635747678;6656.2923;1269.819881996329;Evaluated;9.3429;2.4312;64;True;2;duplicate_for_same_parent_sequence
98;3;25;9;diversification;5;62b2d6ca45a2;move;;;38;10;;;;;;;;;;True;False;False;True;;ok;17974.147766832484;15339.952542941555;15339.952542941555;15257.97635747678;659;15257.97635747678;6668.4951;2634.195223890929;Evaluated;9.771;2.4287;64;True;2;duplicate_for_same_parent_sequence
98;3;25;10;diversification;5;62b2d6ca45a2;move;;;46;25;;;;;;;;;;True;False;False;True;;ok;16384.961193134546;15339.952542941555;15339.952542941555;15257.97635747678;660;15257.97635747678;6680.397;1045.008650192991;Evaluated;9.4676;2.4314;64;True;2;duplicate_for_same_parent_sequence
98;3;25;;diversification;6;;;;;;;;;;;;;;;;;;;;;End-of-iteration summary row;;;15339.952542941555;15257.97635747678;660;15257.97635747678;6680.3979;;IterationSummary;;;;;;
99;3;26;1;diversification;6;62b2d6ca45a2;move;;;30;5;;;;;;;;;;True;False;False;True;;ok;16539.52340197775;15339.952542941555;15339.952542941555;15257.97635747678;661;15257.97635747678;6692.7068;1199.5708590361937;Evaluated;9.8741;2.429;64;True;2;duplicate_for_same_parent_sequence
99;3;26;2;diversification;6;62b2d6ca45a2;move;;;45;35;;;;;;;;;;True;False;False;True;;ok;15847.207171096363;15339.952542941555;15339.952542941555;15257.97635747678;662;15257.97635747678;6704.7242;507.2546281548075;Evaluated;9.7808;2.2339;64;True;2;duplicate_for_same_parent_sequence
99;3;26;3;diversification;6;62b2d6ca45a2;swap;36;42;;;;;;;;;;;;True;False;False;False;;ok;16208.821851713597;15339.952542941555;15339.952542941555;15257.97635747678;663;15257.97635747678;6712.7982;868.8693087720421;Evaluated;5.6415;2.4306;64;True;1;
99;3;26;4;diversification;6;62b2d6ca45a2;move;;;48;25;;;;;;;;;;True;False;False;True;;ok;16391.560636632585;15339.952542941555;15339.952542941555;15257.97635747678;664;15257.97635747678;6725.0497;1051.6080936910294;Evaluated;9.8155;2.4352;64;True;2;duplicate_for_same_parent_sequence
99;3;26;5;diversification;6;62b2d6ca45a2;move;;;30;15;;;;;;;;;;True;False;False;True;;ok;16409.693003891847;15339.952542941555;15339.952542941555;15257.97635747678;665;15257.97635747678;6733.4593;1069.740460950292;Evaluated;5.9784;2.4304;64;True;1;
99;3;26;6;diversification;6;62b2d6ca45a2;move;;;30;15;;;;;;;;;;False;True;False;;;ok;;15339.952542941555;15339.952542941555;15257.97635747678;665;15257.97635747678;6746.5213;;DuplicateForSameParentSequenceAfterRetries;13.0589;;;;3;duplicate_for_same_parent_sequence
99;3;26;7;diversification;6;62b2d6ca45a2;move;;;25;15;;;;;;;;;;True;False;False;True;;ok;16859.680822092334;15339.952542941555;15339.952542941555;15257.97635747678;666;15257.97635747678;6758.8855;1519.7282791507787;Evaluated;9.9379;2.4256;64;True;2;duplicate_for_same_parent_sequence
99;3;26;8;diversification;6;62b2d6ca45a2;move;;;34;5;;;;;;;;;;True;False;False;True;;ok;17219.83787393626;15339.952542941555;15339.952542941555;15257.97635747678;667;15257.97635747678;6770.6332;1879.8853309947044;Evaluated;9.3128;2.4316;64;True;2;duplicate_for_same_parent_sequence
99;3;26;9;diversification;6;62b2d6ca45a2;move;;;27;45;;;;;;;;;;False;True;False;;;ok;;15339.952542941555;15339.952542941555;15257.97635747678;667;15257.97635747678;6783.962;;DuplicateForSameParentSequenceAfterRetries;13.3258;;;;3;duplicate_for_same_parent_sequence
99;3;26;10;diversification;6;62b2d6ca45a2;move;;;30;45;;;;;;;;;;True;False;False;True;;ok;16335.009172690125;15339.952542941555;15339.952542941555;15257.97635747678;668;15257.97635747678;6799.8239;995.0566297485693;Evaluated;13.432;2.4289;64;True;3;duplicate_for_same_parent_sequence
99;3;26;;diversification;7;;;;;;;;;;;;;;;;;;;;;End-of-iteration summary row;;;15339.952542941555;15257.97635747678;668;15257.97635747678;6799.8271;;IterationSummary;;;;;;
100;3;27;1;diversification;7;62b2d6ca45a2;move;;;45;10;;;;;;;;;;True;False;False;True;;ok;17368.91047733582;15339.952542941555;15339.952542941555;15257.97635747678;669;15257.97635747678;6808.4164;2028.9579343942642;Evaluated;6.1441;2.4322;64;True;1;
100;3;27;2;diversification;7;62b2d6ca45a2;reinsert_block;;;;;;;18;25;35;;;;;True;False;False;True;;ok;16526.184814787866;15339.952542941555;15339.952542941555;15257.97635747678;670;15257.97635747678;6816.922;1186.232271846311;Evaluated;6.0764;2.4265;64;True;1;
100;3;27;3;diversification;7;62b2d6ca45a2;swap;41;35;;;;;;;;;;;;True;False;False;False;;ok;15339.952542941555;15339.952542941555;15339.952542941555;15257.97635747678;671;15257.97635747678;6824.8819;0.0;Evaluated;5.7272;2.2302;64;True;1;
100;3;27;4;diversification;7;62b2d6ca45a2;move;;;60;48;;;;;;;;;;True;False;False;True;;ok;15937.237202472004;15339.952542941555;15339.952542941555;15257.97635747678;672;15257.97635747678;6836.6386;597.2846595304491;Evaluated;9.5276;2.2282;64;True;2;duplicate_for_same_parent_sequence
100;3;27;5;diversification;7;62b2d6ca45a2;move;;;40;10;;;;;;;;;;True;False;False;True;;ok;16598.2572277025;15339.952542941555;15339.952542941555;15257.97635747678;673;15257.97635747678;6848.5079;1258.304684760944;Evaluated;9.4383;2.4282;64;True;2;duplicate_for_same_parent_sequence
100;3;27;6;diversification;7;62b2d6ca45a2;move;;;37;45;;;;;;;;;;True;False;False;False;;ok;16379.372322378662;15339.952542941555;15339.952542941555;15257.97635747678;674;15257.97635747678;6864.2757;1039.4197794371066;Evaluated;13.3384;2.4264;64;True;3;duplicate_for_same_parent_sequence
100;3;27;7;diversification;7;62b2d6ca45a2;move;;;18;35;;;;;;;;;;True;False;False;True;;ok;16395.180225052532;15339.952542941555;15339.952542941555;15257.97635747678;675;15257.97635747678;6875.8381;1055.2276821109772;Evaluated;9.1261;2.4357;64;True;2;duplicate_for_same_parent_sequence
100;3;27;8;diversification;7;62b2d6ca45a2;move;;;8;15;;;;;;;;;;True;False;False;False;;ok;16506.879876026254;15339.952542941555;15339.952542941555;15257.97635747678;676;15257.97635747678;6883.933;1166.927333084699;Evaluated;5.6605;2.4312;64;True;1;
100;3;27;9;diversification;7;62b2d6ca45a2;move;;;24;10;;;;;;;;;;True;False;False;True;;ok;16915.447092264803;15339.952542941555;15339.952542941555;15257.97635747678;677;15257.97635747678;6892.0751;1575.494549323248;Evaluated;5.7005;2.4401;64;True;1;
100;3;27;10;diversification;7;62b2d6ca45a2;move;;;38;50;;;;;;;;;;True;False;False;True;;ok;15979.659479216562;15339.952542941555;15339.952542941555;15257.97635747678;678;15257.97635747678;6903.8191;639.7069362750062;Evaluated;9.5117;2.2296;64;True;2;duplicate_for_same_parent_sequence
100;3;27;;diversification;8;;;;;;;;;;;;;;;;;;;;;End-of-iteration summary row;;;15339.952542941555;15257.97635747678;678;15257.97635747678;6903.823;;IterationSummary;;;;;;
100;3;27;;;8;;;;;;;;;;;;;;;;;;;;;PartA | PartB | PartC | PartD | PartE | PartC | PartF | PartG | PartA | PartB | PartD | PartE | PartF | PartG | PartH | PartH | PartA | PartC | PartD | PartE | PartF | PartG | PartH | PartA | PartB | PartC | PartD | PartE | PartF | PartG | PartB | PartH | PartA | PartB | PartC | PartD | PartE | PartF | PartG | PartH | PartA | PartB | PartC | PartC | PartD | PartE | PartF | PartG | PartA | PartB | PartH | PartD | PartF | PartG | PartH | PartA | PartB | PartC | PartD | PartE | PartE | PartF | PartG | PartH;;;15339.952542941555;15257.97635747678;678;15257.97635747678;6903.828;;FinalGlobalBestSequence;;;;;;
