iteration;restart_id;iteration_in_restart;candidate_in_iteration;search_mode;no_improvement_count_before_iteration;parent_sequence_signature;action;swap_i;swap_j;move_from;move_to;reverse_start;reverse_end;reinsert_block_start;reinsert_block_end;reinsert_block_to;swap_blocks_start1;swap_blocks_end1;swap_blocks_start2;swap_blocks_end2;valid;duplicate_for_same_parent_sequence;recently_rejected_for_same_parent_sequence;diversification_compatible;parse_error;validation_message;resulting_makespan;best_makespan_before;best_makespan_after;global_best_makespan_after;completed_simulations;actual_global_best_makespan;elapsed_optimization_time_sec;delta_vs_best_before;status;llm_time_sec;simulation_time_sec;exited_parts;completion_valid;llm_attempts;retry_reason
1;1;1;1;normal;0;0f63cf6f404e;move;;;5;10;;;;;;;;;;True;False;False;False;;ok;17532.182049666284;16641.404845676683;16641.404845676683;16641.404845676683;2;16641.404845676683;17.7522;890.7772039896008;Evaluated;15.3151;2.4301;64;True;1;
1;1;1;2;normal;0;0f63cf6f404e;swap;17;18;;;;;;;;;;;;True;False;False;False;;ok;16641.404845676683;16641.404845676683;16641.404845676683;16641.404845676683;3;16641.404845676683;25.0197;0.0;Evaluated;4.8363;2.429;64;True;1;
1;1;1;3;normal;0;0f63cf6f404e;reinsert_block;;;;;;;32;40;16;;;;;True;False;False;True;;ok;16298.825894167576;16641.404845676683;16641.404845676683;16641.404845676683;4;16641.404845676683;32.6594;-342.57895150910736;Evaluated;5.2081;2.4291;64;True;1;
1;1;1;4;normal;0;0f63cf6f404e;move;;;50;48;;;;;;;;;;True;False;False;False;;ok;16187.814598926165;16641.404845676683;16641.404845676683;16641.404845676683;5;16641.404845676683;39.9531;-453.5902467505184;Evaluated;4.8644;2.4269;64;True;1;
1;1;1;5;normal;0;0f63cf6f404e;move;;;15;30;;;;;;;;;;True;False;False;True;;ok;17547.743193718143;16641.404845676683;16641.404845676683;16641.404845676683;6;16641.404845676683;46.9941;906.3383480414595;Evaluated;4.6139;2.4247;64;True;1;
1;1;1;;normal;0;;;;;;;;;;;;;;;;;;;;;End-of-iteration summary row;;;16187.814598926165;16187.814598926165;6;16187.814598926165;47.0041;;IterationSummary;;;;;;
2;1;2;1;normal;0;660e1a9970ee;move;;;2;0;;;;;;;;;;True;False;False;False;;ok;16663.74167244542;16187.814598926165;16187.814598926165;16187.814598926165;7;16187.814598926165;54.6835;475.9270735192549;Evaluated;5.2421;2.4293;64;True;1;
2;1;2;2;normal;0;660e1a9970ee;swap;18;19;;;;;;;;;;;;True;False;False;False;;ok;16534.888516841576;16187.814598926165;16187.814598926165;16187.814598926165;8;16187.814598926165;62.5407;347.0739179154116;Evaluated;5.4295;2.4251;64;True;1;
2;1;2;3;normal;0;660e1a9970ee;reinsert_block;;;;;;;35;40;20;;;;;True;False;False;True;;ok;16338.803262252886;16187.814598926165;16187.814598926165;16187.814598926165;9;16187.814598926165;70.3884;150.9886633267215;Evaluated;5.4223;2.4247;64;True;1;
2;1;2;4;normal;0;660e1a9970ee;move;;;50;49;;;;;;;;;;True;False;False;False;;ok;16235.31475989791;16187.814598926165;16187.814598926165;16187.814598926165;10;16187.814598926165;77.7984;47.50016097174557;Evaluated;4.9781;2.4292;64;True;1;
2;1;2;5;normal;0;660e1a9970ee;move;;;10;25;;;;;;;;;;True;False;False;True;;ok;16703.12770486872;16187.814598926165;16187.814598926165;16187.814598926165;11;16187.814598926165;85.3882;515.3131059425541;Evaluated;5.161;2.4259;64;True;1;
2;1;2;;normal;1;;;;;;;;;;;;;;;;;;;;;End-of-iteration summary row;;;16187.814598926165;16187.814598926165;11;16187.814598926165;85.3917;;IterationSummary;;;;;;
3;1;3;1;normal;1;660e1a9970ee;move;;;10;5;;;;;;;;;;True;False;False;False;;ok;15636.61505467081;16187.814598926165;16187.814598926165;16187.814598926165;12;16187.814598926165;92.8868;-551.1995442553543;Evaluated;5.2597;2.2236;64;True;1;
3;1;3;2;normal;1;660e1a9970ee;swap;17;20;;;;;;;;;;;;True;False;False;False;;ok;16884.265261600034;16187.814598926165;16187.814598926165;16187.814598926165;13;16187.814598926165;100.4787;696.4506626738694;Evaluated;5.1611;2.43;64;True;1;
3;1;3;3;normal;1;660e1a9970ee;reinsert_block;;;;;;;35;40;27;;;;;True;False;False;True;;ok;16085.567213215794;16187.814598926165;16187.814598926165;16187.814598926165;14;16187.814598926165;108.1779;-102.24738571037051;Evaluated;5.4639;2.2325;64;True;1;
3;1;3;4;normal;1;660e1a9970ee;move;;;50;48;;;;;;;;;;True;False;False;False;;ok;16191.36960939122;16187.814598926165;16187.814598926165;16187.814598926165;15;16187.814598926165;115.814;3.5550104650556023;Evaluated;5.2013;2.4323;64;True;1;
3;1;3;5;normal;1;660e1a9970ee;move;;;30;45;;;;;;;;;;True;False;False;True;;ok;16174.987740623563;16187.814598926165;16187.814598926165;16187.814598926165;16;16187.814598926165;126.867;-12.826858302601977;Evaluated;8.6219;2.4282;64;True;2;duplicate_for_same_parent_sequence
3;1;3;;normal;0;;;;;;;;;;;;;;;;;;;;;End-of-iteration summary row;;;15636.61505467081;15636.61505467081;16;15636.61505467081;126.8821;;IterationSummary;;;;;;
4;1;4;1;normal;0;48dc97c613aa;move;;;5;2;;;;;;;;;;True;False;False;False;;ok;17797.57979532202;15636.61505467081;15636.61505467081;15636.61505467081;17;15636.61505467081;134.8118;2160.9647406512104;Evaluated;5.4899;2.4347;64;True;1;
4;1;4;2;normal;0;48dc97c613aa;swap;17;20;;;;;;;;;;;;True;False;False;False;;ok;16779.418113812244;15636.61505467081;15636.61505467081;15636.61505467081;18;15636.61505467081;142.4167;1142.8030591414336;Evaluated;5.1698;2.4327;64;True;1;
4;1;4;3;normal;0;48dc97c613aa;reinsert_block;;;;;;;35;40;27;;;;;True;False;False;True;;ok;16004.938316637874;15636.61505467081;15636.61505467081;15636.61505467081;19;15636.61505467081;150.1622;368.32326196706344;Evaluated;5.5185;2.2246;64;True;1;
4;1;4;4;normal;0;48dc97c613aa;move;;;50;49;;;;;;;;;;True;False;False;False;;ok;15646.572314005904;15636.61505467081;15636.61505467081;15636.61505467081;20;15636.61505467081;157.5814;9.957259335093113;Evaluated;5.1897;2.2285;64;True;1;
4;1;4;5;normal;0;48dc97c613aa;move;;;5;8;;;;;;;;;;True;False;False;False;;ok;16173.485535777785;15636.61505467081;15636.61505467081;15636.61505467081;21;15636.61505467081;165.091;536.8704811069747;Evaluated;5.0751;2.4317;64;True;1;
4;1;4;;normal;1;;;;;;;;;;;;;;;;;;;;;End-of-iteration summary row;;;15636.61505467081;15636.61505467081;21;15636.61505467081;165.0927;;IterationSummary;;;;;;
5;1;5;1;normal;1;48dc97c613aa;move;;;5;10;;;;;;;;;;True;False;False;False;;ok;16187.814598926165;15636.61505467081;15636.61505467081;15636.61505467081;22;15636.61505467081;172.8537;551.1995442553543;Evaluated;5.3271;2.4245;64;True;1;
5;1;5;2;normal;1;48dc97c613aa;swap;20;25;;;;;;;;;;;;True;False;False;False;;ok;17285.649460026885;15636.61505467081;15636.61505467081;15636.61505467081;23;15636.61505467081;180.2604;1649.0344053560748;Evaluated;4.9608;2.4428;64;True;1;
5;1;5;3;normal;1;48dc97c613aa;move;;;38;15;;;;;;;;;;True;False;False;True;;ok;18075.31259438807;15636.61505467081;15636.61505467081;15636.61505467081;24;15636.61505467081;191.5982;2438.697539717259;Evaluated;8.9073;2.4279;64;True;2;duplicate_for_same_parent_sequence
5;1;5;4;normal;1;48dc97c613aa;move;;;56;48;;;;;;;;;;True;False;False;False;;ok;15419.136094517047;15636.61505467081;15636.61505467081;15636.61505467081;25;15636.61505467081;199.0233;-217.47896015376318;Evaluated;5.1983;2.2243;64;True;1;
5;1;5;5;normal;1;48dc97c613aa;move;;;25;18;;;;;;;;;;True;False;False;False;;ok;16907.24391549154;15636.61505467081;15636.61505467081;15636.61505467081;26;15636.61505467081;207.4026;1270.6288608207306;Evaluated;5.9464;2.4304;64;True;1;
5;1;5;;normal;0;;;;;;;;;;;;;;;;;;;;;End-of-iteration summary row;;;15419.136094517047;15419.136094517047;26;15419.136094517047;207.4164;;IterationSummary;;;;;;
6;1;6;1;normal;0;ee620c3961ee;move;;;10;3;;;;;;;;;;True;False;False;False;;ok;17454.52143866577;15419.136094517047;15419.136094517047;15419.136094517047;27;15419.136094517047;215.4489;2035.3853441487245;Evaluated;5.5905;2.4355;64;True;1;
6;1;6;2;normal;0;ee620c3961ee;swap;17;20;;;;;;;;;;;;True;False;False;False;;ok;16779.418113812244;15419.136094517047;15419.136094517047;15419.136094517047;28;15419.136094517047;223.2661;1360.2820192951967;Evaluated;5.3835;2.4308;64;True;1;
6;1;6;3;normal;0;ee620c3961ee;reinsert_block;;;;;;;35;40;27;;;;;True;False;False;True;;ok;15996.83976232955;15419.136094517047;15419.136094517047;15419.136094517047;29;15419.136094517047;230.9569;577.7036678125023;Evaluated;5.4648;2.2231;64;True;1;
6;1;6;4;normal;0;ee620c3961ee;move;;;50;49;;;;;;;;;;True;False;False;False;;ok;15411.255082438995;15419.136094517047;15419.136094517047;15419.136094517047;30;15419.136094517047;239.4565;-7.881012078052663;Evaluated;6.2721;2.2249;64;True;1;
6;1;6;5;normal;0;ee620c3961ee;move;;;18;25;;;;;;;;;;True;False;False;False;;ok;16903.960599560338;15419.136094517047;15419.136094517047;15419.136094517047;31;15419.136094517047;251.4505;1484.8245050432906;Evaluated;9.5576;2.4355;64;True;2;duplicate_for_same_parent_sequence
6;1;6;;normal;0;;;;;;;;;;;;;;;;;;;;;End-of-iteration summary row;;;15411.255082438995;15411.255082438995;31;15411.255082438995;251.4576;;IterationSummary;;;;;;
7;1;7;1;normal;0;b6df26168312;move;;;10;3;;;;;;;;;;True;False;False;False;;ok;17454.75560928102;15411.255082438995;15411.255082438995;15411.255082438995;32;15411.255082438995;259.2885;2043.5005268420246;Evaluated;5.3913;2.4319;64;True;1;
7;1;7;2;normal;0;b6df26168312;swap;20;25;;;;;;;;;;;;True;False;False;False;;ok;17284.022761059885;15411.255082438995;15411.255082438995;15411.255082438995;33;15411.255082438995;266.6417;1872.7676786208904;Evaluated;4.9281;2.4226;64;True;1;
7;1;7;3;normal;0;b6df26168312;reinsert_block;;;;;;;35;40;27;;;;;True;False;False;True;;ok;16001.119990775282;15411.255082438995;15411.255082438995;15411.255082438995;34;15411.255082438995;274.3501;589.864908336287;Evaluated;5.4788;2.2288;64;True;1;
7;1;7;4;normal;0;b6df26168312;move;;;50;48;;;;;;;;;;True;False;False;False;;ok;15827.157441842404;15411.255082438995;15411.255082438995;15411.255082438995;35;15411.255082438995;281.8391;415.9023594034097;Evaluated;5.2575;2.2285;64;True;1;
7;1;7;5;normal;0;b6df26168312;move;;;42;35;;;;;;;;;;True;False;False;False;;ok;15847.745373921953;15411.255082438995;15411.255082438995;15411.255082438995;36;15411.255082438995;289.1662;436.4902914829581;Evaluated;5.1003;2.2244;64;True;1;
7;1;7;;normal;1;;;;;;;;;;;;;;;;;;;;;End-of-iteration summary row;;;15411.255082438995;15411.255082438995;36;15411.255082438995;289.1696;;IterationSummary;;;;;;
8;1;8;1;normal;1;b6df26168312;move;;;5;3;;;;;;;;;;True;False;False;False;;ok;17797.81396593727;15411.255082438995;15411.255082438995;15411.255082438995;37;15411.255082438995;297.0346;2386.5588834982736;Evaluated;5.416;2.4323;64;True;1;
8;1;8;2;normal;1;b6df26168312;swap;18;25;;;;;;;;;;;;True;False;False;False;;ok;16900.535265260743;15411.255082438995;15411.255082438995;15411.255082438995;38;15411.255082438995;304.8343;1489.280182821749;Evaluated;5.3685;2.429;64;True;1;
8;1;8;3;normal;1;b6df26168312;move;;;38;15;;;;;;;;;;True;False;False;True;;ok;18075.31259438807;15411.255082438995;15411.255082438995;15411.255082438995;39;15411.255082438995;316.4445;2664.057511949075;Evaluated;9.1722;2.4355;64;True;2;duplicate_for_same_parent_sequence
8;1;8;4;normal;1;b6df26168312;move;;;40;35;;;;;;;;;;True;False;False;False;;ok;15418.230387337497;15411.255082438995;15411.255082438995;15411.255082438995;40;15411.255082438995;324.0417;6.975304898502145;Evaluated;5.3695;2.2251;64;True;1;
8;1;8;5;normal;1;b6df26168312;move;;;27;30;;;;;;;;;;True;False;False;False;;ok;16457.098582683684;15411.255082438995;15411.255082438995;15411.255082438995;41;15411.255082438995;331.5923;1045.8435002446895;Evaluated;5.1214;2.4266;64;True;1;
8;1;8;;normal;2;;;;;;;;;;;;;;;;;;;;;End-of-iteration summary row;;;15411.255082438995;15411.255082438995;41;15411.255082438995;331.5952;;IterationSummary;;;;;;
9;1;9;1;normal;2;b6df26168312;move;;;8;5;;;;;;;;;;True;False;False;False;;ok;15421.930622235115;15411.255082438995;15411.255082438995;15411.255082438995;42;15411.255082438995;342.6789;10.675539796120574;Evaluated;8.8469;2.2229;64;True;2;duplicate_for_same_parent_sequence
9;1;9;2;normal;2;b6df26168312;swap;20;31;;;;;;;;;;;;True;False;False;False;;ok;16773.17939210413;15411.255082438995;15411.255082438995;15411.255082438995;43;15411.255082438995;350.1973;1361.9243096651371;Evaluated;5.0836;2.4322;64;True;1;
9;1;9;3;normal;2;b6df26168312;move;;;30;18;;;;;;;;;;True;False;False;True;;ok;17850.611966266555;15411.255082438995;15411.255082438995;15411.255082438995;44;15411.255082438995;361.7558;2439.3568838275605;Evaluated;9.1316;2.4248;64;True;2;duplicate_for_same_parent_sequence
9;1;9;4;normal;2;b6df26168312;move;;;50;49;;;;;;;;;;True;False;False;False;;ok;15419.136094517047;15411.255082438995;15411.255082438995;15411.255082438995;45;15411.255082438995;369.0063;7.881012078052663;Evaluated;5.0184;2.2295;64;True;1;
9;1;9;5;normal;2;b6df26168312;move;;;20;10;;;;;;;;;;True;False;False;True;;ok;17726.748688921372;15411.255082438995;15411.255082438995;15411.255082438995;46;15411.255082438995;376.5981;2315.493606482378;Evaluated;5.1617;2.4265;64;True;1;
9;1;9;;normal;3;;;;;;;;;;;;;;;;;;;;;End-of-iteration summary row;;;15411.255082438995;15411.255082438995;46;15411.255082438995;376.6012;;IterationSummary;;;;;;
10;1;10;1;diversification;3;b6df26168312;move;;;5;10;;;;;;;;;;True;False;False;False;;ok;16187.814598926165;15411.255082438995;15411.255082438995;15411.255082438995;47;15411.255082438995;384.6912;776.5595164871702;Evaluated;5.6505;2.4243;64;True;1;
10;1;10;2;diversification;3;b6df26168312;reinsert_block;;;;;;;20;25;35;;;;;True;False;False;True;;ok;16826.05480264772;15411.255082438995;15411.255082438995;15411.255082438995;48;15411.255082438995;392.7366;1414.7997202087245;Evaluated;5.6129;2.4299;64;True;1;
10;1;10;3;diversification;3;b6df26168312;swap;40;50;;;;;;;;;;;;True;False;False;False;;ok;15998.365040418308;15411.255082438995;15411.255082438995;15411.255082438995;49;15411.255082438995;400.1969;587.1099579793135;Evaluated;5.2331;2.2242;64;True;1;
10;1;10;4;diversification;3;b6df26168312;move;;;52;48;;;;;;;;;;True;False;False;False;;ok;15639.761385740616;15411.255082438995;15411.255082438995;15411.255082438995;50;15411.255082438995;411.1945;228.5063033016213;Evaluated;8.7689;2.2261;64;True;2;duplicate_for_same_parent_sequence
10;1;10;5;diversification;3;b6df26168312;move;;;15;20;;;;;;;;;;True;False;False;False;;ok;15444.048664797214;15411.255082438995;15411.255082438995;15411.255082438995;51;15411.255082438995;418.7668;32.79358235821928;Evaluated;5.3437;2.2261;64;True;1;
10;1;10;6;diversification;3;b6df26168312;move;;;50;32;;;;;;;;;;True;False;False;True;;ok;16443.172374844253;15411.255082438995;15411.255082438995;15411.255082438995;52;15411.255082438995;426.3957;1031.9172924052582;Evaluated;5.1989;2.4273;64;True;1;
10;1;10;7;diversification;3;b6df26168312;move;;;45;10;;;;;;;;;;True;False;False;True;;ok;17997.170524133846;15411.255082438995;15411.255082438995;15411.255082438995;53;15411.255082438995;433.9642;2585.9154416948513;Evaluated;5.1389;2.4265;64;True;1;
10;1;10;8;diversification;3;b6df26168312;move;;;8;15;;;;;;;;;;True;False;False;False;;ok;15426.854590509032;15411.255082438995;15411.255082438995;15411.255082438995;54;15411.255082438995;441.3524;15.5995080700377;Evaluated;5.1592;2.2265;64;True;1;
10;1;10;9;diversification;3;b6df26168312;move;;;30;25;;;;;;;;;;True;False;False;False;;ok;17627.39551483559;15411.255082438995;15411.255082438995;15411.255082438995;55;15411.255082438995;449.2516;2216.1404323965944;Evaluated;5.4695;2.4267;64;True;1;
10;1;10;10;diversification;3;b6df26168312;move;;;45;30;;;;;;;;;;True;False;False;True;;ok;16462.377483141667;15411.255082438995;15411.255082438995;15411.255082438995;56;15411.255082438995;456.9679;1051.1224007026722;Evaluated;5.2898;2.4258;64;True;1;
10;1;10;;diversification;4;;;;;;;;;;;;;;;;;;;;;End-of-iteration summary row;;;15411.255082438995;15411.255082438995;56;15411.255082438995;456.9685;;IterationSummary;;;;;;
11;1;11;1;diversification;4;b6df26168312;move;;;5;20;;;;;;;;;;True;False;False;True;;ok;17095.99758422902;15411.255082438995;15411.255082438995;15411.255082438995;57;15411.255082438995;464.8756;1684.742501790024;Evaluated;5.4758;2.425;64;True;1;
11;1;11;2;diversification;4;b6df26168312;reinsert_block;;;;;;;16;20;35;;;;;True;False;False;True;;ok;17924.61530114291;15411.255082438995;15411.255082438995;15411.255082438995;58;15411.255082438995;472.9073;2513.360218703914;Evaluated;5.598;2.4312;64;True;1;
11;1;11;3;diversification;4;b6df26168312;swap;35;40;;;;;;;;;;;;True;False;False;False;;ok;15997.85357710576;15411.255082438995;15411.255082438995;15411.255082438995;59;15411.255082438995;480.3845;586.598494666765;Evaluated;5.2424;2.2322;64;True;1;
11;1;11;4;diversification;4;b6df26168312;move;;;61;50;;;;;;;;;;True;False;False;True;;ok;16352.68758749458;15411.255082438995;15411.255082438995;15411.255082438995;60;15411.255082438995;488.0023;941.4325050555854;Evaluated;5.193;2.4236;64;True;1;
11;1;11;5;diversification;4;b6df26168312;move;;;47;18;;;;;;;;;;True;False;False;True;;ok;15487.206216622875;15411.255082438995;15411.255082438995;15411.255082438995;61;15411.255082438995;498.9143;75.95113418388064;Evaluated;8.6843;2.2271;64;True;2;duplicate_for_same_parent_sequence
11;1;11;6;diversification;4;b6df26168312;move;;;35;20;;;;;;;;;;True;False;False;True;;ok;16901.25634767153;15411.255082438995;15411.255082438995;15411.255082438995;62;15411.255082438995;510.0705;1490.001265232535;Evaluated;8.7272;2.4284;64;True;2;duplicate_for_same_parent_sequence
11;1;11;7;diversification;4;b6df26168312;move;;;40;18;;;;;;;;;;True;False;False;True;;ok;15843.849898483208;15411.255082438995;15411.255082438995;15411.255082438995;63;15411.255082438995;521.1627;432.5948160442131;Evaluated;8.8583;2.2332;64;True;2;duplicate_for_same_parent_sequence
11;1;11;8;diversification;4;b6df26168312;move;;;15;8;;;;;;;;;;True;False;False;False;;ok;15454.320138283927;15411.255082438995;15411.255082438995;15411.255082438995;64;15411.255082438995;528.5372;43.06505584493243;Evaluated;5.1437;2.2274;64;True;1;
11;1;11;9;diversification;4;b6df26168312;move;;;25;30;;;;;;;;;;True;False;False;False;;ok;15914.869517240195;15411.255082438995;15411.255082438995;15411.255082438995;65;15411.255082438995;535.9686;503.61443480120033;Evaluated;5.2057;2.2242;64;True;1;
11;1;11;10;diversification;4;b6df26168312;move;;;27;18;;;;;;;;;;True;False;False;False;;ok;17136.22174550922;15411.255082438995;15411.255082438995;15411.255082438995;66;15411.255082438995;547.1105;1724.9666630702268;Evaluated;8.7083;2.4329;64;True;2;duplicate_for_same_parent_sequence
11;1;11;;diversification;5;;;;;;;;;;;;;;;;;;;;;End-of-iteration summary row;;;15411.255082438995;15411.255082438995;66;15411.255082438995;547.1132;;IterationSummary;;;;;;
12;1;12;1;diversification;5;b6df26168312;move;;;3;10;;;;;;;;;;True;False;False;False;;ok;18047.72450905877;15411.255082438995;15411.255082438995;15411.255082438995;67;15411.255082438995;555.2594;2636.4694266197766;Evaluated;5.692;2.4395;64;True;1;
12;1;12;2;diversification;5;b6df26168312;move;;;18;4;;;;;;;;;;True;False;False;True;;ok;17344.898464077673;15411.255082438995;15411.255082438995;15411.255082438995;68;15411.255082438995;566.6851;1933.643381638678;Evaluated;8.9994;2.4222;64;True;2;duplicate_for_same_parent_sequence
12;1;12;3;diversification;5;b6df26168312;move;;;29;18;;;;;;;;;;True;False;False;True;;ok;17523.126107350916;15411.255082438995;15411.255082438995;15411.255082438995;69;15411.255082438995;577.5379;2111.8710249119213;Evaluated;8.4226;2.4265;64;True;2;duplicate_for_same_parent_sequence
12;1;12;4;diversification;5;b6df26168312;move;;;62;3;;;;;;;;;;True;False;False;True;;ok;17109.029717761674;15411.255082438995;15411.255082438995;15411.255082438995;70;15411.255082438995;588.6389;1697.7746353226794;Evaluated;8.6737;2.4243;64;True;2;duplicate_for_same_parent_sequence
12;1;12;5;diversification;5;b6df26168312;move;;;35;25;;;;;;;;;;True;False;False;True;;ok;16518.99149290528;15411.255082438995;15411.255082438995;15411.255082438995;71;15411.255082438995;599.9069;1107.7364104662847;Evaluated;8.838;2.4287;64;True;2;duplicate_for_same_parent_sequence
12;1;12;6;diversification;5;b6df26168312;move;;;35;27;;;;;;;;;;True;False;False;False;;ok;16446.17296354781;15411.255082438995;15411.255082438995;15411.255082438995;72;15411.255082438995;610.8704;1034.9178811088168;Evaluated;8.5293;2.4309;64;True;2;duplicate_for_same_parent_sequence
12;1;12;7;diversification;5;b6df26168312;move;;;30;20;;;;;;;;;;True;False;False;True;;ok;16253.499076785802;15411.255082438995;15411.255082438995;15411.255082438995;73;15411.255082438995;621.9659;842.2439943468071;Evaluated;8.6536;2.4393;64;True;2;duplicate_for_same_parent_sequence
12;1;12;8;diversification;5;b6df26168312;move;;;18;4;;;;;;;;;;False;True;False;;;ok;;15411.255082438995;15411.255082438995;15411.255082438995;73;15411.255082438995;634.4862;;DuplicateForSameParentSequenceAfterRetries;12.5196;;;;3;duplicate_for_same_parent_sequence
12;1;12;9;diversification;5;b6df26168312;move;;;24;30;;;;;;;;;;True;False;False;False;;ok;15934.009813331908;15411.255082438995;15411.255082438995;15411.255082438995;74;15411.255082438995;642.0843;522.7547308929134;Evaluated;5.3718;2.2254;64;True;1;
12;1;12;10;diversification;5;b6df26168312;move;;;42;19;;;;;;;;;;True;False;False;True;;ok;16910.24584107168;15411.255082438995;15411.255082438995;15411.255082438995;75;15411.255082438995;653.1137;1498.9907586326844;Evaluated;8.6017;2.427;64;True;2;duplicate_for_same_parent_sequence
12;1;12;;diversification;6;;;;;;;;;;;;;;;;;;;;;End-of-iteration summary row;;;15411.255082438995;15411.255082438995;75;15411.255082438995;653.1168;;IterationSummary;;;;;;
13;1;13;1;diversification;6;b6df26168312;move;;;10;25;;;;;;;;;;True;False;False;True;;ok;16858.475118862123;15411.255082438995;15411.255082438995;15411.255082438995;76;15411.255082438995;661.0234;1447.2200364231285;Evaluated;5.4649;2.4277;64;True;1;
13;1;13;2;diversification;6;b6df26168312;reinsert_block;;;;;;;20;23;4;;;;;True;False;False;True;;ok;17433.840868773972;15411.255082438995;15411.255082438995;15411.255082438995;77;15411.255082438995;676.4009;2022.5857863349775;Evaluated;12.9419;2.433;64;True;3;duplicate_for_same_parent_sequence
13;1;13;3;diversification;6;b6df26168312;swap;35;42;;;;;;;;;;;;True;False;False;False;;ok;15929.374435100097;15411.255082438995;15411.255082438995;15411.255082438995;78;15411.255082438995;683.8847;518.1193526611023;Evaluated;5.2555;2.2253;64;True;1;
13;1;13;4;diversification;6;b6df26168312;move;;;52;30;;;;;;;;;;True;False;False;True;;ok;16550.08466947163;15411.255082438995;15411.255082438995;15411.255082438995;79;15411.255082438995;695.2924;1138.8295870326365;Evaluated;8.9826;2.4245;64;True;2;duplicate_for_same_parent_sequence
13;1;13;5;diversification;6;b6df26168312;move;;;40;15;;;;;;;;;;True;False;False;True;;ok;16430.730844432597;15411.255082438995;15411.255082438995;15411.255082438995;80;15411.255082438995;702.9234;1019.4757619936026;Evaluated;5.1986;2.4317;64;True;1;
13;1;13;6;diversification;6;b6df26168312;move;;;28;35;;;;;;;;;;True;False;False;False;;ok;16094.610700417683;15411.255082438995;15411.255082438995;15411.255082438995;81;15411.255082438995;713.9407;683.3556179786883;Evaluated;8.7839;2.2327;64;True;2;duplicate_for_same_parent_sequence
13;1;13;7;diversification;6;b6df26168312;move;;;34;8;;;;;;;;;;True;False;False;True;;ok;17580.098226420916;15411.255082438995;15411.255082438995;15411.255082438995;82;15411.255082438995;725.0342;2168.8431439819215;Evaluated;8.6586;2.4323;64;True;2;duplicate_for_same_parent_sequence
13;1;13;8;diversification;6;b6df26168312;move;;;20;15;;;;;;;;;;True;False;False;False;;ok;16686.086476205906;15411.255082438995;15411.255082438995;15411.255082438995;83;15411.255082438995;732.7058;1274.8313937669118;Evaluated;5.2401;2.4283;64;True;1;
13;1;13;9;diversification;6;b6df26168312;move;;;18;24;;;;;;;;;;True;False;False;False;;ok;16902.06410459835;15411.255082438995;15411.255082438995;15411.255082438995;84;15411.255082438995;743.6888;1490.8090221593557;Evaluated;8.5519;2.4281;64;True;2;duplicate_for_same_parent_sequence
13;1;13;10;diversification;6;b6df26168312;move;;;52;3;;;;;;;;;;True;False;False;True;;ok;17909.43521557505;15411.255082438995;15411.255082438995;15411.255082438995;85;15411.255082438995;754.8425;2498.180133136055;Evaluated;8.7219;2.4289;64;True;2;duplicate_for_same_parent_sequence
13;1;13;;diversification;7;;;;;;;;;;;;;;;;;;;;;End-of-iteration summary row;;;15411.255082438995;15411.255082438995;85;15411.255082438995;754.8451;;IterationSummary;;;;;;
14;1;14;1;diversification;7;b6df26168312;move;;;30;5;;;;;;;;;;True;False;False;True;;ok;16675.497558679628;15411.255082438995;15411.255082438995;15411.255082438995;86;15411.255082438995;766.2337;1264.2424762406336;Evaluated;8.9443;2.4311;64;True;2;duplicate_for_same_parent_sequence
14;1;14;2;diversification;7;b6df26168312;reinsert_block;;;;;;;18;23;5;;;;;True;False;False;True;;ok;17844.04736116328;15411.255082438995;15411.255082438995;15411.255082438995;87;15411.255082438995;774.1616;2432.792278724286;Evaluated;5.4925;2.4326;64;True;1;
14;1;14;3;diversification;7;b6df26168312;swap;32;47;;;;;;;;;;;;True;False;False;True;;ok;16030.086976811592;15411.255082438995;15411.255082438995;15411.255082438995;88;15411.255082438995;785.4004;618.8318943725972;Evaluated;9.011;2.2255;64;True;2;duplicate_for_same_parent_sequence
14;1;14;4;diversification;7;b6df26168312;move;;;62;10;;;;;;;;;;True;False;False;True;;ok;15682.897434548575;15411.255082438995;15411.255082438995;15411.255082438995;89;15411.255082438995;799.7864;271.6423521095803;Evaluated;12.1608;2.2227;64;True;3;duplicate_for_same_parent_sequence
14;1;14;5;diversification;7;b6df26168312;move;;;32;16;;;;;;;;;;True;False;False;True;;ok;16881.93484664611;15411.255082438995;15411.255082438995;15411.255082438995;90;15411.255082438995;810.8606;1470.6797642071142;Evaluated;8.6476;2.4259;64;True;2;duplicate_for_same_parent_sequence
14;1;14;6;diversification;7;b6df26168312;move;;;40;10;;;;;;;;;;True;False;False;True;;ok;17278.41624367213;15411.255082438995;15411.255082438995;15411.255082438995;91;15411.255082438995;821.8497;1867.1611612331362;Evaluated;8.559;2.4272;64;True;2;duplicate_for_same_parent_sequence
14;1;14;7;diversification;7;b6df26168312;move;;;28;10;;;;;;;;;;True;False;False;True;;ok;17437.29962401063;15411.255082438995;15411.255082438995;15411.255082438995;92;15411.255082438995;833.1057;2026.044541571635;Evaluated;8.8217;2.4329;64;True;2;duplicate_for_same_parent_sequence
14;1;14;8;diversification;7;b6df26168312;reinsert_block;;;;;;;8;14;30;;;;;True;False;False;True;;ok;17343.718135070958;15411.255082438995;15411.255082438995;15411.255082438995;93;15411.255082438995;844.9019;1932.4630526319634;Evaluated;9.3629;2.4326;64;True;2;duplicate_for_same_parent_sequence
14;1;14;9;diversification;7;b6df26168312;move;;;18;27;;;;;;;;;;True;False;False;False;;ok;16898.394153100147;15411.255082438995;15411.255082438995;15411.255082438995;94;15411.255082438995;856.0511;1487.1390706611528;Evaluated;8.722;2.4265;64;True;2;duplicate_for_same_parent_sequence
14;1;14;10;diversification;7;b6df26168312;swap;23;46;;;;;;;;;;;;True;False;False;True;;ok;17960.868230994016;15411.255082438995;15411.255082438995;15411.255082438995;95;15411.255082438995;867.4666;2549.6131485550213;Evaluated;8.9911;2.4237;64;True;2;duplicate_for_same_parent_sequence
14;1;14;;diversification;8;;;;;;;;;;;;;;;;;;;;;End-of-iteration summary row;;;15411.255082438995;15411.255082438995;95;15411.255082438995;867.4674;;IterationSummary;;;;;;
15;1;15;1;diversification;8;b6df26168312;move;;;32;8;;;;;;;;;;True;False;False;True;;ok;17281.30186227727;15411.255082438995;15411.255082438995;15411.255082438995;96;15411.255082438995;878.7841;1870.0467798382742;Evaluated;8.8882;2.4227;64;True;2;duplicate_for_same_parent_sequence
15;1;15;2;diversification;8;b6df26168312;reinsert_block;;;;;;;20;23;15;;;;;True;False;False;False;;ok;18128.881041174252;15411.255082438995;15411.255082438995;15411.255082438995;97;15411.255082438995;886.968;2717.625958735258;Evaluated;5.5582;2.625;64;True;1;
15;1;15;3;diversification;8;b6df26168312;swap;38;42;;;;;;;;;;;;True;False;False;False;;ok;15430.15752916347;15411.255082438995;15411.255082438995;15411.255082438995;98;15411.255082438995;897.9798;18.90244672447625;Evaluated;8.7871;2.2241;64;True;2;duplicate_for_same_parent_sequence
15;1;15;4;diversification;8;b6df26168312;move;;;50;30;;;;;;;;;;True;False;False;True;;ok;16535.665960727296;15411.255082438995;15411.255082438995;15411.255082438995;99;15411.255082438995;909.1787;1124.4108782883013;Evaluated;8.7645;2.4337;64;True;2;duplicate_for_same_parent_sequence
15;1;15;5;diversification;8;b6df26168312;move;;;31;15;;;;;;;;;;True;False;False;True;;ok;15447.849525067115;15411.255082438995;15411.255082438995;15411.255082438995;100;15411.255082438995;923.5751;36.594442628120305;Evaluated;12.1694;2.2264;64;True;3;duplicate_for_same_parent_sequence
15;1;15;6;diversification;8;b6df26168312;move;;;40;16;;;;;;;;;;True;False;False;True;;ok;16430.25540559103;15411.255082438995;15411.255082438995;15411.255082438995;101;15411.255082438995;934.8142;1019.000323152035;Evaluated;8.8182;2.4202;64;True;2;duplicate_for_same_parent_sequence
15;1;15;7;diversification;8;b6df26168312;move;;;40;10;;;;;;;;;;False;True;False;;;ok;;15411.255082438995;15411.255082438995;15411.255082438995;101;15411.255082438995;946.741;;DuplicateForSameParentSequenceAfterRetries;11.9262;;;;3;duplicate_for_same_parent_sequence
15;1;15;8;diversification;8;b6df26168312;move;;;20;5;;;;;;;;;;True;False;False;True;;ok;17801.997689064414;15411.255082438995;15411.255082438995;15411.255082438995;102;15411.255082438995;954.3931;2390.7426066254193;Evaluated;5.2259;2.4253;64;True;1;
15;1;15;9;diversification;8;b6df26168312;move;;;24;10;;;;;;;;;;True;False;False;True;;ok;17285.14536112355;15411.255082438995;15411.255082438995;15411.255082438995;103;15411.255082438995;965.4161;1873.8902786845538;Evaluated;8.5911;2.4312;64;True;2;duplicate_for_same_parent_sequence
15;1;15;10;diversification;8;b6df26168312;swap;48;52;;;;;;;;;;;;True;False;False;False;;ok;15637.909469796035;15411.255082438995;15411.255082438995;15411.255082438995;104;15411.255082438995;976.41;226.65438735704083;Evaluated;8.7652;2.2281;64;True;2;duplicate_for_same_parent_sequence
15;1;15;;diversification;9;;;;;;;;;;;;;;;;;;;;;End-of-iteration summary row;;;15411.255082438995;15411.255082438995;104;15411.255082438995;976.4106;;IterationSummary;;;;;;
16;1;16;1;diversification;9;b6df26168312;move;;;8;20;;;;;;;;;;True;False;False;True;;ok;15787.178813446373;15411.255082438995;15411.255082438995;15411.255082438995;105;15411.255082438995;987.6931;375.9237310073786;Evaluated;9.0501;2.2267;64;True;2;duplicate_for_same_parent_sequence
16;1;16;2;diversification;9;b6df26168312;move;;;45;18;;;;;;;;;;True;False;False;True;;ok;17547.586843203007;15411.255082438995;15411.255082438995;15411.255082438995;106;15411.255082438995;999.7811;2136.331760764013;Evaluated;9.6551;2.4323;64;True;2;duplicate_for_same_parent_sequence
16;1;16;3;diversification;9;b6df26168312;swap;38;47;;;;;;;;;;;;True;False;False;False;;ok;15745.037772932395;15411.255082438995;15411.255082438995;15411.255082438995;107;15411.255082438995;1010.8282;333.7826904934009;Evaluated;8.81;2.234;64;True;2;duplicate_for_same_parent_sequence
16;1;16;4;diversification;9;b6df26168312;move;;;48;60;;;;;;;;;;True;False;False;True;;ok;15644.832858492207;15411.255082438995;15411.255082438995;15411.255082438995;108;15411.255082438995;1021.7429;233.5777760532128;Evaluated;8.6805;2.2314;64;True;2;duplicate_for_same_parent_sequence
16;1;16;5;diversification;9;b6df26168312;swap;3;7;;;;;;;;;;;;True;False;False;False;;ok;16736.25197966571;15411.255082438995;15411.255082438995;15411.255082438995;109;15411.255082438995;1032.8998;1324.996897226716;Evaluated;8.7342;2.4221;64;True;2;duplicate_for_same_parent_sequence
16;1;16;6;diversification;9;b6df26168312;swap;32;36;;;;;;;;;;;;True;False;False;False;;ok;16004.449009724087;15411.255082438995;15411.255082438995;15411.255082438995;110;15411.255082438995;1043.7808;593.1939272850923;Evaluated;8.6503;2.23;64;True;2;duplicate_for_same_parent_sequence
16;1;16;7;diversification;9;b6df26168312;move;;;30;15;;;;;;;;;;True;False;False;True;;ok;18076.878681173766;15411.255082438995;15411.255082438995;15411.255082438995;111;15411.255082438995;1051.7346;2665.623598734772;Evaluated;5.5198;2.432;64;True;1;
16;1;16;8;diversification;9;b6df26168312;move;;;15;3;;;;;;;;;;True;False;False;True;;ok;17450.318189079917;15411.255082438995;15411.255082438995;15411.255082438995;112;15411.255082438995;1062.7133;2039.0631066409223;Evaluated;8.5452;2.4305;64;True;2;duplicate_for_same_parent_sequence
16;1;16;9;diversification;9;b6df26168312;move;;;35;16;;;;;;;;;;True;False;False;True;;ok;16910.035504621286;15411.255082438995;15411.255082438995;15411.255082438995;113;15411.255082438995;1073.7589;1498.7804221822917;Evaluated;8.6172;2.4254;64;True;2;duplicate_for_same_parent_sequence
16;1;16;10;diversification;9;b6df26168312;move;;;51;32;;;;;;;;;;True;False;False;True;;ok;16379.17071718038;15411.255082438995;15411.255082438995;15411.255082438995;114;15411.255082438995;1084.7644;967.9156347413846;Evaluated;8.5714;2.4311;64;True;2;duplicate_for_same_parent_sequence
16;2;0;;diversification;0;;;;;;;;;;;;;;;;;;;;;End-of-iteration summary row;;;16641.404845676683;15411.255082438995;115;15411.255082438995;1087.2199;;IterationSummary;;;;;;
17;2;1;1;normal;0;0f63cf6f404e;move;;;10;5;;;;;;;;;;True;False;False;False;;ok;15624.28520901457;16641.404845676683;16641.404845676683;15411.255082438995;116;15411.255082438995;1094.8416;-1017.1196366621134;Evaluated;5.3947;2.2208;64;True;1;
17;2;1;2;normal;0;0f63cf6f404e;swap;16;32;;;;;;;;;;;;True;False;False;True;;ok;16641.404845676683;16641.404845676683;16641.404845676683;15411.255082438995;117;15411.255082438995;1102.4146;0.0;Evaluated;5.1371;2.4353;64;True;1;
17;2;1;3;normal;0;0f63cf6f404e;reinsert_block;;;;;;;32;40;16;;;;;True;False;False;True;;ok;16298.825894167576;16641.404845676683;16641.404845676683;15411.255082438995;118;15411.255082438995;1110.1215;-342.57895150910736;Evaluated;5.2819;2.4243;64;True;1;
17;2;1;4;normal;0;0f63cf6f404e;move;;;50;48;;;;;;;;;;True;False;False;False;;ok;16187.814598926165;16641.404845676683;16641.404845676683;15411.255082438995;119;15411.255082438995;1117.4485;-453.5902467505184;Evaluated;4.8967;2.4271;64;True;1;
17;2;1;5;normal;0;0f63cf6f404e;move;;;24;10;;;;;;;;;;True;False;False;True;;ok;17228.22724334689;16641.404845676683;16641.404845676683;15411.255082438995;120;15411.255082438995;1124.765;586.8223976702066;Evaluated;4.8871;2.4256;64;True;1;
17;2;1;;normal;0;;;;;;;;;;;;;;;;;;;;;End-of-iteration summary row;;;15624.28520901457;15411.255082438995;120;15411.255082438995;1124.7815;;IterationSummary;;;;;;
18;2;2;1;normal;0;457c4bc75f95;move;;;5;10;;;;;;;;;;True;False;False;False;;ok;16641.404845676683;15624.28520901457;15624.28520901457;15411.255082438995;121;15411.255082438995;1132.7402;1017.1196366621134;Evaluated;5.5244;2.4275;64;True;1;
18;2;2;2;normal;0;457c4bc75f95;swap;16;32;;;;;;;;;;;;True;False;False;True;;ok;15624.28520901457;15624.28520901457;15624.28520901457;15411.255082438995;122;15411.255082438995;1140.0929;0.0;Evaluated;5.1254;2.224;64;True;1;
18;2;2;3;normal;0;457c4bc75f95;reinsert_block;;;;;;;32;40;16;;;;;True;False;False;True;;ok;16838.464727752646;15624.28520901457;15624.28520901457;15411.255082438995;123;15411.255082438995;1147.8391;1214.1795187380758;Evaluated;5.3182;2.4252;64;True;1;
18;2;2;4;normal;0;457c4bc75f95;move;;;50;48;;;;;;;;;;True;False;False;False;;ok;15636.61505467081;15624.28520901457;15624.28520901457;15411.255082438995;124;15411.255082438995;1155.2699;12.32984565624065;Evaluated;5.201;2.2259;64;True;1;
18;2;2;5;normal;0;457c4bc75f95;move;;;24;10;;;;;;;;;;True;False;False;True;;ok;17740.256296649743;15624.28520901457;15624.28520901457;15411.255082438995;125;15411.255082438995;1162.8787;2115.971087635173;Evaluated;5.1735;2.4319;64;True;1;
18;2;2;;normal;1;;;;;;;;;;;;;;;;;;;;;End-of-iteration summary row;;;15624.28520901457;15411.255082438995;125;15411.255082438995;1162.8828;;IterationSummary;;;;;;
19;2;3;1;normal;1;457c4bc75f95;move;;;7;3;;;;;;;;;;True;False;False;False;;ok;17907.77843511116;15624.28520901457;15624.28520901457;15411.255082438995;126;15411.255082438995;1174.0419;2283.493226096589;Evaluated;8.7094;2.4343;64;True;2;duplicate_for_same_parent_sequence
19;2;3;2;normal;1;457c4bc75f95;swap;20;24;;;;;;;;;;;;True;False;False;False;;ok;17291.462309651673;15624.28520901457;15624.28520901457;15411.255082438995;127;15411.255082438995;1181.7279;1667.1771006371036;Evaluated;5.2501;2.4332;64;True;1;
19;2;3;3;normal;1;457c4bc75f95;reinsert_block;;;;;;;35;40;28;;;;;True;False;False;False;;ok;16736.747719102947;15624.28520901457;15624.28520901457;15411.255082438995;128;15411.255082438995;1189.6065;1112.4625100883768;Evaluated;5.4423;2.4335;64;True;1;
19;2;3;4;normal;1;457c4bc75f95;move;;;26;30;;;;;;;;;;True;False;False;False;;ok;16900.729469040478;15624.28520901457;15624.28520901457;15411.255082438995;129;15411.255082438995;1200.6804;1276.444260025908;Evaluated;8.6458;2.4253;64;True;2;duplicate_for_same_parent_sequence
19;2;3;5;normal;1;457c4bc75f95;swap;5;19;;;;;;;;;;;;True;False;False;True;;ok;17732.647087144713;15624.28520901457;15624.28520901457;15411.255082438995;130;15411.255082438995;1211.6423;2108.361878130143;Evaluated;8.5301;2.4302;64;True;2;duplicate_for_same_parent_sequence
19;2;3;;normal;2;;;;;;;;;;;;;;;;;;;;;End-of-iteration summary row;;;15624.28520901457;15411.255082438995;130;15411.255082438995;1211.6448;;IterationSummary;;;;;;
20;2;4;1;normal;2;457c4bc75f95;move;;;10;5;;;;;;;;;;True;False;False;False;;ok;18200.878935664194;15624.28520901457;15624.28520901457;15411.255082438995;131;15411.255082438995;1219.9238;2576.593726649624;Evaluated;5.6418;2.6279;64;True;1;
20;2;4;2;normal;2;457c4bc75f95;swap;17;25;;;;;;;;;;;;True;False;False;False;;ok;15624.28520901457;15624.28520901457;15624.28520901457;15411.255082438995;132;15411.255082438995;1227.2716;0.0;Evaluated;5.1215;2.2237;64;True;1;
20;2;4;3;normal;2;457c4bc75f95;move;;;16;20;;;;;;;;;;True;False;False;False;;ok;17739.680158789484;15624.28520901457;15624.28520901457;15411.255082438995;133;15411.255082438995;1238.897;2115.3949497749145;Evaluated;9.1894;2.4331;64;True;2;duplicate_for_same_parent_sequence
20;2;4;4;normal;2;457c4bc75f95;move;;;45;50;;;;;;;;;;True;False;False;False;;ok;15711.108816942684;15624.28520901457;15624.28520901457;15411.255082438995;134;15411.255082438995;1253.2782;86.82360792811414;Evaluated;12.1511;2.2293;64;True;3;duplicate_for_same_parent_sequence
20;2;4;5;normal;2;457c4bc75f95;move;;;26;35;;;;;;;;;;True;False;False;False;;ok;16906.112511619453;15624.28520901457;15624.28520901457;15411.255082438995;135;15411.255082438995;1260.8354;1281.8273026048828;Evaluated;5.1187;2.4351;64;True;1;
20;2;4;;normal;3;;;;;;;;;;;;;;;;;;;;;End-of-iteration summary row;;;15624.28520901457;15411.255082438995;135;15411.255082438995;1260.8382;;IterationSummary;;;;;;
21;2;5;1;diversification;3;457c4bc75f95;move;;;7;3;;;;;;;;;;False;True;False;;;ok;;15624.28520901457;15624.28520901457;15411.255082438995;135;15411.255082438995;1273.3587;;DuplicateForSameParentSequenceAfterRetries;12.5084;;;;3;duplicate_for_same_parent_sequence
21;2;5;2;diversification;3;457c4bc75f95;reinsert_block;;;;;;;20;25;16;;;;;True;False;False;False;;ok;18284.909172608568;15624.28520901457;15624.28520901457;15411.255082438995;136;15411.255082438995;1281.5749;2660.6239635939983;Evaluated;5.5829;2.6323;64;True;1;
21;2;5;3;diversification;3;457c4bc75f95;swap;32;47;;;;;;;;;;;;True;False;False;True;;ok;16012.741037721877;15624.28520901457;15624.28520901457;15411.255082438995;137;15411.255082438995;1289.0839;388.45582870730686;Evaluated;5.2756;2.2319;64;True;1;
21;2;5;4;diversification;3;457c4bc75f95;move;;;51;49;;;;;;;;;;True;False;False;False;;ok;15430.566583511536;15624.28520901457;15624.28520901457;15411.255082438995;138;15411.255082438995;1299.8887;-193.71862550303376;EvaluatedImprovementDespiteDiversificationMismatch;8.574;2.2281;64;True;2;duplicate_for_same_parent_sequence
21;2;5;5;diversification;3;457c4bc75f95;move;;;20;35;;;;;;;;;;True;False;False;True;;ok;17234.791929704366;15624.28520901457;15624.28520901457;15411.255082438995;139;15411.255082438995;1307.8766;1610.5067206897966;Evaluated;5.5551;2.4299;64;True;1;
21;2;5;6;diversification;3;457c4bc75f95;move;;;50;35;;;;;;;;;;True;False;False;True;;ok;16239.589762765097;15624.28520901457;15624.28520901457;15411.255082438995;140;15411.255082438995;1315.497;615.3045537505277;Evaluated;5.1875;2.4303;64;True;1;
21;2;5;7;diversification;3;457c4bc75f95;move;;;28;40;;;;;;;;;;True;False;False;True;;ok;16563.672205974854;15624.28520901457;15624.28520901457;15411.255082438995;141;15411.255082438995;1322.8759;939.3869969602838;Evaluated;4.9435;2.4324;64;True;1;
21;2;5;8;diversification;3;457c4bc75f95;move;;;18;25;;;;;;;;;;True;False;False;False;;ok;17358.57036360281;15624.28520901457;15624.28520901457;15411.255082438995;142;15411.255082438995;1330.4932;1734.2851545882386;Evaluated;5.1812;2.4335;64;True;1;
21;2;5;9;diversification;3;457c4bc75f95;move;;;28;35;;;;;;;;;;True;False;False;False;;ok;16567.236971085855;15624.28520901457;15624.28520901457;15411.255082438995;143;15411.255082438995;1338.0776;942.951762071285;Evaluated;5.1543;2.4269;64;True;1;
21;2;5;10;diversification;3;457c4bc75f95;move;;;40;52;;;;;;;;;;True;False;False;True;;ok;15641.738541483057;15624.28520901457;15624.28520901457;15411.255082438995;144;15411.255082438995;1345.7314;17.453332468487133;Evaluated;5.4185;2.2322;64;True;1;
21;2;5;;diversification;0;;;;;;;;;;;;;;;;;;;;;End-of-iteration summary row;;;15430.566583511536;15411.255082438995;144;15411.255082438995;1345.7497;;IterationSummary;;;;;;
22;2;6;1;normal;0;0fe75e4faa66;move;;;5;2;;;;;;;;;;True;False;False;False;;ok;17797.57979532202;15430.566583511536;15430.566583511536;15411.255082438995;145;15411.255082438995;1353.8732;2367.013211810485;Evaluated;5.6894;2.4278;64;True;1;
22;2;6;2;normal;0;0fe75e4faa66;swap;16;32;;;;;;;;;;;;True;False;False;True;;ok;15430.566583511536;15430.566583511536;15430.566583511536;15411.255082438995;146;15411.255082438995;1361.219;0.0;Evaluated;5.1194;2.2256;64;True;1;
22;2;6;3;normal;0;0fe75e4faa66;reinsert_block;;;;;;;35;40;28;;;;;True;False;False;False;;ok;16275.114712905417;15430.566583511536;15430.566583511536;15411.255082438995;147;15411.255082438995;1369.1451;844.548129393881;Evaluated;5.4895;2.4333;64;True;1;
22;2;6;4;normal;0;0fe75e4faa66;move;;;50;38;;;;;;;;;;True;False;False;True;;ok;15664.908776021255;15430.566583511536;15430.566583511536;15411.255082438995;148;15411.255082438995;1376.5838;234.3421925097191;Evaluated;5.2109;2.2251;64;True;1;
22;2;6;5;normal;0;0fe75e4faa66;move;;;6;10;;;;;;;;;;True;False;False;False;;ok;17103.12271511071;15430.566583511536;15430.566583511536;15411.255082438995;149;15411.255082438995;1384.1508;1672.5561315991727;Evaluated;5.134;2.4303;64;True;1;
22;2;6;;normal;1;;;;;;;;;;;;;;;;;;;;;End-of-iteration summary row;;;15430.566583511536;15411.255082438995;149;15411.255082438995;1384.1541;;IterationSummary;;;;;;
23;2;7;1;normal;1;0fe75e4faa66;move;;;10;6;;;;;;;;;;True;False;False;False;;ok;16246.680379859454;15430.566583511536;15430.566583511536;15411.255082438995;150;15411.255082438995;1392.0531;816.1137963479177;Evaluated;5.4606;2.426;64;True;1;
23;2;7;2;normal;1;0fe75e4faa66;swap;18;25;;;;;;;;;;;;True;False;False;False;;ok;16900.255253906238;15430.566583511536;15430.566583511536;15411.255082438995;151;15411.255082438995;1399.6395;1469.688670394702;Evaluated;5.1517;2.4318;64;True;1;
23;2;7;3;normal;1;0fe75e4faa66;move;;;37;29;;;;;;;;;;True;False;False;False;;ok;16715.66478340004;15430.566583511536;15430.566583511536;15411.255082438995;152;15411.255082438995;1411.0491;1285.0981998885036;Evaluated;8.9742;2.4324;64;True;2;duplicate_for_same_parent_sequence
23;2;7;4;normal;1;0fe75e4faa66;move;;;51;48;;;;;;;;;;True;False;False;False;;ok;15638.009634881579;15430.566583511536;15430.566583511536;15411.255082438995;153;15411.255082438995;1418.409;207.44305137004267;Evaluated;5.1265;2.2302;64;True;1;
23;2;7;5;normal;1;0fe75e4faa66;move;;;28;35;;;;;;;;;;True;False;False;False;;ok;16094.76522360126;15430.566583511536;15430.566583511536;15411.255082438995;154;15411.255082438995;1425.9883;664.198640089724;Evaluated;5.1452;2.4309;64;True;1;
23;2;7;;normal;2;;;;;;;;;;;;;;;;;;;;;End-of-iteration summary row;;;15430.566583511536;15411.255082438995;154;15411.255082438995;1425.9916;;IterationSummary;;;;;;
24;2;8;1;normal;2;0fe75e4faa66;move;;;8;2;;;;;;;;;;True;False;False;False;;ok;15841.424668807502;15430.566583511536;15430.566583511536;15411.255082438995;155;15411.255082438995;1433.6226;410.8580852959658;Evaluated;5.3926;2.2241;64;True;1;
24;2;8;2;normal;2;0fe75e4faa66;swap;20;25;;;;;;;;;;;;True;False;False;False;;ok;17285.649460026885;15430.566583511536;15430.566583511536;15411.255082438995;156;15411.255082438995;1441.2079;1855.0828765153492;Evaluated;5.1476;2.435;64;True;1;
24;2;8;3;normal;2;0fe75e4faa66;move;;;15;40;;;;;;;;;;True;False;False;True;;ok;15583.747438912756;15430.566583511536;15430.566583511536;15411.255082438995;157;15411.255082438995;1452.6245;153.18085540122047;Evaluated;9.184;2.2287;64;True;2;duplicate_for_same_parent_sequence
24;2;8;4;normal;2;0fe75e4faa66;move;;;50;48;;;;;;;;;;True;False;False;False;;ok;15614.372800485296;15430.566583511536;15430.566583511536;15411.255082438995;158;15411.255082438995;1460.0083;183.80621697376046;Evaluated;5.154;2.227;64;True;1;
24;2;8;5;normal;2;0fe75e4faa66;move;;;30;25;;;;;;;;;;True;False;False;False;;ok;17627.14663975673;15430.566583511536;15430.566583511536;15411.255082438995;159;15411.255082438995;1471.0143;2196.580056245195;Evaluated;8.5752;2.4302;64;True;2;duplicate_for_same_parent_sequence
24;2;8;;normal;3;;;;;;;;;;;;;;;;;;;;;End-of-iteration summary row;;;15430.566583511536;15411.255082438995;159;15411.255082438995;1471.0176;;IterationSummary;;;;;;
25;2;9;1;diversification;3;0fe75e4faa66;move;;;10;2;;;;;;;;;;True;False;False;False;;ok;16278.540568797263;15430.566583511536;15430.566583511536;15411.255082438995;160;15411.255082438995;1478.9052;847.9739852857274;Evaluated;5.4437;2.4296;64;True;1;
25;2;9;2;diversification;3;0fe75e4faa66;reinsert_block;;;;;;;18;24;35;;;;;True;False;False;True;;ok;16490.30118289027;15430.566583511536;15430.566583511536;15411.255082438995;161;15411.255082438995;1486.9235;1059.7345993787349;Evaluated;5.5864;2.4285;64;True;1;
25;2;9;3;diversification;3;0fe75e4faa66;swap;35;42;;;;;;;;;;;;True;False;False;False;;ok;15929.459505777719;15430.566583511536;15430.566583511536;15411.255082438995;162;15411.255082438995;1494.4719;498.8929222661827;Evaluated;5.3144;2.2313;64;True;1;
25;2;9;4;diversification;3;0fe75e4faa66;move;;;50;60;;;;;;;;;;True;False;False;True;;ok;15634.268453094257;15430.566583511536;15430.566583511536;15411.255082438995;163;15411.255082438995;1502.0194;203.70186958272097;Evaluated;5.3195;2.2252;64;True;1;
25;2;9;5;diversification;3;0fe75e4faa66;swap;28;35;;;;;;;;;;;;True;False;False;False;;ok;16100.185729570447;15430.566583511536;15430.566583511536;15411.255082438995;164;15411.255082438995;1513.1828;669.6191460589107;Evaluated;8.7316;2.4288;64;True;2;duplicate_for_same_parent_sequence
25;2;9;6;diversification;3;0fe75e4faa66;move;;;32;45;;;;;;;;;;True;False;False;True;;ok;15660.751139946184;15430.566583511536;15430.566583511536;15411.255082438995;165;15411.255082438995;1520.8571;230.18455643464767;Evaluated;5.4423;2.2289;64;True;1;
25;2;9;7;diversification;3;0fe75e4faa66;move;;;45;20;;;;;;;;;;True;False;False;True;;ok;15796.92049154369;15430.566583511536;15430.566583511536;15411.255082438995;166;15411.255082438995;1531.7209;366.3539080321534;Evaluated;8.6235;2.2282;64;True;2;duplicate_for_same_parent_sequence
25;2;9;8;diversification;3;0fe75e4faa66;swap;10;25;;;;;;;;;;;;True;False;False;True;;ok;15430.566583511536;15430.566583511536;15430.566583511536;15411.255082438995;167;15411.255082438995;1542.5584;0.0;Evaluated;8.6071;2.2298;64;True;2;duplicate_for_same_parent_sequence
25;2;9;9;diversification;3;0fe75e4faa66;move;;;16;30;;;;;;;;;;True;False;False;True;;ok;17288.07215092369;15430.566583511536;15430.566583511536;15411.255082438995;168;15411.255082438995;1553.6946;1857.505567412154;Evaluated;8.7042;2.4285;64;True;2;duplicate_for_same_parent_sequence
25;2;9;10;diversification;3;0fe75e4faa66;move;;;40;52;;;;;;;;;;True;False;False;True;;ok;15667.807433958638;15430.566583511536;15430.566583511536;15411.255082438995;169;15411.255082438995;1561.1764;237.24085044710228;Evaluated;5.2474;2.2317;64;True;1;
25;2;9;;diversification;4;;;;;;;;;;;;;;;;;;;;;End-of-iteration summary row;;;15430.566583511536;15411.255082438995;169;15411.255082438995;1561.1795;;IterationSummary;;;;;;
26;2;10;1;diversification;4;0fe75e4faa66;move;;;3;20;;;;;;;;;;True;False;False;True;;ok;17586.66306060373;15430.566583511536;15430.566583511536;15411.255082438995;170;15411.255082438995;1569.4281;2156.096477092193;Evaluated;5.8104;2.4256;64;True;1;
26;2;10;2;diversification;4;0fe75e4faa66;move;;;20;35;;;;;;;;;;True;False;False;True;;ok;16791.812595328254;15430.566583511536;15430.566583511536;15411.255082438995;171;15411.255082438995;1580.7728;1361.2460118167182;Evaluated;8.9189;2.4252;64;True;2;duplicate_for_same_parent_sequence
26;2;10;3;diversification;4;0fe75e4faa66;swap;35;40;;;;;;;;;;;;True;False;False;False;;ok;15997.471740078896;15430.566583511536;15430.566583511536;15411.255082438995;172;15411.255082438995;1591.5846;566.9051565673599;Evaluated;8.5775;2.2315;64;True;2;duplicate_for_same_parent_sequence
26;2;10;4;diversification;4;0fe75e4faa66;move;;;50;61;;;;;;;;;;True;False;False;True;;ok;15798.101902504293;15430.566583511536;15430.566583511536;15411.255082438995;173;15411.255082438995;1599.9976;367.5353189927573;Evaluated;6.1801;2.2304;64;True;1;
26;2;10;5;diversification;4;0fe75e4faa66;move;;;20;40;;;;;;;;;;True;False;False;True;;ok;16695.574362725944;15430.566583511536;15430.566583511536;15411.255082438995;174;15411.255082438995;1607.7307;1265.0077792144075;Evaluated;5.298;2.4318;64;True;1;
26;2;10;6;diversification;4;0fe75e4faa66;move;;;35;28;;;;;;;;;;True;False;False;False;;ok;16446.17296354781;15430.566583511536;15430.566583511536;15411.255082438995;175;15411.255082438995;1615.3864;1015.6063800362754;Evaluated;5.2227;2.4294;64;True;1;
26;2;10;7;diversification;4;0fe75e4faa66;move;;;15;28;;;;;;;;;;True;False;False;True;;ok;16449.804523149323;15430.566583511536;15430.566583511536;15411.255082438995;176;15411.255082438995;1622.958;1019.2379396377873;Evaluated;5.1399;2.4287;64;True;1;
26;2;10;8;diversification;4;0fe75e4faa66;move;;;8;15;;;;;;;;;;True;False;False;False;;ok;15434.316814982536;15430.566583511536;15430.566583511536;15411.255082438995;177;15411.255082438995;1630.5599;3.7502314710000064;Evaluated;5.3715;2.228;64;True;1;
26;2;10;9;diversification;4;0fe75e4faa66;move;;;25;30;;;;;;;;;;True;False;False;False;;ok;15418.924654446242;15430.566583511536;15430.566583511536;15411.255082438995;178;15411.255082438995;1637.9934;-11.64192906529388;EvaluatedImprovementDespiteDiversificationMismatch;5.1985;2.2317;64;True;1;
26;2;10;10;diversification;4;0fe75e4faa66;swap;35;45;;;;;;;;;;;;True;False;False;False;;ok;16581.277576559816;15430.566583511536;15430.566583511536;15411.255082438995;179;15411.255082438995;1648.9095;1150.7109930482802;Evaluated;8.4875;2.4256;64;True;2;duplicate_for_same_parent_sequence
26;2;10;;diversification;0;;;;;;;;;;;;;;;;;;;;;End-of-iteration summary row;;;15418.924654446242;15411.255082438995;179;15411.255082438995;1648.9237;;IterationSummary;;;;;;
27;2;11;1;normal;0;a00fb736d4f5;move;;;5;10;;;;;;;;;;True;False;False;False;;ok;16635.185225874724;15418.924654446242;15418.924654446242;15411.255082438995;180;15411.255082438995;1656.9949;1216.2605714284819;Evaluated;5.6358;2.4276;64;True;1;
27;2;11;2;normal;0;a00fb736d4f5;swap;20;25;;;;;;;;;;;;True;False;False;False;;ok;16789.542570786136;15418.924654446242;15418.924654446242;15411.255082438995;181;15411.255082438995;1664.7818;1370.6179163398938;Evaluated;5.3479;2.4356;64;True;1;
27;2;11;3;normal;0;a00fb736d4f5;reinsert_block;;;;;;;35;40;28;;;;;True;False;False;False;;ok;16459.605755439763;15418.924654446242;15418.924654446242;15411.255082438995;182;15411.255082438995;1673.1501;1040.6811009935209;Evaluated;5.9325;2.433;64;True;1;
27;2;11;4;normal;0;a00fb736d4f5;move;;;50;48;;;;;;;;;;True;False;False;False;;ok;15627.434426511094;15418.924654446242;15418.924654446242;15411.255082438995;183;15411.255082438995;1680.7593;208.50977206485186;Evaluated;5.3782;2.2301;64;True;1;
27;2;11;5;normal;0;a00fb736d4f5;move;;;30;18;;;;;;;;;;True;False;False;True;;ok;16902.495243787027;15418.924654446242;15418.924654446242;15411.255082438995;184;15411.255082438995;1688.7019;1483.5705893407849;Evaluated;5.5033;2.436;64;True;1;
27;2;11;;normal;1;;;;;;;;;;;;;;;;;;;;;End-of-iteration summary row;;;15418.924654446242;15411.255082438995;184;15411.255082438995;1688.705;;IterationSummary;;;;;;
28;2;12;1;normal;1;a00fb736d4f5;move;;;2;8;;;;;;;;;;True;False;False;False;;ok;17661.573737675797;15418.924654446242;15418.924654446242;15411.255082438995;185;15411.255082438995;1700.2131;2242.649083229555;Evaluated;9.0716;2.4291;64;True;2;duplicate_for_same_parent_sequence
28;2;12;2;normal;1;a00fb736d4f5;swap;16;25;;;;;;;;;;;;True;False;False;False;;ok;16910.812872601615;15418.924654446242;15418.924654446242;15411.255082438995;186;15411.255082438995;1707.8756;1491.8882181553727;Evaluated;5.23;2.4293;64;True;1;
28;2;12;3;normal;1;a00fb736d4f5;move;;;32;36;;;;;;;;;;True;False;False;False;;ok;15925.923977297136;15418.924654446242;15418.924654446242;15411.255082438995;187;15411.255082438995;1719.2986;506.9993228508938;Evaluated;9.1966;2.2247;64;True;2;duplicate_for_same_parent_sequence
28;2;12;4;normal;1;a00fb736d4f5;move;;;60;3;;;;;;;;;;True;False;False;True;;ok;17540.74511973976;15418.924654446242;15418.924654446242;15411.255082438995;188;15411.255082438995;1730.2727;2121.8204652935183;Evaluated;8.5401;2.431;64;True;2;duplicate_for_same_parent_sequence
28;2;12;5;normal;1;a00fb736d4f5;move;;;45;30;;;;;;;;;;True;False;False;True;;ok;16984.13016469969;15418.924654446242;15418.924654446242;15411.255082438995;189;15411.255082438995;1737.8739;1565.2055102534487;Evaluated;5.1692;2.4287;64;True;1;
28;2;12;;normal;2;;;;;;;;;;;;;;;;;;;;;End-of-iteration summary row;;;15418.924654446242;15411.255082438995;189;15411.255082438995;1737.8766;;IterationSummary;;;;;;
29;2;13;1;normal;2;a00fb736d4f5;move;;;10;5;;;;;;;;;;True;False;False;False;;ok;17747.86841911481;15418.924654446242;15418.924654446242;15411.255082438995;190;15411.255082438995;1745.7879;2328.9437646685674;Evaluated;5.4709;2.4297;64;True;1;
29;2;13;2;normal;2;a00fb736d4f5;swap;17;30;;;;;;;;;;;;True;False;False;True;;ok;15418.924654446242;15418.924654446242;15418.924654446242;15411.255082438995;191;15411.255082438995;1756.7418;0.0;Evaluated;8.7257;2.2247;64;True;2;duplicate_for_same_parent_sequence
29;2;13;3;normal;2;a00fb736d4f5;move;;;60;10;;;;;;;;;;True;False;False;True;;ok;17825.178406341813;15418.924654446242;15418.924654446242;15411.255082438995;192;15411.255082438995;1768.0725;2406.2537518955705;Evaluated;8.8952;2.4328;64;True;2;duplicate_for_same_parent_sequence
29;2;13;4;normal;2;a00fb736d4f5;move;;;32;18;;;;;;;;;;True;False;False;True;;ok;16436.156553391396;15418.924654446242;15418.924654446242;15411.255082438995;193;15411.255082438995;1779.534;1017.2318989451542;Evaluated;9.0281;2.4306;64;True;2;duplicate_for_same_parent_sequence
29;2;13;5;normal;2;a00fb736d4f5;move;;;25;10;;;;;;;;;;True;False;False;True;;ok;17272.33604108714;15418.924654446242;15418.924654446242;15411.255082438995;194;15411.255082438995;1787.081;1853.411386640897;Evaluated;5.114;2.43;64;True;1;
29;2;13;;normal;3;;;;;;;;;;;;;;;;;;;;;End-of-iteration summary row;;;15418.924654446242;15411.255082438995;194;15411.255082438995;1787.0844;;IterationSummary;;;;;;
30;2;14;1;diversification;3;a00fb736d4f5;move;;;20;10;;;;;;;;;;True;False;False;True;;ok;17719.847270321534;15418.924654446242;15418.924654446242;15411.255082438995;195;15411.255082438995;1798.7205;2300.9226158752917;Evaluated;9.1909;2.4349;64;True;2;duplicate_for_same_parent_sequence
30;2;14;2;diversification;3;a00fb736d4f5;reinsert_block;;;;;;;20;25;15;;;;;True;False;False;False;;ok;17909.378674193762;15418.924654446242;15418.924654446242;15411.255082438995;196;15411.255082438995;1806.6487;2490.45401974752;Evaluated;5.4912;2.4342;64;True;1;
30;2;14;3;diversification;3;a00fb736d4f5;swap;32;45;;;;;;;;;;;;True;False;False;True;;ok;16694.028140371578;15418.924654446242;15418.924654446242;15411.255082438995;197;15411.255082438995;1814.5411;1275.103485925336;Evaluated;5.4611;2.4294;64;True;1;
30;2;14;4;diversification;3;a00fb736d4f5;reinsert_block;;;;;;;50;54;32;;;;;True;False;False;True;;ok;15714.701783323722;15418.924654446242;15418.924654446242;15411.255082438995;198;15411.255082438995;1822.5292;295.7771288774802;Evaluated;5.7608;2.2246;64;True;1;
30;2;14;5;diversification;3;a00fb736d4f5;move;;;30;5;;;;;;;;;;True;False;False;True;;ok;17291.90636063736;15418.924654446242;15418.924654446242;15411.255082438995;199;15411.255082438995;1830.4617;1872.981706191118;Evaluated;5.5048;2.4244;64;True;1;
30;2;14;6;diversification;3;a00fb736d4f5;move;;;15;20;;;;;;;;;;True;False;False;False;;ok;15630.581759845778;15418.924654446242;15418.924654446242;15411.255082438995;200;15411.255082438995;1841.8158;211.6571053995358;Evaluated;9.1242;2.2291;64;True;2;duplicate_for_same_parent_sequence
30;2;14;7;diversification;3;a00fb736d4f5;move;;;35;20;;;;;;;;;;True;False;False;True;;ok;16886.99101709683;15418.924654446242;15418.924654446242;15411.255082438995;201;15411.255082438995;1853.1044;1468.0663626505866;Evaluated;8.8584;2.4293;64;True;2;duplicate_for_same_parent_sequence
30;2;14;8;diversification;3;a00fb736d4f5;move;;;35;15;;;;;;;;;;True;False;False;True;;ok;16895.478232525566;15418.924654446242;15418.924654446242;15411.255082438995;202;15411.255082438995;1864.3104;1476.5535780793234;Evaluated;8.7764;2.4269;64;True;2;duplicate_for_same_parent_sequence
30;2;14;9;diversification;3;a00fb736d4f5;move;;;24;30;;;;;;;;;;True;False;False;False;;ok;16381.198900929487;15418.924654446242;15418.924654446242;15411.255082438995;203;15411.255082438995;1871.8957;962.2742464832445;Evaluated;5.1552;2.4296;64;True;1;
30;2;14;10;diversification;3;a00fb736d4f5;swap;51;62;;;;;;;;;;;;True;False;False;False;;ok;15204.75925398528;15418.924654446242;15418.924654446242;15411.255082438995;204;15411.255082438995;1882.8074;-214.1654004609627;EvaluatedImprovementDespiteDiversificationMismatch;8.6818;2.227;64;True;2;duplicate_for_same_parent_sequence
30;2;14;;diversification;0;;;;;;;;;;;;;;;;;;;;;End-of-iteration summary row;;;15204.75925398528;15204.75925398528;204;15204.75925398528;1882.8255;;IterationSummary;;;;;;
31;2;15;1;normal;0;34d332ffd1bd;move;;;5;20;;;;;;;;;;True;False;False;True;;ok;16534.592328514656;15204.75925398528;15204.75925398528;15204.75925398528;205;15204.75925398528;1890.8653;1329.833074529377;Evaluated;5.6062;2.4286;64;True;1;
31;2;15;2;normal;0;34d332ffd1bd;swap;20;30;;;;;;;;;;;;True;False;False;False;;ok;16579.676370857756;15204.75925398528;15204.75925398528;15204.75925398528;206;15204.75925398528;1898.4422;1374.917116872477;Evaluated;5.1423;2.4312;64;True;1;
31;2;15;3;normal;0;34d332ffd1bd;reinsert_block;;;;;;;32;40;15;;;;;True;False;False;True;;ok;15925.041367911086;15204.75925398528;15204.75925398528;15204.75925398528;207;15204.75925398528;1906.1575;720.2821139258067;Evaluated;5.49;2.224;64;True;1;
31;2;15;4;normal;0;34d332ffd1bd;move;;;51;48;;;;;;;;;;True;False;False;False;;ok;16262.321210781723;15204.75925398528;15204.75925398528;15204.75925398528;208;15204.75925398528;1913.8155;1057.561956796444;Evaluated;5.2243;2.4307;64;True;1;
31;2;15;5;normal;0;34d332ffd1bd;move;;;50;32;;;;;;;;;;True;False;False;True;;ok;16406.37198345092;15204.75925398528;15204.75925398528;15204.75925398528;209;15204.75925398528;1921.4183;1201.6127294656417;Evaluated;5.1672;2.4329;64;True;1;
31;2;15;;normal;1;;;;;;;;;;;;;;;;;;;;;End-of-iteration summary row;;;15204.75925398528;15204.75925398528;209;15204.75925398528;1921.4219;;IterationSummary;;;;;;
32;2;16;1;normal;1;34d332ffd1bd;move;;;10;5;;;;;;;;;;True;False;False;False;;ok;17186.486691559337;15204.75925398528;15204.75925398528;15204.75925398528;210;15204.75925398528;1929.4309;1981.727437574058;Evaluated;5.5682;2.4289;64;True;1;
32;2;16;2;normal;1;34d332ffd1bd;swap;18;25;;;;;;;;;;;;True;False;False;False;;ok;15204.75925398528;15204.75925398528;15204.75925398528;15204.75925398528;211;15204.75925398528;1936.889;0.0;Evaluated;5.2307;2.2249;64;True;1;
32;2;16;3;normal;1;34d332ffd1bd;reinsert_block;;;;;;;35;40;28;;;;;True;False;False;False;;ok;15897.6107881528;15204.75925398528;15204.75925398528;15204.75925398528;212;15204.75925398528;1944.723;692.8515341675211;Evaluated;5.6065;2.2263;64;True;1;
32;2;16;4;normal;1;34d332ffd1bd;move;;;50;48;;;;;;;;;;True;False;False;False;;ok;15552.734403319622;15204.75925398528;15204.75925398528;15204.75925398528;213;15204.75925398528;1952.2379;347.97514933434286;Evaluated;5.2822;2.2302;64;True;1;
32;2;16;5;normal;1;34d332ffd1bd;move;;;25;10;;;;;;;;;;True;False;False;True;;ok;16714.437070852593;15204.75925398528;15204.75925398528;15204.75925398528;214;15204.75925398528;1959.8102;1509.6778168673136;Evaluated;5.1414;2.4283;64;True;1;
32;2;16;;normal;2;;;;;;;;;;;;;;;;;;;;;End-of-iteration summary row;;;15204.75925398528;15204.75925398528;214;15204.75925398528;1959.8134;;IterationSummary;;;;;;
33;2;17;1;normal;2;34d332ffd1bd;move;;;8;3;;;;;;;;;;True;False;False;False;;ok;16893.52618055621;15204.75925398528;15204.75925398528;15204.75925398528;215;15204.75925398528;1967.7616;1688.766926570932;Evaluated;5.512;2.4236;64;True;1;
33;2;17;2;normal;2;34d332ffd1bd;move;;;20;30;;;;;;;;;;True;False;False;True;;ok;16591.28478883443;15204.75925398528;15204.75925398528;15204.75925398528;216;15204.75925398528;1978.8392;1386.52553484915;Evaluated;8.6443;2.4303;64;True;2;duplicate_for_same_parent_sequence
33;2;17;3;normal;2;34d332ffd1bd;move;;;18;25;;;;;;;;;;True;False;False;False;;ok;16338.601493959912;15204.75925398528;15204.75925398528;15204.75925398528;217;15204.75925398528;1990.1986;1133.8422399746323;Evaluated;8.9233;2.433;64;True;2;duplicate_for_same_parent_sequence
33;2;17;4;normal;2;34d332ffd1bd;move;;;51;32;;;;;;;;;;True;False;False;True;;ok;17354.60601099401;15204.75925398528;15204.75925398528;15204.75925398528;218;15204.75925398528;2001.23;2149.8467570087323;Evaluated;8.6015;2.427;64;True;2;duplicate_for_same_parent_sequence
33;2;17;5;normal;2;34d332ffd1bd;move;;;30;15;;;;;;;;;;True;False;False;True;;ok;16722.030603004507;15204.75925398528;15204.75925398528;15204.75925398528;219;15204.75925398528;2012.2357;1517.2713490192273;Evaluated;8.5762;2.427;64;True;2;duplicate_for_same_parent_sequence
33;2;17;;normal;3;;;;;;;;;;;;;;;;;;;;;End-of-iteration summary row;;;15204.75925398528;15204.75925398528;219;15204.75925398528;2012.2364;;IterationSummary;;;;;;
34;2;18;1;diversification;3;34d332ffd1bd;move;;;20;5;;;;;;;;;;True;False;False;True;;ok;17235.474205137194;15204.75925398528;15204.75925398528;15204.75925398528;220;15204.75925398528;2020.3909;2030.7149511519146;Evaluated;5.7211;2.4279;64;True;1;
34;2;18;2;diversification;3;34d332ffd1bd;reinsert_block;;;;;;;25;30;16;;;;;True;False;False;True;;ok;16285.568528386488;15204.75925398528;15204.75925398528;15204.75925398528;221;15204.75925398528;2028.3678;1080.8092744012083;Evaluated;5.5457;2.4284;64;True;1;
34;2;18;3;diversification;3;34d332ffd1bd;swap;32;40;;;;;;;;;;;;True;False;False;False;;ok;15204.75925398528;15204.75925398528;15204.75925398528;15204.75925398528;222;15204.75925398528;2035.8313;0.0;Evaluated;5.2324;2.2278;64;True;1;
34;2;18;4;diversification;3;34d332ffd1bd;move;;;48;50;;;;;;;;;;True;False;False;False;;ok;15377.35607923144;15204.75925398528;15204.75925398528;15204.75925398528;223;15204.75925398528;2046.6252;172.59682524616073;Evaluated;8.5694;2.2214;64;True;2;duplicate_for_same_parent_sequence
34;2;18;5;diversification;3;34d332ffd1bd;move;;;45;15;;;;;;;;;;True;False;False;True;;ok;17780.88241365866;15204.75925398528;15204.75925398528;15204.75925398528;224;15204.75925398528;2061.2193;2576.1231596733796;Evaluated;12.1683;2.4251;64;True;3;duplicate_for_same_parent_sequence
34;2;18;6;diversification;3;34d332ffd1bd;move;;;40;50;;;;;;;;;;True;False;False;True;;ok;15186.204513387816;15204.75925398528;15204.75925398528;15204.75925398528;225;15204.75925398528;2072.1879;-18.554740597463024;Evaluated;8.7365;2.2315;64;True;2;duplicate_for_same_parent_sequence
34;2;18;7;diversification;3;34d332ffd1bd;move;;;35;20;;;;;;;;;;True;False;False;True;;ok;16328.8211566157;15204.75925398528;15204.75925398528;15204.75925398528;226;15204.75925398528;2080.0068;1124.0619026304212;Evaluated;5.3914;2.4267;64;True;1;
34;2;18;8;diversification;3;34d332ffd1bd;move;;;30;8;;;;;;;;;;True;False;False;True;;ok;16723.651334625985;15204.75925398528;15204.75925398528;15204.75925398528;227;15204.75925398528;2091.32;1518.892080640706;Evaluated;8.8818;2.4286;64;True;2;duplicate_for_same_parent_sequence
34;2;18;9;diversification;3;34d332ffd1bd;swap;32;48;;;;;;;;;;;;True;False;False;True;;ok;15204.75925398528;15204.75925398528;15204.75925398528;15204.75925398528;228;15204.75925398528;2102.3392;0.0;Evaluated;8.7852;2.2323;64;True;2;duplicate_for_same_parent_sequence
34;2;18;10;diversification;3;34d332ffd1bd;move;;;31;20;;;;;;;;;;True;False;False;True;;ok;15215.491865812228;15204.75925398528;15204.75925398528;15204.75925398528;229;15204.75925398528;2113.5545;10.732611826948414;Evaluated;8.9898;2.2247;64;True;2;duplicate_for_same_parent_sequence
34;2;18;;diversification;0;;;;;;;;;;;;;;;;;;;;;End-of-iteration summary row;;;15186.204513387816;15186.204513387816;229;15186.204513387816;2113.5715;;IterationSummary;;;;;;
35;2;19;1;normal;0;5f039e3522eb;move;;;25;10;;;;;;;;;;True;False;False;True;;ok;16730.75068544402;15186.204513387816;15186.204513387816;15186.204513387816;230;15186.204513387816;2121.5519;1544.5461720562053;Evaluated;5.5442;2.4302;64;True;1;
35;2;19;2;normal;0;5f039e3522eb;swap;20;25;;;;;;;;;;;;True;False;False;False;;ok;16222.89873938366;15186.204513387816;15186.204513387816;15186.204513387816;231;15186.204513387816;2129.4058;1036.6942259958432;Evaluated;5.4255;2.4276;64;True;1;
35;2;19;3;normal;0;5f039e3522eb;reinsert_block;;;;;;;35;40;28;;;;;True;False;False;False;;ok;16044.006729788682;15186.204513387816;15186.204513387816;15186.204513387816;232;15186.204513387816;2137.4162;857.8022164008653;Evaluated;5.7831;2.2266;64;True;1;
35;2;19;4;normal;0;5f039e3522eb;move;;;50;48;;;;;;;;;;True;False;False;False;;ok;15183.35332974954;15186.204513387816;15186.204513387816;15186.204513387816;233;15186.204513387816;2144.7687;-2.8511836382767797;Evaluated;5.1237;2.2283;64;True;1;
35;2;19;5;normal;0;5f039e3522eb;move;;;40;15;;;;;;;;;;True;False;False;True;;ok;16726.9103576125;15186.204513387816;15186.204513387816;15186.204513387816;234;15186.204513387816;2152.3494;1540.7058442246853;Evaluated;5.1536;2.4264;64;True;1;
35;2;19;;normal;0;;;;;;;;;;;;;;;;;;;;;End-of-iteration summary row;;;15183.35332974954;15183.35332974954;234;15183.35332974954;2152.3554;;IterationSummary;;;;;;
36;2;20;1;normal;0;ce071ea88e84;move;;;5;8;;;;;;;;;;True;False;False;False;;ok;16076.70079302633;15183.35332974954;15183.35332974954;15183.35332974954;235;15183.35332974954;2160.3447;893.3474632767902;Evaluated;5.5598;2.4226;64;True;1;
36;2;20;2;normal;0;ce071ea88e84;swap;20;30;;;;;;;;;;;;True;False;False;False;;ok;16588.94011427686;15183.35332974954;15183.35332974954;15183.35332974954;236;15183.35332974954;2168.1926;1405.5867845273187;Evaluated;5.4186;2.4285;64;True;1;
36;2;20;3;normal;0;ce071ea88e84;reinsert_block;;;;;;;35;40;28;;;;;True;False;False;False;;ok;16046.597814589342;15183.35332974954;15183.35332974954;15183.35332974954;237;15183.35332974954;2176.0096;863.2444848398027;Evaluated;5.5907;2.2256;64;True;1;
36;2;20;4;normal;0;ce071ea88e84;move;;;50;35;;;;;;;;;;True;False;False;True;;ok;15817.092774479523;15183.35332974954;15183.35332974954;15183.35332974954;238;15183.35332974954;2183.3517;633.739444729983;Evaluated;5.1151;2.2244;64;True;1;
36;2;20;5;normal;0;ce071ea88e84;move;;;25;10;;;;;;;;;;True;False;False;True;;ok;16715.094525068544;15183.35332974954;15183.35332974954;15183.35332974954;239;15183.35332974954;2190.9251;1531.741195319004;Evaluated;5.1422;2.4302;64;True;1;
36;2;20;;normal;1;;;;;;;;;;;;;;;;;;;;;End-of-iteration summary row;;;15183.35332974954;15183.35332974954;239;15183.35332974954;2190.9278;;IterationSummary;;;;;;
37;2;21;1;normal;1;ce071ea88e84;move;;;10;5;;;;;;;;;;True;False;False;False;;ok;17192.632633064284;15183.35332974954;15183.35332974954;15183.35332974954;240;15183.35332974954;2198.965;2009.2793033147445;Evaluated;5.5516;2.4705;64;True;1;
37;2;21;2;normal;1;ce071ea88e84;swap;18;25;;;;;;;;;;;;True;False;False;False;;ok;15183.35332974954;15183.35332974954;15183.35332974954;15183.35332974954;241;15183.35332974954;2209.7464;0.0;Evaluated;8.5506;2.2278;64;True;2;duplicate_for_same_parent_sequence
37;2;21;3;normal;1;ce071ea88e84;reinsert_block;;;;;;;36;39;17;;;;;True;False;False;True;;ok;15845.851829452487;15183.35332974954;15183.35332974954;15183.35332974954;242;15183.35332974954;2221.637;662.4984997029478;Evaluated;9.6512;2.2368;64;True;2;duplicate_for_same_parent_sequence
37;2;21;4;normal;1;ce071ea88e84;move;;;50;48;;;;;;;;;;True;False;False;False;;ok;15186.287512539957;15183.35332974954;15183.35332974954;15183.35332974954;243;15183.35332974954;2228.9297;2.9341827904172533;Evaluated;5.0624;2.2277;64;True;1;
37;2;21;5;normal;1;ce071ea88e84;move;;;18;25;;;;;;;;;;True;False;False;False;;ok;16346.10049763035;15183.35332974954;15183.35332974954;15183.35332974954;244;15183.35332974954;2236.5112;1162.7471678808106;Evaluated;5.1484;2.4303;64;True;1;
37;2;21;;normal;2;;;;;;;;;;;;;;;;;;;;;End-of-iteration summary row;;;15183.35332974954;15183.35332974954;244;15183.35332974954;2236.5141;;IterationSummary;;;;;;
38;2;22;1;normal;2;ce071ea88e84;move;;;8;2;;;;;;;;;;True;False;False;False;;ok;15368.789789669721;15183.35332974954;15183.35332974954;15183.35332974954;245;15183.35332974954;2247.6502;185.43645992018173;Evaluated;8.8997;2.2265;64;True;2;duplicate_for_same_parent_sequence
38;2;22;2;normal;2;ce071ea88e84;swap;17;25;;;;;;;;;;;;True;False;False;False;;ok;16140.605138760979;15183.35332974954;15183.35332974954;15183.35332974954;246;15183.35332974954;2260.1165;957.251809011439;Evaluated;10.0317;2.4339;64;True;2;duplicate_for_same_parent_sequence
38;2;22;3;normal;2;ce071ea88e84;reinsert_block;;;;;;;36;42;17;;;;;True;False;False;True;;ok;16632.045600576883;15183.35332974954;15183.35332974954;15183.35332974954;247;15183.35332974954;2267.862;1448.6922708273432;Evaluated;5.3108;2.4317;64;True;1;
38;2;22;4;normal;2;ce071ea88e84;move;;;48;52;;;;;;;;;;True;False;False;False;;ok;15252.895999707482;15183.35332974954;15183.35332974954;15183.35332974954;248;15183.35332974954;2278.9351;69.54266995794205;Evaluated;8.8427;2.2297;64;True;2;duplicate_for_same_parent_sequence
38;2;22;5;normal;2;ce071ea88e84;move;;;18;30;;;;;;;;;;True;False;False;True;;ok;15886.645151686895;15183.35332974954;15183.35332974954;15183.35332974954;249;15183.35332974954;2286.2853;703.291821937355;Evaluated;5.1175;2.23;64;True;1;
38;2;22;;normal;3;;;;;;;;;;;;;;;;;;;;;End-of-iteration summary row;;;15183.35332974954;15183.35332974954;249;15183.35332974954;2286.2879;;IterationSummary;;;;;;
39;2;23;1;diversification;3;ce071ea88e84;move;;;10;5;;;;;;;;;;False;True;False;;;ok;;15183.35332974954;15183.35332974954;15183.35332974954;249;15183.35332974954;2298.4478;;DuplicateForSameParentSequenceAfterRetries;12.1446;;;;3;duplicate_for_same_parent_sequence
39;2;23;2;diversification;3;ce071ea88e84;reinsert_block;;;;;;;25;30;16;;;;;True;False;False;True;;ok;16293.118786535968;15183.35332974954;15183.35332974954;15183.35332974954;250;15183.35332974954;2306.4712;1109.7654567864283;Evaluated;5.588;2.4344;64;True;1;
39;2;23;3;diversification;3;ce071ea88e84;swap;34;40;;;;;;;;;;;;True;False;False;False;;ok;15927.13695497986;15183.35332974954;15183.35332974954;15183.35332974954;251;15183.35332974954;2313.9438;743.7836252303205;Evaluated;5.2411;2.2282;64;True;1;
39;2;23;4;diversification;3;ce071ea88e84;move;;;50;38;;;;;;;;;;True;False;False;True;;ok;15349.41332217552;15183.35332974954;15183.35332974954;15183.35332974954;252;15183.35332974954;2321.4726;166.05999242598045;Evaluated;5.3045;2.2237;64;True;1;
39;2;23;5;diversification;3;ce071ea88e84;move;;;20;10;;;;;;;;;;True;False;False;True;;ok;17173.394132273497;15183.35332974954;15183.35332974954;15183.35332974954;253;15183.35332974954;2332.5599;1990.0408025239576;Evaluated;8.657;2.4273;64;True;2;duplicate_for_same_parent_sequence
39;2;23;6;diversification;3;ce071ea88e84;move;;;40;25;;;;;;;;;;True;False;False;True;;ok;15197.017709930135;15183.35332974954;15183.35332974954;15183.35332974954;254;15183.35332974954;2340.1287;13.66438018059489;Evaluated;5.3391;2.227;64;True;1;
39;2;23;7;diversification;3;ce071ea88e84;move;;;15;40;;;;;;;;;;True;False;False;True;;ok;15931.826259158284;15183.35332974954;15183.35332974954;15183.35332974954;255;15183.35332974954;2347.6305;748.4729294087447;Evaluated;5.2713;2.2279;64;True;1;
39;2;23;8;diversification;3;ce071ea88e84;move;;;20;15;;;;;;;;;;True;False;False;False;;ok;16133.778423329208;15183.35332974954;15183.35332974954;15183.35332974954;256;15183.35332974954;2355.1463;950.4250935796681;Evaluated;5.084;2.4288;64;True;1;
39;2;23;9;diversification;3;ce071ea88e84;move;;;24;30;;;;;;;;;;True;False;False;False;;ok;15834.335395264761;15183.35332974954;15183.35332974954;15183.35332974954;257;15183.35332974954;2362.5319;650.9820655152216;Evaluated;5.1584;2.2247;64;True;1;
39;2;23;10;diversification;3;ce071ea88e84;move;;;45;30;;;;;;;;;;True;False;False;True;;ok;17519.1793408232;15183.35332974954;15183.35332974954;15183.35332974954;258;15183.35332974954;2370.1468;2335.826011073661;Evaluated;5.1815;2.4305;64;True;1;
39;2;23;;diversification;4;;;;;;;;;;;;;;;;;;;;;End-of-iteration summary row;;;15183.35332974954;15183.35332974954;258;15183.35332974954;2370.149;;IterationSummary;;;;;;
40;2;24;1;diversification;4;ce071ea88e84;move;;;8;20;;;;;;;;;;True;False;False;True;;ok;15869.987136500755;15183.35332974954;15183.35332974954;15183.35332974954;259;15183.35332974954;2378.0655;686.6338067512152;Evaluated;5.6763;2.2265;64;True;1;
40;2;24;2;diversification;4;ce071ea88e84;reinsert_block;;;;;;;18;23;10;;;;;True;False;False;True;;ok;16791.033814366503;15183.35332974954;15183.35332974954;15183.35332974954;260;15183.35332974954;2386.036;1607.6804846169634;Evaluated;5.5397;2.4279;64;True;1;
40;2;24;3;diversification;4;ce071ea88e84;swap;35;40;;;;;;;;;;;;True;False;False;False;;ok;15317.56779114879;15183.35332974954;15183.35332974954;15183.35332974954;261;15183.35332974954;2393.5002;134.21446139924956;Evaluated;5.2317;2.2295;64;True;1;
40;2;24;4;diversification;4;ce071ea88e84;move;;;49;12;;;;;;;;;;True;False;False;True;;ok;17111.87890650809;15183.35332974954;15183.35332974954;15183.35332974954;262;15183.35332974954;2404.4817;1928.5255767585495;Evaluated;8.5534;2.4273;64;True;2;duplicate_for_same_parent_sequence
40;2;24;5;diversification;4;ce071ea88e84;move;;;27;18;;;;;;;;;;True;False;False;False;;ok;16301.526684113887;15183.35332974954;15183.35332974954;15183.35332974954;263;15183.35332974954;2412.1038;1118.1733543643477;Evaluated;5.1896;2.4317;64;True;1;
40;2;24;6;diversification;4;ce071ea88e84;move;;;28;45;;;;;;;;;;True;False;False;True;;ok;15892.424706727901;15183.35332974954;15183.35332974954;15183.35332974954;264;15183.35332974954;2423.3127;709.0713769783615;Evaluated;8.9755;2.2306;64;True;2;duplicate_for_same_parent_sequence
40;2;24;7;diversification;4;ce071ea88e84;move;;;48;15;;;;;;;;;;True;False;False;True;;ok;15883.59931453976;15183.35332974954;15183.35332974954;15183.35332974954;265;15183.35332974954;2430.821;700.245984790221;Evaluated;5.2707;2.2352;64;True;1;
40;2;24;8;diversification;4;ce071ea88e84;move;;;35;48;;;;;;;;;;True;False;False;True;;ok;15063.95113438712;15183.35332974954;15183.35332974954;15183.35332974954;266;15183.35332974954;2441.6923;-119.40219536241966;Evaluated;8.6343;2.2338;64;True;2;duplicate_for_same_parent_sequence
40;2;24;9;diversification;4;ce071ea88e84;move;;;25;35;;;;;;;;;;True;False;False;True;;ok;15971.870468235635;15183.35332974954;15183.35332974954;15183.35332974954;267;15183.35332974954;2452.474;788.5171384860951;Evaluated;8.5509;2.2276;64;True;2;duplicate_for_same_parent_sequence
40;2;24;10;diversification;4;ce071ea88e84;move;;;51;30;;;;;;;;;;True;False;False;True;;ok;17520.828226721856;15183.35332974954;15183.35332974954;15183.35332974954;268;15183.35332974954;2460.0638;2337.474896972317;Evaluated;5.1525;2.4339;64;True;1;
40;2;24;;diversification;0;;;;;;;;;;;;;;;;;;;;;End-of-iteration summary row;;;15063.95113438712;15063.95113438712;268;15063.95113438712;2460.0781;;IterationSummary;;;;;;
41;2;25;1;normal;0;d34627771c96;move;;;10;5;;;;;;;;;;True;False;False;False;;ok;17813.159480237908;15063.95113438712;15063.95113438712;15063.95113438712;269;15063.95113438712;2468.309;2749.2083458507877;Evaluated;5.7962;2.427;64;True;1;
41;2;25;2;normal;0;d34627771c96;swap;20;25;;;;;;;;;;;;True;False;False;False;;ok;16852.478710717805;15063.95113438712;15063.95113438712;15063.95113438712;270;15063.95113438712;2475.8589;1788.5275763306854;Evaluated;5.1222;2.4268;64;True;1;
41;2;25;3;normal;0;d34627771c96;reinsert_block;;;;;;;32;40;15;;;;;True;False;False;True;;ok;17165.141180103867;15063.95113438712;15063.95113438712;15063.95113438712;271;15063.95113438712;2483.7734;2101.1900457167467;Evaluated;5.4842;2.4295;64;True;1;
41;2;25;4;normal;0;d34627771c96;move;;;51;20;;;;;;;;;;True;False;False;True;;ok;15614.283960461195;15063.95113438712;15063.95113438712;15063.95113438712;272;15063.95113438712;2491.2221;550.3328260740745;Evaluated;5.216;2.2295;64;True;1;
41;2;25;5;normal;0;d34627771c96;move;;;8;20;;;;;;;;;;True;False;False;True;;ok;15162.384314683359;15063.95113438712;15063.95113438712;15063.95113438712;273;15063.95113438712;2498.8118;98.43318029623879;Evaluated;5.3555;2.2312;64;True;1;
41;2;25;;normal;1;;;;;;;;;;;;;;;;;;;;;End-of-iteration summary row;;;15063.95113438712;15063.95113438712;273;15063.95113438712;2498.8148;;IterationSummary;;;;;;
42;2;26;1;normal;1;d34627771c96;move;;;18;5;;;;;;;;;;True;False;False;True;;ok;17405.83986547444;15063.95113438712;15063.95113438712;15063.95113438712;274;15063.95113438712;2506.826;2341.8887310873215;Evaluated;5.5682;2.434;64;True;1;
42;2;26;2;normal;1;d34627771c96;swap;18;25;;;;;;;;;;;;True;False;False;False;;ok;15063.95113438712;15063.95113438712;15063.95113438712;15063.95113438712;275;15063.95113438712;2514.2241;0.0;Evaluated;5.1661;2.2292;64;True;1;
42;2;26;3;normal;1;d34627771c96;reinsert_block;;;;;;;35;40;25;;;;;True;False;False;True;;ok;16901.862848974324;15063.95113438712;15063.95113438712;15063.95113438712;276;15063.95113438712;2522.1453;1837.9117145872042;Evaluated;5.4913;2.4267;64;True;1;
42;2;26;4;normal;1;d34627771c96;move;;;50;48;;;;;;;;;;True;False;False;False;;ok;15861.08232403671;15063.95113438712;15063.95113438712;15063.95113438712;277;15063.95113438712;2529.626;797.1311896495899;Evaluated;5.2458;2.2318;64;True;1;
42;2;26;5;normal;1;d34627771c96;move;;;28;45;;;;;;;;;;True;False;False;True;;ok;15442.013345395553;15063.95113438712;15063.95113438712;15063.95113438712;278;15063.95113438712;2536.9984;378.0622110084332;Evaluated;5.1412;2.2282;64;True;1;
42;2;26;;normal;2;;;;;;;;;;;;;;;;;;;;;End-of-iteration summary row;;;15063.95113438712;15063.95113438712;278;15063.95113438712;2537.0011;;IterationSummary;;;;;;
43;2;27;1;normal;2;d34627771c96;move;;;5;10;;;;;;;;;;True;False;False;False;;ok;16702.89504685457;15063.95113438712;15063.95113438712;15063.95113438712;279;15063.95113438712;2545.0647;1638.94391246745;Evaluated;5.6201;2.4283;64;True;1;
43;2;27;2;normal;2;d34627771c96;move;;;18;20;;;;;;;;;;True;False;False;False;;ok;16967.087000286923;15063.95113438712;15063.95113438712;15063.95113438712;280;15063.95113438712;2556.0343;1903.1358658998033;Evaluated;8.5381;2.4307;64;True;2;duplicate_for_same_parent_sequence
43;2;27;3;normal;2;d34627771c96;reinsert_block;;;;;;;35;40;28;;;;;True;False;False;False;;ok;16513.76834771634;15063.95113438712;15063.95113438712;15063.95113438712;281;15063.95113438712;2564.2422;1449.817213329221;Evaluated;5.7784;2.4268;64;True;1;
43;2;27;4;normal;2;d34627771c96;move;;;50;35;;;;;;;;;;True;False;False;True;;ok;16454.146980737285;15063.95113438712;15063.95113438712;15063.95113438712;282;15063.95113438712;2572.0407;1390.195846350165;Evaluated;5.3686;2.4261;64;True;1;
43;2;27;5;normal;2;d34627771c96;move;;;40;15;;;;;;;;;;True;False;False;True;;ok;16988.226408304854;15063.95113438712;15063.95113438712;15063.95113438712;283;15063.95113438712;2579.6046;1924.275273917734;Evaluated;5.1301;2.4331;64;True;1;
43;2;27;;normal;3;;;;;;;;;;;;;;;;;;;;;End-of-iteration summary row;;;15063.95113438712;15063.95113438712;283;15063.95113438712;2579.6076;;IterationSummary;;;;;;
44;2;28;1;diversification;3;d34627771c96;move;;;28;5;;;;;;;;;;True;False;False;True;;ok;16556.48969791391;15063.95113438712;15063.95113438712;15063.95113438712;284;15063.95113438712;2587.4428;1492.5385635267885;Evaluated;5.3942;2.4326;64;True;1;
44;2;28;2;diversification;3;d34627771c96;reinsert_block;;;;;;;25;30;16;;;;;True;False;False;True;;ok;16936.601664378046;15063.95113438712;15063.95113438712;15063.95113438712;285;15063.95113438712;2595.3767;1872.6505299909259;Evaluated;5.495;2.4354;64;True;1;
44;2;28;3;diversification;3;d34627771c96;swap;35;40;;;;;;;;;;;;True;False;False;False;;ok;16553.72923019424;15063.95113438712;15063.95113438712;15063.95113438712;286;15063.95113438712;2603.032;1489.7780958071198;Evaluated;5.2224;2.4303;64;True;1;
44;2;28;4;diversification;3;d34627771c96;move;;;62;3;;;;;;;;;;True;False;False;True;;ok;17465.854448492373;15063.95113438712;15063.95113438712;15063.95113438712;287;15063.95113438712;2614.2253;2401.9033141052532;Evaluated;8.7552;2.4355;64;True;2;duplicate_for_same_parent_sequence
44;2;28;5;diversification;3;d34627771c96;move;;;28;15;;;;;;;;;;True;False;False;True;;ok;17688.706544457837;15063.95113438712;15063.95113438712;15063.95113438712;288;15063.95113438712;2621.9725;2624.7554100707166;Evaluated;5.3157;2.4297;64;True;1;
44;2;28;6;diversification;3;d34627771c96;move;;;40;25;;;;;;;;;;True;False;False;True;;ok;16592.219620470827;15063.95113438712;15063.95113438712;15063.95113438712;289;15063.95113438712;2629.4322;1528.268486083707;Evaluated;5.0279;2.4286;64;True;1;
44;2;28;7;diversification;3;d34627771c96;move;;;30;45;;;;;;;;;;True;False;False;True;;ok;15196.722353358293;15063.95113438712;15063.95113438712;15063.95113438712;290;15063.95113438712;2640.2;132.77121897117286;Evaluated;8.5404;2.2243;64;True;2;duplicate_for_same_parent_sequence
44;2;28;8;diversification;3;d34627771c96;move;;;25;10;;;;;;;;;;True;False;False;True;;ok;17363.926988465635;15063.95113438712;15063.95113438712;15063.95113438712;291;15063.95113438712;2647.8312;2299.975854078515;Evaluated;5.1971;2.4314;64;True;1;
44;2;28;9;diversification;3;d34627771c96;move;;;30;18;;;;;;;;;;True;False;False;True;;ok;16982.11745395593;15063.95113438712;15063.95113438712;15063.95113438712;292;15063.95113438712;2659.0859;1918.1663195688088;Evaluated;8.8243;2.4276;64;True;2;duplicate_for_same_parent_sequence
44;2;28;10;diversification;3;d34627771c96;move;;;45;30;;;;;;;;;;True;False;False;True;;ok;15792.39001318543;15063.95113438712;15063.95113438712;15063.95113438712;293;15063.95113438712;2666.8627;728.4388787983098;Evaluated;5.5407;2.2336;64;True;1;
44;2;28;;diversification;4;;;;;;;;;;;;;;;;;;;;;End-of-iteration summary row;;;15063.95113438712;15063.95113438712;293;15063.95113438712;2666.8645;;IterationSummary;;;;;;
45;2;29;1;diversification;4;d34627771c96;move;;;35;10;;;;;;;;;;True;False;False;True;;ok;17446.091965429263;15063.95113438712;15063.95113438712;15063.95113438712;294;15063.95113438712;2678.3893;2382.140831042143;Evaluated;9.0831;2.4343;64;True;2;duplicate_for_same_parent_sequence
45;2;29;2;diversification;4;d34627771c96;reinsert_block;;;;;;;16;19;30;;;;;True;False;False;True;;ok;17432.75782633644;15063.95113438712;15063.95113438712;15063.95113438712;295;15063.95113438712;2693.4704;2368.8066919493212;Evaluated;12.6495;2.429;64;True;3;duplicate_for_same_parent_sequence
45;2;29;3;diversification;4;d34627771c96;swap;32;38;;;;;;;;;;;;True;False;False;False;;ok;15133.595078614922;15063.95113438712;15063.95113438712;15063.95113438712;296;15063.95113438712;2704.7175;69.64394422780242;Evaluated;9.0118;2.2326;64;True;2;duplicate_for_same_parent_sequence
45;2;29;4;diversification;4;d34627771c96;move;;;48;10;;;;;;;;;;True;False;False;True;;ok;16720.58697381473;15063.95113438712;15063.95113438712;15063.95113438712;297;15063.95113438712;2715.9279;1656.6358394276103;Evaluated;8.7774;2.4305;64;True;2;duplicate_for_same_parent_sequence
45;2;29;5;diversification;4;d34627771c96;move;;;35;5;;;;;;;;;;True;False;False;True;;ok;17424.098907308577;15063.95113438712;15063.95113438712;15063.95113438712;298;15063.95113438712;2727.2947;2360.1477729214566;Evaluated;8.9326;2.4312;64;True;2;duplicate_for_same_parent_sequence
45;2;29;6;diversification;4;d34627771c96;reinsert_block;;;;;;;50;55;10;;;;;True;False;False;True;;ok;18148.1694286173;15063.95113438712;15063.95113438712;15063.95113438712;299;15063.95113438712;2738.8979;3084.2182942301806;Evaluated;8.9648;2.6354;64;True;2;duplicate_for_same_parent_sequence
45;2;29;7;diversification;4;d34627771c96;swap;10;30;;;;;;;;;;;;True;False;False;True;;ok;15063.95113438712;15063.95113438712;15063.95113438712;15063.95113438712;300;15063.95113438712;2749.7275;0.0;Evaluated;8.5961;2.2305;64;True;2;duplicate_for_same_parent_sequence
45;2;29;8;diversification;4;d34627771c96;move;;;20;5;;;;;;;;;;True;False;False;True;;ok;17876.759568052217;15063.95113438712;15063.95113438712;15063.95113438712;301;15063.95113438712;2757.559;2812.8084336650973;Evaluated;5.3983;2.4302;64;True;1;
45;2;29;9;diversification;4;d34627771c96;swap;30;45;;;;;;;;;;;;True;False;False;True;;ok;15191.069245641222;15063.95113438712;15063.95113438712;15063.95113438712;302;15063.95113438712;2768.3557;127.11811125410168;Evaluated;8.5628;2.2307;64;True;2;duplicate_for_same_parent_sequence
45;2;29;10;diversification;4;d34627771c96;swap;45;50;;;;;;;;;;;;True;False;False;False;;ok;15539.43570225296;15063.95113438712;15063.95113438712;15063.95113438712;303;15063.95113438712;2775.7413;475.4845678658403;Evaluated;5.1553;2.2271;64;True;1;
45;2;29;;diversification;5;;;;;;;;;;;;;;;;;;;;;End-of-iteration summary row;;;15063.95113438712;15063.95113438712;303;15063.95113438712;2775.745;;IterationSummary;;;;;;
46;2;30;1;diversification;5;d34627771c96;move;;;30;2;;;;;;;;;;True;False;False;True;;ok;15449.38421025686;15063.95113438712;15063.95113438712;15063.95113438712;304;15063.95113438712;2787.112;385.4330758697397;Evaluated;9.1289;2.2277;64;True;2;duplicate_for_same_parent_sequence
46;2;30;2;diversification;5;d34627771c96;reinsert_block;;;;;;;16;20;30;;;;;True;False;False;True;;ok;17462.943478842226;15063.95113438712;15063.95113438712;15063.95113438712;305;15063.95113438712;2795.1093;2398.992344455106;Evaluated;5.5605;2.4342;64;True;1;
46;2;30;3;diversification;5;d34627771c96;swap;32;45;;;;;;;;;;;;True;False;False;True;;ok;15205.821775596512;15063.95113438712;15063.95113438712;15063.95113438712;306;15063.95113438712;2802.799;141.8706412093925;Evaluated;5.4525;2.2344;64;True;1;
46;2;30;4;diversification;5;d34627771c96;move;;;50;10;;;;;;;;;;True;False;False;True;;ok;17347.79748883886;15063.95113438712;15063.95113438712;15063.95113438712;307;15063.95113438712;2810.3476;2283.84635445174;Evaluated;5.1135;2.4318;64;True;1;
46;2;30;5;diversification;5;d34627771c96;move;;;15;30;;;;;;;;;;True;False;False;True;;ok;15714.977065364988;15063.95113438712;15063.95113438712;15063.95113438712;308;15063.95113438712;2817.9064;651.0259309778685;Evaluated;5.3282;2.2274;64;True;1;
46;2;30;6;diversification;5;d34627771c96;move;;;38;15;;;;;;;;;;True;False;False;True;;ok;15114.148425844283;15063.95113438712;15063.95113438712;15063.95113438712;309;15063.95113438712;2828.7495;50.197291457163374;Evaluated;8.6133;2.2275;64;True;2;duplicate_for_same_parent_sequence
46;2;30;7;diversification;5;d34627771c96;move;;;25;40;;;;;;;;;;True;False;False;True;;ok;16339.163916980911;15063.95113438712;15063.95113438712;15063.95113438712;310;15063.95113438712;2843.3001;1275.2127825937914;Evaluated;12.1193;2.4283;64;True;3;duplicate_for_same_parent_sequence
46;2;30;8;diversification;5;d34627771c96;move;;;20;30;;;;;;;;;;True;False;False;True;;ok;17223.296576947123;15063.95113438712;15063.95113438712;15063.95113438712;311;15063.95113438712;2854.552;2159.345442560003;Evaluated;8.8199;2.4288;64;True;2;duplicate_for_same_parent_sequence
46;2;30;9;diversification;5;d34627771c96;move;;;28;15;;;;;;;;;;False;True;False;;;ok;;15063.95113438712;15063.95113438712;15063.95113438712;311;15063.95113438712;2866.876;;DuplicateForSameParentSequenceAfterRetries;12.3205;;;;3;duplicate_for_same_parent_sequence
46;2;30;10;diversification;5;d34627771c96;move;;;45;10;;;;;;;;;;True;False;False;True;;ok;15110.622208414514;15063.95113438712;15063.95113438712;15063.95113438712;312;15063.95113438712;2874.336;46.67107402739384;Evaluated;5.2334;2.2255;64;True;1;
46;2;30;;diversification;6;;;;;;;;;;;;;;;;;;;;;End-of-iteration summary row;;;15063.95113438712;15063.95113438712;312;15063.95113438712;2874.3393;;IterationSummary;;;;;;
47;2;31;1;diversification;6;d34627771c96;move;;;18;30;;;;;;;;;;True;False;False;True;;ok;15181.824366446961;15063.95113438712;15063.95113438712;15063.95113438712;313;15063.95113438712;2882.3008;117.87323205984103;Evaluated;5.7185;2.2294;64;True;1;
47;2;31;2;diversification;6;d34627771c96;reinsert_block;;;;;;;18;25;30;;;;;True;False;False;False;;ok;16493.496393790792;15063.95113438712;15063.95113438712;15063.95113438712;314;15063.95113438712;2890.3998;1429.5452594036724;Evaluated;5.6658;2.4302;64;True;1;
47;2;31;3;diversification;6;d34627771c96;swap;32;47;;;;;;;;;;;;True;False;False;True;;ok;15063.95113438712;15063.95113438712;15063.95113438712;15063.95113438712;315;15063.95113438712;2904.8751;0.0;Evaluated;12.2435;2.2288;64;True;3;duplicate_for_same_parent_sequence
47;2;31;4;diversification;6;d34627771c96;move;;;50;18;;;;;;;;;;True;False;False;True;;ok;17067.03990942743;15063.95113438712;15063.95113438712;15063.95113438712;316;15063.95113438712;2912.5259;2003.088775040309;Evaluated;5.2151;2.4321;64;True;1;
47;2;31;5;diversification;6;d34627771c96;swap;25;40;;;;;;;;;;;;True;False;False;True;;ok;15063.95113438712;15063.95113438712;15063.95113438712;15063.95113438712;317;15063.95113438712;2923.301;0.0;Evaluated;8.54;2.2314;64;True;2;duplicate_for_same_parent_sequence
47;2;31;6;diversification;6;d34627771c96;move;;;48;20;;;;;;;;;;True;False;False;True;;ok;16335.903659163529;15063.95113438712;15063.95113438712;15063.95113438712;318;15063.95113438712;2934.5014;1271.9525247764086;Evaluated;8.7655;2.4322;64;True;2;duplicate_for_same_parent_sequence
47;2;31;7;diversification;6;d34627771c96;move;;;48;15;;;;;;;;;;True;False;False;True;;ok;17083.214237959288;15063.95113438712;15063.95113438712;15063.95113438712;319;15063.95113438712;2942.2244;2019.263103572168;Evaluated;5.2887;2.4315;64;True;1;
47;2;31;8;diversification;6;d34627771c96;move;;;18;25;;;;;;;;;;True;False;False;False;;ok;16969.85686609804;15063.95113438712;15063.95113438712;15063.95113438712;320;15063.95113438712;2949.8959;1905.9057317109218;Evaluated;5.2406;2.428;64;True;1;
47;2;31;9;diversification;6;d34627771c96;move;;;30;5;;;;;;;;;;True;False;False;True;;ok;17366.751620309842;15063.95113438712;15063.95113438712;15063.95113438712;321;15063.95113438712;2960.8585;2302.800485922722;Evaluated;8.5298;2.4303;64;True;2;duplicate_for_same_parent_sequence
47;2;31;10;diversification;6;d34627771c96;move;;;48;52;;;;;;;;;;True;False;False;False;;ok;15841.996132919367;15063.95113438712;15063.95113438712;15063.95113438712;322;15063.95113438712;2968.4515;778.0449985322466;Evaluated;5.3633;2.2265;64;True;1;
47;2;31;;diversification;7;;;;;;;;;;;;;;;;;;;;;End-of-iteration summary row;;;15063.95113438712;15063.95113438712;322;15063.95113438712;2968.4552;;IterationSummary;;;;;;
48;2;32;1;diversification;7;d34627771c96;move;;;10;25;;;;;;;;;;True;False;False;True;;ok;15226.344792873735;15063.95113438712;15063.95113438712;15063.95113438712;323;15063.95113438712;2976.348;162.3936584866151;Evaluated;5.6424;2.2358;64;True;1;
48;2;32;2;diversification;7;d34627771c96;reinsert_block;;;;;;;18;23;30;;;;;True;False;False;False;;ok;15212.600854888573;15063.95113438712;15063.95113438712;15063.95113438712;324;15063.95113438712;2991.2045;148.64972050145298;Evaluated;12.6137;2.2401;64;True;3;duplicate_for_same_parent_sequence
48;2;32;3;diversification;7;d34627771c96;swap;35;47;;;;;;;;;;;;True;False;False;True;;ok;17123.35017268635;15063.95113438712;15063.95113438712;15063.95113438712;325;15063.95113438712;3006.2319;2059.3990382992306;Evaluated;12.5969;2.4276;64;True;3;duplicate_for_same_parent_sequence
48;2;32;4;diversification;7;d34627771c96;move;;;62;18;;;;;;;;;;True;False;False;True;;ok;17009.141892375075;15063.95113438712;15063.95113438712;15063.95113438712;326;15063.95113438712;3017.2177;1945.1907579879553;Evaluated;8.5505;2.4326;64;True;2;duplicate_for_same_parent_sequence
48;2;32;5;diversification;7;d34627771c96;move;;;20;5;;;;;;;;;;False;True;False;;;ok;;15063.95113438712;15063.95113438712;15063.95113438712;326;15063.95113438712;3029.7997;;DuplicateForSameParentSequenceAfterRetries;12.5794;;;;3;duplicate_for_same_parent_sequence
48;2;32;6;diversification;7;d34627771c96;move;;;40;20;;;;;;;;;;True;False;False;True;;ok;16969.282921987662;15063.95113438712;15063.95113438712;15063.95113438712;327;15063.95113438712;3040.8678;1905.3317876005422;Evaluated;8.6321;2.435;64;True;2;duplicate_for_same_parent_sequence
48;2;32;7;diversification;7;d34627771c96;move;;;20;45;;;;;;;;;;True;False;False;True;;ok;17226.79234647057;15063.95113438712;15063.95113438712;15063.95113438712;328;15063.95113438712;3048.6297;2162.841212083451;Evaluated;5.3306;2.4284;64;True;1;
48;2;32;8;diversification;7;d34627771c96;move;;;20;35;;;;;;;;;;True;False;False;True;;ok;16951.189613029663;15063.95113438712;15063.95113438712;15063.95113438712;329;15063.95113438712;3056.2439;1887.2384786425428;Evaluated;5.1808;2.4308;64;True;1;
48;2;32;9;diversification;7;d34627771c96;move;;;25;30;;;;;;;;;;True;False;False;False;;ok;15213.392725400132;15063.95113438712;15063.95113438712;15063.95113438712;330;15063.95113438712;3063.6785;149.44159101301193;Evaluated;5.2014;2.2304;64;True;1;
48;2;32;10;diversification;7;d34627771c96;move;;;50;25;;;;;;;;;;True;False;False;True;;ok;15067.01283758003;15063.95113438712;15063.95113438712;15063.95113438712;331;15063.95113438712;3071.4516;3.0617031929104996;Evaluated;5.5411;2.2293;64;True;1;
48;2;32;;diversification;8;;;;;;;;;;;;;;;;;;;;;End-of-iteration summary row;;;15063.95113438712;15063.95113438712;331;15063.95113438712;3071.4544;;IterationSummary;;;;;;
49;2;33;1;diversification;8;d34627771c96;move;;;8;30;;;;;;;;;;True;False;False;True;;ok;15215.793833825337;15063.95113438712;15063.95113438712;15063.95113438712;332;15063.95113438712;3083.1656;151.8426994382171;Evaluated;9.47;2.2316;64;True;2;duplicate_for_same_parent_sequence
49;2;33;2;diversification;8;d34627771c96;move;;;45;25;;;;;;;;;;True;False;False;True;;ok;15151.743691413334;15063.95113438712;15063.95113438712;15063.95113438712;333;15063.95113438712;3094.4174;87.79255702621413;Evaluated;9.0243;2.2248;64;True;2;duplicate_for_same_parent_sequence
49;2;33;3;diversification;8;d34627771c96;move;;;35;50;;;;;;;;;;True;False;False;True;;ok;15900.811797264012;15063.95113438712;15063.95113438712;15063.95113438712;334;15063.95113438712;3105.2336;836.8606628768921;Evaluated;8.5891;2.2241;64;True;2;duplicate_for_same_parent_sequence
49;2;33;4;diversification;8;d34627771c96;move;;;40;50;;;;;;;;;;True;False;False;True;;ok;15477.85318003533;15063.95113438712;15063.95113438712;15063.95113438712;335;15063.95113438712;3119.5977;413.90204564821033;Evaluated;12.1367;2.2246;64;True;3;duplicate_for_same_parent_sequence
49;2;33;5;diversification;8;d34627771c96;swap;18;30;;;;;;;;;;;;True;False;False;True;;ok;15645.942667977888;15063.95113438712;15063.95113438712;15063.95113438712;336;15063.95113438712;3130.8153;581.9915335907681;Evaluated;8.9866;2.2283;64;True;2;duplicate_for_same_parent_sequence
49;2;33;6;diversification;8;d34627771c96;move;;;50;15;;;;;;;;;;True;False;False;True;;ok;17349.932471931406;15063.95113438712;15063.95113438712;15063.95113438712;337;15063.95113438712;3138.5994;2285.9813375442864;Evaluated;5.3575;2.4257;64;True;1;
49;2;33;7;diversification;8;d34627771c96;move;;;15;40;;;;;;;;;;True;False;False;True;;ok;15703.532987083485;15063.95113438712;15063.95113438712;15063.95113438712;338;15063.95113438712;3149.5765;639.5818526963649;Evaluated;8.7455;2.2282;64;True;2;duplicate_for_same_parent_sequence
49;2;33;8;diversification;8;d34627771c96;move;;;18;30;;;;;;;;;;False;True;False;;;ok;;15063.95113438712;15063.95113438712;15063.95113438712;338;15063.95113438712;3161.4014;;DuplicateForSameParentSequenceAfterRetries;11.8222;;;;3;duplicate_for_same_parent_sequence
49;2;33;9;diversification;8;d34627771c96;move;;;18;40;;;;;;;;;;True;False;False;True;;ok;16519.20026821296;15063.95113438712;15063.95113438712;15063.95113438712;339;15063.95113438712;3172.3157;1455.2491338258405;Evaluated;8.4838;2.4294;64;True;2;duplicate_for_same_parent_sequence
49;2;33;10;diversification;8;d34627771c96;move;;;35;20;;;;;;;;;;True;False;False;True;;ok;16521.3185326512;15063.95113438712;15063.95113438712;15063.95113438712;340;15063.95113438712;3187.1557;1457.3673982640794;Evaluated;12.4061;2.4311;64;True;3;duplicate_for_same_parent_sequence
49;2;33;;diversification;9;;;;;;;;;;;;;;;;;;;;;End-of-iteration summary row;;;15063.95113438712;15063.95113438712;340;15063.95113438712;3187.1589;;IterationSummary;;;;;;
50;2;34;1;diversification;9;d34627771c96;move;;;5;20;;;;;;;;;;True;False;False;True;;ok;17159.761119487022;15063.95113438712;15063.95113438712;15063.95113438712;341;15063.95113438712;3195.193;2095.8099850999024;Evaluated;5.5916;2.4271;64;True;1;
50;2;34;2;diversification;9;d34627771c96;reinsert_block;;;;;;;20;25;35;;;;;True;False;False;True;;ok;15399.293678217242;15063.95113438712;15063.95113438712;15063.95113438712;342;15063.95113438712;3202.9427;335.34254383012194;Evaluated;5.5224;2.2239;64;True;1;
50;2;34;3;diversification;9;d34627771c96;swap;32;47;;;;;;;;;;;;False;True;True;;;ok;;15063.95113438712;15063.95113438712;15063.95113438712;342;15063.95113438712;3215.2898;;DuplicateForSameParentSequenceAfterRetries;12.3442;;;;3;duplicate_for_same_parent_sequence
50;2;34;4;diversification;9;d34627771c96;move;;;60;50;;;;;;;;;;True;False;False;True;;ok;15363.017819814215;15063.95113438712;15063.95113438712;15063.95113438712;343;15063.95113438712;3229.5706;299.06668542709485;Evaluated;12.0449;2.2349;64;True;3;duplicate_for_same_parent_sequence
50;2;34;5;diversification;9;d34627771c96;swap;20;25;;;;;;;;;;;;False;True;False;;;ok;;15063.95113438712;15063.95113438712;15063.95113438712;343;15063.95113438712;3241.9442;;DuplicateForSameParentSequenceAfterRetries;12.3708;;;;3;duplicate_for_same_parent_sequence
50;2;34;6;diversification;9;d34627771c96;move;;;25;10;;;;;;;;;;False;True;False;;;ok;;15063.95113438712;15063.95113438712;15063.95113438712;343;15063.95113438712;3254.1411;;DuplicateForSameParentSequenceAfterRetries;12.196;;;;3;duplicate_for_same_parent_sequence
50;2;34;7;diversification;9;d34627771c96;swap;10;25;;;;;;;;;;;;True;False;False;True;;ok;17431.979147696915;15063.95113438712;15063.95113438712;15063.95113438712;344;15063.95113438712;3264.9719;2368.028013309795;Evaluated;8.3975;2.4323;64;True;2;duplicate_for_same_parent_sequence
50;2;34;8;diversification;9;d34627771c96;move;;;15;20;;;;;;;;;;True;False;False;False;;ok;15064.837227404763;15063.95113438712;15063.95113438712;15063.95113438712;345;15063.95113438712;3272.6339;0.8860930176433612;Evaluated;5.4294;2.2293;64;True;1;
50;2;34;9;diversification;9;d34627771c96;move;;;28;19;;;;;;;;;;True;False;False;False;;ok;16907.946971413778;15063.95113438712;15063.95113438712;15063.95113438712;346;15063.95113438712;3283.5627;1843.9958370266577;Evaluated;8.4956;2.4299;64;True;2;duplicate_for_same_parent_sequence
50;2;34;10;diversification;9;d34627771c96;swap;39;41;;;;;;;;;;;;True;False;False;False;;ok;15072.745904738298;15063.95113438712;15063.95113438712;15063.95113438712;347;15063.95113438712;3294.5571;8.794770351178158;Evaluated;8.763;2.2287;64;True;2;duplicate_for_same_parent_sequence
50;3;0;;diversification;0;;;;;;;;;;;;;;;;;;;;;End-of-iteration summary row;;;16641.404845676683;15063.95113438712;348;15063.95113438712;3297.0093;;IterationSummary;;;;;;
51;3;1;1;normal;0;0f63cf6f404e;move;;;10;5;;;;;;;;;;True;False;False;False;;ok;15624.28520901457;16641.404845676683;16641.404845676683;15063.95113438712;349;15063.95113438712;3304.6256;-1017.1196366621134;Evaluated;5.3835;2.2273;64;True;1;
51;3;1;2;normal;0;0f63cf6f404e;swap;20;25;;;;;;;;;;;;True;False;False;False;;ok;17122.402843810567;16641.404845676683;16641.404845676683;15063.95113438712;350;15063.95113438712;3312.2201;480.9979981338838;Evaluated;5.1558;2.4355;64;True;1;
51;3;1;3;normal;0;0f63cf6f404e;reinsert_block;;;;;;;35;40;20;;;;;True;False;False;True;;ok;16798.161148674848;16641.404845676683;16641.404845676683;15063.95113438712;351;15063.95113438712;3320.2102;156.75630299816476;Evaluated;5.5588;2.4288;64;True;1;
51;3;1;4;normal;0;0f63cf6f404e;move;;;50;48;;;;;;;;;;True;False;False;False;;ok;16187.814598926165;16641.404845676683;16641.404845676683;15063.95113438712;352;15063.95113438712;3327.6402;-453.5902467505184;Evaluated;5.0016;2.4276;64;True;1;
51;3;1;5;normal;0;0f63cf6f404e;move;;;5;20;;;;;;;;;;True;False;False;True;;ok;17525.99366737325;16641.404845676683;16641.404845676683;15063.95113438712;353;15063.95113438712;3334.9125;884.5888216965686;Evaluated;4.8404;2.4294;64;True;1;
51;3;1;;normal;0;;;;;;;;;;;;;;;;;;;;;End-of-iteration summary row;;;15624.28520901457;15063.95113438712;353;15063.95113438712;3334.9301;;IterationSummary;;;;;;
52;3;2;1;normal;0;457c4bc75f95;move;;;10;5;;;;;;;;;;True;False;False;False;;ok;18200.878935664194;15624.28520901457;15624.28520901457;15063.95113438712;354;15063.95113438712;3343.1597;2576.593726649624;Evaluated;5.5885;2.6344;64;True;1;
52;3;2;2;normal;0;457c4bc75f95;swap;18;25;;;;;;;;;;;;True;False;False;False;;ok;17353.740176492807;15624.28520901457;15624.28520901457;15063.95113438712;355;15063.95113438712;3351.0973;1729.4549674782374;Evaluated;5.5032;2.4317;64;True;1;
52;3;2;3;normal;0;457c4bc75f95;reinsert_block;;;;;;;35;40;25;;;;;True;False;False;True;;ok;16453.4328129079;15624.28520901457;15624.28520901457;15063.95113438712;356;15063.95113438712;3359.3218;829.1476038933306;Evaluated;5.7982;2.4245;64;True;1;
52;3;2;4;normal;0;457c4bc75f95;move;;;50;48;;;;;;;;;;True;False;False;False;;ok;15636.61505467081;15624.28520901457;15624.28520901457;15063.95113438712;357;15063.95113438712;3366.6952;12.32984565624065;Evaluated;5.1453;2.2247;64;True;1;
52;3;2;5;normal;0;457c4bc75f95;move;;;5;20;;;;;;;;;;True;False;False;True;;ok;17549.422571791158;15624.28520901457;15624.28520901457;15063.95113438712;358;15063.95113438712;3374.2323;1925.137362776588;Evaluated;5.1078;2.4263;64;True;1;
52;3;2;;normal;1;;;;;;;;;;;;;;;;;;;;;End-of-iteration summary row;;;15624.28520901457;15063.95113438712;358;15063.95113438712;3374.2355;;IterationSummary;;;;;;
53;3;3;1;normal;1;457c4bc75f95;move;;;8;3;;;;;;;;;;True;False;False;False;;ok;17906.989734677136;15624.28520901457;15624.28520901457;15063.95113438712;359;15063.95113438712;3385.6343;2282.704525662566;Evaluated;8.9673;2.4237;64;True;2;duplicate_for_same_parent_sequence
53;3;3;2;normal;1;457c4bc75f95;swap;20;25;;;;;;;;;;;;True;False;False;False;;ok;17738.989345089994;15624.28520901457;15624.28520901457;15063.95113438712;360;15063.95113438712;3393.2827;2114.7041360754247;Evaluated;5.2167;2.429;64;True;1;
53;3;3;3;normal;1;457c4bc75f95;move;;;18;30;;;;;;;;;;True;False;False;True;;ok;16894.526989485465;15624.28520901457;15624.28520901457;15063.95113438712;361;15063.95113438712;3404.6869;1270.2417804708948;Evaluated;8.9705;2.4311;64;True;2;duplicate_for_same_parent_sequence
53;3;3;4;normal;1;457c4bc75f95;move;;;48;50;;;;;;;;;;True;False;False;False;;ok;15648.862618316845;15624.28520901457;15624.28520901457;15063.95113438712;362;15063.95113438712;3412.3112;24.577409302275555;Evaluated;5.3949;2.2266;64;True;1;
53;3;3;5;normal;1;457c4bc75f95;move;;;30;20;;;;;;;;;;True;False;False;True;;ok;16708.70279590272;15624.28520901457;15624.28520901457;15063.95113438712;363;15063.95113438712;3423.2321;1084.4175868881484;Evaluated;8.4858;2.4321;64;True;2;duplicate_for_same_parent_sequence
53;3;3;;normal;2;;;;;;;;;;;;;;;;;;;;;End-of-iteration summary row;;;15624.28520901457;15063.95113438712;363;15063.95113438712;3423.2349;;IterationSummary;;;;;;
54;3;4;1;normal;2;457c4bc75f95;move;;;7;2;;;;;;;;;;True;False;False;False;;ok;18166.36448960404;15624.28520901457;15624.28520901457;15063.95113438712;364;15063.95113438712;3438.3732;2542.079280589469;Evaluated;12.4971;2.6317;64;True;3;duplicate_for_same_parent_sequence
54;3;4;2;normal;2;457c4bc75f95;swap;17;30;;;;;;;;;;;;True;False;False;True;;ok;18304.209311892344;15624.28520901457;15624.28520901457;15063.95113438712;365;15063.95113438712;3449.9141;2679.924102877774;Evaluated;8.8985;2.6396;64;True;2;duplicate_for_same_parent_sequence
54;3;4;3;normal;2;457c4bc75f95;move;;;38;15;;;;;;;;;;True;False;False;True;;ok;18530.516313504984;15624.28520901457;15624.28520901457;15063.95113438712;366;15063.95113438712;3461.2927;2906.2311044904145;Evaluated;8.742;2.6338;64;True;2;duplicate_for_same_parent_sequence
54;3;4;4;normal;2;457c4bc75f95;move;;;36;27;;;;;;;;;;True;False;False;False;;ok;16988.571558173797;15624.28520901457;15624.28520901457;15063.95113438712;367;15063.95113438712;3472.2871;1364.286349159227;Evaluated;8.5635;2.4281;64;True;2;duplicate_for_same_parent_sequence
54;3;4;5;normal;2;457c4bc75f95;move;;;25;40;;;;;;;;;;True;False;False;True;;ok;16377.812700043227;15624.28520901457;15624.28520901457;15063.95113438712;368;15063.95113438712;3483.5056;753.5274910286571;Evaluated;8.788;2.4282;64;True;2;duplicate_for_same_parent_sequence
54;3;4;;normal;3;;;;;;;;;;;;;;;;;;;;;End-of-iteration summary row;;;15624.28520901457;15063.95113438712;368;15063.95113438712;3483.5085;;IterationSummary;;;;;;
55;3;5;1;diversification;3;457c4bc75f95;move;;;7;2;;;;;;;;;;False;True;False;;;ok;;15624.28520901457;15624.28520901457;15063.95113438712;368;15063.95113438712;3495.5475;;DuplicateForSameParentSequenceAfterRetries;12.0299;;;;3;duplicate_for_same_parent_sequence
55;3;5;2;diversification;3;457c4bc75f95;reinsert_block;;;;;;;18;24;35;;;;;True;False;False;True;;ok;16961.724762896207;15624.28520901457;15624.28520901457;15063.95113438712;369;15063.95113438712;3503.5685;1337.439553881637;Evaluated;5.5905;2.4294;64;True;1;
55;3;5;3;diversification;3;457c4bc75f95;swap;32;47;;;;;;;;;;;;True;False;False;True;;ok;16012.741037721877;15624.28520901457;15624.28520901457;15063.95113438712;370;15063.95113438712;3511.3002;388.45582870730686;Evaluated;5.5038;2.2255;64;True;1;
55;3;5;4;diversification;3;457c4bc75f95;move;;;56;48;;;;;;;;;;True;False;False;False;;ok;15910.876772047599;15624.28520901457;15624.28520901457;15063.95113438712;371;15063.95113438712;3518.6836;286.59156303302916;Evaluated;5.1564;2.2262;64;True;1;
55;3;5;5;diversification;3;457c4bc75f95;move;;;30;18;;;;;;;;;;True;False;False;True;;ok;18304.089813842704;15624.28520901457;15624.28520901457;15063.95113438712;372;15063.95113438712;3530.238;2679.804604828134;Evaluated;8.9262;2.6275;64;True;2;duplicate_for_same_parent_sequence
55;3;5;6;diversification;3;457c4bc75f95;move;;;40;32;;;;;;;;;;True;False;False;False;;ok;16388.7829685687;15624.28520901457;15624.28520901457;15063.95113438712;373;15063.95113438712;3537.8755;764.4977595541295;Evaluated;5.2093;2.4253;64;True;1;
55;3;5;7;diversification;3;457c4bc75f95;move;;;40;25;;;;;;;;;;True;False;False;True;;ok;16838.464727752646;15624.28520901457;15624.28520901457;15063.95113438712;374;15063.95113438712;3545.439;1214.1795187380758;Evaluated;5.1291;2.4313;64;True;1;
55;3;5;8;diversification;3;457c4bc75f95;move;;;23;18;;;;;;;;;;True;False;False;False;;ok;15698.247526891448;15624.28520901457;15624.28520901457;15063.95113438712;375;15063.95113438712;3556.4748;73.96231787687793;Evaluated;8.8079;2.2254;64;True;2;duplicate_for_same_parent_sequence
55;3;5;9;diversification;3;457c4bc75f95;move;;;24;30;;;;;;;;;;True;False;False;False;;ok;16378.327364663395;15624.28520901457;15624.28520901457;15063.95113438712;376;15063.95113438712;3564.1028;754.0421556488254;Evaluated;5.1991;2.4272;64;True;1;
55;3;5;10;diversification;3;457c4bc75f95;move;;;52;35;;;;;;;;;;True;False;False;True;;ok;16676.87809528425;15624.28520901457;15624.28520901457;15063.95113438712;377;15063.95113438712;3575.1727;1052.59288626968;Evaluated;8.6295;2.4395;64;True;2;duplicate_for_same_parent_sequence
55;3;5;;diversification;4;;;;;;;;;;;;;;;;;;;;;End-of-iteration summary row;;;15624.28520901457;15063.95113438712;377;15063.95113438712;3575.1758;;IterationSummary;;;;;;
56;3;6;1;diversification;4;457c4bc75f95;move;;;15;30;;;;;;;;;;True;False;False;True;;ok;15793.784525280473;15624.28520901457;15624.28520901457;15063.95113438712;378;15063.95113438712;3586.254;169.49931626590296;Evaluated;8.8361;2.2278;64;True;2;duplicate_for_same_parent_sequence
56;3;6;2;diversification;4;457c4bc75f95;reinsert_block;;;;;;;20;25;35;;;;;True;False;False;True;;ok;17287.61953502215;15624.28520901457;15624.28520901457;15063.95113438712;379;15063.95113438712;3594.1953;1663.3343260075799;Evaluated;5.5041;2.4365;64;True;1;
56;3;6;3;diversification;4;457c4bc75f95;move;;;50;18;;;;;;;;;;True;False;False;True;;ok;17352.757550931758;15624.28520901457;15624.28520901457;15063.95113438712;380;15063.95113438712;3605.4059;1728.4723419171878;Evaluated;8.7739;2.4339;64;True;2;duplicate_for_same_parent_sequence
56;3;6;4;diversification;4;457c4bc75f95;move;;;48;56;;;;;;;;;;True;False;False;False;;ok;15622.167147445647;15624.28520901457;15624.28520901457;15063.95113438712;381;15063.95113438712;3612.8548;-2.1180615689227125;EvaluatedImprovementDespiteDiversificationMismatch;5.219;2.2271;64;True;1;
56;3;6;5;diversification;4;457c4bc75f95;move;;;20;35;;;;;;;;;;True;False;False;True;;ok;17234.791929704366;15624.28520901457;15624.28520901457;15063.95113438712;382;15063.95113438712;3627.6143;1610.5067206897966;Evaluated;12.3191;2.437;64;True;3;duplicate_for_same_parent_sequence
56;3;6;6;diversification;4;457c4bc75f95;move;;;18;32;;;;;;;;;;True;False;False;True;;ok;16895.363292092225;15624.28520901457;15624.28520901457;15063.95113438712;383;15063.95113438712;3635.4891;1271.0780830776548;Evaluated;5.4402;2.4316;64;True;1;
56;3;6;7;diversification;4;457c4bc75f95;move;;;6;12;;;;;;;;;;True;False;False;False;;ok;17636.00289132286;15624.28520901457;15624.28520901457;15063.95113438712;384;15063.95113438712;3643.102;2011.71768230829;Evaluated;5.1829;2.4268;64;True;1;
56;3;6;8;diversification;4;457c4bc75f95;move;;;20;8;;;;;;;;;;True;False;False;True;;ok;17794.31101123972;15624.28520901457;15624.28520901457;15063.95113438712;385;15063.95113438712;3650.7432;2170.025802225149;Evaluated;5.2047;2.4338;64;True;1;
56;3;6;9;diversification;4;457c4bc75f95;move;;;52;18;;;;;;;;;;True;False;False;True;;ok;17335.336527746204;15624.28520901457;15624.28520901457;15063.95113438712;386;15063.95113438712;3661.8287;1711.0513187316337;Evaluated;8.6574;2.4253;64;True;2;duplicate_for_same_parent_sequence
56;3;6;10;diversification;4;457c4bc75f95;move;;;48;35;;;;;;;;;;True;False;False;True;;ok;15644.564724484508;15624.28520901457;15624.28520901457;15063.95113438712;387;15063.95113438712;3669.3965;20.279515469937905;Evaluated;5.343;2.2238;64;True;1;
56;3;6;;diversification;0;;;;;;;;;;;;;;;;;;;;;End-of-iteration summary row;;;15622.167147445647;15063.95113438712;387;15063.95113438712;3669.4087;;IterationSummary;;;;;;
57;3;7;1;normal;0;c4f08816339c;move;;;5;10;;;;;;;;;;True;False;False;False;;ok;16641.404845676683;15622.167147445647;15622.167147445647;15063.95113438712;388;15063.95113438712;3677.2836;1019.2376982310361;Evaluated;5.4383;2.4289;64;True;1;
57;3;7;2;normal;0;c4f08816339c;swap;20;25;;;;;;;;;;;;True;False;False;False;;ok;17739.68390726585;15622.167147445647;15622.167147445647;15063.95113438712;389;15063.95113438712;3685.0321;2117.5167598202042;Evaluated;5.3139;2.4316;64;True;1;
57;3;7;3;normal;0;c4f08816339c;reinsert_block;;;;;;;35;42;18;;;;;True;False;False;True;;ok;17358.11784651329;15622.167147445647;15622.167147445647;15063.95113438712;390;15063.95113438712;3692.9208;1735.9506990676437;Evaluated;5.4591;2.4277;64;True;1;
57;3;7;4;normal;0;c4f08816339c;move;;;48;56;;;;;;;;;;True;False;False;False;;ok;16011.508843525888;15622.167147445647;15622.167147445647;15063.95113438712;391;15063.95113438712;3700.4045;389.3416960802406;Evaluated;5.2527;2.2278;64;True;1;
57;3;7;5;normal;0;c4f08816339c;move;;;18;32;;;;;;;;;;True;False;False;True;;ok;16895.8016001781;15622.167147445647;15622.167147445647;15063.95113438712;392;15063.95113438712;3708.1862;1273.6344527324527;Evaluated;5.35;2.4286;64;True;1;
57;3;7;;normal;1;;;;;;;;;;;;;;;;;;;;;End-of-iteration summary row;;;15622.167147445647;15063.95113438712;392;15063.95113438712;3708.1895;;IterationSummary;;;;;;
58;3;8;1;normal;1;c4f08816339c;move;;;6;12;;;;;;;;;;True;False;False;False;;ok;17636.69745349872;15622.167147445647;15622.167147445647;15063.95113438712;393;15063.95113438712;3716.0514;2014.5303060530732;Evaluated;5.4251;2.4233;64;True;1;
58;3;8;2;normal;1;c4f08816339c;move;;;18;35;;;;;;;;;;True;False;False;True;;ok;16896.659670082103;15622.167147445647;15622.167147445647;15063.95113438712;394;15063.95113438712;3727.4005;1274.4925226364558;Evaluated;8.9186;2.4272;64;True;2;duplicate_for_same_parent_sequence
58;3;8;3;normal;1;c4f08816339c;reinsert_block;;;;;;;35;40;18;;;;;True;False;False;True;;ok;16451.32331261529;15622.167147445647;15622.167147445647;15063.95113438712;395;15063.95113438712;3735.6176;829.1561651696447;Evaluated;5.7877;2.4265;64;True;1;
58;3;8;4;normal;1;c4f08816339c;move;;;50;48;;;;;;;;;;True;False;False;False;;ok;15427.8038043145;15622.167147445647;15622.167147445647;15063.95113438712;396;15063.95113438712;3743.2106;-194.3633431311464;Evaluated;5.3661;2.2241;64;True;1;
58;3;8;5;normal;1;c4f08816339c;move;;;8;30;;;;;;;;;;True;False;False;True;;ok;15416.488638141307;15622.167147445647;15622.167147445647;15063.95113438712;397;15063.95113438712;3753.9202;-205.67850930433997;Evaluated;8.4846;2.2221;64;True;2;duplicate_for_same_parent_sequence
58;3;8;;normal;0;;;;;;;;;;;;;;;;;;;;;End-of-iteration summary row;;;15416.488638141307;15063.95113438712;397;15063.95113438712;3753.9267;;IterationSummary;;;;;;
59;3;9;1;normal;0;422e68ac5f27;move;;;8;12;;;;;;;;;;True;False;False;False;;ok;17318.190644636757;15416.488638141307;15416.488638141307;15063.95113438712;398;15063.95113438712;3761.9914;1901.7020064954504;Evaluated;5.6343;2.4234;64;True;1;
59;3;9;2;normal;0;422e68ac5f27;swap;18;20;;;;;;;;;;;;True;False;False;False;;ok;17232.233648192014;15416.488638141307;15416.488638141307;15063.95113438712;399;15063.95113438712;3769.7864;1815.7450100507067;Evaluated;5.3609;2.4335;64;True;1;
59;3;9;3;normal;0;422e68ac5f27;reinsert_block;;;;;;;35;40;18;;;;;True;False;False;True;;ok;16512.12370636013;15416.488638141307;15416.488638141307;15063.95113438712;400;15063.95113438712;3777.688;1095.6350682188222;Evaluated;5.4679;2.4329;64;True;1;
59;3;9;4;normal;0;422e68ac5f27;move;;;50;48;;;;;;;;;;True;False;False;False;;ok;15418.213268396448;15416.488638141307;15416.488638141307;15063.95113438712;401;15063.95113438712;3785.1242;1.7246302551411645;Evaluated;5.2087;2.2242;64;True;1;
59;3;9;5;normal;0;422e68ac5f27;move;;;8;30;;;;;;;;;;True;False;False;True;;ok;16477.821495134594;15416.488638141307;15416.488638141307;15063.95113438712;402;15063.95113438712;3792.6977;1061.3328569932874;Evaluated;5.1354;2.4353;64;True;1;
59;3;9;;normal;1;;;;;;;;;;;;;;;;;;;;;End-of-iteration summary row;;;15416.488638141307;15063.95113438712;402;15063.95113438712;3792.7007;;IterationSummary;;;;;;
60;3;10;1;normal;1;422e68ac5f27;move;;;6;9;;;;;;;;;;True;False;False;False;;ok;18025.644384333067;15416.488638141307;15416.488638141307;15063.95113438712;403;15063.95113438712;3804.0389;2609.15574619176;Evaluated;8.9022;2.4255;64;True;2;duplicate_for_same_parent_sequence
60;3;10;2;normal;1;422e68ac5f27;swap;17;20;;;;;;;;;;;;True;False;False;False;;ok;18243.812556826662;15416.488638141307;15416.488638141307;15063.95113438712;404;15063.95113438712;3811.965;2827.3239186853552;Evaluated;5.2915;2.634;64;True;1;
60;3;10;3;normal;1;422e68ac5f27;reinsert_block;;;;;;;35;40;20;;;;;True;False;False;True;;ok;16546.384476782063;15416.488638141307;15416.488638141307;15063.95113438712;405;15063.95113438712;3819.8751;1129.8958386407558;Evaluated;5.4746;2.4324;64;True;1;
60;3;10;4;normal;1;422e68ac5f27;move;;;23;18;;;;;;;;;;True;False;False;False;;ok;16495.927947649958;15416.488638141307;15416.488638141307;15063.95113438712;406;15063.95113438712;3831.3196;1079.4393095086507;Evaluated;9.0149;2.4286;64;True;2;duplicate_for_same_parent_sequence
60;3;10;5;normal;1;422e68ac5f27;move;;;25;40;;;;;;;;;;True;False;False;True;;ok;16826.47583746769;15416.488638141307;15416.488638141307;15063.95113438712;407;15063.95113438712;3838.9158;1409.9871993263823;Evaluated;5.1632;2.4305;64;True;1;
60;3;10;;normal;2;;;;;;;;;;;;;;;;;;;;;End-of-iteration summary row;;;15416.488638141307;15063.95113438712;407;15063.95113438712;3838.9194;;IterationSummary;;;;;;
61;3;11;1;normal;2;422e68ac5f27;move;;;10;5;;;;;;;;;;True;False;False;False;;ok;16698.85944959364;15416.488638141307;15416.488638141307;15063.95113438712;408;15063.95113438712;3853.931;1282.3708114523342;Evaluated;12.5756;2.4265;64;True;3;duplicate_for_same_parent_sequence
61;3;11;2;normal;2;422e68ac5f27;swap;17;23;;;;;;;;;;;;True;False;False;False;;ok;17351.17090380106;15416.488638141307;15416.488638141307;15063.95113438712;409;15063.95113438712;3865.047;1934.6822656597524;Evaluated;8.6847;2.4286;64;True;2;duplicate_for_same_parent_sequence
61;3;11;3;normal;2;422e68ac5f27;move;;;32;20;;;;;;;;;;True;False;False;True;;ok;15563.841750160822;15416.488638141307;15416.488638141307;15063.95113438712;410;15063.95113438712;3876.2969;147.3531120195148;Evaluated;9.0193;2.2279;64;True;2;duplicate_for_same_parent_sequence
61;3;11;4;normal;2;422e68ac5f27;move;;;56;48;;;;;;;;;;True;False;False;False;;ok;15799.947549889106;15416.488638141307;15416.488638141307;15063.95113438712;411;15063.95113438712;3887.1182;383.458911747799;Evaluated;8.5878;2.2307;64;True;2;duplicate_for_same_parent_sequence
61;3;11;5;normal;2;422e68ac5f27;move;;;20;15;;;;;;;;;;True;False;False;False;;ok;18068.52487883227;15416.488638141307;15416.488638141307;15063.95113438712;412;15063.95113438712;3898.1166;2652.0362406909644;Evaluated;8.5613;2.4338;64;True;2;duplicate_for_same_parent_sequence
61;3;11;;normal;3;;;;;;;;;;;;;;;;;;;;;End-of-iteration summary row;;;15416.488638141307;15063.95113438712;412;15063.95113438712;3898.1196;;IterationSummary;;;;;;
62;3;12;1;diversification;3;422e68ac5f27;move;;;25;30;;;;;;;;;;True;False;False;False;;ok;17116.003117850814;15416.488638141307;15416.488638141307;15063.95113438712;413;15063.95113438712;3909.5526;1699.5144797095072;Evaluated;8.9826;2.4341;64;True;2;duplicate_for_same_parent_sequence
62;3;12;2;diversification;3;422e68ac5f27;reinsert_block;;;;;;;20;25;15;;;;;True;False;False;False;;ok;18485.60177463725;15416.488638141307;15416.488638141307;15063.95113438712;414;15063.95113438712;3917.8466;3069.113136495942;Evaluated;5.6615;2.6297;64;True;1;
62;3;12;3;diversification;3;422e68ac5f27;swap;35;40;;;;;;;;;;;;True;False;False;False;;ok;16449.633479519667;15416.488638141307;15416.488638141307;15063.95113438712;415;15063.95113438712;3925.5422;1033.14484137836;Evaluated;5.267;2.4279;64;True;1;
62;3;12;4;diversification;3;422e68ac5f27;move;;;48;61;;;;;;;;;;True;False;False;True;;ok;15669.896714435097;15416.488638141307;15416.488638141307;15063.95113438712;416;15063.95113438712;3940.0943;253.40807629379015;Evaluated;12.3188;2.2301;64;True;3;duplicate_for_same_parent_sequence
62;3;12;5;diversification;3;422e68ac5f27;move;;;8;3;;;;;;;;;;True;False;False;False;;ok;17904.9889391504;15416.488638141307;15416.488638141307;15063.95113438712;417;15063.95113438712;3951.2277;2488.500301009093;Evaluated;8.6997;2.4307;64;True;2;duplicate_for_same_parent_sequence
62;3;12;6;diversification;3;422e68ac5f27;move;;;40;35;;;;;;;;;;True;False;False;False;;ok;15423.07004118747;15416.488638141307;15416.488638141307;15063.95113438712;418;15063.95113438712;3958.7215;6.58140304616245;Evaluated;5.2633;2.2276;64;True;1;
62;3;12;7;diversification;3;422e68ac5f27;move;;;25;18;;;;;;;;;;True;False;False;False;;ok;16723.58219095847;15416.488638141307;15416.488638141307;15063.95113438712;419;15063.95113438712;3969.7129;1307.093552817163;Evaluated;8.5575;2.4328;64;True;2;duplicate_for_same_parent_sequence
62;3;12;8;diversification;3;422e68ac5f27;move;;;30;25;;;;;;;;;;True;False;False;False;;ok;15498.707696354788;15416.488638141307;15416.488638141307;15063.95113438712;420;15063.95113438712;3980.5132;82.21905821348082;Evaluated;8.5642;2.2335;64;True;2;duplicate_for_same_parent_sequence
62;3;12;9;diversification;3;422e68ac5f27;move;;;26;35;;;;;;;;;;True;False;False;False;;ok;17216.934903953876;15416.488638141307;15416.488638141307;15063.95113438712;421;15063.95113438712;3988.2881;1800.4462658125685;Evaluated;5.3413;2.4289;64;True;1;
62;3;12;10;diversification;3;422e68ac5f27;move;;;45;30;;;;;;;;;;True;False;False;True;;ok;17055.974446532196;15416.488638141307;15416.488638141307;15063.95113438712;422;15063.95113438712;3995.9244;1639.4858083908894;Evaluated;5.2023;2.4311;64;True;1;
62;3;12;;diversification;4;;;;;;;;;;;;;;;;;;;;;End-of-iteration summary row;;;15416.488638141307;15063.95113438712;422;15063.95113438712;3995.9257;;IterationSummary;;;;;;
63;3;13;1;diversification;4;422e68ac5f27;move;;;5;0;;;;;;;;;;True;False;False;False;;ok;17690.861786984617;15416.488638141307;15416.488638141307;15063.95113438712;423;15063.95113438712;4004.0614;2274.3731488433095;Evaluated;5.695;2.4347;64;True;1;
63;3;13;2;diversification;4;422e68ac5f27;reinsert_block;;;;;;;18;25;30;;;;;True;False;False;False;;ok;17105.643111122452;15416.488638141307;15416.488638141307;15063.95113438712;424;15063.95113438712;4012.0237;1689.1544729811449;Evaluated;5.5261;2.4335;64;True;1;
63;3;13;3;diversification;4;422e68ac5f27;swap;40;50;;;;;;;;;;;;True;False;False;False;;ok;16092.82339756691;15416.488638141307;15416.488638141307;15063.95113438712;425;15063.95113438712;4019.6906;676.3347594256029;Evaluated;5.2381;2.425;64;True;1;
63;3;13;4;diversification;4;422e68ac5f27;reinsert_block;;;;;;;50;53;61;;;;;True;False;False;True;;ok;16744.351890451348;15416.488638141307;15416.488638141307;15063.95113438712;426;15063.95113438712;4031.1464;1327.8632523100405;Evaluated;9.0253;2.4285;64;True;2;duplicate_for_same_parent_sequence
63;3;13;5;diversification;4;422e68ac5f27;swap;3;7;;;;;;;;;;;;True;False;False;False;;ok;17494.837480701834;15416.488638141307;15416.488638141307;15063.95113438712;427;15063.95113438712;4042.2017;2078.3488425605265;Evaluated;8.6233;2.4293;64;True;2;duplicate_for_same_parent_sequence
63;3;13;6;diversification;4;422e68ac5f27;move;;;50;32;;;;;;;;;;True;False;False;True;;ok;16548.24118144527;15416.488638141307;15416.488638141307;15063.95113438712;428;15063.95113438712;4049.9119;1131.7525433039646;Evaluated;5.2792;2.4281;64;True;1;
63;3;13;7;diversification;4;422e68ac5f27;move;;;20;10;;;;;;;;;;True;False;False;True;;ok;17747.186119267386;15416.488638141307;15416.488638141307;15063.95113438712;429;15063.95113438712;4061.0841;2330.697481126079;Evaluated;8.7464;2.4232;64;True;2;duplicate_for_same_parent_sequence
63;3;13;8;diversification;4;422e68ac5f27;move;;;15;20;;;;;;;;;;True;False;False;False;;ok;15723.170378274557;15416.488638141307;15416.488638141307;15063.95113438712;430;15063.95113438712;4071.8735;306.68174013325006;Evaluated;8.555;2.2334;64;True;2;duplicate_for_same_parent_sequence
63;3;13;9;diversification;4;422e68ac5f27;move;;;24;35;;;;;;;;;;True;False;False;True;;ok;16427.3846750842;15416.488638141307;15416.488638141307;15063.95113438712;431;15063.95113438712;4079.482;1010.8960369428914;Evaluated;5.1771;2.4286;64;True;1;
63;3;13;10;diversification;4;422e68ac5f27;move;;;40;50;;;;;;;;;;True;False;False;True;;ok;15411.785114985556;15416.488638141307;15416.488638141307;15063.95113438712;432;15063.95113438712;4086.9002;-4.7035231557511;Evaluated;5.1881;2.2272;64;True;1;
63;3;13;;diversification;0;;;;;;;;;;;;;;;;;;;;;End-of-iteration summary row;;;15411.785114985556;15063.95113438712;432;15063.95113438712;4086.9173;;IterationSummary;;;;;;
64;3;14;1;normal;0;9822d9fda442;move;;;7;15;;;;;;;;;;True;False;False;False;;ok;17993.95486518484;15411.785114985556;15411.785114985556;15063.95113438712;433;15063.95113438712;4095.0732;2582.1697501992858;Evaluated;5.7215;2.4289;64;True;1;
64;3;14;2;normal;0;9822d9fda442;swap;20;21;;;;;;;;;;;;True;False;False;False;;ok;17106.87689156463;15411.785114985556;15411.785114985556;15063.95113438712;434;15063.95113438712;4102.8809;1695.0917765790728;Evaluated;5.3789;2.428;64;True;1;
64;3;14;3;normal;0;9822d9fda442;reinsert_block;;;;;;;32;40;50;;;;;True;False;False;True;;ok;16127.070017442857;15411.785114985556;15411.785114985556;15063.95113438712;435;15063.95113438712;4110.7744;715.2849024573006;Evaluated;5.4672;2.4256;64;True;1;
64;3;14;4;normal;0;9822d9fda442;move;;;50;48;;;;;;;;;;True;False;False;False;;ok;15411.785114985556;15411.785114985556;15411.785114985556;15063.95113438712;436;15063.95113438712;4118.2211;0.0;Evaluated;5.215;2.2292;64;True;1;
64;3;14;5;normal;0;9822d9fda442;move;;;25;30;;;;;;;;;;True;False;False;False;;ok;17116.003117850814;15411.785114985556;15411.785114985556;15063.95113438712;437;15063.95113438712;4125.8295;1704.2180028652583;Evaluated;5.1758;2.4297;64;True;1;
64;3;14;;normal;1;;;;;;;;;;;;;;;;;;;;;End-of-iteration summary row;;;15411.785114985556;15063.95113438712;437;15063.95113438712;4125.8329;;IterationSummary;;;;;;
65;3;15;1;normal;1;9822d9fda442;move;;;5;10;;;;;;;;;;True;False;False;False;;ok;17071.267919548638;15411.785114985556;15411.785114985556;15063.95113438712;438;15063.95113438712;4133.6793;1659.482804563082;Evaluated;5.4017;2.4315;64;True;1;
65;3;15;2;normal;1;9822d9fda442;swap;16;20;;;;;;;;;;;;True;False;False;False;;ok;18060.68010961077;15411.785114985556;15411.785114985556;15063.95113438712;439;15063.95113438712;4141.6012;2648.894994625214;Evaluated;5.4903;2.429;64;True;1;
65;3;15;3;normal;1;9822d9fda442;reinsert_block;;;;;;;35;40;28;;;;;True;False;False;False;;ok;16706.591003858237;15411.785114985556;15411.785114985556;15063.95113438712;440;15063.95113438712;4149.541;1294.805888872681;Evaluated;5.5118;2.4268;64;True;1;
65;3;15;4;normal;1;9822d9fda442;move;;;50;32;;;;;;;;;;True;False;False;True;;ok;16649.89475027193;15411.785114985556;15411.785114985556;15063.95113438712;441;15063.95113438712;4157.2109;1238.1096352863751;Evaluated;5.2413;2.4258;64;True;1;
65;3;15;5;normal;1;9822d9fda442;move;;;20;35;;;;;;;;;;True;False;False;True;;ok;17083.160041413397;15411.785114985556;15411.785114985556;15063.95113438712;442;15063.95113438712;4164.8012;1671.3749264278413;Evaluated;5.1587;2.4289;64;True;1;
65;3;15;;normal;2;;;;;;;;;;;;;;;;;;;;;End-of-iteration summary row;;;15411.785114985556;15063.95113438712;442;15063.95113438712;4164.8046;;IterationSummary;;;;;;
66;3;16;1;normal;2;9822d9fda442;move;;;23;8;;;;;;;;;;True;False;False;True;;ok;17780.31862773981;15411.785114985556;15411.785114985556;15063.95113438712;443;15063.95113438712;4176.1899;2368.533512754253;Evaluated;8.9415;2.4299;64;True;2;duplicate_for_same_parent_sequence
66;3;16;2;normal;2;9822d9fda442;move;;;18;25;;;;;;;;;;True;False;False;False;;ok;17349.136603679064;15411.785114985556;15411.785114985556;15063.95113438712;444;15063.95113438712;4187.4379;1937.3514886935081;Evaluated;8.8155;2.4298;64;True;2;duplicate_for_same_parent_sequence
66;3;16;3;normal;2;9822d9fda442;move;;;17;25;;;;;;;;;;True;False;False;False;;ok;17350.700140181412;15411.785114985556;15411.785114985556;15063.95113438712;445;15063.95113438712;4199.2696;1938.9150251958563;Evaluated;9.4041;2.4249;64;True;2;duplicate_for_same_parent_sequence
66;3;16;4;normal;2;9822d9fda442;move;;;48;56;;;;;;;;;;True;False;False;False;;ok;15549.828049166601;15411.785114985556;15411.785114985556;15063.95113438712;446;15063.95113438712;4210.2129;138.04293418104498;Evaluated;8.7131;2.2276;64;True;2;duplicate_for_same_parent_sequence
66;3;16;5;normal;2;9822d9fda442;move;;;8;14;;;;;;;;;;True;False;False;False;;ok;17267.282480271344;15411.785114985556;15411.785114985556;15063.95113438712;447;15063.95113438712;4221.1723;1855.497365285788;Evaluated;8.5271;2.4293;64;True;2;duplicate_for_same_parent_sequence
66;3;16;;normal;3;;;;;;;;;;;;;;;;;;;;;End-of-iteration summary row;;;15411.785114985556;15063.95113438712;447;15063.95113438712;4221.173;;IterationSummary;;;;;;
67;3;17;1;diversification;3;9822d9fda442;move;;;6;15;;;;;;;;;;True;False;False;False;;ok;17528.893017182912;15411.785114985556;15411.785114985556;15063.95113438712;448;15063.95113438712;4229.2353;2117.1079021973565;Evaluated;5.6225;2.4342;64;True;1;
67;3;17;2;diversification;3;9822d9fda442;reinsert_block;;;;;;;25;30;16;;;;;True;False;False;True;;ok;15689.000979495533;15411.785114985556;15411.785114985556;15063.95113438712;449;15063.95113438712;4236.9707;277.2158645099771;Evaluated;5.5011;2.2316;64;True;1;
67;3;17;3;diversification;3;9822d9fda442;swap;32;47;;;;;;;;;;;;True;False;False;True;;ok;15423.07686892107;15411.785114985556;15411.785114985556;15063.95113438712;450;15063.95113438712;4244.4347;11.291753935514862;Evaluated;5.233;2.2283;64;True;1;
67;3;17;4;diversification;3;9822d9fda442;move;;;48;32;;;;;;;;;;True;False;False;True;;ok;16633.75207876968;15411.785114985556;15411.785114985556;15063.95113438712;451;15063.95113438712;4255.5543;1221.9669637841253;Evaluated;8.6895;2.4267;64;True;2;duplicate_for_same_parent_sequence
67;3;17;5;diversification;3;9822d9fda442;move;;;10;5;;;;;;;;;;True;False;False;False;;ok;16693.985068144706;15411.785114985556;15411.785114985556;15063.95113438712;452;15063.95113438712;4266.6722;1282.19995315915;Evaluated;8.6894;2.4277;64;True;2;duplicate_for_same_parent_sequence
67;3;17;6;diversification;3;9822d9fda442;move;;;35;20;;;;;;;;;;True;False;False;True;;ok;16980.653901155736;15411.785114985556;15411.785114985556;15063.95113438712;453;15063.95113438712;4274.4567;1568.86878617018;Evaluated;5.3458;2.4361;64;True;1;
67;3;17;7;diversification;3;9822d9fda442;move;;;10;25;;;;;;;;;;True;False;False;True;;ok;17348.075810059352;15411.785114985556;15411.785114985556;15063.95113438712;454;15063.95113438712;4282.1459;1936.290695073796;Evaluated;5.2611;2.4252;64;True;1;
67;3;17;8;diversification;3;9822d9fda442;move;;;15;20;;;;;;;;;;True;False;False;False;;ok;16687.618135515986;15411.785114985556;15411.785114985556;15063.95113438712;455;15063.95113438712;4293.174;1275.83302053043;Evaluated;8.5967;2.4289;64;True;2;duplicate_for_same_parent_sequence
67;3;17;9;diversification;3;9822d9fda442;move;;;24;35;;;;;;;;;;True;False;False;True;;ok;15628.945048524134;15411.785114985556;15411.785114985556;15063.95113438712;456;15063.95113438712;4300.6201;217.15993353857812;Evaluated;5.2149;2.2283;64;True;1;
67;3;17;10;diversification;3;9822d9fda442;move;;;40;35;;;;;;;;;;True;False;False;False;;ok;16428.22231888228;15411.785114985556;15411.785114985556;15063.95113438712;457;15063.95113438712;4308.2169;1016.4372038967231;Evaluated;5.16;2.4338;64;True;1;
67;3;17;;diversification;4;;;;;;;;;;;;;;;;;;;;;End-of-iteration summary row;;;15411.785114985556;15063.95113438712;457;15063.95113438712;4308.2198;;IterationSummary;;;;;;
68;3;18;1;diversification;4;9822d9fda442;move;;;8;2;;;;;;;;;;True;False;False;False;;ok;15681.712771751749;15411.785114985556;15411.785114985556;15063.95113438712;458;15063.95113438712;4319.9306;269.92765676619274;Evaluated;9.4675;2.23;64;True;2;duplicate_for_same_parent_sequence
68;3;18;2;diversification;4;9822d9fda442;reinsert_block;;;;;;;20;25;16;;;;;True;False;False;False;;ok;18110.652988073238;15411.785114985556;15411.785114985556;15063.95113438712;459;15063.95113438712;4328.124;2698.867873087682;Evaluated;5.5604;2.6303;64;True;1;
68;3;18;3;diversification;4;9822d9fda442;swap;34;46;;;;;;;;;;;;True;False;False;True;;ok;16254.589132418429;15411.785114985556;15411.785114985556;15063.95113438712;460;15063.95113438712;4342.7364;842.8040174328726;Evaluated;12.1789;2.4296;64;True;3;duplicate_for_same_parent_sequence
68;3;18;4;diversification;4;9822d9fda442;move;;;56;48;;;;;;;;;;True;False;False;False;;ok;15642.814200978268;15411.785114985556;15411.785114985556;15063.95113438712;461;15063.95113438712;4350.199;231.02908599271177;Evaluated;5.2336;2.2269;64;True;1;
68;3;18;5;diversification;4;9822d9fda442;move;;;5;20;;;;;;;;;;True;False;False;True;;ok;17547.943707196773;15411.785114985556;15411.785114985556;15063.95113438712;462;15063.95113438712;4357.7478;2136.158592211217;Evaluated;5.1122;2.4335;64;True;1;
68;3;18;6;diversification;4;9822d9fda442;move;;;40;50;;;;;;;;;;True;False;False;True;;ok;16265.21080655104;15411.785114985556;15411.785114985556;15063.95113438712;463;15063.95113438712;4365.5584;853.4256915654842;Evaluated;5.3707;2.4364;64;True;1;
68;3;18;7;diversification;4;9822d9fda442;move;;;18;4;;;;;;;;;;True;False;False;True;;ok;17818.83957022044;15411.785114985556;15411.785114985556;15063.95113438712;464;15063.95113438712;4376.5214;2407.054455234884;Evaluated;8.529;2.4313;64;True;2;duplicate_for_same_parent_sequence
68;3;18;8;diversification;4;9822d9fda442;move;;;23;18;;;;;;;;;;True;False;False;False;;ok;16497.185961534433;15411.785114985556;15411.785114985556;15063.95113438712;465;15063.95113438712;4384.1959;1085.4008465488769;Evaluated;5.2387;2.433;64;True;1;
68;3;18;9;diversification;4;9822d9fda442;move;;;30;25;;;;;;;;;;True;False;False;False;;ok;15492.782409649797;15411.785114985556;15411.785114985556;15063.95113438712;466;15063.95113438712;4395.2953;80.99729466424105;Evaluated;8.8696;2.2273;64;True;2;duplicate_for_same_parent_sequence
68;3;18;10;diversification;4;9822d9fda442;swap;41;46;;;;;;;;;;;;True;False;False;False;;ok;16002.247372282058;15411.785114985556;15411.785114985556;15063.95113438712;467;15063.95113438712;4409.6978;590.4622572965018;Evaluated;12.1693;2.2307;64;True;3;duplicate_for_same_parent_sequence
68;3;18;;diversification;5;;;;;;;;;;;;;;;;;;;;;End-of-iteration summary row;;;15411.785114985556;15063.95113438712;467;15063.95113438712;4409.7014;;IterationSummary;;;;;;
69;3;19;1;diversification;5;9822d9fda442;move;;;10;2;;;;;;;;;;True;False;False;False;;ok;18376.91032797845;15411.785114985556;15411.785114985556;15063.95113438712;468;15063.95113438712;4417.9547;2965.1252129928944;Evaluated;5.6118;2.6274;64;True;1;
69;3;19;2;diversification;5;9822d9fda442;reinsert_block;;;;;;;20;23;16;;;;;True;False;False;False;;ok;18177.852587971323;15411.785114985556;15411.785114985556;15063.95113438712;469;15063.95113438712;4426.4265;2766.0674729857674;Evaluated;5.8405;2.6269;64;True;1;
69;3;19;3;diversification;5;9822d9fda442;swap;35;40;;;;;;;;;;;;True;False;False;False;;ok;16455.39638948346;15411.785114985556;15411.785114985556;15063.95113438712;470;15063.95113438712;4434.148;1043.6112744979037;Evaluated;5.2916;2.4272;64;True;1;
69;3;19;4;diversification;5;9822d9fda442;move;;;50;32;;;;;;;;;;False;True;True;;;ok;;15411.785114985556;15411.785114985556;15063.95113438712;470;15063.95113438712;4446.1068;;DuplicateForSameParentSequenceAfterRetries;11.9581;;;;3;duplicate_for_same_parent_sequence
69;3;19;5;diversification;5;9822d9fda442;swap;15;20;;;;;;;;;;;;True;False;False;False;;ok;17621.36161620647;15411.785114985556;15411.785114985556;15063.95113438712;471;15063.95113438712;4457.3297;2209.576501220916;Evaluated;8.7933;2.4285;64;True;2;duplicate_for_same_parent_sequence
69;3;19;6;diversification;5;9822d9fda442;move;;;32;16;;;;;;;;;;True;False;False;True;;ok;17296.71659826324;15411.785114985556;15411.785114985556;15063.95113438712;472;15063.95113438712;4468.5437;1884.9314832776836;Evaluated;8.7843;2.4266;64;True;2;duplicate_for_same_parent_sequence
69;3;19;7;diversification;5;9822d9fda442;move;;;15;45;;;;;;;;;;True;False;False;True;;ok;17736.81996942585;15411.785114985556;15411.785114985556;15063.95113438712;473;15063.95113438712;4479.9292;2325.034854440295;Evaluated;8.9536;2.4293;64;True;2;duplicate_for_same_parent_sequence
69;3;19;8;diversification;5;9822d9fda442;move;;;15;8;;;;;;;;;;True;False;False;False;;ok;17321.785714562408;15411.785114985556;15411.785114985556;15063.95113438712;474;15063.95113438712;4487.7422;1910.0005995768515;Evaluated;5.3782;2.4309;64;True;1;
69;3;19;9;diversification;5;9822d9fda442;move;;;27;30;;;;;;;;;;True;False;False;False;;ok;16741.8441846476;15411.785114985556;15411.785114985556;15063.95113438712;475;15063.95113438712;4495.4863;1330.0590696620457;Evaluated;5.3136;2.4277;64;True;1;
69;3;19;10;diversification;5;9822d9fda442;move;;;48;36;;;;;;;;;;True;False;False;True;;ok;16626.26091558764;15411.785114985556;15411.785114985556;15063.95113438712;476;15063.95113438712;4506.6252;1214.4758006020857;Evaluated;8.7116;2.4265;64;True;2;duplicate_for_same_parent_sequence
69;3;19;;diversification;6;;;;;;;;;;;;;;;;;;;;;End-of-iteration summary row;;;15411.785114985556;15063.95113438712;476;15063.95113438712;4506.6278;;IterationSummary;;;;;;
70;3;20;1;diversification;6;9822d9fda442;move;;;5;30;;;;;;;;;;True;False;False;True;;ok;17547.758959159422;15411.785114985556;15411.785114985556;15063.95113438712;477;15063.95113438712;4518.3675;2135.9738441738664;Evaluated;9.2943;2.4343;64;True;2;duplicate_for_same_parent_sequence
70;3;20;2;diversification;6;9822d9fda442;move;;;25;4;;;;;;;;;;True;False;False;True;;ok;17814.498830784676;15411.785114985556;15411.785114985556;15063.95113438712;478;15063.95113438712;4529.8637;2402.71371579912;Evaluated;9.0667;2.426;64;True;2;duplicate_for_same_parent_sequence
70;3;20;3;diversification;6;9822d9fda442;swap;28;47;;;;;;;;;;;;True;False;False;True;;ok;16736.517577748826;15411.785114985556;15411.785114985556;15063.95113438712;479;15063.95113438712;4541.4622;1324.7324627632697;Evaluated;9.1646;2.43;64;True;2;duplicate_for_same_parent_sequence
70;3;20;4;diversification;6;9822d9fda442;reinsert_block;;;;;;;48;51;60;;;;;True;False;False;True;;ok;16909.871383371632;15411.785114985556;15411.785114985556;15063.95113438712;480;15063.95113438712;4553.2861;1498.086268386076;Evaluated;9.3858;2.4351;64;True;2;duplicate_for_same_parent_sequence
70;3;20;5;diversification;6;9822d9fda442;swap;30;35;;;;;;;;;;;;True;False;False;False;;ok;15404.131176029587;15411.785114985556;15411.785114985556;15063.95113438712;481;15063.95113438712;4567.6041;-7.653938955969352;EvaluatedImprovementDespiteDiversificationMismatch;12.0884;2.2267;64;True;3;duplicate_for_same_parent_sequence
70;3;20;6;diversification;6;9822d9fda442;move;;;48;16;;;;;;;;;;True;False;False;True;;ok;16996.192222491176;15411.785114985556;15411.785114985556;15063.95113438712;482;15063.95113438712;4578.6959;1584.40710750562;Evaluated;8.6568;2.4316;64;True;2;duplicate_for_same_parent_sequence
70;3;20;7;diversification;6;9822d9fda442;swap;30;45;;;;;;;;;;;;True;False;False;True;;ok;17628.761855309094;15411.785114985556;15411.785114985556;15063.95113438712;483;15063.95113438712;4589.838;2216.9767403235383;Evaluated;8.707;2.4314;64;True;2;duplicate_for_same_parent_sequence
70;3;20;8;diversification;6;9822d9fda442;move;;;23;8;;;;;;;;;;False;True;False;;;ok;;15411.785114985556;15411.785114985556;15063.95113438712;483;15063.95113438712;4602.1218;;DuplicateForSameParentSequenceAfterRetries;12.281;;;;3;duplicate_for_same_parent_sequence
70;3;20;9;diversification;6;9822d9fda442;move;;;24;30;;;;;;;;;;True;False;False;False;;ok;15553.393138660871;15411.785114985556;15411.785114985556;15063.95113438712;484;15063.95113438712;4609.6465;141.60802367531505;Evaluated;5.2957;2.2279;64;True;1;
70;3;20;10;diversification;6;9822d9fda442;move;;;27;13;;;;;;;;;;True;False;False;True;;ok;17306.723817707887;15411.785114985556;15411.785114985556;15063.95113438712;485;15063.95113438712;4620.9236;1894.938702722331;Evaluated;8.8352;2.4412;64;True;2;duplicate_for_same_parent_sequence
70;3;20;;diversification;0;;;;;;;;;;;;;;;;;;;;;End-of-iteration summary row;;;15404.131176029587;15063.95113438712;485;15063.95113438712;4620.9353;;IterationSummary;;;;;;
71;3;21;1;normal;0;3ccb6a454fee;move;;;5;30;;;;;;;;;;True;False;False;True;;ok;17536.018980283974;15404.131176029587;15404.131176029587;15063.95113438712;486;15063.95113438712;4629.1019;2131.8878042543874;Evaluated;5.7261;2.4328;64;True;1;
71;3;21;2;normal;0;3ccb6a454fee;swap;20;21;;;;;;;;;;;;True;False;False;False;;ok;17099.50752986657;15404.131176029587;15404.131176029587;15063.95113438712;487;15063.95113438712;4636.7899;1695.3763538369822;Evaluated;5.2593;2.4251;64;True;1;
71;3;21;3;normal;0;3ccb6a454fee;reinsert_block;;;;;;;35;40;20;;;;;True;False;False;True;;ok;16742.443036725665;15404.131176029587;15404.131176029587;15063.95113438712;488;15063.95113438712;4644.7792;1338.311860696078;Evaluated;5.5551;2.4313;64;True;1;
71;3;21;4;normal;0;3ccb6a454fee;move;;;50;32;;;;;;;;;;True;False;False;True;;ok;15443.729498396733;15404.131176029587;15404.131176029587;15063.95113438712;489;15063.95113438712;4652.2299;39.598322367146466;Evaluated;5.2193;2.2287;64;True;1;
71;3;21;5;normal;0;3ccb6a454fee;move;;;25;4;;;;;;;;;;True;False;False;True;;ok;17816.499622614243;15404.131176029587;15404.131176029587;15063.95113438712;490;15063.95113438712;4659.7692;2412.3684465846563;Evaluated;5.1043;2.4321;64;True;1;
71;3;21;;normal;1;;;;;;;;;;;;;;;;;;;;;End-of-iteration summary row;;;15404.131176029587;15063.95113438712;490;15063.95113438712;4659.7698;;IterationSummary;;;;;;
72;3;22;1;normal;1;3ccb6a454fee;move;;;10;5;;;;;;;;;;True;False;False;False;;ok;16687.559856129956;15404.131176029587;15404.131176029587;15063.95113438712;491;15063.95113438712;4667.8231;1283.428680100369;Evaluated;5.6216;2.4257;64;True;1;
72;3;22;2;normal;1;3ccb6a454fee;swap;17;20;;;;;;;;;;;;True;False;False;False;;ok;18233.047472355607;15404.131176029587;15404.131176029587;15063.95113438712;492;15063.95113438712;4675.6302;2828.9162963260205;Evaluated;5.1776;2.6288;64;True;1;
72;3;22;3;normal;1;3ccb6a454fee;reinsert_block;;;;;;;38;42;10;;;;;True;False;False;True;;ok;18500.132987162055;15404.131176029587;15404.131176029587;15063.95113438712;493;15063.95113438712;4684.0844;3096.001811132468;Evaluated;5.8143;2.6373;64;True;1;
72;3;22;4;normal;1;3ccb6a454fee;move;;;50;16;;;;;;;;;;True;False;False;True;;ok;17300.158991889508;15404.131176029587;15404.131176029587;15063.95113438712;494;15063.95113438712;4691.8705;1896.0278158599212;Evaluated;5.3596;2.4233;64;True;1;
72;3;22;5;normal;1;3ccb6a454fee;move;;;15;20;;;;;;;;;;True;False;False;False;;ok;15729.467256116328;15404.131176029587;15404.131176029587;15063.95113438712;495;15063.95113438712;4699.3579;325.3360800867413;Evaluated;5.2607;2.2252;64;True;1;
72;3;22;;normal;2;;;;;;;;;;;;;;;;;;;;;End-of-iteration summary row;;;15404.131176029587;15063.95113438712;495;15063.95113438712;4699.3606;;IterationSummary;;;;;;
73;3;23;1;normal;2;3ccb6a454fee;move;;;8;3;;;;;;;;;;True;False;False;False;;ok;17905.23754839508;15404.131176029587;15404.131176029587;15063.95113438712;496;15063.95113438712;4714.3288;2501.1063723654916;Evaluated;12.516;2.4366;64;True;3;duplicate_for_same_parent_sequence
73;3;23;2;normal;2;3ccb6a454fee;swap;18;20;;;;;;;;;;;;True;False;False;False;;ok;17226.93176785965;15404.131176029587;15404.131176029587;15063.95113438712;497;15063.95113438712;4729.2321;1822.8005918300623;Evaluated;12.473;2.4273;64;True;3;duplicate_for_same_parent_sequence
73;3;23;3;normal;2;3ccb6a454fee;move;;;18;25;;;;;;;;;;True;False;False;False;;ok;17346.78727119613;15404.131176029587;15404.131176029587;15063.95113438712;498;15063.95113438712;4740.8464;1942.6560951665451;Evaluated;9.1789;2.4326;64;True;2;duplicate_for_same_parent_sequence
73;3;23;4;normal;2;3ccb6a454fee;move;;;50;10;;;;;;;;;;True;False;False;True;;ok;17785.59644785911;15404.131176029587;15404.131176029587;15063.95113438712;499;15063.95113438712;4748.4205;2381.465271829522;Evaluated;5.1449;2.4264;64;True;1;
73;3;23;5;normal;2;3ccb6a454fee;move;;;10;30;;;;;;;;;;True;False;False;True;;ok;16889.9078224088;15404.131176029587;15404.131176029587;15063.95113438712;500;15063.95113438712;4759.6357;1485.776646379214;Evaluated;8.781;2.4312;64;True;2;duplicate_for_same_parent_sequence
73;3;23;;normal;3;;;;;;;;;;;;;;;;;;;;;End-of-iteration summary row;;;15404.131176029587;15063.95113438712;500;15063.95113438712;4759.6386;;IterationSummary;;;;;;
74;3;24;1;diversification;3;3ccb6a454fee;move;;;15;20;;;;;;;;;;False;True;True;;;ok;;15404.131176029587;15404.131176029587;15063.95113438712;500;15063.95113438712;4772.1462;;DuplicateForSameParentSequenceAfterRetries;12.4911;;;;3;duplicate_for_same_parent_sequence
74;3;24;2;diversification;3;3ccb6a454fee;reinsert_block;;;;;;;25;30;18;;;;;True;False;False;False;;ok;17242.127373375006;15404.131176029587;15404.131176029587;15063.95113438712;501;15063.95113438712;4780.1412;1837.9961973454192;Evaluated;5.5599;2.4339;64;True;1;
74;3;24;3;diversification;3;3ccb6a454fee;swap;35;40;;;;;;;;;;;;True;False;False;False;;ok;15402.649737767379;15404.131176029587;15404.131176029587;15063.95113438712;502;15063.95113438712;4787.629;-1.4814382622080302;EvaluatedImprovementDespiteDiversificationMismatch;5.2565;2.2284;64;True;1;
74;3;24;4;diversification;3;3ccb6a454fee;reinsert_block;;;;;;;50;53;20;;;;;True;False;False;True;;ok;16828.17813410444;15404.131176029587;15404.131176029587;15063.95113438712;503;15063.95113438712;4799.1044;1424.046958074854;Evaluated;9.0369;2.4377;64;True;2;duplicate_for_same_parent_sequence
74;3;24;5;diversification;3;3ccb6a454fee;move;;;30;5;;;;;;;;;;True;False;False;True;;ok;17707.76671873886;15404.131176029587;15404.131176029587;15063.95113438712;504;15063.95113438712;4807.0207;2303.635542709275;Evaluated;5.4827;2.4308;64;True;1;
74;3;24;6;diversification;3;3ccb6a454fee;move;;;32;48;;;;;;;;;;True;False;False;True;;ok;16245.918280931935;15404.131176029587;15404.131176029587;15063.95113438712;505;15063.95113438712;4818.1693;841.7871049023488;Evaluated;8.7173;2.4284;64;True;2;duplicate_for_same_parent_sequence
74;3;24;7;diversification;3;3ccb6a454fee;move;;;45;30;;;;;;;;;;True;False;False;True;;ok;17617.80216160742;15404.131176029587;15404.131176029587;15063.95113438712;506;15063.95113438712;4825.7952;2213.6709855778317;Evaluated;5.1966;2.4265;64;True;1;
74;3;24;8;diversification;3;3ccb6a454fee;move;;;18;5;;;;;;;;;;True;False;False;True;;ok;17626.502486948077;15404.131176029587;15404.131176029587;15063.95113438712;507;15063.95113438712;4833.3726;2222.37131091849;Evaluated;5.1462;2.4287;64;True;1;
74;3;24;9;diversification;3;3ccb6a454fee;move;;;25;30;;;;;;;;;;True;False;False;False;;ok;17157.187407188903;15404.131176029587;15404.131176029587;15063.95113438712;508;15063.95113438712;4841.0154;1753.0562311593167;Evaluated;5.2092;2.4298;64;True;1;
74;3;24;10;diversification;3;3ccb6a454fee;move;;;48;20;;;;;;;;;;True;False;False;True;;ok;16998.451411333495;15404.131176029587;15404.131176029587;15063.95113438712;509;15063.95113438712;4852.1519;1594.3202353039087;Evaluated;8.7055;2.4279;64;True;2;duplicate_for_same_parent_sequence
74;3;24;;diversification;0;;;;;;;;;;;;;;;;;;;;;End-of-iteration summary row;;;15402.649737767379;15063.95113438712;509;15063.95113438712;4852.167;;IterationSummary;;;;;;
75;3;25;1;normal;0;1db43ad21426;move;;;10;5;;;;;;;;;;True;False;False;False;;ok;16687.492144940603;15402.649737767379;15402.649737767379;15063.95113438712;510;15063.95113438712;4860.0595;1284.8424071732243;Evaluated;5.4552;2.4314;64;True;1;
75;3;25;2;normal;0;1db43ad21426;swap;20;25;;;;;;;;;;;;True;False;False;False;;ok;17092.198476876598;15402.649737767379;15402.649737767379;15063.95113438712;511;15063.95113438712;4867.9585;1689.5487391092192;Evaluated;5.467;2.4292;64;True;1;
75;3;25;3;normal;0;1db43ad21426;reinsert_block;;;;;;;32;40;18;;;;;True;False;False;True;;ok;17956.073048872375;15402.649737767379;15402.649737767379;15063.95113438712;512;15063.95113438712;4875.8825;2553.423311104996;Evaluated;5.4973;2.4241;64;True;1;
75;3;25;4;normal;0;1db43ad21426;move;;;50;32;;;;;;;;;;True;False;False;True;;ok;16386.93028670932;15402.649737767379;15402.649737767379;15063.95113438712;513;15063.95113438712;4883.5532;984.2805489419425;Evaluated;5.2398;2.4303;64;True;1;
75;3;25;5;normal;0;1db43ad21426;move;;;40;35;;;;;;;;;;True;False;False;False;;ok;15404.131176029587;15402.649737767379;15402.649737767379;15063.95113438712;514;15063.95113438712;4890.9494;1.4814382622080302;Evaluated;5.1627;2.2306;64;True;1;
75;3;25;;normal;1;;;;;;;;;;;;;;;;;;;;;End-of-iteration summary row;;;15402.649737767379;15063.95113438712;514;15063.95113438712;4890.9533;;IterationSummary;;;;;;
76;3;26;1;normal;1;1db43ad21426;move;;;8;15;;;;;;;;;;True;False;False;False;;ok;17268.701093054435;15402.649737767379;15402.649737767379;15063.95113438712;515;15063.95113438712;4898.9441;1866.0513552870561;Evaluated;5.5481;2.4303;64;True;1;
76;3;26;2;normal;1;1db43ad21426;swap;18;20;;;;;;;;;;;;True;False;False;False;;ok;17228.352014989534;15402.649737767379;15402.649737767379;15063.95113438712;516;15063.95113438712;4906.5686;1825.7022772221553;Evaluated;5.1837;2.4377;64;True;1;
76;3;26;3;normal;1;1db43ad21426;reinsert_block;;;;;;;35;40;18;;;;;True;False;False;True;;ok;16541.256075220823;15402.649737767379;15402.649737767379;15063.95113438712;517;15063.95113438712;4914.4844;1138.6063374534442;Evaluated;5.4857;2.4272;64;True;1;
76;3;26;4;normal;1;1db43ad21426;move;;;50;42;;;;;;;;;;True;False;False;False;;ok;15417.655277764354;15402.649737767379;15402.649737767379;15063.95113438712;518;15063.95113438712;4921.9361;15.00553999697513;Evaluated;5.2224;2.2267;64;True;1;
76;3;26;5;normal;1;1db43ad21426;move;;;20;15;;;;;;;;;;True;False;False;False;;ok;18067.481188524343;15402.649737767379;15402.649737767379;15063.95113438712;519;15063.95113438712;4929.5554;2664.831450756965;Evaluated;5.1796;2.4371;64;True;1;
76;3;26;;normal;2;;;;;;;;;;;;;;;;;;;;;End-of-iteration summary row;;;15402.649737767379;15063.95113438712;519;15063.95113438712;4929.5591;;IterationSummary;;;;;;
77;3;27;1;normal;2;1db43ad21426;move;;;8;3;;;;;;;;;;True;False;False;False;;ok;17907.211351067108;15402.649737767379;15402.649737767379;15063.95113438712;520;15063.95113438712;4941.0947;2504.5616132997293;Evaluated;9.084;2.4341;64;True;2;duplicate_for_same_parent_sequence
77;3;27;2;normal;2;1db43ad21426;move;;;30;17;;;;;;;;;;True;False;False;True;;ok;17590.66044737483;15402.649737767379;15402.649737767379;15063.95113438712;521;15063.95113438712;4952.3699;2188.0107096074516;Evaluated;8.8443;2.4301;64;True;2;duplicate_for_same_parent_sequence
77;3;27;3;normal;2;1db43ad21426;reinsert_block;;;;;;;35;40;25;;;;;True;False;False;True;;ok;16928.76729042412;15402.649737767379;15402.649737767379;15063.95113438712;522;15063.95113438712;4960.5709;1526.1175526567404;Evaluated;5.7671;2.431;64;True;1;
77;3;27;4;normal;2;1db43ad21426;move;;;60;48;;;;;;;;;;True;False;False;True;;ok;15683.204021139207;15402.649737767379;15402.649737767379;15063.95113438712;523;15063.95113438712;4971.3507;280.5542833718282;Evaluated;8.5527;2.2241;64;True;2;duplicate_for_same_parent_sequence
77;3;27;5;normal;2;1db43ad21426;move;;;25;10;;;;;;;;;;True;False;False;True;;ok;17802.184660801377;15402.649737767379;15402.649737767379;15063.95113438712;524;15063.95113438712;4978.9184;2399.534923033998;Evaluated;5.1262;2.4382;64;True;1;
77;3;27;;normal;3;;;;;;;;;;;;;;;;;;;;;End-of-iteration summary row;;;15402.649737767379;15063.95113438712;524;15063.95113438712;4978.9223;;IterationSummary;;;;;;
78;3;28;1;diversification;3;1db43ad21426;move;;;15;20;;;;;;;;;;True;False;False;False;;ok;16875.780935278046;15402.649737767379;15402.649737767379;15063.95113438712;525;15063.95113438712;4990.3684;1473.1311975106673;Evaluated;9.0039;2.4349;64;True;2;duplicate_for_same_parent_sequence
78;3;28;2;diversification;3;1db43ad21426;reinsert_block;;;;;;;20;25;10;;;;;True;False;False;True;;ok;17690.875771469404;15402.649737767379;15402.649737767379;15063.95113438712;526;15063.95113438712;4998.4425;2288.2260337020252;Evaluated;5.6335;2.4378;64;True;1;
78;3;28;3;diversification;3;1db43ad21426;swap;35;40;;;;;;;;;;;;True;False;False;False;;ok;15404.131176029587;15402.649737767379;15402.649737767379;15063.95113438712;527;15063.95113438712;5006.1847;1.4814382622080302;Evaluated;5.5036;2.2345;64;True;1;
78;3;28;4;diversification;3;1db43ad21426;move;;;50;28;;;;;;;;;;True;False;False;True;;ok;15417.655277764354;15402.649737767379;15402.649737767379;15063.95113438712;528;15063.95113438712;5013.7111;15.00553999697513;Evaluated;5.2978;2.2257;64;True;1;
78;3;28;5;diversification;3;1db43ad21426;move;;;50;20;;;;;;;;;;True;False;False;True;;ok;16862.681487483947;15402.649737767379;15402.649737767379;15063.95113438712;529;15063.95113438712;5021.3616;1460.0317497165688;Evaluated;5.214;2.4336;64;True;1;
78;3;28;6;diversification;3;1db43ad21426;move;;;35;20;;;;;;;;;;True;False;False;True;;ok;16851.02002579107;15402.649737767379;15402.649737767379;15063.95113438712;530;15063.95113438712;5032.5331;1448.3702880236906;Evaluated;8.7373;2.431;64;True;2;duplicate_for_same_parent_sequence
78;3;28;7;diversification;3;1db43ad21426;move;;;20;35;;;;;;;;;;True;False;False;True;;ok;17198.0929118824;15402.649737767379;15402.649737767379;15063.95113438712;531;15063.95113438712;5040.1109;1795.4431741150202;Evaluated;5.1433;2.4308;64;True;1;
78;3;28;8;diversification;3;1db43ad21426;move;;;20;3;;;;;;;;;;True;False;False;True;;ok;17455.274887854;15402.649737767379;15402.649737767379;15063.95113438712;532;15063.95113438712;5051.3152;2052.625150086622;Evaluated;8.7693;2.432;64;True;2;duplicate_for_same_parent_sequence
78;3;28;9;diversification;3;1db43ad21426;move;;;24;30;;;;;;;;;;True;False;False;False;;ok;16387.735812833675;15402.649737767379;15402.649737767379;15063.95113438712;533;15063.95113438712;5058.952;985.086075066296;Evaluated;5.2062;2.4274;64;True;1;
78;3;28;10;diversification;3;1db43ad21426;move;;;35;18;;;;;;;;;;True;False;False;True;;ok;16854.05884710868;15402.649737767379;15402.649737767379;15063.95113438712;534;15063.95113438712;5070.3511;1451.4091093413026;Evaluated;8.9625;2.4333;64;True;2;duplicate_for_same_parent_sequence
78;3;28;;diversification;4;;;;;;;;;;;;;;;;;;;;;End-of-iteration summary row;;;15402.649737767379;15063.95113438712;534;15063.95113438712;5070.3538;;IterationSummary;;;;;;
79;3;29;1;diversification;4;1db43ad21426;move;;;3;20;;;;;;;;;;True;False;False;True;;ok;18046.332268967202;15402.649737767379;15402.649737767379;15063.95113438712;535;15063.95113438712;5082.0979;2643.6825311998236;Evaluated;9.3033;2.4294;64;True;2;duplicate_for_same_parent_sequence
79;3;29;2;diversification;4;1db43ad21426;move;;;30;40;;;;;;;;;;True;False;False;True;;ok;16654.503647857287;15402.649737767379;15402.649737767379;15063.95113438712;536;15063.95113438712;5093.4806;1251.8539100899088;Evaluated;8.9511;2.4282;64;True;2;duplicate_for_same_parent_sequence
79;3;29;3;diversification;4;1db43ad21426;swap;32;47;;;;;;;;;;;;True;False;False;True;;ok;15400.172135304072;15402.649737767379;15402.649737767379;15063.95113438712;537;15063.95113438712;5100.929;-2.477602463306539;Evaluated;5.2167;2.2279;64;True;1;
79;3;29;4;diversification;4;1db43ad21426;move;;;55;30;;;;;;;;;;True;False;False;True;;ok;15628.242150943492;15402.649737767379;15402.649737767379;15063.95113438712;538;15063.95113438712;5115.873;225.59241317611304;Evaluated;12.7142;2.2267;64;True;3;duplicate_for_same_parent_sequence
79;3;29;5;diversification;4;1db43ad21426;move;;;30;5;;;;;;;;;;True;False;False;True;;ok;17708.628678314966;15402.649737767379;15402.649737767379;15063.95113438712;539;15063.95113438712;5126.9979;2305.9789405475876;Evaluated;8.6956;2.4268;64;True;2;duplicate_for_same_parent_sequence
79;3;29;6;diversification;4;1db43ad21426;move;;;25;40;;;;;;;;;;True;False;False;True;;ok;16538.386417426856;15402.649737767379;15402.649737767379;15063.95113438712;540;15063.95113438712;5134.7692;1135.7366796594779;Evaluated;5.3434;2.4253;64;True;1;
79;3;29;7;diversification;4;1db43ad21426;move;;;40;15;;;;;;;;;;True;False;False;True;;ok;15424.024700341119;15402.649737767379;15402.649737767379;15063.95113438712;541;15063.95113438712;5142.2349;21.37496257374005;Evaluated;5.2376;2.2254;64;True;1;
79;3;29;8;diversification;4;1db43ad21426;move;;;30;2;;;;;;;;;;True;False;False;True;;ok;17907.33974023612;15402.649737767379;15402.649737767379;15063.95113438712;542;15063.95113438712;5153.4442;2504.69000246874;Evaluated;8.7803;2.4257;64;True;2;duplicate_for_same_parent_sequence
79;3;29;9;diversification;4;1db43ad21426;move;;;28;35;;;;;;;;;;True;False;False;False;;ok;16870.452598832588;15402.649737767379;15402.649737767379;15063.95113438712;543;15063.95113438712;5161.1034;1467.802861065209;Evaluated;5.2286;2.4297;64;True;1;
79;3;29;10;diversification;4;1db43ad21426;move;;;48;15;;;;;;;;;;True;False;False;True;;ok;17008.966826115462;15402.649737767379;15402.649737767379;15063.95113438712;544;15063.95113438712;5172.6665;1606.3170883480834;Evaluated;9.126;2.4335;64;True;2;duplicate_for_same_parent_sequence
79;3;29;;diversification;0;;;;;;;;;;;;;;;;;;;;;End-of-iteration summary row;;;15400.172135304072;15063.95113438712;544;15063.95113438712;5172.6837;;IterationSummary;;;;;;
80;3;30;1;normal;0;b51ca3d5f96f;move;;;5;10;;;;;;;;;;True;False;False;False;;ok;17523.91292929758;15400.172135304072;15400.172135304072;15063.95113438712;545;15063.95113438712;5180.6966;2123.740793993509;Evaluated;5.5773;2.4301;64;True;1;
80;3;30;2;normal;0;b51ca3d5f96f;swap;20;25;;;;;;;;;;;;True;False;False;False;;ok;17093.71096286269;15400.172135304072;15400.172135304072;15063.95113438712;546;15063.95113438712;5188.2639;1693.5388275586174;Evaluated;5.1418;2.4246;64;True;1;
80;3;30;3;normal;0;b51ca3d5f96f;reinsert_block;;;;;;;35;40;28;;;;;True;False;False;False;;ok;16681.093024055095;15400.172135304072;15400.172135304072;15063.95113438712;547;15063.95113438712;5196.1788;1280.920888751023;Evaluated;5.4841;2.4282;64;True;1;
80;3;30;4;normal;0;b51ca3d5f96f;move;;;50;32;;;;;;;;;;True;False;False;True;;ok;16386.93028670932;15400.172135304072;15400.172135304072;15063.95113438712;548;15063.95113438712;5203.8316;986.758151405249;Evaluated;5.2189;2.4311;64;True;1;
80;3;30;5;normal;0;b51ca3d5f96f;move;;;45;10;;;;;;;;;;True;False;False;True;;ok;16276.940999657603;15400.172135304072;15400.172135304072;15063.95113438712;549;15063.95113438712;5214.8602;876.7688643535312;Evaluated;8.5978;2.4299;64;True;2;duplicate_for_same_parent_sequence
80;3;30;;normal;1;;;;;;;;;;;;;;;;;;;;;End-of-iteration summary row;;;15400.172135304072;15063.95113438712;549;15063.95113438712;5214.8643;;IterationSummary;;;;;;
81;3;31;1;normal;1;b51ca3d5f96f;move;;;10;5;;;;;;;;;;True;False;False;False;;ok;16687.559856129956;15400.172135304072;15400.172135304072;15063.95113438712;550;15063.95113438712;5222.8512;1287.3877208258837;Evaluated;5.5403;2.4379;64;True;1;
81;3;31;2;normal;1;b51ca3d5f96f;swap;18;22;;;;;;;;;;;;True;False;False;False;;ok;17140.220847235563;15400.172135304072;15400.172135304072;15063.95113438712;551;15063.95113438712;5234.4375;1740.0487119314912;Evaluated;9.1546;2.4282;64;True;2;duplicate_for_same_parent_sequence
81;3;31;3;normal;1;b51ca3d5f96f;move;;;30;15;;;;;;;;;;True;False;False;True;;ok;17464.782682976605;15400.172135304072;15400.172135304072;15063.95113438712;552;15063.95113438712;5246.0785;2064.6105476725334;Evaluated;9.2119;2.426;64;True;2;duplicate_for_same_parent_sequence
81;3;31;4;normal;1;b51ca3d5f96f;move;;;55;48;;;;;;;;;;True;False;False;False;;ok;15624.866579840009;15400.172135304072;15400.172135304072;15063.95113438712;553;15063.95113438712;5253.4468;224.69444453593678;Evaluated;5.1394;2.228;64;True;1;
81;3;31;5;normal;1;b51ca3d5f96f;move;;;15;30;;;;;;;;;;True;False;False;True;;ok;17741.767513076247;15400.172135304072;15400.172135304072;15063.95113438712;554;15063.95113438712;5261.0074;2341.595377772175;Evaluated;5.1315;2.4275;64;True;1;
81;3;31;;normal;2;;;;;;;;;;;;;;;;;;;;;End-of-iteration summary row;;;15400.172135304072;15063.95113438712;554;15063.95113438712;5261.0105;;IterationSummary;;;;;;
82;3;32;1;normal;2;b51ca3d5f96f;move;;;7;2;;;;;;;;;;True;False;False;False;;ok;18170.415257058627;15400.172135304072;15400.172135304072;15063.95113438712;555;15063.95113438712;5272.5481;2770.2431217545545;Evaluated;8.8915;2.6328;64;True;2;duplicate_for_same_parent_sequence
82;3;32;2;normal;2;b51ca3d5f96f;swap;16;20;;;;;;;;;;;;True;False;False;False;;ok;18064.785156032693;15400.172135304072;15400.172135304072;15063.95113438712;556;15063.95113438712;5280.2284;2664.6130207286205;Evaluated;5.2457;2.4319;64;True;1;
82;3;32;3;normal;2;b51ca3d5f96f;reinsert_block;;;;;;;32;40;15;;;;;True;False;False;True;;ok;17372.435307498774;15400.172135304072;15400.172135304072;15063.95113438712;557;15063.95113438712;5288.1487;1972.2631721947018;Evaluated;5.4887;2.4282;64;True;1;
82;3;32;4;normal;2;b51ca3d5f96f;move;;;50;42;;;;;;;;;;True;False;False;False;;ok;15418.51718677036;15400.172135304072;15400.172135304072;15063.95113438712;558;15063.95113438712;5295.6113;18.34505146628726;Evaluated;5.2334;2.2265;64;True;1;
82;3;32;5;normal;2;b51ca3d5f96f;move;;;35;20;;;;;;;;;;True;False;False;True;;ok;16853.408773635096;15400.172135304072;15400.172135304072;15063.95113438712;559;15063.95113438712;5303.4226;1453.2366383310236;Evaluated;5.3812;2.4274;64;True;1;
82;3;32;;normal;3;;;;;;;;;;;;;;;;;;;;;End-of-iteration summary row;;;15400.172135304072;15063.95113438712;559;15063.95113438712;5303.4259;;IterationSummary;;;;;;
83;3;33;1;diversification;3;b51ca3d5f96f;move;;;7;2;;;;;;;;;;False;True;False;;;ok;;15400.172135304072;15400.172135304072;15063.95113438712;559;15063.95113438712;5316.3037;;DuplicateForSameParentSequenceAfterRetries;12.8698;;;;3;duplicate_for_same_parent_sequence
83;3;33;2;diversification;3;b51ca3d5f96f;reinsert_block;;;;;;;18;25;32;;;;;True;False;False;False;;ok;15870.806976639977;15400.172135304072;15400.172135304072;15063.95113438712;560;15063.95113438712;5324.4503;470.63484133590464;Evaluated;5.9211;2.2244;64;True;1;
83;3;33;3;diversification;3;b51ca3d5f96f;swap;34;42;;;;;;;;;;;;True;False;False;False;;ok;15630.103559989862;15400.172135304072;15400.172135304072;15063.95113438712;561;15063.95113438712;5331.8453;229.93142468579026;Evaluated;5.169;2.2227;64;True;1;
83;3;33;4;diversification;3;b51ca3d5f96f;move;;;52;48;;;;;;;;;;True;False;False;False;;ok;16285.49271290861;15400.172135304072;15400.172135304072;15063.95113438712;562;15063.95113438712;5339.5766;885.3205776045379;Evaluated;5.2945;2.436;64;True;1;
83;3;33;5;diversification;3;b51ca3d5f96f;move;;;25;10;;;;;;;;;;True;False;False;True;;ok;17799.176989023912;15400.172135304072;15400.172135304072;15063.95113438712;563;15063.95113438712;5347.4719;2399.00485371984;Evaluated;5.4645;2.4279;64;True;1;
83;3;33;6;diversification;3;b51ca3d5f96f;move;;;40;15;;;;;;;;;;True;False;False;True;;ok;15431.099916972938;15400.172135304072;15400.172135304072;15063.95113438712;564;15063.95113438712;5354.9989;30.927781668866373;Evaluated;5.2943;2.2303;64;True;1;
83;3;33;7;diversification;3;b51ca3d5f96f;swap;25;30;;;;;;;;;;;;True;False;False;False;;ok;16866.1734528139;15400.172135304072;15400.172135304072;15063.95113438712;565;15063.95113438712;5366.0148;1466.0013175098265;Evaluated;8.5853;2.4285;64;True;2;duplicate_for_same_parent_sequence
83;3;33;8;diversification;3;b51ca3d5f96f;move;;;8;15;;;;;;;;;;True;False;False;False;;ok;17267.490082045966;15400.172135304072;15400.172135304072;15063.95113438712;566;15063.95113438712;5373.6085;1867.317946741894;Evaluated;5.158;2.435;64;True;1;
83;3;33;9;diversification;3;b51ca3d5f96f;move;;;25;30;;;;;;;;;;True;False;False;False;;ok;17166.034555190803;15400.172135304072;15400.172135304072;15063.95113438712;567;15063.95113438712;5381.2269;1765.862419886731;Evaluated;5.1811;2.4343;64;True;1;
83;3;33;10;diversification;3;b51ca3d5f96f;move;;;45;30;;;;;;;;;;True;False;False;True;;ok;17615.382501460048;15400.172135304072;15400.172135304072;15063.95113438712;568;15063.95113438712;5392.4364;2215.210366155976;Evaluated;8.7713;2.4345;64;True;2;duplicate_for_same_parent_sequence
83;3;33;;diversification;4;;;;;;;;;;;;;;;;;;;;;End-of-iteration summary row;;;15400.172135304072;15063.95113438712;568;15063.95113438712;5392.4396;;IterationSummary;;;;;;
84;3;34;1;diversification;4;b51ca3d5f96f;move;;;18;4;;;;;;;;;;True;False;False;True;;ok;17823.383413465945;15400.172135304072;15400.172135304072;15063.95113438712;569;15063.95113438712;5400.56;2423.2112781618725;Evaluated;5.6721;2.431;64;True;1;
84;3;34;2;diversification;4;b51ca3d5f96f;reinsert_block;;;;;;;25;30;42;;;;;True;False;False;True;;ok;18042.08501567862;15400.172135304072;15400.172135304072;15063.95113438712;570;15063.95113438712;5415.8279;2641.912880374546;Evaluated;12.8372;2.4278;64;True;3;duplicate_for_same_parent_sequence
84;3;34;3;diversification;4;b51ca3d5f96f;swap;35;40;;;;;;;;;;;;True;False;False;False;;ok;15407.960803879885;15400.172135304072;15400.172135304072;15063.95113438712;571;15063.95113438712;5423.5869;7.7886685758130625;Evaluated;5.5283;2.2277;64;True;1;
84;3;34;4;diversification;4;b51ca3d5f96f;move;;;50;48;;;;;;;;;;True;False;False;False;;ok;15402.558062227046;15400.172135304072;15400.172135304072;15063.95113438712;572;15063.95113438712;5430.96;2.3859269229742495;Evaluated;5.1394;2.2298;64;True;1;
84;3;34;5;diversification;4;b51ca3d5f96f;swap;5;10;;;;;;;;;;;;True;False;False;False;;ok;16690.815504798287;15400.172135304072;15400.172135304072;15063.95113438712;573;15063.95113438712;5438.5617;1290.6433694942152;Evaluated;5.1661;2.4324;64;True;1;
84;3;34;6;diversification;4;b51ca3d5f96f;move;;;45;18;;;;;;;;;;True;False;False;True;;ok;16278.254482252907;15400.172135304072;15400.172135304072;15063.95113438712;574;15063.95113438712;5449.7697;878.082346948835;Evaluated;8.7726;2.4326;64;True;2;duplicate_for_same_parent_sequence
84;3;34;7;diversification;4;b51ca3d5f96f;move;;;50;10;;;;;;;;;;True;False;False;True;;ok;17780.908355187214;15400.172135304072;15400.172135304072;15063.95113438712;575;15063.95113438712;5457.3506;2380.7362198831415;Evaluated;5.1495;2.4271;64;True;1;
84;3;34;8;diversification;4;b51ca3d5f96f;move;;;10;25;;;;;;;;;;True;False;False;True;;ok;17346.12907173275;15400.172135304072;15400.172135304072;15063.95113438712;576;15063.95113438712;5465.0097;1945.956936428678;Evaluated;5.2203;2.4361;64;True;1;
84;3;34;9;diversification;4;b51ca3d5f96f;move;;;26;35;;;;;;;;;;True;False;False;False;;ok;16715.153001917657;15400.172135304072;15400.172135304072;15063.95113438712;577;15063.95113438712;5472.6044;1314.980866613585;Evaluated;5.1636;2.4304;64;True;1;
84;3;34;10;diversification;4;b51ca3d5f96f;move;;;35;10;;;;;;;;;;True;False;False;True;;ok;17324.725258096263;15400.172135304072;15400.172135304072;15063.95113438712;578;15063.95113438712;5483.9918;1924.553122792191;Evaluated;8.9582;2.4265;64;True;2;duplicate_for_same_parent_sequence
84;3;34;;diversification;5;;;;;;;;;;;;;;;;;;;;;End-of-iteration summary row;;;15400.172135304072;15063.95113438712;578;15063.95113438712;5483.995;;IterationSummary;;;;;;
85;3;35;1;diversification;5;b51ca3d5f96f;move;;;20;5;;;;;;;;;;True;False;False;True;;ok;17099.100555340065;15400.172135304072;15400.172135304072;15063.95113438712;579;15063.95113438712;5495.7427;1698.9284200359925;Evaluated;9.3095;2.427;64;True;2;duplicate_for_same_parent_sequence
85;3;35;2;diversification;5;b51ca3d5f96f;reinsert_block;;;;;;;18;24;5;;;;;True;False;False;True;;ok;17413.590997226667;15400.172135304072;15400.172135304072;15063.95113438712;580;15063.95113438712;5503.6577;2013.4188619225952;Evaluated;5.4746;2.4371;64;True;1;
85;3;35;3;diversification;5;b51ca3d5f96f;swap;32;47;;;;;;;;;;;;True;False;False;True;;ok;15402.649737767379;15400.172135304072;15400.172135304072;15063.95113438712;581;15063.95113438712;5514.5578;2.477602463306539;Evaluated;8.6663;2.2305;64;True;2;duplicate_for_same_parent_sequence
85;3;35;4;diversification;5;b51ca3d5f96f;move;;;50;18;;;;;;;;;;True;False;False;True;;ok;16396.601996700112;15400.172135304072;15400.172135304072;15063.95113438712;582;15063.95113438712;5522.3984;996.42986139604;Evaluated;5.413;2.425;64;True;1;
85;3;35;5;diversification;5;b51ca3d5f96f;move;;;20;5;;;;;;;;;;False;True;False;;;ok;;15400.172135304072;15400.172135304072;15063.95113438712;582;15063.95113438712;5534.8912;;DuplicateForSameParentSequenceAfterRetries;12.4899;;;;3;duplicate_for_same_parent_sequence
85;3;35;6;diversification;5;b51ca3d5f96f;move;;;20;45;;;;;;;;;;True;False;False;True;;ok;17088.369053071998;15400.172135304072;15400.172135304072;15063.95113438712;583;15063.95113438712;5542.5614;1688.1969177679257;Evaluated;5.2399;2.4291;64;True;1;
85;3;35;7;diversification;5;b51ca3d5f96f;move;;;18;5;;;;;;;;;;True;False;False;True;;ok;17629.511219502725;15400.172135304072;15400.172135304072;15063.95113438712;584;15063.95113438712;5550.2495;2229.339084198653;Evaluated;5.2524;2.4324;64;True;1;
85;3;35;8;diversification;5;b51ca3d5f96f;move;;;20;35;;;;;;;;;;True;False;False;True;;ok;17200.481659608104;15400.172135304072;15400.172135304072;15063.95113438712;585;15063.95113438712;5557.9737;1800.3095243040316;Evaluated;5.2867;2.4348;64;True;1;
85;3;35;9;diversification;5;b51ca3d5f96f;move;;;4;15;;;;;;;;;;True;False;False;True;;ok;18229.689451243245;15400.172135304072;15400.172135304072;15063.95113438712;586;15063.95113438712;5569.2265;2829.5173159391725;Evaluated;8.6227;2.6279;64;True;2;duplicate_for_same_parent_sequence
85;3;35;10;diversification;5;b51ca3d5f96f;move;;;40;50;;;;;;;;;;True;False;False;True;;ok;15733.410128067342;15400.172135304072;15400.172135304072;15063.95113438712;587;15063.95113438712;5576.807;333.2379927632701;Evaluated;5.3511;2.2264;64;True;1;
85;3;35;;diversification;6;;;;;;;;;;;;;;;;;;;;;End-of-iteration summary row;;;15400.172135304072;15063.95113438712;587;15063.95113438712;5576.8099;;IterationSummary;;;;;;
86;3;36;1;diversification;6;b51ca3d5f96f;move;;;10;35;;;;;;;;;;True;False;False;True;;ok;16896.080780218348;15400.172135304072;15400.172135304072;15063.95113438712;588;15063.95113438712;5584.9624;1495.908644914276;Evaluated;5.7099;2.4295;64;True;1;
86;3;36;2;diversification;6;b51ca3d5f96f;move;;;30;17;;;;;;;;;;True;False;False;True;;ok;17583.245529834276;15400.172135304072;15400.172135304072;15063.95113438712;589;15063.95113438712;5596.4732;2183.0733945302036;Evaluated;9.0786;2.4285;64;True;2;duplicate_for_same_parent_sequence
86;3;36;3;diversification;6;b51ca3d5f96f;move;;;35;10;;;;;;;;;;False;True;False;;;ok;;15400.172135304072;15400.172135304072;15063.95113438712;589;15063.95113438712;5608.8597;;DuplicateForSameParentSequenceAfterRetries;12.3834;;;;3;duplicate_for_same_parent_sequence
86;3;36;4;diversification;6;b51ca3d5f96f;move;;;61;50;;;;;;;;;;True;False;False;True;;ok;16176.078883907694;15400.172135304072;15400.172135304072;15063.95113438712;590;15063.95113438712;5619.9214;775.906748603622;Evaluated;8.6291;2.4315;64;True;2;duplicate_for_same_parent_sequence
86;3;36;5;diversification;6;b51ca3d5f96f;move;;;3;18;;;;;;;;;;True;False;False;True;;ok;17666.842890200547;15400.172135304072;15400.172135304072;15063.95113438712;591;15063.95113438712;5631.2684;2266.670754896475;Evaluated;8.9203;2.424;64;True;2;duplicate_for_same_parent_sequence
86;3;36;6;diversification;6;b51ca3d5f96f;move;;;18;45;;;;;;;;;;True;False;False;True;;ok;15977.61236540692;15400.172135304072;15400.172135304072;15063.95113438712;592;15063.95113438712;5642.3102;577.4402301028476;Evaluated;8.8071;2.2338;64;True;2;duplicate_for_same_parent_sequence
86;3;36;7;diversification;6;b51ca3d5f96f;move;;;30;45;;;;;;;;;;True;False;False;True;;ok;15987.80988338169;15400.172135304072;15400.172135304072;15063.95113438712;593;15063.95113438712;5653.096;587.6377480776173;Evaluated;8.5598;2.2232;64;True;2;duplicate_for_same_parent_sequence
86;3;36;8;diversification;6;b51ca3d5f96f;move;;;20;30;;;;;;;;;;True;False;False;True;;ok;17109.166663913617;15400.172135304072;15400.172135304072;15063.95113438712;594;15063.95113438712;5667.6639;1708.9945286095444;Evaluated;12.1388;2.4283;64;True;3;duplicate_for_same_parent_sequence
86;3;36;9;diversification;6;b51ca3d5f96f;move;;;28;10;;;;;;;;;;True;False;False;True;;ok;17832.364210595453;15400.172135304072;15400.172135304072;15063.95113438712;595;15063.95113438712;5678.7883;2432.192075291381;Evaluated;8.6914;2.4296;64;True;2;duplicate_for_same_parent_sequence
86;3;36;10;diversification;6;b51ca3d5f96f;move;;;45;20;;;;;;;;;;True;False;False;True;;ok;17585.04069841886;15400.172135304072;15400.172135304072;15063.95113438712;596;15063.95113438712;5686.4767;2184.8685631147873;Evaluated;5.26;2.4255;64;True;1;
86;3;36;;diversification;7;;;;;;;;;;;;;;;;;;;;;End-of-iteration summary row;;;15400.172135304072;15063.95113438712;596;15063.95113438712;5686.4794;;IterationSummary;;;;;;
87;3;37;1;diversification;7;b51ca3d5f96f;move;;;5;20;;;;;;;;;;True;False;False;True;;ok;17536.97361212821;15400.172135304072;15400.172135304072;15063.95113438712;597;15063.95113438712;5694.7072;2136.801476824139;Evaluated;5.7788;2.4331;64;True;1;
87;3;37;2;diversification;7;b51ca3d5f96f;move;;;30;20;;;;;;;;;;True;False;False;True;;ok;17064.806064611374;15400.172135304072;15400.172135304072;15063.95113438712;598;15063.95113438712;5706.0612;1664.6339293073015;Evaluated;8.921;2.4299;64;True;2;duplicate_for_same_parent_sequence
87;3;37;3;diversification;7;b51ca3d5f96f;swap;28;36;;;;;;;;;;;;True;False;False;False;;ok;16067.54651825363;15400.172135304072;15400.172135304072;15063.95113438712;599;15063.95113438712;5717.0051;667.3743829495579;Evaluated;8.7102;2.2324;64;True;2;duplicate_for_same_parent_sequence
87;3;37;4;diversification;7;b51ca3d5f96f;move;;;62;31;;;;;;;;;;True;False;False;True;;ok;17065.488942017786;15400.172135304072;15400.172135304072;15063.95113438712;600;15063.95113438712;5728.0812;1665.316806713714;Evaluated;8.6453;2.4276;64;True;2;duplicate_for_same_parent_sequence
87;3;37;5;diversification;7;b51ca3d5f96f;move;;;15;40;;;;;;;;;;True;False;False;True;;ok;17738.585312220814;15400.172135304072;15400.172135304072;15063.95113438712;601;15063.95113438712;5735.6806;2338.4131769167416;Evaluated;5.1714;2.4246;64;True;1;
87;3;37;6;diversification;7;b51ca3d5f96f;move;;;32;45;;;;;;;;;;True;False;False;True;;ok;16256.750673403301;15400.172135304072;15400.172135304072;15063.95113438712;602;15063.95113438712;5743.5215;856.5785380992293;Evaluated;5.4042;2.4332;64;True;1;
87;3;37;7;diversification;7;b51ca3d5f96f;move;;;25;15;;;;;;;;;;True;False;False;True;;ok;17360.14819700963;15400.172135304072;15400.172135304072;15063.95113438712;603;15063.95113438712;5751.4208;1959.9760617055563;Evaluated;5.4682;2.4278;64;True;1;
87;3;37;8;diversification;7;b51ca3d5f96f;move;;;35;15;;;;;;;;;;True;False;False;True;;ok;17271.12658491602;15400.172135304072;15400.172135304072;15063.95113438712;604;15063.95113438712;5762.4641;1870.954449611947;Evaluated;8.6131;2.4275;64;True;2;duplicate_for_same_parent_sequence
87;3;37;9;diversification;7;b51ca3d5f96f;move;;;4;18;;;;;;;;;;True;False;False;True;;ok;17849.598606634292;15400.172135304072;15400.172135304072;15063.95113438712;605;15063.95113438712;5773.6052;2449.42647133022;Evaluated;8.7154;2.4232;64;True;2;duplicate_for_same_parent_sequence
87;3;37;10;diversification;7;b51ca3d5f96f;move;;;40;20;;;;;;;;;;True;False;False;True;;ok;16382.495066844085;15400.172135304072;15400.172135304072;15063.95113438712;606;15063.95113438712;5788.4206;982.3229315400131;Evaluated;12.3859;2.4288;64;True;3;duplicate_for_same_parent_sequence
87;3;37;;diversification;8;;;;;;;;;;;;;;;;;;;;;End-of-iteration summary row;;;15400.172135304072;15063.95113438712;606;15063.95113438712;5788.424;;IterationSummary;;;;;;
88;3;38;1;diversification;8;b51ca3d5f96f;move;;;8;25;;;;;;;;;;True;False;False;True;;ok;15385.692569070849;15400.172135304072;15400.172135304072;15063.95113438712;607;15063.95113438712;5799.9602;-14.479566233223522;Evaluated;9.2968;2.2262;64;True;2;duplicate_for_same_parent_sequence
88;3;38;2;diversification;8;b51ca3d5f96f;reinsert_block;;;;;;;20;25;40;;;;;True;False;False;True;;ok;17269.151251044095;15400.172135304072;15400.172135304072;15063.95113438712;608;15063.95113438712;5807.97;1868.9791157400232;Evaluated;5.5815;2.4276;64;True;1;
88;3;38;3;diversification;8;b51ca3d5f96f;swap;35;40;;;;;;;;;;;;False;True;False;;;ok;;15400.172135304072;15400.172135304072;15063.95113438712;608;15063.95113438712;5820.3506;;DuplicateForSameParentSequenceAfterRetries;12.3772;;;;3;duplicate_for_same_parent_sequence
88;3;38;4;diversification;8;b51ca3d5f96f;move;;;62;31;;;;;;;;;;False;True;False;;;ok;;15400.172135304072;15400.172135304072;15063.95113438712;608;15063.95113438712;5832.8358;;DuplicateForSameParentSequenceAfterRetries;12.4843;;;;3;duplicate_for_same_parent_sequence
88;3;38;5;diversification;8;b51ca3d5f96f;move;;;18;30;;;;;;;;;;True;False;False;True;;ok;16891.69188018982;15400.172135304072;15400.172135304072;15063.95113438712;609;15063.95113438712;5844.034;1491.5197448857489;Evaluated;8.7626;2.4341;64;True;2;duplicate_for_same_parent_sequence
88;3;38;6;diversification;8;b51ca3d5f96f;move;;;36;18;;;;;;;;;;True;False;False;True;;ok;17638.073164822486;15400.172135304072;15400.172135304072;15063.95113438712;610;15063.95113438712;5855.4439;2237.9010295184144;Evaluated;8.976;2.4309;64;True;2;duplicate_for_same_parent_sequence
88;3;38;7;diversification;8;b51ca3d5f96f;move;;;20;45;;;;;;;;;;False;True;False;;;ok;;15400.172135304072;15400.172135304072;15063.95113438712;610;15063.95113438712;5867.591;;DuplicateForSameParentSequenceAfterRetries;12.1433;;;;3;duplicate_for_same_parent_sequence
88;3;38;8;diversification;8;b51ca3d5f96f;move;;;30;5;;;;;;;;;;True;False;False;True;;ok;17695.888857087735;15400.172135304072;15400.172135304072;15063.95113438712;611;15063.95113438712;5878.7335;2295.716721783663;Evaluated;8.7089;2.4325;64;True;2;duplicate_for_same_parent_sequence
88;3;38;9;diversification;8;b51ca3d5f96f;move;;;25;40;;;;;;;;;;True;False;False;True;;ok;16540.279500327873;15400.172135304072;15400.172135304072;15063.95113438712;612;15063.95113438712;5886.243;1140.1073650238013;Evaluated;5.0753;2.4308;64;True;1;
88;3;38;10;diversification;8;b51ca3d5f96f;swap;45;50;;;;;;;;;;;;True;False;False;False;;ok;15400.918775074093;15400.172135304072;15400.172135304072;15063.95113438712;613;15063.95113438712;5897.2127;0.74663977002092;Evaluated;8.7432;2.2239;64;True;2;duplicate_for_same_parent_sequence
88;3;38;;diversification;0;;;;;;;;;;;;;;;;;;;;;End-of-iteration summary row;;;15385.692569070849;15063.95113438712;613;15063.95113438712;5897.2297;;IterationSummary;;;;;;
89;3;39;1;normal;0;9a94f70ef5e3;move;;;10;3;;;;;;;;;;True;False;False;False;;ok;17504.532966336963;15385.692569070849;15385.692569070849;15063.95113438712;614;15063.95113438712;5905.5562;2118.8403972661145;Evaluated;5.8923;2.4284;64;True;1;
89;3;39;2;normal;0;9a94f70ef5e3;swap;18;20;;;;;;;;;;;;True;False;False;False;;ok;17156.88812537188;15385.692569070849;15385.692569070849;15063.95113438712;615;15063.95113438712;5913.4293;1771.1955563010306;Evaluated;5.4371;2.4334;64;True;1;
89;3;39;3;normal;0;9a94f70ef5e3;reinsert_block;;;;;;;32;40;5;;;;;True;False;False;True;;ok;16531.815405785084;15385.692569070849;15385.692569070849;15063.95113438712;616;15063.95113438712;5921.2698;1146.1228367142357;Evaluated;5.4097;2.4271;64;True;1;
89;3;39;4;normal;0;9a94f70ef5e3;move;;;50;42;;;;;;;;;;True;False;False;False;;ok;15399.513731996414;15385.692569070849;15385.692569070849;15063.95113438712;617;15063.95113438712;5928.769;13.821162925565659;Evaluated;5.2659;2.2302;64;True;1;
89;3;39;5;normal;0;9a94f70ef5e3;move;;;28;40;;;;;;;;;;True;False;False;True;;ok;16730.94759677047;15385.692569070849;15385.692569070849;15063.95113438712;618;15063.95113438712;5936.3616;1345.2550276996226;Evaluated;5.1596;2.4303;64;True;1;
89;3;39;;normal;1;;;;;;;;;;;;;;;;;;;;;End-of-iteration summary row;;;15385.692569070849;15063.95113438712;618;15063.95113438712;5936.3651;;IterationSummary;;;;;;
90;3;40;1;normal;1;9a94f70ef5e3;move;;;3;8;;;;;;;;;;True;False;False;False;;ok;18044.627409293822;15385.692569070849;15385.692569070849;15063.95113438712;619;15063.95113438712;5944.5537;2658.9348402229734;Evaluated;5.7449;2.4344;64;True;1;
90;3;40;2;normal;1;9a94f70ef5e3;swap;20;25;;;;;;;;;;;;True;False;False;False;;ok;17282.512386120867;15385.692569070849;15385.692569070849;15063.95113438712;620;15063.95113438712;5952.1812;1896.8198170500182;Evaluated;5.1961;2.4295;64;True;1;
90;3;40;3;normal;1;9a94f70ef5e3;reinsert_block;;;;;;;35;40;28;;;;;True;False;False;False;;ok;16663.250362291143;15385.692569070849;15385.692569070849;15063.95113438712;621;15063.95113438712;5960.4253;1277.5577932202941;Evaluated;5.8083;2.4329;64;True;1;
90;3;40;4;normal;1;9a94f70ef5e3;move;;;52;30;;;;;;;;;;True;False;False;True;;ok;16728.254416092794;15385.692569070849;15385.692569070849;15063.95113438712;622;15063.95113438712;5968.1747;1342.5618470219451;Evaluated;5.32;2.4264;64;True;1;
90;3;40;5;normal;1;9a94f70ef5e3;move;;;30;15;;;;;;;;;;True;False;False;True;;ok;17057.649618055824;15385.692569070849;15385.692569070849;15063.95113438712;623;15063.95113438712;5975.9802;1671.9570489849757;Evaluated;5.3739;2.4281;64;True;1;
90;3;40;;normal;2;;;;;;;;;;;;;;;;;;;;;End-of-iteration summary row;;;15385.692569070849;15063.95113438712;623;15063.95113438712;5975.9811;;IterationSummary;;;;;;
91;3;41;1;normal;2;9a94f70ef5e3;move;;;8;2;;;;;;;;;;True;False;False;False;;ok;15661.39888794309;15385.692569070849;15385.692569070849;15063.95113438712;624;15063.95113438712;5987.3116;275.70631887224226;Evaluated;9.0954;2.2297;64;True;2;duplicate_for_same_parent_sequence
91;3;41;2;normal;2;9a94f70ef5e3;swap;17;20;;;;;;;;;;;;True;False;False;False;;ok;17231.931440298613;15385.692569070849;15385.692569070849;15063.95113438712;625;15063.95113438712;5994.9676;1846.2388712277643;Evaluated;5.219;2.4341;64;True;1;
91;3;41;3;normal;2;9a94f70ef5e3;move;;;45;10;;;;;;;;;;True;False;False;True;;ok;16753.4118478698;15385.692569070849;15385.692569070849;15063.95113438712;626;15063.95113438712;6006.7424;1367.7192787989516;Evaluated;9.3434;2.4287;64;True;2;duplicate_for_same_parent_sequence
91;3;41;4;normal;2;9a94f70ef5e3;move;;;30;10;;;;;;;;;;True;False;False;True;;ok;17439.019873369132;15385.692569070849;15385.692569070849;15063.95113438712;627;15063.95113438712;6018.2002;2053.3273042982837;Evaluated;9.0274;2.4275;64;True;2;duplicate_for_same_parent_sequence
91;3;41;5;normal;2;9a94f70ef5e3;move;;;25;10;;;;;;;;;;True;False;False;True;;ok;16687.559856129956;15385.692569070849;15385.692569070849;15063.95113438712;628;15063.95113438712;6025.7433;1301.8672870591072;Evaluated;5.1057;2.4342;64;True;1;
91;3;41;;normal;3;;;;;;;;;;;;;;;;;;;;;End-of-iteration summary row;;;15385.692569070849;15063.95113438712;628;15063.95113438712;6025.746;;IterationSummary;;;;;;
92;3;42;1;diversification;3;9a94f70ef5e3;move;;;10;5;;;;;;;;;;True;False;False;False;;ok;17157.99166868304;15385.692569070849;15385.692569070849;15063.95113438712;629;15063.95113438712;6033.7847;1772.2990996121916;Evaluated;5.5922;2.4353;64;True;1;
92;3;42;2;diversification;3;9a94f70ef5e3;reinsert_block;;;;;;;25;30;16;;;;;True;False;False;True;;ok;17196.63577407314;15385.692569070849;15385.692569070849;15063.95113438712;630;15063.95113438712;6041.8611;1810.9432050022915;Evaluated;5.6374;2.4362;64;True;1;
92;3;42;3;diversification;3;9a94f70ef5e3;swap;34;39;;;;;;;;;;;;True;False;False;False;;ok;16659.29098892382;15385.692569070849;15385.692569070849;15063.95113438712;631;15063.95113438712;6049.5563;1273.5984198529732;Evaluated;5.2664;2.4261;64;True;1;
92;3;42;4;diversification;3;9a94f70ef5e3;move;;;52;48;;;;;;;;;;True;False;False;False;;ok;16268.674587361316;15385.692569070849;15385.692569070849;15063.95113438712;632;15063.95113438712;6057.1876;882.9820182904677;Evaluated;5.2025;2.4261;64;True;1;
92;3;42;5;diversification;3;9a94f70ef5e3;swap;15;20;;;;;;;;;;;;True;False;False;False;;ok;17863.204846618708;15385.692569070849;15385.692569070849;15063.95113438712;633;15063.95113438712;6068.3217;2477.5122775478594;Evaluated;8.7037;2.4279;64;True;2;duplicate_for_same_parent_sequence
92;3;42;6;diversification;3;9a94f70ef5e3;reinsert_block;;;;;;;35;40;10;;;;;True;False;False;True;;ok;16815.07121200173;15385.692569070849;15385.692569070849;15063.95113438712;634;15063.95113438712;6079.6792;1429.378642930882;Evaluated;8.9265;2.4281;64;True;2;duplicate_for_same_parent_sequence
92;3;42;7;diversification;3;9a94f70ef5e3;move;;;50;35;;;;;;;;;;True;False;False;True;;ok;15923.361523598167;15385.692569070849;15385.692569070849;15063.95113438712;635;15063.95113438712;6087.3607;537.6689545273184;Evaluated;5.4501;2.2288;64;True;1;
92;3;42;8;diversification;3;9a94f70ef5e3;move;;;30;40;;;;;;;;;;True;False;False;True;;ok;16633.331334670514;15385.692569070849;15385.692569070849;15063.95113438712;636;15063.95113438712;6098.8461;1247.638765599666;Evaluated;9.0573;2.4253;64;True;2;duplicate_for_same_parent_sequence
92;3;42;9;diversification;3;9a94f70ef5e3;move;;;35;28;;;;;;;;;;True;False;False;False;;ok;15381.168680530127;15385.692569070849;15385.692569070849;15063.95113438712;637;15063.95113438712;6110.0193;-4.5238885407216;EvaluatedImprovementDespiteDiversificationMismatch;8.9418;2.2307;64;True;2;duplicate_for_same_parent_sequence
92;3;42;10;diversification;3;9a94f70ef5e3;swap;35;40;;;;;;;;;;;;True;False;False;False;;ok;15392.36208818365;15385.692569070849;15385.692569070849;15063.95113438712;638;15063.95113438712;6121.1358;6.669519112801936;Evaluated;8.8829;2.2309;64;True;2;duplicate_for_same_parent_sequence
92;3;42;;diversification;0;;;;;;;;;;;;;;;;;;;;;End-of-iteration summary row;;;15381.168680530127;15063.95113438712;638;15063.95113438712;6121.1533;;IterationSummary;;;;;;
93;3;43;1;normal;0;21cdc17c4474;move;;;10;5;;;;;;;;;;True;False;False;False;;ok;16700.328183662205;15381.168680530127;15381.168680530127;15063.95113438712;639;15063.95113438712;6129.1408;1319.1595031320776;Evaluated;5.5535;2.4269;64;True;1;
93;3;43;2;normal;0;21cdc17c4474;swap;20;25;;;;;;;;;;;;True;False;False;False;;ok;16836.23459744944;15381.168680530127;15381.168680530127;15063.95113438712;640;15063.95113438712;6136.5411;1455.0659169193113;Evaluated;4.9719;2.4258;64;True;1;
93;3;43;3;normal;0;21cdc17c4474;reinsert_block;;;;;;;35;40;28;;;;;True;False;False;False;;ok;16688.153081075645;15381.168680530127;15381.168680530127;15063.95113438712;641;15063.95113438712;6144.4391;1306.984400545518;Evaluated;5.466;2.4313;64;True;1;
93;3;43;4;normal;0;21cdc17c4474;move;;;50;28;;;;;;;;;;True;False;False;True;;ok;15944.66145604441;15381.168680530127;15381.168680530127;15063.95113438712;642;15063.95113438712;6152.1331;563.4927755142835;Evaluated;5.4606;2.2309;64;True;1;
93;3;43;5;normal;0;21cdc17c4474;move;;;25;10;;;;;;;;;;True;False;False;True;;ok;16687.540141587542;15381.168680530127;15381.168680530127;15063.95113438712;643;15063.95113438712;6159.6926;1306.3714610574152;Evaluated;5.1286;2.4278;64;True;1;
93;3;43;;normal;1;;;;;;;;;;;;;;;;;;;;;End-of-iteration summary row;;;15381.168680530127;15063.95113438712;643;15063.95113438712;6159.6966;;IterationSummary;;;;;;
94;3;44;1;normal;1;21cdc17c4474;move;;;8;2;;;;;;;;;;True;False;False;False;;ok;15659.905846528844;15381.168680530127;15381.168680530127;15063.95113438712;644;15063.95113438712;6170.8293;278.7371659987166;Evaluated;8.8897;2.2281;64;True;2;duplicate_for_same_parent_sequence
94;3;44;2;normal;1;21cdc17c4474;swap;18;22;;;;;;;;;;;;True;False;False;False;;ok;16682.38666196615;15381.168680530127;15381.168680530127;15063.95113438712;645;15063.95113438712;6181.7533;1301.2179814360225;Evaluated;8.4971;2.4254;64;True;2;duplicate_for_same_parent_sequence
94;3;44;3;normal;1;21cdc17c4474;move;;;35;10;;;;;;;;;;True;False;False;True;;ok;17436.35774501473;15381.168680530127;15381.168680530127;15063.95113438712;646;15063.95113438712;6193.5087;2055.1890644846044;Evaluated;9.3219;2.431;64;True;2;duplicate_for_same_parent_sequence
94;3;44;4;normal;1;21cdc17c4474;move;;;50;48;;;;;;;;;;True;False;False;False;;ok;15385.692569070849;15381.168680530127;15381.168680530127;15063.95113438712;647;15063.95113438712;6200.9006;4.5238885407216;Evaluated;5.1625;2.2269;64;True;1;
94;3;44;5;normal;1;21cdc17c4474;move;;;30;45;;;;;;;;;;True;False;False;True;;ok;16607.48696143802;15381.168680530127;15381.168680530127;15063.95113438712;648;15063.95113438712;6211.9276;1226.3182809078917;Evaluated;8.5741;2.4503;64;True;2;duplicate_for_same_parent_sequence
94;3;44;;normal;2;;;;;;;;;;;;;;;;;;;;;End-of-iteration summary row;;;15381.168680530127;15063.95113438712;648;15063.95113438712;6211.9306;;IterationSummary;;;;;;
95;3;45;1;normal;2;21cdc17c4474;move;;;8;3;;;;;;;;;;True;False;False;False;;ok;17126.74032217514;15381.168680530127;15381.168680530127;15063.95113438712;649;15063.95113438712;6223.6273;1745.571641645014;Evaluated;9.2576;2.4293;64;True;2;duplicate_for_same_parent_sequence
95;3;45;2;normal;2;21cdc17c4474;swap;18;30;;;;;;;;;;;;True;False;False;True;;ok;18166.28851813476;15381.168680530127;15381.168680530127;15063.95113438712;650;15063.95113438712;6235.1205;2785.1198376046323;Evaluated;8.8575;2.6321;64;True;2;duplicate_for_same_parent_sequence
95;3;45;3;normal;2;21cdc17c4474;move;;;36;29;;;;;;;;;;True;False;False;False;;ok;17053.883731960417;15381.168680530127;15381.168680530127;15063.95113438712;651;15063.95113438712;6246.5826;1672.7150514302903;Evaluated;9.0277;2.4317;64;True;2;duplicate_for_same_parent_sequence
95;3;45;4;normal;2;21cdc17c4474;move;;;45;30;;;;;;;;;;True;False;False;True;;ok;17395.458117951093;15381.168680530127;15381.168680530127;15063.95113438712;652;15063.95113438712;6257.682;2014.2894374209664;Evaluated;8.6645;2.432;64;True;2;duplicate_for_same_parent_sequence
95;3;45;5;normal;2;21cdc17c4474;move;;;30;15;;;;;;;;;;True;False;False;True;;ok;17601.150620750246;15381.168680530127;15381.168680530127;15063.95113438712;653;15063.95113438712;6268.8205;2219.981940220119;Evaluated;8.7068;2.4309;64;True;2;duplicate_for_same_parent_sequence
95;3;45;;normal;3;;;;;;;;;;;;;;;;;;;;;End-of-iteration summary row;;;15381.168680530127;15063.95113438712;653;15063.95113438712;6268.8239;;IterationSummary;;;;;;
96;3;46;1;diversification;3;21cdc17c4474;move;;;30;15;;;;;;;;;;False;True;False;;;ok;;15381.168680530127;15381.168680530127;15063.95113438712;653;15063.95113438712;6281.6877;;DuplicateForSameParentSequenceAfterRetries;12.8532;;;;3;duplicate_for_same_parent_sequence
96;3;46;2;diversification;3;21cdc17c4474;reinsert_block;;;;;;;18;24;35;;;;;True;False;False;True;;ok;16455.542972444004;15381.168680530127;15381.168680530127;15063.95113438712;654;15063.95113438712;6289.6024;1074.3742919138767;Evaluated;5.4885;2.4252;64;True;1;
96;3;46;3;diversification;3;21cdc17c4474;swap;32;47;;;;;;;;;;;;True;False;False;True;;ok;16849.631064291447;15381.168680530127;15381.168680530127;15063.95113438712;655;15063.95113438712;6297.5205;1468.4623837613199;Evaluated;5.4822;2.4351;64;True;1;
96;3;46;4;diversification;3;21cdc17c4474;move;;;50;3;;;;;;;;;;True;False;False;True;;ok;17126.74032217514;15381.168680530127;15381.168680530127;15063.95113438712;656;15063.95113438712;6305.1956;1745.571641645014;Evaluated;5.2467;2.4258;64;True;1;
96;3;46;5;diversification;3;21cdc17c4474;move;;;40;15;;;;;;;;;;True;False;False;True;;ok;15497.605111709394;15381.168680530127;15381.168680530127;15063.95113438712;657;15063.95113438712;6312.6978;116.43643117926695;Evaluated;5.2758;2.2252;64;True;1;
96;3;46;6;diversification;3;21cdc17c4474;move;;;25;35;;;;;;;;;;True;False;False;True;;ok;16400.015306670797;15381.168680530127;15381.168680530127;15063.95113438712;658;15063.95113438712;6323.8704;1018.8466261406702;Evaluated;8.7362;2.4333;64;True;2;duplicate_for_same_parent_sequence
96;3;46;7;diversification;3;21cdc17c4474;move;;;40;18;;;;;;;;;;True;False;False;True;;ok;15398.784683198397;15381.168680530127;15381.168680530127;15063.95113438712;659;15063.95113438712;6338.0387;17.616002668270085;Evaluated;11.9411;2.2243;64;True;3;duplicate_for_same_parent_sequence
96;3;46;8;diversification;3;21cdc17c4474;move;;;20;35;;;;;;;;;;True;False;False;True;;ok;17149.3984514659;15381.168680530127;15381.168680530127;15063.95113438712;660;15063.95113438712;6345.6741;1768.2297709357717;Evaluated;5.2027;2.4296;64;True;1;
96;3;46;9;diversification;3;21cdc17c4474;move;;;28;35;;;;;;;;;;True;False;False;False;;ok;15385.692569070849;15381.168680530127;15381.168680530127;15063.95113438712;661;15063.95113438712;6353.0857;4.5238885407216;Evaluated;5.1812;2.2278;64;True;1;
96;3;46;10;diversification;3;21cdc17c4474;move;;;32;28;;;;;;;;;;True;False;False;False;;ok;15407.723488182219;15381.168680530127;15381.168680530127;15063.95113438712;662;15063.95113438712;6364.0554;26.554807652091768;Evaluated;8.7389;2.2282;64;True;2;duplicate_for_same_parent_sequence
96;3;46;;diversification;4;;;;;;;;;;;;;;;;;;;;;End-of-iteration summary row;;;15381.168680530127;15063.95113438712;662;15063.95113438712;6364.0586;;IterationSummary;;;;;;
97;3;47;1;diversification;4;21cdc17c4474;move;;;10;25;;;;;;;;;;True;False;False;True;;ok;17091.529088645526;15381.168680530127;15381.168680530127;15063.95113438712;663;15063.95113438712;6372.2417;1710.360408115399;Evaluated;5.7464;2.4278;64;True;1;
97;3;47;2;diversification;4;21cdc17c4474;reinsert_block;;;;;;;20;25;35;;;;;True;False;False;True;;ok;17509.360930423434;15381.168680530127;15381.168680530127;15063.95113438712;664;15063.95113438712;6380.5107;2128.1922498933072;Evaluated;5.8422;2.4237;64;True;1;
97;3;47;3;diversification;4;21cdc17c4474;swap;35;40;;;;;;;;;;;;True;False;False;False;;ok;16653.779387987477;15381.168680530127;15381.168680530127;15063.95113438712;665;15063.95113438712;6391.6404;1272.6107074573501;Evaluated;8.7002;2.4288;64;True;2;duplicate_for_same_parent_sequence
97;3;47;4;diversification;4;21cdc17c4474;move;;;49;30;;;;;;;;;;True;False;False;True;;ok;16794.633563952266;15381.168680530127;15381.168680530127;15063.95113438712;666;15063.95113438712;6402.7992;1413.4648834221389;Evaluated;8.7249;2.4323;64;True;2;duplicate_for_same_parent_sequence
97;3;47;5;diversification;4;21cdc17c4474;move;;;35;48;;;;;;;;;;True;False;False;True;;ok;15971.778037087572;15381.168680530127;15381.168680530127;15063.95113438712;667;15063.95113438712;6413.8015;590.6093565574447;Evaluated;8.7656;2.2337;64;True;2;duplicate_for_same_parent_sequence
97;3;47;6;diversification;4;21cdc17c4474;move;;;45;20;;;;;;;;;;True;False;False;True;;ok;17825.550756930916;15381.168680530127;15381.168680530127;15063.95113438712;668;15063.95113438712;6421.4546;2444.3820764007887;Evaluated;5.2176;2.4326;64;True;1;
97;3;47;7;diversification;4;21cdc17c4474;move;;;10;40;;;;;;;;;;True;False;False;True;;ok;16638.967010580025;15381.168680530127;15381.168680530127;15063.95113438712;669;15063.95113438712;6432.2362;1257.7983300498981;Evaluated;8.3553;2.4229;64;True;2;duplicate_for_same_parent_sequence
97;3;47;8;diversification;4;21cdc17c4474;move;;;25;30;;;;;;;;;;True;False;False;False;;ok;15485.307543308509;15381.168680530127;15381.168680530127;15063.95113438712;670;15063.95113438712;6439.652;104.13886277838174;Evaluated;5.1803;2.2328;64;True;1;
97;3;47;9;diversification;4;21cdc17c4474;move;;;18;40;;;;;;;;;;True;False;False;True;;ok;16557.916259037076;15381.168680530127;15381.168680530127;15063.95113438712;671;15063.95113438712;6450.6197;1176.7475785069491;Evaluated;8.5376;2.4273;64;True;2;duplicate_for_same_parent_sequence
97;3;47;10;diversification;4;21cdc17c4474;move;;;45;28;;;;;;;;;;True;False;False;True;;ok;15798.974651152623;15381.168680530127;15381.168680530127;15063.95113438712;672;15063.95113438712;6458.1797;417.8059706224958;Evaluated;5.3311;2.226;64;True;1;
97;3;47;;diversification;5;;;;;;;;;;;;;;;;;;;;;End-of-iteration summary row;;;15381.168680530127;15063.95113438712;672;15063.95113438712;6458.1825;;IterationSummary;;;;;;
98;3;48;1;diversification;5;21cdc17c4474;move;;;8;20;;;;;;;;;;True;False;False;True;;ok;17159.50434389178;15381.168680530127;15381.168680530127;15063.95113438712;673;15063.95113438712;6466.2094;1778.3356633616513;Evaluated;5.5822;2.4287;64;True;1;
98;3;48;2;diversification;5;21cdc17c4474;move;;;18;25;;;;;;;;;;True;False;False;False;;ok;16786.055796383698;15381.168680530127;15381.168680530127;15063.95113438712;674;15063.95113438712;6477.5983;1404.8871158535712;Evaluated;8.9539;2.4324;64;True;2;duplicate_for_same_parent_sequence
98;3;48;3;diversification;5;21cdc17c4474;swap;35;42;;;;;;;;;;;;True;False;False;False;;ok;15934.641522940634;15381.168680530127;15381.168680530127;15063.95113438712;675;15063.95113438712;6485.0398;553.4728424105069;Evaluated;5.2133;2.2252;64;True;1;
98;3;48;4;diversification;5;21cdc17c4474;move;;;60;52;;;;;;;;;;True;False;False;False;;ok;15767.366514873751;15381.168680530127;15381.168680530127;15063.95113438712;676;15063.95113438712;6495.9973;386.197834343624;Evaluated;8.7265;2.2281;64;True;2;duplicate_for_same_parent_sequence
98;3;48;5;diversification;5;21cdc17c4474;move;;;8;15;;;;;;;;;;True;False;False;False;;ok;16835.811221576034;15381.168680530127;15381.168680530127;15063.95113438712;677;15063.95113438712;6507.1601;1454.642541045907;Evaluated;8.7329;2.4273;64;True;2;duplicate_for_same_parent_sequence
98;3;48;6;diversification;5;21cdc17c4474;move;;;50;20;;;;;;;;;;True;False;False;True;;ok;16933.399000221507;15381.168680530127;15381.168680530127;15063.95113438712;678;15063.95113438712;6514.9673;1552.23031969138;Evaluated;5.3747;2.4299;64;True;1;
98;3;48;7;diversification;5;21cdc17c4474;move;;;15;30;;;;;;;;;;True;False;False;True;;ok;15807.429337533995;15381.168680530127;15381.168680530127;15063.95113438712;679;15063.95113438712;6522.3627;426.2606570038679;Evaluated;5.166;2.2266;64;True;1;
98;3;48;8;diversification;5;21cdc17c4474;move;;;15;8;;;;;;;;;;True;False;False;False;;ok;15382.007615293305;15381.168680530127;15381.168680530127;15063.95113438712;680;15063.95113438712;6533.3725;0.8389347631782584;Evaluated;8.7825;2.2248;64;True;2;duplicate_for_same_parent_sequence
98;3;48;9;diversification;5;21cdc17c4474;move;;;30;20;;;;;;;;;;True;False;False;True;;ok;17822.92590461344;15381.168680530127;15381.168680530127;15063.95113438712;681;15063.95113438712;6547.9982;2441.7572240833124;Evaluated;12.1975;2.4274;64;True;3;duplicate_for_same_parent_sequence
98;3;48;10;diversification;5;21cdc17c4474;swap;40;45;;;;;;;;;;;;True;False;False;False;;ok;16955.345342909175;15381.168680530127;15381.168680530127;15063.95113438712;682;15063.95113438712;6559.1919;1574.1766623790481;Evaluated;8.7557;2.4354;64;True;2;duplicate_for_same_parent_sequence
98;3;48;;diversification;6;;;;;;;;;;;;;;;;;;;;;End-of-iteration summary row;;;15381.168680530127;15063.95113438712;682;15063.95113438712;6559.1952;;IterationSummary;;;;;;
99;3;49;1;diversification;6;21cdc17c4474;move;;;5;20;;;;;;;;;;True;False;False;True;;ok;16944.91141131524;15381.168680530127;15381.168680530127;15063.95113438712;683;15063.95113438712;6567.1984;1563.7427307851121;Evaluated;5.5593;2.4315;64;True;1;
99;3;49;2;diversification;6;21cdc17c4474;reinsert_block;;;;;;;18;25;40;;;;;True;False;False;True;;ok;16177.611257384004;15381.168680530127;15381.168680530127;15063.95113438712;684;15063.95113438712;6575.1268;796.4425768538767;Evaluated;5.498;2.4276;64;True;1;
99;3;49;3;diversification;6;21cdc17c4474;move;;;35;18;;;;;;;;;;True;False;False;True;;ok;16780.507435830958;15381.168680530127;15381.168680530127;15063.95113438712;685;15063.95113438712;6586.1763;1399.3387553008306;Evaluated;8.62;2.4269;64;True;2;duplicate_for_same_parent_sequence
99;3;49;4;diversification;6;21cdc17c4474;move;;;50;28;;;;;;;;;;False;True;True;;;ok;;15381.168680530127;15381.168680530127;15063.95113438712;685;15063.95113438712;6598.1057;;DuplicateForSameParentSequenceAfterRetries;11.9264;;;;3;duplicate_for_same_parent_sequence
99;3;49;5;diversification;6;21cdc17c4474;move;;;35;20;;;;;;;;;;True;False;False;True;;ok;17063.69131929938;15381.168680530127;15381.168680530127;15063.95113438712;686;15063.95113438712;6609.5397;1682.5226387692546;Evaluated;9.0023;2.4307;64;True;2;duplicate_for_same_parent_sequence
99;3;49;6;diversification;6;21cdc17c4474;move;;;40;32;;;;;;;;;;True;False;False;False;;ok;15467.131441021611;15381.168680530127;15381.168680530127;15063.95113438712;687;15063.95113438712;6616.9455;85.962760491484;Evaluated;5.1789;2.2227;64;True;1;
99;3;49;7;diversification;6;21cdc17c4474;swap;20;30;;;;;;;;;;;;True;False;False;False;;ok;15381.168680530127;15381.168680530127;15381.168680530127;15063.95113438712;688;15063.95113438712;6631.3332;0.0;Evaluated;12.1549;2.2321;64;True;3;duplicate_for_same_parent_sequence
99;3;49;8;diversification;6;21cdc17c4474;move;;;25;10;;;;;;;;;;False;True;False;;;ok;;15381.168680530127;15381.168680530127;15063.95113438712;688;15063.95113438712;6643.5043;;DuplicateForSameParentSequenceAfterRetries;12.1679;;;;3;duplicate_for_same_parent_sequence
99;3;49;9;diversification;6;21cdc17c4474;move;;;25;10;;;;;;;;;;False;True;False;;;ok;;15381.168680530127;15381.168680530127;15063.95113438712;688;15063.95113438712;6655.6803;;DuplicateForSameParentSequenceAfterRetries;12.1751;;;;3;duplicate_for_same_parent_sequence
99;3;49;10;diversification;6;21cdc17c4474;swap;45;50;;;;;;;;;;;;True;False;False;False;;ok;15381.915320300148;15381.168680530127;15381.168680530127;15063.95113438712;689;15063.95113438712;6670.3105;0.74663977002092;Evaluated;12.4039;2.2254;64;True;3;duplicate_for_same_parent_sequence
99;3;49;;diversification;7;;;;;;;;;;;;;;;;;;;;;End-of-iteration summary row;;;15381.168680530127;15063.95113438712;689;15063.95113438712;6670.314;;IterationSummary;;;;;;
100;3;50;1;diversification;7;21cdc17c4474;move;;;18;2;;;;;;;;;;True;False;False;True;;ok;16782.982825416257;15381.168680530127;15381.168680530127;15063.95113438712;690;15063.95113438712;6678.3435;1401.8141448861297;Evaluated;5.5911;2.4275;64;True;1;
100;3;50;2;diversification;7;21cdc17c4474;reinsert_block;;;;;;;22;30;45;;;;;True;False;False;True;;ok;16221.387045514668;15381.168680530127;15381.168680530127;15063.95113438712;691;15063.95113438712;6689.8589;840.218364984541;Evaluated;9.0878;2.4249;64;True;2;duplicate_for_same_parent_sequence
100;3;50;3;diversification;7;21cdc17c4474;swap;38;47;;;;;;;;;;;;True;False;False;False;;ok;16176.012726490922;15381.168680530127;15381.168680530127;15063.95113438712;692;15063.95113438712;6701.2469;794.8440459607955;Evaluated;8.9549;2.4305;64;True;2;duplicate_for_same_parent_sequence
100;3;50;4;diversification;7;21cdc17c4474;move;;;52;15;;;;;;;;;;True;False;False;True;;ok;17198.87566107596;15381.168680530127;15381.168680530127;15063.95113438712;693;15063.95113438712;6715.8602;1817.7069805458323;Evaluated;12.1823;2.4282;64;True;3;duplicate_for_same_parent_sequence
100;3;50;5;diversification;7;21cdc17c4474;move;;;28;36;;;;;;;;;;True;False;False;False;;ok;15395.195202960944;15381.168680530127;15381.168680530127;15063.95113438712;694;15063.95113438712;6730.6931;14.02652243081684;Evaluated;12.6045;2.2249;64;True;3;duplicate_for_same_parent_sequence
100;3;50;6;diversification;7;21cdc17c4474;move;;;36;15;;;;;;;;;;True;False;False;True;;ok;17555.440929393873;15381.168680530127;15381.168680530127;15063.95113438712;695;15063.95113438712;6741.9015;2174.2722488637464;Evaluated;8.7801;2.4255;64;True;2;duplicate_for_same_parent_sequence
100;3;50;7;diversification;7;21cdc17c4474;move;;;40;25;;;;;;;;;;True;False;False;True;;ok;15392.700342595856;15381.168680530127;15381.168680530127;15063.95113438712;696;15063.95113438712;6749.2924;11.531662065728597;Evaluated;5.1622;2.2256;64;True;1;
100;3;50;8;diversification;7;21cdc17c4474;swap;30;45;;;;;;;;;;;;True;False;False;True;;ok;15381.168680530127;15381.168680530127;15381.168680530127;15063.95113438712;697;15063.95113438712;6760.3043;0.0;Evaluated;8.7837;2.225;64;True;2;duplicate_for_same_parent_sequence
100;3;50;9;diversification;7;21cdc17c4474;swap;28;36;;;;;;;;;;;;True;False;False;False;;ok;17044.456474204824;15381.168680530127;15381.168680530127;15063.95113438712;698;15063.95113438712;6771.393;1663.2877936746972;Evaluated;8.6594;2.4264;64;True;2;duplicate_for_same_parent_sequence
100;3;50;10;diversification;7;21cdc17c4474;move;;;42;38;;;;;;;;;;True;False;False;False;;ok;15849.694033973186;15381.168680530127;15381.168680530127;15063.95113438712;699;15063.95113438712;6785.892;468.52535344305943;Evaluated;12.2715;2.2245;64;True;3;duplicate_for_same_parent_sequence
100;3;50;;diversification;8;;;;;;;;;;;;;;;;;;;;;End-of-iteration summary row;;;15381.168680530127;15063.95113438712;699;15063.95113438712;6785.8952;;IterationSummary;;;;;;
100;3;50;;;8;;;;;;;;;;;;;;;;;;;;;PartA | PartB | PartC | PartD | PartE | PartC | PartF | PartG | PartH | PartA | PartB | PartD | PartE | PartF | PartG | PartH | PartA | PartB | PartC | PartD | PartE | PartF | PartG | PartH | PartA | PartC | PartD | PartE | PartF | PartG | PartB | PartH | PartA | PartB | PartC | PartE | PartF | PartG | PartH | PartB | PartC | PartD | PartE | PartF | PartG | PartH | PartA | PartA | PartD | PartD | PartB | PartG | PartE | PartF | PartG | PartH | PartA | PartB | PartC | PartD | PartE | PartF | PartC | PartH;;;15381.168680530127;15063.95113438712;699;15063.95113438712;6785.9003;;FinalGlobalBestSequence;;;;;;
