iteration;restart_id;iteration_in_restart;candidate_in_iteration;search_mode;no_improvement_count_before_iteration;parent_sequence_signature;action;swap_i;swap_j;move_from;move_to;reverse_start;reverse_end;reinsert_block_start;reinsert_block_end;reinsert_block_to;swap_blocks_start1;swap_blocks_end1;swap_blocks_start2;swap_blocks_end2;valid;duplicate_for_same_parent_sequence;recently_rejected_for_same_parent_sequence;diversification_compatible;parse_error;validation_message;resulting_makespan;best_makespan_before;best_makespan_after;global_best_makespan_after;completed_simulations;actual_global_best_makespan;elapsed_optimization_time_sec;delta_vs_best_before;status;llm_time_sec;simulation_time_sec;exited_parts;completion_valid;llm_attempts;retry_reason
1;1;1;1;normal;0;0f63cf6f404e;move;;;10;5;;;;;;;;;;True;False;False;False;;ok;15624.28520901457;16641.404845676683;16641.404845676683;16641.404845676683;2;16641.404845676683;7.4423;-1017.1196366621134;Evaluated;5.1799;2.2541;64;True;1;
1;1;1;2;normal;0;0f63cf6f404e;swap;20;21;;;;;;;;;;;;True;False;False;False;;ok;16629.23952903216;16641.404845676683;16641.404845676683;16641.404845676683;3;16641.404845676683;14.6518;-12.165316644524864;Evaluated;4.7295;2.477;64;True;1;
1;1;1;3;normal;0;0f63cf6f404e;reinsert_block;;;;;;;32;40;16;;;;;True;False;False;True;;ok;16298.825894167576;16641.404845676683;16641.404845676683;16641.404845676683;4;16641.404845676683;22.1656;-342.57895150910736;Evaluated;5.2313;2.279;64;True;1;
1;1;1;4;normal;0;0f63cf6f404e;move;;;50;52;;;;;;;;;;True;False;False;False;;ok;16180.658573072104;16641.404845676683;16641.404845676683;16641.404845676683;5;16641.404845676683;29.2608;-460.74627260457964;Evaluated;4.8163;2.2761;64;True;1;
1;1;1;5;normal;0;0f63cf6f404e;move;;;8;16;;;;;;;;;;True;False;False;False;;ok;16701.622490791764;16641.404845676683;16641.404845676683;16641.404845676683;6;16641.404845676683;36.5516;60.21764511508081;Evaluated;4.8403;2.4468;64;True;1;
1;1;1;;normal;0;;;;;;;;;;;;;;;;;;;;;End-of-iteration summary row;;;15624.28520901457;15624.28520901457;6;15624.28520901457;36.5687;;IterationSummary;;;;;;
2;1;2;1;normal;0;457c4bc75f95;move;;;10;5;;;;;;;;;;True;False;False;False;;ok;18200.878935664194;15624.28520901457;15624.28520901457;15624.28520901457;7;15624.28520901457;44.5951;2576.593726649624;Evaluated;5.534;2.486;64;True;1;
2;1;2;2;normal;0;457c4bc75f95;swap;25;26;;;;;;;;;;;;True;False;False;False;;ok;15624.28520901457;15624.28520901457;15624.28520901457;15624.28520901457;8;15624.28520901457;52.1445;0.0;Evaluated;5.2878;2.2587;64;True;1;
2;1;2;3;normal;0;457c4bc75f95;reinsert_block;;;;;;;35;40;16;;;;;True;False;False;True;;ok;17708.93965304319;15624.28520901457;15624.28520901457;15624.28520901457;9;15624.28520901457;60.3637;2084.6544440286216;Evaluated;5.7384;2.4777;64;True;1;
2;1;2;4;normal;0;457c4bc75f95;move;;;50;60;;;;;;;;;;True;False;False;True;;ok;15651.931550414987;15624.28520901457;15624.28520901457;15624.28520901457;10;15624.28520901457;67.9404;27.64634140041744;Evaluated;5.3298;2.2438;64;True;1;
2;1;2;5;normal;0;457c4bc75f95;move;;;24;36;;;;;;;;;;True;False;False;True;;ok;15911.628950963572;15624.28520901457;15624.28520901457;15624.28520901457;11;15624.28520901457;75.2917;287.3437419490019;Evaluated;5.1014;2.2467;64;True;1;
2;1;2;;normal;1;;;;;;;;;;;;;;;;;;;;;End-of-iteration summary row;;;15624.28520901457;15624.28520901457;11;15624.28520901457;75.2924;;IterationSummary;;;;;;
3;1;3;1;normal;1;457c4bc75f95;move;;;5;10;;;;;;;;;;True;False;False;False;;ok;16641.404845676683;15624.28520901457;15624.28520901457;15624.28520901457;12;15624.28520901457;83.1625;1017.1196366621134;Evaluated;5.396;2.4673;64;True;1;
3;1;3;2;normal;1;457c4bc75f95;swap;18;20;;;;;;;;;;;;True;False;False;False;;ok;17126.839559399566;15624.28520901457;15624.28520901457;15624.28520901457;13;15624.28520901457;91.1101;1502.5543503849967;Evaluated;5.4906;2.4538;64;True;1;
3;1;3;3;normal;1;457c4bc75f95;move;;;28;17;;;;;;;;;;True;False;False;True;;ok;17860.950760608794;15624.28520901457;15624.28520901457;15624.28520901457;14;15624.28520901457;102.5526;2236.665551594224;Evaluated;8.97;2.4696;64;True;2;duplicate_for_same_parent_sequence
3;1;3;4;normal;1;457c4bc75f95;move;;;50;48;;;;;;;;;;True;False;False;False;;ok;15636.61505467081;15624.28520901457;15624.28520901457;15624.28520901457;15;15624.28520901457;109.9351;12.32984565624065;Evaluated;5.1178;2.2621;64;True;1;
3;1;3;5;normal;1;457c4bc75f95;move;;;20;15;;;;;;;;;;True;False;False;False;;ok;17140.394312563836;15624.28520901457;15624.28520901457;15624.28520901457;16;15624.28520901457;117.5316;1516.1091035492664;Evaluated;5.109;2.4853;64;True;1;
3;1;3;;normal;2;;;;;;;;;;;;;;;;;;;;;End-of-iteration summary row;;;15624.28520901457;15624.28520901457;16;15624.28520901457;117.5324;;IterationSummary;;;;;;
4;1;4;1;normal;2;457c4bc75f95;move;;;8;3;;;;;;;;;;True;False;False;False;;ok;17906.989734677136;15624.28520901457;15624.28520901457;15624.28520901457;17;15624.28520901457;128.6582;2282.704525662566;Evaluated;8.6558;2.4647;64;True;2;duplicate_for_same_parent_sequence
4;1;4;2;normal;2;457c4bc75f95;swap;20;25;;;;;;;;;;;;True;False;False;False;;ok;17738.989345089994;15624.28520901457;15624.28520901457;15624.28520901457;18;15624.28520901457;136.566;2114.7041360754247;Evaluated;5.4345;2.4702;64;True;1;
4;1;4;3;normal;2;457c4bc75f95;reinsert_block;;;;;;;35;40;28;;;;;True;False;False;False;;ok;16736.747719102947;15624.28520901457;15624.28520901457;15624.28520901457;19;15624.28520901457;144.6485;1112.4625100883768;Evaluated;5.5902;2.4895;64;True;1;
4;1;4;4;normal;2;457c4bc75f95;move;;;48;50;;;;;;;;;;True;False;False;False;;ok;15648.862618316845;15624.28520901457;15624.28520901457;15624.28520901457;20;15624.28520901457;155.5279;24.577409302275555;Evaluated;8.6286;2.2482;64;True;2;duplicate_for_same_parent_sequence
4;1;4;5;normal;2;457c4bc75f95;swap;3;7;;;;;;;;;;;;True;False;False;False;;ok;17191.21856369582;15624.28520901457;15624.28520901457;15624.28520901457;21;15624.28520901457;170.0523;1566.9333546812504;Evaluated;12.0148;2.507;64;True;3;duplicate_for_same_parent_sequence
4;1;4;;normal;3;;;;;;;;;;;;;;;;;;;;;End-of-iteration summary row;;;15624.28520901457;15624.28520901457;21;15624.28520901457;170.0546;;IterationSummary;;;;;;
5;1;5;1;diversification;3;457c4bc75f95;move;;;15;20;;;;;;;;;;True;False;False;False;;ok;15667.614776166676;15624.28520901457;15624.28520901457;15624.28520901457;22;15624.28520901457;185.0653;43.32956715210639;Evaluated;12.7291;2.2682;64;True;3;duplicate_for_same_parent_sequence
5;1;5;2;diversification;3;457c4bc75f95;reinsert_block;;;;;;;25;30;17;;;;;True;False;False;True;;ok;16525.634069734886;15624.28520901457;15624.28520901457;15624.28520901457;23;15624.28520901457;193.0695;901.3488607203162;Evaluated;5.5411;2.4606;64;True;1;
5;1;5;3;diversification;3;457c4bc75f95;swap;35;42;;;;;;;;;;;;True;False;False;False;;ok;15925.0201051724;15624.28520901457;15624.28520901457;15624.28520901457;24;15624.28520901457;200.5488;300.73489615783;Evaluated;5.2161;2.2611;64;True;1;
5;1;5;4;diversification;3;457c4bc75f95;move;;;52;49;;;;;;;;;;True;False;False;False;;ok;16268.9701300558;15624.28520901457;15624.28520901457;15624.28520901457;25;15624.28520901457;211.5247;644.6849210412311;Evaluated;8.6942;2.2791;64;True;2;duplicate_for_same_parent_sequence
5;1;5;5;diversification;3;457c4bc75f95;move;;;2;10;;;;;;;;;;True;False;False;False;;ok;18503.895049512535;15624.28520901457;15624.28520901457;15624.28520901457;26;15624.28520901457;219.2973;2879.6098404979657;Evaluated;5.271;2.499;64;True;1;
5;1;5;6;diversification;3;457c4bc75f95;move;;;40;35;;;;;;;;;;True;False;False;False;;ok;15638.408141496922;15624.28520901457;15624.28520901457;15624.28520901457;27;15624.28520901457;226.7585;14.122932482352553;Evaluated;5.1732;2.2854;64;True;1;
5;1;5;7;diversification;3;457c4bc75f95;move;;;30;40;;;;;;;;;;True;False;False;True;;ok;16634.93229928674;15624.28520901457;15624.28520901457;15624.28520901457;28;15624.28520901457;238.1135;1010.6470902721685;Evaluated;8.8846;2.4677;64;True;2;duplicate_for_same_parent_sequence
5;1;5;8;diversification;3;457c4bc75f95;swap;8;15;;;;;;;;;;;;True;False;False;False;;ok;15624.28520901457;15624.28520901457;15624.28520901457;15624.28520901457;29;15624.28520901457;245.623;0.0;Evaluated;5.2423;2.2642;64;True;1;
5;1;5;9;diversification;3;457c4bc75f95;move;;;28;35;;;;;;;;;;True;False;False;False;;ok;16567.236971085855;15624.28520901457;15624.28520901457;15624.28520901457;30;15624.28520901457;253.5324;942.951762071285;Evaluated;5.4503;2.4563;64;True;1;
5;1;5;10;diversification;3;457c4bc75f95;move;;;42;50;;;;;;;;;;True;False;False;False;;ok;15995.24942404861;15624.28520901457;15624.28520901457;15624.28520901457;31;15624.28520901457;261.1207;370.96421503404054;Evaluated;5.3176;2.2679;64;True;1;
5;1;5;;diversification;4;;;;;;;;;;;;;;;;;;;;;End-of-iteration summary row;;;15624.28520901457;15624.28520901457;31;15624.28520901457;261.1241;;IterationSummary;;;;;;
6;1;6;1;diversification;4;457c4bc75f95;move;;;10;25;;;;;;;;;;True;False;False;True;;ok;17311.952966438275;15624.28520901457;15624.28520901457;15624.28520901457;32;15624.28520901457;269.1689;1687.6677574237056;Evaluated;5.5615;2.4714;64;True;1;
6;1;6;2;diversification;4;457c4bc75f95;reinsert_block;;;;;;;18;23;5;;;;;True;False;False;True;;ok;18297.193595522698;15624.28520901457;15624.28520901457;15624.28520901457;33;15624.28520901457;277.2005;2672.9083865081284;Evaluated;5.5398;2.4904;64;True;1;
6;1;6;3;diversification;4;457c4bc75f95;move;;;38;30;;;;;;;;;;True;False;False;False;;ok;17632.68401928184;15624.28520901457;15624.28520901457;15624.28520901457;34;15624.28520901457;288.6219;2008.398810267272;Evaluated;8.9527;2.4646;64;True;2;duplicate_for_same_parent_sequence
6;1;6;4;diversification;4;457c4bc75f95;move;;;32;50;;;;;;;;;;True;False;False;True;;ok;15627.734594679472;15624.28520901457;15624.28520901457;15624.28520901457;35;15624.28520901457;299.7202;3.4493856649023655;Evaluated;8.8432;2.2521;64;True;2;duplicate_for_same_parent_sequence
6;1;6;5;diversification;4;457c4bc75f95;move;;;30;45;;;;;;;;;;True;False;False;True;;ok;16630.602932210226;15624.28520901457;15624.28520901457;15624.28520901457;36;15624.28520901457;311.0337;1006.3177231956561;Evaluated;8.8799;2.433;64;True;2;duplicate_for_same_parent_sequence
6;1;6;6;diversification;4;457c4bc75f95;move;;;10;15;;;;;;;;;;True;False;False;False;;ok;17743.020069508693;15624.28520901457;15624.28520901457;15624.28520901457;37;15624.28520901457;322.7632;2118.7348604941235;Evaluated;9.2682;2.4606;64;True;2;duplicate_for_same_parent_sequence
6;1;6;7;diversification;4;457c4bc75f95;move;;;4;20;;;;;;;;;;True;False;False;True;;ok;17847.179457519935;15624.28520901457;15624.28520901457;15624.28520901457;38;15624.28520901457;333.8333;2222.894248505365;Evaluated;8.5997;2.4679;64;True;2;duplicate_for_same_parent_sequence
6;1;6;8;diversification;4;457c4bc75f95;move;;;17;25;;;;;;;;;;True;False;False;False;;ok;17309.53621365242;15624.28520901457;15624.28520901457;15624.28520901457;39;15624.28520901457;341.5289;1685.2510046378502;Evaluated;5.2028;2.4922;64;True;1;
6;1;6;9;diversification;4;457c4bc75f95;move;;;25;30;;;;;;;;;;True;False;False;False;;ok;15624.461469062106;15624.28520901457;15624.28520901457;15624.28520901457;40;15624.28520901457;349.1683;0.17626004753583402;Evaluated;5.3576;2.2788;64;True;1;
6;1;6;10;diversification;4;457c4bc75f95;move;;;45;50;;;;;;;;;;True;False;False;False;;ok;15711.108816942684;15624.28520901457;15624.28520901457;15624.28520901457;41;15624.28520901457;356.8885;86.82360792811414;Evaluated;5.4599;2.2576;64;True;1;
6;1;6;;diversification;5;;;;;;;;;;;;;;;;;;;;;End-of-iteration summary row;;;15624.28520901457;15624.28520901457;41;15624.28520901457;356.8912;;IterationSummary;;;;;;
7;1;7;1;diversification;5;457c4bc75f95;move;;;3;40;;;;;;;;;;True;False;False;True;;ok;18037.221760169316;15624.28520901457;15624.28520901457;15624.28520901457;42;15624.28520901457;368.6077;2412.9365511547458;Evaluated;9.226;2.4773;64;True;2;duplicate_for_same_parent_sequence
7;1;7;2;diversification;5;457c4bc75f95;reinsert_block;;;;;;;18;23;5;;;;;False;True;False;;;ok;;15624.28520901457;15624.28520901457;15624.28520901457;42;15624.28520901457;381.7063;;DuplicateForSameParentSequenceAfterRetries;13.0958;;;;3;duplicate_for_same_parent_sequence
7;1;7;3;diversification;5;457c4bc75f95;swap;35;40;;;;;;;;;;;;True;False;False;False;;ok;16452.511161583785;15624.28520901457;15624.28520901457;15624.28520901457;43;15624.28520901457;389.861;828.2259525692152;Evaluated;5.6717;2.4819;64;True;1;
7;1;7;4;diversification;5;457c4bc75f95;move;;;12;3;;;;;;;;;;True;False;False;False;;ok;17966.350211877503;15624.28520901457;15624.28520901457;15624.28520901457;44;15624.28520901457;401.2452;2342.0650028629334;Evaluated;8.9231;2.4587;64;True;2;duplicate_for_same_parent_sequence
7;1;7;5;diversification;5;457c4bc75f95;move;;;8;12;;;;;;;;;;True;False;False;False;;ok;15622.560282614113;15624.28520901457;15624.28520901457;15624.28520901457;45;15624.28520901457;408.8249;-1.7249264004567522;EvaluatedImprovementDespiteDiversificationMismatch;5.3197;2.2573;64;True;1;
7;1;7;6;diversification;5;457c4bc75f95;move;;;32;10;;;;;;;;;;True;False;False;True;;ok;17734.400733037543;15624.28520901457;15624.28520901457;15624.28520901457;46;15624.28520901457;423.2075;2110.1155240229727;Evaluated;11.9403;2.4396;64;True;3;duplicate_for_same_parent_sequence
7;1;7;7;diversification;5;457c4bc75f95;move;;;10;35;;;;;;;;;;True;False;False;True;;ok;16005.421810448694;15624.28520901457;15624.28520901457;15624.28520901457;47;15624.28520901457;430.6179;381.1366014341238;Evaluated;5.1611;2.2485;64;True;1;
7;1;7;8;diversification;5;457c4bc75f95;move;;;8;30;;;;;;;;;;True;False;False;True;;ok;15799.947549889106;15624.28520901457;15624.28520901457;15624.28520901457;48;15624.28520901457;441.7367;175.6623408745363;Evaluated;8.8596;2.2568;64;True;2;duplicate_for_same_parent_sequence
7;1;7;9;diversification;5;457c4bc75f95;move;;;18;5;;;;;;;;;;True;False;False;True;;ok;17794.519907615646;15624.28520901457;15624.28520901457;15624.28520901457;49;15624.28520901457;449.3828;2170.234698601076;Evaluated;5.2102;2.4352;64;True;1;
7;1;7;10;diversification;5;457c4bc75f95;move;;;35;40;;;;;;;;;;True;False;False;False;;ok;16450.48416430484;15624.28520901457;15624.28520901457;15624.28520901457;50;15624.28520901457;460.8339;826.1989552902687;Evaluated;8.9821;2.4683;64;True;2;duplicate_for_same_parent_sequence
7;1;7;;diversification;0;;;;;;;;;;;;;;;;;;;;;End-of-iteration summary row;;;15622.560282614113;15622.560282614113;50;15622.560282614113;460.8513;;IterationSummary;;;;;;
8;1;8;1;normal;0;d41e56ce06e4;move;;;5;10;;;;;;;;;;True;False;False;False;;ok;16793.100771827645;15622.560282614113;15622.560282614113;15622.560282614113;51;15622.560282614113;468.9735;1170.540489213532;Evaluated;5.6577;2.4583;64;True;1;
8;1;8;2;normal;0;d41e56ce06e4;swap;20;25;;;;;;;;;;;;True;False;False;False;;ok;15798.028646053515;15622.560282614113;15622.560282614113;15622.560282614113;52;15622.560282614113;476.6286;175.4683634394023;Evaluated;5.4048;2.2478;64;True;1;
8;1;8;3;normal;0;d41e56ce06e4;reinsert_block;;;;;;;35;42;10;;;;;True;False;False;True;;ok;15496.800938153252;15622.560282614113;15622.560282614113;15622.560282614113;53;15622.560282614113;484.3267;-125.75934446086103;Evaluated;5.4394;2.2561;64;True;1;
8;1;8;4;normal;0;d41e56ce06e4;move;;;50;48;;;;;;;;;;True;False;False;False;;ok;15643.912890538586;15622.560282614113;15622.560282614113;15622.560282614113;54;15622.560282614113;491.788;21.352607924472977;Evaluated;5.2159;2.2428;64;True;1;
8;1;8;5;normal;0;d41e56ce06e4;move;;;25;10;;;;;;;;;;True;False;False;True;;ok;18016.79476771062;15622.560282614113;15622.560282614113;15622.560282614113;55;15622.560282614113;499.3712;2394.2344850965073;Evaluated;5.1377;2.443;64;True;1;
8;1;8;;normal;0;;;;;;;;;;;;;;;;;;;;;End-of-iteration summary row;;;15496.800938153252;15496.800938153252;55;15496.800938153252;499.3862;;IterationSummary;;;;;;
9;1;9;1;normal;0;38ca0b9be622;move;;;10;5;;;;;;;;;;True;False;False;False;;ok;15699.046908405822;15496.800938153252;15496.800938153252;15496.800938153252;56;15496.800938153252;507.2132;202.24597025257026;Evaluated;5.5744;2.2433;64;True;1;
9;1;9;2;normal;0;38ca0b9be622;swap;16;20;;;;;;;;;;;;True;False;False;False;;ok;15693.065063766117;15496.800938153252;15496.800938153252;15496.800938153252;57;15496.800938153252;514.7291;196.26412561286452;Evaluated;5.2711;2.2418;64;True;1;
9;1;9;3;normal;0;38ca0b9be622;reinsert_block;;;;;;;35;42;10;;;;;True;False;False;True;;ok;15629.109170671956;15496.800938153252;15496.800938153252;15496.800938153252;58;15496.800938153252;522.8095;132.30823251870424;Evaluated;5.8371;2.2406;64;True;1;
9;1;9;4;normal;0;38ca0b9be622;move;;;50;48;;;;;;;;;;True;False;False;False;;ok;15460.664749439515;15496.800938153252;15496.800938153252;15496.800938153252;59;15496.800938153252;530.1846;-36.13618871373728;Evaluated;5.1185;2.2538;64;True;1;
9;1;9;5;normal;0;38ca0b9be622;move;;;30;15;;;;;;;;;;True;False;False;True;;ok;18533.308871044293;15496.800938153252;15496.800938153252;15496.800938153252;60;15496.800938153252;538.2257;3036.5079328910415;Evaluated;5.3677;2.6709;64;True;1;
9;1;9;;normal;0;;;;;;;;;;;;;;;;;;;;;End-of-iteration summary row;;;15460.664749439515;15460.664749439515;60;15460.664749439515;538.2424;;IterationSummary;;;;;;
10;1;10;1;normal;0;56ef9c57f468;move;;;8;5;;;;;;;;;;True;False;False;False;;ok;15635.243513048394;15460.664749439515;15460.664749439515;15460.664749439515;61;15460.664749439515;546.2261;174.57876360887894;Evaluated;5.726;2.2513;64;True;1;
10;1;10;2;normal;0;56ef9c57f468;swap;20;25;;;;;;;;;;;;True;False;False;False;;ok;16504.29523639402;15460.664749439515;15460.664749439515;15460.664749439515;62;15460.664749439515;553.5898;1043.6304869545056;Evaluated;4.925;2.4353;64;True;1;
10;1;10;3;normal;0;56ef9c57f468;reinsert_block;;;;;;;35;40;12;;;;;True;False;False;True;;ok;15975.095448854916;15460.664749439515;15460.664749439515;15460.664749439515;63;15460.664749439515;561.3215;514.4306994154013;Evaluated;5.2892;2.4396;64;True;1;
10;1;10;4;normal;0;56ef9c57f468;move;;;50;48;;;;;;;;;;True;False;False;False;;ok;15702.32611532327;15460.664749439515;15460.664749439515;15460.664749439515;64;15460.664749439515;568.7785;241.66136588375593;Evaluated;5.2116;2.243;64;True;1;
10;1;10;5;normal;0;56ef9c57f468;move;;;25;30;;;;;;;;;;True;False;False;False;;ok;16421.357257597472;15460.664749439515;15460.664749439515;15460.664749439515;65;15460.664749439515;576.3354;960.6925081579575;Evaluated;5.1241;2.4301;64;True;1;
10;1;10;;normal;1;;;;;;;;;;;;;;;;;;;;;End-of-iteration summary row;;;15460.664749439515;15460.664749439515;65;15460.664749439515;576.3386;;IterationSummary;;;;;;
11;1;11;1;normal;1;56ef9c57f468;move;;;10;5;;;;;;;;;;True;False;False;False;;ok;15689.930527187615;15460.664749439515;15460.664749439515;15460.664749439515;66;15460.664749439515;584.2749;229.26577774809994;Evaluated;5.6729;2.2491;64;True;1;
11;1;11;2;normal;1;56ef9c57f468;move;;;16;19;;;;;;;;;;True;False;False;False;;ok;15628.246173102918;15460.664749439515;15460.664749439515;15460.664749439515;67;15460.664749439515;595.1689;167.58142366340326;Evaluated;8.6589;2.2344;64;True;2;duplicate_for_same_parent_sequence
11;1;11;3;normal;1;56ef9c57f468;move;;;35;15;;;;;;;;;;True;False;False;True;;ok;16925.50589235811;15460.664749439515;15460.664749439515;15460.664749439515;68;15460.664749439515;606.7401;1464.8411429185944;Evaluated;9.1069;2.4615;64;True;2;duplicate_for_same_parent_sequence
11;1;11;4;normal;1;56ef9c57f468;move;;;48;50;;;;;;;;;;True;False;False;False;;ok;15496.800938153252;15460.664749439515;15460.664749439515;15460.664749439515;69;15460.664749439515;621.4033;36.13618871373728;Evaluated;12.4083;2.2522;64;True;3;duplicate_for_same_parent_sequence
11;1;11;5;normal;1;56ef9c57f468;move;;;25;10;;;;;;;;;;True;False;False;True;;ok;17327.137778912853;15460.664749439515;15460.664749439515;15460.664749439515;70;15460.664749439515;629.1099;1866.473029473338;Evaluated;5.2431;2.4609;64;True;1;
11;1;11;;normal;2;;;;;;;;;;;;;;;;;;;;;End-of-iteration summary row;;;15460.664749439515;15460.664749439515;70;15460.664749439515;629.1131;;IterationSummary;;;;;;
12;1;12;1;normal;2;56ef9c57f468;move;;;10;6;;;;;;;;;;True;False;False;False;;ok;15620.391909153735;15460.664749439515;15460.664749439515;15460.664749439515;71;15460.664749439515;640.4907;159.72715971422076;Evaluated;9.1291;2.2404;64;True;2;duplicate_for_same_parent_sequence
12;1;12;2;normal;2;56ef9c57f468;swap;17;20;;;;;;;;;;;;True;False;False;False;;ok;16888.740421181734;15460.664749439515;15460.664749439515;15460.664749439515;72;15460.664749439515;648.1311;1428.0756717422191;Evaluated;5.1863;2.4511;64;True;1;
12;1;12;3;normal;2;56ef9c57f468;reinsert_block;;;;;;;35;40;28;;;;;True;False;False;False;;ok;16320.34377566151;15460.664749439515;15460.664749439515;15460.664749439515;73;15460.664749439515;656.0535;859.6790262219947;Evaluated;5.4827;2.4368;64;True;1;
12;1;12;4;normal;2;56ef9c57f468;move;;;20;15;;;;;;;;;;True;False;False;False;;ok;15658.153871890674;15460.664749439515;15460.664749439515;15460.664749439515;74;15460.664749439515;667.2115;197.48912245115935;Evaluated;8.9099;2.2474;64;True;2;duplicate_for_same_parent_sequence
12;1;12;5;normal;2;56ef9c57f468;swap;3;6;;;;;;;;;;;;True;False;False;False;;ok;17547.56853467225;15460.664749439515;15460.664749439515;15460.664749439515;75;15460.664749439515;678.2262;2086.9037852327347;Evaluated;8.5627;2.4494;64;True;2;duplicate_for_same_parent_sequence
12;1;12;;normal;3;;;;;;;;;;;;;;;;;;;;;End-of-iteration summary row;;;15460.664749439515;15460.664749439515;75;15460.664749439515;678.2293;;IterationSummary;;;;;;
13;1;13;1;diversification;3;56ef9c57f468;move;;;8;2;;;;;;;;;;True;False;False;False;;ok;15901.534250624594;15460.664749439515;15460.664749439515;15460.664749439515;76;15460.664749439515;689.4652;440.86950118507957;Evaluated;8.986;2.242;64;True;2;duplicate_for_same_parent_sequence
13;1;13;2;diversification;3;56ef9c57f468;reinsert_block;;;;;;;20;25;10;;;;;True;False;False;True;;ok;17480.510631939003;15460.664749439515;15460.664749439515;15460.664749439515;77;15460.664749439515;697.3466;2019.8458824994887;Evaluated;5.3991;2.4797;64;True;1;
13;1;13;3;diversification;3;56ef9c57f468;swap;35;40;;;;;;;;;;;;True;False;False;False;;ok;16001.922618803212;15460.664749439515;15460.664749439515;15460.664749439515;78;15460.664749439515;704.8013;541.257869363697;Evaluated;5.1711;2.2806;64;True;1;
13;1;13;4;diversification;3;56ef9c57f468;move;;;50;2;;;;;;;;;;True;False;False;True;;ok;15938.124413966862;15460.664749439515;15460.664749439515;15460.664749439515;79;15460.664749439515;715.7059;477.45966452734683;Evaluated;8.6446;2.2571;64;True;2;duplicate_for_same_parent_sequence
13;1;13;5;diversification;3;56ef9c57f468;swap;25;30;;;;;;;;;;;;True;False;False;False;;ok;17741.543144707503;15460.664749439515;15460.664749439515;15460.664749439515;80;15460.664749439515;726.553;2280.878395267988;Evaluated;8.4029;2.4412;64;True;2;duplicate_for_same_parent_sequence
13;1;13;6;diversification;3;56ef9c57f468;move;;;30;40;;;;;;;;;;True;False;False;True;;ok;16186.798835626203;15460.664749439515;15460.664749439515;15460.664749439515;81;15460.664749439515;737.9014;726.1340861866884;Evaluated;9.078;2.2679;64;True;2;duplicate_for_same_parent_sequence
13;1;13;7;diversification;3;56ef9c57f468;swap;30;35;;;;;;;;;;;;True;False;False;False;;ok;15691.875256241503;15460.664749439515;15460.664749439515;15460.664749439515;82;15460.664749439515;748.7273;231.21050680198823;Evaluated;8.5806;2.2428;64;True;2;duplicate_for_same_parent_sequence
13;1;13;8;diversification;3;56ef9c57f468;swap;8;11;;;;;;;;;;;;True;False;False;False;;ok;17357.527638122283;15460.664749439515;15460.664749439515;15460.664749439515;83;15460.664749439515;759.861;1896.8628886827682;Evaluated;8.6945;2.4363;64;True;2;duplicate_for_same_parent_sequence
13;1;13;9;diversification;3;56ef9c57f468;move;;;28;35;;;;;;;;;;True;False;False;False;;ok;16406.37893373561;15460.664749439515;15460.664749439515;15460.664749439515;84;15460.664749439515;767.7626;945.7141842960955;Evaluated;5.4462;2.4528;64;True;1;
13;1;13;10;diversification;3;56ef9c57f468;move;;;45;30;;;;;;;;;;True;False;False;True;;ok;16375.177663035975;15460.664749439515;15460.664749439515;15460.664749439515;85;15460.664749439515;775.7515;914.5129135964598;Evaluated;5.5341;2.4521;64;True;1;
13;1;13;;diversification;4;;;;;;;;;;;;;;;;;;;;;End-of-iteration summary row;;;15460.664749439515;15460.664749439515;85;15460.664749439515;775.7545;;IterationSummary;;;;;;
14;1;14;1;diversification;4;56ef9c57f468;move;;;10;2;;;;;;;;;;True;False;False;False;;ok;17921.771458548483;15460.664749439515;15460.664749439515;15460.664749439515;86;15460.664749439515;783.8585;2461.106709108968;Evaluated;5.6268;2.466;64;True;1;
14;1;14;2;diversification;4;56ef9c57f468;reinsert_block;;;;;;;25;30;15;;;;;True;False;False;True;;ok;16920.26296230887;15460.664749439515;15460.664749439515;15460.664749439515;87;15460.664749439515;795.9667;1459.598212869354;Evaluated;9.6414;2.4645;64;True;2;duplicate_for_same_parent_sequence
14;1;14;3;diversification;4;56ef9c57f468;swap;32;47;;;;;;;;;;;;True;False;False;True;;ok;16388.044586674685;15460.664749439515;15460.664749439515;15460.664749439515;88;15460.664749439515;806.9373;927.3798372351703;Evaluated;8.5186;2.4493;64;True;2;duplicate_for_same_parent_sequence
14;1;14;4;diversification;4;56ef9c57f468;move;;;60;50;;;;;;;;;;True;False;False;True;;ok;15403.563512583583;15460.664749439515;15460.664749439515;15460.664749439515;89;15460.664749439515;817.6817;-57.10123685593135;Evaluated;8.4959;2.246;64;True;2;duplicate_for_same_parent_sequence
14;1;14;5;diversification;4;56ef9c57f468;move;;;15;20;;;;;;;;;;True;False;False;False;;ok;17285.89301963756;15460.664749439515;15460.664749439515;15460.664749439515;90;15460.664749439515;825.4798;1825.228270198044;Evaluated;5.3409;2.4546;64;True;1;
14;1;14;6;diversification;4;56ef9c57f468;move;;;45;20;;;;;;;;;;True;False;False;True;;ok;15739.32885697931;15460.664749439515;15460.664749439515;15460.664749439515;91;15460.664749439515;832.7189;278.6641075397947;Evaluated;5.0069;2.2311;64;True;1;
14;1;14;7;diversification;4;56ef9c57f468;move;;;40;15;;;;;;;;;;True;False;False;True;;ok;16194.645198074857;15460.664749439515;15460.664749439515;15460.664749439515;92;15460.664749439515;843.7244;733.9804486353423;Evaluated;8.7256;2.2772;64;True;2;duplicate_for_same_parent_sequence
14;1;14;8;diversification;4;56ef9c57f468;swap;10;20;;;;;;;;;;;;True;False;False;False;;ok;16907.29900036016;15460.664749439515;15460.664749439515;15460.664749439515;93;15460.664749439515;854.6852;1446.6342509206443;Evaluated;8.5012;2.4566;64;True;2;duplicate_for_same_parent_sequence
14;1;14;9;diversification;4;56ef9c57f468;move;;;25;40;;;;;;;;;;True;False;False;True;;ok;15948.62938589542;15460.664749439515;15460.664749439515;15460.664749439515;94;15460.664749439515;862.1195;487.96463645590484;Evaluated;5.1949;2.2367;64;True;1;
14;1;14;10;diversification;4;56ef9c57f468;swap;42;48;;;;;;;;;;;;True;False;False;False;;ok;15460.664749439515;15460.664749439515;15460.664749439515;15460.664749439515;95;15460.664749439515;872.9172;0.0;Evaluated;8.5369;2.258;64;True;2;duplicate_for_same_parent_sequence
14;1;14;;diversification;0;;;;;;;;;;;;;;;;;;;;;End-of-iteration summary row;;;15403.563512583583;15403.563512583583;95;15403.563512583583;872.9233;;IterationSummary;;;;;;
15;1;15;1;normal;0;32f1db42a40a;move;;;5;10;;;;;;;;;;True;False;False;False;;ok;16931.48392743225;15403.563512583583;15403.563512583583;15403.563512583583;96;15403.563512583583;881.0591;1527.9204148486679;Evaluated;5.6796;2.4475;64;True;1;
15;1;15;2;normal;0;32f1db42a40a;swap;17;25;;;;;;;;;;;;True;False;False;False;;ok;16862.431148833006;15403.563512583583;15403.563512583583;15403.563512583583;97;15403.563512583583;888.9076;1458.8676362494225;Evaluated;5.4065;2.4415;64;True;1;
15;1;15;3;normal;0;32f1db42a40a;reinsert_block;;;;;;;32;40;15;;;;;True;False;False;True;;ok;16236.096448210701;15403.563512583583;15403.563512583583;15403.563512583583;98;15403.563512583583;896.5979;832.5329356271177;Evaluated;5.436;2.2514;64;True;1;
15;1;15;4;normal;0;32f1db42a40a;move;;;50;48;;;;;;;;;;True;False;False;False;;ok;15703.526913617288;15403.563512583583;15403.563512583583;15403.563512583583;99;15403.563512583583;904.0412;299.96340103370494;Evaluated;5.2022;2.2383;64;True;1;
15;1;15;5;normal;0;32f1db42a40a;move;;;25;30;;;;;;;;;;True;False;False;False;;ok;16257.364521446729;15403.563512583583;15403.563512583583;15403.563512583583;100;15403.563512583583;911.442;853.8010088631454;Evaluated;4.9646;2.4336;64;True;1;
15;1;15;;normal;1;;;;;;;;;;;;;;;;;;;;;End-of-iteration summary row;;;15403.563512583583;15403.563512583583;100;15403.563512583583;911.4427;;IterationSummary;;;;;;
16;1;16;1;normal;1;32f1db42a40a;move;;;8;2;;;;;;;;;;True;False;False;False;;ok;15830.696753910424;15403.563512583583;15403.563512583583;15403.563512583583;101;15403.563512583583;922.5808;427.133241326841;Evaluated;8.8907;2.2416;64;True;2;duplicate_for_same_parent_sequence
16;1;16;2;normal;1;32f1db42a40a;swap;20;25;;;;;;;;;;;;True;False;False;False;;ok;16338.748394171873;15403.563512583583;15403.563512583583;15403.563512583583;102;15403.563512583583;930.499;935.1848815882895;Evaluated;5.4468;2.4687;64;True;1;
16;1;16;3;normal;1;32f1db42a40a;reinsert_block;;;;;;;35;40;18;;;;;True;False;False;True;;ok;15881.594878372976;15403.563512583583;15403.563512583583;15403.563512583583;103;15403.563512583583;938.1702;478.031365789393;Evaluated;5.4364;2.2329;64;True;1;
16;1;16;4;normal;1;32f1db42a40a;move;;;55;60;;;;;;;;;;True;False;False;False;;ok;15837.02059489037;15403.563512583583;15403.563512583583;15403.563512583583;104;15403.563512583583;948.8883;433.4570823067861;Evaluated;8.4586;2.2567;64;True;2;duplicate_for_same_parent_sequence
16;1;16;5;normal;1;32f1db42a40a;move;;;50;25;;;;;;;;;;True;False;False;True;;ok;16938.085939866025;15403.563512583583;15403.563512583583;15403.563512583583;105;15403.563512583583;956.4542;1534.5224272824416;Evaluated;5.0733;2.4902;64;True;1;
16;1;16;;normal;2;;;;;;;;;;;;;;;;;;;;;End-of-iteration summary row;;;15403.563512583583;15403.563512583583;105;15403.563512583583;956.4571;;IterationSummary;;;;;;
17;1;17;1;normal;2;32f1db42a40a;move;;;8;5;;;;;;;;;;True;False;False;False;;ok;15562.411416274415;15403.563512583583;15403.563512583583;15403.563512583583;106;15403.563512583583;964.1904;158.84790369083203;Evaluated;5.4673;2.2506;64;True;1;
17;1;17;2;normal;2;32f1db42a40a;swap;18;20;;;;;;;;;;;;True;False;False;False;;ok;16723.423814951486;15403.563512583583;15403.563512583583;15403.563512583583;107;15403.563512583583;972.0551;1319.8603023679025;Evaluated;5.4231;2.4408;64;True;1;
17;1;17;3;normal;2;32f1db42a40a;reinsert_block;;;;;;;32;37;18;;;;;True;False;False;True;;ok;16830.14078655935;15403.563512583583;15403.563512583583;15403.563512583583;108;15403.563512583583;980.1156;1426.5772739757667;Evaluated;5.6273;2.4326;64;True;1;
17;1;17;4;normal;2;32f1db42a40a;move;;;27;35;;;;;;;;;;True;False;False;False;;ok;16265.960862827375;15403.563512583583;15403.563512583583;15403.563512583583;109;15403.563512583583;991.0536;862.3973502437912;Evaluated;8.4894;2.4457;64;True;2;duplicate_for_same_parent_sequence
17;1;17;5;normal;2;32f1db42a40a;move;;;25;10;;;;;;;;;;True;False;False;True;;ok;17162.057050843247;15403.563512583583;15403.563512583583;15403.563512583583;110;15403.563512583583;1002.446;1758.4935382596632;Evaluated;8.9382;2.4521;64;True;2;duplicate_for_same_parent_sequence
17;1;17;;normal;3;;;;;;;;;;;;;;;;;;;;;End-of-iteration summary row;;;15403.563512583583;15403.563512583583;110;15403.563512583583;1002.4466;;IterationSummary;;;;;;
18;1;18;1;diversification;3;32f1db42a40a;move;;;8;3;;;;;;;;;;True;False;False;False;;ok;17304.48738437326;15403.563512583583;15403.563512583583;15403.563512583583;111;15403.563512583583;1013.7812;1900.923871789677;Evaluated;8.8671;2.4618;64;True;2;duplicate_for_same_parent_sequence
18;1;18;2;diversification;3;32f1db42a40a;reinsert_block;;;;;;;20;25;16;;;;;True;False;False;False;;ok;18094.553806487507;15403.563512583583;15403.563512583583;15403.563512583583;112;15403.563512583583;1022.3062;2690.990293903924;Evaluated;5.8862;2.6356;64;True;1;
18;1;18;3;diversification;3;32f1db42a40a;swap;35;40;;;;;;;;;;;;True;False;False;False;;ok;15837.077917885725;15403.563512583583;15403.563512583583;15403.563512583583;113;15403.563512583583;1029.8462;433.5144053021413;Evaluated;5.2988;2.2384;64;True;1;
18;1;18;4;diversification;3;32f1db42a40a;move;;;52;50;;;;;;;;;;True;False;False;False;;ok;15539.186729679526;15403.563512583583;15403.563512583583;15403.563512583583;114;15403.563512583583;1040.8769;135.6232170959429;Evaluated;8.7974;2.2302;64;True;2;duplicate_for_same_parent_sequence
18;1;18;5;diversification;3;32f1db42a40a;move;;;20;15;;;;;;;;;;True;False;False;False;;ok;15389.857678053666;15403.563512583583;15403.563512583583;15403.563512583583;115;15403.563512583583;1048.4666;-13.70583452991741;EvaluatedImprovementDespiteDiversificationMismatch;5.3418;2.2451;64;True;1;
18;1;18;6;diversification;3;32f1db42a40a;move;;;40;50;;;;;;;;;;True;False;False;True;;ok;15700.343991191558;15403.563512583583;15403.563512583583;15403.563512583583;116;15403.563512583583;1056.0131;296.78047860797415;Evaluated;5.3003;2.2455;64;True;1;
18;1;18;7;diversification;3;32f1db42a40a;move;;;50;8;;;;;;;;;;True;False;False;True;;ok;17811.941950570315;15403.563512583583;15403.563512583583;15403.563512583583;117;15403.563512583583;1063.6176;2408.378437986732;Evaluated;5.1508;2.4511;64;True;1;
18;1;18;8;diversification;3;32f1db42a40a;swap;10;15;;;;;;;;;;;;True;False;False;False;;ok;17194.386239549913;15403.563512583583;15403.563512583583;15403.563512583583;118;15403.563512583583;1077.9968;1790.8227269663294;Evaluated;11.9325;2.4438;64;True;3;duplicate_for_same_parent_sequence
18;1;18;9;diversification;3;32f1db42a40a;move;;;24;10;;;;;;;;;;True;False;False;True;;ok;17161.464421980807;15403.563512583583;15403.563512583583;15403.563512583583;119;15403.563512583583;1088.9707;1757.9009093972236;Evaluated;8.5262;2.4449;64;True;2;duplicate_for_same_parent_sequence
18;1;18;10;diversification;3;32f1db42a40a;swap;45;50;;;;;;;;;;;;True;False;False;False;;ok;15386.943236848409;15403.563512583583;15403.563512583583;15403.563512583583;120;15403.563512583583;1096.4668;-16.6202757351748;EvaluatedImprovementDespiteDiversificationMismatch;5.244;2.2495;64;True;1;
18;1;18;;diversification;0;;;;;;;;;;;;;;;;;;;;;End-of-iteration summary row;;;15386.943236848409;15386.943236848409;120;15386.943236848409;1096.4775;;IterationSummary;;;;;;
19;1;19;1;normal;0;c010d4f4835c;move;;;10;3;;;;;;;;;;True;False;False;False;;ok;17655.240195846898;15386.943236848409;15386.943236848409;15386.943236848409;121;15386.943236848409;1104.6101;2268.2969589984896;Evaluated;5.6775;2.4464;64;True;1;
19;1;19;2;normal;0;c010d4f4835c;swap;20;25;;;;;;;;;;;;True;False;False;False;;ok;16244.507616586796;15386.943236848409;15386.943236848409;15386.943236848409;122;15386.943236848409;1112.1756;857.5643797383873;Evaluated;5.302;2.2608;64;True;1;
19;1;19;3;normal;0;c010d4f4835c;reinsert_block;;;;;;;35;42;18;;;;;True;False;False;True;;ok;15375.289177061135;15386.943236848409;15386.943236848409;15386.943236848409;123;15386.943236848409;1119.9308;-11.654059787273582;Evaluated;5.5069;2.2453;64;True;1;
19;1;19;4;normal;0;c010d4f4835c;move;;;58;60;;;;;;;;;;True;False;False;False;;ok;15398.300304895738;15386.943236848409;15386.943236848409;15386.943236848409;124;15386.943236848409;1127.3978;11.357068047329449;Evaluated;5.2208;2.2427;64;True;1;
19;1;19;5;normal;0;c010d4f4835c;move;;;43;20;;;;;;;;;;True;False;False;True;;ok;16369.9024479077;15386.943236848409;15386.943236848409;15386.943236848409;125;15386.943236848409;1134.963;982.9592110592912;Evaluated;5.129;2.4338;64;True;1;
19;1;19;;normal;0;;;;;;;;;;;;;;;;;;;;;End-of-iteration summary row;;;15375.289177061135;15375.289177061135;125;15375.289177061135;1134.9763;;IterationSummary;;;;;;
20;1;20;1;normal;0;d41883f89848;move;;;10;3;;;;;;;;;;True;False;False;False;;ok;17660.327629068186;15375.289177061135;15375.289177061135;15375.289177061135;126;15375.289177061135;1143.0859;2285.038452007051;Evaluated;5.6661;2.4372;64;True;1;
20;1;20;2;normal;0;d41883f89848;swap;17;20;;;;;;;;;;;;True;False;False;False;;ok;17544.37060876709;15375.289177061135;15375.289177061135;15375.289177061135;127;15375.289177061135;1150.7895;2169.0814317059558;Evaluated;5.2497;2.4514;64;True;1;
20;1;20;3;normal;0;d41883f89848;reinsert_block;;;;;;;35;40;28;;;;;True;False;False;False;;ok;16391.818578305614;15375.289177061135;15375.289177061135;15375.289177061135;128;15375.289177061135;1158.8769;1016.5294012444792;Evaluated;5.63;2.4541;64;True;1;
20;1;20;4;normal;0;d41883f89848;move;;;50;8;;;;;;;;;;True;False;False;True;;ok;17352.640828507123;15375.289177061135;15375.289177061135;15375.289177061135;129;15375.289177061135;1166.5404;1977.351651445988;Evaluated;5.2051;2.4556;64;True;1;
20;1;20;5;normal;0;d41883f89848;move;;;30;15;;;;;;;;;;True;False;False;True;;ok;17823.813776021107;15375.289177061135;15375.289177061135;15375.289177061135;130;15375.289177061135;1177.5999;2448.5245989599716;Evaluated;8.5939;2.4617;64;True;2;duplicate_for_same_parent_sequence
20;1;20;;normal;1;;;;;;;;;;;;;;;;;;;;;End-of-iteration summary row;;;15375.289177061135;15375.289177061135;130;15375.289177061135;1177.6005;;IterationSummary;;;;;;
21;1;21;1;normal;1;d41883f89848;move;;;25;8;;;;;;;;;;True;False;False;True;;ok;16885.25971622953;15375.289177061135;15375.289177061135;15375.289177061135;131;15375.289177061135;1188.9656;1509.9705391683965;Evaluated;8.8857;2.4726;64;True;2;duplicate_for_same_parent_sequence
21;1;21;2;normal;1;d41883f89848;swap;18;22;;;;;;;;;;;;True;False;False;False;;ok;16428.966845407434;15375.289177061135;15375.289177061135;15375.289177061135;132;15375.289177061135;1196.8106;1053.6776683462995;Evaluated;5.4014;2.4409;64;True;1;
21;1;21;3;normal;1;d41883f89848;move;;;35;18;;;;;;;;;;True;False;False;True;;ok;16450.83565355187;15375.289177061135;15375.289177061135;15375.289177061135;133;15375.289177061135;1208.7508;1075.5464764907338;Evaluated;9.4995;2.4379;64;True;2;duplicate_for_same_parent_sequence
21;1;21;4;normal;1;d41883f89848;move;;;52;49;;;;;;;;;;True;False;False;False;;ok;15610.735840637139;15375.289177061135;15375.289177061135;15375.289177061135;134;15375.289177061135;1216.3669;235.44666357600363;Evaluated;5.3702;2.2432;64;True;1;
21;1;21;5;normal;1;d41883f89848;move;;;25;10;;;;;;;;;;True;False;False;True;;ok;17090.451595039292;15375.289177061135;15375.289177061135;15375.289177061135;135;15375.289177061135;1224.2288;1715.1624179781575;Evaluated;5.3752;2.4839;64;True;1;
21;1;21;;normal;2;;;;;;;;;;;;;;;;;;;;;End-of-iteration summary row;;;15375.289177061135;15375.289177061135;135;15375.289177061135;1224.2315;;IterationSummary;;;;;;
22;1;22;1;normal;2;d41883f89848;move;;;20;5;;;;;;;;;;True;False;False;True;;ok;16395.75808380062;15375.289177061135;15375.289177061135;15375.289177061135;136;15375.289177061135;1235.7288;1020.4689067394866;Evaluated;9.0063;2.479;64;True;2;duplicate_for_same_parent_sequence
22;1;22;2;normal;2;d41883f89848;swap;20;25;;;;;;;;;;;;True;False;False;False;;ok;15939.916889762862;15375.289177061135;15375.289177061135;15375.289177061135;137;15375.289177061135;1243.4299;564.6277127017274;Evaluated;5.4402;2.259;64;True;1;
22;1;22;3;normal;2;d41883f89848;reinsert_block;;;;;;;42;46;38;;;;;True;False;False;False;;ok;15779.446471970748;15375.289177061135;15375.289177061135;15375.289177061135;138;15375.289177061135;1258.7742;404.1572949096135;Evaluated;13.0898;2.2511;64;True;3;duplicate_for_same_parent_sequence
22;1;22;4;normal;2;d41883f89848;move;;;50;48;;;;;;;;;;True;False;False;False;;ok;15375.289177061135;15375.289177061135;15375.289177061135;15375.289177061135;139;15375.289177061135;1266.1659;0.0;Evaluated;5.1447;2.2443;64;True;1;
22;1;22;5;normal;2;d41883f89848;move;;;45;20;;;;;;;;;;True;False;False;True;;ok;16379.162778385786;15375.289177061135;15375.289177061135;15375.289177061135;140;15375.289177061135;1280.3879;1003.8736013246507;Evaluated;11.7461;2.473;64;True;3;duplicate_for_same_parent_sequence
22;1;22;;normal;3;;;;;;;;;;;;;;;;;;;;;End-of-iteration summary row;;;15375.289177061135;15375.289177061135;140;15375.289177061135;1280.3911;;IterationSummary;;;;;;
23;1;23;1;diversification;3;d41883f89848;move;;;10;2;;;;;;;;;;True;False;False;False;;ok;17676.814306648215;15375.289177061135;15375.289177061135;15375.289177061135;141;15375.289177061135;1288.7449;2301.5251295870803;Evaluated;5.9031;2.4403;64;True;1;
23;1;23;2;diversification;3;d41883f89848;reinsert_block;;;;;;;18;25;3;;;;;True;False;False;True;;ok;15481.84948875773;15375.289177061135;15375.289177061135;15375.289177061135;142;15375.289177061135;1296.8354;106.56031169659582;Evaluated;5.806;2.2837;64;True;1;
23;1;23;3;diversification;3;d41883f89848;swap;35;40;;;;;;;;;;;;True;False;False;False;;ok;16179.29042898412;15375.289177061135;15375.289177061135;15375.289177061135;143;15375.289177061135;1304.6857;804.0012519229858;Evaluated;5.5714;2.275;64;True;1;
23;1;23;4;diversification;3;d41883f89848;move;;;50;35;;;;;;;;;;True;False;False;True;;ok;16059.1752582734;15375.289177061135;15375.289177061135;15375.289177061135;144;15375.289177061135;1316.1464;683.8860812122657;Evaluated;9.1693;2.2881;64;True;2;duplicate_for_same_parent_sequence
23;1;23;5;diversification;3;d41883f89848;swap;30;35;;;;;;;;;;;;True;False;False;False;;ok;15675.784680135881;15375.289177061135;15375.289177061135;15375.289177061135;145;15375.289177061135;1327.1743;300.495503074746;Evaluated;8.7529;2.2718;64;True;2;duplicate_for_same_parent_sequence
23;1;23;6;diversification;3;d41883f89848;move;;;40;35;;;;;;;;;;True;False;False;False;;ok;16023.050231748472;15375.289177061135;15375.289177061135;15375.289177061135;146;15375.289177061135;1334.8088;647.7610546873366;Evaluated;5.3433;2.2884;64;True;1;
23;1;23;7;diversification;3;d41883f89848;move;;;40;25;;;;;;;;;;True;False;False;True;;ok;16197.462731744807;15375.289177061135;15375.289177061135;15375.289177061135;147;15375.289177061135;1349.1746;822.1735546836717;Evaluated;12.079;2.2837;64;True;3;duplicate_for_same_parent_sequence
23;1;23;8;diversification;3;d41883f89848;move;;;8;15;;;;;;;;;;True;False;False;False;;ok;15515.144816890039;15375.289177061135;15375.289177061135;15375.289177061135;148;15375.289177061135;1356.9264;139.8556398289038;Evaluated;5.4817;2.2669;64;True;1;
23;1;23;9;diversification;3;d41883f89848;move;;;28;40;;;;;;;;;;True;False;False;True;;ok;15976.724313949206;15375.289177061135;15375.289177061135;15375.289177061135;149;15375.289177061135;1371.8071;601.4351368880707;Evaluated;12.591;2.2877;64;True;3;duplicate_for_same_parent_sequence
23;1;23;10;diversification;3;d41883f89848;move;;;50;49;;;;;;;;;;True;False;False;False;;ok;15375.289177061135;15375.289177061135;15375.289177061135;15375.289177061135;150;15375.289177061135;1379.184;0.0;Evaluated;5.1091;2.2647;64;True;1;
23;1;23;;diversification;4;;;;;;;;;;;;;;;;;;;;;End-of-iteration summary row;;;15375.289177061135;15375.289177061135;150;15375.289177061135;1379.1867;;IterationSummary;;;;;;
24;1;24;1;diversification;4;d41883f89848;move;;;5;30;;;;;;;;;;True;False;False;True;;ok;16855.553860821317;15375.289177061135;15375.289177061135;15375.289177061135;151;15375.289177061135;1391.0762;1480.2646837601824;Evaluated;9.3787;2.4972;64;True;2;duplicate_for_same_parent_sequence
24;1;24;2;diversification;4;d41883f89848;move;;;20;40;;;;;;;;;;True;False;False;True;;ok;16310.897615605176;15375.289177061135;15375.289177061135;15375.289177061135;152;15375.289177061135;1402.5211;935.6084385440408;Evaluated;8.9756;2.467;64;True;2;duplicate_for_same_parent_sequence
24;1;24;3;diversification;4;d41883f89848;move;;;32;47;;;;;;;;;;True;False;False;True;;ok;15396.693299917444;15375.289177061135;15375.289177061135;15375.289177061135;153;15375.289177061135;1413.5585;21.404122856309186;Evaluated;8.7598;2.2741;64;True;2;duplicate_for_same_parent_sequence
24;1;24;4;diversification;4;d41883f89848;move;;;50;30;;;;;;;;;;True;False;False;True;;ok;16336.503122381113;15375.289177061135;15375.289177061135;15375.289177061135;154;15375.289177061135;1421.5899;961.2139453199779;Evaluated;5.5402;2.4877;64;True;1;
24;1;24;5;diversification;4;d41883f89848;move;;;20;35;;;;;;;;;;True;False;False;True;;ok;16402.062232071632;15375.289177061135;15375.289177061135;15375.289177061135;155;15375.289177061135;1429.3631;1026.773055010497;Evaluated;5.2889;2.4818;64;True;1;
24;1;24;6;diversification;4;d41883f89848;move;;;52;30;;;;;;;;;;True;False;False;True;;ok;16662.124241828446;15375.289177061135;15375.289177061135;15375.289177061135;156;15375.289177061135;1437.1691;1286.8350647673105;Evaluated;5.3224;2.4829;64;True;1;
24;1;24;7;diversification;4;d41883f89848;move;;;45;10;;;;;;;;;;True;False;False;True;;ok;17384.656099187014;15375.289177061135;15375.289177061135;15375.289177061135;157;15375.289177061135;1444.8732;2009.3669221258788;Evaluated;5.2305;2.471;64;True;1;
24;1;24;8;diversification;4;d41883f89848;move;;;10;6;;;;;;;;;;True;False;False;False;;ok;15968.523736409943;15375.289177061135;15375.289177061135;15375.289177061135;158;15375.289177061135;1452.3163;593.234559348808;Evaluated;5.1546;2.2877;64;True;1;
24;1;24;9;diversification;4;d41883f89848;move;;;24;30;;;;;;;;;;True;False;False;False;;ok;15374.88634441763;15375.289177061135;15375.289177061135;15375.289177061135;159;15375.289177061135;1459.7501;-0.40283264350546233;EvaluatedImprovementDespiteDiversificationMismatch;5.1569;2.2736;64;True;1;
24;1;24;10;diversification;4;d41883f89848;move;;;50;38;;;;;;;;;;True;False;False;True;;ok;16428.90965534231;15375.289177061135;15375.289177061135;15375.289177061135;160;15375.289177061135;1467.5598;1053.6204782811765;Evaluated;5.3356;2.4714;64;True;1;
24;1;24;;diversification;0;;;;;;;;;;;;;;;;;;;;;End-of-iteration summary row;;;15374.88634441763;15374.88634441763;160;15374.88634441763;1467.5716;;IterationSummary;;;;;;
25;1;25;1;normal;0;bb985057aeee;move;;;5;30;;;;;;;;;;True;False;False;True;;ok;16857.088065535714;15374.88634441763;15374.88634441763;15374.88634441763;161;15374.88634441763;1475.8305;1482.2017211180846;Evaluated;5.7488;2.5047;64;True;1;
25;1;25;2;normal;0;bb985057aeee;swap;20;35;;;;;;;;;;;;True;False;False;True;;ok;16238.605657428247;15374.88634441763;15374.88634441763;15374.88634441763;162;15374.88634441763;1483.3539;863.719313010617;Evaluated;5.2167;2.3042;64;True;1;
25;1;25;3;normal;0;bb985057aeee;reinsert_block;;;;;;;35;40;28;;;;;True;False;False;False;;ok;16210.37901661927;15374.88634441763;15374.88634441763;15374.88634441763;163;15374.88634441763;1491.2378;835.4926722016407;Evaluated;5.5781;2.3032;64;True;1;
25;1;25;4;normal;0;bb985057aeee;move;;;52;30;;;;;;;;;;True;False;False;True;;ok;16343.284258454796;15374.88634441763;15374.88634441763;15374.88634441763;164;15374.88634441763;1498.913;968.3979140371666;Evaluated;5.1903;2.4819;64;True;1;
25;1;25;5;normal;0;bb985057aeee;move;;;40;15;;;;;;;;;;True;False;False;True;;ok;16737.29704432123;15374.88634441763;15374.88634441763;15374.88634441763;165;15374.88634441763;1509.8793;1362.4106999035994;Evaluated;8.497;2.4671;64;True;2;duplicate_for_same_parent_sequence
25;1;25;;normal;1;;;;;;;;;;;;;;;;;;;;;End-of-iteration summary row;;;15374.88634441763;15374.88634441763;165;15374.88634441763;1509.8835;;IterationSummary;;;;;;
26;1;26;1;normal;1;bb985057aeee;move;;;5;10;;;;;;;;;;True;False;False;False;;ok;16833.1304488638;15374.88634441763;15374.88634441763;15374.88634441763;166;15374.88634441763;1518.2719;1458.244104446172;Evaluated;5.9181;2.4591;64;True;1;
26;1;26;2;normal;1;bb985057aeee;swap;19;25;;;;;;;;;;;;True;False;False;False;;ok;16954.003611535874;15374.88634441763;15374.88634441763;15374.88634441763;167;15374.88634441763;1526.0539;1579.1172671182449;Evaluated;5.3087;2.4706;64;True;1;
26;1;26;3;normal;1;bb985057aeee;move;;;38;42;;;;;;;;;;True;False;False;False;;ok;15383.581851896117;15374.88634441763;15374.88634441763;15374.88634441763;168;15374.88634441763;1537.6599;8.695507478487343;Evaluated;9.3279;2.2754;64;True;2;duplicate_for_same_parent_sequence
26;1;26;4;normal;1;bb985057aeee;move;;;50;38;;;;;;;;;;True;False;False;True;;ok;16409.812548326216;15374.88634441763;15374.88634441763;15374.88634441763;169;15374.88634441763;1545.3051;1034.926203908586;Evaluated;5.1751;2.4667;64;True;1;
26;1;26;5;normal;1;bb985057aeee;move;;;45;10;;;;;;;;;;True;False;False;True;;ok;17382.40939624653;15374.88634441763;15374.88634441763;15374.88634441763;170;15374.88634441763;1553.0152;2007.5230518289009;Evaluated;5.2399;2.4678;64;True;1;
26;1;26;;normal;2;;;;;;;;;;;;;;;;;;;;;End-of-iteration summary row;;;15374.88634441763;15374.88634441763;170;15374.88634441763;1553.0185;;IterationSummary;;;;;;
27;1;27;1;normal;2;bb985057aeee;move;;;7;3;;;;;;;;;;True;False;False;False;;ok;17195.108600867145;15374.88634441763;15374.88634441763;15374.88634441763;171;15374.88634441763;1564.6311;1820.222256449515;Evaluated;9.1201;2.4779;64;True;2;duplicate_for_same_parent_sequence
27;1;27;2;normal;2;bb985057aeee;swap;16;20;;;;;;;;;;;;True;False;False;False;;ok;17360.19594854806;15374.88634441763;15374.88634441763;15374.88634441763;172;15374.88634441763;1572.2723;1985.3096041304289;Evaluated;5.1675;2.4709;64;True;1;
27;1;27;3;normal;2;bb985057aeee;move;;;35;15;;;;;;;;;;True;False;False;True;;ok;16654.90217101194;15374.88634441763;15374.88634441763;15374.88634441763;173;15374.88634441763;1584.0359;1280.0158265943119;Evaluated;9.2838;2.4792;64;True;2;duplicate_for_same_parent_sequence
27;1;27;4;normal;2;bb985057aeee;move;;;50;28;;;;;;;;;;True;False;False;True;;ok;17307.993438927166;15374.88634441763;15374.88634441763;15374.88634441763;174;15374.88634441763;1592.3773;1933.1070945095362;Evaluated;5.8546;2.4839;64;True;1;
27;1;27;5;normal;2;bb985057aeee;move;;;30;25;;;;;;;;;;True;False;False;False;;ok;15667.487454567656;15374.88634441763;15374.88634441763;15374.88634441763;175;15374.88634441763;1603.4801;292.6011101500262;Evaluated;8.8218;2.2785;64;True;2;duplicate_for_same_parent_sequence
27;1;27;;normal;3;;;;;;;;;;;;;;;;;;;;;End-of-iteration summary row;;;15374.88634441763;15374.88634441763;175;15374.88634441763;1603.4827;;IterationSummary;;;;;;
28;1;28;1;diversification;3;bb985057aeee;move;;;8;2;;;;;;;;;;True;False;False;False;;ok;15642.707149025022;15374.88634441763;15374.88634441763;15374.88634441763;176;15374.88634441763;1614.7886;267.82080460739235;Evaluated;9.0295;2.2684;64;True;2;duplicate_for_same_parent_sequence
28;1;28;2;diversification;3;bb985057aeee;reinsert_block;;;;;;;25;30;18;;;;;True;False;False;False;;ok;16756.593534331652;15374.88634441763;15374.88634441763;15374.88634441763;177;15374.88634441763;1622.802;1381.7071899140228;Evaluated;5.5532;2.4572;64;True;1;
28;1;28;3;diversification;3;bb985057aeee;swap;35;40;;;;;;;;;;;;True;False;False;False;;ok;16020.786585832082;15374.88634441763;15374.88634441763;15374.88634441763;178;15374.88634441763;1630.3107;645.9002414144525;Evaluated;5.2266;2.2813;64;True;1;
28;1;28;4;diversification;3;bb985057aeee;move;;;49;35;;;;;;;;;;True;False;False;True;;ok;16741.401127844496;15374.88634441763;15374.88634441763;15374.88634441763;179;15374.88634441763;1641.6155;1366.5147834268664;Evaluated;8.8419;2.4599;64;True;2;duplicate_for_same_parent_sequence
28;1;28;5;diversification;3;bb985057aeee;move;;;25;30;;;;;;;;;;True;False;False;False;;ok;16290.67822185894;15374.88634441763;15374.88634441763;15374.88634441763;180;15374.88634441763;1649.2615;915.7918774413101;Evaluated;5.3619;2.2831;64;True;1;
28;1;28;6;diversification;3;bb985057aeee;move;;;32;50;;;;;;;;;;True;False;False;True;;ok;15694.241790146398;15374.88634441763;15374.88634441763;15374.88634441763;181;15374.88634441763;1657.1092;319.35544572876825;Evaluated;5.5704;2.2749;64;True;1;
28;1;28;7;diversification;3;bb985057aeee;move;;;28;15;;;;;;;;;;True;False;False;True;;ok;17368.556327431466;15374.88634441763;15374.88634441763;15374.88634441763;182;15374.88634441763;1664.8513;1993.6699830138368;Evaluated;5.2609;2.4785;64;True;1;
28;1;28;8;diversification;3;bb985057aeee;move;;;8;15;;;;;;;;;;True;False;False;False;;ok;16152.014367910695;15374.88634441763;15374.88634441763;15374.88634441763;183;15374.88634441763;1672.083;777.1280234930655;Evaluated;4.9323;2.2964;64;True;1;
28;1;28;9;diversification;3;bb985057aeee;move;;;45;20;;;;;;;;;;True;False;False;True;;ok;16821.41323314413;15374.88634441763;15374.88634441763;15374.88634441763;184;15374.88634441763;1679.8628;1446.5268887264992;Evaluated;5.3128;2.4658;64;True;1;
28;1;28;10;diversification;3;bb985057aeee;swap;28;30;;;;;;;;;;;;True;False;False;False;;ok;15670.650536359575;15374.88634441763;15374.88634441763;15374.88634441763;185;15374.88634441763;1690.8552;295.7641919419457;Evaluated;8.7185;2.2713;64;True;2;duplicate_for_same_parent_sequence
28;1;28;;diversification;4;;;;;;;;;;;;;;;;;;;;;End-of-iteration summary row;;;15374.88634441763;15374.88634441763;185;15374.88634441763;1690.8578;;IterationSummary;;;;;;
29;1;29;1;diversification;4;bb985057aeee;move;;;20;5;;;;;;;;;;True;False;False;True;;ok;16402.805644942335;15374.88634441763;15374.88634441763;15374.88634441763;186;15374.88634441763;1699.0432;1027.9193005247052;Evaluated;5.6969;2.4724;64;True;1;
29;1;29;2;diversification;4;bb985057aeee;reinsert_block;;;;;;;20;25;10;;;;;True;False;False;True;;ok;17646.359092117465;15374.88634441763;15374.88634441763;15374.88634441763;187;15374.88634441763;1714.3398;2271.472747699836;Evaluated;12.8206;2.4733;64;True;3;duplicate_for_same_parent_sequence
29;1;29;3;diversification;4;bb985057aeee;swap;32;47;;;;;;;;;;;;True;False;False;True;;ok;15667.800169040058;15374.88634441763;15374.88634441763;15374.88634441763;188;15374.88634441763;1725.5856;292.91382462242836;Evaluated;8.9589;2.2857;64;True;2;duplicate_for_same_parent_sequence
29;1;29;4;diversification;4;bb985057aeee;move;;;52;49;;;;;;;;;;True;False;False;False;;ok;15627.496789728366;15374.88634441763;15374.88634441763;15374.88634441763;189;15374.88634441763;1733.0693;252.6104453107364;Evaluated;5.2127;2.2677;64;True;1;
29;1;29;5;diversification;4;bb985057aeee;move;;;25;10;;;;;;;;;;True;False;False;True;;ok;16629.967853282287;15374.88634441763;15374.88634441763;15374.88634441763;190;15374.88634441763;1740.8427;1255.0815088646577;Evaluated;5.309;2.4616;64;True;1;
29;1;29;6;diversification;4;bb985057aeee;move;;;40;25;;;;;;;;;;True;False;False;True;;ok;15818.927676662652;15374.88634441763;15374.88634441763;15374.88634441763;191;15374.88634441763;1751.8418;444.0413322450222;Evaluated;8.7314;2.265;64;True;2;duplicate_for_same_parent_sequence
29;1;29;7;diversification;4;bb985057aeee;move;;;30;10;;;;;;;;;;True;False;False;True;;ok;17079.98191754126;15374.88634441763;15374.88634441763;15374.88634441763;192;15374.88634441763;1763.0911;1705.09557312363;Evaluated;8.767;2.4789;64;True;2;duplicate_for_same_parent_sequence
29;1;29;8;diversification;4;bb985057aeee;move;;;18;25;;;;;;;;;;True;False;False;False;;ok;16458.848226104477;15374.88634441763;15374.88634441763;15374.88634441763;193;15374.88634441763;1770.8819;1083.9618816868478;Evaluated;5.3281;2.46;64;True;1;
29;1;29;9;diversification;4;bb985057aeee;move;;;25;10;;;;;;;;;;False;True;False;;;ok;;15374.88634441763;15374.88634441763;15374.88634441763;193;15374.88634441763;1783.1828;;DuplicateForSameParentSequenceAfterRetries;12.3002;;;;3;duplicate_for_same_parent_sequence
29;1;29;10;diversification;4;bb985057aeee;move;;;42;15;;;;;;;;;;True;False;False;True;;ok;16758.104691443965;15374.88634441763;15374.88634441763;15374.88634441763;194;15374.88634441763;1797.6527;1383.2183470263353;Evaluated;11.978;2.4908;64;True;3;duplicate_for_same_parent_sequence
29;1;29;;diversification;5;;;;;;;;;;;;;;;;;;;;;End-of-iteration summary row;;;15374.88634441763;15374.88634441763;194;15374.88634441763;1797.6557;;IterationSummary;;;;;;
30;1;30;1;diversification;5;bb985057aeee;move;;;18;5;;;;;;;;;;True;False;False;True;;ok;16921.451914964666;15374.88634441763;15374.88634441763;15374.88634441763;195;15374.88634441763;1805.7876;1546.5655705470363;Evaluated;5.6412;2.4803;64;True;1;
30;1;30;2;diversification;5;bb985057aeee;reinsert_block;;;;;;;18;23;5;;;;;True;False;False;True;;ok;16197.566514225711;15374.88634441763;15374.88634441763;15374.88634441763;196;15374.88634441763;1813.5183;822.6801698080817;Evaluated;5.4499;2.279;64;True;1;
30;1;30;3;diversification;5;bb985057aeee;swap;38;47;;;;;;;;;;;;True;False;False;False;;ok;15669.392649569385;15374.88634441763;15374.88634441763;15374.88634441763;197;15374.88634441763;1824.3647;294.50630515175544;Evaluated;8.5775;2.2662;64;True;2;duplicate_for_same_parent_sequence
30;1;30;4;diversification;5;bb985057aeee;move;;;50;48;;;;;;;;;;True;False;False;False;;ok;15374.88634441763;15374.88634441763;15374.88634441763;15374.88634441763;198;15374.88634441763;1831.9838;0.0;Evaluated;5.3518;2.2647;64;True;1;
30;1;30;5;diversification;5;bb985057aeee;swap;10;20;;;;;;;;;;;;True;False;False;False;;ok;17407.773655072793;15374.88634441763;15374.88634441763;15374.88634441763;199;15374.88634441763;1846.5829;2032.8873106551637;Evaluated;12.119;2.4794;64;True;3;duplicate_for_same_parent_sequence
30;1;30;6;diversification;5;bb985057aeee;move;;;45;32;;;;;;;;;;True;False;False;True;;ok;16367.922986524973;15374.88634441763;15374.88634441763;15374.88634441763;200;15374.88634441763;1854.3813;993.0366421073431;Evaluated;5.3263;2.4681;64;True;1;
30;1;30;7;diversification;5;bb985057aeee;move;;;18;3;;;;;;;;;;True;False;False;True;;ok;17132.216021768945;15374.88634441763;15374.88634441763;15374.88634441763;201;15374.88634441763;1865.5428;1757.3296773513157;Evaluated;8.685;2.4738;64;True;2;duplicate_for_same_parent_sequence
30;1;30;8;diversification;5;bb985057aeee;move;;;10;25;;;;;;;;;;True;False;False;True;;ok;16453.569740765255;15374.88634441763;15374.88634441763;15374.88634441763;202;15374.88634441763;1873.0286;1078.6833963476256;Evaluated;5.0257;2.4575;64;True;1;
30;1;30;9;diversification;5;bb985057aeee;move;;;40;30;;;;;;;;;;True;False;False;True;;ok;16280.088353550693;15374.88634441763;15374.88634441763;15374.88634441763;203;15374.88634441763;1884.0102;905.2020091330633;Evaluated;8.6942;2.2862;64;True;2;duplicate_for_same_parent_sequence
30;1;30;10;diversification;5;bb985057aeee;move;;;52;48;;;;;;;;;;True;False;False;False;;ok;15629.528884849067;15374.88634441763;15374.88634441763;15374.88634441763;204;15374.88634441763;1891.6036;254.64254043143774;Evaluated;5.3261;2.2647;64;True;1;
30;1;30;;diversification;6;;;;;;;;;;;;;;;;;;;;;End-of-iteration summary row;;;15374.88634441763;15374.88634441763;204;15374.88634441763;1891.6067;;IterationSummary;;;;;;
31;1;31;1;diversification;6;bb985057aeee;move;;;8;3;;;;;;;;;;True;False;False;False;;ok;17195.627227708694;15374.88634441763;15374.88634441763;15374.88634441763;205;15374.88634441763;1903.458;1820.7408832910642;Evaluated;9.3504;2.4846;64;True;2;duplicate_for_same_parent_sequence
31;1;31;2;diversification;6;bb985057aeee;reinsert_block;;;;;;;18;23;5;;;;;False;True;False;;;ok;;15374.88634441763;15374.88634441763;15374.88634441763;205;15374.88634441763;1916.3712;;DuplicateForSameParentSequenceAfterRetries;12.9114;;;;3;duplicate_for_same_parent_sequence
31;1;31;3;diversification;6;bb985057aeee;swap;35;40;;;;;;;;;;;;False;True;False;;;ok;;15374.88634441763;15374.88634441763;15374.88634441763;205;15374.88634441763;1928.5033;;DuplicateForSameParentSequenceAfterRetries;12.131;;;;3;duplicate_for_same_parent_sequence
31;1;31;4;diversification;6;bb985057aeee;move;;;53;48;;;;;;;;;;True;False;False;False;;ok;15961.245702030155;15374.88634441763;15374.88634441763;15374.88634441763;206;15374.88634441763;1936.0031;586.3593576125259;Evaluated;5.2152;2.2837;64;True;1;
31;1;31;5;diversification;6;bb985057aeee;move;;;20;15;;;;;;;;;;True;False;False;False;;ok;17370.369521467863;15374.88634441763;15374.88634441763;15374.88634441763;207;15374.88634441763;1943.7832;1995.4831770502333;Evaluated;5.3122;2.4652;64;True;1;
31;1;31;6;diversification;6;bb985057aeee;move;;;50;47;;;;;;;;;;True;False;False;False;;ok;15378.34893401507;15374.88634441763;15374.88634441763;15374.88634441763;208;15374.88634441763;1951.3925;3.4625895974404557;Evaluated;5.3341;2.2725;64;True;1;
31;1;31;7;diversification;6;bb985057aeee;move;;;30;45;;;;;;;;;;True;False;False;True;;ok;15367.852987565253;15374.88634441763;15374.88634441763;15374.88634441763;209;15374.88634441763;1962.5652;-7.033356852376528;Evaluated;8.9029;2.2689;64;True;2;duplicate_for_same_parent_sequence
31;1;31;8;diversification;6;bb985057aeee;move;;;15;8;;;;;;;;;;True;False;False;False;;ok;17076.579761686273;15374.88634441763;15374.88634441763;15374.88634441763;210;15374.88634441763;1970.1385;1701.6934172686433;Evaluated;5.0985;2.4715;64;True;1;
31;1;31;9;diversification;6;bb985057aeee;move;;;28;35;;;;;;;;;;True;False;False;False;;ok;15668.006047470075;15374.88634441763;15374.88634441763;15374.88634441763;211;15374.88634441763;1977.574;293.1197030524454;Evaluated;5.171;2.2614;64;True;1;
31;1;31;10;diversification;6;bb985057aeee;move;;;52;40;;;;;;;;;;True;False;False;True;;ok;16060.346574284933;15374.88634441763;15374.88634441763;15374.88634441763;212;15374.88634441763;1985.1681;685.4602298673035;Evaluated;5.3132;2.2782;64;True;1;
31;1;31;;diversification;0;;;;;;;;;;;;;;;;;;;;;End-of-iteration summary row;;;15367.852987565253;15367.852987565253;212;15367.852987565253;1985.1846;;IterationSummary;;;;;;
32;1;32;1;normal;0;7237db20e7f0;move;;;5;10;;;;;;;;;;True;False;False;False;;ok;16835.886764036353;15367.852987565253;15367.852987565253;15367.852987565253;213;15367.852987565253;1993.3712;1468.0337764711003;Evaluated;5.7095;2.4718;64;True;1;
32;1;32;2;normal;0;7237db20e7f0;swap;17;20;;;;;;;;;;;;True;False;False;False;;ok;17544.129721968646;15367.852987565253;15367.852987565253;15367.852987565253;214;15367.852987565253;2001.3473;2176.2767344033928;Evaluated;5.495;2.48;64;True;1;
32;1;32;3;normal;0;7237db20e7f0;reinsert_block;;;;;;;35;40;28;;;;;True;False;False;False;;ok;16667.844074401542;15367.852987565253;15367.852987565253;15367.852987565253;215;15367.852987565253;2009.4323;1299.9910868362895;Evaluated;5.6156;2.4667;64;True;1;
32;1;32;4;normal;0;7237db20e7f0;move;;;53;48;;;;;;;;;;True;False;False;False;;ok;15946.423054492094;15367.852987565253;15367.852987565253;15367.852987565253;216;15367.852987565253;2017.0047;578.5700669268408;Evaluated;5.275;2.2946;64;True;1;
32;1;32;5;normal;0;7237db20e7f0;move;;;45;30;;;;;;;;;;True;False;False;True;;ok;15374.88634441763;15367.852987565253;15367.852987565253;15367.852987565253;217;15367.852987565253;2024.531;7.033356852376528;Evaluated;5.2362;2.2873;64;True;1;
32;1;32;;normal;1;;;;;;;;;;;;;;;;;;;;;End-of-iteration summary row;;;15367.852987565253;15367.852987565253;217;15367.852987565253;2024.5339;;IterationSummary;;;;;;
33;1;33;1;normal;1;7237db20e7f0;move;;;15;8;;;;;;;;;;True;False;False;False;;ok;17079.17895411822;15367.852987565253;15367.852987565253;15367.852987565253;218;15367.852987565253;2032.6701;1711.3259665529658;Evaluated;5.6543;2.4732;64;True;1;
33;1;33;2;normal;1;7237db20e7f0;swap;18;20;;;;;;;;;;;;True;False;False;False;;ok;16526.633001395123;15367.852987565253;15367.852987565253;15367.852987565253;219;15367.852987565253;2040.3432;1158.7800138298699;Evaluated;5.1816;2.4887;64;True;1;
33;1;33;3;normal;1;7237db20e7f0;move;;;17;10;;;;;;;;;;True;False;False;False;;ok;17100.09858606813;15367.852987565253;15367.852987565253;15367.852987565253;220;15367.852987565253;2051.7144;1732.2455985028755;Evaluated;8.8867;2.4815;64;True;2;duplicate_for_same_parent_sequence
33;1;33;4;normal;1;7237db20e7f0;move;;;52;38;;;;;;;;;;True;False;False;True;;ok;15975.697335196523;15367.852987565253;15367.852987565253;15367.852987565253;221;15367.852987565253;2059.1548;607.8443476312696;Evaluated;5.1432;2.2947;64;True;1;
33;1;33;5;normal;1;7237db20e7f0;move;;;50;47;;;;;;;;;;True;False;False;False;;ok;15650.545543788696;15367.852987565253;15367.852987565253;15367.852987565253;222;15367.852987565253;2066.6618;282.6925562234428;Evaluated;5.2372;2.2682;64;True;1;
33;1;33;;normal;2;;;;;;;;;;;;;;;;;;;;;End-of-iteration summary row;;;15367.852987565253;15367.852987565253;222;15367.852987565253;2066.6627;;IterationSummary;;;;;;
34;1;34;1;normal;2;7237db20e7f0;move;;;8;10;;;;;;;;;;True;False;False;False;;ok;16051.731817339058;15367.852987565253;15367.852987565253;15367.852987565253;223;15367.852987565253;2074.5337;683.8788297738047;Evaluated;5.5759;2.2886;64;True;1;
34;1;34;2;normal;2;7237db20e7f0;move;;;25;30;;;;;;;;;;True;False;False;False;;ok;16301.532190598251;15367.852987565253;15367.852987565253;15367.852987565253;224;15367.852987565253;2085.5531;933.679203032998;Evaluated;8.7236;2.2951;64;True;2;duplicate_for_same_parent_sequence
34;1;34;3;normal;2;7237db20e7f0;move;;;19;36;;;;;;;;;;True;False;False;True;;ok;16481.168269042497;15367.852987565253;15367.852987565253;15367.852987565253;225;15367.852987565253;2097.3184;1113.3152814772438;Evaluated;9.2788;2.4839;64;True;2;duplicate_for_same_parent_sequence
34;1;34;4;normal;2;7237db20e7f0;move;;;50;48;;;;;;;;;;True;False;False;False;;ok;15365.422630681878;15367.852987565253;15367.852987565253;15367.852987565253;226;15367.852987565253;2104.8461;-2.4303568833747704;Evaluated;5.2638;2.2616;64;True;1;
34;1;34;5;normal;2;7237db20e7f0;move;;;40;25;;;;;;;;;;True;False;False;True;;ok;15907.898271293441;15367.852987565253;15367.852987565253;15367.852987565253;227;15367.852987565253;2112.2868;540.0452837281882;Evaluated;5.1612;2.2764;64;True;1;
34;1;34;;normal;0;;;;;;;;;;;;;;;;;;;;;End-of-iteration summary row;;;15365.422630681878;15365.422630681878;227;15365.422630681878;2112.301;;IterationSummary;;;;;;
35;1;35;1;normal;0;789c60747afe;move;;;10;5;;;;;;;;;;True;False;False;False;;ok;16134.564728761065;15365.422630681878;15365.422630681878;15365.422630681878;228;15365.422630681878;2120.3479;769.1420980791863;Evaluated;5.736;2.3048;64;True;1;
35;1;35;2;normal;0;789c60747afe;swap;20;21;;;;;;;;;;;;True;False;False;False;;ok;16375.496519369819;15365.422630681878;15365.422630681878;15365.422630681878;229;15365.422630681878;2128.1005;1010.0738886879408;Evaluated;5.2713;2.4806;64;True;1;
35;1;35;3;normal;0;789c60747afe;reinsert_block;;;;;;;35;40;28;;;;;True;False;False;False;;ok;16674.04779468962;15365.422630681878;15365.422630681878;15365.422630681878;230;15365.422630681878;2136.0281;1308.6251640077426;Evaluated;5.4606;2.4635;64;True;1;
35;1;35;4;normal;0;789c60747afe;move;;;52;49;;;;;;;;;;True;False;False;False;;ok;15625.685368075405;15365.422630681878;15365.422630681878;15365.422630681878;231;15365.422630681878;2143.5274;260.26273739352655;Evaluated;5.2263;2.2698;64;True;1;
35;1;35;5;normal;0;789c60747afe;move;;;52;38;;;;;;;;;;True;False;False;True;;ok;16248.236115275413;15365.422630681878;15365.422630681878;15365.422630681878;232;15365.422630681878;2151.0582;882.8134845935347;Evaluated;5.247;2.2812;64;True;1;
35;1;35;;normal;1;;;;;;;;;;;;;;;;;;;;;End-of-iteration summary row;;;15365.422630681878;15365.422630681878;232;15365.422630681878;2151.0597;;IterationSummary;;;;;;
36;1;36;1;normal;1;789c60747afe;move;;;7;3;;;;;;;;;;True;False;False;False;;ok;17285.537500008293;15365.422630681878;15365.422630681878;15365.422630681878;233;15365.422630681878;2162.615;1920.114869326415;Evaluated;9.075;2.4699;64;True;2;duplicate_for_same_parent_sequence
36;1;36;2;normal;1;789c60747afe;move;;;35;28;;;;;;;;;;True;False;False;False;;ok;15748.22297678107;15365.422630681878;15365.422630681878;15365.422630681878;234;15365.422630681878;2173.7026;382.8003460991913;Evaluated;8.8222;2.2647;64;True;2;duplicate_for_same_parent_sequence
36;1;36;3;normal;1;789c60747afe;move;;;39;27;;;;;;;;;;True;False;False;True;;ok;15875.530033518744;15365.422630681878;15365.422630681878;15365.422630681878;235;15365.422630681878;2185.0127;510.10740283686573;Evaluated;9.0411;2.2678;64;True;2;duplicate_for_same_parent_sequence
36;1;36;4;normal;1;789c60747afe;move;;;56;48;;;;;;;;;;True;False;False;False;;ok;15656.715873745166;15365.422630681878;15365.422630681878;15365.422630681878;236;15365.422630681878;2192.4653;291.2932430632882;Evaluated;5.1853;2.2647;64;True;1;
36;1;36;5;normal;1;789c60747afe;move;;;25;30;;;;;;;;;;True;False;False;False;;ok;16387.86434184922;15365.422630681878;15365.422630681878;15365.422630681878;237;15365.422630681878;2200.441;1022.4417111673429;Evaluated;5.5035;2.4698;64;True;1;
36;1;36;;normal;2;;;;;;;;;;;;;;;;;;;;;End-of-iteration summary row;;;15365.422630681878;15365.422630681878;237;15365.422630681878;2200.4424;;IterationSummary;;;;;;
37;1;37;1;normal;2;789c60747afe;move;;;5;10;;;;;;;;;;True;False;False;False;;ok;16916.712508913286;15365.422630681878;15365.422630681878;15365.422630681878;238;15365.422630681878;2211.6253;1551.2898782314078;Evaluated;8.6865;2.4887;64;True;2;duplicate_for_same_parent_sequence
37;1;37;2;normal;2;789c60747afe;swap;18;20;;;;;;;;;;;;True;False;False;False;;ok;16611.169879511268;15365.422630681878;15365.422630681878;15365.422630681878;239;15365.422630681878;2219.2611;1245.7472488293897;Evaluated;5.1695;2.463;64;True;1;
37;1;37;3;normal;2;789c60747afe;reinsert_block;;;;;;;40;45;32;;;;;True;False;False;True;;ok;16742.534706962477;15365.422630681878;15365.422630681878;15365.422630681878;240;15365.422630681878;2227.005;1377.1120762805986;Evaluated;5.2694;2.4715;64;True;1;
37;1;37;4;normal;2;789c60747afe;move;;;50;30;;;;;;;;;;True;False;False;True;;ok;15371.99082927895;15365.422630681878;15365.422630681878;15365.422630681878;241;15365.422630681878;2238.0173;6.568198597071387;Evaluated;8.7486;2.2608;64;True;2;duplicate_for_same_parent_sequence
37;1;37;5;normal;2;789c60747afe;move;;;40;25;;;;;;;;;;True;False;False;True;;ok;15907.898271293441;15365.422630681878;15365.422630681878;15365.422630681878;242;15365.422630681878;2245.4253;542.475640611563;Evaluated;5.1381;2.2671;64;True;1;
37;1;37;;normal;3;;;;;;;;;;;;;;;;;;;;;End-of-iteration summary row;;;15365.422630681878;15365.422630681878;242;15365.422630681878;2245.4285;;IterationSummary;;;;;;
38;1;38;1;diversification;3;789c60747afe;move;;;8;2;;;;;;;;;;True;False;False;False;;ok;16093.741377776592;15365.422630681878;15365.422630681878;15365.422630681878;243;15365.422630681878;2253.257;728.3187470947141;Evaluated;5.5318;2.2833;64;True;1;
38;1;38;2;diversification;3;789c60747afe;reinsert_block;;;;;;;25;30;16;;;;;True;False;False;True;;ok;16646.481383341015;15365.422630681878;15365.422630681878;15365.422630681878;244;15365.422630681878;2261.2604;1281.058752659137;Evaluated;5.4946;2.5076;64;True;1;
38;1;38;3;diversification;3;789c60747afe;swap;32;47;;;;;;;;;;;;True;False;False;True;;ok;15774.633138675283;15365.422630681878;15365.422630681878;15365.422630681878;245;15365.422630681878;2268.8441;409.21050799340446;Evaluated;5.3082;2.273;64;True;1;
38;1;38;4;diversification;3;789c60747afe;move;;;50;42;;;;;;;;;;True;False;False;False;;ok;15363.523623173623;15365.422630681878;15365.422630681878;15365.422630681878;246;15365.422630681878;2276.2985;-1.8990075082547264;EvaluatedImprovementDespiteDiversificationMismatch;5.1694;2.2823;64;True;1;
38;1;38;5;diversification;3;789c60747afe;move;;;30;25;;;;;;;;;;True;False;False;False;;ok;15376.269876692453;15365.422630681878;15365.422630681878;15365.422630681878;247;15365.422630681878;2284.1009;10.847246010574963;Evaluated;5.5422;2.2576;64;True;1;
38;1;38;6;diversification;3;789c60747afe;move;;;40;15;;;;;;;;;;True;False;False;True;;ok;17108.914632653854;15365.422630681878;15365.422630681878;15365.422630681878;248;15365.422630681878;2295.2683;1743.4920019719757;Evaluated;8.6916;2.4752;64;True;2;duplicate_for_same_parent_sequence
38;1;38;7;diversification;3;789c60747afe;swap;10;15;;;;;;;;;;;;True;False;False;False;;ok;17198.196022249453;15365.422630681878;15365.422630681878;15365.422630681878;249;15365.422630681878;2306.4431;1832.7733915675744;Evaluated;8.6975;2.4766;64;True;2;duplicate_for_same_parent_sequence
38;1;38;8;diversification;3;789c60747afe;move;;;15;20;;;;;;;;;;True;False;False;False;;ok;16018.872576919683;15365.422630681878;15365.422630681878;15365.422630681878;250;15365.422630681878;2313.9039;653.4499462378044;Evaluated;5.1693;2.2886;64;True;1;
38;1;38;9;diversification;3;789c60747afe;move;;;41;27;;;;;;;;;;True;False;False;True;;ok;15887.464972271056;15365.422630681878;15365.422630681878;15365.422630681878;251;15365.422630681878;2325.0046;522.0423415891782;Evaluated;8.8227;2.2753;64;True;2;duplicate_for_same_parent_sequence
38;1;38;10;diversification;3;789c60747afe;move;;;52;40;;;;;;;;;;True;False;False;True;;ok;16569.20510227134;15365.422630681878;15365.422630681878;15365.422630681878;252;15365.422630681878;2332.8337;1203.7824715894603;Evaluated;5.3587;2.4673;64;True;1;
38;1;38;;diversification;0;;;;;;;;;;;;;;;;;;;;;End-of-iteration summary row;;;15363.523623173623;15363.523623173623;252;15363.523623173623;2332.8466;;IterationSummary;;;;;;
39;1;39;1;normal;0;e571e456876b;move;;;13;5;;;;;;;;;;True;False;False;False;;ok;16819.680086341585;15363.523623173623;15363.523623173623;15363.523623173623;253;15363.523623173623;2341.0533;1456.1564631679612;Evaluated;5.7113;2.4888;64;True;1;
39;1;39;2;normal;0;e571e456876b;swap;17;20;;;;;;;;;;;;True;False;False;False;;ok;17529.191030128055;15363.523623173623;15363.523623173623;15363.523623173623;254;15363.523623173623;2348.7683;2165.6674069544315;Evaluated;5.2388;2.4754;64;True;1;
39;1;39;3;normal;0;e571e456876b;reinsert_block;;;;;;;35;40;28;;;;;True;False;False;False;;ok;16674.1831031765;15363.523623173623;15363.523623173623;15363.523623173623;255;15363.523623173623;2356.7361;1310.659480002876;Evaluated;5.5079;2.4571;64;True;1;
39;1;39;4;normal;0;e571e456876b;move;;;50;49;;;;;;;;;;True;False;False;False;;ok;15363.523623173623;15363.523623173623;15363.523623173623;15363.523623173623;256;15363.523623173623;2364.4469;0.0;Evaluated;5.4412;2.267;64;True;1;
39;1;39;5;normal;0;e571e456876b;move;;;25;18;;;;;;;;;;True;False;False;False;;ok;16437.378377496607;15363.523623173623;15363.523623173623;15363.523623173623;257;15363.523623173623;2372.1944;1073.8547543229834;Evaluated;5.2599;2.4867;64;True;1;
39;1;39;;normal;1;;;;;;;;;;;;;;;;;;;;;End-of-iteration summary row;;;15363.523623173623;15363.523623173623;257;15363.523623173623;2372.1971;;IterationSummary;;;;;;
40;1;40;1;normal;1;e571e456876b;move;;;20;8;;;;;;;;;;True;False;False;True;;ok;17178.125603597753;15363.523623173623;15363.523623173623;15363.523623173623;258;15363.523623173623;2383.6114;1814.6019804241296;Evaluated;8.9282;2.4767;64;True;2;duplicate_for_same_parent_sequence
40;1;40;2;normal;1;e571e456876b;swap;18;20;;;;;;;;;;;;True;False;False;False;;ok;16512.84317089341;15363.523623173623;15363.523623173623;15363.523623173623;259;15363.523623173623;2391.474;1149.3195477197878;Evaluated;5.3625;2.4975;64;True;1;
40;1;40;3;normal;1;e571e456876b;move;;;17;25;;;;;;;;;;True;False;False;False;;ok;16437.736785118628;15363.523623173623;15363.523623173623;15363.523623173623;260;15363.523623173623;2403.2508;1074.2131619450047;Evaluated;9.2805;2.4937;64;True;2;duplicate_for_same_parent_sequence
40;1;40;4;normal;1;e571e456876b;move;;;52;40;;;;;;;;;;True;False;False;True;;ok;16380.653611070426;15363.523623173623;15363.523623173623;15363.523623173623;261;15363.523623173623;2410.7732;1017.129987896802;Evaluated;5.227;2.2938;64;True;1;
40;1;40;5;normal;1;e571e456876b;move;;;13;8;;;;;;;;;;True;False;False;False;;ok;17421.4881628064;15363.523623173623;15363.523623173623;15363.523623173623;262;15363.523623173623;2421.7637;2057.964539632776;Evaluated;8.5218;2.4661;64;True;2;duplicate_for_same_parent_sequence
40;1;40;;normal;2;;;;;;;;;;;;;;;;;;;;;End-of-iteration summary row;;;15363.523623173623;15363.523623173623;262;15363.523623173623;2421.7644;;IterationSummary;;;;;;
41;1;41;1;normal;2;e571e456876b;move;;;10;5;;;;;;;;;;True;False;False;False;;ok;16067.419856956882;15363.523623173623;15363.523623173623;15363.523623173623;263;15363.523623173623;2429.6115;703.8962337832581;Evaluated;5.5566;2.285;64;True;1;
41;1;41;2;normal;2;e571e456876b;swap;19;25;;;;;;;;;;;;True;False;False;False;;ok;16952.000374991767;15363.523623173623;15363.523623173623;15363.523623173623;264;15363.523623173623;2440.4243;1588.4767518181434;Evaluated;8.3324;2.4797;64;True;2;duplicate_for_same_parent_sequence
41;1;41;3;normal;2;e571e456876b;move;;;17;5;;;;;;;;;;True;False;False;True;;ok;17025.458143208794;15363.523623173623;15363.523623173623;15363.523623173623;265;15363.523623173623;2452.1029;1661.9345200351709;Evaluated;9.2094;2.4657;64;True;2;duplicate_for_same_parent_sequence
41;1;41;4;normal;2;e571e456876b;move;;;50;47;;;;;;;;;;True;False;False;False;;ok;15813.78243060218;15363.523623173623;15363.523623173623;15363.523623173623;266;15363.523623173623;2459.5925;450.2588074285559;Evaluated;5.2268;2.26;64;True;1;
41;1;41;5;normal;2;e571e456876b;move;;;35;15;;;;;;;;;;True;False;False;True;;ok;16735.94791251218;15363.523623173623;15363.523623173623;15363.523623173623;267;15363.523623173623;2470.6143;1372.4242893385563;Evaluated;8.5358;2.4827;64;True;2;duplicate_for_same_parent_sequence
41;1;41;;normal;3;;;;;;;;;;;;;;;;;;;;;End-of-iteration summary row;;;15363.523623173623;15363.523623173623;267;15363.523623173623;2470.6171;;IterationSummary;;;;;;
42;1;42;1;diversification;3;e571e456876b;move;;;13;5;;;;;;;;;;False;True;False;;;ok;;15363.523623173623;15363.523623173623;15363.523623173623;267;15363.523623173623;2483.0376;;DuplicateForSameParentSequenceAfterRetries;12.4119;;;;3;duplicate_for_same_parent_sequence
42;1;42;2;diversification;3;e571e456876b;reinsert_block;;;;;;;20;25;35;;;;;True;False;False;True;;ok;16474.544521767846;15363.523623173623;15363.523623173623;15363.523623173623;268;15363.523623173623;2491.1325;1111.0208985942227;Evaluated;5.613;2.4809;64;True;1;
42;1;42;3;diversification;3;e571e456876b;swap;32;47;;;;;;;;;;;;True;False;False;True;;ok;17010.329295588264;15363.523623173623;15363.523623173623;15363.523623173623;269;15363.523623173623;2498.8304;1646.8056724146409;Evaluated;5.2249;2.4704;64;True;1;
42;1;42;4;diversification;3;e571e456876b;move;;;30;50;;;;;;;;;;True;False;False;True;;ok;15600.19546208574;15363.523623173623;15363.523623173623;15363.523623173623;270;15363.523623173623;2509.781;236.67183891211607;Evaluated;8.6362;2.3116;64;True;2;duplicate_for_same_parent_sequence
42;1;42;5;diversification;3;e571e456876b;move;;;20;8;;;;;;;;;;False;True;False;;;ok;;15363.523623173623;15363.523623173623;15363.523623173623;270;15363.523623173623;2521.8318;;DuplicateForSameParentSequenceAfterRetries;12.0482;;;;3;duplicate_for_same_parent_sequence
42;1;42;6;diversification;3;e571e456876b;move;;;45;35;;;;;;;;;;True;False;False;True;;ok;15371.296110562176;15363.523623173623;15363.523623173623;15363.523623173623;271;15363.523623173623;2532.8;7.77248738855269;Evaluated;8.679;2.2882;64;True;2;duplicate_for_same_parent_sequence
42;1;42;7;diversification;3;e571e456876b;swap;13;25;;;;;;;;;;;;True;False;False;True;;ok;16332.80552259585;15363.523623173623;15363.523623173623;15363.523623173623;272;15363.523623173623;2543.9854;969.2818994222271;Evaluated;8.6867;2.4961;64;True;2;duplicate_for_same_parent_sequence
42;1;42;8;diversification;3;e571e456876b;move;;;14;20;;;;;;;;;;True;False;False;False;;ok;16006.747352118133;15363.523623173623;15363.523623173623;15363.523623173623;273;15363.523623173623;2551.6496;643.2237289445093;Evaluated;5.3536;2.3074;64;True;1;
42;1;42;9;diversification;3;e571e456876b;move;;;28;35;;;;;;;;;;True;False;False;False;;ok;15647.909030055062;15363.523623173623;15363.523623173623;15363.523623173623;274;15363.523623173623;2559.2103;284.38540688143803;Evaluated;5.2622;2.296;64;True;1;
42;1;42;10;diversification;3;e571e456876b;move;;;56;49;;;;;;;;;;True;False;False;False;;ok;15361.7420101737;15363.523623173623;15363.523623173623;15363.523623173623;275;15363.523623173623;2566.7948;-1.7816129999227996;EvaluatedImprovementDespiteDiversificationMismatch;5.2912;2.2906;64;True;1;
42;1;42;;diversification;0;;;;;;;;;;;;;;;;;;;;;End-of-iteration summary row;;;15361.7420101737;15361.7420101737;275;15361.7420101737;2566.8057;;IterationSummary;;;;;;
43;1;43;1;normal;0;e6a9bda769ae;move;;;10;5;;;;;;;;;;True;False;False;False;;ok;16071.540965283912;15361.7420101737;15361.7420101737;15361.7420101737;276;15361.7420101737;2574.7946;709.798955110211;Evaluated;5.6699;2.3112;64;True;1;
43;1;43;2;normal;0;e6a9bda769ae;swap;20;25;;;;;;;;;;;;True;False;False;False;;ok;16460.3763068305;15361.7420101737;15361.7420101737;15361.7420101737;277;15361.7420101737;2582.5924;1098.6342966568009;Evaluated;5.4812;2.3159;64;True;1;
43;1;43;3;normal;0;e6a9bda769ae;reinsert_block;;;;;;;35;40;28;;;;;True;False;False;False;;ok;16672.040739201206;15361.7420101737;15361.7420101737;15361.7420101737;278;15361.7420101737;2590.6889;1310.298729027505;Evaluated;5.5693;2.524;64;True;1;
43;1;43;4;normal;0;e6a9bda769ae;move;;;45;30;;;;;;;;;;True;False;False;True;;ok;15831.974854510478;15361.7420101737;15361.7420101737;15361.7420101737;279;15361.7420101737;2598.2024;470.2328443367769;Evaluated;5.1962;2.3139;64;True;1;
43;1;43;5;normal;0;e6a9bda769ae;move;;;54;20;;;;;;;;;;True;False;False;True;;ok;16960.393614616107;15361.7420101737;15361.7420101737;15361.7420101737;280;15361.7420101737;2605.9327;1598.651604442406;Evaluated;5.2251;2.5026;64;True;1;
43;1;43;;normal;1;;;;;;;;;;;;;;;;;;;;;End-of-iteration summary row;;;15361.7420101737;15361.7420101737;280;15361.7420101737;2605.9355;;IterationSummary;;;;;;
44;1;44;1;normal;1;e6a9bda769ae;move;;;14;20;;;;;;;;;;True;False;False;False;;ok;15580.438243723513;15361.7420101737;15361.7420101737;15361.7420101737;281;15361.7420101737;2613.9349;218.69623354981195;Evaluated;5.7086;2.2762;64;True;1;
44;1;44;2;normal;1;e6a9bda769ae;swap;17;25;;;;;;;;;;;;True;False;False;False;;ok;15616.079936930306;15361.7420101737;15361.7420101737;15361.7420101737;282;15361.7420101737;2621.622;254.33792675660516;Evaluated;5.3915;2.293;64;True;1;
44;1;44;3;normal;1;e6a9bda769ae;move;;;36;29;;;;;;;;;;True;False;False;False;;ok;16853.17697835375;15361.7420101737;15361.7420101737;15361.7420101737;283;15361.7420101737;2633.5352;1491.4349681800486;Evaluated;9.3948;2.5171;64;True;2;duplicate_for_same_parent_sequence
44;1;44;4;normal;1;e6a9bda769ae;move;;;50;47;;;;;;;;;;True;False;False;False;;ok;15538.621186515016;15361.7420101737;15361.7420101737;15361.7420101737;284;15361.7420101737;2641.0092;176.87917634131554;Evaluated;5.1776;2.2957;64;True;1;
44;1;44;5;normal;1;e6a9bda769ae;move;;;30;15;;;;;;;;;;True;False;False;True;;ok;15385.094906434544;15361.7420101737;15361.7420101737;15361.7420101737;285;15361.7420101737;2651.7644;23.35289626084341;Evaluated;8.4739;2.2785;64;True;2;duplicate_for_same_parent_sequence
44;1;44;;normal;2;;;;;;;;;;;;;;;;;;;;;End-of-iteration summary row;;;15361.7420101737;15361.7420101737;285;15361.7420101737;2651.767;;IterationSummary;;;;;;
45;1;45;1;normal;2;e6a9bda769ae;move;;;8;4;;;;;;;;;;True;False;False;False;;ok;17180.88455778022;15361.7420101737;15361.7420101737;15361.7420101737;286;15361.7420101737;2663.4894;1819.1425476065197;Evaluated;9.222;2.4922;64;True;2;duplicate_for_same_parent_sequence
45;1;45;2;normal;2;e6a9bda769ae;swap;18;20;;;;;;;;;;;;True;False;False;False;;ok;16505.999165621444;15361.7420101737;15361.7420101737;15361.7420101737;287;15361.7420101737;2671.2167;1144.2571554477436;Evaluated;5.2171;2.5077;64;True;1;
45;1;45;3;normal;2;e6a9bda769ae;move;;;40;35;;;;;;;;;;True;False;False;False;;ok;15665.726252467139;15361.7420101737;15361.7420101737;15361.7420101737;288;15361.7420101737;2682.5124;303.984242293438;Evaluated;9.0042;2.2885;64;True;2;duplicate_for_same_parent_sequence
45;1;45;4;normal;2;e6a9bda769ae;move;;;52;40;;;;;;;;;;True;False;False;True;;ok;15704.30344449936;15361.7420101737;15361.7420101737;15361.7420101737;289;15361.7420101737;2689.9094;342.5614343256584;Evaluated;5.0984;2.2959;64;True;1;
45;1;45;5;normal;2;e6a9bda769ae;move;;;25;30;;;;;;;;;;True;False;False;False;;ok;16287.542455705729;15361.7420101737;15361.7420101737;15361.7420101737;290;15361.7420101737;2697.4889;925.8004455320279;Evaluated;5.255;2.322;64;True;1;
45;1;45;;normal;3;;;;;;;;;;;;;;;;;;;;;End-of-iteration summary row;;;15361.7420101737;15361.7420101737;290;15361.7420101737;2697.4919;;IterationSummary;;;;;;
46;1;46;1;diversification;3;e6a9bda769ae;move;;;8;15;;;;;;;;;;True;False;False;False;;ok;16130.050505726764;15361.7420101737;15361.7420101737;15361.7420101737;291;15361.7420101737;2705.3608;768.308495553063;Evaluated;5.5483;2.3128;64;True;1;
46;1;46;2;diversification;3;e6a9bda769ae;reinsert_block;;;;;;;16;20;35;;;;;True;False;False;True;;ok;17146.03358344382;15361.7420101737;15361.7420101737;15361.7420101737;292;15361.7420101737;2713.4759;1784.2915732701185;Evaluated;5.6053;2.5092;64;True;1;
46;1;46;3;diversification;3;e6a9bda769ae;swap;35;40;;;;;;;;;;;;True;False;False;False;;ok;15440.588323468022;15361.7420101737;15361.7420101737;15361.7420101737;293;15361.7420101737;2720.9818;78.84631329432159;Evaluated;5.2078;2.2962;64;True;1;
46;1;46;4;diversification;3;e6a9bda769ae;move;;;50;30;;;;;;;;;;True;False;False;True;;ok;16511.976239255644;15361.7420101737;15361.7420101737;15361.7420101737;294;15361.7420101737;2728.5957;1150.2342290819433;Evaluated;5.291;2.3202;64;True;1;
46;1;46;5;diversification;3;e6a9bda769ae;move;;;15;20;;;;;;;;;;True;False;False;False;;ok;15686.535954402605;15361.7420101737;15361.7420101737;15361.7420101737;295;15361.7420101737;2739.6936;324.79394422890437;Evaluated;8.7977;2.2976;64;True;2;duplicate_for_same_parent_sequence
46;1;46;6;diversification;3;e6a9bda769ae;move;;;23;10;;;;;;;;;;True;False;False;True;;ok;17061.312593580547;15361.7420101737;15361.7420101737;15361.7420101737;296;15361.7420101737;2747.4987;1699.5705834068467;Evaluated;5.3242;2.4785;64;True;1;
46;1;46;7;diversification;3;e6a9bda769ae;move;;;10;25;;;;;;;;;;True;False;False;True;;ok;16433.563443634903;15361.7420101737;15361.7420101737;15361.7420101737;297;15361.7420101737;2754.9252;1071.821433461202;Evaluated;5.1172;2.3067;64;True;1;
46;1;46;8;diversification;3;e6a9bda769ae;move;;;15;8;;;;;;;;;;True;False;False;False;;ok;17060.750516955948;15361.7420101737;15361.7420101737;15361.7420101737;298;15361.7420101737;2762.7075;1699.0085067822474;Evaluated;5.2613;2.5186;64;True;1;
46;1;46;9;diversification;3;e6a9bda769ae;move;;;47;29;;;;;;;;;;True;False;False;True;;ok;16878.208625007046;15361.7420101737;15361.7420101737;15361.7420101737;299;15361.7420101737;2773.8809;1516.4666148333454;Evaluated;8.6618;2.509;64;True;2;duplicate_for_same_parent_sequence
46;1;46;10;diversification;3;e6a9bda769ae;swap;48;52;;;;;;;;;;;;True;False;False;False;;ok;15362.026709057789;15361.7420101737;15361.7420101737;15361.7420101737;300;15361.7420101737;2785.0992;0.28469888408835686;Evaluated;8.9271;2.2905;64;True;2;duplicate_for_same_parent_sequence
46;1;46;;diversification;4;;;;;;;;;;;;;;;;;;;;;End-of-iteration summary row;;;15361.7420101737;15361.7420101737;300;15361.7420101737;2785.1018;;IterationSummary;;;;;;
47;1;47;1;diversification;4;e6a9bda769ae;move;;;20;35;;;;;;;;;;True;False;False;True;;ok;16312.906873041153;15361.7420101737;15361.7420101737;15361.7420101737;301;15361.7420101737;2793.3266;951.164862867452;Evaluated;5.7164;2.4927;64;True;1;
47;1;47;2;diversification;4;e6a9bda769ae;reinsert_block;;;;;;;20;23;16;;;;;True;False;False;False;;ok;17363.553353607476;15361.7420101737;15361.7420101737;15361.7420101737;302;15361.7420101737;2801.4376;2001.8113434337756;Evaluated;5.6248;2.4833;64;True;1;
47;1;47;3;diversification;4;e6a9bda769ae;swap;36;42;;;;;;;;;;;;True;False;False;False;;ok;15406.472230403204;15361.7420101737;15361.7420101737;15361.7420101737;303;15361.7420101737;2812.2224;44.730220229503175;Evaluated;8.4762;2.3058;64;True;2;duplicate_for_same_parent_sequence
47;1;47;4;diversification;4;e6a9bda769ae;move;;;48;30;;;;;;;;;;True;False;False;True;;ok;15662.719786427733;15361.7420101737;15361.7420101737;15361.7420101737;304;15361.7420101737;2819.749;300.9777762540325;Evaluated;5.2133;2.3109;64;True;1;
47;1;47;5;diversification;4;e6a9bda769ae;move;;;20;10;;;;;;;;;;True;False;False;True;;ok;17032.685351742402;15361.7420101737;15361.7420101737;15361.7420101737;305;15361.7420101737;2831.0669;1670.9433415687017;Evaluated;8.8218;2.4933;64;True;2;duplicate_for_same_parent_sequence
47;1;47;6;diversification;4;e6a9bda769ae;move;;;40;52;;;;;;;;;;True;False;False;True;;ok;15657.249836428164;15361.7420101737;15361.7420101737;15361.7420101737;306;15361.7420101737;2838.7162;295.507826254463;Evaluated;5.3552;2.2935;64;True;1;
47;1;47;7;diversification;4;e6a9bda769ae;move;;;18;22;;;;;;;;;;True;False;False;False;;ok;16634.206131192746;15361.7420101737;15361.7420101737;15361.7420101737;307;15361.7420101737;2850.1254;1272.4641210190457;Evaluated;8.8984;2.5083;64;True;2;duplicate_for_same_parent_sequence
47;1;47;8;diversification;4;e6a9bda769ae;move;;;23;40;;;;;;;;;;True;False;False;True;;ok;15772.426979656497;15361.7420101737;15361.7420101737;15361.7420101737;308;15361.7420101737;2861.219;410.6849694827961;Evaluated;8.7846;2.3063;64;True;2;duplicate_for_same_parent_sequence
47;1;47;9;diversification;4;e6a9bda769ae;move;;;27;30;;;;;;;;;;True;False;False;False;;ok;15368.941536709322;15361.7420101737;15361.7420101737;15361.7420101737;309;15361.7420101737;2868.7265;7.1995265356217715;Evaluated;5.1997;2.3053;64;True;1;
47;1;47;10;diversification;4;e6a9bda769ae;move;;;54;30;;;;;;;;;;True;False;False;True;;ok;16504.31459452455;15361.7420101737;15361.7420101737;15361.7420101737;310;15361.7420101737;2876.5052;1142.572584350848;Evaluated;5.2818;2.4938;64;True;1;
47;1;47;;diversification;5;;;;;;;;;;;;;;;;;;;;;End-of-iteration summary row;;;15361.7420101737;15361.7420101737;310;15361.7420101737;2876.5079;;IterationSummary;;;;;;
48;1;48;1;diversification;5;e6a9bda769ae;move;;;10;35;;;;;;;;;;True;False;False;True;;ok;15853.441752262012;15361.7420101737;15361.7420101737;15361.7420101737;311;15361.7420101737;2884.529;491.6997420883108;Evaluated;5.7136;2.2915;64;True;1;
48;1;48;2;diversification;5;e6a9bda769ae;reinsert_block;;;;;;;20;23;16;;;;;False;True;False;;;ok;;15361.7420101737;15361.7420101737;15361.7420101737;311;15361.7420101737;2897.864;;DuplicateForSameParentSequenceAfterRetries;13.3321;;;;3;duplicate_for_same_parent_sequence
48;1;48;3;diversification;5;e6a9bda769ae;swap;35;42;;;;;;;;;;;;True;False;False;False;;ok;15798.7862629706;15361.7420101737;15361.7420101737;15361.7420101737;312;15361.7420101737;2905.486;437.04425279689895;Evaluated;5.3104;2.3106;64;True;1;
48;1;48;4;diversification;5;e6a9bda769ae;move;;;56;30;;;;;;;;;;True;False;False;True;;ok;16742.42529628846;15361.7420101737;15361.7420101737;15361.7420101737;313;15361.7420101737;2913.1222;1380.6832861147595;Evaluated;5.3002;2.3331;64;True;1;
48;1;48;5;diversification;5;e6a9bda769ae;move;;;50;31;;;;;;;;;;True;False;False;True;;ok;16607.29044111605;15361.7420101737;15361.7420101737;15361.7420101737;314;15361.7420101737;2920.9221;1245.5484309423482;Evaluated;5.299;2.4982;64;True;1;
48;1;48;6;diversification;5;e6a9bda769ae;move;;;28;36;;;;;;;;;;True;False;False;False;;ok;15647.909030055062;15361.7420101737;15361.7420101737;15361.7420101737;315;15361.7420101737;2931.8829;286.16701988136083;Evaluated;8.6685;2.2898;64;True;2;duplicate_for_same_parent_sequence
48;1;48;7;diversification;5;e6a9bda769ae;move;;;56;48;;;;;;;;;;True;False;False;False;;ok;15218.263366540115;15361.7420101737;15361.7420101737;15361.7420101737;316;15361.7420101737;2939.4655;-143.4786436335853;EvaluatedImprovementDespiteDiversificationMismatch;5.2729;2.309;64;True;1;
48;1;48;8;diversification;5;e6a9bda769ae;move;;;45;20;;;;;;;;;;True;False;False;True;;ok;16700.569570146297;15361.7420101737;15361.7420101737;15361.7420101737;317;15361.7420101737;2947.272;1338.8275599725966;Evaluated;5.2894;2.5138;64;True;1;
48;1;48;9;diversification;5;e6a9bda769ae;move;;;50;35;;;;;;;;;;True;False;False;True;;ok;15898.165676799785;15361.7420101737;15361.7420101737;15361.7420101737;318;15361.7420101737;2954.8643;536.423666626084;Evaluated;5.2938;2.2959;64;True;1;
48;1;48;10;diversification;5;e6a9bda769ae;move;;;28;35;;;;;;;;;;True;False;False;False;;ok;15647.909030055062;15361.7420101737;15361.7420101737;15361.7420101737;319;15361.7420101737;2966.399;286.16701988136083;Evaluated;9.245;2.2879;64;True;2;duplicate_for_same_parent_sequence
48;1;48;;diversification;0;;;;;;;;;;;;;;;;;;;;;End-of-iteration summary row;;;15218.263366540115;15218.263366540115;319;15218.263366540115;2966.4163;;IterationSummary;;;;;;
49;1;49;1;normal;0;3ebbc26b12bd;move;;;20;35;;;;;;;;;;True;False;False;True;;ok;16170.124240726122;15218.263366540115;15218.263366540115;15218.263366540115;320;15218.263366540115;2974.519;951.8608741860062;Evaluated;5.7761;2.3212;64;True;1;
49;1;49;2;normal;0;3ebbc26b12bd;swap;20;21;;;;;;;;;;;;True;False;False;False;;ok;16225.517000152584;15218.263366540115;15218.263366540115;15218.263366540115;321;15218.263366540115;2982.057;1007.2536336124685;Evaluated;5.2278;2.3075;64;True;1;
49;1;49;3;normal;0;3ebbc26b12bd;reinsert_block;;;;;;;35;42;16;;;;;True;False;False;True;;ok;17126.347615990115;15218.263366540115;15218.263366540115;15218.263366540115;322;15218.263366540115;2990.132;1908.0842494499993;Evaluated;5.565;2.507;64;True;1;
49;1;49;4;normal;0;3ebbc26b12bd;move;;;56;30;;;;;;;;;;True;False;False;True;;ok;16513.024548020257;15218.263366540115;15218.263366540115;15218.263366540115;323;15218.263366540115;2997.8499;1294.761181480142;Evaluated;5.2053;2.5095;64;True;1;
49;1;49;5;normal;0;3ebbc26b12bd;move;;;50;31;;;;;;;;;;True;False;False;True;;ok;16559.838375368752;15218.263366540115;15218.263366540115;15218.263366540115;324;15218.263366540115;3005.6059;1341.5750088286368;Evaluated;5.2284;2.5248;64;True;1;
49;1;49;;normal;1;;;;;;;;;;;;;;;;;;;;;End-of-iteration summary row;;;15218.263366540115;15218.263366540115;324;15218.263366540115;3005.609;;IterationSummary;;;;;;
50;1;50;1;normal;1;3ebbc26b12bd;move;;;28;35;;;;;;;;;;True;False;False;False;;ok;15515.606495433347;15218.263366540115;15218.263366540115;15218.263366540115;325;15218.263366540115;3013.4834;297.34312889323155;Evaluated;5.5582;2.3005;64;True;1;
50;1;50;2;normal;1;3ebbc26b12bd;swap;17;20;;;;;;;;;;;;True;False;False;False;;ok;17389.900056173716;15218.263366540115;15218.263366540115;15218.263366540115;326;15218.263366540115;3021.4966;2171.6366896336003;Evaluated;5.4952;2.5151;64;True;1;
50;1;50;3;normal;1;3ebbc26b12bd;reinsert_block;;;;;;;35;41;20;;;;;True;False;False;True;;ok;16009.764224054326;15218.263366540115;15218.263366540115;15218.263366540115;327;15218.263366540115;3029.3661;791.500857514211;Evaluated;5.5694;2.2961;64;True;1;
50;1;50;4;normal;1;3ebbc26b12bd;move;;;56;48;;;;;;;;;;True;False;False;False;;ok;15936.32706673441;15218.263366540115;15218.263366540115;15218.263366540115;328;15218.263366540115;3036.8449;718.0637001942941;Evaluated;5.1828;2.2949;64;True;1;
50;1;50;5;normal;1;3ebbc26b12bd;move;;;52;40;;;;;;;;;;True;False;False;True;;ok;15943.404929507791;15218.263366540115;15218.263366540115;15218.263366540115;329;15218.263366540115;3044.3817;725.1415629676758;Evaluated;5.2233;2.3111;64;True;1;
50;1;50;;normal;2;;;;;;;;;;;;;;;;;;;;;End-of-iteration summary row;;;15218.263366540115;15218.263366540115;329;15218.263366540115;3044.384;;IterationSummary;;;;;;
51;1;51;1;normal;2;3ebbc26b12bd;move;;;14;20;;;;;;;;;;True;False;False;False;;ok;15678.157041357192;15218.263366540115;15218.263366540115;15218.263366540115;330;15218.263366540115;3052.2637;459.8936748170763;Evaluated;5.5747;2.2993;64;True;1;
51;1;51;2;normal;2;3ebbc26b12bd;swap;18;20;;;;;;;;;;;;True;False;False;False;;ok;16371.039287797446;15218.263366540115;15218.263366540115;15218.263366540115;331;15218.263366540115;3060.0642;1152.775921257331;Evaluated;5.4903;2.3076;64;True;1;
51;1;51;3;normal;2;3ebbc26b12bd;move;;;45;30;;;;;;;;;;True;False;False;True;;ok;15780.087151175461;15218.263366540115;15218.263366540115;15218.263366540115;332;15218.263366540115;3071.4001;561.8237846353459;Evaluated;9.041;2.292;64;True;2;duplicate_for_same_parent_sequence
51;1;51;4;normal;2;3ebbc26b12bd;move;;;56;40;;;;;;;;;;True;False;False;True;;ok;16095.43775598552;15218.263366540115;15218.263366540115;15218.263366540115;333;15218.263366540115;3079.0056;877.1743894454048;Evaluated;5.297;2.3056;64;True;1;
51;1;51;5;normal;2;3ebbc26b12bd;move;;;40;15;;;;;;;;;;True;False;False;True;;ok;16882.29325744201;15218.263366540115;15218.263366540115;15218.263366540115;334;15218.263366540115;3090.1991;1664.029890901893;Evaluated;8.6871;2.5032;64;True;2;duplicate_for_same_parent_sequence
51;1;51;;normal;3;;;;;;;;;;;;;;;;;;;;;End-of-iteration summary row;;;15218.263366540115;15218.263366540115;334;15218.263366540115;3090.1999;;IterationSummary;;;;;;
52;1;52;1;diversification;3;3ebbc26b12bd;move;;;10;5;;;;;;;;;;True;False;False;False;;ok;15934.491480221475;15218.263366540115;15218.263366540115;15218.263366540115;335;15218.263366540115;3098.4055;716.2281136813599;Evaluated;5.9006;2.2977;64;True;1;
52;1;52;2;diversification;3;3ebbc26b12bd;reinsert_block;;;;;;;18;24;35;;;;;True;False;False;True;;ok;15811.727121655445;15218.263366540115;15218.263366540115;15218.263366540115;336;15218.263366540115;3106.3114;593.4637551153301;Evaluated;5.6173;2.2855;64;True;1;
52;1;52;3;diversification;3;3ebbc26b12bd;swap;35;40;;;;;;;;;;;;True;False;False;False;;ok;15287.400171486734;15218.263366540115;15218.263366540115;15218.263366540115;337;15218.263366540115;3113.8167;69.13680494661821;Evaluated;5.2252;2.2773;64;True;1;
52;1;52;4;diversification;3;3ebbc26b12bd;move;;;50;47;;;;;;;;;;True;False;False;False;;ok;15218.616195185386;15218.263366540115;15218.263366540115;15218.263366540115;338;15218.263366540115;3121.4472;0.3528286452710745;Evaluated;5.309;2.3191;64;True;1;
52;1;52;5;diversification;3;3ebbc26b12bd;move;;;50;36;;;;;;;;;;True;False;False;True;;ok;16581.887417160055;15218.263366540115;15218.263366540115;15218.263366540115;339;15218.263366540115;3129.2379;1363.6240506199392;Evaluated;5.3034;2.4864;64;True;1;
52;1;52;6;diversification;3;3ebbc26b12bd;move;;;50;49;;;;;;;;;;True;False;False;False;;ok;15218.263366540115;15218.263366540115;15218.263366540115;15218.263366540115;340;15218.263366540115;3136.8322;0.0;Evaluated;5.2939;2.2978;64;True;1;
52;1;52;7;diversification;3;3ebbc26b12bd;move;;;42;10;;;;;;;;;;True;False;False;True;;ok;16916.27198226869;15218.263366540115;15218.263366540115;15218.263366540115;341;15218.263366540115;3144.6199;1698.0086157285732;Evaluated;5.2781;2.5089;64;True;1;
52;1;52;8;diversification;3;3ebbc26b12bd;move;;;25;10;;;;;;;;;;True;False;False;True;;ok;16940.292802280743;15218.263366540115;15218.263366540115;15218.263366540115;342;15218.263366540115;3152.415;1722.0294357406274;Evaluated;5.2999;2.4924;64;True;1;
52;1;52;9;diversification;3;3ebbc26b12bd;move;;;25;30;;;;;;;;;;True;False;False;False;;ok;16136.449408224733;15218.263366540115;15218.263366540115;15218.263366540115;343;15218.263366540115;3159.9893;918.1860416846175;Evaluated;5.2927;2.281;64;True;1;
52;1;52;10;diversification;3;3ebbc26b12bd;move;;;52;35;;;;;;;;;;True;False;False;True;;ok;16859.319927750606;15218.263366540115;15218.263366540115;15218.263366540115;344;15218.263366540115;3171.2088;1641.056561210491;Evaluated;8.7264;2.4905;64;True;2;duplicate_for_same_parent_sequence
52;1;52;;diversification;4;;;;;;;;;;;;;;;;;;;;;End-of-iteration summary row;;;15218.263366540115;15218.263366540115;344;15218.263366540115;3171.2095;;IterationSummary;;;;;;
53;1;53;1;diversification;4;3ebbc26b12bd;move;;;3;25;;;;;;;;;;True;False;False;True;;ok;16813.825079136408;15218.263366540115;15218.263366540115;15218.263366540115;345;15218.263366540115;3182.9167;1595.5617125962926;Evaluated;9.217;2.4845;64;True;2;duplicate_for_same_parent_sequence
53;1;53;2;diversification;4;3ebbc26b12bd;reinsert_block;;;;;;;20;24;35;;;;;True;False;False;True;;ok;16379.779777892405;15218.263366540115;15218.263366540115;15218.263366540115;346;15218.263366540115;3190.9616;1161.5164113522897;Evaluated;5.5504;2.4938;64;True;1;
53;1;53;3;diversification;4;3ebbc26b12bd;swap;40;52;;;;;;;;;;;;True;False;False;True;;ok;15939.14709050855;15218.263366540115;15218.263366540115;15218.263366540115;347;15218.263366540115;3198.4267;720.8837239684344;Evaluated;5.1704;2.294;64;True;1;
53;1;53;4;diversification;4;3ebbc26b12bd;move;;;50;40;;;;;;;;;;True;False;False;True;;ok;16625.51435059723;15218.263366540115;15218.263366540115;15218.263366540115;348;15218.263366540115;3206.4039;1407.2509840571147;Evaluated;5.4972;2.4793;64;True;1;
53;1;53;5;diversification;4;3ebbc26b12bd;move;;;14;25;;;;;;;;;;True;False;False;True;;ok;16545.85257783784;15218.263366540115;15218.263366540115;15218.263366540115;349;15218.263366540115;3217.574;1327.5892112977235;Evaluated;8.8396;2.3298;64;True;2;duplicate_for_same_parent_sequence
53;1;53;6;diversification;4;3ebbc26b12bd;move;;;28;15;;;;;;;;;;True;False;False;True;;ok;17214.623641677837;15218.263366540115;15218.263366540115;15218.263366540115;350;15218.263366540115;3228.7726;1996.360275137722;Evaluated;8.7134;2.4827;64;True;2;duplicate_for_same_parent_sequence
53;1;53;7;diversification;4;3ebbc26b12bd;move;;;30;20;;;;;;;;;;True;False;False;True;;ok;15226.886604791873;15218.263366540115;15218.263366540115;15218.263366540115;351;15218.263366540115;3239.7546;8.623238251757357;Evaluated;8.7039;2.2771;64;True;2;duplicate_for_same_parent_sequence
53;1;53;8;diversification;4;3ebbc26b12bd;move;;;30;5;;;;;;;;;;True;False;False;True;;ok;15232.108598264831;15218.263366540115;15218.263366540115;15218.263366540115;352;15218.263366540115;3250.7185;13.845231724715632;Evaluated;8.677;2.2843;64;True;2;duplicate_for_same_parent_sequence
53;1;53;9;diversification;4;3ebbc26b12bd;move;;;27;30;;;;;;;;;;True;False;False;False;;ok;15271.534389302087;15218.263366540115;15218.263366540115;15218.263366540115;353;15218.263366540115;3258.447;53.271022761971835;Evaluated;5.4252;2.2997;64;True;1;
53;1;53;10;diversification;4;3ebbc26b12bd;swap;40;41;;;;;;;;;;;;True;False;False;False;;ok;15359.19344682867;15218.263366540115;15218.263366540115;15218.263366540115;354;15218.263366540115;3269.5061;140.93008028855547;Evaluated;8.7696;2.2871;64;True;2;duplicate_for_same_parent_sequence
53;1;53;;diversification;5;;;;;;;;;;;;;;;;;;;;;End-of-iteration summary row;;;15218.263366540115;15218.263366540115;354;15218.263366540115;3269.5074;;IterationSummary;;;;;;
54;1;54;1;diversification;5;3ebbc26b12bd;move;;;7;30;;;;;;;;;;True;False;False;True;;ok;16672.37925598508;15218.263366540115;15218.263366540115;15218.263366540115;355;15218.263366540115;3281.0393;1454.1158894449654;Evaluated;9.0205;2.5043;64;True;2;duplicate_for_same_parent_sequence
54;1;54;2;diversification;5;3ebbc26b12bd;move;;;18;35;;;;;;;;;;True;False;False;True;;ok;15743.114924597323;15218.263366540115;15218.263366540115;15218.263366540115;356;15218.263366540115;3292.3546;524.8515580572075;Evaluated;9.0071;2.305;64;True;2;duplicate_for_same_parent_sequence
54;1;54;3;diversification;5;3ebbc26b12bd;swap;35;42;;;;;;;;;;;;True;False;False;False;;ok;15659.772346908112;15218.263366540115;15218.263366540115;15218.263366540115;357;15218.263366540115;3299.959;441.5089803679966;Evaluated;5.3026;2.2985;64;True;1;
54;1;54;4;diversification;5;3ebbc26b12bd;move;;;53;48;;;;;;;;;;True;False;False;False;;ok;15348.929152259878;15218.263366540115;15218.263366540115;15218.263366540115;358;15218.263366540115;3310.9428;130.66578571976243;Evaluated;8.6962;2.2848;64;True;2;duplicate_for_same_parent_sequence
54;1;54;5;diversification;5;3ebbc26b12bd;move;;;45;20;;;;;;;;;;True;False;False;True;;ok;16592.989970842682;15218.263366540115;15218.263366540115;15218.263366540115;359;15218.263366540115;3318.6093;1374.7266043025666;Evaluated;5.3472;2.3167;64;True;1;
54;1;54;6;diversification;5;3ebbc26b12bd;move;;;28;17;;;;;;;;;;True;False;False;True;;ok;17117.119781985984;15218.263366540115;15218.263366540115;15218.263366540115;360;15218.263366540115;3329.7572;1898.856415445869;Evaluated;8.6512;2.496;64;True;2;duplicate_for_same_parent_sequence
54;1;54;7;diversification;5;3ebbc26b12bd;move;;;25;40;;;;;;;;;;True;False;False;True;;ok;15893.155160402637;15218.263366540115;15218.263366540115;15218.263366540115;361;15218.263366540115;3340.7975;674.8917938625218;Evaluated;8.7452;2.2942;64;True;2;duplicate_for_same_parent_sequence
54;1;54;8;diversification;5;3ebbc26b12bd;move;;;14;35;;;;;;;;;;True;False;False;True;;ok;16564.426316238765;15218.263366540115;15218.263366540115;15218.263366540115;362;15218.263366540115;3351.7906;1346.1629496986498;Evaluated;8.4674;2.525;64;True;2;duplicate_for_same_parent_sequence
54;1;54;9;diversification;5;3ebbc26b12bd;move;;;45;25;;;;;;;;;;True;False;False;True;;ok;16318.823324764156;15218.263366540115;15218.263366540115;15218.263366540115;363;15218.263366540115;3359.3893;1100.559958224041;Evaluated;5.2706;2.3259;64;True;1;
54;1;54;10;diversification;5;3ebbc26b12bd;move;;;50;35;;;;;;;;;;True;False;False;True;;ok;16568.807696431737;15218.263366540115;15218.263366540115;15218.263366540115;364;15218.263366540115;3370.6632;1350.5443298916216;Evaluated;8.7888;2.4823;64;True;2;duplicate_for_same_parent_sequence
54;1;54;;diversification;6;;;;;;;;;;;;;;;;;;;;;End-of-iteration summary row;;;15218.263366540115;15218.263366540115;364;15218.263366540115;3370.666;;IterationSummary;;;;;;
55;1;55;1;diversification;6;3ebbc26b12bd;move;;;5;20;;;;;;;;;;True;False;False;True;;ok;16710.20286018786;15218.263366540115;15218.263366540115;15218.263366540115;365;15218.263366540115;3378.817;1491.9394936477438;Evaluated;5.6129;2.5222;64;True;1;
55;1;55;2;diversification;6;3ebbc26b12bd;reinsert_block;;;;;;;18;25;35;;;;;True;False;False;True;;ok;16411.70033469792;15218.263366540115;15218.263366540115;15218.263366540115;366;15218.263366540115;3386.8722;1193.4369681578064;Evaluated;5.5679;2.4867;64;True;1;
55;1;55;3;diversification;6;3ebbc26b12bd;swap;32;47;;;;;;;;;;;;True;False;False;True;;ok;16769.891841913686;15218.263366540115;15218.263366540115;15218.263366540115;367;15218.263366540115;3398.2977;1551.6284753735708;Evaluated;8.9304;2.4936;64;True;2;duplicate_for_same_parent_sequence
55;1;55;4;diversification;6;3ebbc26b12bd;move;;;60;20;;;;;;;;;;True;False;False;True;;ok;16408.782340592334;15218.263366540115;15218.263366540115;15218.263366540115;368;15218.263366540115;3409.3355;1190.5189740522183;Evaluated;8.724;2.3113;64;True;2;duplicate_for_same_parent_sequence
55;1;55;5;diversification;6;3ebbc26b12bd;move;;;17;4;;;;;;;;;;True;False;False;True;;ok;16988.544151101753;15218.263366540115;15218.263366540115;15218.263366540115;369;15218.263366540115;3420.4909;1770.2807845616371;Evaluated;8.634;2.5185;64;True;2;duplicate_for_same_parent_sequence
55;1;55;6;diversification;6;3ebbc26b12bd;move;;;50;20;;;;;;;;;;True;False;False;True;;ok;16444.93480045041;15218.263366540115;15218.263366540115;15218.263366540115;370;15218.263366540115;3428.1726;1226.6714339102946;Evaluated;5.3414;2.3395;64;True;1;
55;1;55;7;diversification;6;3ebbc26b12bd;move;;;18;45;;;;;;;;;;True;False;False;True;;ok;15369.355222388556;15218.263366540115;15218.263366540115;15218.263366540115;371;15218.263366540115;3439.1169;151.0918558484409;Evaluated;8.6431;2.2972;64;True;2;duplicate_for_same_parent_sequence
55;1;55;8;diversification;6;3ebbc26b12bd;move;;;27;35;;;;;;;;;;True;False;False;False;;ok;15380.641223559573;15218.263366540115;15218.263366540115;15218.263366540115;372;15218.263366540115;3446.7001;162.37785701945722;Evaluated;5.302;2.2785;64;True;1;
55;1;55;9;diversification;6;3ebbc26b12bd;move;;;28;10;;;;;;;;;;True;False;False;True;;ok;16978.43269821518;15218.263366540115;15218.263366540115;15218.263366540115;373;15218.263366540115;3458.0622;1760.1693316750643;Evaluated;8.8603;2.4996;64;True;2;duplicate_for_same_parent_sequence
55;1;55;10;diversification;6;3ebbc26b12bd;move;;;28;30;;;;;;;;;;True;False;False;False;;ok;16229.011050003894;15218.263366540115;15218.263366540115;15218.263366540115;374;15218.263366540115;3469.3596;1010.7476834637782;Evaluated;8.9766;2.3182;64;True;2;duplicate_for_same_parent_sequence
55;1;55;;diversification;7;;;;;;;;;;;;;;;;;;;;;End-of-iteration summary row;;;15218.263366540115;15218.263366540115;374;15218.263366540115;3469.363;;IterationSummary;;;;;;
56;1;56;1;diversification;7;3ebbc26b12bd;move;;;8;30;;;;;;;;;;True;False;False;True;;ok;16275.132345381086;15218.263366540115;15218.263366540115;15218.263366540115;375;15218.263366540115;3481.0952;1056.8689788409702;Evaluated;9.428;2.2902;64;True;2;duplicate_for_same_parent_sequence
56;1;56;2;diversification;7;3ebbc26b12bd;move;;;40;25;;;;;;;;;;True;False;False;True;;ok;15931.694503834065;15218.263366540115;15218.263366540115;15218.263366540115;376;15218.263366540115;3492.0904;713.4311372939501;Evaluated;8.7073;2.2847;64;True;2;duplicate_for_same_parent_sequence
56;1;56;3;diversification;7;3ebbc26b12bd;move;;;35;10;;;;;;;;;;True;False;False;True;;ok;17166.83232470964;15218.263366540115;15218.263366540115;15218.263366540115;377;15218.263366540115;3503.5429;1948.568958169526;Evaluated;8.9371;2.5123;64;True;2;duplicate_for_same_parent_sequence
56;1;56;4;diversification;7;3ebbc26b12bd;move;;;60;48;;;;;;;;;;True;False;False;True;;ok;15473.834164808371;15218.263366540115;15218.263366540115;15218.263366540115;378;15218.263366540115;3514.6239;255.5707982682561;Evaluated;8.7876;2.2901;64;True;2;duplicate_for_same_parent_sequence
56;1;56;5;diversification;7;3ebbc26b12bd;move;;;30;15;;;;;;;;;;True;False;False;True;;ok;15390.79584211543;15218.263366540115;15218.263366540115;15218.263366540115;379;15218.263366540115;3522.4967;172.5324755753154;Evaluated;5.5826;2.2875;64;True;1;
56;1;56;6;diversification;7;3ebbc26b12bd;move;;;20;40;;;;;;;;;;True;False;False;True;;ok;16790.49106951934;15218.263366540115;15218.263366540115;15218.263366540115;380;15218.263366540115;3533.9299;1572.227702979224;Evaluated;8.9323;2.4982;64;True;2;duplicate_for_same_parent_sequence
56;1;56;7;diversification;7;3ebbc26b12bd;move;;;14;30;;;;;;;;;;True;False;False;True;;ok;16549.613987764817;15218.263366540115;15218.263366540115;15218.263366540115;381;15218.263366540115;3545.1173;1331.3506212247012;Evaluated;8.6508;2.5332;64;True;2;duplicate_for_same_parent_sequence
56;1;56;8;diversification;7;3ebbc26b12bd;move;;;15;8;;;;;;;;;;True;False;False;False;;ok;16924.949288323285;15218.263366540115;15218.263366540115;15218.263366540115;382;15218.263366540115;3556.212;1706.6859217831698;Evaluated;8.5793;2.5148;64;True;2;duplicate_for_same_parent_sequence
56;1;56;9;diversification;7;3ebbc26b12bd;move;;;24;30;;;;;;;;;;True;False;False;False;;ok;16161.653894315747;15218.263366540115;15218.263366540115;15218.263366540115;383;15218.263366540115;3563.8564;943.3905277756312;Evaluated;5.3516;2.29;64;True;1;
56;1;56;10;diversification;7;3ebbc26b12bd;swap;48;50;;;;;;;;;;;;True;False;False;False;;ok;15364.43724051264;15218.263366540115;15218.263366540115;15218.263366540115;384;15218.263366540115;3574.8722;146.17387397252423;Evaluated;8.7341;2.2787;64;True;2;duplicate_for_same_parent_sequence
56;1;56;;diversification;8;;;;;;;;;;;;;;;;;;;;;End-of-iteration summary row;;;15218.263366540115;15218.263366540115;384;15218.263366540115;3574.8751;;IterationSummary;;;;;;
57;1;57;1;diversification;8;3ebbc26b12bd;move;;;10;25;;;;;;;;;;True;False;False;True;;ok;16298.335811509896;15218.263366540115;15218.263366540115;15218.263366540115;385;15218.263366540115;3583.1092;1080.072444969781;Evaluated;5.9113;2.3081;64;True;1;
57;1;57;2;diversification;8;3ebbc26b12bd;reinsert_block;;;;;;;20;26;8;;;;;True;False;False;True;;ok;17083.715089205045;15218.263366540115;15218.263366540115;15218.263366540115;386;15218.263366540115;3594.9491;1865.4517226649295;Evaluated;9.3198;2.5195;64;True;2;duplicate_for_same_parent_sequence
57;1;57;3;diversification;8;3ebbc26b12bd;move;;;35;10;;;;;;;;;;False;True;False;;;ok;;15218.263366540115;15218.263366540115;15218.263366540115;386;15218.263366540115;3607.3311;;DuplicateForSameParentSequenceAfterRetries;12.3793;;;;3;duplicate_for_same_parent_sequence
57;1;57;4;diversification;8;3ebbc26b12bd;move;;;60;25;;;;;;;;;;True;False;False;True;;ok;15935.433996163012;15218.263366540115;15218.263366540115;15218.263366540115;387;15218.263366540115;3618.5911;717.1706296228967;Evaluated;8.9548;2.3041;64;True;2;duplicate_for_same_parent_sequence
57;1;57;5;diversification;8;3ebbc26b12bd;move;;;28;40;;;;;;;;;;True;False;False;True;;ok;15530.237630221549;15218.263366540115;15218.263366540115;15218.263366540115;388;15218.263366540115;3630.0077;311.9742636814335;Evaluated;9.1174;2.2946;64;True;2;duplicate_for_same_parent_sequence
57;1;57;6;diversification;8;3ebbc26b12bd;move;;;35;18;;;;;;;;;;True;False;False;True;;ok;16612.59188460201;15218.263366540115;15218.263366540115;15218.263366540115;389;15218.263366540115;3641.2414;1394.328518061895;Evaluated;8.7484;2.4827;64;True;2;duplicate_for_same_parent_sequence
57;1;57;7;diversification;8;3ebbc26b12bd;move;;;40;25;;;;;;;;;;False;True;False;;;ok;;15218.263366540115;15218.263366540115;15218.263366540115;389;15218.263366540115;3653.3459;;DuplicateForSameParentSequenceAfterRetries;12.1015;;;;3;duplicate_for_same_parent_sequence
57;1;57;8;diversification;8;3ebbc26b12bd;move;;;30;40;;;;;;;;;;True;False;False;True;;ok;16287.310115069216;15218.263366540115;15218.263366540115;15218.263366540115;390;15218.263366540115;3664.4044;1069.046748529101;Evaluated;8.7504;2.3071;64;True;2;duplicate_for_same_parent_sequence
57;1;57;9;diversification;8;3ebbc26b12bd;move;;;35;18;;;;;;;;;;False;True;False;;;ok;;15218.263366540115;15218.263366540115;15218.263366540115;390;15218.263366540115;3676.4909;;DuplicateForSameParentSequenceAfterRetries;12.0858;;;;3;duplicate_for_same_parent_sequence
57;1;57;10;diversification;8;3ebbc26b12bd;move;;;40;35;;;;;;;;;;True;False;False;False;;ok;15360.234040986088;15218.263366540115;15218.263366540115;15218.263366540115;391;15218.263366540115;3684.0639;141.9706744459727;Evaluated;5.2661;2.3058;64;True;1;
57;1;57;;diversification;9;;;;;;;;;;;;;;;;;;;;;End-of-iteration summary row;;;15218.263366540115;15218.263366540115;391;15218.263366540115;3684.0646;;IterationSummary;;;;;;
58;1;58;1;diversification;9;3ebbc26b12bd;move;;;5;20;;;;;;;;;;False;True;False;;;ok;;15218.263366540115;15218.263366540115;15218.263366540115;391;15218.263366540115;3696.7877;;DuplicateForSameParentSequenceAfterRetries;12.7177;;;;3;duplicate_for_same_parent_sequence
58;1;58;2;diversification;9;3ebbc26b12bd;reinsert_block;;;;;;;20;26;10;;;;;True;False;False;True;;ok;17094.437838062742;15218.263366540115;15218.263366540115;15218.263366540115;392;15218.263366540115;3704.7911;1876.1744715226268;Evaluated;5.5051;2.4972;64;True;1;
58;1;58;3;diversification;9;3ebbc26b12bd;swap;42;38;;;;;;;;;;;;True;False;False;False;;ok;15441.98037938454;15218.263366540115;15218.263366540115;15218.263366540115;393;15218.263366540115;3712.2359;223.71701284442497;Evaluated;5.1556;2.2856;64;True;1;
58;1;58;4;diversification;9;3ebbc26b12bd;move;;;53;48;;;;;;;;;;False;True;True;;;ok;;15218.263366540115;15218.263366540115;15218.263366540115;393;15218.263366540115;3724.3222;;DuplicateForSameParentSequenceAfterRetries;12.0835;;;;3;duplicate_for_same_parent_sequence
58;1;58;5;diversification;9;3ebbc26b12bd;move;;;15;20;;;;;;;;;;True;False;False;False;;ok;15556.269863026551;15218.263366540115;15218.263366540115;15218.263366540115;394;15218.263366540115;3731.8386;338.00649648643594;Evaluated;5.2239;2.2915;64;True;1;
58;1;58;6;diversification;9;3ebbc26b12bd;move;;;50;45;;;;;;;;;;True;False;False;False;;ok;16569.643093260755;15218.263366540115;15218.263366540115;15218.263366540115;395;15218.263366540115;3799.1007;1351.3797267206392;Evaluated;64.7977;2.4637;64;True;1;
58;1;58;7;diversification;9;3ebbc26b12bd;move;;;27;10;;;;;;;;;;True;False;False;True;;ok;15225.792908274561;15218.263366540115;15218.263366540115;15218.263366540115;396;15218.263366540115;3810.1337;7.5295417344459565;Evaluated;8.7475;2.2822;64;True;2;duplicate_for_same_parent_sequence
58;1;58;8;diversification;9;3ebbc26b12bd;move;;;37;45;;;;;;;;;;True;False;False;False;;ok;16504.200652382424;15218.263366540115;15218.263366540115;15218.263366540115;397;15218.263366540115;3821.1085;1285.9372858423085;Evaluated;8.4653;2.5088;64;True;2;duplicate_for_same_parent_sequence
58;1;58;9;diversification;9;3ebbc26b12bd;move;;;27;40;;;;;;;;;;True;False;False;True;;ok;15479.665028662874;15218.263366540115;15218.263366540115;15218.263366540115;398;15218.263366540115;3828.6198;261.40166212275835;Evaluated;5.2072;2.3012;64;True;1;
58;1;58;10;diversification;9;3ebbc26b12bd;move;;;48;52;;;;;;;;;;True;False;False;False;;ok;16020.200384450496;15218.263366540115;15218.263366540115;15218.263366540115;399;15218.263366540115;3836.2109;801.9370179103807;Evaluated;5.2773;2.3111;64;True;1;
58;2;0;;diversification;0;;;;;;;;;;;;;;;;;;;;;End-of-iteration summary row;;;16641.404845676683;15218.263366540115;400;15218.263366540115;3838.7363;;IterationSummary;;;;;;
59;2;1;1;normal;0;0f63cf6f404e;move;;;5;20;;;;;;;;;;True;False;False;True;;ok;17525.99366737325;16641.404845676683;16641.404845676683;15218.263366540115;401;15218.263366540115;3846.4902;884.5888216965686;Evaluated;5.2479;2.5009;64;True;1;
59;2;1;2;normal;0;0f63cf6f404e;swap;18;20;;;;;;;;;;;;True;False;False;False;;ok;17394.129398115478;16641.404845676683;16641.404845676683;15218.263366540115;402;15218.263366540115;3853.8274;752.7245524387945;Evaluated;4.8592;2.4748;64;True;1;
59;2;1;3;normal;0;0f63cf6f404e;reinsert_block;;;;;;;32;40;52;;;;;True;False;False;True;;ok;16801.367603007337;16641.404845676683;16641.404845676683;15218.263366540115;403;15218.263366540115;3861.5702;159.9627573306534;Evaluated;5.2362;2.5058;64;True;1;
59;2;1;4;normal;0;0f63cf6f404e;move;;;53;48;;;;;;;;;;True;False;False;False;;ok;16186.543991006518;16641.404845676683;16641.404845676683;15218.263366540115;404;15218.263366540115;3869.0386;-454.8608546701653;Evaluated;5.1507;2.3151;64;True;1;
59;2;1;5;normal;0;0f63cf6f404e;move;;;18;35;;;;;;;;;;True;False;False;True;;ok;16708.54981944035;16641.404845676683;16641.404845676683;15218.263366540115;405;15218.263366540115;3879.7773;67.14497376366853;Evaluated;8.2237;2.5144;64;True;2;duplicate_for_same_parent_sequence
59;2;1;;normal;0;;;;;;;;;;;;;;;;;;;;;End-of-iteration summary row;;;16186.543991006518;15218.263366540115;405;15218.263366540115;3879.7923;;IterationSummary;;;;;;
60;2;2;1;normal;0;f56cf31d26c0;move;;;7;12;;;;;;;;;;True;False;False;False;;ok;16183.277348292837;16186.543991006518;16186.543991006518;15218.263366540115;406;15218.263366540115;3887.3692;-3.2666427136809943;Evaluated;5.2479;2.3218;64;True;1;
60;2;2;2;normal;0;f56cf31d26c0;swap;20;21;;;;;;;;;;;;True;False;False;False;;ok;16179.455251896547;16186.543991006518;16186.543991006518;15218.263366540115;407;15218.263366540115;3894.8964;-7.088739109971357;Evaluated;5.2086;2.3158;64;True;1;
60;2;2;3;normal;0;f56cf31d26c0;reinsert_block;;;;;;;35;40;28;;;;;True;False;False;False;;ok;16374.589933093639;16186.543991006518;16186.543991006518;15218.263366540115;408;15218.263366540115;3902.6792;188.04594208712115;Evaluated;5.4474;2.3325;64;True;1;
60;2;2;4;normal;0;f56cf31d26c0;move;;;50;45;;;;;;;;;;True;False;False;False;;ok;16192.105123478601;16186.543991006518;16186.543991006518;15218.263366540115;409;15218.263366540115;3910.3834;5.561132472083045;Evaluated;5.3842;2.3174;64;True;1;
60;2;2;5;normal;0;f56cf31d26c0;move;;;18;25;;;;;;;;;;True;False;False;False;;ok;17093.230699609885;16186.543991006518;16186.543991006518;15218.263366540115;410;15218.263366540115;3918.1188;906.6867086033672;Evaluated;5.2026;2.5303;64;True;1;
60;2;2;;normal;0;;;;;;;;;;;;;;;;;;;;;End-of-iteration summary row;;;16179.455251896547;15218.263366540115;410;15218.263366540115;3918.1367;;IterationSummary;;;;;;
61;2;3;1;normal;0;df7aeab8aa1e;move;;;8;15;;;;;;;;;;True;False;False;False;;ok;16250.57554821327;16179.455251896547;16179.455251896547;15218.263366540115;411;15218.263366540115;3925.9725;71.1202963167234;Evaluated;5.5347;2.2941;64;True;1;
61;2;3;2;normal;0;df7aeab8aa1e;swap;20;21;;;;;;;;;;;;True;False;False;False;;ok;16186.543991006518;16179.455251896547;16179.455251896547;15218.263366540115;412;15218.263366540115;3933.4999;7.088739109971357;Evaluated;5.2099;2.3166;64;True;1;
61;2;3;3;normal;0;df7aeab8aa1e;reinsert_block;;;;;;;35;40;28;;;;;True;False;False;False;;ok;16366.009878220899;16179.455251896547;16179.455251896547;15218.263366540115;413;15218.263366540115;3941.2606;186.55462632435228;Evaluated;5.4563;2.3015;64;True;1;
61;2;3;4;normal;0;df7aeab8aa1e;move;;;50;48;;;;;;;;;;True;False;False;False;;ok;16172.749160631241;16179.455251896547;16179.455251896547;15218.263366540115;414;15218.263366540115;3948.926;-6.706091265305076;Evaluated;5.1657;2.4981;64;True;1;
61;2;3;5;normal;0;df7aeab8aa1e;move;;;20;15;;;;;;;;;;True;False;False;False;;ok;16638.525128251003;16179.455251896547;16179.455251896547;15218.263366540115;415;15218.263366540115;3956.6466;459.06987635445694;Evaluated;5.2236;2.4946;64;True;1;
61;2;3;;normal;0;;;;;;;;;;;;;;;;;;;;;End-of-iteration summary row;;;16172.749160631241;15218.263366540115;415;15218.263366540115;3956.6634;;IterationSummary;;;;;;
62;2;4;1;normal;0;b50fc8e9c70a;move;;;10;5;;;;;;;;;;True;False;False;False;;ok;16906.690431047668;16172.749160631241;16172.749160631241;15218.263366540115;416;15218.263366540115;3964.5557;733.941270416426;Evaluated;5.3862;2.4999;64;True;1;
62;2;4;2;normal;0;b50fc8e9c70a;swap;18;20;;;;;;;;;;;;True;False;False;False;;ok;16639.736923866247;16172.749160631241;16172.749160631241;15218.263366540115;417;15218.263366540115;3972.3501;466.98776323500533;Evaluated;5.4608;2.3306;64;True;1;
62;2;4;3;normal;0;b50fc8e9c70a;reinsert_block;;;;;;;32;40;28;;;;;True;False;False;False;;ok;17040.236058575578;16172.749160631241;16172.749160631241;15218.263366540115;418;15218.263366540115;3980.2451;867.4868979443363;Evaluated;5.3923;2.5001;64;True;1;
62;2;4;4;normal;0;b50fc8e9c70a;move;;;49;52;;;;;;;;;;True;False;False;False;;ok;16174.846542831217;16172.749160631241;16172.749160631241;15218.263366540115;419;15218.263366540115;3987.9701;2.097382199975982;Evaluated;5.4006;2.3216;64;True;1;
62;2;4;5;normal;0;b50fc8e9c70a;move;;;20;15;;;;;;;;;;True;False;False;False;;ok;16642.783612930056;16172.749160631241;16172.749160631241;15218.263366540115;420;15218.263366540115;3995.5127;470.03445229881436;Evaluated;5.2149;2.3247;64;True;1;
62;2;4;;normal;1;;;;;;;;;;;;;;;;;;;;;End-of-iteration summary row;;;16172.749160631241;15218.263366540115;420;15218.263366540115;3995.5155;;IterationSummary;;;;;;
63;2;5;1;normal;1;b50fc8e9c70a;move;;;23;7;;;;;;;;;;True;False;False;True;;ok;16775.068517269417;16172.749160631241;16172.749160631241;15218.263366540115;421;15218.263366540115;4006.711;602.319356638176;Evaluated;8.6798;2.5002;64;True;2;duplicate_for_same_parent_sequence
63;2;5;2;normal;1;b50fc8e9c70a;swap;20;21;;;;;;;;;;;;True;False;False;False;;ok;16182.549948012254;16172.749160631241;16172.749160631241;15218.263366540115;422;15218.263366540115;4014.2786;9.800787381012924;Evaluated;5.2258;2.3382;64;True;1;
63;2;5;3;normal;1;b50fc8e9c70a;reinsert_block;;;;;;;35;40;28;;;;;True;False;False;False;;ok;16366.009878220899;16172.749160631241;16172.749160631241;15218.263366540115;423;15218.263366540115;4022.0346;193.26071758965736;Evaluated;5.4442;2.3086;64;True;1;
63;2;5;4;normal;1;b50fc8e9c70a;move;;;50;48;;;;;;;;;;True;False;False;False;;ok;16172.773998194574;16172.749160631241;16172.749160631241;15218.263366540115;424;15218.263366540115;4029.5111;0.024837563332766877;Evaluated;5.1624;2.3112;64;True;1;
63;2;5;5;normal;1;b50fc8e9c70a;move;;;40;35;;;;;;;;;;True;False;False;False;;ok;15709.455679447688;16172.749160631241;16172.749160631241;15218.263366540115;425;15218.263366540115;4037.0388;-463.293481183553;Evaluated;5.2171;2.3082;64;True;1;
63;2;5;;normal;0;;;;;;;;;;;;;;;;;;;;;End-of-iteration summary row;;;15709.455679447688;15218.263366540115;425;15218.263366540115;4037.0558;;IterationSummary;;;;;;
64;2;6;1;normal;0;06a65872e55e;move;;;10;5;;;;;;;;;;True;False;False;False;;ok;16261.13738615987;15709.455679447688;15709.455679447688;15218.263366540115;426;15218.263366540115;4044.9421;551.681706712181;Evaluated;5.4182;2.4625;64;True;1;
64;2;6;2;normal;0;06a65872e55e;swap;18;20;;;;;;;;;;;;True;False;False;False;;ok;16184.68006133224;15709.455679447688;15709.455679447688;15218.263366540115;427;15218.263366540115;4052.5619;475.2243818845509;Evaluated;5.2997;2.3193;64;True;1;
64;2;6;3;normal;0;06a65872e55e;reinsert_block;;;;;;;32;40;28;;;;;True;False;False;False;;ok;16160.60730202384;15709.455679447688;15709.455679447688;15218.263366540115;428;15218.263366540115;4060.4117;451.15162257615157;Evaluated;5.5349;2.3121;64;True;1;
64;2;6;4;normal;0;06a65872e55e;move;;;50;48;;;;;;;;;;True;False;False;False;;ok;15728.723800733049;15709.455679447688;15709.455679447688;15218.263366540115;429;15218.263366540115;4067.846;19.268121285360394;Evaluated;5.1538;2.2779;64;True;1;
64;2;6;5;normal;0;06a65872e55e;move;;;25;30;;;;;;;;;;True;False;False;False;;ok;16183.614454758395;15709.455679447688;15709.455679447688;15218.263366540115;430;15218.263366540115;4075.2786;474.1587753107069;Evaluated;5.1031;2.3265;64;True;1;
64;2;6;;normal;1;;;;;;;;;;;;;;;;;;;;;End-of-iteration summary row;;;15709.455679447688;15218.263366540115;430;15218.263366540115;4075.2814;;IterationSummary;;;;;;
65;2;7;1;normal;1;06a65872e55e;move;;;3;7;;;;;;;;;;True;False;False;False;;ok;17003.1758703421;15709.455679447688;15709.455679447688;15218.263366540115;431;15218.263366540115;4086.6092;1293.7201908944116;Evaluated;8.8078;2.5121;64;True;2;duplicate_for_same_parent_sequence
65;2;7;2;normal;1;06a65872e55e;move;;;35;40;;;;;;;;;;True;False;False;False;;ok;16172.749160631241;15709.455679447688;15709.455679447688;15218.263366540115;432;15218.263366540115;4097.719;463.293481183553;Evaluated;8.7875;2.3192;64;True;2;duplicate_for_same_parent_sequence
65;2;7;3;normal;1;06a65872e55e;reinsert_block;;;;;;;35;40;28;;;;;True;False;False;False;;ok;15963.843795159348;15709.455679447688;15709.455679447688;15218.263366540115;433;15218.263366540115;4105.9125;254.38811571165934;Evaluated;5.8896;2.3031;64;True;1;
65;2;7;4;normal;1;06a65872e55e;move;;;49;52;;;;;;;;;;True;False;False;False;;ok;15729.813047290472;15709.455679447688;15709.455679447688;15218.263366540115;434;15218.263366540115;4113.4322;20.357367842783788;Evaluated;5.2414;2.2776;64;True;1;
65;2;7;5;normal;1;06a65872e55e;move;;;23;7;;;;;;;;;;True;False;False;True;;ok;16322.308068152246;15709.455679447688;15709.455679447688;15218.263366540115;435;15218.263366540115;4124.2728;612.8523887045576;Evaluated;8.5067;2.3332;64;True;2;duplicate_for_same_parent_sequence
65;2;7;;normal;2;;;;;;;;;;;;;;;;;;;;;End-of-iteration summary row;;;15709.455679447688;15218.263366540115;435;15218.263366540115;4124.2755;;IterationSummary;;;;;;
66;2;8;1;normal;2;06a65872e55e;move;;;5;10;;;;;;;;;;True;False;False;False;;ok;16612.07115287632;15709.455679447688;15709.455679447688;15218.263366540115;436;15218.263366540115;4132.2476;902.615473428632;Evaluated;5.4587;2.4985;64;True;1;
66;2;8;2;normal;2;06a65872e55e;swap;20;21;;;;;;;;;;;;True;False;False;False;;ok;15709.06645355668;15709.455679447688;15709.455679447688;15218.263366540115;437;15218.263366540115;4139.7333;-0.38922589100911864;Evaluated;5.1774;2.3057;64;True;1;
66;2;8;3;normal;2;06a65872e55e;reinsert_block;;;;;;;32;40;5;;;;;True;False;False;True;;ok;16291.51184250423;15709.455679447688;15709.455679447688;15218.263366540115;438;15218.263366540115;4147.5703;582.0561630565408;Evaluated;5.5079;2.3262;64;True;1;
66;2;8;4;normal;2;06a65872e55e;move;;;49;54;;;;;;;;;;True;False;False;False;;ok;15728.968537413539;15709.455679447688;15709.455679447688;15218.263366540115;439;15218.263366540115;4162.2341;19.512857965850344;Evaluated;12.3597;2.3022;64;True;3;duplicate_for_same_parent_sequence
66;2;8;5;normal;2;06a65872e55e;move;;;15;20;;;;;;;;;;True;False;False;False;;ok;15725.947643244628;15709.455679447688;15709.455679447688;15218.263366540115;440;15218.263366540115;4176.6136;16.49196379693967;Evaluated;12.0972;2.2797;64;True;3;duplicate_for_same_parent_sequence
66;2;8;;normal;0;;;;;;;;;;;;;;;;;;;;;End-of-iteration summary row;;;15709.06645355668;15218.263366540115;440;15218.263366540115;4176.6278;;IterationSummary;;;;;;
67;2;9;1;normal;0;64e81453e3b9;move;;;10;5;;;;;;;;;;True;False;False;False;;ok;16262.818544178897;15709.06645355668;15709.06645355668;15218.263366540115;441;15218.263366540115;4184.4786;553.752090622218;Evaluated;5.5199;2.3254;64;True;1;
67;2;9;2;normal;0;64e81453e3b9;swap;17;25;;;;;;;;;;;;True;False;False;False;;ok;15709.06645355668;15709.06645355668;15709.06645355668;15218.263366540115;442;15218.263366540115;4191.8188;0.0;Evaluated;5.0463;2.2911;64;True;1;
67;2;9;3;normal;0;64e81453e3b9;reinsert_block;;;;;;;35;40;28;;;;;True;False;False;False;;ok;15968.696607072323;15709.06645355668;15709.06645355668;15218.263366540115;443;15218.263366540115;4199.5753;259.63015351564354;Evaluated;5.4528;2.3011;64;True;1;
67;2;9;4;normal;0;64e81453e3b9;move;;;52;48;;;;;;;;;;True;False;False;False;;ok;15730.590782491437;15709.06645355668;15709.06645355668;15218.263366540115;444;15218.263366540115;4207.0462;21.52432893475816;Evaluated;5.1725;2.2954;64;True;1;
67;2;9;5;normal;0;64e81453e3b9;move;;;15;20;;;;;;;;;;True;False;False;False;;ok;16652.11570175155;15709.06645355668;15709.06645355668;15218.263366540115;445;15218.263366540115;4214.6216;943.0492481948713;Evaluated;5.0778;2.4951;64;True;1;
67;2;9;;normal;1;;;;;;;;;;;;;;;;;;;;;End-of-iteration summary row;;;15709.06645355668;15218.263366540115;445;15218.263366540115;4214.6252;;IterationSummary;;;;;;
68;2;10;1;normal;1;64e81453e3b9;move;;;7;3;;;;;;;;;;True;False;False;False;;ok;16988.037562664205;15709.06645355668;15709.06645355668;15218.263366540115;446;15218.263366540115;4225.5839;1278.971109107526;Evaluated;8.4568;2.4935;64;True;2;duplicate_for_same_parent_sequence
68;2;10;2;normal;1;64e81453e3b9;swap;18;20;;;;;;;;;;;;True;False;False;False;;ok;16483.536030026837;15709.06645355668;15709.06645355668;15218.263366540115;447;15218.263366540115;4233.0723;774.4695764701573;Evaluated;5.1631;2.3226;64;True;1;
68;2;10;3;normal;1;64e81453e3b9;move;;;37;29;;;;;;;;;;True;False;False;False;;ok;15874.316463274412;15709.06645355668;15709.06645355668;15218.263366540115;448;15218.263366540115;4244.2205;165.2500097177326;Evaluated;8.8517;2.2939;64;True;2;duplicate_for_same_parent_sequence
68;2;10;4;normal;1;64e81453e3b9;move;;;30;25;;;;;;;;;;True;False;False;False;;ok;15718.459566023721;15709.06645355668;15709.06645355668;15218.263366540115;449;15218.263366540115;4255.2164;9.393112467041647;Evaluated;8.6995;2.2957;64;True;2;duplicate_for_same_parent_sequence
68;2;10;5;normal;1;64e81453e3b9;move;;;45;30;;;;;;;;;;True;False;False;True;;ok;16193.923194268267;15709.06645355668;15709.06645355668;15218.263366540115;450;15218.263366540115;4262.7693;484.8567407115879;Evaluated;5.2267;2.3231;64;True;1;
68;2;10;;normal;2;;;;;;;;;;;;;;;;;;;;;End-of-iteration summary row;;;15709.06645355668;15218.263366540115;450;15218.263366540115;4262.772;;IterationSummary;;;;;;
69;2;11;1;normal;2;64e81453e3b9;move;;;10;5;;;;;;;;;;False;True;False;;;ok;;15709.06645355668;15709.06645355668;15218.263366540115;450;15218.263366540115;4275.2478;;DuplicateForSameParentSequenceAfterRetries;12.4663;;;;3;duplicate_for_same_parent_sequence
69;2;11;2;normal;2;64e81453e3b9;swap;20;25;;;;;;;;;;;;True;False;False;False;;ok;16209.899408475418;15709.06645355668;15709.06645355668;15218.263366540115;451;15218.263366540115;4282.7977;500.8329549187383;Evaluated;5.2288;2.3201;64;True;1;
69;2;11;3;normal;2;64e81453e3b9;move;;;41;35;;;;;;;;;;True;False;False;False;;ok;15842.64672300914;15709.06645355668;15709.06645355668;15218.263366540115;452;15218.263366540115;4293.8464;133.58026945246093;Evaluated;8.7316;2.3146;64;True;2;duplicate_for_same_parent_sequence
69;2;11;4;normal;2;64e81453e3b9;move;;;50;53;;;;;;;;;;True;False;False;False;;ok;15709.355700691238;15709.06645355668;15709.06645355668;15218.263366540115;453;15218.263366540115;4304.8048;0.28924713455853635;Evaluated;8.658;2.2996;64;True;2;duplicate_for_same_parent_sequence
69;2;11;5;normal;2;64e81453e3b9;move;;;40;35;;;;;;;;;;True;False;False;False;;ok;15841.766823422298;15709.06645355668;15709.06645355668;15218.263366540115;454;15218.263366540115;4312.0021;132.700369865619;Evaluated;4.9019;2.2946;64;True;1;
69;2;11;;normal;3;;;;;;;;;;;;;;;;;;;;;End-of-iteration summary row;;;15709.06645355668;15218.263366540115;454;15218.263366540115;4312.0047;;IterationSummary;;;;;;
70;2;12;1;diversification;3;64e81453e3b9;move;;;5;10;;;;;;;;;;True;False;False;False;;ok;16612.07115287632;15709.06645355668;15709.06645355668;15218.263366540115;455;15218.263366540115;4319.746;903.0046993196411;Evaluated;5.4086;2.323;64;True;1;
70;2;12;2;diversification;3;64e81453e3b9;reinsert_block;;;;;;;20;25;35;;;;;True;False;False;True;;ok;16723.983301007807;15709.06645355668;15709.06645355668;15218.263366540115;456;15218.263366540115;4327.7697;1014.916847451128;Evaluated;5.5164;2.5038;64;True;1;
70;2;12;3;diversification;3;64e81453e3b9;swap;35;40;;;;;;;;;;;;True;False;False;False;;ok;15713.55386720601;15709.06645355668;15709.06645355668;15218.263366540115;457;15218.263366540115;4335.2333;4.487413649330847;Evaluated;5.1799;2.2799;64;True;1;
70;2;12;4;diversification;3;64e81453e3b9;move;;;50;48;;;;;;;;;;True;False;False;False;;ok;15731.362163203872;15709.06645355668;15709.06645355668;15218.263366540115;458;15218.263366540115;4343.0405;22.29570964719278;Evaluated;5.5152;2.2913;64;True;1;
70;2;12;5;diversification;3;64e81453e3b9;move;;;8;3;;;;;;;;;;True;False;False;False;;ok;16992.22180361596;15709.06645355668;15709.06645355668;15218.263366540115;459;15218.263366540115;4354.2803;1283.1553500592818;Evaluated;8.7098;2.5266;64;True;2;duplicate_for_same_parent_sequence
70;2;12;6;diversification;3;64e81453e3b9;move;;;50;43;;;;;;;;;;True;False;False;False;;ok;15254.60249584334;15709.06645355668;15709.06645355668;15218.263366540115;460;15218.263366540115;4361.8515;-454.46395771333846;EvaluatedImprovementDespiteDiversificationMismatch;5.2752;2.2927;64;True;1;
70;2;12;7;diversification;3;64e81453e3b9;move;;;28;15;;;;;;;;;;True;False;False;True;;ok;16963.17975439911;15709.06645355668;15709.06645355668;15218.263366540115;461;15218.263366540115;4373.0423;1254.1133008424295;Evaluated;8.6658;2.5221;64;True;2;duplicate_for_same_parent_sequence
70;2;12;8;diversification;3;64e81453e3b9;move;;;18;25;;;;;;;;;;True;False;False;False;;ok;16630.66862904774;15709.06645355668;15709.06645355668;15218.263366540115;462;15218.263366540115;4380.6316;921.6021754910616;Evaluated;5.2609;2.3255;64;True;1;
70;2;12;9;diversification;3;64e81453e3b9;move;;;25;30;;;;;;;;;;True;False;False;False;;ok;16177.012917186777;15709.06645355668;15709.06645355668;15218.263366540115;463;15218.263366540115;4388.1945;467.94646363009815;Evaluated;5.2376;2.3222;64;True;1;
70;2;12;10;diversification;3;64e81453e3b9;move;;;49;52;;;;;;;;;;True;False;False;False;;ok;15731.34575328502;15709.06645355668;15709.06645355668;15218.263366540115;464;15218.263366540115;4395.823;22.279299728341357;Evaluated;5.321;2.3042;64;True;1;
70;2;12;;diversification;0;;;;;;;;;;;;;;;;;;;;;End-of-iteration summary row;;;15254.60249584334;15218.263366540115;464;15218.263366540115;4395.8408;;IterationSummary;;;;;;
71;2;13;1;normal;0;f3854d08557a;move;;;7;3;;;;;;;;;;True;False;False;False;;ok;16834.802030163057;15254.60249584334;15254.60249584334;15218.263366540115;465;15218.263366540115;4403.9175;1580.199534319716;Evaluated;5.5716;2.4978;64;True;1;
71;2;13;2;normal;0;f3854d08557a;swap;20;25;;;;;;;;;;;;True;False;False;False;;ok;16047.11886265248;15254.60249584334;15254.60249584334;15218.263366540115;466;15218.263366540115;4411.4379;792.5163668091391;Evaluated;5.2175;2.301;64;True;1;
71;2;13;3;normal;0;f3854d08557a;reinsert_block;;;;;;;35;40;25;;;;;True;False;False;True;;ok;15780.683297319682;15254.60249584334;15254.60249584334;15218.263366540115;467;15218.263366540115;4419.2508;526.0808014763406;Evaluated;5.5158;2.294;64;True;1;
71;2;13;4;normal;0;f3854d08557a;move;;;56;48;;;;;;;;;;True;False;False;False;;ok;15258.163456816319;15254.60249584334;15254.60249584334;15218.263366540115;468;15218.263366540115;4426.7469;3.560960972978137;Evaluated;5.22;2.2754;64;True;1;
71;2;13;5;normal;0;f3854d08557a;move;;;50;48;;;;;;;;;;True;False;False;False;;ok;15273.015348248056;15254.60249584334;15254.60249584334;15218.263366540115;469;15218.263366540115;4434.1228;18.412852404715522;Evaluated;5.0954;2.2774;64;True;1;
71;2;13;;normal;1;;;;;;;;;;;;;;;;;;;;;End-of-iteration summary row;;;15254.60249584334;15218.263366540115;469;15218.263366540115;4434.126;;IterationSummary;;;;;;
72;2;14;1;normal;1;f3854d08557a;move;;;10;5;;;;;;;;;;True;False;False;False;;ok;16252.388079285694;15254.60249584334;15254.60249584334;15218.263366540115;470;15218.263366540115;4445.1446;997.7855834423535;Evaluated;8.7227;2.286;64;True;2;duplicate_for_same_parent_sequence
72;2;14;2;normal;1;f3854d08557a;swap;18;25;;;;;;;;;;;;True;False;False;False;;ok;16315.815903288689;15254.60249584334;15254.60249584334;15218.263366540115;471;15218.263366540115;4452.8359;1061.213407445348;Evaluated;5.3737;2.3145;64;True;1;
72;2;14;3;normal;1;f3854d08557a;reinsert_block;;;;;;;35;40;28;;;;;True;False;False;False;;ok;15579.492980460333;15254.60249584334;15254.60249584334;15218.263366540115;472;15218.263366540115;4460.6709;324.89048461699167;Evaluated;5.5435;2.2882;64;True;1;
72;2;14;4;normal;1;f3854d08557a;move;;;50;43;;;;;;;;;;True;False;False;False;;ok;15810.259714893864;15254.60249584334;15254.60249584334;15218.263366540115;473;15218.263366540115;4468.1782;555.657219050523;Evaluated;5.2054;2.2989;64;True;1;
72;2;14;5;normal;1;f3854d08557a;move;;;30;25;;;;;;;;;;True;False;False;False;;ok;15255.062224385536;15254.60249584334;15254.60249584334;15218.263366540115;474;15218.263366540115;4475.9592;0.4597285421950801;Evaluated;5.4647;2.3139;64;True;1;
72;2;14;;normal;2;;;;;;;;;;;;;;;;;;;;;End-of-iteration summary row;;;15254.60249584334;15218.263366540115;474;15218.263366540115;4475.9617;;IterationSummary;;;;;;
73;2;15;1;normal;2;f3854d08557a;move;;;8;3;;;;;;;;;;True;False;False;False;;ok;16658.461867889757;15254.60249584334;15254.60249584334;15218.263366540115;475;15218.263366540115;4490.7065;1403.859372046416;Evaluated;12.408;2.3247;64;True;3;duplicate_for_same_parent_sequence
73;2;15;2;normal;2;f3854d08557a;swap;17;25;;;;;;;;;;;;True;False;False;False;;ok;15254.60249584334;15254.60249584334;15254.60249584334;15218.263366540115;476;15218.263366540115;4498.3944;0.0;Evaluated;5.3863;2.2986;64;True;1;
73;2;15;3;normal;2;f3854d08557a;move;;;36;19;;;;;;;;;;True;False;False;True;;ok;16719.48458412094;15254.60249584334;15254.60249584334;15218.263366540115;477;15218.263366540115;4510.2956;1464.882088277598;Evaluated;9.4269;2.4718;64;True;2;duplicate_for_same_parent_sequence
73;2;15;4;normal;2;f3854d08557a;move;;;55;49;;;;;;;;;;True;False;False;False;;ok;15253.93357978889;15254.60249584334;15254.60249584334;15218.263366540115;478;15218.263366540115;4521.7521;-0.6689160544501647;Evaluated;9.1428;2.3112;64;True;2;duplicate_for_same_parent_sequence
73;2;15;5;normal;2;f3854d08557a;move;;;20;15;;;;;;;;;;True;False;False;False;;ok;15969.033632849072;15254.60249584334;15254.60249584334;15218.263366540115;479;15218.263366540115;4536.394;714.4311370057312;Evaluated;12.3394;2.2995;64;True;3;duplicate_for_same_parent_sequence
73;2;15;;normal;0;;;;;;;;;;;;;;;;;;;;;End-of-iteration summary row;;;15253.93357978889;15218.263366540115;479;15218.263366540115;4536.4124;;IterationSummary;;;;;;
74;2;16;1;normal;0;f522d41b4c13;move;;;10;5;;;;;;;;;;True;False;False;False;;ok;16256.326722898199;15253.93357978889;15253.93357978889;15218.263366540115;480;15218.263366540115;4544.334;1002.3931431093079;Evaluated;5.6203;2.2948;64;True;1;
74;2;16;2;normal;0;f522d41b4c13;swap;17;20;;;;;;;;;;;;True;False;False;False;;ok;15964.345311458468;15253.93357978889;15253.93357978889;15218.263366540115;481;15218.263366540115;4551.8764;710.4117316695774;Evaluated;5.2468;2.2948;64;True;1;
74;2;16;3;normal;0;f522d41b4c13;reinsert_block;;;;;;;35;40;28;;;;;True;False;False;False;;ok;15576.673541817214;15253.93357978889;15253.93357978889;15218.263366540115;482;15218.263366540115;4559.6506;322.73996202832313;Evaluated;5.4761;2.2955;64;True;1;
74;2;16;4;normal;0;f522d41b4c13;move;;;50;43;;;;;;;;;;True;False;False;False;;ok;15326.170920102024;15253.93357978889;15253.93357978889;15218.263366540115;483;15218.263366540115;4567.1822;72.23734031313325;Evaluated;5.2363;2.2926;64;True;1;
74;2;16;5;normal;0;f522d41b4c13;move;;;28;3;;;;;;;;;;True;False;False;True;;ok;16711.266493024905;15253.93357978889;15253.93357978889;15218.263366540115;484;15218.263366540115;4578.5512;1457.332913236014;Evaluated;8.8353;2.5309;64;True;2;duplicate_for_same_parent_sequence
74;2;16;;normal;1;;;;;;;;;;;;;;;;;;;;;End-of-iteration summary row;;;15253.93357978889;15218.263366540115;484;15218.263366540115;4578.5543;;IterationSummary;;;;;;
75;2;17;1;normal;1;f522d41b4c13;move;;;24;8;;;;;;;;;;True;False;False;True;;ok;16091.763900452517;15253.93357978889;15253.93357978889;15218.263366540115;485;15218.263366540115;4590.0175;837.8303206636265;Evaluated;9.1457;2.31;64;True;2;duplicate_for_same_parent_sequence
75;2;17;2;normal;1;f522d41b4c13;swap;18;24;;;;;;;;;;;;True;False;False;False;;ok;16358.242746586473;15253.93357978889;15253.93357978889;15218.263366540115;486;15218.263366540115;4597.5389;1104.3091667975823;Evaluated;5.2132;2.3056;64;True;1;
75;2;17;3;normal;1;f522d41b4c13;reinsert_block;;;;;;;32;38;47;;;;;True;False;False;True;;ok;16043.023625468919;15253.93357978889;15253.93357978889;15218.263366540115;487;15218.263366540115;4605.4263;789.0900456800282;Evaluated;5.5773;2.3074;64;True;1;
75;2;17;4;normal;1;f522d41b4c13;move;;;56;48;;;;;;;;;;True;False;False;False;;ok;15350.793736026313;15253.93357978889;15253.93357978889;15218.263366540115;488;15218.263366540115;4612.9159;96.86015623742242;Evaluated;5.1829;2.3037;64;True;1;
75;2;17;5;normal;1;f522d41b4c13;move;;;30;25;;;;;;;;;;True;False;False;False;;ok;15261.660245647869;15253.93357978889;15253.93357978889;15218.263366540115;489;15218.263366540115;4623.7284;7.726665858977867;Evaluated;8.5102;2.2996;64;True;2;duplicate_for_same_parent_sequence
75;2;17;;normal;2;;;;;;;;;;;;;;;;;;;;;End-of-iteration summary row;;;15253.93357978889;15218.263366540115;489;15218.263366540115;4623.7319;;IterationSummary;;;;;;
76;2;18;1;normal;2;f522d41b4c13;move;;;8;3;;;;;;;;;;True;False;False;False;;ok;16660.70364992068;15253.93357978889;15253.93357978889;15218.263366540115;490;15218.263366540115;4631.843;1406.77007013179;Evaluated;5.6021;2.4957;64;True;1;
76;2;18;2;normal;2;f522d41b4c13;swap;20;25;;;;;;;;;;;;True;False;False;False;;ok;16052.770708329874;15253.93357978889;15253.93357978889;15218.263366540115;491;15218.263366540115;4639.567;798.837128540983;Evaluated;5.4095;2.3115;64;True;1;
76;2;18;3;normal;2;f522d41b4c13;reinsert_block;;;;;;;38;42;25;;;;;True;False;False;True;;ok;16264.200510383824;15253.93357978889;15253.93357978889;15218.263366540115;492;15218.263366540115;4654.5985;1010.266930594933;Evaluated;12.6989;2.3299;64;True;3;duplicate_for_same_parent_sequence
76;2;18;4;normal;2;f522d41b4c13;move;;;40;35;;;;;;;;;;True;False;False;False;;ok;15390.039798740141;15253.93357978889;15253.93357978889;15218.263366540115;493;15218.263366540115;4662.3272;136.1062189512504;Evaluated;5.428;2.2982;64;True;1;
76;2;18;5;normal;2;f522d41b4c13;move;;;43;20;;;;;;;;;;True;False;False;True;;ok;16193.701056336186;15253.93357978889;15253.93357978889;15218.263366540115;494;15218.263366540115;4669.8131;939.7674765472948;Evaluated;5.2022;2.2806;64;True;1;
76;2;18;;normal;3;;;;;;;;;;;;;;;;;;;;;End-of-iteration summary row;;;15253.93357978889;15218.263366540115;494;15218.263366540115;4669.814;;IterationSummary;;;;;;
77;2;19;1;diversification;3;f522d41b4c13;move;;;5;10;;;;;;;;;;True;False;False;False;;ok;16282.3632344521;15253.93357978889;15253.93357978889;15218.263366540115;495;15218.263366540115;4677.7897;1028.4296546632086;Evaluated;5.6337;2.3365;64;True;1;
77;2;19;2;diversification;3;f522d41b4c13;reinsert_block;;;;;;;20;25;35;;;;;True;False;False;True;;ok;16270.842680393635;15253.93357978889;15253.93357978889;15218.263366540115;496;15218.263366540115;4685.6843;1016.9091006047438;Evaluated;5.57;2.3221;64;True;1;
77;2;19;3;diversification;3;f522d41b4c13;swap;35;40;;;;;;;;;;;;True;False;False;False;;ok;15254.950725272742;15253.93357978889;15253.93357978889;15218.263366540115;497;15218.263366540115;4693.5045;1.0171454838509817;Evaluated;5.5322;2.2854;64;True;1;
77;2;19;4;diversification;3;f522d41b4c13;move;;;50;42;;;;;;;;;;True;False;False;False;;ok;15326.170920102024;15253.93357978889;15253.93357978889;15218.263366540115;498;15218.263366540115;4704.5164;72.23734031313325;Evaluated;8.7096;2.2999;64;True;2;duplicate_for_same_parent_sequence
77;2;19;5;diversification;3;f522d41b4c13;move;;;56;20;;;;;;;;;;True;False;False;True;;ok;15721.811041971525;15253.93357978889;15253.93357978889;15218.263366540115;499;15218.263366540115;4712.14;467.8774621826342;Evaluated;5.3228;2.2977;64;True;1;
77;2;19;6;diversification;3;f522d41b4c13;move;;;56;32;;;;;;;;;;True;False;False;True;;ok;15380.896495126066;15253.93357978889;15253.93357978889;15218.263366540115;500;15218.263366540115;4719.9778;126.96291533717522;Evaluated;5.5193;2.3178;64;True;1;
77;2;19;7;diversification;3;f522d41b4c13;move;;;10;20;;;;;;;;;;True;False;False;True;;ok;16170.237459038644;15253.93357978889;15253.93357978889;15218.263366540115;501;15218.263366540115;4731.1348;916.3038792497537;Evaluated;8.846;2.3084;64;True;2;duplicate_for_same_parent_sequence
77;2;19;8;diversification;3;f522d41b4c13;move;;;8;23;;;;;;;;;;True;False;False;True;;ok;16484.65550876376;15253.93357978889;15253.93357978889;15218.263366540115;502;15218.263366540115;4738.6801;1230.72192897487;Evaluated;5.2338;2.3079;64;True;1;
77;2;19;9;diversification;3;f522d41b4c13;swap;24;39;;;;;;;;;;;;True;False;False;True;;ok;15331.97356917666;15253.93357978889;15253.93357978889;15218.263366540115;503;15218.263366540115;4749.9888;78.03998938776931;Evaluated;9.0138;2.2937;64;True;2;duplicate_for_same_parent_sequence
77;2;19;10;diversification;3;f522d41b4c13;move;;;30;20;;;;;;;;;;True;False;False;True;;ok;15761.98164552293;15253.93357978889;15253.93357978889;15218.263366540115;504;15218.263366540115;4761.3256;508.0480657340395;Evaluated;9.0437;2.2898;64;True;2;duplicate_for_same_parent_sequence
77;2;19;;diversification;4;;;;;;;;;;;;;;;;;;;;;End-of-iteration summary row;;;15253.93357978889;15218.263366540115;504;15218.263366540115;4761.3283;;IterationSummary;;;;;;
78;2;20;1;diversification;4;f522d41b4c13;move;;;7;25;;;;;;;;;;True;False;False;True;;ok;16295.698144866674;15253.93357978889;15253.93357978889;15218.263366540115;505;15218.263366540115;4772.8989;1041.7645650777831;Evaluated;9.2313;2.3237;64;True;2;duplicate_for_same_parent_sequence
78;2;20;2;diversification;4;f522d41b4c13;move;;;40;18;;;;;;;;;;True;False;False;True;;ok;15390.25773294506;15253.93357978889;15253.93357978889;15218.263366540115;506;15218.263366540115;4784.2343;136.3241531561689;Evaluated;9.0644;2.2684;64;True;2;duplicate_for_same_parent_sequence
78;2;20;3;diversification;4;f522d41b4c13;swap;32;47;;;;;;;;;;;;True;False;False;True;;ok;15268.478247192541;15253.93357978889;15253.93357978889;15218.263366540115;507;15218.263366540115;4795.6109;14.544667403650237;Evaluated;9.1019;2.2741;64;True;2;duplicate_for_same_parent_sequence
78;2;20;4;diversification;4;f522d41b4c13;move;;;49;53;;;;;;;;;;True;False;False;False;;ok;15259.622830943721;15253.93357978889;15253.93357978889;15218.263366540115;508;15218.263366540115;4806.5504;5.689251154830345;Evaluated;8.6631;2.2736;64;True;2;duplicate_for_same_parent_sequence
78;2;20;5;diversification;4;f522d41b4c13;move;;;15;30;;;;;;;;;;True;False;False;True;;ok;17032.458852788008;15253.93357978889;15253.93357978889;15218.263366540115;509;15218.263366540115;4814.5495;1778.525272999117;Evaluated;5.4825;2.5137;64;True;1;
78;2;20;6;diversification;4;f522d41b4c13;move;;;35;20;;;;;;;;;;True;False;False;True;;ok;16429.24345182965;15253.93357978889;15253.93357978889;15218.263366540115;510;15218.263366540115;4822.3711;1175.3098720407597;Evaluated;5.4807;2.3384;64;True;1;
78;2;20;7;diversification;4;f522d41b4c13;move;;;25;10;;;;;;;;;;True;False;False;True;;ok;16141.372023943051;15253.93357978889;15253.93357978889;15218.263366540115;511;15218.263366540115;4833.5191;887.4384441541606;Evaluated;8.8258;2.3188;64;True;2;duplicate_for_same_parent_sequence
78;2;20;8;diversification;4;f522d41b4c13;move;;;24;30;;;;;;;;;;True;False;False;False;;ok;15717.51501478219;15253.93357978889;15253.93357978889;15218.263366540115;512;15218.263366540115;4841.089;463.5814349932989;Evaluated;5.2779;2.2893;64;True;1;
78;2;20;9;diversification;4;f522d41b4c13;move;;;25;30;;;;;;;;;;True;False;False;False;;ok;15761.69978460574;15253.93357978889;15253.93357978889;15218.263366540115;513;15218.263366540115;4848.6889;507.7662048168495;Evaluated;5.292;2.3045;64;True;1;
78;2;20;10;diversification;4;f522d41b4c13;move;;;40;35;;;;;;;;;;False;True;True;;;ok;;15253.93357978889;15253.93357978889;15218.263366540115;513;15218.263366540115;4861.1101;;DuplicateForSameParentSequenceAfterRetries;12.4176;;;;3;duplicate_for_same_parent_sequence
78;2;20;;diversification;5;;;;;;;;;;;;;;;;;;;;;End-of-iteration summary row;;;15253.93357978889;15218.263366540115;513;15218.263366540115;4861.1112;;IterationSummary;;;;;;
79;2;21;1;diversification;5;f522d41b4c13;move;;;5;20;;;;;;;;;;True;False;False;True;;ok;16444.339376959295;15253.93357978889;15253.93357978889;15218.263366540115;514;15218.263366540115;4869.4943;1190.4057971704042;Evaluated;5.8564;2.5169;64;True;1;
79;2;21;2;diversification;5;f522d41b4c13;reinsert_block;;;;;;;18;25;30;;;;;True;False;False;False;;ok;16578.30096952146;15253.93357978889;15253.93357978889;15218.263366540115;515;15218.263366540115;4877.3962;1324.3673897325698;Evaluated;5.5739;2.3254;64;True;1;
79;2;21;3;diversification;5;f522d41b4c13;swap;35;40;;;;;;;;;;;;False;True;True;;;ok;;15253.93357978889;15253.93357978889;15218.263366540115;515;15218.263366540115;4889.745;;DuplicateForSameParentSequenceAfterRetries;12.3462;;;;3;duplicate_for_same_parent_sequence
79;2;21;4;diversification;5;f522d41b4c13;move;;;50;48;;;;;;;;;;True;False;False;False;;ok;15248.326445451059;15253.93357978889;15253.93357978889;15218.263366540115;516;15218.263366540115;4897.2633;-5.607134337831667;EvaluatedImprovementDespiteDiversificationMismatch;5.2143;2.3031;64;True;1;
79;2;21;5;diversification;5;f522d41b4c13;move;;;50;18;;;;;;;;;;True;False;False;True;;ok;15396.10733858803;15253.93357978889;15253.93357978889;15218.263366540115;517;15218.263366540115;4904.8537;142.17375879913925;Evaluated;5.2975;2.2896;64;True;1;
79;2;21;6;diversification;5;f522d41b4c13;move;;;50;25;;;;;;;;;;True;False;False;True;;ok;15383.354854231306;15253.93357978889;15253.93357978889;15218.263366540115;518;15218.263366540115;4912.4477;129.42127444241487;Evaluated;5.2964;2.2951;64;True;1;
79;2;21;7;diversification;5;f522d41b4c13;move;;;40;25;;;;;;;;;;True;False;False;True;;ok;15456.757148427865;15253.93357978889;15253.93357978889;15218.263366540115;519;15218.263366540115;4920.0115;202.8235686389744;Evaluated;5.2556;2.3051;64;True;1;
79;2;21;8;diversification;5;f522d41b4c13;move;;;20;15;;;;;;;;;;True;False;False;False;;ok;15967.38620525639;15253.93357978889;15253.93357978889;15218.263366540115;520;15218.263366540115;4927.6371;713.4526254675002;Evaluated;5.3107;2.3121;64;True;1;
79;2;21;9;diversification;5;f522d41b4c13;move;;;25;40;;;;;;;;;;True;False;False;True;;ok;16986.839987397667;15253.93357978889;15253.93357978889;15218.263366540115;521;15218.263366540115;4935.439;1732.9064076087761;Evaluated;5.297;2.5014;64;True;1;
79;2;21;10;diversification;5;f522d41b4c13;move;;;45;20;;;;;;;;;;True;False;False;True;;ok;16518.037599995892;15253.93357978889;15253.93357978889;15218.263366540115;522;15218.263366540115;4943.2985;1264.1040202070017;Evaluated;5.5406;2.316;64;True;1;
79;2;21;;diversification;0;;;;;;;;;;;;;;;;;;;;;End-of-iteration summary row;;;15248.326445451059;15218.263366540115;522;15218.263366540115;4943.3122;;IterationSummary;;;;;;
80;2;22;1;normal;0;93607e0de4e6;move;;;10;5;;;;;;;;;;True;False;False;False;;ok;16253.080620980803;15248.326445451059;15248.326445451059;15218.263366540115;523;15218.263366540115;4951.2794;1004.7541755297443;Evaluated;5.6689;2.2931;64;True;1;
80;2;22;2;normal;0;93607e0de4e6;swap;20;30;;;;;;;;;;;;True;False;False;False;;ok;15841.50064480813;15248.326445451059;15248.326445451059;15218.263366540115;524;15218.263366540115;4959.5088;593.1741993570704;Evaluated;5.9278;2.2992;64;True;1;
80;2;22;3;normal;0;93607e0de4e6;reinsert_block;;;;;;;32;40;50;;;;;True;False;False;True;;ok;15507.379257731625;15248.326445451059;15248.326445451059;15218.263366540115;525;15218.263366540115;4967.3302;259.0528122805663;Evaluated;5.5186;2.3;64;True;1;
80;2;22;4;normal;0;93607e0de4e6;move;;;50;48;;;;;;;;;;True;False;False;False;;ok;15253.875866308616;15248.326445451059;15248.326445451059;15218.263366540115;526;15218.263366540115;4975.2161;5.54942085755647;Evaluated;5.5986;2.2847;64;True;1;
80;2;22;5;normal;0;93607e0de4e6;move;;;47;30;;;;;;;;;;True;False;False;True;;ok;15387.57300355897;15248.326445451059;15248.326445451059;15218.263366540115;527;15218.263366540115;4982.9378;139.24655810791046;Evaluated;5.4467;2.2722;64;True;1;
80;2;22;;normal;1;;;;;;;;;;;;;;;;;;;;;End-of-iteration summary row;;;15248.326445451059;15218.263366540115;527;15218.263366540115;4982.9416;;IterationSummary;;;;;;
81;2;23;1;normal;1;93607e0de4e6;move;;;8;3;;;;;;;;;;True;False;False;False;;ok;16658.866613835657;15248.326445451059;15248.326445451059;15218.263366540115;528;15218.263366540115;4994.6135;1410.5401683845976;Evaluated;9.1732;2.4908;64;True;2;duplicate_for_same_parent_sequence
81;2;23;2;normal;1;93607e0de4e6;swap;18;25;;;;;;;;;;;;True;False;False;False;;ok;16308.485054777577;15248.326445451059;15248.326445451059;15218.263366540115;529;15218.263366540115;5002.1499;1060.1586093265178;Evaluated;5.2582;2.2756;64;True;1;
81;2;23;3;normal;1;93607e0de4e6;reinsert_block;;;;;;;35;40;28;;;;;True;False;False;False;;ok;15578.058894566426;15248.326445451059;15248.326445451059;15218.263366540115;530;15218.263366540115;5010.3523;329.73244911536676;Evaluated;5.9315;2.2701;64;True;1;
81;2;23;4;normal;1;93607e0de4e6;move;;;40;25;;;;;;;;;;True;False;False;True;;ok;15388.947635878507;15248.326445451059;15248.326445451059;15218.263366540115;531;15218.263366540115;5018.1841;140.6211904274478;Evaluated;5.5435;2.2857;64;True;1;
81;2;23;5;normal;1;93607e0de4e6;move;;;56;48;;;;;;;;;;True;False;False;False;;ok;15376.514044586176;15248.326445451059;15248.326445451059;15218.263366540115;532;15218.263366540115;5025.5355;128.18759913511713;Evaluated;5.0686;2.2802;64;True;1;
81;2;23;;normal;2;;;;;;;;;;;;;;;;;;;;;End-of-iteration summary row;;;15248.326445451059;15218.263366540115;532;15218.263366540115;5025.5382;;IterationSummary;;;;;;
82;2;24;1;normal;2;93607e0de4e6;move;;;3;10;;;;;;;;;;True;False;False;False;;ok;17114.642824179507;15248.326445451059;15248.326445451059;15218.263366540115;533;15218.263366540115;5033.8073;1866.3163787284484;Evaluated;5.7672;2.4925;64;True;1;
82;2;24;2;normal;2;93607e0de4e6;swap;17;20;;;;;;;;;;;;True;False;False;False;;ok;15962.597576208163;15248.326445451059;15248.326445451059;15218.263366540115;534;15218.263366540115;5041.3377;714.2711307571044;Evaluated;5.2382;2.2896;64;True;1;
82;2;24;3;normal;2;93607e0de4e6;move;;;56;50;;;;;;;;;;True;False;False;False;;ok;15350.793736026313;15248.326445451059;15248.326445451059;15218.263366540115;535;15218.263366540115;5052.7791;102.46729057525408;Evaluated;9.1641;2.2741;64;True;2;duplicate_for_same_parent_sequence
82;2;24;4;normal;2;93607e0de4e6;swap;50;53;;;;;;;;;;;;True;False;False;False;;ok;15249.348037096564;15248.326445451059;15248.326445451059;15218.263366540115;536;15218.263366540115;5063.7191;1.0215916455053957;Evaluated;8.6802;2.2572;64;True;2;duplicate_for_same_parent_sequence
82;2;24;5;normal;2;93607e0de4e6;move;;;30;20;;;;;;;;;;True;False;False;True;;ok;15756.931363057105;15248.326445451059;15248.326445451059;15218.263366540115;537;15218.263366540115;5074.5748;508.604917606046;Evaluated;8.5743;2.2787;64;True;2;duplicate_for_same_parent_sequence
82;2;24;;normal;3;;;;;;;;;;;;;;;;;;;;;End-of-iteration summary row;;;15248.326445451059;15218.263366540115;537;15218.263366540115;5074.5782;;IterationSummary;;;;;;
83;2;25;1;diversification;3;93607e0de4e6;swap;10;25;;;;;;;;;;;;True;False;False;True;;ok;16558.947220427406;15248.326445451059;15248.326445451059;15218.263366540115;538;15218.263366540115;5086.1793;1310.620774976347;Evaluated;9.1003;2.4881;64;True;2;duplicate_for_same_parent_sequence
83;2;25;2;diversification;3;93607e0de4e6;reinsert_block;;;;;;;20;25;30;;;;;True;False;False;False;;ok;16305.099752578073;15248.326445451059;15248.326445451059;15218.263366540115;539;15218.263366540115;5094.2561;1056.773307127014;Evaluated;5.6124;2.4611;64;True;1;
83;2;25;3;diversification;3;93607e0de4e6;swap;35;40;;;;;;;;;;;;True;False;False;False;;ok;15254.950725032077;15248.326445451059;15248.326445451059;15218.263366540115;540;15218.263366540115;5101.7536;6.624279581017618;Evaluated;5.2293;2.2644;64;True;1;
83;2;25;4;diversification;3;93607e0de4e6;move;;;30;25;;;;;;;;;;True;False;False;False;;ok;15261.278077350578;15248.326445451059;15248.326445451059;15218.263366540115;541;15218.263366540115;5112.7587;12.95163189951927;Evaluated;8.738;2.2661;64;True;2;duplicate_for_same_parent_sequence
83;2;25;5;diversification;3;93607e0de4e6;move;;;12;3;;;;;;;;;;True;False;False;False;;ok;16975.429529421825;15248.326445451059;15248.326445451059;15218.263366540115;542;15218.263366540115;5124.0474;1727.1030839707655;Evaluated;8.8186;2.4669;64;True;2;duplicate_for_same_parent_sequence
83;2;25;6;diversification;3;93607e0de4e6;move;;;50;43;;;;;;;;;;True;False;False;False;;ok;15319.662923042182;15248.326445451059;15248.326445451059;15218.263366540115;543;15218.263366540115;5131.592;71.33647759112318;Evaluated;5.2726;2.2692;64;True;1;
83;2;25;7;diversification;3;93607e0de4e6;move;;;50;35;;;;;;;;;;True;False;False;True;;ok;15391.814009146265;15248.326445451059;15248.326445451059;15218.263366540115;544;15218.263366540115;5139.124;143.4875636952056;Evaluated;5.2521;2.2769;64;True;1;
83;2;25;8;diversification;3;93607e0de4e6;move;;;15;20;;;;;;;;;;True;False;False;False;;ok;16322.654563575517;15248.326445451059;15248.326445451059;15218.263366540115;545;15218.263366540115;5150.1545;1074.3281181244583;Evaluated;8.5196;2.5084;64;True;2;duplicate_for_same_parent_sequence
83;2;25;9;diversification;3;93607e0de4e6;move;;;28;35;;;;;;;;;;True;False;False;False;;ok;15780.214421061528;15248.326445451059;15248.326445451059;15218.263366540115;546;15218.263366540115;5157.7303;531.8879756104689;Evaluated;5.2998;2.2733;64;True;1;
83;2;25;10;diversification;3;93607e0de4e6;move;;;35;28;;;;;;;;;;True;False;False;False;;ok;15731.452225095327;15248.326445451059;15248.326445451059;15218.263366540115;547;15218.263366540115;5168.9905;483.1257796442678;Evaluated;8.9716;2.2856;64;True;2;duplicate_for_same_parent_sequence
83;2;25;;diversification;4;;;;;;;;;;;;;;;;;;;;;End-of-iteration summary row;;;15248.326445451059;15218.263366540115;547;15218.263366540115;5168.9933;;IterationSummary;;;;;;
84;2;26;1;diversification;4;93607e0de4e6;move;;;10;3;;;;;;;;;;True;False;False;False;;ok;17184.545151015227;15248.326445451059;15248.326445451059;15218.263366540115;548;15218.263366540115;5177.1361;1936.218705564168;Evaluated;5.668;2.4636;64;True;1;
84;2;26;2;diversification;4;93607e0de4e6;reinsert_block;;;;;;;18;24;5;;;;;True;False;False;True;;ok;16400.18134804879;15248.326445451059;15248.326445451059;15218.263366540115;549;15218.263366540115;5185.1771;1151.8549025977318;Evaluated;5.5713;2.468;64;True;1;
84;2;26;3;diversification;4;93607e0de4e6;swap;32;47;;;;;;;;;;;;True;False;False;True;;ok;15267.019938408921;15248.326445451059;15248.326445451059;15218.263366540115;550;15218.263366540115;5192.7345;18.693492957861963;Evaluated;5.2719;2.2823;64;True;1;
84;2;26;4;diversification;4;93607e0de4e6;move;;;49;60;;;;;;;;;;True;False;False;True;;ok;15887.884303688019;15248.326445451059;15248.326445451059;15218.263366540115;551;15218.263366540115;5207.2968;639.5578582369599;Evaluated;12.2523;2.3069;64;True;3;duplicate_for_same_parent_sequence
84;2;26;5;diversification;4;93607e0de4e6;move;;;8;2;;;;;;;;;;True;False;False;False;;ok;16945.980338400106;15248.326445451059;15248.326445451059;15218.263366540115;552;15218.263366540115;5218.4527;1697.653892949047;Evaluated;8.6716;2.4812;64;True;2;duplicate_for_same_parent_sequence
84;2;26;6;diversification;4;93607e0de4e6;move;;;20;15;;;;;;;;;;True;False;False;False;;ok;15967.38620525639;15248.326445451059;15248.326445451059;15218.263366540115;553;15218.263366540115;5226.1103;719.0597598053319;Evaluated;5.3775;2.2772;64;True;1;
84;2;26;7;diversification;4;93607e0de4e6;move;;;40;15;;;;;;;;;;True;False;False;True;;ok;15814.08117216956;15248.326445451059;15248.326445451059;15218.263366540115;554;15218.263366540115;5233.6709;565.7547267185018;Evaluated;5.2714;2.2862;64;True;1;
84;2;26;8;diversification;4;93607e0de4e6;move;;;8;15;;;;;;;;;;True;False;False;False;;ok;15320.764085045117;15248.326445451059;15248.326445451059;15218.263366540115;555;15218.263366540115;5241.3443;72.43763959405806;Evaluated;5.3939;2.276;64;True;1;
84;2;26;9;diversification;4;93607e0de4e6;move;;;40;30;;;;;;;;;;True;False;False;True;;ok;15385.83871369508;15248.326445451059;15248.326445451059;15218.263366540115;556;15218.263366540115;5252.4498;137.51226824402147;Evaluated;8.8363;2.2668;64;True;2;duplicate_for_same_parent_sequence
84;2;26;10;diversification;4;93607e0de4e6;move;;;48;52;;;;;;;;;;True;False;False;False;;ok;15253.93357978889;15248.326445451059;15248.326445451059;15218.263366540115;557;15218.263366540115;5263.5202;5.607134337831667;Evaluated;8.7884;2.2794;64;True;2;duplicate_for_same_parent_sequence
84;2;26;;diversification;5;;;;;;;;;;;;;;;;;;;;;End-of-iteration summary row;;;15248.326445451059;15218.263366540115;557;15218.263366540115;5263.5228;;IterationSummary;;;;;;
85;2;27;1;diversification;5;93607e0de4e6;move;;;25;8;;;;;;;;;;True;False;False;True;;ok;15832.771937046484;15248.326445451059;15248.326445451059;15218.263366540115;558;15218.263366540115;5274.8608;584.4454915954248;Evaluated;9.0521;2.2723;64;True;2;duplicate_for_same_parent_sequence
85;2;27;2;diversification;5;93607e0de4e6;move;;;30;16;;;;;;;;;;True;False;False;True;;ok;15329.348178625629;15248.326445451059;15248.326445451059;15218.263366540115;559;15218.263366540115;5286.0565;81.02173317456982;Evaluated;8.9113;2.2836;64;True;2;duplicate_for_same_parent_sequence
85;2;27;3;diversification;5;93607e0de4e6;move;;;35;40;;;;;;;;;;True;False;False;False;;ok;15852.867483607535;15248.326445451059;15248.326445451059;15218.263366540115;560;15218.263366540115;5300.4976;604.5410381564761;Evaluated;12.162;2.2774;64;True;3;duplicate_for_same_parent_sequence
85;2;27;4;diversification;5;93607e0de4e6;move;;;56;20;;;;;;;;;;True;False;False;True;;ok;15715.695160924002;15248.326445451059;15248.326445451059;15218.263366540115;561;15218.263366540115;5314.9015;467.3687154729432;Evaluated;12.1138;2.2866;64;True;3;duplicate_for_same_parent_sequence
85;2;27;5;diversification;5;93607e0de4e6;swap;10;20;;;;;;;;;;;;True;False;False;False;;ok;16451.65851082517;15248.326445451059;15248.326445451059;15218.263366540115;562;15218.263366540115;5329.7011;1203.332065374112;Evaluated;12.313;2.484;64;True;3;duplicate_for_same_parent_sequence
85;2;27;6;diversification;5;93607e0de4e6;move;;;30;12;;;;;;;;;;True;False;False;True;;ok;16550.992899986544;15248.326445451059;15248.326445451059;15218.263366540115;563;15218.263366540115;5341.0104;1302.6664545354852;Evaluated;8.8395;2.4671;64;True;2;duplicate_for_same_parent_sequence
85;2;27;7;diversification;5;93607e0de4e6;move;;;25;10;;;;;;;;;;True;False;False;True;;ok;16136.354751036968;15248.326445451059;15248.326445451059;15218.263366540115;564;15218.263366540115;5348.7408;888.028305585909;Evaluated;5.4186;2.3092;64;True;1;
85;2;27;8;diversification;5;93607e0de4e6;move;;;25;18;;;;;;;;;;True;False;False;False;;ok;15837.728454068514;15248.326445451059;15248.326445451059;15218.263366540115;565;15218.263366540115;5360.1304;589.4020086174551;Evaluated;9.0959;2.2906;64;True;2;duplicate_for_same_parent_sequence
85;2;27;9;diversification;5;93607e0de4e6;move;;;25;30;;;;;;;;;;True;False;False;False;;ok;15763.587817795851;15248.326445451059;15248.326445451059;15218.263366540115;566;15218.263366540115;5367.6907;515.2613723447921;Evaluated;5.2927;2.2649;64;True;1;
85;2;27;10;diversification;5;93607e0de4e6;move;;;45;18;;;;;;;;;;True;False;False;True;;ok;16890.737619350475;15248.326445451059;15248.326445451059;15218.263366540115;567;15218.263366540115;5382.2795;1642.411173899416;Evaluated;12.105;2.4807;64;True;3;duplicate_for_same_parent_sequence
85;2;27;;diversification;6;;;;;;;;;;;;;;;;;;;;;End-of-iteration summary row;;;15248.326445451059;15218.263366540115;567;15218.263366540115;5382.2827;;IterationSummary;;;;;;
86;2;28;1;diversification;6;93607e0de4e6;move;;;5;20;;;;;;;;;;True;False;False;True;;ok;16440.17353042021;15248.326445451059;15248.326445451059;15218.263366540115;568;15218.263366540115;5390.6734;1191.8470849691494;Evaluated;5.9107;2.472;64;True;1;
86;2;28;2;diversification;6;93607e0de4e6;reinsert_block;;;;;;;18;25;40;;;;;True;False;False;True;;ok;15711.079285108437;15248.326445451059;15248.326445451059;15218.263366540115;569;15218.263366540115;5398.8921;462.752839657378;Evaluated;5.9418;2.2743;64;True;1;
86;2;28;3;diversification;6;93607e0de4e6;swap;35;40;;;;;;;;;;;;False;True;True;;;ok;;15248.326445451059;15248.326445451059;15218.263366540115;569;15218.263366540115;5411.3676;;DuplicateForSameParentSequenceAfterRetries;12.4749;;;;3;duplicate_for_same_parent_sequence
86;2;28;4;diversification;6;93607e0de4e6;move;;;50;21;;;;;;;;;;True;False;False;True;;ok;15392.93276099916;15248.326445451059;15248.326445451059;15218.263366540115;570;15218.263366540115;5418.7034;144.6063155481006;Evaluated;5.0568;2.278;64;True;1;
86;2;28;5;diversification;6;93607e0de4e6;swap;3;7;;;;;;;;;;;;True;False;False;False;;ok;17436.12797673324;15248.326445451059;15248.326445451059;15218.263366540115;571;15218.263366540115;5429.7679;2187.8015312821826;Evaluated;8.5794;2.4824;64;True;2;duplicate_for_same_parent_sequence
86;2;28;6;diversification;6;93607e0de4e6;move;;;50;32;;;;;;;;;;True;False;False;True;;ok;15391.814009146265;15248.326445451059;15248.326445451059;15218.263366540115;572;15218.263366540115;5437.4269;143.4875636952056;Evaluated;5.388;2.2684;64;True;1;
86;2;28;7;diversification;6;93607e0de4e6;move;;;50;20;;;;;;;;;;True;False;False;True;;ok;15720.630523676906;15248.326445451059;15248.326445451059;15218.263366540115;573;15218.263366540115;5445.0198;472.30407822584675;Evaluated;5.3135;2.2767;64;True;1;
86;2;28;8;diversification;6;93607e0de4e6;move;;;50;23;;;;;;;;;;True;False;False;True;;ok;15391.23544941035;15248.326445451059;15248.326445451059;15218.263366540115;574;15218.263366540115;5452.4643;142.9090039592902;Evaluated;5.182;2.2596;64;True;1;
86;2;28;9;diversification;6;93607e0de4e6;move;;;25;8;;;;;;;;;;False;True;False;;;ok;;15248.326445451059;15248.326445451059;15218.263366540115;574;15218.263366540115;5464.4891;;DuplicateForSameParentSequenceAfterRetries;12.0216;;;;3;duplicate_for_same_parent_sequence
86;2;28;10;diversification;6;93607e0de4e6;move;;;50;42;;;;;;;;;;True;False;False;False;;ok;15319.662923042182;15248.326445451059;15248.326445451059;15218.263366540115;575;15218.263366540115;5472.0617;71.33647759112318;Evaluated;5.2941;2.2773;64;True;1;
86;2;28;;diversification;7;;;;;;;;;;;;;;;;;;;;;End-of-iteration summary row;;;15248.326445451059;15218.263366540115;575;15218.263366540115;5472.0643;;IterationSummary;;;;;;
87;2;29;1;diversification;7;93607e0de4e6;move;;;15;30;;;;;;;;;;True;False;False;True;;ok;17032.458852788008;15248.326445451059;15248.326445451059;15218.263366540115;576;15218.263366540115;5480.2624;1784.1324073369487;Evaluated;5.7087;2.4756;64;True;1;
87;2;29;2;diversification;7;93607e0de4e6;reinsert_block;;;;;;;18;25;40;;;;;False;True;False;;;ok;;15248.326445451059;15248.326445451059;15218.263366540115;576;15218.263366540115;5493.183;;DuplicateForSameParentSequenceAfterRetries;12.9182;;;;3;duplicate_for_same_parent_sequence
87;2;29;3;diversification;7;93607e0de4e6;swap;28;40;;;;;;;;;;;;True;False;False;True;;ok;16139.078473202426;15248.326445451059;15248.326445451059;15218.263366540115;577;15218.263366540115;5504.4252;890.7520277513668;Evaluated;8.9397;2.3015;64;True;2;duplicate_for_same_parent_sequence
87;2;29;4;diversification;7;93607e0de4e6;move;;;57;49;;;;;;;;;;True;False;False;False;;ok;15376.514044586176;15248.326445451059;15248.326445451059;15218.263366540115;578;15218.263366540115;5511.8581;128.18759913511713;Evaluated;5.148;2.2834;64;True;1;
87;2;29;5;diversification;7;93607e0de4e6;move;;;30;15;;;;;;;;;;True;False;False;True;;ok;15864.387109902913;15248.326445451059;15248.326445451059;15218.263366540115;579;15218.263366540115;5522.7806;616.0606644518539;Evaluated;8.6426;2.2773;64;True;2;duplicate_for_same_parent_sequence
87;2;29;6;diversification;7;93607e0de4e6;move;;;56;30;;;;;;;;;;True;False;False;True;;ok;15385.401716279664;15248.326445451059;15248.326445451059;15218.263366540115;580;15218.263366540115;5530.6252;137.07527082860543;Evaluated;5.5589;2.2831;64;True;1;
87;2;29;7;diversification;7;93607e0de4e6;move;;;45;30;;;;;;;;;;True;False;False;True;;ok;15676.891143388177;15248.326445451059;15248.326445451059;15218.263366540115;581;15218.263366540115;5538.1723;428.56469793711767;Evaluated;5.261;2.2831;64;True;1;
87;2;29;8;diversification;7;93607e0de4e6;move;;;25;18;;;;;;;;;;False;True;False;;;ok;;15248.326445451059;15248.326445451059;15218.263366540115;581;15218.263366540115;5550.2744;;DuplicateForSameParentSequenceAfterRetries;12.0991;;;;3;duplicate_for_same_parent_sequence
87;2;29;9;diversification;7;93607e0de4e6;move;;;45;28;;;;;;;;;;True;False;False;True;;ok;16497.977210858648;15248.326445451059;15248.326445451059;15218.263366540115;582;15218.263366540115;5565.5907;1249.6507654075886;Evaluated;12.824;2.4912;64;True;3;duplicate_for_same_parent_sequence
87;2;29;10;diversification;7;93607e0de4e6;move;;;45;25;;;;;;;;;;True;False;False;True;;ok;16499.606398007938;15248.326445451059;15248.326445451059;15218.263366540115;583;15218.263366540115;5580.4223;1251.279952556879;Evaluated;12.3593;2.4697;64;True;3;duplicate_for_same_parent_sequence
87;2;29;;diversification;8;;;;;;;;;;;;;;;;;;;;;End-of-iteration summary row;;;15248.326445451059;15218.263366540115;583;15218.263366540115;5580.4252;;IterationSummary;;;;;;
88;2;30;1;diversification;8;93607e0de4e6;move;;;10;25;;;;;;;;;;True;False;False;True;;ok;15776.359836231133;15248.326445451059;15248.326445451059;15218.263366540115;584;15218.263366540115;5588.4147;528.0333907800741;Evaluated;5.7058;2.2742;64;True;1;
88;2;30;2;diversification;8;93607e0de4e6;reinsert_block;;;;;;;20;25;16;;;;;True;False;False;False;;ok;16450.12247795586;15248.326445451059;15248.326445451059;15218.263366540115;585;15218.263366540115;5596.5386;1201.7960325048025;Evaluated;5.6177;2.5024;64;True;1;
88;2;30;3;diversification;8;93607e0de4e6;move;;;35;40;;;;;;;;;;False;True;False;;;ok;;15248.326445451059;15248.326445451059;15218.263366540115;585;15218.263366540115;5608.879;;DuplicateForSameParentSequenceAfterRetries;12.3379;;;;3;duplicate_for_same_parent_sequence
88;2;30;4;diversification;8;93607e0de4e6;move;;;60;52;;;;;;;;;;True;False;False;False;;ok;15626.58820547763;15248.326445451059;15248.326445451059;15218.263366540115;586;15218.263366540115;5619.7431;378.2617600265712;Evaluated;8.5864;2.2767;64;True;2;duplicate_for_same_parent_sequence
88;2;30;5;diversification;8;93607e0de4e6;move;;;10;20;;;;;;;;;;True;False;False;True;;ok;16176.539288838552;15248.326445451059;15248.326445451059;15218.263366540115;587;15218.263366540115;5630.6275;928.2128433874932;Evaluated;8.5573;2.3234;64;True;2;duplicate_for_same_parent_sequence
88;2;30;6;diversification;8;93607e0de4e6;move;;;28;45;;;;;;;;;;True;False;False;True;;ok;16520.08540790202;15248.326445451059;15248.326445451059;15218.263366540115;588;15218.263366540115;5641.8006;1271.758962450962;Evaluated;8.6928;2.4797;64;True;2;duplicate_for_same_parent_sequence
88;2;30;7;diversification;8;93607e0de4e6;move;;;49;15;;;;;;;;;;True;False;False;True;;ok;15822.999013331344;15248.326445451059;15248.326445451059;15218.263366540115;589;15218.263366540115;5652.7578;574.672567880285;Evaluated;8.6688;2.2846;64;True;2;duplicate_for_same_parent_sequence
88;2;30;8;diversification;8;93607e0de4e6;move;;;18;30;;;;;;;;;;True;False;False;True;;ok;16114.567976700633;15248.326445451059;15248.326445451059;15218.263366540115;590;15218.263366540115;5663.771;866.2415312495741;Evaluated;8.7075;2.3032;64;True;2;duplicate_for_same_parent_sequence
88;2;30;9;diversification;8;93607e0de4e6;move;;;24;30;;;;;;;;;;True;False;False;False;;ok;15717.51501478219;15248.326445451059;15248.326445451059;15218.263366540115;591;15218.263366540115;5671.2037;469.18856933113057;Evaluated;5.149;2.281;64;True;1;
88;2;30;10;diversification;8;93607e0de4e6;move;;;56;35;;;;;;;;;;True;False;False;True;;ok;15376.545977084026;15248.326445451059;15248.326445451059;15218.263366540115;592;15218.263366540115;5682.1967;128.21953163296712;Evaluated;8.7076;2.2843;64;True;2;duplicate_for_same_parent_sequence
88;2;30;;diversification;9;;;;;;;;;;;;;;;;;;;;;End-of-iteration summary row;;;15248.326445451059;15218.263366540115;592;15218.263366540115;5682.1997;;IterationSummary;;;;;;
89;2;31;1;diversification;9;93607e0de4e6;move;;;8;16;;;;;;;;;;True;False;False;False;;ok;15320.764085045117;15248.326445451059;15248.326445451059;15218.263366540115;593;15218.263366540115;5697.1347;72.43763959405806;Evaluated;12.6356;2.2822;64;True;3;duplicate_for_same_parent_sequence
89;2;31;2;diversification;9;93607e0de4e6;move;;;48;30;;;;;;;;;;True;False;False;True;;ok;15386.443157777478;15248.326445451059;15248.326445451059;15218.263366540115;594;15218.263366540115;5708.3364;138.11671232641856;Evaluated;8.9284;2.2703;64;True;2;duplicate_for_same_parent_sequence
89;2;31;3;diversification;9;93607e0de4e6;move;;;35;10;;;;;;;;;;True;False;False;True;;ok;15941.0994161557;15248.326445451059;15248.326445451059;15218.263366540115;595;15218.263366540115;5722.5787;692.7729707046401;Evaluated;11.9381;2.3016;64;True;3;duplicate_for_same_parent_sequence
89;2;31;4;diversification;9;93607e0de4e6;move;;;57;30;;;;;;;;;;True;False;False;True;;ok;15390.161763955482;15248.326445451059;15248.326445451059;15218.263366540115;596;15218.263366540115;5733.5581;141.8353185044234;Evaluated;8.7101;2.2662;64;True;2;duplicate_for_same_parent_sequence
89;2;31;5;diversification;9;93607e0de4e6;move;;;50;37;;;;;;;;;;True;False;False;True;;ok;15820.269151336917;15248.326445451059;15248.326445451059;15218.263366540115;597;15218.263366540115;5741.2002;571.9427058858582;Evaluated;5.3465;2.2929;64;True;1;
89;2;31;6;diversification;9;93607e0de4e6;move;;;57;32;;;;;;;;;;True;False;False;True;;ok;15384.28171412709;15248.326445451059;15248.326445451059;15218.263366540115;598;15218.263366540115;5748.769;135.95526867603076;Evaluated;5.2746;2.291;64;True;1;
89;2;31;7;diversification;9;93607e0de4e6;move;;;57;10;;;;;;;;;;True;False;False;True;;ok;15380.34722033128;15248.326445451059;15248.326445451059;15218.263366540115;599;15218.263366540115;5756.2795;132.02077488022042;Evaluated;5.238;2.2697;64;True;1;
89;2;31;8;diversification;9;93607e0de4e6;move;;;8;35;;;;;;;;;;True;False;False;True;;ok;16476.40755437062;15248.326445451059;15248.326445451059;15218.263366540115;600;15218.263366540115;5767.6788;1228.0811089195613;Evaluated;8.9232;2.473;64;True;2;duplicate_for_same_parent_sequence
89;2;31;9;diversification;9;93607e0de4e6;move;;;25;40;;;;;;;;;;True;False;False;True;;ok;17120.765576342914;15248.326445451059;15248.326445451059;15218.263366540115;601;15218.263366540115;5778.8409;1872.4391308918548;Evaluated;8.7004;2.4587;64;True;2;duplicate_for_same_parent_sequence
89;2;31;10;diversification;9;93607e0de4e6;move;;;35;45;;;;;;;;;;True;False;False;True;;ok;16200.577721721236;15248.326445451059;15248.326445451059;15218.263366540115;602;15218.263366540115;5790.0033;952.2512762701772;Evaluated;8.8349;2.3248;64;True;2;duplicate_for_same_parent_sequence
89;3;0;;diversification;0;;;;;;;;;;;;;;;;;;;;;End-of-iteration summary row;;;16641.404845676683;15218.263366540115;603;15218.263366540115;5792.5158;;IterationSummary;;;;;;
90;3;1;1;normal;0;0f63cf6f404e;move;;;7;20;;;;;;;;;;True;False;False;True;;ok;17545.985977692428;16641.404845676683;16641.404845676683;15218.263366540115;604;15218.263366540115;5800.1243;904.5811320157445;Evaluated;5.1367;2.4665;64;True;1;
90;3;1;2;normal;0;0f63cf6f404e;swap;16;32;;;;;;;;;;;;True;False;False;True;;ok;16641.404845676683;16641.404845676683;16641.404845676683;15218.263366540115;605;15218.263366540115;5807.4275;0.0;Evaluated;4.8043;2.4982;64;True;1;
90;3;1;3;normal;0;0f63cf6f404e;reinsert_block;;;;;;;32;40;16;;;;;True;False;False;True;;ok;16298.825894167576;16641.404845676683;16641.404845676683;15218.263366540115;606;15218.263366540115;5814.9808;-342.57895150910736;Evaluated;5.2213;2.3294;64;True;1;
90;3;1;4;normal;0;0f63cf6f404e;move;;;57;30;;;;;;;;;;True;False;False;True;;ok;15253.420296824062;16641.404845676683;16641.404845676683;15218.263366540115;607;15218.263366540115;5822.1763;-1387.9845488526207;Evaluated;4.9125;2.2799;64;True;1;
90;3;1;5;normal;0;0f63cf6f404e;move;;;24;10;;;;;;;;;;True;False;False;True;;ok;17228.22724334689;16641.404845676683;16641.404845676683;15218.263366540115;608;15218.263366540115;5829.798;586.8223976702066;Evaluated;5.1146;2.5037;64;True;1;
90;3;1;;normal;0;;;;;;;;;;;;;;;;;;;;;End-of-iteration summary row;;;15253.420296824062;15218.263366540115;608;15218.263366540115;5829.8036;;IterationSummary;;;;;;
91;3;2;1;normal;0;3563c5119206;move;;;7;10;;;;;;;;;;True;False;False;False;;ok;15262.348782772904;15253.420296824062;15253.420296824062;15218.263366540115;609;15218.263366540115;5837.7859;8.928485948841626;Evaluated;5.6866;2.2878;64;True;1;
91;3;2;2;normal;0;3563c5119206;swap;20;25;;;;;;;;;;;;True;False;False;False;;ok;16668.981309330946;15253.420296824062;15253.420296824062;15218.263366540115;610;15218.263366540115;5845.4863;1415.5610125068833;Evaluated;5.2274;2.4704;64;True;1;
91;3;2;3;normal;0;3563c5119206;reinsert_block;;;;;;;35;40;16;;;;;True;False;False;True;;ok;18733.975976567053;15253.420296824062;15253.420296824062;15218.263366540115;611;15218.263366540115;5853.7585;3480.555679742991;Evaluated;5.584;2.6845;64;True;1;
91;3;2;4;normal;0;3563c5119206;move;;;57;48;;;;;;;;;;True;False;False;False;;ok;15263.575464768544;15253.420296824062;15253.420296824062;15218.263366540115;612;15218.263366540115;5861.068;10.155167944481946;Evaluated;5.0403;2.2665;64;True;1;
91;3;2;5;normal;0;3563c5119206;move;;;50;25;;;;;;;;;;True;False;False;True;;ok;16973.034585160545;15253.420296824062;15253.420296824062;15218.263366540115;613;15218.263366540115;5868.7296;1719.6142883364828;Evaluated;5.1621;2.4968;64;True;1;
91;3;2;;normal;1;;;;;;;;;;;;;;;;;;;;;End-of-iteration summary row;;;15253.420296824062;15218.263366540115;613;15218.263366540115;5868.7323;;IterationSummary;;;;;;
92;3;3;1;normal;1;3563c5119206;move;;;7;20;;;;;;;;;;True;False;False;True;;ok;17546.043976848996;15253.420296824062;15253.420296824062;15218.263366540115;614;15218.263366540115;5876.6512;2292.6236800249335;Evaluated;5.4215;2.4837;64;True;1;
92;3;3;2;normal;1;3563c5119206;swap;18;20;;;;;;;;;;;;True;False;False;False;;ok;17395.24211392625;15253.420296824062;15253.420296824062;15218.263366540115;615;15218.263366540115;5884.2953;2141.821817102189;Evaluated;5.153;2.4904;64;True;1;
92;3;3;3;normal;1;3563c5119206;reinsert_block;;;;;;;35;40;25;;;;;True;False;False;True;;ok;18277.458606151828;15253.420296824062;15253.420296824062;15218.263366540115;616;15218.263366540115;5892.2442;3024.038309327765;Evaluated;5.4192;2.5271;64;True;1;
92;3;3;4;normal;1;3563c5119206;move;;;50;30;;;;;;;;;;True;False;False;True;;ok;16984.604590889547;15253.420296824062;15253.420296824062;15218.263366540115;617;15218.263366540115;5899.8918;1731.1842940654842;Evaluated;5.1624;2.4834;64;True;1;
92;3;3;5;normal;1;3563c5119206;move;;;50;35;;;;;;;;;;True;False;False;True;;ok;16989.30924167049;15253.420296824062;15253.420296824062;15218.263366540115;618;15218.263366540115;5907.598;1735.888944846427;Evaluated;5.2146;2.4883;64;True;1;
92;3;3;;normal;2;;;;;;;;;;;;;;;;;;;;;End-of-iteration summary row;;;15253.420296824062;15218.263366540115;618;15218.263366540115;5907.6014;;IterationSummary;;;;;;
93;3;4;1;normal;2;3563c5119206;move;;;10;5;;;;;;;;;;True;False;False;False;;ok;16413.394271578865;15253.420296824062;15253.420296824062;15218.263366540115;619;15218.263366540115;5915.3283;1159.9739747548028;Evaluated;5.4317;2.2867;64;True;1;
93;3;4;2;normal;2;3563c5119206;swap;18;23;;;;;;;;;;;;True;False;False;False;;ok;17553.255447754953;15253.420296824062;15253.420296824062;15218.263366540115;620;15218.263366540115;5926.809;2299.8351509308904;Evaluated;8.9155;2.5641;64;True;2;duplicate_for_same_parent_sequence
93;3;4;3;normal;2;3563c5119206;move;;;37;18;;;;;;;;;;True;False;False;True;;ok;17703.54755698126;15253.420296824062;15253.420296824062;15218.263366540115;621;15218.263366540115;5938.3818;2450.1272601571964;Evaluated;9.0065;2.5632;64;True;2;duplicate_for_same_parent_sequence
93;3;4;4;normal;2;3563c5119206;move;;;25;30;;;;;;;;;;True;False;False;False;;ok;17084.247257525498;15253.420296824062;15253.420296824062;15218.263366540115;622;15218.263366540115;5949.3702;1830.8269607014354;Evaluated;8.434;2.5509;64;True;2;duplicate_for_same_parent_sequence
93;3;4;5;normal;2;3563c5119206;move;;;60;5;;;;;;;;;;True;False;False;True;;ok;18289.511339556655;15253.420296824062;15253.420296824062;15218.263366540115;623;15218.263366540115;5957.1002;3036.0910427325925;Evaluated;5.1356;2.5912;64;True;1;
93;3;4;;normal;3;;;;;;;;;;;;;;;;;;;;;End-of-iteration summary row;;;15253.420296824062;15218.263366540115;623;15218.263366540115;5957.104;;IterationSummary;;;;;;
94;3;5;1;diversification;3;3563c5119206;move;;;10;25;;;;;;;;;;True;False;False;True;;ok;17167.689004030093;15253.420296824062;15253.420296824062;15218.263366540115;624;15218.263366540115;5965.2084;1914.2687072060307;Evaluated;5.5433;2.5512;64;True;1;
94;3;5;2;diversification;3;3563c5119206;reinsert_block;;;;;;;25;31;10;;;;;True;False;False;True;;ok;17673.852324307358;15253.420296824062;15253.420296824062;15218.263366540115;625;15218.263366540115;5973.44;2420.4320274832953;Evaluated;5.6721;2.5566;64;True;1;
94;3;5;3;diversification;3;3563c5119206;swap;35;40;;;;;;;;;;;;True;False;False;False;;ok;16645.12007082125;15253.420296824062;15253.420296824062;15218.263366540115;626;15218.263366540115;5981.2035;1391.6997739971866;Evaluated;5.4104;2.3502;64;True;1;
94;3;5;4;diversification;3;3563c5119206;move;;;49;30;;;;;;;;;;True;False;False;True;;ok;16981.861328352345;15253.420296824062;15253.420296824062;15218.263366540115;627;15218.263366540115;5988.9707;1728.441031528282;Evaluated;5.2095;2.555;64;True;1;
94;3;5;5;diversification;3;3563c5119206;move;;;60;35;;;;;;;;;;True;False;False;True;;ok;16916.871663595382;15253.420296824062;15253.420296824062;15218.263366540115;628;15218.263366540115;5996.8027;1663.45136677132;Evaluated;5.252;2.5768;64;True;1;
94;3;5;6;diversification;3;3563c5119206;move;;;40;25;;;;;;;;;;True;False;False;True;;ok;15843.179122836673;15253.420296824062;15253.420296824062;15218.263366540115;629;15218.263366540115;6007.73;589.7588260126104;Evaluated;8.5874;2.3372;64;True;2;duplicate_for_same_parent_sequence
94;3;5;7;diversification;3;3563c5119206;move;;;59;10;;;;;;;;;;True;False;False;True;;ok;18109.053488009493;15253.420296824062;15253.420296824062;15218.263366540115;630;15218.263366540115;6015.4971;2855.6331911854304;Evaluated;5.2117;2.5525;64;True;1;
94;3;5;8;diversification;3;3563c5119206;move;;;24;30;;;;;;;;;;True;False;False;False;;ok;17084.344460848188;15253.420296824062;15253.420296824062;15218.263366540115;631;15218.263366540115;6023.3423;1830.9241640241253;Evaluated;5.2887;2.5537;64;True;1;
94;3;5;9;diversification;3;3563c5119206;swap;18;24;;;;;;;;;;;;True;False;False;False;;ok;17609.60587635998;15253.420296824062;15253.420296824062;15218.263366540115;632;15218.263366540115;6034.7349;2356.185579535917;Evaluated;8.8392;2.5508;64;True;2;duplicate_for_same_parent_sequence
94;3;5;10;diversification;3;3563c5119206;move;;;53;42;;;;;;;;;;True;False;False;True;;ok;16024.776102867965;15253.420296824062;15253.420296824062;15218.263366540115;633;15218.263366540115;6042.3328;771.3558060439027;Evaluated;5.2618;2.3328;64;True;1;
94;3;5;;diversification;4;;;;;;;;;;;;;;;;;;;;;End-of-iteration summary row;;;15253.420296824062;15218.263366540115;633;15218.263366540115;6042.3345;;IterationSummary;;;;;;
95;3;6;1;diversification;4;3563c5119206;move;;;35;20;;;;;;;;;;True;False;False;True;;ok;17468.286767535505;15253.420296824062;15253.420296824062;15218.263366540115;634;15218.263366540115;6054.0795;2214.866470711442;Evaluated;9.1867;2.5496;64;True;2;duplicate_for_same_parent_sequence
95;3;6;2;diversification;4;3563c5119206;reinsert_block;;;;;;;25;30;17;;;;;True;False;False;True;;ok;16175.1873087319;15253.420296824062;15253.420296824062;15218.263366540115;635;15218.263366540115;6062.0808;921.7670119078375;Evaluated;5.6159;2.3825;64;True;1;
95;3;6;3;diversification;4;3563c5119206;swap;35;42;;;;;;;;;;;;True;False;False;False;;ok;16617.62105718008;15253.420296824062;15253.420296824062;15218.263366540115;636;15218.263366540115;6069.9437;1364.2007603560178;Evaluated;5.515;2.3452;64;True;1;
95;3;6;4;diversification;4;3563c5119206;move;;;62;30;;;;;;;;;;True;False;False;True;;ok;15045.898619058598;15253.420296824062;15253.420296824062;15218.263366540115;637;15218.263366540115;6081.0572;-207.52167776546412;Evaluated;8.775;2.335;64;True;2;duplicate_for_same_parent_sequence
95;3;6;5;diversification;4;3563c5119206;move;;;30;5;;;;;;;;;;True;False;False;True;;ok;16826.762225301045;15253.420296824062;15253.420296824062;15218.263366540115;638;15218.263366540115;6089.115;1573.3419284769825;Evaluated;5.5065;2.5484;64;True;1;
95;3;6;6;diversification;4;3563c5119206;move;;;50;20;;;;;;;;;;True;False;False;True;;ok;17110.94438930868;15253.420296824062;15253.420296824062;15218.263366540115;639;15218.263366540115;6096.9303;1857.5240924846166;Evaluated;5.2629;2.5492;64;True;1;
95;3;6;7;diversification;4;3563c5119206;move;;;20;35;;;;;;;;;;True;False;False;True;;ok;16961.656505392682;15253.420296824062;15253.420296824062;15218.263366540115;640;15218.263366540115;6104.6941;1708.23620856862;Evaluated;5.2026;2.5579;64;True;1;
95;3;6;8;diversification;4;3563c5119206;move;;;15;20;;;;;;;;;;True;False;False;False;;ok;17568.616403149936;15253.420296824062;15253.420296824062;15218.263366540115;641;15218.263366540115;6115.7336;2315.196106325873;Evaluated;8.4808;2.5558;64;True;2;duplicate_for_same_parent_sequence
95;3;6;9;diversification;4;3563c5119206;move;;;28;35;;;;;;;;;;True;False;False;False;;ok;16865.615324824154;15253.420296824062;15253.420296824062;15218.263366540115;642;15218.263366540115;6123.4993;1612.195028000091;Evaluated;5.1961;2.5668;64;True;1;
95;3;6;10;diversification;4;3563c5119206;move;;;45;30;;;;;;;;;;True;False;False;True;;ok;16421.219844547508;15253.420296824062;15253.420296824062;15218.263366540115;643;15218.263366540115;6131.1114;1167.7995477234454;Evaluated;5.249;2.3603;64;True;1;
95;3;6;;diversification;0;;;;;;;;;;;;;;;;;;;;;End-of-iteration summary row;;;15045.898619058598;15045.898619058598;643;15045.898619058598;6131.1283;;IterationSummary;;;;;;
96;3;7;1;normal;0;bc12f7576ec0;move;;;10;5;;;;;;;;;;True;False;False;False;;ok;17283.797605214255;15045.898619058598;15045.898619058598;15045.898619058598;644;15045.898619058598;6139.3385;2237.8989861556565;Evaluated;5.6473;2.556;64;True;1;
96;3;7;2;normal;0;bc12f7576ec0;swap;18;20;;;;;;;;;;;;True;False;False;False;;ok;17064.64230048613;15045.898619058598;15045.898619058598;15045.898619058598;645;15045.898619058598;6147.2969;2018.7436814275334;Evaluated;5.4048;2.5509;64;True;1;
96;3;7;3;normal;0;bc12f7576ec0;reinsert_block;;;;;;;35;40;20;;;;;True;False;False;True;;ok;16656.859810436337;15045.898619058598;15045.898619058598;15045.898619058598;646;15045.898619058598;6155.1707;1610.961191377739;Evaluated;5.5297;2.3414;64;True;1;
96;3;7;4;normal;0;bc12f7576ec0;move;;;50;17;;;;;;;;;;True;False;False;True;;ok;15692.505734824308;15045.898619058598;15045.898619058598;15045.898619058598;647;15045.898619058598;6162.652;646.6071157657098;Evaluated;5.1448;2.3355;64;True;1;
96;3;7;5;normal;0;bc12f7576ec0;move;;;50;25;;;;;;;;;;True;False;False;True;;ok;16360.901169801606;15045.898619058598;15045.898619058598;15045.898619058598;648;15045.898619058598;6170.4534;1315.0025507430073;Evaluated;5.4408;2.3579;64;True;1;
96;3;7;;normal;1;;;;;;;;;;;;;;;;;;;;;End-of-iteration summary row;;;15045.898619058598;15045.898619058598;648;15045.898619058598;6170.4567;;IterationSummary;;;;;;
97;3;8;1;normal;1;bc12f7576ec0;move;;;3;8;;;;;;;;;;True;False;False;False;;ok;18016.546228289637;15045.898619058598;15045.898619058598;15045.898619058598;649;15045.898619058598;6182.03;2970.6476092310386;Evaluated;9.0136;2.5512;64;True;2;duplicate_for_same_parent_sequence
97;3;8;2;normal;1;bc12f7576ec0;swap;20;25;;;;;;;;;;;;True;False;False;False;;ok;16787.10664872617;15045.898619058598;15045.898619058598;15045.898619058598;650;15045.898619058598;6189.866;1741.2080296675722;Evaluated;5.4792;2.354;64;True;1;
97;3;8;3;normal;1;bc12f7576ec0;move;;;38;15;;;;;;;;;;True;False;False;True;;ok;17333.372082129943;15045.898619058598;15045.898619058598;15045.898619058598;651;15045.898619058598;6201.4417;2287.4734630713447;Evaluated;9.0191;2.5536;64;True;2;duplicate_for_same_parent_sequence
97;3;8;4;normal;1;bc12f7576ec0;move;;;50;30;;;;;;;;;;True;False;False;True;;ok;15924.528283033169;15045.898619058598;15045.898619058598;15045.898619058598;652;15045.898619058598;6209.0145;878.6296639745706;Evaluated;5.2325;2.3376;64;True;1;
97;3;8;5;normal;1;bc12f7576ec0;move;;;50;20;;;;;;;;;;True;False;False;True;;ok;16289.644076924884;15045.898619058598;15045.898619058598;15045.898619058598;653;15045.898619058598;6216.5969;1243.7454578662855;Evaluated;5.227;2.3527;64;True;1;
97;3;8;;normal;2;;;;;;;;;;;;;;;;;;;;;End-of-iteration summary row;;;15045.898619058598;15045.898619058598;653;15045.898619058598;6216.5997;;IterationSummary;;;;;;
98;3;9;1;normal;2;bc12f7576ec0;move;;;7;12;;;;;;;;;;True;False;False;False;;ok;15046.00229438161;15045.898619058598;15045.898619058598;15045.898619058598;654;15045.898619058598;6231.3096;0.10367532301097526;Evaluated;12.3509;2.3426;64;True;3;duplicate_for_same_parent_sequence
98;3;9;2;normal;2;bc12f7576ec0;swap;25;30;;;;;;;;;;;;True;False;False;False;;ok;16476.695407144707;15045.898619058598;15045.898619058598;15045.898619058598;655;15045.898619058598;6245.6697;1430.7967880861088;Evaluated;11.9859;2.3712;64;True;3;duplicate_for_same_parent_sequence
98;3;9;3;normal;2;bc12f7576ec0;reinsert_block;;;;;;;32;40;50;;;;;True;False;False;True;;ok;15799.475119415025;15045.898619058598;15045.898619058598;15045.898619058598;656;15045.898619058598;6253.5328;753.5765003564265;Evaluated;5.5248;2.3355;64;True;1;
98;3;9;4;normal;2;bc12f7576ec0;move;;;48;30;;;;;;;;;;True;False;False;True;;ok;15893.249139826554;15045.898619058598;15045.898619058598;15045.898619058598;657;15045.898619058598;6264.4611;847.3505207679555;Evaluated;8.5838;2.3419;64;True;2;duplicate_for_same_parent_sequence
98;3;9;5;normal;2;bc12f7576ec0;move;;;38;25;;;;;;;;;;True;False;False;True;;ok;16898.489728982706;15045.898619058598;15045.898619058598;15045.898619058598;658;15045.898619058598;6275.6305;1852.5911099241075;Evaluated;8.6127;2.554;64;True;2;duplicate_for_same_parent_sequence
98;3;9;;normal;3;;;;;;;;;;;;;;;;;;;;;End-of-iteration summary row;;;15045.898619058598;15045.898619058598;658;15045.898619058598;6275.6341;;IterationSummary;;;;;;
99;3;10;1;diversification;3;bc12f7576ec0;move;;;12;0;;;;;;;;;;True;False;False;True;;ok;15044.490346511739;15045.898619058598;15045.898619058598;15045.898619058598;659;15045.898619058598;6283.557;-1.4082725468597346;Evaluated;5.5723;2.3412;64;True;1;
99;3;10;2;diversification;3;bc12f7576ec0;reinsert_block;;;;;;;18;24;35;;;;;True;False;False;True;;ok;16710.703400870094;15045.898619058598;15045.898619058598;15045.898619058598;660;15045.898619058598;6291.3501;1664.8047818114956;Evaluated;5.446;2.3444;64;True;1;
99;3;10;3;diversification;3;bc12f7576ec0;swap;35;40;;;;;;;;;;;;True;False;False;False;;ok;15578.653014150661;15045.898619058598;15045.898619058598;15045.898619058598;661;15045.898619058598;6299.0915;532.7543950920626;Evaluated;5.3994;2.3413;64;True;1;
99;3;10;4;diversification;3;bc12f7576ec0;move;;;48;35;;;;;;;;;;True;False;False;True;;ok;15886.64381289141;15045.898619058598;15045.898619058598;15045.898619058598;662;15045.898619058598;6310.278;840.7451938328122;Evaluated;8.8382;2.3458;64;True;2;duplicate_for_same_parent_sequence
99;3;10;5;diversification;3;bc12f7576ec0;move;;;15;7;;;;;;;;;;True;False;False;False;;ok;17402.568501530495;15045.898619058598;15045.898619058598;15045.898619058598;663;15045.898619058598;6318.0714;2356.669882471897;Evaluated;5.2415;2.5491;64;True;1;
99;3;10;6;diversification;3;bc12f7576ec0;move;;;32;50;;;;;;;;;;True;False;False;True;;ok;14982.113637298502;15045.898619058598;15045.898619058598;15045.898619058598;664;15045.898619058598;6325.8991;-63.78498176009634;Evaluated;5.4848;2.3401;64;True;1;
99;3;10;7;diversification;3;bc12f7576ec0;move;;;20;15;;;;;;;;;;True;False;False;False;;ok;16545.28531106339;15045.898619058598;15045.898619058598;15045.898619058598;665;15045.898619058598;6333.3927;1499.386692004793;Evaluated;5.1539;2.337;64;True;1;
99;3;10;8;diversification;3;bc12f7576ec0;move;;;15;20;;;;;;;;;;True;False;False;False;;ok;17238.929488588386;15045.898619058598;15045.898619058598;15045.898619058598;666;15045.898619058598;6341.2165;2193.030869529788;Evaluated;5.2581;2.5625;64;True;1;
99;3;10;9;diversification;3;bc12f7576ec0;move;;;28;35;;;;;;;;;;True;False;False;False;;ok;16627.949392657803;15045.898619058598;15045.898619058598;15045.898619058598;667;15045.898619058598;6348.7797;1582.050773599205;Evaluated;5.2148;2.3456;64;True;1;
99;3;10;10;diversification;3;bc12f7576ec0;move;;;40;50;;;;;;;;;;True;False;False;True;;ok;15473.313112383705;15045.898619058598;15045.898619058598;15045.898619058598;668;15045.898619058598;6356.3972;427.4144933251064;Evaluated;5.2691;2.3457;64;True;1;
99;3;10;;diversification;0;;;;;;;;;;;;;;;;;;;;;End-of-iteration summary row;;;14982.113637298502;14982.113637298502;668;14982.113637298502;6356.4112;;IterationSummary;;;;;;
100;3;11;1;normal;0;c0dfffd345b7;move;;;7;12;;;;;;;;;;True;False;False;False;;ok;14980.512580292349;14982.113637298502;14982.113637298502;14982.113637298502;669;14982.113637298502;6364.3981;-1.6010570061534963;Evaluated;5.6351;2.345;64;True;1;
100;3;11;2;normal;0;c0dfffd345b7;swap;17;25;;;;;;;;;;;;True;False;False;False;;ok;14982.113637298502;14982.113637298502;14982.113637298502;14982.113637298502;670;14982.113637298502;6372.0156;0.0;Evaluated;5.2655;2.3483;64;True;1;
100;3;11;3;normal;0;c0dfffd345b7;reinsert_block;;;;;;;35;40;28;;;;;True;False;False;False;;ok;16694.809159509332;14982.113637298502;14982.113637298502;14982.113637298502;671;14982.113637298502;6380.2373;1712.69552221083;Evaluated;5.875;2.3436;64;True;1;
100;3;11;4;normal;0;c0dfffd345b7;move;;;56;48;;;;;;;;;;True;False;False;False;;ok;15211.901737843762;14982.113637298502;14982.113637298502;14982.113637298502;672;14982.113637298502;6387.8001;229.78810054526002;Evaluated;5.2157;2.3432;64;True;1;
100;3;11;5;normal;0;c0dfffd345b7;move;;;10;25;;;;;;;;;;True;False;False;True;;ok;16821.996533631132;14982.113637298502;14982.113637298502;14982.113637298502;673;14982.113637298502;6395.5326;1839.8828963326305;Evaluated;5.1761;2.5536;64;True;1;
100;3;11;;normal;0;;;;;;;;;;;;;;;;;;;;;End-of-iteration summary row;;;14980.512580292349;14980.512580292349;673;14980.512580292349;6395.546;;IterationSummary;;;;;;
100;3;11;;;0;;;;;;;;;;;;;;;;;;;;;PartA | PartB | PartC | PartD | PartE | PartF | PartG | PartA | PartB | PartC | PartD | PartE | PartH | PartF | PartG | PartH | PartA | PartB | PartC | PartD | PartE | PartF | PartG | PartH | PartA | PartB | PartC | PartD | PartE | PartF | PartG | PartB | PartH | PartA | PartB | PartC | PartD | PartE | PartF | PartG | PartH | PartA | PartB | PartC | PartD | PartE | PartF | PartG | PartH | PartA | PartG | PartB | PartC | PartD | PartE | PartF | PartG | PartH | PartA | PartC | PartD | PartE | PartF | PartH;;;14980.512580292349;14980.512580292349;673;14980.512580292349;6395.5472;;FinalGlobalBestSequence;;;;;;
