iteration;restart_id;iteration_in_restart;candidate_in_iteration;search_mode;no_improvement_count_before_iteration;parent_sequence_signature;action;swap_i;swap_j;move_from;move_to;reverse_start;reverse_end;reinsert_block_start;reinsert_block_end;reinsert_block_to;swap_blocks_start1;swap_blocks_end1;swap_blocks_start2;swap_blocks_end2;valid;duplicate_for_same_parent_sequence;recently_rejected_for_same_parent_sequence;diversification_compatible;parse_error;validation_message;resulting_makespan;best_makespan_before;best_makespan_after;global_best_makespan_after;completed_simulations;actual_global_best_makespan;elapsed_optimization_time_sec;delta_vs_best_before;status;llm_time_sec;simulation_time_sec;exited_parts;completion_valid;llm_attempts;retry_reason
1;1;1;1;normal;0;0f63cf6f404e;move;;;5;10;;;;;;;;;;True;False;False;False;;ok;17532.182049666284;16641.404845676683;16641.404845676683;16641.404845676683;2;16641.404845676683;7.546;890.7772039896008;Evaluated;5.0313;2.5084;64;True;1;
1;1;1;2;normal;0;0f63cf6f404e;swap;18;20;;;;;;;;;;;;True;False;False;False;;ok;17394.129398115478;16641.404845676683;16641.404845676683;16641.404845676683;3;16641.404845676683;14.9117;752.7245524387945;Evaluated;4.8354;2.5283;64;True;1;
1;1;1;3;normal;0;0f63cf6f404e;reinsert_block;;;;;;;32;40;16;;;;;True;False;False;True;;ok;16298.825894167576;16641.404845676683;16641.404845676683;16641.404845676683;4;16641.404845676683;22.3635;-342.57895150910736;Evaluated;5.1695;2.2795;64;True;1;
1;1;1;4;normal;0;0f63cf6f404e;move;;;50;49;;;;;;;;;;True;False;False;False;;ok;16187.814598926165;16641.404845676683;16641.404845676683;16641.404845676683;5;16641.404845676683;29.4555;-453.5902467505184;Evaluated;4.8178;2.2719;64;True;1;
1;1;1;5;normal;0;0f63cf6f404e;move;;;24;16;;;;;;;;;;True;False;False;False;;ok;17217.25017596924;16641.404845676683;16641.404845676683;16641.404845676683;6;16641.404845676683;36.8214;575.8453302925554;Evaluated;4.8493;2.5158;64;True;1;
1;1;1;;normal;0;;;;;;;;;;;;;;;;;;;;;End-of-iteration summary row;;;16187.814598926165;16187.814598926165;6;16187.814598926165;36.8415;;IterationSummary;;;;;;
2;1;2;1;normal;0;04f0b4e57a49;move;;;8;4;;;;;;;;;;True;False;False;False;;ok;17454.76848773205;16187.814598926165;16187.814598926165;16187.814598926165;7;16187.814598926165;44.6793;1266.953888805885;Evaluated;5.3509;2.4811;64;True;1;
2;1;2;2;normal;0;04f0b4e57a49;swap;16;20;;;;;;;;;;;;True;False;False;False;;ok;17257.664895504808;16187.814598926165;16187.814598926165;16187.814598926165;8;16187.814598926165;52.6502;1069.8502965786429;Evaluated;5.4035;2.5638;64;True;1;
2;1;2;3;normal;0;04f0b4e57a49;reinsert_block;;;;;;;35;40;16;;;;;True;False;False;True;;ok;16547.631305157185;16187.814598926165;16187.814598926165;16187.814598926165;9;16187.814598926165;60.659;359.81670623102036;Evaluated;5.5281;2.4794;64;True;1;
2;1;2;4;normal;0;04f0b4e57a49;move;;;50;48;;;;;;;;;;True;False;False;False;;ok;16640.556660854905;16187.814598926165;16187.814598926165;16187.814598926165;10;16187.814598926165;68.3333;452.74206192874044;Evaluated;5.1901;2.4815;64;True;1;
2;1;2;5;normal;0;04f0b4e57a49;move;;;45;10;;;;;;;;;;True;False;False;True;;ok;16738.516528331787;16187.814598926165;16187.814598926165;16187.814598926165;11;16187.814598926165;75.9258;550.7019294056226;Evaluated;5.099;2.4905;64;True;1;
2;1;2;;normal;1;;;;;;;;;;;;;;;;;;;;;End-of-iteration summary row;;;16187.814598926165;16187.814598926165;11;16187.814598926165;75.9287;;IterationSummary;;;;;;
3;1;3;1;normal;1;04f0b4e57a49;move;;;5;10;;;;;;;;;;True;False;False;False;;ok;17076.06555503846;16187.814598926165;16187.814598926165;16187.814598926165;12;16187.814598926165;83.7903;888.250956112297;Evaluated;5.3279;2.5238;64;True;1;
3;1;3;2;normal;1;04f0b4e57a49;swap;18;20;;;;;;;;;;;;True;False;False;False;;ok;16937.97713253219;16187.814598926165;16187.814598926165;16187.814598926165;13;16187.814598926165;91.4897;750.1625336060242;Evaluated;5.2427;2.4537;64;True;1;
3;1;3;3;normal;1;04f0b4e57a49;reinsert_block;;;;;;;38;42;16;;;;;True;False;False;True;;ok;17535.2194479557;16187.814598926165;16187.814598926165;16187.814598926165;14;16187.814598926165;99.5742;1347.4048490295354;Evaluated;5.6224;2.4596;64;True;1;
3;1;3;4;normal;1;04f0b4e57a49;move;;;53;51;;;;;;;;;;True;False;False;False;;ok;16192.596385410126;16187.814598926165;16187.814598926165;16187.814598926165;15;16187.814598926165;110.5514;4.781786483961696;Evaluated;8.6888;2.2854;64;True;2;duplicate_for_same_parent_sequence
3;1;3;5;normal;1;04f0b4e57a49;move;;;50;49;;;;;;;;;;True;False;False;False;;ok;16641.404845676683;16187.814598926165;16187.814598926165;16187.814598926165;16;16187.814598926165;118.0513;453.5902467505184;Evaluated;5.0181;2.4789;64;True;1;
3;1;3;;normal;2;;;;;;;;;;;;;;;;;;;;;End-of-iteration summary row;;;16187.814598926165;16187.814598926165;16;16187.814598926165;118.0545;;IterationSummary;;;;;;
4;1;4;1;normal;2;04f0b4e57a49;move;;;7;3;;;;;;;;;;True;False;False;False;;ok;17446.540200307474;16187.814598926165;16187.814598926165;16187.814598926165;17;16187.814598926165;129.8209;1258.7256013813094;Evaluated;9.2753;2.477;64;True;2;duplicate_for_same_parent_sequence
4;1;4;2;normal;2;04f0b4e57a49;swap;20;25;;;;;;;;;;;;True;False;False;False;;ok;16668.92030002069;16187.814598926165;16187.814598926165;16187.814598926165;18;16187.814598926165;137.3419;481.105701094526;Evaluated;5.2038;2.3141;64;True;1;
4;1;4;3;normal;2;04f0b4e57a49;move;;;25;35;;;;;;;;;;True;False;False;True;;ok;16644.48762020345;16187.814598926165;16187.814598926165;16187.814598926165;19;16187.814598926165;149.0157;456.67302127728544;Evaluated;9.3535;2.3172;64;True;2;duplicate_for_same_parent_sequence
4;1;4;4;normal;2;04f0b4e57a49;move;;;52;49;;;;;;;;;;True;False;False;False;;ok;16452.18675215602;16187.814598926165;16187.814598926165;16187.814598926165;20;16187.814598926165;159.9675;264.37215322985503;Evaluated;8.6499;2.301;64;True;2;duplicate_for_same_parent_sequence
4;1;4;5;normal;2;04f0b4e57a49;move;;;45;12;;;;;;;;;;True;False;False;True;;ok;16822.58083714054;16187.814598926165;16187.814598926165;16187.814598926165;21;16187.814598926165;171.3284;634.7662382143753;Evaluated;8.8807;2.477;64;True;2;duplicate_for_same_parent_sequence
4;1;4;;normal;3;;;;;;;;;;;;;;;;;;;;;End-of-iteration summary row;;;16187.814598926165;16187.814598926165;21;16187.814598926165;171.3302;;IterationSummary;;;;;;
5;1;5;1;diversification;3;04f0b4e57a49;move;;;10;5;;;;;;;;;;True;False;False;False;;ok;15645.42963286556;16187.814598926165;16187.814598926165;16187.814598926165;22;16187.814598926165;179.1512;-542.3849660606047;EvaluatedImprovementDespiteDiversificationMismatch;5.5302;2.278;64;True;1;
5;1;5;2;diversification;3;04f0b4e57a49;reinsert_block;;;;;;;20;24;15;;;;;True;False;False;False;;ok;17309.39450695735;16187.814598926165;16187.814598926165;16187.814598926165;23;16187.814598926165;187.3084;1121.5799080311845;Evaluated;5.6115;2.5449;64;True;1;
5;1;5;3;diversification;3;04f0b4e57a49;swap;35;40;;;;;;;;;;;;True;False;False;False;;ok;16173.723518859093;16187.814598926165;16187.814598926165;16187.814598926165;24;16187.814598926165;194.7818;-14.091080067071744;EvaluatedImprovementDespiteDiversificationMismatch;5.1738;2.2966;64;True;1;
5;1;5;4;diversification;3;04f0b4e57a49;move;;;60;55;;;;;;;;;;True;False;False;False;;ok;16011.662557537988;16187.814598926165;16187.814598926165;16187.814598926165;25;16187.814598926165;205.7156;-176.15204138817717;EvaluatedImprovementDespiteDiversificationMismatch;8.6561;2.2764;64;True;2;duplicate_for_same_parent_sequence
5;1;5;5;diversification;3;04f0b4e57a49;move;;;31;20;;;;;;;;;;True;False;False;True;;ok;16648.98959278385;16187.814598926165;16187.814598926165;16187.814598926165;26;16187.814598926165;216.9386;461.1749938576868;Evaluated;8.7263;2.4944;64;True;2;duplicate_for_same_parent_sequence
5;1;5;6;diversification;3;04f0b4e57a49;move;;;50;38;;;;;;;;;;True;False;False;True;;ok;16189.00308261107;16187.814598926165;16187.814598926165;16187.814598926165;27;16187.814598926165;224.5401;1.1884836849058047;Evaluated;5.3142;2.2845;64;True;1;
5;1;5;7;diversification;3;04f0b4e57a49;move;;;15;38;;;;;;;;;;True;False;False;True;;ok;17092.956609219822;16187.814598926165;16187.814598926165;16187.814598926165;28;16187.814598926165;235.6838;905.1420102936572;Evaluated;8.6576;2.4837;64;True;2;duplicate_for_same_parent_sequence
5;1;5;8;diversification;3;04f0b4e57a49;move;;;8;15;;;;;;;;;;True;False;False;False;;ok;16246.682793466136;16187.814598926165;16187.814598926165;16187.814598926165;29;16187.814598926165;243.1123;58.86819453997123;Evaluated;5.1175;2.3082;64;True;1;
5;1;5;9;diversification;3;04f0b4e57a49;move;;;30;18;;;;;;;;;;True;False;False;True;;ok;16257.15452042408;16187.814598926165;16187.814598926165;16187.814598926165;30;16187.814598926165;254.1208;69.33992149791447;Evaluated;8.7161;2.29;64;True;2;duplicate_for_same_parent_sequence
5;1;5;10;diversification;3;04f0b4e57a49;move;;;50;45;;;;;;;;;;True;False;False;False;;ok;16642.62456420519;16187.814598926165;16187.814598926165;16187.814598926165;31;16187.814598926165;261.9265;454.8099652790261;Evaluated;5.3221;2.4806;64;True;1;
5;1;5;;diversification;0;;;;;;;;;;;;;;;;;;;;;End-of-iteration summary row;;;15645.42963286556;15645.42963286556;31;15645.42963286556;261.9437;;IterationSummary;;;;;;
6;1;6;1;normal;0;86ce0f8c8dd1;move;;;5;10;;;;;;;;;;True;False;False;False;;ok;16187.814598926165;15645.42963286556;15645.42963286556;15645.42963286556;32;15645.42963286556;269.8366;542.3849660606047;Evaluated;5.61;2.2737;64;True;1;
6;1;6;2;normal;0;86ce0f8c8dd1;swap;20;21;;;;;;;;;;;;True;False;False;False;;ok;16712.17335829693;15645.42963286556;15645.42963286556;15645.42963286556;33;15645.42963286556;277.3147;1066.7437254313681;Evaluated;4.9699;2.5055;64;True;1;
6;1;6;3;normal;0;86ce0f8c8dd1;reinsert_block;;;;;;;34;41;20;;;;;True;False;False;True;;ok;16611.627827073135;15645.42963286556;15645.42963286556;15645.42963286556;34;15645.42963286556;285.3625;966.1981942075745;Evaluated;5.5637;2.4814;64;True;1;
6;1;6;4;normal;0;86ce0f8c8dd1;move;;;50;40;;;;;;;;;;True;False;False;True;;ok;16377.453911616818;15645.42963286556;15645.42963286556;15645.42963286556;35;15645.42963286556;292.9019;732.024278751258;Evaluated;5.2488;2.2872;64;True;1;
6;1;6;5;normal;0;86ce0f8c8dd1;move;;;48;35;;;;;;;;;;True;False;False;True;;ok;15939.771761122875;15645.42963286556;15645.42963286556;15645.42963286556;36;15645.42963286556;300.4262;294.34212825731447;Evaluated;5.2037;2.3181;64;True;1;
6;1;6;;normal;1;;;;;;;;;;;;;;;;;;;;;End-of-iteration summary row;;;15645.42963286556;15645.42963286556;36;15645.42963286556;300.4296;;IterationSummary;;;;;;
7;1;7;1;normal;1;86ce0f8c8dd1;move;;;7;12;;;;;;;;;;True;False;False;False;;ok;15645.904992749382;15645.42963286556;15645.42963286556;15645.42963286556;37;15645.42963286556;311.8074;0.4753598838215112;Evaluated;9.0726;2.2935;64;True;2;duplicate_for_same_parent_sequence
7;1;7;2;normal;1;86ce0f8c8dd1;swap;18;20;;;;;;;;;;;;True;False;False;False;;ok;16673.220439413184;15645.42963286556;15645.42963286556;15645.42963286556;38;15645.42963286556;319.491;1027.790806547624;Evaluated;5.1759;2.505;64;True;1;
7;1;7;3;normal;1;86ce0f8c8dd1;reinsert_block;;;;;;;35;40;20;;;;;True;False;False;True;;ok;16253.84920630275;15645.42963286556;15645.42963286556;15645.42963286556;39;15645.42963286556;327.3774;608.4195734371897;Evaluated;5.5595;2.3243;64;True;1;
7;1;7;4;normal;1;86ce0f8c8dd1;move;;;56;48;;;;;;;;;;True;False;False;False;;ok;15411.255082438995;15645.42963286556;15645.42963286556;15645.42963286556;40;15645.42963286556;334.915;-234.17455042656547;Evaluated;5.2313;2.3057;64;True;1;
7;1;7;5;normal;1;86ce0f8c8dd1;move;;;52;49;;;;;;;;;;True;False;False;False;;ok;15426.858322636548;15645.42963286556;15645.42963286556;15645.42963286556;41;15645.42963286556;342.4821;-218.57131022901194;Evaluated;5.2359;2.3306;64;True;1;
7;1;7;;normal;0;;;;;;;;;;;;;;;;;;;;;End-of-iteration summary row;;;15411.255082438995;15411.255082438995;41;15411.255082438995;342.4935;;IterationSummary;;;;;;
8;1;8;1;normal;0;b6df26168312;move;;;10;5;;;;;;;;;;True;False;False;False;;ok;17747.682924700974;15411.255082438995;15411.255082438995;15411.255082438995;42;15411.255082438995;350.7935;2336.427842261979;Evaluated;5.7514;2.5389;64;True;1;
8;1;8;2;normal;0;b6df26168312;swap;17;20;;;;;;;;;;;;True;False;False;False;;ok;16781.158083632734;15411.255082438995;15411.255082438995;15411.255082438995;43;15411.255082438995;358.4695;1369.9030011937393;Evaluated;5.1779;2.4951;64;True;1;
8;1;8;3;normal;0;b6df26168312;reinsert_block;;;;;;;38;42;25;;;;;True;False;False;True;;ok;17667.47745702634;15411.255082438995;15411.255082438995;15411.255082438995;44;15411.255082438995;366.5237;2256.2223745873453;Evaluated;5.5587;2.4929;64;True;1;
8;1;8;4;normal;0;b6df26168312;move;;;56;49;;;;;;;;;;True;False;False;False;;ok;15505.080034406337;15411.255082438995;15411.255082438995;15411.255082438995;45;15411.255082438995;374.0558;93.82495196734271;Evaluated;5.2254;2.306;64;True;1;
8;1;8;5;normal;0;b6df26168312;move;;;56;40;;;;;;;;;;True;False;False;True;;ok;15423.075547966791;15411.255082438995;15411.255082438995;15411.255082438995;46;15411.255082438995;381.4029;11.820465527796841;Evaluated;5.1022;2.2422;64;True;1;
8;1;8;;normal;1;;;;;;;;;;;;;;;;;;;;;End-of-iteration summary row;;;15411.255082438995;15411.255082438995;46;15411.255082438995;381.4038;;IterationSummary;;;;;;
9;1;9;1;normal;1;b6df26168312;move;;;5;10;;;;;;;;;;True;False;False;False;;ok;16187.814598926165;15411.255082438995;15411.255082438995;15411.255082438995;47;15411.255082438995;389.1664;776.5595164871702;Evaluated;5.4708;2.2857;64;True;1;
9;1;9;2;normal;1;b6df26168312;swap;20;25;;;;;;;;;;;;True;False;False;False;;ok;17284.022761059885;15411.255082438995;15411.255082438995;15411.255082438995;48;15411.255082438995;397.1357;1872.7676786208904;Evaluated;5.4266;2.5398;64;True;1;
9;1;9;3;normal;1;b6df26168312;reinsert_block;;;;;;;35;40;16;;;;;True;False;False;True;;ok;17252.125804931184;15411.255082438995;15411.255082438995;15411.255082438995;49;15411.255082438995;405.1515;1840.870722492189;Evaluated;5.5242;2.4884;64;True;1;
9;1;9;4;normal;1;b6df26168312;move;;;56;48;;;;;;;;;;True;False;False;False;;ok;15661.736684271245;15411.255082438995;15411.255082438995;15411.255082438995;50;15411.255082438995;412.8585;250.48160183225082;Evaluated;5.434;2.2723;64;True;1;
9;1;9;5;normal;1;b6df26168312;move;;;50;43;;;;;;;;;;True;False;False;False;;ok;15978.259192063857;15411.255082438995;15411.255082438995;15411.255082438995;51;15411.255082438995;420.3839;567.0041096248624;Evaluated;5.2196;2.3032;64;True;1;
9;1;9;;normal;2;;;;;;;;;;;;;;;;;;;;;End-of-iteration summary row;;;15411.255082438995;15411.255082438995;51;15411.255082438995;420.3868;;IterationSummary;;;;;;
10;1;10;1;normal;2;b6df26168312;move;;;8;3;;;;;;;;;;True;False;False;False;;ok;17453.793723713912;15411.255082438995;15411.255082438995;15411.255082438995;52;15411.255082438995;431.6906;2042.5386412749176;Evaluated;8.7794;2.5131;64;True;2;duplicate_for_same_parent_sequence
10;1;10;2;normal;2;b6df26168312;move;;;17;10;;;;;;;;;;True;False;False;False;;ok;16829.448975850784;15411.255082438995;15411.255082438995;15411.255082438995;53;15411.255082438995;443.092;1418.1938934117898;Evaluated;8.8979;2.501;64;True;2;duplicate_for_same_parent_sequence
10;1;10;3;normal;2;b6df26168312;move;;;37;18;;;;;;;;;;True;False;False;True;;ok;17522.73001332076;15411.255082438995;15411.255082438995;15411.255082438995;54;15411.255082438995;454.6205;2111.4749308817663;Evaluated;9.022;2.5032;64;True;2;duplicate_for_same_parent_sequence
10;1;10;4;normal;2;b6df26168312;swap;48;49;;;;;;;;;;;;True;False;False;False;;ok;15411.255082438995;15411.255082438995;15411.255082438995;15411.255082438995;55;15411.255082438995;469.1997;0.0;Evaluated;12.2654;2.3111;64;True;3;duplicate_for_same_parent_sequence
10;1;10;5;normal;2;b6df26168312;move;;;28;15;;;;;;;;;;True;False;False;True;;ok;17407.47291303264;15411.255082438995;15411.255082438995;15411.255082438995;56;15411.255082438995;476.8509;1996.2178305936468;Evaluated;5.1453;2.5033;64;True;1;
10;1;10;;normal;3;;;;;;;;;;;;;;;;;;;;;End-of-iteration summary row;;;15411.255082438995;15411.255082438995;56;15411.255082438995;476.8518;;IterationSummary;;;;;;
11;1;11;1;diversification;3;b6df26168312;move;;;7;2;;;;;;;;;;True;False;False;False;;ok;17713.16847864082;15411.255082438995;15411.255082438995;15411.255082438995;57;15411.255082438995;489.2872;2301.913396201824;Evaluated;9.9524;2.4761;64;True;2;duplicate_for_same_parent_sequence
11;1;11;2;diversification;3;b6df26168312;reinsert_block;;;;;;;18;23;5;;;;;True;False;False;True;;ok;17844.04736116328;15411.255082438995;15411.255082438995;15411.255082438995;58;15411.255082438995;497.3034;2432.792278724286;Evaluated;5.5172;2.4966;64;True;1;
11;1;11;3;diversification;3;b6df26168312;swap;35;42;;;;;;;;;;;;True;False;False;False;;ok;15929.374435100097;15411.255082438995;15411.255082438995;15411.255082438995;59;15411.255082438995;504.8338;518.1193526611023;Evaluated;5.2409;2.286;64;True;1;
11;1;11;4;diversification;3;b6df26168312;move;;;53;40;;;;;;;;;;True;False;False;True;;ok;15980.046397877606;15411.255082438995;15411.255082438995;15411.255082438995;60;15411.255082438995;512.4412;568.7913154386115;Evaluated;5.2845;2.3191;64;True;1;
11;1;11;5;diversification;3;b6df26168312;move;;;52;49;;;;;;;;;;True;False;False;False;;ok;15634.617796958008;15411.255082438995;15411.255082438995;15411.255082438995;61;15411.255082438995;520.0613;223.36271451901302;Evaluated;5.3142;2.3031;64;True;1;
11;1;11;6;diversification;3;b6df26168312;move;;;25;18;;;;;;;;;;True;False;False;False;;ok;16902.495243787027;15411.255082438995;15411.255082438995;15411.255082438995;62;15411.255082438995;531.2285;1491.2401613480324;Evaluated;8.6681;2.4966;64;True;2;duplicate_for_same_parent_sequence
11;1;11;7;diversification;3;b6df26168312;move;;;17;28;;;;;;;;;;True;False;False;True;;ok;16391.74192750384;15411.255082438995;15411.255082438995;15411.255082438995;63;15411.255082438995;542.2314;980.4868450648464;Evaluated;8.7016;2.3007;64;True;2;duplicate_for_same_parent_sequence
11;1;11;8;diversification;3;b6df26168312;move;;;30;19;;;;;;;;;;True;False;False;True;;ok;16753.893400897854;15411.255082438995;15411.255082438995;15411.255082438995;64;15411.255082438995;553.4414;1342.6383184588594;Evaluated;8.6919;2.5174;64;True;2;duplicate_for_same_parent_sequence
11;1;11;9;diversification;3;b6df26168312;move;;;25;30;;;;;;;;;;True;False;False;False;;ok;15914.869517240195;15411.255082438995;15411.255082438995;15411.255082438995;65;15411.255082438995;561.3247;503.61443480120033;Evaluated;5.5176;2.363;64;True;1;
11;1;11;10;diversification;3;b6df26168312;move;;;53;50;;;;;;;;;;True;False;False;False;;ok;15415.14721327857;15411.255082438995;15411.255082438995;15411.255082438995;66;15411.255082438995;575.5798;3.8921308395747474;Evaluated;11.9614;2.293;64;True;3;duplicate_for_same_parent_sequence
11;1;11;;diversification;4;;;;;;;;;;;;;;;;;;;;;End-of-iteration summary row;;;15411.255082438995;15411.255082438995;66;15411.255082438995;575.5828;;IterationSummary;;;;;;
12;1;12;1;diversification;4;b6df26168312;move;;;5;20;;;;;;;;;;True;False;False;True;;ok;17095.99758422902;15411.255082438995;15411.255082438995;15411.255082438995;67;15411.255082438995;584.0117;1684.742501790024;Evaluated;5.8636;2.549;64;True;1;
12;1;12;2;diversification;4;b6df26168312;reinsert_block;;;;;;;20;25;16;;;;;True;False;False;False;;ok;17829.942588578462;15411.255082438995;15411.255082438995;15411.255082438995;68;15411.255082438995;592.4525;2418.6875061394676;Evaluated;5.9498;2.4886;64;True;1;
12;1;12;3;diversification;4;b6df26168312;swap;34;42;;;;;;;;;;;;True;False;False;False;;ok;15411.255082438995;15411.255082438995;15411.255082438995;15411.255082438995;69;15411.255082438995;600.0409;0.0;Evaluated;5.2651;2.3226;64;True;1;
12;1;12;4;diversification;4;b6df26168312;move;;;53;48;;;;;;;;;;True;False;False;False;;ok;15720.720848116016;15411.255082438995;15411.255082438995;15411.255082438995;70;15411.255082438995;607.8662;309.4657656770214;Evaluated;5.5003;2.3244;64;True;1;
12;1;12;5;diversification;4;b6df26168312;move;;;20;10;;;;;;;;;;True;False;False;True;;ok;17726.748688921372;15411.255082438995;15411.255082438995;15411.255082438995;71;15411.255082438995;619.3888;2315.493606482378;Evaluated;9.012;2.5081;64;True;2;duplicate_for_same_parent_sequence
12;1;12;6;diversification;4;b6df26168312;move;;;52;40;;;;;;;;;;True;False;False;True;;ok;16101.504214138797;15411.255082438995;15411.255082438995;15411.255082438995;72;15411.255082438995;626.9597;690.2491316998021;Evaluated;5.2928;2.2768;64;True;1;
12;1;12;7;diversification;4;b6df26168312;move;;;20;15;;;;;;;;;;True;False;False;False;;ok;16686.086476205906;15411.255082438995;15411.255082438995;15411.255082438995;73;15411.255082438995;634.6065;1274.8313937669118;Evaluated;5.1334;2.5102;64;True;1;
12;1;12;8;diversification;4;b6df26168312;move;;;8;20;;;;;;;;;;True;False;False;True;;ok;15787.178813446373;15411.255082438995;15411.255082438995;15411.255082438995;74;15411.255082438995;642.2155;375.9237310073786;Evaluated;5.2455;2.3607;64;True;1;
12;1;12;9;diversification;4;b6df26168312;move;;;48;25;;;;;;;;;;True;False;False;True;;ok;15932.216851573785;15411.255082438995;15411.255082438995;15411.255082438995;75;15411.255082438995;653.2188;520.9617691347903;Evaluated;8.6654;2.3366;64;True;2;duplicate_for_same_parent_sequence
12;1;12;10;diversification;4;b6df26168312;move;;;48;35;;;;;;;;;;True;False;False;True;;ok;15932.993357402882;15411.255082438995;15411.255082438995;15411.255082438995;76;15411.255082438995;664.5391;521.7382749638873;Evaluated;9.0404;2.2774;64;True;2;duplicate_for_same_parent_sequence
12;1;12;;diversification;5;;;;;;;;;;;;;;;;;;;;;End-of-iteration summary row;;;15411.255082438995;15411.255082438995;76;15411.255082438995;664.5397;;IterationSummary;;;;;;
13;1;13;1;diversification;5;b6df26168312;move;;;25;10;;;;;;;;;;True;False;False;True;;ok;17276.648743157984;15411.255082438995;15411.255082438995;15411.255082438995;77;15411.255082438995;672.7989;1865.3936607189898;Evaluated;5.7165;2.5371;64;True;1;
13;1;13;2;diversification;5;b6df26168312;reinsert_block;;;;;;;17;23;8;;;;;True;False;False;True;;ok;17349.085922760925;15411.255082438995;15411.255082438995;15411.255082438995;78;15411.255082438995;680.8579;1937.8308403219307;Evaluated;5.5569;2.4991;64;True;1;
13;1;13;3;diversification;5;b6df26168312;swap;35;40;;;;;;;;;;;;True;False;False;False;;ok;15997.85357710576;15411.255082438995;15411.255082438995;15411.255082438995;79;15411.255082438995;691.9433;586.598494666765;Evaluated;8.8068;2.2776;64;True;2;duplicate_for_same_parent_sequence
13;1;13;4;diversification;5;b6df26168312;move;;;56;20;;;;;;;;;;True;False;False;True;;ok;15408.734468001481;15411.255082438995;15411.255082438995;15411.255082438995;80;15411.255082438995;699.5817;-2.520614437513359;Evaluated;5.3131;2.3237;64;True;1;
13;1;13;5;diversification;5;b6df26168312;swap;10;14;;;;;;;;;;;;True;False;False;False;;ok;17668.534547465646;15411.255082438995;15411.255082438995;15411.255082438995;81;15411.255082438995;710.7911;2257.2794650266515;Evaluated;8.6761;2.5306;64;True;2;duplicate_for_same_parent_sequence
13;1;13;6;diversification;5;b6df26168312;move;;;31;45;;;;;;;;;;True;False;False;True;;ok;15653.377961594832;15411.255082438995;15411.255082438995;15411.255082438995;82;15411.255082438995;721.8454;242.12287915583693;Evaluated;8.761;2.2927;64;True;2;duplicate_for_same_parent_sequence
13;1;13;7;diversification;5;b6df26168312;move;;;18;32;;;;;;;;;;True;False;False;True;;ok;16441.885444516076;15411.255082438995;15411.255082438995;15411.255082438995;83;15411.255082438995;732.7705;1030.6303620770814;Evaluated;8.6018;2.3196;64;True;2;duplicate_for_same_parent_sequence
13;1;13;8;diversification;5;b6df26168312;move;;;30;12;;;;;;;;;;True;False;False;True;;ok;16503.275704538606;15411.255082438995;15411.255082438995;15411.255082438995;84;15411.255082438995;740.5852;1092.0206220996115;Evaluated;5.505;2.3071;64;True;1;
13;1;13;9;diversification;5;b6df26168312;move;;;30;20;;;;;;;;;;True;False;False;True;;ok;16253.499076785802;15411.255082438995;15411.255082438995;15411.255082438995;85;15411.255082438995;751.5429;842.2439943468071;Evaluated;8.6577;2.297;64;True;2;duplicate_for_same_parent_sequence
13;1;13;10;diversification;5;b6df26168312;move;;;53;42;;;;;;;;;;True;False;False;True;;ok;15961.362141190899;15411.255082438995;15411.255082438995;15411.255082438995;86;15411.255082438995;759.1351;550.1070587519043;Evaluated;5.3079;2.2818;64;True;1;
13;1;13;;diversification;0;;;;;;;;;;;;;;;;;;;;;End-of-iteration summary row;;;15408.734468001481;15408.734468001481;86;15408.734468001481;759.1544;;IterationSummary;;;;;;
14;1;14;1;normal;0;75221b38cc30;move;;;5;10;;;;;;;;;;True;False;False;False;;ok;16642.336365263378;15408.734468001481;15408.734468001481;15408.734468001481;87;15408.734468001481;767.3409;1233.6018972618967;Evaluated;5.7064;2.472;64;True;1;
14;1;14;2;normal;0;75221b38cc30;swap;17;25;;;;;;;;;;;;True;False;False;False;;ok;15412.23007402382;15408.734468001481;15408.734468001481;15408.734468001481;88;15408.734468001481;774.8849;3.495606022339416;Evaluated;5.2366;2.3045;64;True;1;
14;1;14;3;normal;0;75221b38cc30;reinsert_block;;;;;;;35;40;20;;;;;True;False;False;True;;ok;16739.625777231136;15408.734468001481;15408.734468001481;15408.734468001481;89;15408.734468001481;782.6676;1330.8913092296552;Evaluated;5.4619;2.3176;64;True;1;
14;1;14;4;normal;0;75221b38cc30;move;;;56;20;;;;;;;;;;True;False;False;True;;ok;15371.787770386718;15408.734468001481;15408.734468001481;15408.734468001481;90;15408.734468001481;790.1149;-36.94669761476325;Evaluated;5.1705;2.2741;64;True;1;
14;1;14;5;normal;0;75221b38cc30;move;;;52;40;;;;;;;;;;True;False;False;True;;ok;15495.240108278596;15408.734468001481;15408.734468001481;15408.734468001481;91;15408.734468001481;797.6465;86.50564027711516;Evaluated;5.2341;2.2949;64;True;1;
14;1;14;;normal;0;;;;;;;;;;;;;;;;;;;;;End-of-iteration summary row;;;15371.787770386718;15371.787770386718;91;15371.787770386718;797.6573;;IterationSummary;;;;;;
15;1;15;1;normal;0;bd8c13589dcb;move;;;7;2;;;;;;;;;;True;False;False;False;;ok;15901.363120118876;15371.787770386718;15371.787770386718;15371.787770386718;92;15371.787770386718;805.5442;529.5753497321584;Evaluated;5.5964;2.2823;64;True;1;
15;1;15;2;normal;0;bd8c13589dcb;swap;18;20;;;;;;;;;;;;True;False;False;False;;ok;18082.311727608936;15371.787770386718;15371.787770386718;15371.787770386718;93;15371.787770386718;813.3637;2710.523957222218;Evaluated;5.2931;2.5239;64;True;1;
15;1;15;3;normal;0;bd8c13589dcb;reinsert_block;;;;;;;32;40;16;;;;;True;False;False;True;;ok;17652.657906693003;15371.787770386718;15371.787770386718;15371.787770386718;94;15371.787770386718;821.4617;2280.8701363062846;Evaluated;5.5712;2.5236;64;True;1;
15;1;15;4;normal;0;bd8c13589dcb;move;;;50;42;;;;;;;;;;True;False;False;False;;ok;15644.901355255815;15371.787770386718;15371.787770386718;15371.787770386718;95;15371.787770386718;828.9062;273.1135848690974;Evaluated;5.0986;2.3453;64;True;1;
15;1;15;5;normal;0;bd8c13589dcb;move;;;42;10;;;;;;;;;;True;False;False;True;;ok;15599.446973582346;15371.787770386718;15371.787770386718;15371.787770386718;96;15371.787770386718;836.4368;227.65920319562792;Evaluated;5.222;2.3077;64;True;1;
15;1;15;;normal;1;;;;;;;;;;;;;;;;;;;;;End-of-iteration summary row;;;15371.787770386718;15371.787770386718;96;15371.787770386718;836.4398;;IterationSummary;;;;;;
16;1;16;1;normal;1;bd8c13589dcb;move;;;8;12;;;;;;;;;;True;False;False;False;;ok;15829.989468382542;15371.787770386718;15371.787770386718;15371.787770386718;97;15371.787770386718;844.3566;458.20169799582436;Evaluated;5.5818;2.3213;64;True;1;
16;1;16;2;normal;1;bd8c13589dcb;swap;24;30;;;;;;;;;;;;True;False;False;False;;ok;17051.235103817555;15371.787770386718;15371.787770386718;15371.787770386718;98;15371.787770386718;852.0703;1679.4473334308368;Evaluated;5.1992;2.5117;64;True;1;
16;1;16;3;normal;1;bd8c13589dcb;reinsert_block;;;;;;;35;40;20;;;;;True;False;False;True;;ok;16561.007098040987;15371.787770386718;15371.787770386718;15371.787770386718;99;15371.787770386718;860.1679;1189.2193276542694;Evaluated;5.5992;2.4954;64;True;1;
16;1;16;4;normal;1;bd8c13589dcb;move;;;56;48;;;;;;;;;;True;False;False;False;;ok;16577.652641394638;15371.787770386718;15371.787770386718;15371.787770386718;100;15371.787770386718;867.6949;1205.8648710079196;Evaluated;5.2119;2.3121;64;True;1;
16;1;16;5;normal;1;bd8c13589dcb;move;;;18;30;;;;;;;;;;True;False;False;True;;ok;17080.324245061893;15371.787770386718;15371.787770386718;15371.787770386718;101;15371.787770386718;875.4816;1708.5364746751748;Evaluated;5.2408;2.5432;64;True;1;
16;1;16;;normal;2;;;;;;;;;;;;;;;;;;;;;End-of-iteration summary row;;;15371.787770386718;15371.787770386718;101;15371.787770386718;875.4822;;IterationSummary;;;;;;
17;1;17;1;normal;2;bd8c13589dcb;move;;;10;5;;;;;;;;;;True;False;False;False;;ok;15933.123618175068;15371.787770386718;15371.787770386718;15371.787770386718;102;15371.787770386718;883.4205;561.3358477883503;Evaluated;5.6395;2.2915;64;True;1;
17;1;17;2;normal;2;bd8c13589dcb;swap;19;25;;;;;;;;;;;;True;False;False;False;;ok;16140.248770640086;15371.787770386718;15371.787770386718;15371.787770386718;103;15371.787770386718;894.2987;768.4610002533682;Evaluated;8.5861;2.2913;64;True;2;duplicate_for_same_parent_sequence
17;1;17;3;normal;2;bd8c13589dcb;reinsert_block;;;;;;;35;40;25;;;;;True;False;False;True;;ok;16179.47972835351;15371.787770386718;15371.787770386718;15371.787770386718;104;15371.787770386718;902.2506;807.691957966792;Evaluated;5.6417;2.3094;64;True;1;
17;1;17;4;normal;2;bd8c13589dcb;move;;;5;10;;;;;;;;;;True;False;False;False;;ok;16683.835435065335;15371.787770386718;15371.787770386718;15371.787770386718;105;15371.787770386718;913.1206;1312.0476646786174;Evaluated;8.4775;2.3918;64;True;2;duplicate_for_same_parent_sequence
17;1;17;5;normal;2;bd8c13589dcb;move;;;42;30;;;;;;;;;;True;False;False;True;;ok;16418.466261860358;15371.787770386718;15371.787770386718;15371.787770386718;106;15371.787770386718;924.1554;1046.67849147364;Evaluated;8.6286;2.4031;64;True;2;duplicate_for_same_parent_sequence
17;1;17;;normal;3;;;;;;;;;;;;;;;;;;;;;End-of-iteration summary row;;;15371.787770386718;15371.787770386718;106;15371.787770386718;924.1567;;IterationSummary;;;;;;
18;1;18;1;diversification;3;bd8c13589dcb;move;;;7;20;;;;;;;;;;True;False;False;True;;ok;17392.732270656936;15371.787770386718;15371.787770386718;15371.787770386718;107;15371.787770386718;932.4355;2020.9445002702178;Evaluated;5.6763;2.5909;64;True;1;
18;1;18;2;diversification;3;bd8c13589dcb;reinsert_block;;;;;;;25;30;16;;;;;True;False;False;True;;ok;15749.22340980152;15371.787770386718;15371.787770386718;15371.787770386718;108;15371.787770386718;940.4573;377.4356394148017;Evaluated;5.6446;2.3743;64;True;1;
18;1;18;3;diversification;3;bd8c13589dcb;swap;35;40;;;;;;;;;;;;True;False;False;False;;ok;17158.55986448949;15371.787770386718;15371.787770386718;15371.787770386718;109;15371.787770386718;948.5985;1786.772094102771;Evaluated;5.5337;2.6047;64;True;1;
18;1;18;4;diversification;3;bd8c13589dcb;move;;;53;48;;;;;;;;;;True;False;False;False;;ok;15847.317546348771;15371.787770386718;15371.787770386718;15371.787770386718;110;15371.787770386718;956.333;475.52977596205346;Evaluated;5.3618;2.3693;64;True;1;
18;1;18;5;diversification;3;bd8c13589dcb;move;;;8;20;;;;;;;;;;True;False;False;True;;ok;17078.325530383365;15371.787770386718;15371.787770386718;15371.787770386718;111;15371.787770386718;967.7503;1706.5377599966469;Evaluated;8.8242;2.5905;64;True;2;duplicate_for_same_parent_sequence
18;1;18;6;diversification;3;bd8c13589dcb;move;;;45;35;;;;;;;;;;True;False;False;True;;ok;16556.435015648633;15371.787770386718;15371.787770386718;15371.787770386718;112;15371.787770386718;975.3984;1184.6472452619146;Evaluated;5.2439;2.4011;64;True;1;
18;1;18;7;diversification;3;bd8c13589dcb;move;;;42;15;;;;;;;;;;True;False;False;True;;ok;16638.754924797897;15371.787770386718;15371.787770386718;15371.787770386718;113;15371.787770386718;982.9743;1266.9671544111789;Evaluated;5.1523;2.4204;64;True;1;
18;1;18;8;diversification;3;bd8c13589dcb;move;;;24;18;;;;;;;;;;True;False;False;False;;ok;17719.42267887278;15371.787770386718;15371.787770386718;15371.787770386718;114;15371.787770386718;990.7815;2347.6349084860612;Evaluated;5.215;2.5895;64;True;1;
18;1;18;9;diversification;3;bd8c13589dcb;move;;;24;30;;;;;;;;;;True;False;False;False;;ok;15377.594083403796;15371.787770386718;15371.787770386718;15371.787770386718;115;15371.787770386718;998.357;5.806313017077628;Evaluated;5.1992;2.3738;64;True;1;
18;1;18;10;diversification;3;bd8c13589dcb;move;;;51;40;;;;;;;;;;True;False;False;True;;ok;16810.547571652547;15371.787770386718;15371.787770386718;15371.787770386718;116;15371.787770386718;1005.9733;1438.759801265829;Evaluated;5.229;2.3844;64;True;1;
18;1;18;;diversification;4;;;;;;;;;;;;;;;;;;;;;End-of-iteration summary row;;;15371.787770386718;15371.787770386718;116;15371.787770386718;1005.9771;;IterationSummary;;;;;;
19;1;19;1;diversification;4;bd8c13589dcb;move;;;25;16;;;;;;;;;;True;False;False;False;;ok;16023.918337968087;15371.787770386718;15371.787770386718;15371.787770386718;117;15371.787770386718;1014.1461;652.1305675813692;Evaluated;5.7778;2.3773;64;True;1;
19;1;19;2;diversification;4;bd8c13589dcb;reinsert_block;;;;;;;18;24;5;;;;;True;False;False;True;;ok;16603.38810762758;15371.787770386718;15371.787770386718;15371.787770386718;118;15371.787770386718;1022.068;1231.6003372408613;Evaluated;5.5138;2.4053;64;True;1;
19;1;19;3;diversification;4;bd8c13589dcb;swap;32;47;;;;;;;;;;;;True;False;False;True;;ok;15879.627431369976;15371.787770386718;15371.787770386718;15371.787770386718;119;15371.787770386718;1033.488;507.839660983258;Evaluated;9.0534;2.3639;64;True;2;duplicate_for_same_parent_sequence
19;1;19;4;diversification;4;bd8c13589dcb;move;;;50;12;;;;;;;;;;True;False;False;True;;ok;17076.65244506288;15371.787770386718;15371.787770386718;15371.787770386718;120;15371.787770386718;1044.7273;1704.8646746761606;Evaluated;8.6477;2.5884;64;True;2;duplicate_for_same_parent_sequence
19;1;19;5;diversification;4;bd8c13589dcb;move;;;50;32;;;;;;;;;;True;False;False;True;;ok;16365.338651835264;15371.787770386718;15371.787770386718;15371.787770386718;121;15371.787770386718;1052.3712;993.5508814485456;Evaluated;5.255;2.3858;64;True;1;
19;1;19;6;diversification;4;bd8c13589dcb;move;;;45;30;;;;;;;;;;True;False;False;True;;ok;17241.742839291273;15371.787770386718;15371.787770386718;15371.787770386718;122;15371.787770386718;1059.9776;1869.9550689045554;Evaluated;5.1914;2.4124;64;True;1;
19;1;19;7;diversification;4;bd8c13589dcb;move;;;50;35;;;;;;;;;;True;False;False;True;;ok;16376.63517951952;15371.787770386718;15371.787770386718;15371.787770386718;123;15371.787770386718;1067.5526;1004.8474091328026;Evaluated;5.1664;2.4056;64;True;1;
19;1;19;8;diversification;4;bd8c13589dcb;move;;;24;8;;;;;;;;;;True;False;False;True;;ok;17584.14836024968;15371.787770386718;15371.787770386718;15371.787770386718;124;15371.787770386718;1078.6832;2212.360589862963;Evaluated;8.5312;2.5953;64;True;2;duplicate_for_same_parent_sequence
19;1;19;9;diversification;4;bd8c13589dcb;move;;;30;40;;;;;;;;;;True;False;False;True;;ok;17121.19604984863;15371.787770386718;15371.787770386718;15371.787770386718;125;15371.787770386718;1089.9174;1749.4082794619117;Evaluated;8.6465;2.5846;64;True;2;duplicate_for_same_parent_sequence
19;1;19;10;diversification;4;bd8c13589dcb;swap;30;31;;;;;;;;;;;;True;False;False;False;;ok;15709.049080593259;15371.787770386718;15371.787770386718;15371.787770386718;126;15371.787770386718;1101.0828;337.26131020654066;Evaluated;8.7996;2.3627;64;True;2;duplicate_for_same_parent_sequence
19;1;19;;diversification;5;;;;;;;;;;;;;;;;;;;;;End-of-iteration summary row;;;15371.787770386718;15371.787770386718;126;15371.787770386718;1101.086;;IterationSummary;;;;;;
20;1;20;1;diversification;5;bd8c13589dcb;move;;;24;5;;;;;;;;;;True;False;False;True;;ok;16272.41260410504;15371.787770386718;15371.787770386718;15371.787770386718;127;15371.787770386718;1109.1225;900.6248337183224;Evaluated;5.6306;2.3908;64;True;1;
20;1;20;2;diversification;5;bd8c13589dcb;move;;;20;30;;;;;;;;;;True;False;False;True;;ok;16925.470803819357;15371.787770386718;15371.787770386718;15371.787770386718;128;15371.787770386718;1120.458;1553.6830334326387;Evaluated;8.9461;2.386;64;True;2;duplicate_for_same_parent_sequence
20;1;20;3;diversification;5;bd8c13589dcb;swap;34;42;;;;;;;;;;;;True;False;False;False;;ok;15371.787770386718;15371.787770386718;15371.787770386718;15371.787770386718;129;15371.787770386718;1128.0923;0.0;Evaluated;5.2579;2.3734;64;True;1;
20;1;20;4;diversification;5;bd8c13589dcb;move;;;50;20;;;;;;;;;;True;False;False;True;;ok;16676.752282643694;15371.787770386718;15371.787770386718;15371.787770386718;130;15371.787770386718;1135.9493;1304.9645122569764;Evaluated;5.4821;2.3722;64;True;1;
20;1;20;5;diversification;5;bd8c13589dcb;move;;;20;15;;;;;;;;;;True;False;False;False;;ok;18093.076352099688;15371.787770386718;15371.787770386718;15371.787770386718;131;15371.787770386718;1143.9051;2721.28858171297;Evaluated;5.3481;2.6043;64;True;1;
20;1;20;6;diversification;5;bd8c13589dcb;move;;;40;50;;;;;;;;;;True;False;False;True;;ok;16191.315460729511;15371.787770386718;15371.787770386718;15371.787770386718;132;15371.787770386718;1151.5203;819.527690342793;Evaluated;5.2189;2.3933;64;True;1;
20;1;20;7;diversification;5;bd8c13589dcb;move;;;40;25;;;;;;;;;;True;False;False;True;;ok;17025.692264533114;15371.787770386718;15371.787770386718;15371.787770386718;133;15371.787770386718;1159.2718;1653.9044941463962;Evaluated;5.1582;2.59;64;True;1;
20;1;20;8;diversification;5;bd8c13589dcb;move;;;18;5;;;;;;;;;;True;False;False;True;;ok;17136.52174488973;15371.787770386718;15371.787770386718;15371.787770386718;134;15371.787770386718;1167.0765;1764.733974503013;Evaluated;5.2064;2.5952;64;True;1;
20;1;20;9;diversification;5;bd8c13589dcb;move;;;37;15;;;;;;;;;;True;False;False;True;;ok;16658.004491920277;15371.787770386718;15371.787770386718;15371.787770386718;135;15371.787770386718;1181.6522;1286.2167215335594;Evaluated;12.1874;2.3854;64;True;3;duplicate_for_same_parent_sequence
20;1;20;10;diversification;5;bd8c13589dcb;move;;;52;40;;;;;;;;;;True;False;False;True;;ok;16408.2409309656;15371.787770386718;15371.787770386718;15371.787770386718;136;15371.787770386718;1189.3417;1036.4531605788816;Evaluated;5.287;2.3998;64;True;1;
20;1;20;;diversification;6;;;;;;;;;;;;;;;;;;;;;End-of-iteration summary row;;;15371.787770386718;15371.787770386718;136;15371.787770386718;1189.3451;;IterationSummary;;;;;;
21;1;21;1;diversification;6;bd8c13589dcb;move;;;15;3;;;;;;;;;;True;False;False;True;;ok;16995.114901464214;15371.787770386718;15371.787770386718;15371.787770386718;137;15371.787770386718;1200.8282;1623.3271310774962;Evaluated;9.0899;2.3865;64;True;2;duplicate_for_same_parent_sequence
21;1;21;2;diversification;6;bd8c13589dcb;reinsert_block;;;;;;;20;25;16;;;;;True;False;False;False;;ok;17775.76553145678;15371.787770386718;15371.787770386718;15371.787770386718;138;15371.787770386718;1209.0165;2403.9777610700603;Evaluated;5.5935;2.5917;64;True;1;
21;1;21;3;diversification;6;bd8c13589dcb;swap;32;47;;;;;;;;;;;;False;True;False;;;ok;;15371.787770386718;15371.787770386718;15371.787770386718;138;15371.787770386718;1220.8999;;DuplicateForSameParentSequenceAfterRetries;11.8826;;;;3;duplicate_for_same_parent_sequence
21;1;21;4;diversification;6;bd8c13589dcb;move;;;52;30;;;;;;;;;;True;False;False;True;;ok;17632.533517417505;15371.787770386718;15371.787770386718;15371.787770386718;139;15371.787770386718;1228.6701;2260.7457470307872;Evaluated;5.1831;2.586;64;True;1;
21;1;21;5;diversification;6;bd8c13589dcb;swap;20;30;;;;;;;;;;;;True;False;False;False;;ok;15529.827493248447;15371.787770386718;15371.787770386718;15371.787770386718;140;15371.787770386718;1239.6447;158.0397228617294;Evaluated;8.5986;2.3734;64;True;2;duplicate_for_same_parent_sequence
21;1;21;6;diversification;6;bd8c13589dcb;move;;;50;10;;;;;;;;;;True;False;False;True;;ok;15603.564598168843;15371.787770386718;15371.787770386718;15371.787770386718;141;15371.787770386718;1247.094;231.7768277821251;Evaluated;5.0759;2.3708;64;True;1;
21;1;21;7;diversification;6;bd8c13589dcb;move;;;56;10;;;;;;;;;;True;False;False;True;;ok;18430.907172216623;15371.787770386718;15371.787770386718;15371.787770386718;142;15371.787770386718;1254.8658;3059.1194018299047;Evaluated;5.1632;2.606;64;True;1;
21;1;21;8;diversification;6;bd8c13589dcb;move;;;20;35;;;;;;;;;;True;False;False;True;;ok;17163.668437025353;15371.787770386718;15371.787770386718;15371.787770386718;143;15371.787770386718;1262.8909;1791.8806666386354;Evaluated;5.4444;2.5802;64;True;1;
21;1;21;9;diversification;6;bd8c13589dcb;move;;;24;5;;;;;;;;;;False;True;False;;;ok;;15371.787770386718;15371.787770386718;15371.787770386718;143;15371.787770386718;1274.8019;;DuplicateForSameParentSequenceAfterRetries;11.9101;;;;3;duplicate_for_same_parent_sequence
21;1;21;10;diversification;6;bd8c13589dcb;move;;;56;20;;;;;;;;;;True;False;False;True;;ok;17541.41386378965;15371.787770386718;15371.787770386718;15371.787770386718;144;15371.787770386718;1282.6802;2169.6260934029324;Evaluated;5.2744;2.6029;64;True;1;
21;1;21;;diversification;7;;;;;;;;;;;;;;;;;;;;;End-of-iteration summary row;;;15371.787770386718;15371.787770386718;144;15371.787770386718;1282.684;;IterationSummary;;;;;;
22;1;22;1;diversification;7;bd8c13589dcb;move;;;30;5;;;;;;;;;;True;False;False;True;;ok;16702.203584223906;15371.787770386718;15371.787770386718;15371.787770386718;145;15371.787770386718;1294.3802;1330.4158138371877;Evaluated;9.2968;2.387;64;True;2;duplicate_for_same_parent_sequence
22;1;22;2;diversification;7;bd8c13589dcb;reinsert_block;;;;;;;24;27;16;;;;;True;False;False;True;;ok;18723.488141989885;15371.787770386718;15371.787770386718;15371.787770386718;146;15371.787770386718;1310.6214;3351.700371603167;Evaluated;13.6475;2.5911;64;True;3;duplicate_for_same_parent_sequence
22;1;22;3;diversification;7;bd8c13589dcb;swap;40;45;;;;;;;;;;;;True;False;False;False;;ok;16041.099140920684;15371.787770386718;15371.787770386718;15371.787770386718;147;15371.787770386718;1318.2617;669.3113705339656;Evaluated;5.2675;2.3698;64;True;1;
22;1;22;4;diversification;7;bd8c13589dcb;move;;;50;16;;;;;;;;;;True;False;False;True;;ok;16642.235193937624;15371.787770386718;15371.787770386718;15371.787770386718;148;15371.787770386718;1325.8617;1270.447423550906;Evaluated;5.214;2.3836;64;True;1;
22;1;22;5;diversification;7;bd8c13589dcb;swap;20;24;;;;;;;;;;;;True;False;False;False;;ok;15371.787770386718;15371.787770386718;15371.787770386718;15371.787770386718;149;15371.787770386718;1336.991;0.0;Evaluated;8.7616;2.3644;64;True;2;duplicate_for_same_parent_sequence
22;1;22;6;diversification;7;bd8c13589dcb;move;;;40;15;;;;;;;;;;True;False;False;True;;ok;16912.0008065741;15371.787770386718;15371.787770386718;15371.787770386718;150;15371.787770386718;1344.6901;1540.2130361873806;Evaluated;5.3118;2.3845;64;True;1;
22;1;22;7;diversification;7;bd8c13589dcb;move;;;30;20;;;;;;;;;;True;False;False;True;;ok;16455.653724432337;15371.787770386718;15371.787770386718;15371.787770386718;151;15371.787770386718;1355.629;1083.8659540456192;Evaluated;8.5445;2.3913;64;True;2;duplicate_for_same_parent_sequence
22;1;22;8;diversification;7;bd8c13589dcb;swap;10;20;;;;;;;;;;;;True;False;False;False;;ok;15742.42556809253;15371.787770386718;15371.787770386718;15371.787770386718;152;15371.787770386718;1369.9589;370.6377977058128;Evaluated;11.9485;2.3784;64;True;3;duplicate_for_same_parent_sequence
22;1;22;9;diversification;7;bd8c13589dcb;move;;;30;15;;;;;;;;;;True;False;False;True;;ok;16955.384704398108;15371.787770386718;15371.787770386718;15371.787770386718;153;15371.787770386718;1381.2065;1583.5969340113897;Evaluated;8.6626;2.5824;64;True;2;duplicate_for_same_parent_sequence
22;1;22;10;diversification;7;bd8c13589dcb;swap;42;53;;;;;;;;;;;;True;False;False;False;;ok;15371.879107644576;15371.787770386718;15371.787770386718;15371.787770386718;154;15371.787770386718;1392.3032;0.09133725785795832;Evaluated;8.7231;2.3728;64;True;2;duplicate_for_same_parent_sequence
22;1;22;;diversification;8;;;;;;;;;;;;;;;;;;;;;End-of-iteration summary row;;;15371.787770386718;15371.787770386718;154;15371.787770386718;1392.3063;;IterationSummary;;;;;;
23;1;23;1;diversification;8;bd8c13589dcb;move;;;56;10;;;;;;;;;;False;True;False;;;ok;;15371.787770386718;15371.787770386718;15371.787770386718;154;15371.787770386718;1405.1545;;DuplicateForSameParentSequenceAfterRetries;12.8385;;;;3;duplicate_for_same_parent_sequence
23;1;23;2;diversification;8;bd8c13589dcb;reinsert_block;;;;;;;20;24;15;;;;;True;False;False;False;;ok;17772.09858605944;15371.787770386718;15371.787770386718;15371.787770386718;155;15371.787770386718;1413.3148;2400.310815672723;Evaluated;5.5627;2.5965;64;True;1;
23;1;23;3;diversification;8;bd8c13589dcb;swap;35;42;;;;;;;;;;;;True;False;False;False;;ok;16027.019631350253;15371.787770386718;15371.787770386718;15371.787770386718;156;15371.787770386718;1421.1985;655.2318609635349;Evaluated;5.5156;2.3675;64;True;1;
23;1;23;4;diversification;8;bd8c13589dcb;move;;;48;20;;;;;;;;;;True;False;False;True;;ok;16740.452936829905;15371.787770386718;15371.787770386718;15371.787770386718;157;15371.787770386718;1432.3444;1368.6651664431865;Evaluated;8.7528;2.3924;64;True;2;duplicate_for_same_parent_sequence
23;1;23;5;diversification;8;bd8c13589dcb;move;;;53;30;;;;;;;;;;True;False;False;True;;ok;16927.545151475693;15371.787770386718;15371.787770386718;15371.787770386718;158;15371.787770386718;1443.2237;1555.7573810889753;Evaluated;8.4868;2.3917;64;True;2;duplicate_for_same_parent_sequence
23;1;23;6;diversification;8;bd8c13589dcb;move;;;25;35;;;;;;;;;;True;False;False;True;;ok;16047.692388508432;15371.787770386718;15371.787770386718;15371.787770386718;159;15371.787770386718;1454.4217;675.9046181217145;Evaluated;8.827;2.3704;64;True;2;duplicate_for_same_parent_sequence
23;1;23;7;diversification;8;bd8c13589dcb;move;;;24;16;;;;;;;;;;True;False;False;False;;ok;17706.809497944687;15371.787770386718;15371.787770386718;15371.787770386718;160;15371.787770386718;1462.1681;2335.021727557969;Evaluated;5.1568;2.5887;64;True;1;
23;1;23;8;diversification;8;bd8c13589dcb;move;;;30;5;;;;;;;;;;False;True;False;;;ok;;15371.787770386718;15371.787770386718;15371.787770386718;160;15371.787770386718;1474.7295;;DuplicateForSameParentSequenceAfterRetries;12.5607;;;;3;duplicate_for_same_parent_sequence
23;1;23;9;diversification;8;bd8c13589dcb;move;;;25;30;;;;;;;;;;True;False;False;False;;ok;16039.473445131489;15371.787770386718;15371.787770386718;15371.787770386718;161;15371.787770386718;1482.3672;667.685674744771;Evaluated;5.2583;2.3784;64;True;1;
23;1;23;10;diversification;8;bd8c13589dcb;move;;;45;20;;;;;;;;;;True;False;False;True;;ok;16736.355519914992;15371.787770386718;15371.787770386718;15371.787770386718;162;15371.787770386718;1493.5008;1364.5677495282744;Evaluated;8.7433;2.3897;64;True;2;duplicate_for_same_parent_sequence
23;1;23;;diversification;9;;;;;;;;;;;;;;;;;;;;;End-of-iteration summary row;;;15371.787770386718;15371.787770386718;162;15371.787770386718;1493.504;;IterationSummary;;;;;;
24;1;24;1;diversification;9;bd8c13589dcb;move;;;20;5;;;;;;;;;;True;False;False;True;;ok;15355.757078789959;15371.787770386718;15371.787770386718;15371.787770386718;163;15371.787770386718;1501.5314;-16.030691596759425;Evaluated;5.6366;2.3788;64;True;1;
24;1;24;2;diversification;9;bd8c13589dcb;reinsert_block;;;;;;;18;23;5;;;;;True;False;False;True;;ok;16921.619672472367;15371.787770386718;15371.787770386718;15371.787770386718;164;15371.787770386718;1509.4565;1549.8319020856488;Evaluated;5.5408;2.3816;64;True;1;
24;1;24;3;diversification;9;bd8c13589dcb;move;;;38;10;;;;;;;;;;True;False;False;True;;ok;17437.73217595517;15371.787770386718;15371.787770386718;15371.787770386718;165;15371.787770386718;1520.9712;2065.9444055684526;Evaluated;8.9197;2.5926;64;True;2;duplicate_for_same_parent_sequence
24;1;24;4;diversification;9;bd8c13589dcb;move;;;48;25;;;;;;;;;;True;False;False;True;;ok;17013.199781879164;15371.787770386718;15371.787770386718;15371.787770386718;166;15371.787770386718;1532.3529;1641.4120114924463;Evaluated;8.7941;2.5869;64;True;2;duplicate_for_same_parent_sequence
24;1;24;5;diversification;9;bd8c13589dcb;move;;;42;35;;;;;;;;;;True;False;False;False;;ok;16418.466261860358;15371.787770386718;15371.787770386718;15371.787770386718;167;15371.787770386718;1543.358;1046.67849147364;Evaluated;8.6081;2.3941;64;True;2;duplicate_for_same_parent_sequence
24;1;24;6;diversification;9;bd8c13589dcb;move;;;53;20;;;;;;;;;;True;False;False;True;;ok;17118.824718862503;15371.787770386718;15371.787770386718;15371.787770386718;168;15371.787770386718;1551.0072;1747.0369484757848;Evaluated;5.2337;2.4125;64;True;1;
24;1;24;7;diversification;9;bd8c13589dcb;move;;;15;40;;;;;;;;;;True;False;False;True;;ok;16129.328343897008;15371.787770386718;15371.787770386718;15371.787770386718;169;15371.787770386718;1562.312;757.5405735102904;Evaluated;8.9203;2.3836;64;True;2;duplicate_for_same_parent_sequence
24;1;24;8;diversification;9;bd8c13589dcb;move;;;18;25;;;;;;;;;;True;False;False;False;;ok;17165.67014345456;15371.787770386718;15371.787770386718;15371.787770386718;170;15371.787770386718;1570.1571;1793.8823730678432;Evaluated;5.2424;2.5996;64;True;1;
24;1;24;9;diversification;9;bd8c13589dcb;move;;;45;10;;;;;;;;;;True;False;False;True;;ok;17372.97686232414;15371.787770386718;15371.787770386718;15371.787770386718;171;15371.787770386718;1581.4674;2001.1890919374218;Evaluated;8.7226;2.5841;64;True;2;duplicate_for_same_parent_sequence
24;1;24;10;diversification;9;bd8c13589dcb;move;;;53;10;;;;;;;;;;True;False;False;True;;ok;17546.33563753708;15371.787770386718;15371.787770386718;15371.787770386718;172;15371.787770386718;1589.4056;2174.5478671503606;Evaluated;5.3438;2.5918;64;True;1;
24;1;24;;diversification;0;;;;;;;;;;;;;;;;;;;;;End-of-iteration summary row;;;15355.757078789959;15355.757078789959;172;15355.757078789959;1589.4173;;IterationSummary;;;;;;
25;1;25;1;normal;0;f9026b4790e7;move;;;3;10;;;;;;;;;;True;False;False;False;;ok;16976.94421373628;15355.757078789959;15355.757078789959;15355.757078789959;173;15355.757078789959;1597.8137;1621.18713494632;Evaluated;5.9962;2.3922;64;True;1;
25;1;25;2;normal;0;f9026b4790e7;swap;17;20;;;;;;;;;;;;True;False;False;False;;ok;16581.161506899116;15355.757078789959;15355.757078789959;15355.757078789959;174;15355.757078789959;1605.2954;1225.4044281091574;Evaluated;5.101;2.3776;64;True;1;
25;1;25;3;normal;0;f9026b4790e7;reinsert_block;;;;;;;35;41;20;;;;;True;False;False;True;;ok;16773.83002775156;15355.757078789959;15355.757078789959;15355.757078789959;175;15355.757078789959;1613.2297;1418.0729489616006;Evaluated;5.5503;2.3806;64;True;1;
25;1;25;4;normal;0;f9026b4790e7;move;;;53;20;;;;;;;;;;True;False;False;True;;ok;16726.648760604225;15355.757078789959;15355.757078789959;15355.757078789959;176;15355.757078789959;1620.9159;1370.8916818142661;Evaluated;5.2541;2.4294;64;True;1;
25;1;25;5;normal;0;f9026b4790e7;move;;;48;10;;;;;;;;;;True;False;False;True;;ok;16363.317333957964;15355.757078789959;15355.757078789959;15355.757078789959;177;15355.757078789959;1631.9168;1007.5602551680058;Evaluated;8.6072;2.39;64;True;2;duplicate_for_same_parent_sequence
25;1;25;;normal;1;;;;;;;;;;;;;;;;;;;;;End-of-iteration summary row;;;15355.757078789959;15355.757078789959;177;15355.757078789959;1631.92;;IterationSummary;;;;;;
26;1;26;1;normal;1;f9026b4790e7;move;;;15;40;;;;;;;;;;True;False;False;True;;ok;16619.096936064045;15355.757078789959;15355.757078789959;15355.757078789959;178;15355.757078789959;1639.9145;1263.3398572740862;Evaluated;5.6072;2.3786;64;True;1;
26;1;26;2;normal;1;f9026b4790e7;swap;18;25;;;;;;;;;;;;True;False;False;False;;ok;16458.40255535129;15355.757078789959;15355.757078789959;15355.757078789959;179;15355.757078789959;1647.5483;1102.6454765613325;Evaluated;5.2405;2.3904;64;True;1;
26;1;26;3;normal;1;f9026b4790e7;reinsert_block;;;;;;;35;40;25;;;;;True;False;False;True;;ok;16087.97474455996;15355.757078789959;15355.757078789959;15355.757078789959;180;15355.757078789959;1655.5669;732.217665770002;Evaluated;5.6445;2.3711;64;True;1;
26;1;26;4;normal;1;f9026b4790e7;move;;;50;20;;;;;;;;;;True;False;False;True;;ok;16243.821621908586;15355.757078789959;15355.757078789959;15355.757078789959;181;15355.757078789959;1666.7148;888.0645431186276;Evaluated;8.7559;2.3895;64;True;2;duplicate_for_same_parent_sequence
26;1;26;5;normal;1;f9026b4790e7;move;;;40;25;;;;;;;;;;True;False;False;True;;ok;17729.20869013537;15355.757078789959;15355.757078789959;15355.757078789959;182;15355.757078789959;1674.489;2373.45161134541;Evaluated;5.1808;2.5923;64;True;1;
26;1;26;;normal;2;;;;;;;;;;;;;;;;;;;;;End-of-iteration summary row;;;15355.757078789959;15355.757078789959;182;15355.757078789959;1674.4916;;IterationSummary;;;;;;
27;1;27;1;normal;2;f9026b4790e7;move;;;5;10;;;;;;;;;;True;False;False;False;;ok;15736.34857419243;15355.757078789959;15355.757078789959;15355.757078789959;183;15355.757078789959;1682.4591;380.591495402472;Evaluated;5.593;2.365;64;True;1;
27;1;27;2;normal;2;f9026b4790e7;swap;20;25;;;;;;;;;;;;True;False;False;False;;ok;16901.72972161253;15355.757078789959;15355.757078789959;15355.757078789959;184;15355.757078789959;1690.3013;1545.9726428225713;Evaluated;5.4593;2.3802;64;True;1;
27;1;27;3;normal;2;f9026b4790e7;reinsert_block;;;;;;;35;40;20;;;;;True;False;False;True;;ok;16774.020522342373;15355.757078789959;15355.757078789959;15355.757078789959;185;15355.757078789959;1698.1944;1418.2634435524142;Evaluated;5.5106;2.3803;64;True;1;
27;1;27;4;normal;2;f9026b4790e7;move;;;50;23;;;;;;;;;;True;False;False;True;;ok;16938.028774303955;15355.757078789959;15355.757078789959;15355.757078789959;186;15355.757078789959;1705.6875;1582.2716955139967;Evaluated;5.1088;2.3836;64;True;1;
27;1;27;5;normal;2;f9026b4790e7;move;;;18;40;;;;;;;;;;True;False;False;True;;ok;15979.155356744013;15355.757078789959;15355.757078789959;15355.757078789959;187;15355.757078789959;1716.6659;623.3982779540547;Evaluated;8.5995;2.3755;64;True;2;duplicate_for_same_parent_sequence
27;1;27;;normal;3;;;;;;;;;;;;;;;;;;;;;End-of-iteration summary row;;;15355.757078789959;15355.757078789959;187;15355.757078789959;1716.6693;;IterationSummary;;;;;;
28;1;28;1;diversification;3;f9026b4790e7;move;;;10;25;;;;;;;;;;True;False;False;True;;ok;16514.36891119706;15355.757078789959;15355.757078789959;15355.757078789959;188;15355.757078789959;1724.7516;1158.6118324071012;Evaluated;5.6729;2.3947;64;True;1;
28;1;28;2;diversification;3;f9026b4790e7;reinsert_block;;;;;;;18;23;5;;;;;True;False;False;True;;ok;18076.893685476734;15355.757078789959;15355.757078789959;15355.757078789959;189;15355.757078789959;1732.7999;2721.136606686776;Evaluated;5.4609;2.5845;64;True;1;
28;1;28;3;diversification;3;f9026b4790e7;swap;40;50;;;;;;;;;;;;True;False;False;False;;ok;16328.655231929006;15355.757078789959;15355.757078789959;15355.757078789959;190;15355.757078789959;1740.5073;972.8981531390473;Evaluated;5.3082;2.3966;64;True;1;
28;1;28;4;diversification;3;f9026b4790e7;move;;;52;48;;;;;;;;;;True;False;False;False;;ok;15784.940828676206;15355.757078789959;15355.757078789959;15355.757078789959;191;15355.757078789959;1748.0883;429.1837498862478;Evaluated;5.2058;2.3721;64;True;1;
28;1;28;5;diversification;3;f9026b4790e7;move;;;18;45;;;;;;;;;;True;False;False;True;;ok;15981.661091604448;15355.757078789959;15355.757078789959;15355.757078789959;192;15355.757078789959;1759.2928;625.9040128144898;Evaluated;8.8349;2.3668;64;True;2;duplicate_for_same_parent_sequence
28;1;28;6;diversification;3;f9026b4790e7;move;;;30;15;;;;;;;;;;True;False;False;True;;ok;17422.22808711169;15355.757078789959;15355.757078789959;15355.757078789959;193;15355.757078789959;1770.9134;2066.4710083217306;Evaluated;9.0278;2.5899;64;True;2;duplicate_for_same_parent_sequence
28;1;28;7;diversification;3;f9026b4790e7;move;;;42;15;;;;;;;;;;True;False;False;True;;ok;16917.397562897197;15355.757078789959;15355.757078789959;15355.757078789959;194;15355.757078789959;1782.2153;1561.640484107238;Evaluated;8.9112;2.3881;64;True;2;duplicate_for_same_parent_sequence
28;1;28;8;diversification;3;f9026b4790e7;move;;;8;15;;;;;;;;;;True;False;False;False;;ok;17541.06954401554;15355.757078789959;15355.757078789959;15355.757078789959;195;15355.757078789959;1790.2572;2185.312465225581;Evaluated;5.456;2.5831;64;True;1;
28;1;28;9;diversification;3;f9026b4790e7;move;;;25;30;;;;;;;;;;True;False;False;False;;ok;15283.047010640063;15355.757078789959;15355.757078789959;15355.757078789959;196;15355.757078789959;1798.107;-72.71006814989596;EvaluatedImprovementDespiteDiversificationMismatch;5.474;2.3728;64;True;1;
28;1;28;10;diversification;3;f9026b4790e7;swap;48;56;;;;;;;;;;;;True;False;False;False;;ok;15896.090723062818;15355.757078789959;15355.757078789959;15355.757078789959;197;15355.757078789959;1809.2321;540.3336442728596;Evaluated;8.7662;2.358;64;True;2;duplicate_for_same_parent_sequence
28;1;28;;diversification;0;;;;;;;;;;;;;;;;;;;;;End-of-iteration summary row;;;15283.047010640063;15283.047010640063;197;15283.047010640063;1809.2387;;IterationSummary;;;;;;
29;1;29;1;normal;0;df71212b51f9;move;;;8;12;;;;;;;;;;True;False;False;False;;ok;15279.70569556818;15283.047010640063;15283.047010640063;15283.047010640063;198;15283.047010640063;1817.3028;-3.341315071882491;Evaluated;5.6881;2.3681;64;True;1;
29;1;29;2;normal;0;df71212b51f9;swap;20;25;;;;;;;;;;;;True;False;False;False;;ok;16940.658061309503;15283.047010640063;15283.047010640063;15283.047010640063;199;15283.047010640063;1825.206;1657.6110506694404;Evaluated;5.32;2.5808;64;True;1;
29;1;29;3;normal;0;df71212b51f9;reinsert_block;;;;;;;35;40;25;;;;;True;False;False;True;;ok;16294.15917141187;15283.047010640063;15283.047010640063;15283.047010640063;200;15283.047010640063;1833.1525;1011.1121607718069;Evaluated;5.555;2.3887;64;True;1;
29;1;29;4;normal;0;df71212b51f9;move;;;52;48;;;;;;;;;;True;False;False;False;;ok;16114.70834029552;15283.047010640063;15283.047010640063;15283.047010640063;201;15283.047010640063;1841.0695;831.6613296554569;Evaluated;5.5278;2.3885;64;True;1;
29;1;29;5;normal;0;df71212b51f9;move;;;10;25;;;;;;;;;;True;False;False;True;;ok;15292.262612480145;15283.047010640063;15283.047010640063;15283.047010640063;202;15283.047010640063;1852.0282;9.215601840081945;Evaluated;8.5814;2.3738;64;True;2;duplicate_for_same_parent_sequence
29;1;29;;normal;0;;;;;;;;;;;;;;;;;;;;;End-of-iteration summary row;;;15279.70569556818;15279.70569556818;202;15279.70569556818;1852.0404;;IterationSummary;;;;;;
30;1;30;1;normal;0;89a5478662b4;move;;;8;15;;;;;;;;;;True;False;False;False;;ok;15264.852510656152;15279.70569556818;15279.70569556818;15279.70569556818;203;15279.70569556818;1860.1345;-14.853184912028155;Evaluated;5.7153;2.3717;64;True;1;
30;1;30;2;normal;0;89a5478662b4;swap;18;20;;;;;;;;;;;;True;False;False;False;;ok;15279.38402035763;15279.70569556818;15279.70569556818;15279.70569556818;204;15279.70569556818;1867.9604;-0.3216752105508931;Evaluated;5.4556;2.3673;64;True;1;
30;1;30;3;normal;0;89a5478662b4;reinsert_block;;;;;;;35;40;25;;;;;True;False;False;True;;ok;15556.321047949663;15279.70569556818;15279.70569556818;15279.70569556818;205;15279.70569556818;1875.8806;276.6153523814828;Evaluated;5.5447;2.3724;64;True;1;
30;1;30;4;normal;0;89a5478662b4;move;;;56;48;;;;;;;;;;True;False;False;False;;ok;16496.155291883377;15279.70569556818;15279.70569556818;15279.70569556818;206;15279.70569556818;1883.4292;1216.4495963151967;Evaluated;5.1497;2.3966;64;True;1;
30;1;30;5;normal;0;89a5478662b4;move;;;10;25;;;;;;;;;;True;False;False;True;;ok;15296.687152388253;15279.70569556818;15279.70569556818;15279.70569556818;207;15279.70569556818;1890.9828;16.981456820072708;Evaluated;5.1634;2.387;64;True;1;
30;1;30;;normal;0;;;;;;;;;;;;;;;;;;;;;End-of-iteration summary row;;;15264.852510656152;15264.852510656152;207;15264.852510656152;1890.998;;IterationSummary;;;;;;
31;1;31;1;normal;0;a83e8b539cb8;move;;;10;5;;;;;;;;;;True;False;False;False;;ok;16485.621443864875;15264.852510656152;15264.852510656152;15264.852510656152;208;15264.852510656152;1899.1392;1220.768933208723;Evaluated;5.7425;2.393;64;True;1;
31;1;31;2;normal;0;a83e8b539cb8;swap;20;24;;;;;;;;;;;;True;False;False;False;;ok;17335.34058929111;15264.852510656152;15264.852510656152;15264.852510656152;209;15264.852510656152;1906.9921;2070.4880786349586;Evaluated;5.2533;2.5968;64;True;1;
31;1;31;3;normal;0;a83e8b539cb8;reinsert_block;;;;;;;35;40;25;;;;;True;False;False;True;;ok;15560.6426064358;15264.852510656152;15264.852510656152;15264.852510656152;210;15264.852510656152;1914.8983;295.79009577964825;Evaluated;5.5331;2.3701;64;True;1;
31;1;31;4;normal;0;a83e8b539cb8;move;;;50;49;;;;;;;;;;True;False;False;False;;ok;15264.852510656152;15264.852510656152;15264.852510656152;15264.852510656152;211;15264.852510656152;1922.4104;0.0;Evaluated;5.1329;2.3762;64;True;1;
31;1;31;5;normal;0;a83e8b539cb8;move;;;10;25;;;;;;;;;;True;False;False;True;;ok;16966.74288696002;15264.852510656152;15264.852510656152;15264.852510656152;212;15264.852510656152;1930.1739;1701.890376303867;Evaluated;5.1765;2.5836;64;True;1;
31;1;31;;normal;1;;;;;;;;;;;;;;;;;;;;;End-of-iteration summary row;;;15264.852510656152;15264.852510656152;212;15264.852510656152;1930.1747;;IterationSummary;;;;;;
32;1;32;1;normal;1;a83e8b539cb8;move;;;7;10;;;;;;;;;;True;False;False;False;;ok;15290.725614051837;15264.852510656152;15264.852510656152;15264.852510656152;213;15264.852510656152;1938.1966;25.873103395684666;Evaluated;5.6509;2.3656;64;True;1;
32;1;32;2;normal;1;a83e8b539cb8;swap;18;20;;;;;;;;;;;;True;False;False;False;;ok;15276.054224672358;15264.852510656152;15264.852510656152;15264.852510656152;214;15264.852510656152;1945.7655;11.201714016206097;Evaluated;5.1997;2.3656;64;True;1;
32;1;32;3;normal;1;a83e8b539cb8;reinsert_block;;;;;;;35;40;28;;;;;True;False;False;False;;ok;15848.010592587523;15264.852510656152;15264.852510656152;15264.852510656152;215;15264.852510656152;1953.7031;583.1580819313713;Evaluated;5.5568;2.3771;64;True;1;
32;1;32;4;normal;1;a83e8b539cb8;move;;;56;48;;;;;;;;;;True;False;False;False;;ok;16499.386160074762;15264.852510656152;15264.852510656152;15264.852510656152;216;15264.852510656152;1961.3786;1234.5336494186104;Evaluated;5.2752;2.3977;64;True;1;
32;1;32;5;normal;1;a83e8b539cb8;move;;;40;25;;;;;;;;;;True;False;False;True;;ok;17723.371294869186;15264.852510656152;15264.852510656152;15264.852510656152;217;15264.852510656152;1969.1579;2458.5187842130345;Evaluated;5.1753;2.6005;64;True;1;
32;1;32;;normal;2;;;;;;;;;;;;;;;;;;;;;End-of-iteration summary row;;;15264.852510656152;15264.852510656152;217;15264.852510656152;1969.1609;;IterationSummary;;;;;;
33;1;33;1;normal;2;a83e8b539cb8;move;;;8;3;;;;;;;;;;True;False;False;False;;ok;15265.555705750647;15264.852510656152;15264.852510656152;15264.852510656152;218;15264.852510656152;1980.8526;0.7031950944947312;Evaluated;9.3127;2.3704;64;True;2;duplicate_for_same_parent_sequence
33;1;33;2;normal;2;a83e8b539cb8;swap;20;31;;;;;;;;;;;;True;False;False;False;;ok;17204.536025076683;15264.852510656152;15264.852510656152;15264.852510656152;219;15264.852510656152;1988.717;1939.6835144205306;Evaluated;5.2714;2.5897;64;True;1;
33;1;33;3;normal;2;a83e8b539cb8;move;;;18;5;;;;;;;;;;True;False;False;True;;ok;17725.758370714186;15264.852510656152;15264.852510656152;15264.852510656152;220;15264.852510656152;2000.706;2460.905860058034;Evaluated;9.3914;2.5949;64;True;2;duplicate_for_same_parent_sequence
33;1;33;4;normal;2;a83e8b539cb8;swap;50;51;;;;;;;;;;;;True;False;False;False;;ok;15264.852510656152;15264.852510656152;15264.852510656152;15264.852510656152;221;15264.852510656152;2011.7689;0.0;Evaluated;8.6827;2.3761;64;True;2;duplicate_for_same_parent_sequence
33;1;33;5;normal;2;a83e8b539cb8;move;;;30;15;;;;;;;;;;True;False;False;True;;ok;17579.840179808583;15264.852510656152;15264.852510656152;15264.852510656152;222;15264.852510656152;2022.9761;2314.9876691524314;Evaluated;8.615;2.5894;64;True;2;duplicate_for_same_parent_sequence
33;1;33;;normal;3;;;;;;;;;;;;;;;;;;;;;End-of-iteration summary row;;;15264.852510656152;15264.852510656152;222;15264.852510656152;2022.9768;;IterationSummary;;;;;;
34;1;34;1;diversification;3;a83e8b539cb8;move;;;7;15;;;;;;;;;;True;False;False;False;;ok;17520.616432817747;15264.852510656152;15264.852510656152;15264.852510656152;223;15264.852510656152;2034.8811;2255.7639221615955;Evaluated;9.2902;2.6087;64;True;2;duplicate_for_same_parent_sequence
34;1;34;2;diversification;3;a83e8b539cb8;reinsert_block;;;;;;;18;23;5;;;;;True;False;False;True;;ok;18186.04465924486;15264.852510656152;15264.852510656152;15264.852510656152;224;15264.852510656152;2043.0158;2921.1921485887087;Evaluated;5.5546;2.579;64;True;1;
34;1;34;3;diversification;3;a83e8b539cb8;swap;32;47;;;;;;;;;;;;True;False;False;True;;ok;15791.735538344647;15264.852510656152;15264.852510656152;15264.852510656152;225;15264.852510656152;2050.5869;526.8830276884946;Evaluated;5.1946;2.372;64;True;1;
34;1;34;4;diversification;3;a83e8b539cb8;move;;;50;25;;;;;;;;;;True;False;False;True;;ok;16443.912454252997;15264.852510656152;15264.852510656152;15264.852510656152;226;15264.852510656152;2061.5336;1179.0599435968452;Evaluated;8.5457;2.3982;64;True;2;duplicate_for_same_parent_sequence
34;1;34;5;diversification;3;a83e8b539cb8;swap;3;8;;;;;;;;;;;;True;False;False;False;;ok;17439.356352295134;15264.852510656152;15264.852510656152;15264.852510656152;227;15264.852510656152;2072.7813;2174.5038416389816;Evaluated;8.6504;2.5944;64;True;2;duplicate_for_same_parent_sequence
34;1;34;6;diversification;3;a83e8b539cb8;move;;;10;3;;;;;;;;;;True;False;False;False;;ok;15759.730374757879;15264.852510656152;15264.852510656152;15264.852510656152;228;15264.852510656152;2083.8319;494.877864101727;Evaluated;8.6763;2.3714;64;True;2;duplicate_for_same_parent_sequence
34;1;34;7;diversification;3;a83e8b539cb8;move;;;18;10;;;;;;;;;;True;False;False;False;;ok;17553.132530315364;15264.852510656152;15264.852510656152;15264.852510656152;229;15264.852510656152;2095.8133;2288.2800196592125;Evaluated;9.3611;2.6176;64;True;2;duplicate_for_same_parent_sequence
34;1;34;8;diversification;3;a83e8b539cb8;reinsert_block;;;;;;;8;13;24;;;;;True;False;False;True;;ok;17262.38541730962;15264.852510656152;15264.852510656152;15264.852510656152;230;15264.852510656152;2107.4907;1997.5329066534669;Evaluated;9.0833;2.5934;64;True;2;duplicate_for_same_parent_sequence
34;1;34;9;diversification;3;a83e8b539cb8;move;;;24;35;;;;;;;;;;True;False;False;True;;ok;16837.411153584275;15264.852510656152;15264.852510656152;15264.852510656152;231;15264.852510656152;2115.6528;1572.558642928123;Evaluated;5.6045;2.5545;64;True;1;
34;1;34;10;diversification;3;a83e8b539cb8;reinsert_block;;;;;;;42;47;50;;;;;True;False;False;False;;ok;17446.998884647124;15264.852510656152;15264.852510656152;15264.852510656152;232;15264.852510656152;2123.8578;2182.1463739909723;Evaluated;5.6098;2.5925;64;True;1;
34;1;34;;diversification;4;;;;;;;;;;;;;;;;;;;;;End-of-iteration summary row;;;15264.852510656152;15264.852510656152;232;15264.852510656152;2123.8608;;IterationSummary;;;;;;
35;1;35;1;diversification;4;a83e8b539cb8;move;;;3;20;;;;;;;;;;True;False;False;True;;ok;17493.048557295977;15264.852510656152;15264.852510656152;15264.852510656152;233;15264.852510656152;2135.4892;2228.196046639825;Evaluated;9.0446;2.5685;64;True;2;duplicate_for_same_parent_sequence
35;1;35;2;diversification;4;a83e8b539cb8;reinsert_block;;;;;;;20;23;4;;;;;True;False;False;True;;ok;17881.994983315086;15264.852510656152;15264.852510656152;15264.852510656152;234;15264.852510656152;2150.7375;2617.142472658934;Evaluated;12.6946;2.5513;64;True;3;duplicate_for_same_parent_sequence
35;1;35;3;diversification;4;a83e8b539cb8;swap;35;40;;;;;;;;;;;;True;False;False;False;;ok;16949.132292548486;15264.852510656152;15264.852510656152;15264.852510656152;235;15264.852510656152;2162.0687;1684.2797818923336;Evaluated;8.76;2.5705;64;True;2;duplicate_for_same_parent_sequence
35;1;35;4;diversification;4;a83e8b539cb8;move;;;50;48;;;;;;;;;;True;False;False;False;;ok;15474.741875276004;15264.852510656152;15264.852510656152;15264.852510656152;236;15264.852510656152;2169.6749;209.88936461985213;Evaluated;5.2735;2.3299;64;True;1;
35;1;35;5;diversification;4;a83e8b539cb8;move;;;20;3;;;;;;;;;;True;False;False;True;;ok;15746.514740023586;15264.852510656152;15264.852510656152;15264.852510656152;237;15264.852510656152;2177.2435;481.6622293674336;Evaluated;5.2237;2.3441;64;True;1;
35;1;35;6;diversification;4;a83e8b539cb8;swap;37;48;;;;;;;;;;;;True;False;False;False;;ok;16617.027751313835;15264.852510656152;15264.852510656152;15264.852510656152;238;15264.852510656152;2188.6307;1352.1752406576834;Evaluated;8.8346;2.5493;64;True;2;duplicate_for_same_parent_sequence
35;1;35;7;diversification;4;a83e8b539cb8;move;;;18;30;;;;;;;;;;True;False;False;True;;ok;15275.084196779502;15264.852510656152;15264.852510656152;15264.852510656152;239;15264.852510656152;2199.6441;10.2316861233503;Evaluated;8.6617;2.3491;64;True;2;duplicate_for_same_parent_sequence
35;1;35;8;diversification;4;a83e8b539cb8;move;;;9;15;;;;;;;;;;True;False;False;False;;ok;17549.97654697091;15264.852510656152;15264.852510656152;15264.852510656152;240;15264.852510656152;2207.4452;2285.124036314757;Evaluated;5.2498;2.5488;64;True;1;
35;1;35;9;diversification;4;a83e8b539cb8;move;;;28;35;;;;;;;;;;True;False;False;False;;ok;16361.933535954782;15264.852510656152;15264.852510656152;15264.852510656152;241;15264.852510656152;2214.8905;1097.0810252986303;Evaluated;5.0912;2.3512;64;True;1;
35;1;35;10;diversification;4;a83e8b539cb8;move;;;45;20;;;;;;;;;;True;False;False;True;;ok;17061.94906725979;15264.852510656152;15264.852510656152;15264.852510656152;242;15264.852510656152;2222.5582;1797.0965566036375;Evaluated;5.0842;2.5805;64;True;1;
35;1;35;;diversification;5;;;;;;;;;;;;;;;;;;;;;End-of-iteration summary row;;;15264.852510656152;15264.852510656152;242;15264.852510656152;2222.5597;;IterationSummary;;;;;;
36;1;36;1;diversification;5;a83e8b539cb8;move;;;7;25;;;;;;;;;;True;False;False;True;;ok;17529.650305214975;15264.852510656152;15264.852510656152;15264.852510656152;243;15264.852510656152;2234.3884;2264.7977945588227;Evaluated;9.2748;2.5402;64;True;2;duplicate_for_same_parent_sequence
36;1;36;2;diversification;5;a83e8b539cb8;reinsert_block;;;;;;;20;25;16;;;;;True;False;False;False;;ok;16921.05684399618;15264.852510656152;15264.852510656152;15264.852510656152;244;15264.852510656152;2242.5857;1656.204333340027;Evaluated;5.6405;2.554;64;True;1;
36;1;36;3;diversification;5;a83e8b539cb8;swap;34;40;;;;;;;;;;;;True;False;False;False;;ok;16859.01069931613;15264.852510656152;15264.852510656152;15264.852510656152;245;15264.852510656152;2250.4343;1594.1581886599797;Evaluated;5.2936;2.552;64;True;1;
36;1;36;4;diversification;5;a83e8b539cb8;move;;;62;58;;;;;;;;;;True;False;False;False;;ok;15212.449167154791;15264.852510656152;15264.852510656152;15264.852510656152;246;15264.852510656152;2261.6443;-52.40334350136072;EvaluatedImprovementDespiteDiversificationMismatch;8.824;2.3833;64;True;2;duplicate_for_same_parent_sequence
36;1;36;5;diversification;5;a83e8b539cb8;move;;;20;5;;;;;;;;;;True;False;False;True;;ok;17443.403599492143;15264.852510656152;15264.852510656152;15264.852510656152;247;15264.852510656152;2269.4362;2178.5510888359913;Evaluated;5.2502;2.5411;64;True;1;
36;1;36;6;diversification;5;a83e8b539cb8;move;;;50;10;;;;;;;;;;True;False;False;True;;ok;15538.587278424717;15264.852510656152;15264.852510656152;15264.852510656152;248;15264.852510656152;2277.0613;273.7347677685648;Evaluated;5.2817;2.3408;64;True;1;
36;1;36;7;diversification;5;a83e8b539cb8;move;;;40;5;;;;;;;;;;True;False;False;True;;ok;16039.690364087623;15264.852510656152;15264.852510656152;15264.852510656152;249;15264.852510656152;2284.56;774.8378534314706;Evaluated;5.1469;2.3487;64;True;1;
36;1;36;8;diversification;5;a83e8b539cb8;move;;;8;23;;;;;;;;;;True;False;False;True;;ok;16421.14291831052;15264.852510656152;15264.852510656152;15264.852510656152;250;15264.852510656152;2295.8233;1156.2904076543691;Evaluated;8.9284;2.332;64;True;2;duplicate_for_same_parent_sequence
36;1;36;9;diversification;5;a83e8b539cb8;move;;;25;30;;;;;;;;;;True;False;False;False;;ok;15287.315009354137;15264.852510656152;15264.852510656152;15264.852510656152;251;15264.852510656152;2303.4453;22.46249869798521;Evaluated;5.284;2.335;64;True;1;
36;1;36;10;diversification;5;a83e8b539cb8;move;;;48;52;;;;;;;;;;True;False;False;False;;ok;15264.852510656152;15264.852510656152;15264.852510656152;15264.852510656152;252;15264.852510656152;2311.0303;0.0;Evaluated;5.2524;2.3292;64;True;1;
36;1;36;;diversification;0;;;;;;;;;;;;;;;;;;;;;End-of-iteration summary row;;;15212.449167154791;15212.449167154791;252;15212.449167154791;2311.0409;;IterationSummary;;;;;;
37;1;37;1;normal;0;2e88f3fb506e;move;;;10;5;;;;;;;;;;True;False;False;False;;ok;16142.211569716479;15212.449167154791;15212.449167154791;15212.449167154791;253;15212.449167154791;2319.058;929.7624025616878;Evaluated;5.6205;2.3896;64;True;1;
37;1;37;2;normal;0;2e88f3fb506e;swap;20;25;;;;;;;;;;;;True;False;False;False;;ok;16577.11297183736;15212.449167154791;15212.449167154791;15212.449167154791;254;15212.449167154791;2327.036;1364.6638046825683;Evaluated;5.4288;2.5465;64;True;1;
37;1;37;3;normal;0;2e88f3fb506e;reinsert_block;;;;;;;35;40;25;;;;;True;False;False;True;;ok;15516.184421070677;15212.449167154791;15212.449167154791;15212.449167154791;255;15212.449167154791;2334.9335;303.73525391588555;Evaluated;5.5498;2.3446;64;True;1;
37;1;37;4;normal;0;2e88f3fb506e;move;;;52;48;;;;;;;;;;True;False;False;False;;ok;15520.856183697004;15212.449167154791;15212.449167154791;15212.449167154791;256;15212.449167154791;2342.5654;308.40701654221266;Evaluated;5.2808;2.3479;64;True;1;
37;1;37;5;normal;0;2e88f3fb506e;move;;;30;45;;;;;;;;;;True;False;False;True;;ok;15172.837693336756;15212.449167154791;15212.449167154791;15212.449167154791;257;15212.449167154791;2350.3714;-39.61147381803494;Evaluated;5.4678;2.3352;64;True;1;
37;1;37;;normal;0;;;;;;;;;;;;;;;;;;;;;End-of-iteration summary row;;;15172.837693336756;15172.837693336756;257;15172.837693336756;2350.3898;;IterationSummary;;;;;;
38;1;38;1;normal;0;066d1edadfc3;move;;;10;5;;;;;;;;;;True;False;False;False;;ok;16633.556498884605;15172.837693336756;15172.837693336756;15172.837693336756;258;15172.837693336756;2358.621;1460.7188055478491;Evaluated;5.6877;2.5383;64;True;1;
38;1;38;2;normal;0;066d1edadfc3;swap;25;30;;;;;;;;;;;;True;False;False;False;;ok;16907.70820258867;15172.837693336756;15172.837693336756;15172.837693336756;259;15172.837693336756;2366.392;1734.870509251914;Evaluated;5.2273;2.543;64;True;1;
38;1;38;3;normal;0;066d1edadfc3;reinsert_block;;;;;;;35;40;28;;;;;True;False;False;False;;ok;16155.919243362037;15172.837693336756;15172.837693336756;15172.837693336756;260;15172.837693336756;2374.6909;983.0815500252811;Evaluated;5.9311;2.3671;64;True;1;
38;1;38;4;normal;0;066d1edadfc3;move;;;50;10;;;;;;;;;;True;False;False;True;;ok;16272.255139884754;15172.837693336756;15172.837693336756;15172.837693336756;261;15172.837693336756;2382.406;1099.4174465479973;Evaluated;5.3696;2.343;64;True;1;
38;1;38;5;normal;0;066d1edadfc3;move;;;15;20;;;;;;;;;;True;False;False;False;;ok;15131.841344196202;15172.837693336756;15172.837693336756;15172.837693336756;262;15172.837693336756;2390.191;-40.99634914055423;Evaluated;5.4408;2.3414;64;True;1;
38;1;38;;normal;0;;;;;;;;;;;;;;;;;;;;;End-of-iteration summary row;;;15131.841344196202;15131.841344196202;262;15131.841344196202;2390.2072;;IterationSummary;;;;;;
39;1;39;1;normal;0;9cdd37d880e5;move;;;10;5;;;;;;;;;;True;False;False;False;;ok;16633.569481419036;15131.841344196202;15131.841344196202;15131.841344196202;263;15131.841344196202;2398.4649;1501.7281372228335;Evaluated;5.7135;2.5363;64;True;1;
39;1;39;2;normal;0;9cdd37d880e5;swap;20;30;;;;;;;;;;;;True;False;False;False;;ok;16492.95568692914;15131.841344196202;15131.841344196202;15131.841344196202;264;15131.841344196202;2406.2091;1361.114342732939;Evaluated;5.3978;2.3458;64;True;1;
39;1;39;3;normal;0;9cdd37d880e5;reinsert_block;;;;;;;38;45;20;;;;;True;False;False;True;;ok;16817.0797736004;15131.841344196202;15131.841344196202;15131.841344196202;265;15131.841344196202;2414.2998;1685.2384294041967;Evaluated;5.5439;2.5441;64;True;1;
39;1;39;4;normal;0;9cdd37d880e5;move;;;50;12;;;;;;;;;;True;False;False;True;;ok;16743.82145890164;15131.841344196202;15131.841344196202;15131.841344196202;266;15131.841344196202;2421.9862;1611.9801147054368;Evaluated;5.1401;2.5435;64;True;1;
39;1;39;5;normal;0;9cdd37d880e5;move;;;25;30;;;;;;;;;;True;False;False;False;;ok;15475.459526988081;15131.841344196202;15131.841344196202;15131.841344196202;267;15131.841344196202;2429.5525;343.618182791879;Evaluated;5.1954;2.3678;64;True;1;
39;1;39;;normal;1;;;;;;;;;;;;;;;;;;;;;End-of-iteration summary row;;;15131.841344196202;15131.841344196202;267;15131.841344196202;2429.5556;;IterationSummary;;;;;;
40;1;40;1;normal;1;9cdd37d880e5;move;;;8;15;;;;;;;;;;True;False;False;False;;ok;16702.584691402455;15131.841344196202;15131.841344196202;15131.841344196202;268;15131.841344196202;2437.7695;1570.743347206253;Evaluated;5.6481;2.5536;64;True;1;
40;1;40;2;normal;1;9cdd37d880e5;swap;18;25;;;;;;;;;;;;True;False;False;False;;ok;16549.667091467603;15131.841344196202;15131.841344196202;15131.841344196202;269;15131.841344196202;2449.024;1417.8257472714013;Evaluated;8.8845;2.3669;64;True;2;duplicate_for_same_parent_sequence
40;1;40;3;normal;1;9cdd37d880e5;reinsert_block;;;;;;;35;40;25;;;;;True;False;False;True;;ok;15808.19663800093;15131.841344196202;15131.841344196202;15131.841344196202;270;15131.841344196202;2456.8869;676.3552938047287;Evaluated;5.5116;2.3505;64;True;1;
40;1;40;4;normal;1;9cdd37d880e5;move;;;50;15;;;;;;;;;;True;False;False;True;;ok;16689.373192472845;15131.841344196202;15131.841344196202;15131.841344196202;271;15131.841344196202;2464.5777;1557.5318482766434;Evaluated;5.1393;2.5481;64;True;1;
40;1;40;5;normal;1;9cdd37d880e5;move;;;20;30;;;;;;;;;;True;False;False;True;;ok;15375.123064296038;15131.841344196202;15131.841344196202;15131.841344196202;272;15131.841344196202;2472.1498;243.2817200998361;Evaluated;5.2226;2.347;64;True;1;
40;1;40;;normal;2;;;;;;;;;;;;;;;;;;;;;End-of-iteration summary row;;;15131.841344196202;15131.841344196202;272;15131.841344196202;2472.1528;;IterationSummary;;;;;;
41;1;41;1;normal;2;9cdd37d880e5;move;;;8;3;;;;;;;;;;True;False;False;False;;ok;15105.15204182474;15131.841344196202;15131.841344196202;15131.841344196202;273;15131.841344196202;2483.473;-26.689302371461963;Evaluated;8.9648;2.3359;64;True;2;duplicate_for_same_parent_sequence
41;1;41;2;normal;2;9cdd37d880e5;swap;30;35;;;;;;;;;;;;True;False;False;False;;ok;15420.471394775806;15131.841344196202;15131.841344196202;15131.841344196202;274;15131.841344196202;2497.9046;288.63005057960436;Evaluated;12.0896;2.3389;64;True;3;duplicate_for_same_parent_sequence
41;1;41;3;normal;2;9cdd37d880e5;reinsert_block;;;;;;;35;40;15;;;;;True;False;False;True;;ok;15816.784497843937;15131.841344196202;15131.841344196202;15131.841344196202;275;15131.841344196202;2505.8421;684.943153647735;Evaluated;5.5888;2.3456;64;True;1;
41;1;41;4;normal;2;9cdd37d880e5;move;;;48;30;;;;;;;;;;True;False;False;True;;ok;16574.32356021115;15131.841344196202;15131.841344196202;15131.841344196202;276;15131.841344196202;2516.5819;1442.482216014947;Evaluated;8.3917;2.3452;64;True;2;duplicate_for_same_parent_sequence
41;1;41;5;normal;2;9cdd37d880e5;move;;;18;30;;;;;;;;;;True;False;False;True;;ok;16168.638714525863;15131.841344196202;15131.841344196202;15131.841344196202;277;15131.841344196202;2524.1164;1036.7973703296611;Evaluated;5.1974;2.3344;64;True;1;
41;1;41;;normal;0;;;;;;;;;;;;;;;;;;;;;End-of-iteration summary row;;;15105.15204182474;15105.15204182474;277;15105.15204182474;2524.1225;;IterationSummary;;;;;;
42;1;42;1;normal;0;8ab0c1073dfd;move;;;8;3;;;;;;;;;;True;False;False;False;;ok;17140.736922186545;15105.15204182474;15105.15204182474;15105.15204182474;278;15105.15204182474;2532.6466;2035.5848803618046;Evaluated;5.9603;2.5556;64;True;1;
42;1;42;2;normal;0;8ab0c1073dfd;swap;20;25;;;;;;;;;;;;True;False;False;False;;ok;15105.46305369831;15105.15204182474;15105.15204182474;15105.15204182474;279;15105.15204182474;2540.0803;0.3110118735694414;Evaluated;5.1014;2.3296;64;True;1;
42;1;42;3;normal;0;8ab0c1073dfd;reinsert_block;;;;;;;35;40;15;;;;;True;False;False;True;;ok;15393.647920212054;15105.15204182474;15105.15204182474;15105.15204182474;280;15105.15204182474;2548.0055;288.4958783873135;Evaluated;5.5872;2.3351;64;True;1;
42;1;42;4;normal;0;8ab0c1073dfd;move;;;50;15;;;;;;;;;;True;False;False;True;;ok;16705.89700902416;15105.15204182474;15105.15204182474;15105.15204182474;281;15105.15204182474;2555.732;1600.74496719942;Evaluated;5.1686;2.5554;64;True;1;
42;1;42;5;normal;0;8ab0c1073dfd;move;;;42;10;;;;;;;;;;True;False;False;True;;ok;16718.771383264568;15105.15204182474;15105.15204182474;15105.15204182474;282;15105.15204182474;2563.3306;1613.6193414398276;Evaluated;5.2252;2.3727;64;True;1;
42;1;42;;normal;1;;;;;;;;;;;;;;;;;;;;;End-of-iteration summary row;;;15105.15204182474;15105.15204182474;282;15105.15204182474;2563.3337;;IterationSummary;;;;;;
43;1;43;1;normal;1;8ab0c1073dfd;move;;;10;3;;;;;;;;;;True;False;False;False;;ok;15620.414044596066;15105.15204182474;15105.15204182474;15105.15204182474;283;15105.15204182474;2571.2625;515.2620027713256;Evaluated;5.5957;2.3242;64;True;1;
43;1;43;2;normal;1;8ab0c1073dfd;swap;17;20;;;;;;;;;;;;True;False;False;False;;ok;15191.22625839981;15105.15204182474;15105.15204182474;15105.15204182474;284;15105.15204182474;2578.7245;86.07421657507075;Evaluated;5.1243;2.3345;64;True;1;
43;1;43;3;normal;1;8ab0c1073dfd;reinsert_block;;;;;;;35;40;20;;;;;True;False;False;True;;ok;16383.003311890698;15105.15204182474;15105.15204182474;15105.15204182474;285;15105.15204182474;2586.9457;1277.8512700659576;Evaluated;5.88;2.3381;64;True;1;
43;1;43;4;normal;1;8ab0c1073dfd;move;;;50;18;;;;;;;;;;True;False;False;True;;ok;16688.43196478712;15105.15204182474;15105.15204182474;15105.15204182474;286;15105.15204182474;2594.7198;1583.2799229623797;Evaluated;5.2208;2.5499;64;True;1;
43;1;43;5;normal;1;8ab0c1073dfd;move;;;40;15;;;;;;;;;;True;False;False;True;;ok;16525.52527960121;15105.15204182474;15105.15204182474;15105.15204182474;287;15105.15204182474;2602.2827;1420.37323777647;Evaluated;5.2189;2.3414;64;True;1;
43;1;43;;normal;2;;;;;;;;;;;;;;;;;;;;;End-of-iteration summary row;;;15105.15204182474;15105.15204182474;287;15105.15204182474;2602.2854;;IterationSummary;;;;;;
44;1;44;1;normal;2;8ab0c1073dfd;move;;;8;5;;;;;;;;;;True;False;False;False;;ok;17201.99917193259;15105.15204182474;15105.15204182474;15105.15204182474;288;15105.15204182474;2613.6359;2096.8471301078516;Evaluated;8.7978;2.5452;64;True;2;duplicate_for_same_parent_sequence
44;1;44;2;normal;2;8ab0c1073dfd;swap;18;20;;;;;;;;;;;;True;False;False;False;;ok;16575.24882326655;15105.15204182474;15105.15204182474;15105.15204182474;289;15105.15204182474;2621.1077;1470.096781441809;Evaluated;5.1219;2.3491;64;True;1;
44;1;44;3;normal;2;8ab0c1073dfd;reinsert_block;;;;;;;35;40;25;;;;;True;False;False;True;;ok;15807.556847291122;15105.15204182474;15105.15204182474;15105.15204182474;290;15105.15204182474;2628.9962;702.4048054663817;Evaluated;5.5385;2.3475;64;True;1;
44;1;44;4;normal;2;8ab0c1073dfd;move;;;50;10;;;;;;;;;;True;False;False;True;;ok;16726.07365080064;15105.15204182474;15105.15204182474;15105.15204182474;291;15105.15204182474;2636.7082;1620.921608975901;Evaluated;5.1705;2.5403;64;True;1;
44;1;44;5;normal;2;8ab0c1073dfd;move;;;25;10;;;;;;;;;;True;False;False;True;;ok;16726.893032368036;15105.15204182474;15105.15204182474;15105.15204182474;292;15105.15204182474;2644.475;1621.740990543296;Evaluated;5.2228;2.5413;64;True;1;
44;1;44;;normal;3;;;;;;;;;;;;;;;;;;;;;End-of-iteration summary row;;;15105.15204182474;15105.15204182474;292;15105.15204182474;2644.478;;IterationSummary;;;;;;
45;1;45;1;diversification;3;8ab0c1073dfd;move;;;20;5;;;;;;;;;;True;False;False;True;;ok;15176.354849850815;15105.15204182474;15105.15204182474;15105.15204182474;293;15105.15204182474;2652.7337;71.20280802607522;Evaluated;5.9159;2.3264;64;True;1;
45;1;45;2;diversification;3;8ab0c1073dfd;reinsert_block;;;;;;;25;30;16;;;;;True;False;False;True;;ok;15652.981058127798;15105.15204182474;15105.15204182474;15105.15204182474;294;15105.15204182474;2660.6372;547.8290163030579;Evaluated;5.5571;2.3438;64;True;1;
45;1;45;3;diversification;3;8ab0c1073dfd;swap;38;45;;;;;;;;;;;;True;False;False;False;;ok;15851.838257863063;15105.15204182474;15105.15204182474;15105.15204182474;295;15105.15204182474;2668.2933;746.6862160383225;Evaluated;5.2997;2.3536;64;True;1;
45;1;45;4;diversification;3;8ab0c1073dfd;move;;;62;49;;;;;;;;;;True;False;False;True;;ok;16004.816811746257;15105.15204182474;15105.15204182474;15105.15204182474;296;15105.15204182474;2679.4866;899.6647699215173;Evaluated;8.82;2.3699;64;True;2;duplicate_for_same_parent_sequence
45;1;45;5;diversification;3;8ab0c1073dfd;move;;;20;15;;;;;;;;;;True;False;False;False;;ok;15175.535597215066;15105.15204182474;15105.15204182474;15105.15204182474;297;15105.15204182474;2687.3477;70.38355539032636;Evaluated;5.5266;2.3316;64;True;1;
45;1;45;6;diversification;3;8ab0c1073dfd;move;;;32;40;;;;;;;;;;True;False;False;False;;ok;15131.365941440512;15105.15204182474;15105.15204182474;15105.15204182474;298;15105.15204182474;2694.9538;26.21389961577188;Evaluated;5.2661;2.3372;64;True;1;
45;1;45;7;diversification;3;8ab0c1073dfd;swap;3;7;;;;;;;;;;;;True;False;False;False;;ok;15717.096108114387;15105.15204182474;15105.15204182474;15105.15204182474;299;15105.15204182474;2705.7885;611.9440662896468;Evaluated;8.4982;2.3339;64;True;2;duplicate_for_same_parent_sequence
45;1;45;8;diversification;3;8ab0c1073dfd;move;;;15;8;;;;;;;;;;True;False;False;False;;ok;15110.711376005642;15105.15204182474;15105.15204182474;15105.15204182474;300;15105.15204182474;2713.2598;5.559334180901715;Evaluated;5.1379;2.3306;64;True;1;
45;1;45;9;diversification;3;8ab0c1073dfd;swap;30;40;;;;;;;;;;;;True;False;False;False;;ok;16119.428983275753;15105.15204182474;15105.15204182474;15105.15204182474;301;15105.15204182474;2724.2843;1014.276941451013;Evaluated;8.6785;2.3425;64;True;2;duplicate_for_same_parent_sequence
45;1;45;10;diversification;3;8ab0c1073dfd;move;;;45;10;;;;;;;;;;True;False;False;True;;ok;16757.075047676448;15105.15204182474;15105.15204182474;15105.15204182474;302;15105.15204182474;2732.3471;1651.9230058517078;Evaluated;5.5071;2.5524;64;True;1;
45;1;45;;diversification;4;;;;;;;;;;;;;;;;;;;;;End-of-iteration summary row;;;15105.15204182474;15105.15204182474;302;15105.15204182474;2732.3503;;IterationSummary;;;;;;
46;1;46;1;diversification;4;8ab0c1073dfd;move;;;18;3;;;;;;;;;;True;False;False;True;;ok;15731.16989719283;15105.15204182474;15105.15204182474;15105.15204182474;303;15105.15204182474;2743.6226;626.0178553680907;Evaluated;8.9227;2.3406;64;True;2;duplicate_for_same_parent_sequence
46;1;46;2;diversification;4;8ab0c1073dfd;move;;;25;40;;;;;;;;;;True;False;False;True;;ok;15800.973371889388;15105.15204182474;15105.15204182474;15105.15204182474;304;15105.15204182474;2755.0446;695.8213300646476;Evaluated;9.0682;2.3503;64;True;2;duplicate_for_same_parent_sequence
46;1;46;3;diversification;4;8ab0c1073dfd;swap;35;42;;;;;;;;;;;;True;False;False;False;;ok;15859.079136692002;15105.15204182474;15105.15204182474;15105.15204182474;305;15105.15204182474;2762.6863;753.927094867262;Evaluated;5.3023;2.3366;64;True;1;
46;1;46;4;diversification;4;8ab0c1073dfd;move;;;50;49;;;;;;;;;;True;False;False;False;;ok;15113.87767317288;15105.15204182474;15105.15204182474;15105.15204182474;306;15105.15204182474;2770.2449;8.725631348139359;Evaluated;5.227;2.3289;64;True;1;
46;1;46;5;diversification;4;8ab0c1073dfd;swap;8;15;;;;;;;;;;;;True;False;False;False;;ok;17706.10704437311;15105.15204182474;15105.15204182474;15105.15204182474;307;15105.15204182474;2781.7556;2600.9550025483713;Evaluated;8.97;2.5378;64;True;2;duplicate_for_same_parent_sequence
46;1;46;6;diversification;4;8ab0c1073dfd;reinsert_block;;;;;;;32;40;5;;;;;True;False;False;True;;ok;16241.57271460297;15105.15204182474;15105.15204182474;15105.15204182474;308;15105.15204182474;2789.701;1136.4206727782293;Evaluated;5.5959;2.346;64;True;1;
46;1;46;7;diversification;4;8ab0c1073dfd;move;;;35;20;;;;;;;;;;True;False;False;True;;ok;16275.030742509616;15105.15204182474;15105.15204182474;15105.15204182474;309;15105.15204182474;2800.6633;1169.878700684876;Evaluated;8.6071;2.3526;64;True;2;duplicate_for_same_parent_sequence
46;1;46;8;diversification;4;8ab0c1073dfd;swap;8;12;;;;;;;;;;;;True;False;False;False;;ok;15413.778911236015;15105.15204182474;15105.15204182474;15105.15204182474;310;15105.15204182474;2811.5998;308.62686941127504;Evaluated;8.6035;2.3304;64;True;2;duplicate_for_same_parent_sequence
46;1;46;9;diversification;4;8ab0c1073dfd;move;;;28;15;;;;;;;;;;True;False;False;True;;ok;16544.8948128041;15105.15204182474;15105.15204182474;15105.15204182474;311;15105.15204182474;2819.2853;1439.742770979361;Evaluated;5.2889;2.3937;64;True;1;
46;1;46;10;diversification;4;8ab0c1073dfd;move;;;38;20;;;;;;;;;;True;False;False;True;;ok;16581.141352879815;15105.15204182474;15105.15204182474;15105.15204182474;312;15105.15204182474;2830.2418;1475.9893110550747;Evaluated;8.6078;2.3462;64;True;2;duplicate_for_same_parent_sequence
46;1;46;;diversification;5;;;;;;;;;;;;;;;;;;;;;End-of-iteration summary row;;;15105.15204182474;15105.15204182474;312;15105.15204182474;2830.245;;IterationSummary;;;;;;
47;1;47;1;diversification;5;8ab0c1073dfd;move;;;10;5;;;;;;;;;;True;False;False;False;;ok;15620.414044596066;15105.15204182474;15105.15204182474;15105.15204182474;313;15105.15204182474;2838.2241;515.2620027713256;Evaluated;5.642;2.325;64;True;1;
47;1;47;2;diversification;5;8ab0c1073dfd;reinsert_block;;;;;;;20;25;10;;;;;True;False;False;True;;ok;17034.421568307735;15105.15204182474;15105.15204182474;15105.15204182474;314;15105.15204182474;2846.3699;1929.2695264829945;Evaluated;5.6076;2.5352;64;True;1;
47;1;47;3;diversification;5;8ab0c1073dfd;swap;38;40;;;;;;;;;;;;True;False;False;False;;ok;15857.301768301535;15105.15204182474;15105.15204182474;15105.15204182474;315;15105.15204182474;2857.5607;752.149726476795;Evaluated;8.8179;2.3722;64;True;2;duplicate_for_same_parent_sequence
47;1;47;4;diversification;5;8ab0c1073dfd;move;;;50;30;;;;;;;;;;True;False;False;True;;ok;16035.380585078487;15105.15204182474;15105.15204182474;15105.15204182474;316;15105.15204182474;2865.5105;930.2285432537465;Evaluated;5.5881;2.3609;64;True;1;
47;1;47;5;diversification;5;8ab0c1073dfd;move;;;30;18;;;;;;;;;;True;False;False;True;;ok;17259.226562146738;15105.15204182474;15105.15204182474;15105.15204182474;317;15105.15204182474;2880.4341;2154.0745203219976;Evaluated;12.3696;2.5514;64;True;3;duplicate_for_same_parent_sequence
47;1;47;6;diversification;5;8ab0c1073dfd;move;;;25;30;;;;;;;;;;True;False;False;False;;ok;15444.179123717326;15105.15204182474;15105.15204182474;15105.15204182474;318;15105.15204182474;2888.2716;339.02708189258556;Evaluated;5.5016;2.3331;64;True;1;
47;1;47;7;diversification;5;8ab0c1073dfd;move;;;30;10;;;;;;;;;;True;False;False;True;;ok;16280.32331916089;15105.15204182474;15105.15204182474;15105.15204182474;319;15105.15204182474;2899.1975;1175.1712773361505;Evaluated;8.589;2.3337;64;True;2;duplicate_for_same_parent_sequence
47;1;47;8;diversification;5;8ab0c1073dfd;move;;;25;18;;;;;;;;;;True;False;False;False;;ok;16728.548949372238;15105.15204182474;15105.15204182474;15105.15204182474;320;15105.15204182474;2907.2493;1623.396907547498;Evaluated;5.5103;2.5388;64;True;1;
47;1;47;9;diversification;5;8ab0c1073dfd;swap;25;40;;;;;;;;;;;;True;False;False;True;;ok;15824.307226272085;15105.15204182474;15105.15204182474;15105.15204182474;321;15105.15204182474;2921.7755;719.1551844473452;Evaluated;12.1601;2.363;64;True;3;duplicate_for_same_parent_sequence
47;1;47;10;diversification;5;8ab0c1073dfd;move;;;51;42;;;;;;;;;;True;False;False;False;;ok;15801.291012442214;15105.15204182474;15105.15204182474;15105.15204182474;322;15105.15204182474;2929.4544;696.1389706174741;Evaluated;5.327;2.3494;64;True;1;
47;1;47;;diversification;6;;;;;;;;;;;;;;;;;;;;;End-of-iteration summary row;;;15105.15204182474;15105.15204182474;322;15105.15204182474;2929.4581;;IterationSummary;;;;;;
48;1;48;1;diversification;6;8ab0c1073dfd;move;;;4;12;;;;;;;;;;True;False;False;False;;ok;16195.568300521358;15105.15204182474;15105.15204182474;15105.15204182474;323;15105.15204182474;2937.4128;1090.4162586966177;Evaluated;5.6094;2.3337;64;True;1;
48;1;48;2;diversification;6;8ab0c1073dfd;reinsert_block;;;;;;;18;25;30;;;;;True;False;False;False;;ok;16354.431250714633;15105.15204182474;15105.15204182474;15105.15204182474;324;15105.15204182474;2945.3258;1249.2792088898932;Evaluated;5.5761;2.3343;64;True;1;
48;1;48;3;diversification;6;8ab0c1073dfd;swap;35;40;;;;;;;;;;;;True;False;False;False;;ok;15939.88508732148;15105.15204182474;15105.15204182474;15105.15204182474;325;15105.15204182474;2952.9861;834.7330454967396;Evaluated;5.3034;2.3539;64;True;1;
48;1;48;4;diversification;6;8ab0c1073dfd;move;;;51;40;;;;;;;;;;True;False;False;True;;ok;15578.264046662574;15105.15204182474;15105.15204182474;15105.15204182474;326;15105.15204182474;2960.6167;473.1120048378343;Evaluated;5.281;2.3463;64;True;1;
48;1;48;5;diversification;6;8ab0c1073dfd;move;;;20;35;;;;;;;;;;True;False;False;True;;ok;15298.828636054088;15105.15204182474;15105.15204182474;15105.15204182474;327;15105.15204182474;2975.1975;193.67659422934776;Evaluated;12.2226;2.3556;64;True;3;duplicate_for_same_parent_sequence
48;1;48;6;diversification;6;8ab0c1073dfd;move;;;50;35;;;;;;;;;;True;False;False;True;;ok;16033.09133813784;15105.15204182474;15105.15204182474;15105.15204182474;328;15105.15204182474;2982.8427;927.9392963130995;Evaluated;5.2869;2.3556;64;True;1;
48;1;48;7;diversification;6;8ab0c1073dfd;move;;;15;8;;;;;;;;;;False;True;True;;;ok;;15105.15204182474;15105.15204182474;15105.15204182474;328;15105.15204182474;2995.402;;DuplicateForSameParentSequenceAfterRetries;12.5562;;;;3;duplicate_for_same_parent_sequence
48;1;48;8;diversification;6;8ab0c1073dfd;move;;;35;18;;;;;;;;;;True;False;False;True;;ok;16258.668341331508;15105.15204182474;15105.15204182474;15105.15204182474;329;15105.15204182474;3006.3761;1153.5162995067676;Evaluated;8.6371;2.336;64;True;2;duplicate_for_same_parent_sequence
48;1;48;9;diversification;6;8ab0c1073dfd;move;;;30;15;;;;;;;;;;True;False;False;True;;ok;17264.601826647373;15105.15204182474;15105.15204182474;15105.15204182474;330;15105.15204182474;3017.5923;2159.449784822633;Evaluated;8.6658;2.5478;64;True;2;duplicate_for_same_parent_sequence
48;1;48;10;diversification;6;8ab0c1073dfd;move;;;50;42;;;;;;;;;;True;False;False;False;;ok;15801.291012442214;15105.15204182474;15105.15204182474;15105.15204182474;331;15105.15204182474;3025.4304;696.1389706174741;Evaluated;5.4934;2.3421;64;True;1;
48;1;48;;diversification;7;;;;;;;;;;;;;;;;;;;;;End-of-iteration summary row;;;15105.15204182474;15105.15204182474;331;15105.15204182474;3025.4311;;IterationSummary;;;;;;
49;1;49;1;diversification;7;8ab0c1073dfd;move;;;10;3;;;;;;;;;;False;True;False;;;ok;;15105.15204182474;15105.15204182474;15105.15204182474;331;15105.15204182474;3038.3519;;DuplicateForSameParentSequenceAfterRetries;12.9154;;;;3;duplicate_for_same_parent_sequence
49;1;49;2;diversification;7;8ab0c1073dfd;reinsert_block;;;;;;;20;25;30;;;;;True;False;False;False;;ok;16815.867431462448;15105.15204182474;15105.15204182474;15105.15204182474;332;15105.15204182474;3046.3162;1710.7153896377076;Evaluated;5.5663;2.3969;64;True;1;
49;1;49;3;diversification;7;8ab0c1073dfd;swap;32;40;;;;;;;;;;;;True;False;False;False;;ok;15105.15204182474;15105.15204182474;15105.15204182474;15105.15204182474;333;15105.15204182474;3053.9869;0.0;Evaluated;5.2896;2.3779;64;True;1;
49;1;49;4;diversification;7;8ab0c1073dfd;move;;;53;49;;;;;;;;;;True;False;False;False;;ok;15244.404493067219;15105.15204182474;15105.15204182474;15105.15204182474;334;15105.15204182474;3061.6239;139.25245124247886;Evaluated;5.2686;2.3652;64;True;1;
49;1;49;5;diversification;7;8ab0c1073dfd;move;;;18;25;;;;;;;;;;True;False;False;False;;ok;16559.001144368758;15105.15204182474;15105.15204182474;15105.15204182474;335;15105.15204182474;3072.7929;1453.849102544018;Evaluated;8.7927;2.375;64;True;2;duplicate_for_same_parent_sequence
49;1;49;6;diversification;7;8ab0c1073dfd;move;;;40;10;;;;;;;;;;True;False;False;True;;ok;16757.075476860395;15105.15204182474;15105.15204182474;15105.15204182474;336;15105.15204182474;3083.8751;1651.9234350356546;Evaluated;8.7083;2.3714;64;True;2;duplicate_for_same_parent_sequence
49;1;49;7;diversification;7;8ab0c1073dfd;move;;;25;40;;;;;;;;;;False;True;False;;;ok;;15105.15204182474;15105.15204182474;15105.15204182474;336;15105.15204182474;3096.1651;;DuplicateForSameParentSequenceAfterRetries;12.2873;;;;3;duplicate_for_same_parent_sequence
49;1;49;8;diversification;7;8ab0c1073dfd;move;;;17;25;;;;;;;;;;True;False;False;False;;ok;16028.718607634655;15105.15204182474;15105.15204182474;15105.15204182474;337;15105.15204182474;3103.7804;923.5665658099151;Evaluated;5.2387;2.3755;64;True;1;
49;1;49;9;diversification;7;8ab0c1073dfd;move;;;18;30;;;;;;;;;;True;False;False;True;;ok;16362.956215691058;15105.15204182474;15105.15204182474;15105.15204182474;338;15105.15204182474;3114.9345;1257.8041738663178;Evaluated;8.7548;2.3966;64;True;2;duplicate_for_same_parent_sequence
49;1;49;10;diversification;7;8ab0c1073dfd;swap;45;50;;;;;;;;;;;;True;False;False;False;;ok;15233.429862920451;15105.15204182474;15105.15204182474;15105.15204182474;339;15105.15204182474;3122.4613;128.27782109571126;Evaluated;5.1563;2.3687;64;True;1;
49;1;49;;diversification;8;;;;;;;;;;;;;;;;;;;;;End-of-iteration summary row;;;15105.15204182474;15105.15204182474;339;15105.15204182474;3122.4643;;IterationSummary;;;;;;
50;1;50;1;diversification;8;8ab0c1073dfd;move;;;7;30;;;;;;;;;;True;False;False;True;;ok;16166.863081050862;15105.15204182474;15105.15204182474;15105.15204182474;340;15105.15204182474;3130.5663;1061.711039226122;Evaluated;5.6918;2.3937;64;True;1;
50;1;50;2;diversification;8;8ab0c1073dfd;move;;;30;45;;;;;;;;;;True;False;False;True;;ok;15881.628603140516;15105.15204182474;15105.15204182474;15105.15204182474;341;15105.15204182474;3141.9353;776.476561315776;Evaluated;8.99;2.3756;64;True;2;duplicate_for_same_parent_sequence
50;1;50;3;diversification;8;8ab0c1073dfd;swap;32;37;;;;;;;;;;;;True;False;False;False;;ok;15756.05269626609;15105.15204182474;15105.15204182474;15105.15204182474;342;15105.15204182474;3153.3095;650.9006544413496;Evaluated;8.9985;2.3729;64;True;2;duplicate_for_same_parent_sequence
50;1;50;4;diversification;8;8ab0c1073dfd;move;;;60;48;;;;;;;;;;True;False;False;True;;ok;15580.428649364065;15105.15204182474;15105.15204182474;15105.15204182474;343;15105.15204182474;3164.3563;475.2766075393247;Evaluated;8.6721;2.3741;64;True;2;duplicate_for_same_parent_sequence
50;1;50;5;diversification;8;8ab0c1073dfd;swap;15;30;;;;;;;;;;;;True;False;False;True;;ok;17281.816369727254;15105.15204182474;15105.15204182474;15105.15204182474;344;15105.15204182474;3175.7414;2176.664327902514;Evaluated;8.7893;2.5928;64;True;2;duplicate_for_same_parent_sequence
50;1;50;6;diversification;8;8ab0c1073dfd;move;;;45;20;;;;;;;;;;True;False;False;True;;ok;16633.677948110602;15105.15204182474;15105.15204182474;15105.15204182474;345;15105.15204182474;3183.5454;1528.5259062858622;Evaluated;5.4198;2.3813;64;True;1;
50;1;50;7;diversification;8;8ab0c1073dfd;move;;;4;10;;;;;;;;;;True;False;False;False;;ok;17082.786943301555;15105.15204182474;15105.15204182474;15105.15204182474;346;15105.15204182474;3191.2913;1977.6349014768148;Evaluated;5.1557;2.5874;64;True;1;
50;1;50;8;diversification;8;8ab0c1073dfd;move;;;15;8;;;;;;;;;;False;True;True;;;ok;;15105.15204182474;15105.15204182474;15105.15204182474;346;15105.15204182474;3203.3187;;DuplicateForSameParentSequenceAfterRetries;12.0243;;;;3;duplicate_for_same_parent_sequence
50;1;50;9;diversification;8;8ab0c1073dfd;move;;;24;30;;;;;;;;;;True;False;False;False;;ok;16261.662749392313;15105.15204182474;15105.15204182474;15105.15204182474;347;15105.15204182474;3210.9531;1156.5107075675733;Evaluated;5.2451;2.3883;64;True;1;
50;1;50;10;diversification;8;8ab0c1073dfd;move;;;45;30;;;;;;;;;;True;False;False;True;;ok;15243.620112633982;15105.15204182474;15105.15204182474;15105.15204182474;348;15105.15204182474;3218.5468;138.4680708092419;Evaluated;5.2226;2.3685;64;True;1;
50;1;50;;diversification;9;;;;;;;;;;;;;;;;;;;;;End-of-iteration summary row;;;15105.15204182474;15105.15204182474;348;15105.15204182474;3218.5475;;IterationSummary;;;;;;
51;1;51;1;diversification;9;8ab0c1073dfd;move;;;15;30;;;;;;;;;;True;False;False;True;;ok;15433.579465172192;15105.15204182474;15105.15204182474;15105.15204182474;349;15105.15204182474;3226.5898;328.4274233474516;Evaluated;5.6556;2.38;64;True;1;
51;1;51;2;diversification;9;8ab0c1073dfd;reinsert_block;;;;;;;17;23;8;;;;;True;False;False;True;;ok;17194.652685319044;15105.15204182474;15105.15204182474;15105.15204182474;350;15105.15204182474;3234.6487;2089.5006434943043;Evaluated;5.4657;2.5904;64;True;1;
51;1;51;3;diversification;9;8ab0c1073dfd;move;;;35;42;;;;;;;;;;True;False;False;False;;ok;15965.96830171235;15105.15204182474;15105.15204182474;15105.15204182474;351;15105.15204182474;3246.0144;860.8162598876097;Evaluated;8.992;2.3704;64;True;2;duplicate_for_same_parent_sequence
51;1;51;4;diversification;9;8ab0c1073dfd;move;;;55;60;;;;;;;;;;True;False;False;False;;ok;15995.751337170192;15105.15204182474;15105.15204182474;15105.15204182474;352;15105.15204182474;3257.3472;890.5992953454515;Evaluated;8.9621;2.3672;64;True;2;duplicate_for_same_parent_sequence
51;1;51;5;diversification;9;8ab0c1073dfd;move;;;25;10;;;;;;;;;;False;True;False;;;ok;;15105.15204182474;15105.15204182474;15105.15204182474;352;15105.15204182474;3269.3102;;DuplicateForSameParentSequenceAfterRetries;11.9599;;;;3;duplicate_for_same_parent_sequence
51;1;51;6;diversification;9;8ab0c1073dfd;move;;;35;40;;;;;;;;;;True;False;False;False;;ok;15945.092708740578;15105.15204182474;15105.15204182474;15105.15204182474;353;15105.15204182474;3283.5057;839.9406669158379;Evaluated;11.8203;2.3741;64;True;3;duplicate_for_same_parent_sequence
51;1;51;7;diversification;9;8ab0c1073dfd;swap;18;24;;;;;;;;;;;;True;False;False;False;;ok;17250.57370966687;15105.15204182474;15105.15204182474;15105.15204182474;354;15105.15204182474;3294.5447;2145.421667842131;Evaluated;8.4396;2.5965;64;True;2;duplicate_for_same_parent_sequence
51;1;51;8;diversification;9;8ab0c1073dfd;move;;;24;18;;;;;;;;;;True;False;False;False;;ok;17717.34650655864;15105.15204182474;15105.15204182474;15105.15204182474;355;15105.15204182474;3305.8188;2612.1944647338987;Evaluated;8.6813;2.5906;64;True;2;duplicate_for_same_parent_sequence
51;1;51;9;diversification;9;8ab0c1073dfd;move;;;18;40;;;;;;;;;;True;False;False;True;;ok;15943.176438083123;15105.15204182474;15105.15204182474;15105.15204182474;356;15105.15204182474;3316.9038;838.0243962583827;Evaluated;8.7048;2.3777;64;True;2;duplicate_for_same_parent_sequence
51;1;51;10;diversification;9;8ab0c1073dfd;move;;;42;30;;;;;;;;;;True;False;False;True;;ok;16034.822545707457;15105.15204182474;15105.15204182474;15105.15204182474;357;15105.15204182474;3324.5093;929.6705038827167;Evaluated;5.238;2.3646;64;True;1;
51;2;0;;diversification;0;;;;;;;;;;;;;;;;;;;;;End-of-iteration summary row;;;16641.404845676683;15105.15204182474;358;15105.15204182474;3326.9191;;IterationSummary;;;;;;
52;2;1;1;normal;0;0f63cf6f404e;move;;;10;20;;;;;;;;;;True;False;False;True;;ok;17549.422571791158;16641.404845676683;16641.404845676683;15105.15204182474;359;15105.15204182474;3335.0752;908.0177261144745;Evaluated;5.562;2.588;64;True;1;
52;2;1;2;normal;0;0f63cf6f404e;swap;17;24;;;;;;;;;;;;True;False;False;False;;ok;16813.365084699006;16641.404845676683;16641.404845676683;15105.15204182474;360;15105.15204182474;3342.5895;171.96023902232264;Evaluated;5.1283;2.3832;64;True;1;
52;2;1;3;normal;0;0f63cf6f404e;reinsert_block;;;;;;;32;40;50;;;;;True;False;False;True;;ok;16555.06471993608;16641.404845676683;16641.404845676683;15105.15204182474;361;15105.15204182474;3349.9232;-86.34012574060398;Evaluated;4.9316;2.3992;64;True;1;
52;2;1;4;normal;0;0f63cf6f404e;move;;;50;42;;;;;;;;;;True;False;False;False;;ok;16162.168743440749;16641.404845676683;16641.404845676683;15105.15204182474;362;15105.15204182474;3357.4238;-479.2361022359346;Evaluated;5.0905;2.4076;64;True;1;
52;2;1;5;normal;0;0f63cf6f404e;move;;;10;5;;;;;;;;;;True;False;False;False;;ok;15624.28520901457;16641.404845676683;16641.404845676683;15105.15204182474;363;15105.15204182474;3364.6366;-1017.1196366621134;Evaluated;4.8379;2.3724;64;True;1;
52;2;1;;normal;0;;;;;;;;;;;;;;;;;;;;;End-of-iteration summary row;;;15624.28520901457;15105.15204182474;363;15105.15204182474;3364.6484;;IterationSummary;;;;;;
53;2;2;1;normal;0;457c4bc75f95;move;;;10;20;;;;;;;;;;True;False;False;True;;ok;16509.473449144134;15624.28520901457;15624.28520901457;15105.15204182474;364;15105.15204182474;3372.8886;885.1882401295643;Evaluated;5.8411;2.3925;64;True;1;
53;2;2;2;normal;0;457c4bc75f95;swap;18;24;;;;;;;;;;;;True;False;False;False;;ok;17351.888331464736;15624.28520901457;15624.28520901457;15105.15204182474;365;15105.15204182474;3380.6365;1727.6031224501658;Evaluated;5.1593;2.5858;64;True;1;
53;2;2;3;normal;0;457c4bc75f95;reinsert_block;;;;;;;35;40;24;;;;;True;False;False;True;;ok;17291.420152706516;15624.28520901457;15624.28520901457;15105.15204182474;366;15105.15204182474;3388.7501;1667.1349436919463;Evaluated;5.525;2.5857;64;True;1;
53;2;2;4;normal;0;457c4bc75f95;move;;;50;42;;;;;;;;;;True;False;False;False;;ok;15986.106140362393;15624.28520901457;15624.28520901457;15105.15204182474;367;15105.15204182474;3396.2575;361.8209313478237;Evaluated;5.128;2.3752;64;True;1;
53;2;2;5;normal;0;457c4bc75f95;move;;;24;18;;;;;;;;;;True;False;False;False;;ok;15681.537294228798;15624.28520901457;15624.28520901457;15105.15204182474;368;15105.15204182474;3403.6281;57.25208521422792;Evaluated;4.9997;2.3683;64;True;1;
53;2;2;;normal;1;;;;;;;;;;;;;;;;;;;;;End-of-iteration summary row;;;15624.28520901457;15105.15204182474;368;15105.15204182474;3403.6289;;IterationSummary;;;;;;
54;2;3;1;normal;1;457c4bc75f95;move;;;2;10;;;;;;;;;;True;False;False;False;;ok;18503.895049512535;15624.28520901457;15624.28520901457;15105.15204182474;369;15105.15204182474;3411.6846;2879.6098404979657;Evaluated;5.4406;2.6098;64;True;1;
54;2;3;2;normal;1;457c4bc75f95;swap;17;24;;;;;;;;;;;;True;False;False;False;;ok;15615.768054807013;15624.28520901457;15624.28520901457;15105.15204182474;370;15105.15204182474;3419.228;-8.517154207556814;Evaluated;5.1681;2.3745;64;True;1;
54;2;3;3;normal;1;457c4bc75f95;reinsert_block;;;;;;;38;42;10;;;;;True;False;False;True;;ok;18152.873972522313;15624.28520901457;15624.28520901457;15105.15204182474;371;15105.15204182474;3427.3396;2528.5887635077434;Evaluated;5.5147;2.5938;64;True;1;
54;2;3;4;normal;1;457c4bc75f95;move;;;18;30;;;;;;;;;;True;False;False;True;;ok;16894.526989485465;15624.28520901457;15624.28520901457;15105.15204182474;372;15105.15204182474;3438.6696;1270.2417804708948;Evaluated;8.9161;2.4107;64;True;2;duplicate_for_same_parent_sequence
54;2;3;5;normal;1;457c4bc75f95;move;;;30;25;;;;;;;;;;True;False;False;False;;ok;18080.87336241174;15624.28520901457;15624.28520901457;15105.15204182474;373;15105.15204182474;3450.0839;2456.5881533971715;Evaluated;8.8235;2.5872;64;True;2;duplicate_for_same_parent_sequence
54;2;3;;normal;0;;;;;;;;;;;;;;;;;;;;;End-of-iteration summary row;;;15615.768054807013;15105.15204182474;373;15105.15204182474;3450.1008;;IterationSummary;;;;;;
55;2;4;1;normal;0;2ed9b4056fa0;move;;;10;5;;;;;;;;;;True;False;False;False;;ok;18209.55833180057;15615.768054807013;15615.768054807013;15105.15204182474;374;15105.15204182474;3458.2808;2593.790276993557;Evaluated;5.5783;2.594;64;True;1;
55;2;4;2;normal;0;2ed9b4056fa0;swap;18;24;;;;;;;;;;;;True;False;False;False;;ok;17353.569538659398;15615.768054807013;15615.768054807013;15105.15204182474;375;15105.15204182474;3466.253;1737.801483852385;Evaluated;5.378;2.5915;64;True;1;
55;2;4;3;normal;0;2ed9b4056fa0;reinsert_block;;;;;;;35;40;28;;;;;True;False;False;False;;ok;16738.51461293248;15615.768054807013;15615.768054807013;15105.15204182474;376;15105.15204182474;3474.1319;1122.7465581254655;Evaluated;5.4968;2.3794;64;True;1;
55;2;4;4;normal;0;2ed9b4056fa0;move;;;48;52;;;;;;;;;;True;False;False;False;;ok;15650.27353420254;15615.768054807013;15615.768054807013;15105.15204182474;377;15105.15204182474;3481.9987;34.5054793955278;Evaluated;5.4829;2.3812;64;True;1;
55;2;4;5;normal;0;2ed9b4056fa0;move;;;5;10;;;;;;;;;;True;False;False;False;;ok;16813.365084699006;15615.768054807013;15615.768054807013;15105.15204182474;378;15105.15204182474;3489.5467;1197.5970298919929;Evaluated;5.1651;2.3795;64;True;1;
55;2;4;;normal;1;;;;;;;;;;;;;;;;;;;;;End-of-iteration summary row;;;15615.768054807013;15105.15204182474;378;15105.15204182474;3489.5502;;IterationSummary;;;;;;
56;2;5;1;normal;1;2ed9b4056fa0;move;;;2;10;;;;;;;;;;True;False;False;False;;ok;18504.52057125478;15615.768054807013;15615.768054807013;15105.15204182474;379;15105.15204182474;3497.5945;2888.7525164477665;Evaluated;5.4283;2.609;64;True;1;
56;2;5;2;normal;1;2ed9b4056fa0;swap;20;25;;;;;;;;;;;;True;False;False;False;;ok;17755.387264545938;15615.768054807013;15615.768054807013;15105.15204182474;380;15105.15204182474;3509.0726;2139.619209738925;Evaluated;8.8821;2.5933;64;True;2;duplicate_for_same_parent_sequence
56;2;5;3;normal;1;2ed9b4056fa0;move;;;18;30;;;;;;;;;;True;False;False;True;;ok;16893.627900332627;15615.768054807013;15615.768054807013;15105.15204182474;381;15105.15204182474;3520.1844;1277.8598455256142;Evaluated;8.73;2.3785;64;True;2;duplicate_for_same_parent_sequence
56;2;5;4;normal;1;2ed9b4056fa0;move;;;50;54;;;;;;;;;;True;False;False;False;;ok;15521.60771505701;15615.768054807013;15615.768054807013;15105.15204182474;382;15105.15204182474;3527.765;-94.1603397500021;Evaluated;5.2101;2.3673;64;True;1;
56;2;5;5;normal;1;2ed9b4056fa0;move;;;30;25;;;;;;;;;;True;False;False;False;;ok;18095.96168477556;15615.768054807013;15615.768054807013;15105.15204182474;383;15105.15204182474;3535.7801;2480.1936299685476;Evaluated;5.4263;2.5857;64;True;1;
56;2;5;;normal;0;;;;;;;;;;;;;;;;;;;;;End-of-iteration summary row;;;15521.60771505701;15105.15204182474;383;15105.15204182474;3535.7858;;IterationSummary;;;;;;
57;2;6;1;normal;0;fc227b7943e0;move;;;10;5;;;;;;;;;;True;False;False;False;;ok;18114.547021196242;15521.60771505701;15521.60771505701;15105.15204182474;384;15105.15204182474;3543.6869;2592.939306139231;Evaluated;5.2971;2.5968;64;True;1;
57;2;6;2;normal;0;fc227b7943e0;swap;18;24;;;;;;;;;;;;True;False;False;False;;ok;17251.719341474498;15521.60771505701;15521.60771505701;15105.15204182474;385;15105.15204182474;3551.4105;1730.111626417487;Evaluated;5.1284;2.5908;64;True;1;
57;2;6;3;normal;0;fc227b7943e0;reinsert_block;;;;;;;35;40;28;;;;;True;False;False;False;;ok;16650.156639018904;15521.60771505701;15521.60771505701;15105.15204182474;386;15105.15204182474;3559.3208;1128.5489239618928;Evaluated;5.5223;2.3848;64;True;1;
57;2;6;4;normal;0;fc227b7943e0;move;;;56;48;;;;;;;;;;True;False;False;False;;ok;15547.101674126048;15521.60771505701;15521.60771505701;15105.15204182474;387;15105.15204182474;3566.9573;25.493959069037373;Evaluated;5.2371;2.3972;64;True;1;
57;2;6;5;normal;0;fc227b7943e0;move;;;5;10;;;;;;;;;;True;False;False;False;;ok;16721.559726635638;15521.60771505701;15521.60771505701;15105.15204182474;388;15105.15204182474;3574.5613;1199.9520115786272;Evaluated;5.2235;2.3775;64;True;1;
57;2;6;;normal;1;;;;;;;;;;;;;;;;;;;;;End-of-iteration summary row;;;15521.60771505701;15105.15204182474;388;15105.15204182474;3574.5641;;IterationSummary;;;;;;
58;2;7;1;normal;1;fc227b7943e0;move;;;3;8;;;;;;;;;;True;False;False;False;;ok;18010.416643259454;15521.60771505701;15521.60771505701;15105.15204182474;389;15105.15204182474;3585.8951;2488.808928202443;Evaluated;8.7179;2.5989;64;True;2;duplicate_for_same_parent_sequence
58;2;7;2;normal;1;fc227b7943e0;swap;20;25;;;;;;;;;;;;True;False;False;False;;ok;17653.537067361038;15521.60771505701;15521.60771505701;15105.15204182474;390;15105.15204182474;3593.7462;2131.929352304027;Evaluated;5.2595;2.5882;64;True;1;
58;2;7;3;normal;1;fc227b7943e0;move;;;18;30;;;;;;;;;;True;False;False;True;;ok;16798.51360712606;15521.60771505701;15521.60771505701;15105.15204182474;391;15105.15204182474;3605.3952;1276.9058920690495;Evaluated;9.2595;2.3863;64;True;2;duplicate_for_same_parent_sequence
58;2;7;4;normal;1;fc227b7943e0;move;;;51;49;;;;;;;;;;True;False;False;False;;ok;15681.976025541528;15521.60771505701;15521.60771505701;15105.15204182474;392;15105.15204182474;3612.9382;160.36831048451677;Evaluated;5.1692;2.3708;64;True;1;
58;2;7;5;normal;1;fc227b7943e0;move;;;40;25;;;;;;;;;;True;False;False;True;;ok;16748.696747653885;15521.60771505701;15521.60771505701;15105.15204182474;393;15105.15204182474;3620.5306;1227.089032596874;Evaluated;5.2104;2.378;64;True;1;
58;2;7;;normal;2;;;;;;;;;;;;;;;;;;;;;End-of-iteration summary row;;;15521.60771505701;15105.15204182474;393;15105.15204182474;3620.5339;;IterationSummary;;;;;;
59;2;8;1;normal;2;fc227b7943e0;move;;;7;12;;;;;;;;;;True;False;False;False;;ok;15520.627328100854;15521.60771505701;15521.60771505701;15105.15204182474;394;15105.15204182474;3628.3542;-0.980386956156508;Evaluated;5.432;2.3749;64;True;1;
59;2;8;2;normal;2;fc227b7943e0;swap;20;30;;;;;;;;;;;;True;False;False;False;;ok;17836.172734461026;15521.60771505701;15521.60771505701;15105.15204182474;395;15105.15204182474;3639.5743;2314.5650194040154;Evaluated;8.6333;2.5839;64;True;2;duplicate_for_same_parent_sequence
59;2;8;3;normal;2;fc227b7943e0;move;;;36;29;;;;;;;;;;True;False;False;False;;ok;16163.60984162344;15521.60771505701;15521.60771505701;15105.15204182474;396;15105.15204182474;3650.7975;642.0021265664291;Evaluated;8.8353;2.3867;64;True;2;duplicate_for_same_parent_sequence
59;2;8;4;normal;2;fc227b7943e0;move;;;53;48;;;;;;;;;;True;False;False;False;;ok;16245.21204579768;15521.60771505701;15521.60771505701;15105.15204182474;397;15105.15204182474;3658.3814;723.604330740669;Evaluated;5.1822;2.3989;64;True;1;
59;2;8;5;normal;2;fc227b7943e0;move;;;24;35;;;;;;;;;;True;False;False;True;;ok;16337.657696707523;15521.60771505701;15521.60771505701;15105.15204182474;398;15105.15204182474;3665.9286;816.0499816505126;Evaluated;5.1408;2.4036;64;True;1;
59;2;8;;normal;0;;;;;;;;;;;;;;;;;;;;;End-of-iteration summary row;;;15520.627328100854;15105.15204182474;398;15105.15204182474;3665.9366;;IterationSummary;;;;;;
60;2;9;1;normal;0;b5a0327e74fa;move;;;10;5;;;;;;;;;;True;False;False;False;;ok;17369.26839620962;15520.627328100854;15520.627328100854;15105.15204182474;399;15105.15204182474;3674.1639;1848.6410681087655;Evaluated;5.6251;2.5954;64;True;1;
60;2;9;2;normal;0;b5a0327e74fa;swap;18;20;;;;;;;;;;;;True;False;False;False;;ok;17050.199122124293;15520.627328100854;15520.627328100854;15105.15204182474;400;15105.15204182474;3681.7515;1529.571794023439;Evaluated;5.1933;2.3914;64;True;1;
60;2;9;3;normal;0;b5a0327e74fa;reinsert_block;;;;;;;35;40;28;;;;;True;False;False;False;;ok;16647.42629190923;15520.627328100854;15520.627328100854;15105.15204182474;401;15105.15204182474;3689.9753;1126.7989638083745;Evaluated;5.8348;2.3855;64;True;1;
60;2;9;4;normal;0;b5a0327e74fa;move;;;50;48;;;;;;;;;;True;False;False;False;;ok;15524.480036076224;15520.627328100854;15520.627328100854;15105.15204182474;402;15105.15204182474;3697.5349;3.8527079753694125;Evaluated;5.1905;2.3662;64;True;1;
60;2;9;5;normal;0;b5a0327e74fa;move;;;30;25;;;;;;;;;;True;False;False;False;;ok;17776.82288053212;15520.627328100854;15520.627328100854;15105.15204182474;403;15105.15204182474;3705.5662;2256.1955524312652;Evaluated;5.4424;2.5863;64;True;1;
60;2;9;;normal;1;;;;;;;;;;;;;;;;;;;;;End-of-iteration summary row;;;15520.627328100854;15105.15204182474;403;15105.15204182474;3705.5704;;IterationSummary;;;;;;
61;2;10;1;normal;1;b5a0327e74fa;move;;;7;12;;;;;;;;;;True;False;False;False;;ok;15530.607654774234;15520.627328100854;15520.627328100854;15105.15204182474;404;15105.15204182474;3713.3997;9.98032667337975;Evaluated;5.4519;2.3687;64;True;1;
61;2;10;2;normal;1;b5a0327e74fa;swap;17;20;;;;;;;;;;;;True;False;False;False;;ok;17052.535872634377;15520.627328100854;15520.627328100854;15105.15204182474;405;15105.15204182474;3721.1355;1531.9085445335222;Evaluated;5.1441;2.589;64;True;1;
61;2;10;3;normal;1;b5a0327e74fa;move;;;37;31;;;;;;;;;;True;False;False;False;;ok;17079.589090938854;15520.627328100854;15520.627328100854;15105.15204182474;406;15105.15204182474;3732.5245;1558.9617628380001;Evaluated;8.8003;2.5876;64;True;2;duplicate_for_same_parent_sequence
61;2;10;4;normal;1;b5a0327e74fa;move;;;56;48;;;;;;;;;;True;False;False;False;;ok;15546.282394696067;15520.627328100854;15520.627328100854;15105.15204182474;407;15105.15204182474;3740.1182;25.655066595212702;Evaluated;5.221;2.37;64;True;1;
61;2;10;5;normal;1;b5a0327e74fa;move;;;24;15;;;;;;;;;;True;False;False;False;;ok;17649.597264351025;15520.627328100854;15520.627328100854;15105.15204182474;408;15105.15204182474;3747.9063;2128.9699362501706;Evaluated;5.1936;2.5914;64;True;1;
61;2;10;;normal;2;;;;;;;;;;;;;;;;;;;;;End-of-iteration summary row;;;15520.627328100854;15105.15204182474;408;15105.15204182474;3747.9092;;IterationSummary;;;;;;
62;2;11;1;normal;2;b5a0327e74fa;move;;;5;8;;;;;;;;;;True;False;False;False;;ok;17407.295335254912;15520.627328100854;15520.627328100854;15105.15204182474;409;15105.15204182474;3759.4138;1886.6680071540577;Evaluated;8.9027;2.5878;64;True;2;duplicate_for_same_parent_sequence
62;2;11;2;normal;2;b5a0327e74fa;swap;25;30;;;;;;;;;;;;True;False;False;False;;ok;17769.746153936423;15520.627328100854;15520.627328100854;15105.15204182474;410;15105.15204182474;3771.1689;2249.1188258355687;Evaluated;9.168;2.5836;64;True;2;duplicate_for_same_parent_sequence
62;2;11;3;normal;2;b5a0327e74fa;move;;;18;25;;;;;;;;;;True;False;False;False;;ok;17250.13838886327;15520.627328100854;15520.627328100854;15105.15204182474;411;15105.15204182474;3782.7019;1729.5110607624156;Evaluated;8.9428;2.5875;64;True;2;duplicate_for_same_parent_sequence
62;2;11;4;normal;2;b5a0327e74fa;move;;;23;19;;;;;;;;;;True;False;False;False;;ok;15526.46300027531;15520.627328100854;15520.627328100854;15105.15204182474;412;15105.15204182474;3793.5247;5.835672174454885;Evaluated;8.446;2.3737;64;True;2;duplicate_for_same_parent_sequence
62;2;11;5;normal;2;b5a0327e74fa;move;;;25;30;;;;;;;;;;True;False;False;False;;ok;15520.243560356712;15520.627328100854;15520.627328100854;15105.15204182474;413;15105.15204182474;3801.2874;-0.3837677441424603;Evaluated;5.3872;2.3725;64;True;1;
62;2;11;;normal;0;;;;;;;;;;;;;;;;;;;;;End-of-iteration summary row;;;15520.243560356712;15105.15204182474;413;15105.15204182474;3801.3042;;IterationSummary;;;;;;
63;2;12;1;normal;0;4d43f3780066;move;;;7;12;;;;;;;;;;True;False;False;False;;ok;16287.88387836059;15520.243560356712;15520.243560356712;15105.15204182474;414;15105.15204182474;3809.3104;767.6403180038778;Evaluated;5.6001;2.3992;64;True;1;
63;2;12;2;normal;0;4d43f3780066;swap;17;20;;;;;;;;;;;;True;False;False;False;;ok;16692.687262007083;15520.243560356712;15520.243560356712;15105.15204182474;415;15105.15204182474;3816.9085;1172.4437016503707;Evaluated;5.2177;2.3774;64;True;1;
63;2;12;3;normal;0;4d43f3780066;reinsert_block;;;;;;;35;40;28;;;;;True;False;False;False;;ok;16816.951552897248;15520.243560356712;15520.243560356712;15105.15204182474;416;15105.15204182474;3824.8013;1296.707992540536;Evaluated;5.5097;2.3798;64;True;1;
63;2;12;4;normal;0;4d43f3780066;move;;;56;48;;;;;;;;;;True;False;False;False;;ok;16416.81590370572;15520.243560356712;15520.243560356712;15105.15204182474;417;15105.15204182474;3832.4636;896.5723433490075;Evaluated;5.2707;2.3889;64;True;1;
63;2;12;5;normal;0;4d43f3780066;move;;;4;20;;;;;;;;;;True;False;False;True;;ok;18078.19882236399;15520.243560356712;15520.243560356712;15105.15204182474;418;15105.15204182474;3840.2207;2557.9552620072773;Evaluated;5.1685;2.5854;64;True;1;
63;2;12;;normal;1;;;;;;;;;;;;;;;;;;;;;End-of-iteration summary row;;;15520.243560356712;15105.15204182474;418;15105.15204182474;3840.2238;;IterationSummary;;;;;;
64;2;13;1;normal;1;4d43f3780066;move;;;3;8;;;;;;;;;;True;False;False;False;;ok;18366.655109019437;15520.243560356712;15520.243560356712;15105.15204182474;419;15105.15204182474;3851.4492;2846.411548662725;Evaluated;8.6054;2.6117;64;True;2;duplicate_for_same_parent_sequence
64;2;13;2;normal;1;4d43f3780066;swap;18;25;;;;;;;;;;;;True;False;False;False;;ok;15520.243560356712;15520.243560356712;15520.243560356712;15105.15204182474;420;15105.15204182474;3859.0663;0.0;Evaluated;5.2279;2.3857;64;True;1;
64;2;13;3;normal;1;4d43f3780066;move;;;10;25;;;;;;;;;;True;False;False;True;;ok;17577.632533149015;15520.243560356712;15520.243560356712;15105.15204182474;421;15105.15204182474;3870.6636;2057.3889727923033;Evaluated;9.007;2.5859;64;True;2;duplicate_for_same_parent_sequence
64;2;13;4;normal;1;4d43f3780066;swap;48;49;;;;;;;;;;;;True;False;False;False;;ok;15563.972197013245;15520.243560356712;15520.243560356712;15105.15204182474;422;15105.15204182474;3885.0817;43.728636656533126;Evaluated;12.044;2.3713;64;True;3;duplicate_for_same_parent_sequence
64;2;13;5;normal;1;4d43f3780066;move;;;23;19;;;;;;;;;;True;False;False;False;;ok;17203.04170867261;15520.243560356712;15520.243560356712;15105.15204182474;423;15105.15204182474;3893.0784;1682.7981483158965;Evaluated;5.4125;2.5808;64;True;1;
64;2;13;;normal;2;;;;;;;;;;;;;;;;;;;;;End-of-iteration summary row;;;15520.243560356712;15105.15204182474;423;15105.15204182474;3893.0819;;IterationSummary;;;;;;
65;2;14;1;normal;2;4d43f3780066;move;;;8;3;;;;;;;;;;True;False;False;False;;ok;18221.016689873475;15520.243560356712;15520.243560356712;15105.15204182474;424;15105.15204182474;3901.1394;2700.773129516763;Evaluated;5.4519;2.5923;64;True;1;
65;2;14;2;normal;2;4d43f3780066;swap;35;40;;;;;;;;;;;;True;False;False;False;;ok;16353.918077512619;15520.243560356712;15520.243560356712;15105.15204182474;425;15105.15204182474;3911.9011;833.6745171559069;Evaluated;8.3608;2.398;64;True;2;duplicate_for_same_parent_sequence
65;2;14;3;normal;2;4d43f3780066;move;;;16;32;;;;;;;;;;True;False;False;True;;ok;16850.996620381;15520.243560356712;15520.243560356712;15105.15204182474;426;15105.15204182474;3923.2521;1330.753060024288;Evaluated;8.9632;2.3853;64;True;2;duplicate_for_same_parent_sequence
65;2;14;4;normal;2;4d43f3780066;move;;;50;48;;;;;;;;;;True;False;False;False;;ok;15728.111775303802;15520.243560356712;15520.243560356712;15105.15204182474;427;15105.15204182474;3931.0913;207.86821494708965;Evaluated;5.47;2.3682;64;True;1;
65;2;14;5;normal;2;4d43f3780066;move;;;40;35;;;;;;;;;;True;False;False;False;;ok;16740.851149221417;15520.243560356712;15520.243560356712;15105.15204182474;428;15105.15204182474;3938.4372;1220.6075888647047;Evaluated;4.9617;2.3816;64;True;1;
65;2;14;;normal;3;;;;;;;;;;;;;;;;;;;;;End-of-iteration summary row;;;15520.243560356712;15105.15204182474;428;15105.15204182474;3938.441;;IterationSummary;;;;;;
66;2;15;1;diversification;3;4d43f3780066;move;;;7;3;;;;;;;;;;True;False;False;False;;ok;18222.6891462557;15520.243560356712;15520.243560356712;15105.15204182474;429;15105.15204182474;3950.1558;2702.4455858989877;Evaluated;9.1063;2.602;64;True;2;duplicate_for_same_parent_sequence
66;2;15;2;diversification;3;4d43f3780066;reinsert_block;;;;;;;18;24;30;;;;;True;False;False;False;;ok;15649.710840927046;15520.243560356712;15520.243560356712;15105.15204182474;430;15105.15204182474;3958.0074;129.46728057033397;Evaluated;5.4799;2.3685;64;True;1;
66;2;15;3;diversification;3;4d43f3780066;swap;32;47;;;;;;;;;;;;True;False;False;True;;ok;15544.076278982986;15520.243560356712;15520.243560356712;15105.15204182474;431;15105.15204182474;3965.6494;23.832718626274072;Evaluated;5.2681;2.3696;64;True;1;
66;2;15;4;diversification;3;4d43f3780066;move;;;50;35;;;;;;;;;;True;False;False;True;;ok;16274.003028351906;15520.243560356712;15520.243560356712;15105.15204182474;432;15105.15204182474;3976.8667;753.7594679951944;Evaluated;8.826;2.3879;64;True;2;duplicate_for_same_parent_sequence
66;2;15;5;diversification;3;4d43f3780066;move;;;10;25;;;;;;;;;;False;True;False;;;ok;;15520.243560356712;15520.243560356712;15105.15204182474;432;15105.15204182474;3988.5955;;DuplicateForSameParentSequenceAfterRetries;11.7259;;;;3;duplicate_for_same_parent_sequence
66;2;15;6;diversification;3;4d43f3780066;move;;;50;42;;;;;;;;;;True;False;False;False;;ok;15813.672925879759;15520.243560356712;15520.243560356712;15105.15204182474;433;15105.15204182474;3996.2703;293.4293655230467;Evaluated;5.3011;2.3726;64;True;1;
66;2;15;7;diversification;3;4d43f3780066;move;;;20;35;;;;;;;;;;True;False;False;True;;ok;17512.16385012601;15520.243560356712;15520.243560356712;15105.15204182474;434;15105.15204182474;4004.0311;1991.9202897692976;Evaluated;5.1731;2.5842;64;True;1;
66;2;15;8;diversification;3;4d43f3780066;move;;;8;23;;;;;;;;;;True;False;False;True;;ok;17244.56359227427;15520.243560356712;15520.243560356712;15105.15204182474;435;15105.15204182474;4011.8469;1724.3200319175576;Evaluated;5.229;2.584;64;True;1;
66;2;15;9;diversification;3;4d43f3780066;move;;;25;30;;;;;;;;;;True;False;False;False;;ok;16619.960450043152;15520.243560356712;15520.243560356712;15105.15204182474;436;15105.15204182474;4019.5028;1099.7168896864405;Evaluated;5.2355;2.4177;64;True;1;
66;2;15;10;diversification;3;4d43f3780066;move;;;45;30;;;;;;;;;;True;False;False;True;;ok;17347.098541630075;15520.243560356712;15520.243560356712;15105.15204182474;437;15105.15204182474;4027.2887;1826.8549812733636;Evaluated;5.1858;2.5969;64;True;1;
66;2;15;;diversification;4;;;;;;;;;;;;;;;;;;;;;End-of-iteration summary row;;;15520.243560356712;15105.15204182474;437;15105.15204182474;4027.2917;;IterationSummary;;;;;;
67;2;16;1;diversification;4;4d43f3780066;move;;;5;20;;;;;;;;;;True;False;False;True;;ok;17347.364190127053;15520.243560356712;15520.243560356712;15105.15204182474;438;15105.15204182474;4035.2546;1827.120629770341;Evaluated;5.3523;2.6005;64;True;1;
67;2;16;2;diversification;4;4d43f3780066;reinsert_block;;;;;;;18;24;35;;;;;True;False;False;True;;ok;16452.88113123495;15520.243560356712;15520.243560356712;15105.15204182474;439;15105.15204182474;4051.0437;932.637570878238;Evaluated;13.3893;2.3967;64;True;3;duplicate_for_same_parent_sequence
67;2;16;3;diversification;4;4d43f3780066;move;;;15;30;;;;;;;;;;True;False;False;True;;ok;15657.196903049924;15520.243560356712;15520.243560356712;15105.15204182474;440;15105.15204182474;4062.268;136.9533426932121;Evaluated;8.8408;2.3807;64;True;2;duplicate_for_same_parent_sequence
67;2;16;4;diversification;4;4d43f3780066;move;;;62;51;;;;;;;;;;True;False;False;True;;ok;15543.621718442344;15520.243560356712;15520.243560356712;15105.15204182474;441;15105.15204182474;4073.3604;23.378158085632094;Evaluated;8.7146;2.3772;64;True;2;duplicate_for_same_parent_sequence
67;2;16;5;diversification;4;4d43f3780066;move;;;28;4;;;;;;;;;;True;False;False;True;;ok;17952.08852067559;15520.243560356712;15520.243560356712;15105.15204182474;442;15105.15204182474;4088.149;2431.8449603188765;Evaluated;12.1915;2.594;64;True;3;duplicate_for_same_parent_sequence
67;2;16;6;diversification;4;4d43f3780066;move;;;30;20;;;;;;;;;;True;False;False;True;;ok;17213.69774741687;15520.243560356712;15520.243560356712;15105.15204182474;443;15105.15204182474;4099.2423;1693.4541870601588;Evaluated;8.4952;2.5939;64;True;2;duplicate_for_same_parent_sequence
67;2;16;7;diversification;4;4d43f3780066;move;;;56;10;;;;;;;;;;True;False;False;True;;ok;17698.089968672473;15520.243560356712;15520.243560356712;15105.15204182474;444;15105.15204182474;4107.0212;2177.8464083157614;Evaluated;5.1891;2.5872;64;True;1;
67;2;16;8;diversification;4;4d43f3780066;move;;;20;15;;;;;;;;;;True;False;False;False;;ok;17095.242309020243;15520.243560356712;15520.243560356712;15105.15204182474;445;15105.15204182474;4114.8439;1574.998748663531;Evaluated;5.2264;2.5942;64;True;1;
67;2;16;9;diversification;4;4d43f3780066;move;;;24;30;;;;;;;;;;True;False;False;False;;ok;16298.01922522157;15520.243560356712;15520.243560356712;15105.15204182474;446;15105.15204182474;4122.6755;777.7756648648574;Evaluated;5.4382;2.3904;64;True;1;
67;2;16;10;diversification;4;4d43f3780066;swap;41;46;;;;;;;;;;;;True;False;False;False;;ok;16862.06431235182;15520.243560356712;15520.243560356712;15105.15204182474;447;15105.15204182474;4133.9267;1341.8207519951084;Evaluated;8.868;2.3805;64;True;2;duplicate_for_same_parent_sequence
67;2;16;;diversification;5;;;;;;;;;;;;;;;;;;;;;End-of-iteration summary row;;;15520.243560356712;15105.15204182474;447;15105.15204182474;4133.9297;;IterationSummary;;;;;;
68;2;17;1;diversification;5;4d43f3780066;move;;;7;20;;;;;;;;;;True;False;False;True;;ok;16404.308199758416;15520.243560356712;15520.243560356712;15105.15204182474;448;15105.15204182474;4141.7992;884.064639401704;Evaluated;5.4694;2.3921;64;True;1;
68;2;17;2;diversification;5;4d43f3780066;reinsert_block;;;;;;;18;23;40;;;;;True;False;False;True;;ok;17498.778403094155;15520.243560356712;15520.243560356712;15105.15204182474;449;15105.15204182474;4157.4841;1978.534842737443;Evaluated;13.0878;2.5965;64;True;3;duplicate_for_same_parent_sequence
68;2;17;3;diversification;5;4d43f3780066;swap;37;42;;;;;;;;;;;;True;False;False;False;;ok;16106.332484524075;15520.243560356712;15520.243560356712;15105.15204182474;450;15105.15204182474;4168.5859;586.0889241673631;Evaluated;8.7192;2.3793;64;True;2;duplicate_for_same_parent_sequence
68;2;17;4;diversification;5;4d43f3780066;move;;;60;52;;;;;;;;;;True;False;False;False;;ok;15985.863742849482;15520.243560356712;15520.243560356712;15105.15204182474;451;15105.15204182474;4176.2404;465.62018249277025;Evaluated;5.2596;2.3918;64;True;1;
68;2;17;5;diversification;5;4d43f3780066;move;;;62;30;;;;;;;;;;True;False;False;True;;ok;17370.19136590031;15520.243560356712;15520.243560356712;15105.15204182474;452;15105.15204182474;4184.2119;1849.9478055435993;Evaluated;5.3548;2.6138;64;True;1;
68;2;17;6;diversification;5;4d43f3780066;move;;;30;45;;;;;;;;;;True;False;False;True;;ok;15554.945802007103;15520.243560356712;15520.243560356712;15105.15204182474;453;15105.15204182474;4195.5483;34.70224165039144;Evaluated;8.9531;2.3803;64;True;2;duplicate_for_same_parent_sequence
68;2;17;7;diversification;5;4d43f3780066;move;;;50;30;;;;;;;;;;True;False;False;True;;ok;16067.606117188217;15520.243560356712;15520.243560356712;15105.15204182474;454;15105.15204182474;4203.1675;547.3625568315056;Evaluated;5.2455;2.3713;64;True;1;
68;2;17;8;diversification;5;4d43f3780066;move;;;8;15;;;;;;;;;;True;False;False;False;;ok;18018.5887462786;15520.243560356712;15520.243560356712;15105.15204182474;455;15105.15204182474;4210.7659;2498.3451859218894;Evaluated;5.0043;2.5903;64;True;1;
68;2;17;9;diversification;5;4d43f3780066;swap;14;28;;;;;;;;;;;;True;False;False;True;;ok;16937.932917634214;15520.243560356712;15520.243560356712;15105.15204182474;456;15105.15204182474;4221.7722;1417.6893572775025;Evaluated;8.6215;2.384;64;True;2;duplicate_for_same_parent_sequence
68;2;17;10;diversification;5;4d43f3780066;move;;;42;48;;;;;;;;;;True;False;False;False;;ok;15517.64120346812;15520.243560356712;15520.243560356712;15105.15204182474;457;15105.15204182474;4232.9085;-2.6023568885921122;EvaluatedImprovementDespiteDiversificationMismatch;8.7612;2.3725;64;True;2;duplicate_for_same_parent_sequence
68;2;17;;diversification;0;;;;;;;;;;;;;;;;;;;;;End-of-iteration summary row;;;15517.64120346812;15105.15204182474;457;15105.15204182474;4232.9233;;IterationSummary;;;;;;
69;2;18;1;normal;0;6f91dbef28cf;move;;;7;20;;;;;;;;;;True;False;False;True;;ok;16319.547127213511;15517.64120346812;15517.64120346812;15105.15204182474;458;15105.15204182474;4241.0487;801.9059237453912;Evaluated;5.7211;2.3981;64;True;1;
69;2;18;2;normal;0;6f91dbef28cf;swap;20;25;;;;;;;;;;;;True;False;False;False;;ok;16703.719096865305;15517.64120346812;15517.64120346812;15105.15204182474;459;15105.15204182474;4248.7939;1186.077893397185;Evaluated;5.3607;2.3818;64;True;1;
69;2;18;3;normal;0;6f91dbef28cf;reinsert_block;;;;;;;35;40;28;;;;;True;False;False;False;;ok;16294.756671441764;15517.64120346812;15517.64120346812;15105.15204182474;460;15105.15204182474;4256.6907;777.1154679736446;Evaluated;5.4967;2.3967;64;True;1;
69;2;18;4;normal;0;6f91dbef28cf;move;;;50;30;;;;;;;;;;True;False;False;True;;ok;16275.538044439418;15517.64120346812;15517.64120346812;15105.15204182474;461;15105.15204182474;4264.1533;757.8968409712979;Evaluated;5.0706;2.3893;64;True;1;
69;2;18;5;normal;0;6f91dbef28cf;move;;;24;18;;;;;;;;;;True;False;False;False;;ok;16330.619759793106;15517.64120346812;15517.64120346812;15105.15204182474;462;15105.15204182474;4271.7054;812.9785563249861;Evaluated;5.1577;2.3911;64;True;1;
69;2;18;;normal;1;;;;;;;;;;;;;;;;;;;;;End-of-iteration summary row;;;15517.64120346812;15105.15204182474;462;15105.15204182474;4271.7084;;IterationSummary;;;;;;
70;2;19;1;normal;1;6f91dbef28cf;move;;;5;10;;;;;;;;;;True;False;False;False;;ok;16956.916081958014;15517.64120346812;15517.64120346812;15105.15204182474;463;15105.15204182474;4279.5411;1439.274878489894;Evaluated;5.4368;2.3841;64;True;1;
70;2;19;2;normal;1;6f91dbef28cf;swap;20;31;;;;;;;;;;;;True;False;False;False;;ok;16507.646766770937;15517.64120346812;15517.64120346812;15105.15204182474;464;15105.15204182474;4287.3863;990.0055633028169;Evaluated;5.4451;2.3973;64;True;1;
70;2;19;3;normal;1;6f91dbef28cf;move;;;18;30;;;;;;;;;;True;False;False;True;;ok;16338.370575622563;15517.64120346812;15517.64120346812;15105.15204182474;465;15105.15204182474;4298.9876;820.7293721544429;Evaluated;9.1916;2.4066;64;True;2;duplicate_for_same_parent_sequence
70;2;19;4;normal;1;6f91dbef28cf;move;;;56;48;;;;;;;;;;True;False;False;False;;ok;16299.940980665035;15517.64120346812;15517.64120346812;15105.15204182474;466;15105.15204182474;4306.5561;782.2997771969149;Evaluated;5.1724;2.3926;64;True;1;
70;2;19;5;normal;1;6f91dbef28cf;move;;;30;5;;;;;;;;;;True;False;False;True;;ok;17193.50616066723;15517.64120346812;15517.64120346812;15105.15204182474;467;15105.15204182474;4317.6674;1675.8649571991118;Evaluated;8.5191;2.5892;64;True;2;duplicate_for_same_parent_sequence
70;2;19;;normal;2;;;;;;;;;;;;;;;;;;;;;End-of-iteration summary row;;;15517.64120346812;15105.15204182474;467;15105.15204182474;4317.6705;;IterationSummary;;;;;;
71;2;20;1;normal;2;6f91dbef28cf;move;;;15;3;;;;;;;;;;True;False;False;True;;ok;17751.18500226115;15517.64120346812;15517.64120346812;15105.15204182474;468;15105.15204182474;4329.2988;2233.543798793031;Evaluated;9.0238;2.5959;64;True;2;duplicate_for_same_parent_sequence
71;2;20;2;normal;2;6f91dbef28cf;swap;18;25;;;;;;;;;;;;True;False;False;False;;ok;15517.64120346812;15517.64120346812;15517.64120346812;15105.15204182474;469;15105.15204182474;4337.1336;0.0;Evaluated;5.4556;2.3759;64;True;1;
71;2;20;3;normal;2;6f91dbef28cf;move;;;35;10;;;;;;;;;;True;False;False;True;;ok;17761.653630716344;15517.64120346812;15517.64120346812;15105.15204182474;470;15105.15204182474;4348.6603;2244.0124272482244;Evaluated;8.9355;2.5906;64;True;2;duplicate_for_same_parent_sequence
71;2;20;4;normal;2;6f91dbef28cf;move;;;50;48;;;;;;;;;;True;False;False;False;;ok;15507.65924503744;15517.64120346812;15517.64120346812;15105.15204182474;471;15105.15204182474;4356.2945;-9.981958430680606;Evaluated;5.2596;2.3715;64;True;1;
71;2;20;5;normal;2;6f91dbef28cf;move;;;50;35;;;;;;;;;;True;False;False;True;;ok;16445.917488290186;15517.64120346812;15517.64120346812;15105.15204182474;472;15105.15204182474;4367.321;928.2762848220664;Evaluated;8.6482;2.3754;64;True;2;duplicate_for_same_parent_sequence
71;2;20;;normal;0;;;;;;;;;;;;;;;;;;;;;End-of-iteration summary row;;;15507.65924503744;15105.15204182474;472;15105.15204182474;4367.3322;;IterationSummary;;;;;;
72;2;21;1;normal;0;4ef44145377e;move;;;7;12;;;;;;;;;;True;False;False;False;;ok;16826.459387471274;15507.65924503744;15507.65924503744;15105.15204182474;473;15105.15204182474;4375.3279;1318.8001424338345;Evaluated;5.6114;2.3773;64;True;1;
72;2;21;2;normal;0;4ef44145377e;swap;16;25;;;;;;;;;;;;True;False;False;False;;ok;17254.681523425155;15507.65924503744;15507.65924503744;15105.15204182474;474;15105.15204182474;4383.1171;1747.0222783877161;Evaluated;5.1988;2.5879;64;True;1;
72;2;21;3;normal;0;4ef44145377e;reinsert_block;;;;;;;35;40;18;;;;;True;False;False;True;;ok;16731.321119515254;15507.65924503744;15507.65924503744;15105.15204182474;475;15105.15204182474;4391.3308;1223.6618744778152;Evaluated;5.8266;2.384;64;True;1;
72;2;21;4;normal;0;4ef44145377e;move;;;50;30;;;;;;;;;;True;False;False;True;;ok;16736.485982781;15507.65924503744;15507.65924503744;15105.15204182474;476;15105.15204182474;4398.9018;1228.8267377435604;Evaluated;5.1914;2.3769;64;True;1;
72;2;21;5;normal;0;4ef44145377e;move;;;40;25;;;;;;;;;;True;False;False;True;;ok;15522.795870859783;15507.65924503744;15507.65924503744;15105.15204182474;477;15105.15204182474;4406.6746;15.136625822344286;Evaluated;5.4017;2.368;64;True;1;
72;2;21;;normal;1;;;;;;;;;;;;;;;;;;;;;End-of-iteration summary row;;;15507.65924503744;15105.15204182474;477;15105.15204182474;4406.6777;;IterationSummary;;;;;;
73;2;22;1;normal;1;4ef44145377e;move;;;5;2;;;;;;;;;;True;False;False;False;;ok;18176.860343656303;15507.65924503744;15507.65924503744;15105.15204182474;478;15105.15204182474;4414.866;2669.2010986188634;Evaluated;5.5783;2.5982;64;True;1;
73;2;22;2;normal;1;4ef44145377e;swap;18;25;;;;;;;;;;;;True;False;False;False;;ok;15507.65924503744;15507.65924503744;15507.65924503744;15105.15204182474;479;15105.15204182474;4422.4583;0.0;Evaluated;5.2255;2.3662;64;True;1;
73;2;22;3;normal;1;4ef44145377e;move;;;20;10;;;;;;;;;;True;False;False;True;;ok;18035.334981326272;15507.65924503744;15507.65924503744;15105.15204182474;480;15105.15204182474;4434.6701;2527.675736288833;Evaluated;9.6219;2.5873;64;True;2;duplicate_for_same_parent_sequence
73;2;22;4;normal;1;4ef44145377e;move;;;57;48;;;;;;;;;;True;False;False;False;;ok;15533.018282684454;15507.65924503744;15507.65924503744;15105.15204182474;481;15105.15204182474;4442.2839;25.359037647014702;Evaluated;5.2303;2.381;64;True;1;
73;2;22;5;normal;1;4ef44145377e;move;;;56;40;;;;;;;;;;True;False;False;True;;ok;16870.449600959124;15507.65924503744;15507.65924503744;15105.15204182474;482;15105.15204182474;4449.8573;1362.7903559216847;Evaluated;5.1897;2.3804;64;True;1;
73;2;22;;normal;2;;;;;;;;;;;;;;;;;;;;;End-of-iteration summary row;;;15507.65924503744;15105.15204182474;482;15105.15204182474;4449.8611;;IterationSummary;;;;;;
74;2;23;1;normal;2;4ef44145377e;move;;;15;8;;;;;;;;;;True;False;False;False;;ok;17897.626913054653;15507.65924503744;15507.65924503744;15105.15204182474;483;15105.15204182474;4458.1322;2389.9676680172142;Evaluated;5.6596;2.6046;64;True;1;
74;2;23;2;normal;2;4ef44145377e;swap;18;30;;;;;;;;;;;;True;False;False;True;;ok;16795.917793376364;15507.65924503744;15507.65924503744;15105.15204182474;484;15105.15204182474;4469.084;1288.2585483389248;Evaluated;8.5705;2.3782;64;True;2;duplicate_for_same_parent_sequence
74;2;23;3;normal;2;4ef44145377e;move;;;20;15;;;;;;;;;;True;False;False;False;;ok;17094.133018899676;15507.65924503744;15507.65924503744;15105.15204182474;485;15105.15204182474;4480.9854;1586.473773862237;Evaluated;9.3137;2.5848;64;True;2;duplicate_for_same_parent_sequence
74;2;23;4;normal;2;4ef44145377e;move;;;49;28;;;;;;;;;;True;False;False;True;;ok;16470.154716604153;15507.65924503744;15507.65924503744;15105.15204182474;486;15105.15204182474;4492.103;962.4954715667136;Evaluated;8.7228;2.392;64;True;2;duplicate_for_same_parent_sequence
74;2;23;5;normal;2;4ef44145377e;move;;;35;20;;;;;;;;;;True;False;False;True;;ok;17276.2689306506;15507.65924503744;15507.65924503744;15105.15204182474;487;15105.15204182474;4503.515;1768.6096856131608;Evaluated;8.8184;2.5925;64;True;2;duplicate_for_same_parent_sequence
74;2;23;;normal;3;;;;;;;;;;;;;;;;;;;;;End-of-iteration summary row;;;15507.65924503744;15105.15204182474;487;15105.15204182474;4503.5177;;IterationSummary;;;;;;
75;2;24;1;diversification;3;4ef44145377e;move;;;5;2;;;;;;;;;;False;True;False;;;ok;;15507.65924503744;15507.65924503744;15105.15204182474;487;15105.15204182474;4516.3885;;DuplicateForSameParentSequenceAfterRetries;12.8594;;;;3;duplicate_for_same_parent_sequence
75;2;24;2;diversification;3;4ef44145377e;reinsert_block;;;;;;;18;25;30;;;;;True;False;False;False;;ok;16886.068394794635;15507.65924503744;15507.65924503744;15105.15204182474;488;15105.15204182474;4524.3719;1378.4091497571953;Evaluated;5.6044;2.378;64;True;1;
75;2;24;3;diversification;3;4ef44145377e;swap;32;47;;;;;;;;;;;;True;False;False;True;;ok;15507.65924503744;15507.65924503744;15507.65924503744;15105.15204182474;489;15105.15204182474;4532.2657;0.0;Evaluated;5.5204;2.3702;64;True;1;
75;2;24;4;diversification;3;4ef44145377e;move;;;50;48;;;;;;;;;;True;False;False;False;;ok;15509.4404042923;15507.65924503744;15507.65924503744;15105.15204182474;490;15105.15204182474;4539.9084;1.7811592548605404;Evaluated;5.2352;2.4049;64;True;1;
75;2;24;5;diversification;3;4ef44145377e;move;;;25;10;;;;;;;;;;True;False;False;True;;ok;18137.713289076917;15507.65924503744;15507.65924503744;15105.15204182474;491;15105.15204182474;4548.0908;2630.054044039478;Evaluated;5.591;2.5882;64;True;1;
75;2;24;6;diversification;3;4ef44145377e;move;;;48;12;;;;;;;;;;True;False;False;True;;ok;17519.11046448798;15507.65924503744;15507.65924503744;15105.15204182474;492;15105.15204182474;4559.5989;2011.4512194505423;Evaluated;8.9246;2.5809;64;True;2;duplicate_for_same_parent_sequence
75;2;24;7;diversification;3;4ef44145377e;move;;;38;19;;;;;;;;;;True;False;False;True;;ok;16082.820844404057;15507.65924503744;15507.65924503744;15105.15204182474;493;15105.15204182474;4570.6361;575.1615993666182;Evaluated;8.6571;2.3773;64;True;2;duplicate_for_same_parent_sequence
75;2;24;8;diversification;3;4ef44145377e;move;;;10;5;;;;;;;;;;True;False;False;False;;ok;17361.170268746922;15507.65924503744;15507.65924503744;15105.15204182474;494;15105.15204182474;4578.4259;1853.5110237094832;Evaluated;5.1981;2.5887;64;True;1;
75;2;24;9;diversification;3;4ef44145377e;move;;;25;30;;;;;;;;;;True;False;False;False;;ok;16626.323738748324;15507.65924503744;15507.65924503744;15105.15204182474;495;15105.15204182474;4586.0556;1118.664493710885;Evaluated;5.2492;2.3797;64;True;1;
75;2;24;10;diversification;3;4ef44145377e;move;;;52;45;;;;;;;;;;True;False;False;False;;ok;16614.588224090672;15507.65924503744;15507.65924503744;15105.15204182474;496;15105.15204182474;4597.0462;1106.928979053233;Evaluated;8.6072;2.3806;64;True;2;duplicate_for_same_parent_sequence
75;2;24;;diversification;4;;;;;;;;;;;;;;;;;;;;;End-of-iteration summary row;;;15507.65924503744;15105.15204182474;496;15105.15204182474;4597.0494;;IterationSummary;;;;;;
76;2;25;1;diversification;4;4ef44145377e;move;;;7;30;;;;;;;;;;True;False;False;True;;ok;17226.759827630667;15507.65924503744;15507.65924503744;15105.15204182474;497;15105.15204182474;4605.274;1719.100582593228;Evaluated;5.6164;2.5997;64;True;1;
76;2;25;2;diversification;4;4ef44145377e;reinsert_block;;;;;;;20;24;35;;;;;True;False;False;True;;ok;16468.72396677217;15507.65924503744;15507.65924503744;15105.15204182474;498;15105.15204182474;4613.2258;961.0647217347305;Evaluated;5.5331;2.418;64;True;1;
76;2;25;3;diversification;4;4ef44145377e;move;;;35;10;;;;;;;;;;True;False;False;True;;ok;18160.463011514334;15507.65924503744;15507.65924503744;15105.15204182474;499;15105.15204182474;4624.7408;2652.8037664768945;Evaluated;8.9223;2.5897;64;True;2;duplicate_for_same_parent_sequence
76;2;25;4;diversification;4;4ef44145377e;move;;;60;52;;;;;;;;;;True;False;False;False;;ok;15976.54168952289;15507.65924503744;15507.65924503744;15105.15204182474;500;15105.15204182474;4632.6976;468.88244448545083;Evaluated;5.5604;2.3928;64;True;1;
76;2;25;5;diversification;4;4ef44145377e;swap;3;8;;;;;;;;;;;;True;False;False;False;;ok;17756.513326023243;15507.65924503744;15507.65924503744;15105.15204182474;501;15105.15204182474;4644.1852;2248.854080985804;Evaluated;8.8925;2.5943;64;True;2;duplicate_for_same_parent_sequence
76;2;25;6;diversification;4;4ef44145377e;move;;;30;18;;;;;;;;;;True;False;False;True;;ok;17239.055946358745;15507.65924503744;15507.65924503744;15105.15204182474;502;15105.15204182474;4655.5788;1731.396701321306;Evaluated;8.7971;2.5957;64;True;2;duplicate_for_same_parent_sequence
76;2;25;7;diversification;4;4ef44145377e;move;;;62;45;;;;;;;;;;True;False;False;True;;ok;16741.98771642108;15507.65924503744;15507.65924503744;15105.15204182474;503;15105.15204182474;4663.2077;1234.328471383642;Evaluated;5.2441;2.3822;64;True;1;
76;2;25;8;diversification;4;4ef44145377e;move;;;15;30;;;;;;;;;;True;False;False;True;;ok;15656.552664672836;15507.65924503744;15507.65924503744;15105.15204182474;504;15105.15204182474;4670.8794;148.89341963539664;Evaluated;5.2953;2.3733;64;True;1;
76;2;25;9;diversification;4;4ef44145377e;move;;;34;28;;;;;;;;;;True;False;False;False;;ok;15568.870223532696;15507.65924503744;15507.65924503744;15105.15204182474;505;15105.15204182474;4682.0161;61.21097849525722;Evaluated;8.7546;2.379;64;True;2;duplicate_for_same_parent_sequence
76;2;25;10;diversification;4;4ef44145377e;swap;40;51;;;;;;;;;;;;True;False;False;False;;ok;15891.845951955713;15507.65924503744;15507.65924503744;15105.15204182474;506;15105.15204182474;4689.7652;384.18670691827356;Evaluated;5.3756;2.3703;64;True;1;
76;2;25;;diversification;5;;;;;;;;;;;;;;;;;;;;;End-of-iteration summary row;;;15507.65924503744;15105.15204182474;506;15105.15204182474;4689.7679;;IterationSummary;;;;;;
77;2;26;1;diversification;5;4ef44145377e;move;;;5;20;;;;;;;;;;True;False;False;True;;ok;17339.630042564604;15507.65924503744;15507.65924503744;15105.15204182474;507;15105.15204182474;4698.0483;1831.970797527165;Evaluated;5.6619;2.6034;64;True;1;
77;2;26;2;diversification;5;4ef44145377e;reinsert_block;;;;;;;18;24;35;;;;;True;False;False;True;;ok;16437.06249331282;15507.65924503744;15507.65924503744;15105.15204182474;508;15105.15204182474;4706.1155;929.403248275381;Evaluated;5.6677;2.3962;64;True;1;
77;2;26;3;diversification;5;4ef44145377e;swap;35;40;;;;;;;;;;;;True;False;False;False;;ok;15618.812561148781;15507.65924503744;15507.65924503744;15105.15204182474;509;15105.15204182474;4717.4245;111.15331611134206;Evaluated;8.9374;2.369;64;True;2;duplicate_for_same_parent_sequence
77;2;26;4;diversification;5;4ef44145377e;move;;;62;30;;;;;;;;;;True;False;False;True;;ok;17369.924185908767;15507.65924503744;15507.65924503744;15105.15204182474;510;15105.15204182474;4728.7529;1862.2649408713278;Evaluated;8.7326;2.5933;64;True;2;duplicate_for_same_parent_sequence
77;2;26;5;diversification;5;4ef44145377e;move;;;10;25;;;;;;;;;;True;False;False;True;;ok;17578.432281228685;15507.65924503744;15507.65924503744;15105.15204182474;511;15105.15204182474;4736.625;2070.7730361912454;Evaluated;5.2807;2.5884;64;True;1;
77;2;26;6;diversification;5;4ef44145377e;move;;;40;52;;;;;;;;;;True;False;False;True;;ok;15556.160276533086;15507.65924503744;15507.65924503744;15105.15204182474;512;15105.15204182474;4744.1988;48.50103149564711;Evaluated;5.202;2.3684;64;True;1;
77;2;26;7;diversification;5;4ef44145377e;move;;;34;8;;;;;;;;;;True;False;False;True;;ok;17681.87546867747;15507.65924503744;15507.65924503744;15105.15204182474;513;15105.15204182474;4755.3549;2174.216223640031;Evaluated;8.5529;2.6;64;True;2;duplicate_for_same_parent_sequence
77;2;26;8;diversification;5;4ef44145377e;move;;;20;35;;;;;;;;;;True;False;False;True;;ok;17515.70817612981;15507.65924503744;15507.65924503744;15105.15204182474;514;15105.15204182474;4763.2096;2008.0489310923713;Evaluated;5.2564;2.5954;64;True;1;
77;2;26;9;diversification;5;4ef44145377e;move;;;18;40;;;;;;;;;;True;False;False;True;;ok;15531.396400562999;15507.65924503744;15507.65924503744;15105.15204182474;515;15105.15204182474;4774.3058;23.7371555255595;Evaluated;8.725;2.3685;64;True;2;duplicate_for_same_parent_sequence
77;2;26;10;diversification;5;4ef44145377e;move;;;42;18;;;;;;;;;;True;False;False;True;;ok;16708.354321885057;15507.65924503744;15507.65924503744;15105.15204182474;516;15105.15204182474;4785.5804;1200.695076847618;Evaluated;8.8941;2.378;64;True;2;duplicate_for_same_parent_sequence
77;2;26;;diversification;6;;;;;;;;;;;;;;;;;;;;;End-of-iteration summary row;;;15507.65924503744;15105.15204182474;516;15105.15204182474;4785.5831;;IterationSummary;;;;;;
78;2;27;1;diversification;6;4ef44145377e;move;;;8;30;;;;;;;;;;True;False;False;True;;ok;17226.3163734337;15507.65924503744;15507.65924503744;15105.15204182474;517;15105.15204182474;4797.5377;1718.6571283962603;Evaluated;9.3422;2.5994;64;True;2;duplicate_for_same_parent_sequence
78;2;27;2;diversification;6;4ef44145377e;move;;;25;18;;;;;;;;;;True;False;False;False;;ok;17308.462838951316;15507.65924503744;15507.65924503744;15105.15204182474;518;15105.15204182474;4809.1622;1800.8035939138772;Evaluated;9.035;2.5864;64;True;2;duplicate_for_same_parent_sequence
78;2;27;3;diversification;6;4ef44145377e;swap;35;42;;;;;;;;;;;;True;False;False;False;;ok;15507.65924503744;15507.65924503744;15507.65924503744;15105.15204182474;519;15105.15204182474;4816.7831;0.0;Evaluated;5.2336;2.3841;64;True;1;
78;2;27;4;diversification;6;4ef44145377e;move;;;56;48;;;;;;;;;;True;False;False;False;;ok;15531.713719325544;15507.65924503744;15507.65924503744;15105.15204182474;520;15105.15204182474;4824.3664;24.054474288104757;Evaluated;5.2105;2.3715;64;True;1;
78;2;27;5;diversification;6;4ef44145377e;move;;;4;30;;;;;;;;;;True;False;False;True;;ok;17691.92410337233;15507.65924503744;15507.65924503744;15105.15204182474;521;15105.15204182474;4832.302;2184.264858334891;Evaluated;5.3375;2.5946;64;True;1;
78;2;27;6;diversification;6;4ef44145377e;move;;;50;40;;;;;;;;;;True;False;False;True;;ok;16872.565583602627;15507.65924503744;15507.65924503744;15105.15204182474;522;15105.15204182474;4840.0166;1364.906338565188;Evaluated;5.3378;2.3752;64;True;1;
78;2;27;7;diversification;6;4ef44145377e;move;;;25;40;;;;;;;;;;True;False;False;True;;ok;16586.635224555037;15507.65924503744;15507.65924503744;15105.15204182474;523;15105.15204182474;4847.7097;1078.9759795175978;Evaluated;5.2874;2.4038;64;True;1;
78;2;27;8;diversification;6;4ef44145377e;move;;;15;20;;;;;;;;;;True;False;False;False;;ok;15554.852405696834;15507.65924503744;15507.65924503744;15105.15204182474;524;15105.15204182474;4855.3623;47.19316065939529;Evaluated;5.2732;2.3768;64;True;1;
78;2;27;9;diversification;6;4ef44145377e;move;;;45;19;;;;;;;;;;True;False;False;True;;ok;16649.849904530136;15507.65924503744;15507.65924503744;15105.15204182474;525;15105.15204182474;4866.716;1142.1906594926968;Evaluated;8.9688;2.3816;64;True;2;duplicate_for_same_parent_sequence
78;2;27;10;diversification;6;4ef44145377e;move;;;52;30;;;;;;;;;;True;False;False;True;;ok;17323.888217477368;15507.65924503744;15507.65924503744;15105.15204182474;526;15105.15204182474;4877.9585;1816.2289724399288;Evaluated;8.6421;2.5975;64;True;2;duplicate_for_same_parent_sequence
78;2;27;;diversification;7;;;;;;;;;;;;;;;;;;;;;End-of-iteration summary row;;;15507.65924503744;15105.15204182474;526;15105.15204182474;4877.9621;;IterationSummary;;;;;;
79;2;28;1;diversification;7;4ef44145377e;move;;;10;3;;;;;;;;;;True;False;False;False;;ok;17831.618516221086;15507.65924503744;15507.65924503744;15105.15204182474;527;15105.15204182474;4889.6609;2323.9592711836467;Evaluated;9.0945;2.5952;64;True;2;duplicate_for_same_parent_sequence
79;2;28;2;diversification;7;4ef44145377e;reinsert_block;;;;;;;18;25;35;;;;;True;False;False;True;;ok;16956.826162158122;15507.65924503744;15507.65924503744;15105.15204182474;528;15105.15204182474;4897.6788;1449.1669171206831;Evaluated;5.6136;2.4007;64;True;1;
79;2;28;3;diversification;7;4ef44145377e;swap;35;60;;;;;;;;;;;;True;False;False;True;;ok;16623.759331874862;15507.65924503744;15507.65924503744;15105.15204182474;529;15105.15204182474;4908.9905;1116.100086837423;Evaluated;8.9034;2.4047;64;True;2;duplicate_for_same_parent_sequence
79;2;28;4;diversification;7;4ef44145377e;move;;;50;35;;;;;;;;;;True;False;False;True;;ok;16738.47768304737;15507.65924503744;15507.65924503744;15105.15204182474;530;15105.15204182474;4916.5623;1230.818438009932;Evaluated;5.1893;2.3811;64;True;1;
79;2;28;5;diversification;7;4ef44145377e;move;;;6;30;;;;;;;;;;True;False;False;True;;ok;17312.414044839665;15507.65924503744;15507.65924503744;15105.15204182474;531;15105.15204182474;4924.3078;1804.7547998022255;Evaluated;5.1498;2.595;64;True;1;
79;2;28;6;diversification;7;4ef44145377e;swap;48;61;;;;;;;;;;;;True;False;False;True;;ok;16240.081382246022;15507.65924503744;15507.65924503744;15105.15204182474;532;15105.15204182474;4935.3275;732.4221372085831;Evaluated;8.6239;2.392;64;True;2;duplicate_for_same_parent_sequence
79;2;28;7;diversification;7;4ef44145377e;move;;;34;10;;;;;;;;;;True;False;False;True;;ok;18165.48799607463;15507.65924503744;15507.65924503744;15105.15204182474;533;15105.15204182474;4946.5275;2657.82875103719;Evaluated;8.5991;2.5975;64;True;2;duplicate_for_same_parent_sequence
79;2;28;8;diversification;7;4ef44145377e;move;;;30;8;;;;;;;;;;True;False;False;True;;ok;17229.915401344602;15507.65924503744;15507.65924503744;15105.15204182474;534;15105.15204182474;4957.6428;1722.256156307163;Evaluated;8.5183;2.5935;64;True;2;duplicate_for_same_parent_sequence
79;2;28;9;diversification;7;4ef44145377e;move;;;28;35;;;;;;;;;;True;False;False;False;;ok;16533.51534039903;15507.65924503744;15507.65924503744;15105.15204182474;535;15105.15204182474;4965.34;1025.8560953615906;Evaluated;5.2974;2.3971;64;True;1;
79;2;28;10;diversification;7;4ef44145377e;move;;;49;27;;;;;;;;;;True;False;False;True;;ok;16900.083343289312;15507.65924503744;15507.65924503744;15105.15204182474;536;15105.15204182474;4976.3018;1392.4240982518731;Evaluated;8.5804;2.3788;64;True;2;duplicate_for_same_parent_sequence
79;2;28;;diversification;8;;;;;;;;;;;;;;;;;;;;;End-of-iteration summary row;;;15507.65924503744;15105.15204182474;536;15105.15204182474;4976.3051;;IterationSummary;;;;;;
80;2;29;1;diversification;8;4ef44145377e;move;;;8;3;;;;;;;;;;True;False;False;False;;ok;18220.74954089343;15507.65924503744;15507.65924503744;15105.15204182474;537;15105.15204182474;4987.9369;2713.090295855991;Evaluated;9.0263;2.5903;64;True;2;duplicate_for_same_parent_sequence
80;2;29;2;diversification;8;4ef44145377e;reinsert_block;;;;;;;18;23;40;;;;;True;False;False;True;;ok;17506.126789875256;15507.65924503744;15507.65924503744;15105.15204182474;538;15105.15204182474;4996.0618;1998.4675448378166;Evaluated;5.5327;2.5887;64;True;1;
80;2;29;3;diversification;8;4ef44145377e;swap;38;46;;;;;;;;;;;;True;False;False;False;;ok;16376.620817443982;15507.65924503744;15507.65924503744;15105.15204182474;539;15105.15204182474;5007.127;868.9615724065425;Evaluated;8.6526;2.4101;64;True;2;duplicate_for_same_parent_sequence
80;2;29;4;diversification;8;4ef44145377e;move;;;50;28;;;;;;;;;;True;False;False;True;;ok;15639.292009476683;15507.65924503744;15507.65924503744;15105.15204182474;540;15105.15204182474;5014.954;131.63276443924406;Evaluated;5.4489;2.3748;64;True;1;
80;2;29;5;diversification;8;4ef44145377e;move;;;15;2;;;;;;;;;;True;False;False;True;;ok;15686.96681119789;15507.65924503744;15507.65924503744;15105.15204182474;541;15105.15204182474;5022.4459;179.30756616045073;Evaluated;5.1235;2.3651;64;True;1;
80;2;29;6;diversification;8;4ef44145377e;move;;;18;35;;;;;;;;;;True;False;False;True;;ok;16796.13398005929;15507.65924503744;15507.65924503744;15105.15204182474;542;15105.15204182474;5033.5947;1288.4747350218513;Evaluated;8.7599;2.3877;64;True;2;duplicate_for_same_parent_sequence
80;2;29;7;diversification;8;4ef44145377e;move;;;18;3;;;;;;;;;;True;False;False;True;;ok;18210.645873495796;15507.65924503744;15507.65924503744;15105.15204182474;543;15105.15204182474;5044.8316;2702.986628458357;Evaluated;8.6498;2.5837;64;True;2;duplicate_for_same_parent_sequence
80;2;29;8;diversification;8;4ef44145377e;move;;;25;10;;;;;;;;;;False;True;False;;;ok;;15507.65924503744;15507.65924503744;15105.15204182474;543;15105.15204182474;5057.1185;;DuplicateForSameParentSequenceAfterRetries;12.2843;;;;3;duplicate_for_same_parent_sequence
80;2;29;9;diversification;8;4ef44145377e;move;;;46;17;;;;;;;;;;True;False;False;True;;ok;17261.575609403335;15507.65924503744;15507.65924503744;15105.15204182474;544;15105.15204182474;5068.2959;1753.9163643658958;Evaluated;8.5676;2.6087;64;True;2;duplicate_for_same_parent_sequence
80;2;29;10;diversification;8;4ef44145377e;move;;;42;50;;;;;;;;;;True;False;False;False;;ok;16267.63232922917;15507.65924503744;15507.65924503744;15105.15204182474;545;15105.15204182474;5076.0832;759.9730841917317;Evaluated;5.3891;2.3956;64;True;1;
80;2;29;;diversification;9;;;;;;;;;;;;;;;;;;;;;End-of-iteration summary row;;;15507.65924503744;15105.15204182474;545;15105.15204182474;5076.084;;IterationSummary;;;;;;
81;2;30;1;diversification;9;4ef44145377e;move;;;10;2;;;;;;;;;;True;False;False;False;;ok;17834.920754695897;15507.65924503744;15507.65924503744;15105.15204182474;546;15105.15204182474;5090.982;2327.2615096584577;Evaluated;12.3065;2.5851;64;True;3;duplicate_for_same_parent_sequence
81;2;30;2;diversification;9;4ef44145377e;reinsert_block;;;;;;;20;25;16;;;;;True;False;False;False;;ok;17220.148212627406;15507.65924503744;15507.65924503744;15105.15204182474;547;15105.15204182474;5099.5175;1712.4889675899667;Evaluated;5.9438;2.5883;64;True;1;
81;2;30;3;diversification;9;4ef44145377e;swap;34;42;;;;;;;;;;;;True;False;False;False;;ok;15606.627419335668;15507.65924503744;15507.65924503744;15105.15204182474;548;15105.15204182474;5107.0652;98.9681742982284;Evaluated;5.1703;2.3766;64;True;1;
81;2;30;4;diversification;9;4ef44145377e;move;;;62;51;;;;;;;;;;True;False;False;True;;ok;15280.07188340313;15507.65924503744;15507.65924503744;15105.15204182474;549;15105.15204182474;5114.6671;-227.58736163430876;Evaluated;5.234;2.3672;64;True;1;
81;2;30;5;diversification;9;4ef44145377e;move;;;30;20;;;;;;;;;;True;False;False;True;;ok;17212.588333899494;15507.65924503744;15507.65924503744;15105.15204182474;550;15105.15204182474;5122.7101;1704.9290888620544;Evaluated;5.452;2.5895;64;True;1;
81;2;30;6;diversification;9;4ef44145377e;move;;;28;5;;;;;;;;;;True;False;False;True;;ok;16854.690435133125;15507.65924503744;15507.65924503744;15105.15204182474;551;15105.15204182474;5137.2095;1347.0311900956858;Evaluated;12.1068;2.3896;64;True;3;duplicate_for_same_parent_sequence
81;2;30;7;diversification;9;4ef44145377e;move;;;34;20;;;;;;;;;;True;False;False;True;;ok;17382.158693652054;15507.65924503744;15507.65924503744;15105.15204182474;552;15105.15204182474;5148.4478;1874.4994486146152;Evaluated;8.6467;2.5882;64;True;2;duplicate_for_same_parent_sequence
81;2;30;8;diversification;9;4ef44145377e;swap;8;19;;;;;;;;;;;;True;False;False;False;;ok;17292.370139041668;15507.65924503744;15507.65924503744;15105.15204182474;553;15105.15204182474;5159.5989;1784.710894004229;Evaluated;8.5595;2.5888;64;True;2;duplicate_for_same_parent_sequence
81;2;30;9;diversification;9;4ef44145377e;move;;;24;10;;;;;;;;;;True;False;False;True;;ok;17690.561077092763;15507.65924503744;15507.65924503744;15105.15204182474;554;15105.15204182474;5170.7922;2182.901832055324;Evaluated;8.6016;2.5888;64;True;2;duplicate_for_same_parent_sequence
81;2;30;10;diversification;9;4ef44145377e;move;;;45;20;;;;;;;;;;True;False;False;True;;ok;16168.687887968534;15507.65924503744;15507.65924503744;15105.15204182474;555;15105.15204182474;5178.4689;661.0286429310945;Evaluated;5.2799;2.3938;64;True;1;
81;2;30;;diversification;0;;;;;;;;;;;;;;;;;;;;;End-of-iteration summary row;;;15280.07188340313;15105.15204182474;555;15105.15204182474;5178.4867;;IterationSummary;;;;;;
82;2;31;1;normal;0;d9d323ab6e1a;move;;;5;0;;;;;;;;;;True;False;False;False;;ok;16968.969737093892;15280.07188340313;15280.07188340313;15105.15204182474;556;15105.15204182474;5186.6008;1688.8978536907616;Evaluated;5.7192;2.3885;64;True;1;
82;2;31;2;normal;0;d9d323ab6e1a;swap;25;30;;;;;;;;;;;;True;False;False;False;;ok;16617.469960344453;15280.07188340313;15280.07188340313;15105.15204182474;557;15105.15204182474;5194.0151;1337.3980769413229;Evaluated;5.0296;2.3821;64;True;1;
82;2;31;3;normal;0;d9d323ab6e1a;reinsert_block;;;;;;;35;40;28;;;;;True;False;False;False;;ok;16409.93121881834;15280.07188340313;15280.07188340313;15105.15204182474;558;15105.15204182474;5201.9467;1129.859335415209;Evaluated;5.5278;2.3999;64;True;1;
82;2;31;4;normal;0;d9d323ab6e1a;move;;;56;48;;;;;;;;;;True;False;False;False;;ok;15683.788899020916;15280.07188340313;15280.07188340313;15105.15204182474;559;15105.15204182474;5209.8003;403.71701561778536;Evaluated;5.4779;2.3746;64;True;1;
82;2;31;5;normal;0;d9d323ab6e1a;move;;;60;15;;;;;;;;;;True;False;False;True;;ok;16554.61125644179;15280.07188340313;15280.07188340313;15105.15204182474;560;15105.15204182474;5217.3724;1274.5393730386586;Evaluated;5.1951;2.3737;64;True;1;
82;2;31;;normal;1;;;;;;;;;;;;;;;;;;;;;End-of-iteration summary row;;;15280.07188340313;15105.15204182474;560;15105.15204182474;5217.3752;;IterationSummary;;;;;;
83;2;32;1;normal;1;d9d323ab6e1a;move;;;24;10;;;;;;;;;;True;False;False;True;;ok;17332.421958960273;15280.07188340313;15280.07188340313;15105.15204182474;561;15105.15204182474;5225.6232;2052.350075557142;Evaluated;5.6479;2.5891;64;True;1;
83;2;32;2;normal;1;d9d323ab6e1a;swap;18;25;;;;;;;;;;;;True;False;False;False;;ok;15280.07188340313;15280.07188340313;15280.07188340313;15105.15204182474;562;15105.15204182474;5233.4017;0.0;Evaluated;5.4083;2.3681;64;True;1;
83;2;32;3;normal;1;d9d323ab6e1a;move;;;36;10;;;;;;;;;;True;False;False;True;;ok;17314.690910356738;15280.07188340313;15280.07188340313;15105.15204182474;563;15105.15204182474;5244.9982;2034.6190269536073;Evaluated;8.9962;2.5977;64;True;2;duplicate_for_same_parent_sequence
83;2;32;4;normal;1;d9d323ab6e1a;move;;;49;52;;;;;;;;;;True;False;False;False;;ok;15844.984887801607;15280.07188340313;15280.07188340313;15105.15204182474;564;15105.15204182474;5252.5934;564.9130043984769;Evaluated;5.2176;2.3742;64;True;1;
83;2;32;5;normal;1;d9d323ab6e1a;move;;;50;28;;;;;;;;;;True;False;False;True;;ok;15305.903440608461;15280.07188340313;15280.07188340313;15105.15204182474;565;15105.15204182474;5260.1384;25.831557205330682;Evaluated;5.1637;2.3782;64;True;1;
83;2;32;;normal;2;;;;;;;;;;;;;;;;;;;;;End-of-iteration summary row;;;15280.07188340313;15105.15204182474;565;15105.15204182474;5260.1398;;IterationSummary;;;;;;
84;2;33;1;normal;2;d9d323ab6e1a;move;;;8;3;;;;;;;;;;True;False;False;False;;ok;17878.628513904772;15280.07188340313;15280.07188340313;15105.15204182474;566;15105.15204182474;5271.6937;2598.556630501642;Evaluated;8.952;2.5892;64;True;2;duplicate_for_same_parent_sequence
84;2;33;2;normal;2;d9d323ab6e1a;swap;16;20;;;;;;;;;;;;True;False;False;False;;ok;16738.298057816373;15280.07188340313;15280.07188340313;15105.15204182474;567;15105.15204182474;5283.0266;1458.226174413243;Evaluated;8.9381;2.3917;64;True;2;duplicate_for_same_parent_sequence
84;2;33;3;normal;2;d9d323ab6e1a;move;;;35;10;;;;;;;;;;True;False;False;True;;ok;17819.774529516424;15280.07188340313;15280.07188340313;15105.15204182474;568;15105.15204182474;5294.3711;2539.7026461132937;Evaluated;8.7543;2.5863;64;True;2;duplicate_for_same_parent_sequence
84;2;33;4;normal;2;d9d323ab6e1a;move;;;48;52;;;;;;;;;;True;False;False;False;;ok;15896.052961472928;15280.07188340313;15280.07188340313;15105.15204182474;569;15105.15204182474;5302.185;615.9810780697971;Evaluated;5.433;2.3776;64;True;1;
84;2;33;5;normal;2;d9d323ab6e1a;move;;;49;36;;;;;;;;;;True;False;False;True;;ok;15639.378201661732;15280.07188340313;15280.07188340313;15105.15204182474;570;15105.15204182474;5313.1365;359.3063182586011;Evaluated;8.5703;2.3782;64;True;2;duplicate_for_same_parent_sequence
84;2;33;;normal;3;;;;;;;;;;;;;;;;;;;;;End-of-iteration summary row;;;15280.07188340313;15105.15204182474;570;15105.15204182474;5313.1394;;IterationSummary;;;;;;
85;2;34;1;diversification;3;d9d323ab6e1a;move;;;25;10;;;;;;;;;;True;False;False;True;;ok;17797.05652460037;15280.07188340313;15280.07188340313;15105.15204182474;571;15105.15204182474;5328.5709;2516.984641197241;Evaluated;12.8208;2.5949;64;True;3;duplicate_for_same_parent_sequence
85;2;34;2;diversification;3;d9d323ab6e1a;reinsert_block;;;;;;;20;25;16;;;;;True;False;False;False;;ok;16878.903137315654;15280.07188340313;15280.07188340313;15105.15204182474;572;15105.15204182474;5336.5284;1598.8312539125236;Evaluated;5.5721;2.3824;64;True;1;
85;2;34;3;diversification;3;d9d323ab6e1a;swap;40;25;;;;;;;;;;;;True;False;False;True;;ok;16266.708437393765;15280.07188340313;15280.07188340313;15105.15204182474;573;15105.15204182474;5344.2155;986.6365539906346;Evaluated;5.2918;2.3927;64;True;1;
85;2;34;4;diversification;3;d9d323ab6e1a;move;;;20;10;;;;;;;;;;True;False;False;True;;ok;17686.447345048593;15280.07188340313;15280.07188340313;15105.15204182474;574;15105.15204182474;5355.7529;2406.3754616454626;Evaluated;8.9472;2.5893;64;True;2;duplicate_for_same_parent_sequence
85;2;34;5;diversification;3;d9d323ab6e1a;swap;8;35;;;;;;;;;;;;True;False;False;True;;ok;17498.588833768677;15280.07188340313;15280.07188340313;15105.15204182474;575;15105.15204182474;5367.2876;2218.516950365547;Evaluated;8.945;2.5871;64;True;2;duplicate_for_same_parent_sequence
85;2;34;6;diversification;3;d9d323ab6e1a;move;;;40;25;;;;;;;;;;True;False;False;True;;ok;15304.342267967086;15280.07188340313;15280.07188340313;15105.15204182474;576;15105.15204182474;5375.0009;24.270384563955304;Evaluated;5.3366;2.3737;64;True;1;
85;2;34;7;diversification;3;d9d323ab6e1a;swap;30;50;;;;;;;;;;;;True;False;False;True;;ok;15280.07188340313;15280.07188340313;15280.07188340313;15105.15204182474;577;15105.15204182474;5385.7599;0.0;Evaluated;8.3882;2.3679;64;True;2;duplicate_for_same_parent_sequence
85;2;34;8;diversification;3;d9d323ab6e1a;swap;8;3;;;;;;;;;;;;True;False;False;False;;ok;17414.396656694156;15280.07188340313;15280.07188340313;15105.15204182474;578;15105.15204182474;5397.0202;2134.324773291026;Evaluated;8.667;2.5907;64;True;2;duplicate_for_same_parent_sequence
85;2;34;9;diversification;3;d9d323ab6e1a;move;;;25;30;;;;;;;;;;True;False;False;False;;ok;16285.635256750416;15280.07188340313;15280.07188340313;15105.15204182474;579;15105.15204182474;5404.7384;1005.563373347286;Evaluated;5.3258;2.3911;64;True;1;
85;2;34;10;diversification;3;d9d323ab6e1a;swap;41;53;;;;;;;;;;;;True;False;False;True;;ok;16155.154782591158;15280.07188340313;15280.07188340313;15105.15204182474;580;15105.15204182474;5415.8654;875.082899188028;Evaluated;8.7421;2.3818;64;True;2;duplicate_for_same_parent_sequence
85;2;34;;diversification;4;;;;;;;;;;;;;;;;;;;;;End-of-iteration summary row;;;15280.07188340313;15105.15204182474;580;15105.15204182474;5415.8684;;IterationSummary;;;;;;
86;2;35;1;diversification;4;d9d323ab6e1a;move;;;18;35;;;;;;;;;;True;False;False;True;;ok;16449.67647495763;15280.07188340313;15280.07188340313;15105.15204182474;581;15105.15204182474;5424.0118;1169.6045915544983;Evaluated;5.7069;2.4206;64;True;1;
86;2;35;2;diversification;4;d9d323ab6e1a;reinsert_block;;;;;;;18;23;5;;;;;True;False;False;True;;ok;17891.53138674769;15280.07188340313;15280.07188340313;15105.15204182474;582;15105.15204182474;5432.0238;2611.4595033445603;Evaluated;5.4242;2.5853;64;True;1;
86;2;35;3;diversification;4;d9d323ab6e1a;swap;35;42;;;;;;;;;;;;True;False;False;False;;ok;15280.07188340313;15280.07188340313;15280.07188340313;15105.15204182474;583;15105.15204182474;5439.7254;0.0;Evaluated;5.3186;2.3799;64;True;1;
86;2;35;4;diversification;4;d9d323ab6e1a;move;;;50;48;;;;;;;;;;True;False;False;False;;ok;15283.315035170244;15280.07188340313;15280.07188340313;15105.15204182474;584;15105.15204182474;5447.36;3.2431517671138863;Evaluated;5.2607;2.3712;64;True;1;
86;2;35;5;diversification;4;d9d323ab6e1a;swap;35;48;;;;;;;;;;;;True;False;False;True;;ok;15280.07188340313;15280.07188340313;15280.07188340313;15105.15204182474;585;15105.15204182474;5458.5135;0.0;Evaluated;8.7849;2.3654;64;True;2;duplicate_for_same_parent_sequence
86;2;35;6;diversification;4;d9d323ab6e1a;move;;;42;50;;;;;;;;;;True;False;False;False;;ok;15703.173688155264;15280.07188340313;15280.07188340313;15105.15204182474;586;15105.15204182474;5466.1308;423.10180475213383;Evaluated;5.2499;2.3648;64;True;1;
86;2;35;7;diversification;4;d9d323ab6e1a;move;;;42;15;;;;;;;;;;True;False;False;True;;ok;16462.258555050757;15280.07188340313;15280.07188340313;15105.15204182474;587;15105.15204182474;5473.7109;1182.186671647627;Evaluated;5.1835;2.393;64;True;1;
86;2;35;8;diversification;4;d9d323ab6e1a;move;;;20;10;;;;;;;;;;False;True;False;;;ok;;15280.07188340313;15280.07188340313;15105.15204182474;587;15105.15204182474;5486.0976;;DuplicateForSameParentSequenceAfterRetries;12.384;;;;3;duplicate_for_same_parent_sequence
86;2;35;9;diversification;4;d9d323ab6e1a;move;;;30;45;;;;;;;;;;True;False;False;True;;ok;15338.90102628311;15280.07188340313;15280.07188340313;15105.15204182474;588;15105.15204182474;5497.3597;58.82914287998028;Evaluated;8.8731;2.3878;64;True;2;duplicate_for_same_parent_sequence
86;2;35;10;diversification;4;d9d323ab6e1a;move;;;41;50;;;;;;;;;;True;False;False;False;;ok;15295.862575771735;15280.07188340313;15280.07188340313;15105.15204182474;589;15105.15204182474;5505.0821;15.790692368604141;Evaluated;5.3429;2.3762;64;True;1;
86;2;35;;diversification;5;;;;;;;;;;;;;;;;;;;;;End-of-iteration summary row;;;15280.07188340313;15105.15204182474;589;15105.15204182474;5505.0849;;IterationSummary;;;;;;
87;2;36;1;diversification;5;d9d323ab6e1a;move;;;5;20;;;;;;;;;;True;False;False;True;;ok;16993.973449615652;15280.07188340313;15280.07188340313;15105.15204182474;590;15105.15204182474;5513.3398;1713.901566212522;Evaluated;5.6545;2.5867;64;True;1;
87;2;36;2;diversification;5;d9d323ab6e1a;move;;;49;28;;;;;;;;;;True;False;False;True;;ok;15672.81063036955;15280.07188340313;15280.07188340313;15105.15204182474;591;15105.15204182474;5524.8184;392.73874696641906;Evaluated;9.1038;2.3715;64;True;2;duplicate_for_same_parent_sequence
87;2;36;3;diversification;5;d9d323ab6e1a;swap;38;47;;;;;;;;;;;;True;False;False;False;;ok;15972.528954999361;15280.07188340313;15280.07188340313;15105.15204182474;592;15105.15204182474;5535.9055;692.4570715962309;Evaluated;8.7036;2.3804;64;True;2;duplicate_for_same_parent_sequence
87;2;36;4;diversification;5;d9d323ab6e1a;move;;;50;28;;;;;;;;;;False;True;False;;;ok;;15280.07188340313;15280.07188340313;15105.15204182474;592;15105.15204182474;5547.9108;;DuplicateForSameParentSequenceAfterRetries;12.0018;;;;3;duplicate_for_same_parent_sequence
87;2;36;5;diversification;5;d9d323ab6e1a;move;;;35;48;;;;;;;;;;True;False;False;True;;ok;15699.981914028176;15280.07188340313;15280.07188340313;15105.15204182474;593;15105.15204182474;5559.3257;419.9100306250457;Evaluated;9.0334;2.3804;64;True;2;duplicate_for_same_parent_sequence
87;2;36;6;diversification;5;d9d323ab6e1a;move;;;32;60;;;;;;;;;;True;False;False;True;;ok;15289.276077350221;15280.07188340313;15280.07188340313;15105.15204182474;594;15105.15204182474;5570.4629;9.204193947090971;Evaluated;8.758;2.3762;64;True;2;duplicate_for_same_parent_sequence
87;2;36;7;diversification;5;d9d323ab6e1a;move;;;25;40;;;;;;;;;;True;False;False;True;;ok;16251.171330045396;15280.07188340313;15280.07188340313;15105.15204182474;595;15105.15204182474;5578.0843;971.0994466422653;Evaluated;5.2244;2.3963;64;True;1;
87;2;36;8;diversification;5;d9d323ab6e1a;move;;;20;15;;;;;;;;;;True;False;False;False;;ok;16753.82984824257;15280.07188340313;15280.07188340313;15105.15204182474;596;15105.15204182474;5585.6792;1473.7579648394403;Evaluated;5.2214;2.3728;64;True;1;
87;2;36;9;diversification;5;d9d323ab6e1a;move;;;18;24;;;;;;;;;;True;False;False;False;;ok;16914.462329058457;15280.07188340313;15280.07188340313;15105.15204182474;597;15105.15204182474;5596.6813;1634.3904456553264;Evaluated;8.6165;2.385;64;True;2;duplicate_for_same_parent_sequence
87;2;36;10;diversification;5;d9d323ab6e1a;swap;40;52;;;;;;;;;;;;True;False;False;True;;ok;15845.94856419427;15280.07188340313;15280.07188340313;15105.15204182474;598;15105.15204182474;5604.2953;565.8766807911397;Evaluated;5.2395;2.3716;64;True;1;
87;2;36;;diversification;6;;;;;;;;;;;;;;;;;;;;;End-of-iteration summary row;;;15280.07188340313;15105.15204182474;598;15105.15204182474;5604.2987;;IterationSummary;;;;;;
88;2;37;1;diversification;6;d9d323ab6e1a;move;;;10;5;;;;;;;;;;True;False;False;False;;ok;17027.39391259761;15280.07188340313;15280.07188340313;15105.15204182474;599;15105.15204182474;5612.2862;1747.32202919448;Evaluated;5.5851;2.3923;64;True;1;
88;2;37;2;diversification;6;d9d323ab6e1a;reinsert_block;;;;;;;18;24;35;;;;;True;False;False;True;;ok;15776.594146813937;15280.07188340313;15280.07188340313;15105.15204182474;600;15105.15204182474;5620.2168;496.5222634108068;Evaluated;5.555;2.373;64;True;1;
88;2;37;3;diversification;6;d9d323ab6e1a;swap;32;45;;;;;;;;;;;;True;False;False;True;;ok;17164.25131313084;15280.07188340313;15280.07188340313;15105.15204182474;601;15105.15204182474;5636.1094;1884.1794297277102;Evaluated;13.3298;2.5597;64;True;3;duplicate_for_same_parent_sequence
88;2;37;4;diversification;6;d9d323ab6e1a;move;;;56;30;;;;;;;;;;True;False;False;True;;ok;15404.36712192735;15280.07188340313;15280.07188340313;15105.15204182474;602;15105.15204182474;5647.3321;124.2952385242188;Evaluated;8.8722;2.3472;64;True;2;duplicate_for_same_parent_sequence
88;2;37;5;diversification;6;d9d323ab6e1a;move;;;5;20;;;;;;;;;;False;True;False;;;ok;;15280.07188340313;15280.07188340313;15105.15204182474;602;15105.15204182474;5659.6531;;DuplicateForSameParentSequenceAfterRetries;12.3179;;;;3;duplicate_for_same_parent_sequence
88;2;37;6;diversification;6;d9d323ab6e1a;reinsert_block;;;;;;;34;41;60;;;;;True;False;False;True;;ok;16475.862199704912;15280.07188340313;15280.07188340313;15105.15204182474;603;15105.15204182474;5671.2667;1195.7903163017818;Evaluated;9.2724;2.3402;64;True;2;duplicate_for_same_parent_sequence
88;2;37;7;diversification;6;d9d323ab6e1a;move;;;27;10;;;;;;;;;;True;False;False;True;;ok;17392.217211553318;15280.07188340313;15280.07188340313;15105.15204182474;604;15105.15204182474;5679.0119;2112.145328150187;Evaluated;5.188;2.5566;64;True;1;
88;2;37;8;diversification;6;d9d323ab6e1a;move;;;8;15;;;;;;;;;;True;False;False;False;;ok;17662.7179542622;15280.07188340313;15280.07188340313;15105.15204182474;605;15105.15204182474;5686.7901;2382.6460708590694;Evaluated;5.229;2.5478;64;True;1;
88;2;37;9;diversification;6;d9d323ab6e1a;move;;;28;35;;;;;;;;;;True;False;False;False;;ok;16206.828834391035;15280.07188340313;15280.07188340313;15105.15204182474;606;15105.15204182474;5694.665;926.7569509879049;Evaluated;5.5111;2.3614;64;True;1;
88;2;37;10;diversification;6;d9d323ab6e1a;move;;;45;52;;;;;;;;;;True;False;False;False;;ok;15844.020126227873;15280.07188340313;15280.07188340313;15105.15204182474;607;15105.15204182474;5702.2539;563.9482428247429;Evaluated;5.2252;2.3611;64;True;1;
88;2;37;;diversification;7;;;;;;;;;;;;;;;;;;;;;End-of-iteration summary row;;;15280.07188340313;15105.15204182474;607;15105.15204182474;5702.2574;;IterationSummary;;;;;;
89;2;38;1;diversification;7;d9d323ab6e1a;move;;;13;25;;;;;;;;;;True;False;False;True;;ok;17112.451522140218;15280.07188340313;15280.07188340313;15105.15204182474;608;15105.15204182474;5710.469;1832.3796387370876;Evaluated;5.6451;2.5514;64;True;1;
89;2;38;2;diversification;7;d9d323ab6e1a;move;;;30;17;;;;;;;;;;True;False;False;True;;ok;15331.637550326728;15280.07188340313;15280.07188340313;15105.15204182474;609;15105.15204182474;5721.7753;51.565666923597746;Evaluated;8.9702;2.3328;64;True;2;duplicate_for_same_parent_sequence
89;2;38;3;diversification;7;d9d323ab6e1a;swap;38;41;;;;;;;;;;;;True;False;False;False;;ok;15316.194616509523;15280.07188340313;15280.07188340313;15105.15204182474;610;15105.15204182474;5732.7273;36.12273310639284;Evaluated;8.6185;2.3303;64;True;2;duplicate_for_same_parent_sequence
89;2;38;4;diversification;7;d9d323ab6e1a;move;;;50;28;;;;;;;;;;False;True;False;;;ok;;15280.07188340313;15280.07188340313;15105.15204182474;610;15105.15204182474;5745.0696;;DuplicateForSameParentSequenceAfterRetries;12.3398;;;;3;duplicate_for_same_parent_sequence
89;2;38;5;diversification;7;d9d323ab6e1a;move;;;30;5;;;;;;;;;;True;False;False;True;;ok;17307.889099979002;15280.07188340313;15280.07188340313;15105.15204182474;611;15105.15204182474;5756.5758;2027.8172165758715;Evaluated;8.948;2.5571;64;True;2;duplicate_for_same_parent_sequence
89;2;38;6;diversification;7;d9d323ab6e1a;move;;;50;36;;;;;;;;;;True;False;False;True;;ok;15789.34016092315;15280.07188340313;15280.07188340313;15105.15204182474;612;15105.15204182474;5764.2247;509.2682775200192;Evaluated;5.296;2.3491;64;True;1;
89;2;38;7;diversification;7;d9d323ab6e1a;move;;;20;35;;;;;;;;;;True;False;False;True;;ok;17175.0196941319;15280.07188340313;15280.07188340313;15105.15204182474;613;15105.15204182474;5771.9506;1894.9478107287705;Evaluated;5.1745;2.5476;64;True;1;
89;2;38;8;diversification;7;d9d323ab6e1a;move;;;18;30;;;;;;;;;;True;False;False;True;;ok;16445.493180450485;15280.07188340313;15280.07188340313;15105.15204182474;614;15105.15204182474;5779.5706;1165.4212970473545;Evaluated;5.2784;2.3388;64;True;1;
89;2;38;9;diversification;7;d9d323ab6e1a;move;;;40;18;;;;;;;;;;True;False;False;True;;ok;16473.70063301219;15280.07188340313;15280.07188340313;15105.15204182474;615;15105.15204182474;5790.5676;1193.6287496090608;Evaluated;8.6568;2.3374;64;True;2;duplicate_for_same_parent_sequence
89;2;38;10;diversification;7;d9d323ab6e1a;move;;;52;40;;;;;;;;;;True;False;False;True;;ok;16249.660727877075;15280.07188340313;15280.07188340313;15105.15204182474;616;15105.15204182474;5798.1934;969.5888444739448;Evaluated;5.2786;2.3442;64;True;1;
89;2;38;;diversification;8;;;;;;;;;;;;;;;;;;;;;End-of-iteration summary row;;;15280.07188340313;15105.15204182474;616;15105.15204182474;5798.1967;;IterationSummary;;;;;;
90;2;39;1;diversification;8;d9d323ab6e1a;move;;;8;4;;;;;;;;;;True;False;False;False;;ok;17878.628513904772;15280.07188340313;15280.07188340313;15105.15204182474;617;15105.15204182474;5809.7836;2598.556630501642;Evaluated;9.0155;2.5566;64;True;2;duplicate_for_same_parent_sequence
90;2;39;2;diversification;8;d9d323ab6e1a;reinsert_block;;;;;;;18;25;30;;;;;True;False;False;False;;ok;16546.04901479716;15280.07188340313;15280.07188340313;15105.15204182474;618;15105.15204182474;5817.7168;1265.977131394031;Evaluated;5.5794;2.3501;64;True;1;
90;2;39;3;diversification;8;d9d323ab6e1a;swap;35;42;;;;;;;;;;;;False;True;True;;;ok;;15280.07188340313;15280.07188340313;15105.15204182474;618;15105.15204182474;5830.3408;;DuplicateForSameParentSequenceAfterRetries;12.6208;;;;3;duplicate_for_same_parent_sequence
90;2;39;4;diversification;8;d9d323ab6e1a;move;;;52;48;;;;;;;;;;True;False;False;False;;ok;15834.397445413944;15280.07188340313;15280.07188340313;15105.15204182474;619;15105.15204182474;5837.9393;554.3255620108139;Evaluated;5.2524;2.3451;64;True;1;
90;2;39;5;diversification;8;d9d323ab6e1a;move;;;18;3;;;;;;;;;;True;False;False;True;;ok;17868.83951701892;15280.07188340313;15280.07188340313;15105.15204182474;620;15105.15204182474;5849.2622;2588.767633615791;Evaluated;8.7617;2.558;64;True;2;duplicate_for_same_parent_sequence
90;2;39;6;diversification;8;d9d323ab6e1a;move;;;52;18;;;;;;;;;;True;False;False;True;;ok;16988.20855517362;15280.07188340313;15280.07188340313;15105.15204182474;621;15105.15204182474;5857.1657;1708.1366717704896;Evaluated;5.354;2.5468;64;True;1;
90;2;39;7;diversification;8;d9d323ab6e1a;move;;;6;25;;;;;;;;;;True;False;False;True;;ok;17050.34924320363;15280.07188340313;15280.07188340313;15105.15204182474;622;15105.15204182474;5864.9068;1770.2773598004987;Evaluated;5.1799;2.5577;64;True;1;
90;2;39;8;diversification;8;d9d323ab6e1a;move;;;10;25;;;;;;;;;;True;False;False;True;;ok;17235.18868201984;15280.07188340313;15280.07188340313;15105.15204182474;623;15105.15204182474;5872.7464;1955.116798616711;Evaluated;5.2814;2.5547;64;True;1;
90;2;39;9;diversification;8;d9d323ab6e1a;move;;;15;4;;;;;;;;;;True;False;False;True;;ok;17872.42480160043;15280.07188340313;15280.07188340313;15105.15204182474;624;15105.15204182474;5884.2336;2592.352918197301;Evaluated;8.9166;2.5679;64;True;2;duplicate_for_same_parent_sequence
90;2;39;10;diversification;8;d9d323ab6e1a;move;;;40;52;;;;;;;;;;True;False;False;True;;ok;15457.930090773476;15280.07188340313;15280.07188340313;15105.15204182474;625;15105.15204182474;5891.9791;177.85820737034555;Evaluated;5.3625;2.3802;64;True;1;
90;2;39;;diversification;9;;;;;;;;;;;;;;;;;;;;;End-of-iteration summary row;;;15280.07188340313;15105.15204182474;625;15105.15204182474;5891.9804;;IterationSummary;;;;;;
91;2;40;1;diversification;9;d9d323ab6e1a;move;;;8;4;;;;;;;;;;False;True;False;;;ok;;15280.07188340313;15280.07188340313;15105.15204182474;625;15105.15204182474;5904.4873;;DuplicateForSameParentSequenceAfterRetries;12.5003;;;;3;duplicate_for_same_parent_sequence
91;2;40;2;diversification;9;d9d323ab6e1a;reinsert_block;;;;;;;20;25;4;;;;;True;False;False;True;;ok;17478.65419640217;15280.07188340313;15280.07188340313;15105.15204182474;626;15105.15204182474;5912.5969;2198.5823129990404;Evaluated;5.5573;2.5511;64;True;1;
91;2;40;3;diversification;9;d9d323ab6e1a;swap;36;40;;;;;;;;;;;;True;False;False;False;;ok;15296.930646637407;15280.07188340313;15280.07188340313;15105.15204182474;627;15105.15204182474;5923.8278;16.85876323427692;Evaluated;8.8899;2.3383;64;True;2;duplicate_for_same_parent_sequence
91;2;40;4;diversification;9;d9d323ab6e1a;move;;;48;12;;;;;;;;;;True;False;False;True;;ok;17186.265879469916;15280.07188340313;15280.07188340313;15105.15204182474;628;15105.15204182474;5935.128;1906.193996066786;Evaluated;8.7457;2.5516;64;True;2;duplicate_for_same_parent_sequence
91;2;40;5;diversification;9;d9d323ab6e1a;move;;;20;5;;;;;;;;;;True;False;False;True;;ok;17557.673458481746;15280.07188340313;15280.07188340313;15105.15204182474;629;15105.15204182474;5943.2812;2277.6015750786155;Evaluated;5.5999;2.5511;64;True;1;
91;2;40;6;diversification;9;d9d323ab6e1a;swap;50;61;;;;;;;;;;;;True;False;False;False;;ok;15315.047166450502;15280.07188340313;15280.07188340313;15105.15204182474;630;15105.15204182474;5950.9048;34.975283047371704;Evaluated;5.279;2.3415;64;True;1;
91;2;40;7;diversification;9;d9d323ab6e1a;move;;;20;10;;;;;;;;;;False;True;False;;;ok;;15280.07188340313;15280.07188340313;15105.15204182474;630;15105.15204182474;5963.3844;;DuplicateForSameParentSequenceAfterRetries;12.4765;;;;3;duplicate_for_same_parent_sequence
91;2;40;8;diversification;9;d9d323ab6e1a;swap;18;30;;;;;;;;;;;;True;False;False;True;;ok;16455.238327779913;15280.07188340313;15280.07188340313;15105.15204182474;631;15105.15204182474;5977.4948;1175.1664443767822;Evaluated;11.7728;2.3365;64;True;3;duplicate_for_same_parent_sequence
91;2;40;9;diversification;9;d9d323ab6e1a;move;;;30;18;;;;;;;;;;True;False;False;True;;ok;16897.65751634854;15280.07188340313;15280.07188340313;15105.15204182474;632;15105.15204182474;5988.8028;1617.585632945409;Evaluated;8.748;2.557;64;True;2;duplicate_for_same_parent_sequence
91;2;40;10;diversification;9;d9d323ab6e1a;move;;;45;30;;;;;;;;;;True;False;False;True;;ok;17369.924185908767;15280.07188340313;15280.07188340313;15105.15204182474;633;15105.15204182474;5996.72;2089.8523025056365;Evaluated;5.3622;2.5506;64;True;1;
91;3;0;;diversification;0;;;;;;;;;;;;;;;;;;;;;End-of-iteration summary row;;;16641.404845676683;15105.15204182474;634;15105.15204182474;5999.0947;;IterationSummary;;;;;;
92;3;1;1;normal;0;0f63cf6f404e;move;;;5;10;;;;;;;;;;True;False;False;False;;ok;17532.182049666284;16641.404845676683;16641.404845676683;15105.15204182474;635;15105.15204182474;6006.9919;890.7772039896008;Evaluated;5.3368;2.5549;64;True;1;
92;3;1;2;normal;0;0f63cf6f404e;swap;20;30;;;;;;;;;;;;True;False;False;False;;ok;17208.324876631246;16641.404845676683;16641.404845676683;15105.15204182474;636;15105.15204182474;6014.5937;566.9200309545631;Evaluated;5.0452;2.5536;64;True;1;
92;3;1;3;normal;0;0f63cf6f404e;reinsert_block;;;;;;;32;38;48;;;;;True;False;False;True;;ok;15916.704140831214;16641.404845676683;16641.404845676683;15105.15204182474;637;15105.15204182474;6021.8796;-724.7007048454689;Evaluated;4.9376;2.3455;64;True;1;
92;3;1;4;normal;0;0f63cf6f404e;move;;;50;12;;;;;;;;;;True;False;False;True;;ok;17906.49231955332;16641.404845676683;16641.404845676683;15105.15204182474;638;15105.15204182474;6029.3467;1265.087473876636;Evaluated;4.8917;2.5725;64;True;1;
92;3;1;5;normal;0;0f63cf6f404e;move;;;18;24;;;;;;;;;;True;False;False;False;;ok;17547.8365059344;16641.404845676683;16641.404845676683;15105.15204182474;639;15105.15204182474;6036.7189;906.4316602577164;Evaluated;4.8234;2.5452;64;True;1;
92;3;1;;normal;0;;;;;;;;;;;;;;;;;;;;;End-of-iteration summary row;;;15916.704140831214;15105.15204182474;639;15105.15204182474;6036.7355;;IterationSummary;;;;;;
93;3;2;1;normal;0;c93891ee9eb6;move;;;10;5;;;;;;;;;;True;False;False;False;;ok;16502.82640526381;15916.704140831214;15916.704140831214;15105.15204182474;640;15105.15204182474;6044.5067;586.1222644325971;Evaluated;5.4298;2.3363;64;True;1;
93;3;2;2;normal;0;c93891ee9eb6;swap;20;30;;;;;;;;;;;;True;False;False;False;;ok;17197.778757983528;15916.704140831214;15916.704140831214;15105.15204182474;641;15105.15204182474;6052.2466;1281.0746171523133;Evaluated;5.1853;2.5518;64;True;1;
93;3;2;3;normal;0;c93891ee9eb6;reinsert_block;;;;;;;35;41;28;;;;;True;False;False;False;;ok;17224.308465513725;15916.704140831214;15916.704140831214;15105.15204182474;642;15105.15204182474;6060.4723;1307.6043246825102;Evaluated;5.6893;2.5335;64;True;1;
93;3;2;4;normal;0;c93891ee9eb6;move;;;50;10;;;;;;;;;;True;False;False;True;;ok;17934.11669631917;15916.704140831214;15916.704140831214;15105.15204182474;643;15105.15204182474;6068.245;2017.4125554879574;Evaluated;5.2081;2.5639;64;True;1;
93;3;2;5;normal;0;c93891ee9eb6;move;;;50;12;;;;;;;;;;True;False;False;True;;ok;17934.11669631917;15916.704140831214;15916.704140831214;15105.15204182474;644;15105.15204182474;6076.0024;2017.4125554879574;Evaluated;5.1998;2.5543;64;True;1;
93;3;2;;normal;1;;;;;;;;;;;;;;;;;;;;;End-of-iteration summary row;;;15916.704140831214;15105.15204182474;644;15105.15204182474;6076.0053;;IterationSummary;;;;;;
94;3;3;1;normal;1;c93891ee9eb6;move;;;7;3;;;;;;;;;;True;False;False;False;;ok;17896.66612162618;15916.704140831214;15916.704140831214;15105.15204182474;645;15105.15204182474;6087.8248;1979.961980794964;Evaluated;9.2288;2.5818;64;True;2;duplicate_for_same_parent_sequence
94;3;3;2;normal;1;c93891ee9eb6;swap;18;20;;;;;;;;;;;;True;False;False;False;;ok;17389.096857147037;15916.704140831214;15916.704140831214;15105.15204182474;646;15105.15204182474;6095.6077;1472.3927163158223;Evaluated;5.2358;2.5442;64;True;1;
94;3;3;3;normal;1;c93891ee9eb6;reinsert_block;;;;;;;32;35;48;;;;;True;False;False;True;;ok;16090.045018296645;15916.704140831214;15916.704140831214;15105.15204182474;647;15105.15204182474;6103.5023;173.34087746543082;Evaluated;5.5406;2.3514;64;True;1;
94;3;3;4;normal;1;c93891ee9eb6;move;;;50;48;;;;;;;;;;True;False;False;False;;ok;15493.601085668848;15916.704140831214;15916.704140831214;15105.15204182474;648;15105.15204182474;6111.0126;-423.1030551623662;Evaluated;5.1618;2.3453;64;True;1;
94;3;3;5;normal;1;c93891ee9eb6;move;;;50;15;;;;;;;;;;True;False;False;True;;ok;17475.117724756405;15916.704140831214;15916.704140831214;15105.15204182474;649;15105.15204182474;6118.7822;1558.4135839251903;Evaluated;5.2218;2.5447;64;True;1;
94;3;3;;normal;0;;;;;;;;;;;;;;;;;;;;;End-of-iteration summary row;;;15493.601085668848;15105.15204182474;649;15105.15204182474;6118.7947;;IterationSummary;;;;;;
95;3;4;1;normal;0;43fffe08db75;move;;;7;3;;;;;;;;;;True;False;False;False;;ok;17446.79319072135;15493.601085668848;15493.601085668848;15105.15204182474;650;15105.15204182474;6126.8234;1953.1921050525016;Evaluated;5.4699;2.5526;64;True;1;
95;3;4;2;normal;0;43fffe08db75;swap;17;25;;;;;;;;;;;;True;False;False;False;;ok;15493.601085668848;15493.601085668848;15493.601085668848;15105.15204182474;651;15105.15204182474;6134.4009;0.0;Evaluated;5.2326;2.3421;64;True;1;
95;3;4;3;normal;0;43fffe08db75;reinsert_block;;;;;;;34;38;20;;;;;True;False;False;True;;ok;17588.719520465;15493.601085668848;15493.601085668848;15105.15204182474;652;15105.15204182474;6142.4913;2095.1184347961535;Evaluated;5.5435;2.5442;64;True;1;
95;3;4;4;normal;0;43fffe08db75;move;;;50;20;;;;;;;;;;True;False;False;True;;ok;16637.03515165571;15493.601085668848;15493.601085668848;15105.15204182474;653;15105.15204182474;6150.2439;1143.4340659868612;Evaluated;5.3982;2.3514;64;True;1;
95;3;4;5;normal;0;43fffe08db75;move;;;25;30;;;;;;;;;;True;False;False;False;;ok;16200.032192009909;15493.601085668848;15493.601085668848;15105.15204182474;654;15105.15204182474;6157.7643;706.4311063410605;Evaluated;5.1789;2.3405;64;True;1;
95;3;4;;normal;1;;;;;;;;;;;;;;;;;;;;;End-of-iteration summary row;;;15493.601085668848;15105.15204182474;654;15105.15204182474;6157.7673;;IterationSummary;;;;;;
96;3;5;1;normal;1;43fffe08db75;move;;;10;5;;;;;;;;;;True;False;False;False;;ok;16034.759262690493;15493.601085668848;15493.601085668848;15105.15204182474;655;15105.15204182474;6168.9154;541.1581770216453;Evaluated;8.7884;2.353;64;True;2;duplicate_for_same_parent_sequence
96;3;5;2;normal;1;43fffe08db75;swap;20;25;;;;;;;;;;;;True;False;False;False;;ok;16205.320878948698;15493.601085668848;15493.601085668848;15105.15204182474;656;15105.15204182474;6176.425;711.7197932798499;Evaluated;5.1413;2.3658;64;True;1;
96;3;5;3;normal;1;43fffe08db75;reinsert_block;;;;;;;35;40;20;;;;;True;False;False;True;;ok;17373.735451012617;15493.601085668848;15493.601085668848;15105.15204182474;657;15105.15204182474;6184.4987;1880.1343653437689;Evaluated;5.5242;2.5463;64;True;1;
96;3;5;4;normal;1;43fffe08db75;move;;;62;50;;;;;;;;;;True;False;False;True;;ok;15521.671590762598;15493.601085668848;15493.601085668848;15105.15204182474;658;15105.15204182474;6191.9872;28.0705050937504;Evaluated;5.1409;2.3468;64;True;1;
96;3;5;5;normal;1;43fffe08db75;move;;;50;15;;;;;;;;;;True;False;False;True;;ok;15617.414620502277;15493.601085668848;15493.601085668848;15105.15204182474;659;15105.15204182474;6199.3396;123.813534833429;Evaluated;5.0217;2.3299;64;True;1;
96;3;5;;normal;2;;;;;;;;;;;;;;;;;;;;;End-of-iteration summary row;;;15493.601085668848;15105.15204182474;659;15105.15204182474;6199.3434;;IterationSummary;;;;;;
97;3;6;1;normal;2;43fffe08db75;move;;;10;2;;;;;;;;;;True;False;False;False;;ok;17797.832785735896;15493.601085668848;15493.601085668848;15105.15204182474;660;15105.15204182474;6210.7303;2304.231700067048;Evaluated;8.8204;2.5492;64;True;2;duplicate_for_same_parent_sequence
97;3;6;2;normal;2;43fffe08db75;swap;20;31;;;;;;;;;;;;True;False;False;False;;ok;16701.530896745535;15493.601085668848;15493.601085668848;15105.15204182474;661;15105.15204182474;6218.6311;1207.9298110766867;Evaluated;5.3551;2.543;64;True;1;
97;3;6;3;normal;2;43fffe08db75;move;;;62;5;;;;;;;;;;True;False;False;True;;ok;17192.38417194628;15493.601085668848;15493.601085668848;15105.15204182474;662;15105.15204182474;6230.3604;1698.7830862774317;Evaluated;9.1852;2.5409;64;True;2;duplicate_for_same_parent_sequence
97;3;6;4;normal;2;43fffe08db75;move;;;50;18;;;;;;;;;;True;False;False;True;;ok;15614.405580949835;15493.601085668848;15493.601085668848;15105.15204182474;663;15105.15204182474;6237.9449;120.80449528098688;Evaluated;5.2412;2.3406;64;True;1;
97;3;6;5;normal;2;43fffe08db75;move;;;25;10;;;;;;;;;;True;False;False;True;;ok;16297.702631203849;15493.601085668848;15493.601085668848;15105.15204182474;664;15105.15204182474;6245.7297;804.1015455350007;Evaluated;5.4448;2.3369;64;True;1;
97;3;6;;normal;3;;;;;;;;;;;;;;;;;;;;;End-of-iteration summary row;;;15493.601085668848;15105.15204182474;664;15105.15204182474;6245.7333;;IterationSummary;;;;;;
98;3;7;1;diversification;3;43fffe08db75;move;;;40;15;;;;;;;;;;True;False;False;True;;ok;16267.119755914533;15493.601085668848;15493.601085668848;15105.15204182474;665;15105.15204182474;6253.8743;773.5186702456849;Evaluated;5.7859;2.3398;64;True;1;
98;3;7;2;diversification;3;43fffe08db75;reinsert_block;;;;;;;18;24;5;;;;;True;False;False;True;;ok;17295.01462193443;15493.601085668848;15493.601085668848;15105.15204182474;666;15105.15204182474;6262.0029;1801.4135362655834;Evaluated;5.5872;2.5405;64;True;1;
98;3;7;3;diversification;3;43fffe08db75;swap;35;42;;;;;;;;;;;;True;False;False;False;;ok;16386.20959674637;15493.601085668848;15493.601085668848;15105.15204182474;667;15105.15204182474;6269.7865;892.6085110775202;Evaluated;5.4441;2.3387;64;True;1;
98;3;7;4;diversification;3;43fffe08db75;move;;;62;30;;;;;;;;;;True;False;False;True;;ok;15269.627799464117;15493.601085668848;15493.601085668848;15105.15204182474;668;15105.15204182474;6280.7842;-223.97328620473127;Evaluated;8.6587;2.3355;64;True;2;duplicate_for_same_parent_sequence
98;3;7;5;diversification;3;43fffe08db75;move;;;40;32;;;;;;;;;;True;False;False;False;;ok;15515.590626605774;15493.601085668848;15493.601085668848;15105.15204182474;669;15105.15204182474;6288.4083;21.98954093692555;Evaluated;5.2877;2.3353;64;True;1;
98;3;7;6;diversification;3;43fffe08db75;move;;;50;25;;;;;;;;;;True;False;False;True;;ok;15614.405580949835;15493.601085668848;15493.601085668848;15105.15204182474;670;15105.15204182474;6295.9759;120.80449528098688;Evaluated;5.2322;2.3326;64;True;1;
98;3;7;7;diversification;3;43fffe08db75;move;;;35;10;;;;;;;;;;True;False;False;True;;ok;17440.56095078186;15493.601085668848;15493.601085668848;15105.15204182474;671;15105.15204182474;6303.9936;1946.959865113011;Evaluated;5.4639;2.5509;64;True;1;
98;3;7;8;diversification;3;43fffe08db75;move;;;18;5;;;;;;;;;;True;False;False;True;;ok;16886.724065857605;15493.601085668848;15493.601085668848;15105.15204182474;672;15105.15204182474;6311.7389;1393.1229801887566;Evaluated;5.195;2.5474;64;True;1;
98;3;7;9;diversification;3;43fffe08db75;move;;;28;10;;;;;;;;;;True;False;False;True;;ok;17349.98671510743;15493.601085668848;15493.601085668848;15105.15204182474;673;15105.15204182474;6319.5004;1856.3856294385805;Evaluated;5.2055;2.5518;64;True;1;
98;3;7;10;diversification;3;43fffe08db75;move;;;50;3;;;;;;;;;;True;False;False;True;;ok;17455.108528695986;15493.601085668848;15493.601085668848;15105.15204182474;674;15105.15204182474;6327.3083;1961.507443027138;Evaluated;5.2528;2.5522;64;True;1;
98;3;7;;diversification;0;;;;;;;;;;;;;;;;;;;;;End-of-iteration summary row;;;15269.627799464117;15105.15204182474;674;15105.15204182474;6327.3207;;IterationSummary;;;;;;
99;3;8;1;normal;0;712c1d8a661f;move;;;8;3;;;;;;;;;;True;False;False;False;;ok;17109.033126468217;15269.627799464117;15269.627799464117;15105.15204182474;675;15105.15204182474;6335.7458;1839.4053270041004;Evaluated;5.8742;2.5439;64;True;1;
99;3;8;2;normal;0;712c1d8a661f;swap;18;20;;;;;;;;;;;;True;False;False;False;;ok;16578.94759562347;15269.627799464117;15269.627799464117;15105.15204182474;676;15105.15204182474;6343.3754;1309.3197961593542;Evaluated;5.2823;2.346;64;True;1;
99;3;8;3;normal;0;712c1d8a661f;reinsert_block;;;;;;;35;40;12;;;;;True;False;False;True;;ok;18467.97049450536;15269.627799464117;15269.627799464117;15105.15204182474;677;15105.15204182474;6351.4507;3198.342695041243;Evaluated;5.5177;2.5541;64;True;1;
99;3;8;4;normal;0;712c1d8a661f;move;;;50;25;;;;;;;;;;True;False;False;True;;ok;15447.66936289251;15269.627799464117;15269.627799464117;15105.15204182474;678;15105.15204182474;6358.9484;178.0415634283927;Evaluated;5.1479;2.3467;64;True;1;
99;3;8;5;normal;0;712c1d8a661f;move;;;45;20;;;;;;;;;;True;False;False;True;;ok;16405.334476524044;15269.627799464117;15269.627799464117;15105.15204182474;679;15105.15204182474;6366.5074;1135.7066770599267;Evaluated;5.2153;2.341;64;True;1;
99;3;8;;normal;1;;;;;;;;;;;;;;;;;;;;;End-of-iteration summary row;;;15269.627799464117;15105.15204182474;679;15105.15204182474;6366.5105;;IterationSummary;;;;;;
100;3;9;1;normal;1;712c1d8a661f;move;;;10;5;;;;;;;;;;True;False;False;False;;ok;16750.11005785476;15269.627799464117;15269.627799464117;15105.15204182474;680;15105.15204182474;6374.5183;1480.4822583906425;Evaluated;5.4436;2.5492;64;True;1;
100;3;9;2;normal;1;712c1d8a661f;swap;17;25;;;;;;;;;;;;True;False;False;False;;ok;15269.627799464117;15269.627799464117;15269.627799464117;15105.15204182474;681;15105.15204182474;6385.5163;0.0;Evaluated;8.65;2.3436;64;True;2;duplicate_for_same_parent_sequence
100;3;9;3;normal;1;712c1d8a661f;reinsert_block;;;;;;;32;40;15;;;;;True;False;False;True;;ok;16245.362622275225;15269.627799464117;15269.627799464117;15105.15204182474;682;15105.15204182474;6393.4136;975.7348228111077;Evaluated;5.5551;2.3392;64;True;1;
100;3;9;4;normal;1;712c1d8a661f;move;;;50;3;;;;;;;;;;True;False;False;True;;ok;17106.42610663172;15269.627799464117;15269.627799464117;15105.15204182474;683;15105.15204182474;6401.0859;1836.7983071676026;Evaluated;5.1161;2.5535;64;True;1;
100;3;9;5;normal;1;712c1d8a661f;move;;;40;15;;;;;;;;;;True;False;False;True;;ok;15926.259272849331;15269.627799464117;15269.627799464117;15105.15204182474;684;15105.15204182474;6408.3326;656.6314733852141;Evaluated;4.8973;2.3482;64;True;1;
100;3;9;;normal;2;;;;;;;;;;;;;;;;;;;;;End-of-iteration summary row;;;15269.627799464117;15105.15204182474;684;15105.15204182474;6408.3358;;IterationSummary;;;;;;
100;3;9;;;2;;;;;;;;;;;;;;;;;;;;;PartA | PartB | PartC | PartA | PartD | PartE | PartG | PartC | PartF | PartB | PartD | PartG | PartE | PartF | PartG | PartH | PartA | PartB | PartC | PartD | PartH | PartH | PartE | PartF | PartG | PartA | PartB | PartC | PartD | PartE | PartF | PartG | PartH | PartA | PartB | PartC | PartD | PartE | PartF | PartG | PartH | PartA | PartB | PartC | PartD | PartH | PartE | PartF | PartG | PartH | PartA | PartA | PartC | PartB | PartD | PartE | PartF | PartB | PartG | PartC | PartD | PartE | PartF | PartH;;;15269.627799464117;15105.15204182474;684;15105.15204182474;6408.3407;;FinalGlobalBestSequence;;;;;;
