iteration;restart_id;iteration_in_restart;candidate_in_iteration;search_mode;no_improvement_count_before_iteration;parent_sequence_signature;action;swap_i;swap_j;move_from;move_to;reverse_start;reverse_end;reinsert_block_start;reinsert_block_end;reinsert_block_to;swap_blocks_start1;swap_blocks_end1;swap_blocks_start2;swap_blocks_end2;valid;duplicate_for_same_parent_sequence;recently_rejected_for_same_parent_sequence;diversification_compatible;parse_error;validation_message;resulting_makespan;best_makespan_before;best_makespan_after;global_best_makespan_after;completed_simulations;actual_global_best_makespan;elapsed_optimization_time_sec;delta_vs_best_before;status;llm_time_sec;simulation_time_sec;exited_parts;completion_valid;llm_attempts;retry_reason
1;1;1;1;normal;0;0f63cf6f404e;move;;;5;10;;;;;;;;;;True;False;False;False;;ok;17532.182049666284;16641.404845676683;16641.404845676683;16641.404845676683;2;16641.404845676683;17.3965;890.7772039896008;Evaluated;14.9542;2.4306;64;True;1;
1;1;1;2;normal;0;0f63cf6f404e;swap;18;20;;;;;;;;;;;;True;False;False;False;;ok;17394.129398115478;16641.404845676683;16641.404845676683;16641.404845676683;3;16641.404845676683;24.6679;752.7245524387945;Evaluated;4.838;2.4302;64;True;1;
1;1;1;3;normal;0;0f63cf6f404e;reinsert_block;;;;;;;35;40;20;;;;;True;False;False;True;;ok;16798.161148674848;16641.404845676683;16641.404845676683;16641.404845676683;4;16641.404845676683;32.004;156.75630299816476;Evaluated;4.9042;2.4293;64;True;1;
1;1;1;4;normal;0;0f63cf6f404e;move;;;50;49;;;;;;;;;;True;False;False;False;;ok;16187.814598926165;16641.404845676683;16641.404845676683;16641.404845676683;5;16641.404845676683;39.093;-453.5902467505184;Evaluated;4.6564;2.4289;64;True;1;
1;1;1;5;normal;0;0f63cf6f404e;move;;;24;30;;;;;;;;;;True;False;False;False;;ok;17088.435665383106;16641.404845676683;16641.404845676683;16641.404845676683;6;16641.404845676683;46.2566;447.03081970642234;Evaluated;4.7314;2.4292;64;True;1;
1;1;1;;normal;0;;;;;;;;;;;;;;;;;;;;;End-of-iteration summary row;;;16187.814598926165;16187.814598926165;6;16187.814598926165;46.2651;;IterationSummary;;;;;;
2;1;2;1;normal;0;04f0b4e57a49;move;;;5;10;;;;;;;;;;True;False;False;False;;ok;17076.06555503846;16187.814598926165;16187.814598926165;16187.814598926165;7;16187.814598926165;53.9757;888.250956112297;Evaluated;5.2722;2.4292;64;True;1;
2;1;2;2;normal;0;04f0b4e57a49;swap;20;25;;;;;;;;;;;;True;False;False;False;;ok;16668.92030002069;16187.814598926165;16187.814598926165;16187.814598926165;8;16187.814598926165;61.3542;481.105701094526;Evaluated;4.9527;2.4234;64;True;1;
2;1;2;3;normal;0;04f0b4e57a49;reinsert_block;;;;;;;35;40;20;;;;;True;False;False;True;;ok;16339.395062937776;16187.814598926165;16187.814598926165;16187.814598926165;9;16187.814598926165;69.2385;151.58046401161118;Evaluated;5.4549;2.4285;64;True;1;
2;1;2;4;normal;0;04f0b4e57a49;move;;;50;49;;;;;;;;;;True;False;False;False;;ok;16641.404845676683;16187.814598926165;16187.814598926165;16187.814598926165;10;16187.814598926165;76.8961;453.5902467505184;Evaluated;5.2221;2.4328;64;True;1;
2;1;2;5;normal;0;04f0b4e57a49;move;;;35;20;;;;;;;;;;True;False;False;True;;ok;16996.401423068375;16187.814598926165;16187.814598926165;16187.814598926165;11;16187.814598926165;84.7207;808.5868241422104;Evaluated;5.3912;2.4307;64;True;1;
2;1;2;;normal;1;;;;;;;;;;;;;;;;;;;;;End-of-iteration summary row;;;16187.814598926165;16187.814598926165;11;16187.814598926165;84.7236;;IterationSummary;;;;;;
3;1;3;1;normal;1;04f0b4e57a49;move;;;10;5;;;;;;;;;;True;False;False;False;;ok;15645.42963286556;16187.814598926165;16187.814598926165;16187.814598926165;12;16187.814598926165;92.3357;-542.3849660606047;Evaluated;5.377;2.2218;64;True;1;
3;1;3;2;normal;1;04f0b4e57a49;move;;;28;31;;;;;;;;;;True;False;False;False;;ok;16176.896286338046;16187.814598926165;16187.814598926165;16187.814598926165;13;16187.814598926165;103.3812;-10.918312588119079;Evaluated;8.61;2.4331;64;True;2;duplicate_for_same_parent_sequence
3;1;3;3;normal;1;04f0b4e57a49;reinsert_block;;;;;;;35;40;25;;;;;True;False;False;True;;ok;16088.845090784886;16187.814598926165;16187.814598926165;16187.814598926165;14;16187.814598926165;111.5777;-98.96950814127922;Evaluated;5.7724;2.4225;64;True;1;
3;1;3;4;normal;1;04f0b4e57a49;move;;;50;48;;;;;;;;;;True;False;False;False;;ok;16640.556660854905;16187.814598926165;16187.814598926165;16187.814598926165;15;16187.814598926165;119.1396;452.74206192874044;Evaluated;5.132;2.4293;64;True;1;
3;1;3;5;normal;1;04f0b4e57a49;move;;;40;5;;;;;;;;;;True;False;False;True;;ok;16355.594169101136;16187.814598926165;16187.814598926165;16187.814598926165;16;16187.814598926165;126.6522;167.779570174971;Evaluated;5.0802;2.4293;64;True;1;
3;1;3;;normal;0;;;;;;;;;;;;;;;;;;;;;End-of-iteration summary row;;;15645.42963286556;15645.42963286556;16;15645.42963286556;126.6631;;IterationSummary;;;;;;
4;1;4;1;normal;0;86ce0f8c8dd1;move;;;8;3;;;;;;;;;;True;False;False;False;;ok;17453.55955309866;15645.42963286556;15645.42963286556;15645.42963286556;17;15645.42963286556;134.6241;1808.129920233101;Evaluated;5.5286;2.4237;64;True;1;
4;1;4;2;normal;0;86ce0f8c8dd1;swap;20;25;;;;;;;;;;;;True;False;False;False;;ok;17285.649460026885;15645.42963286556;15645.42963286556;15645.42963286556;18;15645.42963286556;142.2776;1640.2198271613252;Evaluated;5.2224;2.4285;64;True;1;
4;1;4;3;normal;0;86ce0f8c8dd1;reinsert_block;;;;;;;35;40;28;;;;;True;False;False;False;;ok;16275.114712905417;15645.42963286556;15645.42963286556;15645.42963286556;19;15645.42963286556;150.1904;629.685080039857;Evaluated;5.4869;2.4239;64;True;1;
4;1;4;4;normal;0;86ce0f8c8dd1;move;;;48;50;;;;;;;;;;True;False;False;False;;ok;15646.572314005904;15645.42963286556;15645.42963286556;15645.42963286556;20;15645.42963286556;157.6597;1.142681140343484;Evaluated;5.237;2.23;64;True;1;
4;1;4;5;normal;0;86ce0f8c8dd1;move;;;20;15;;;;;;;;;;True;False;False;False;;ok;16686.086476205906;15645.42963286556;15645.42963286556;15645.42963286556;21;15645.42963286556;165.282;1040.6568433403463;Evaluated;5.1891;2.4306;64;True;1;
4;1;4;;normal;1;;;;;;;;;;;;;;;;;;;;;End-of-iteration summary row;;;15645.42963286556;15645.42963286556;21;15645.42963286556;165.2847;;IterationSummary;;;;;;
5;1;5;1;normal;1;86ce0f8c8dd1;move;;;10;5;;;;;;;;;;True;False;False;False;;ok;17747.448754085726;15645.42963286556;15645.42963286556;15645.42963286556;22;15645.42963286556;173.1472;2102.019121220166;Evaluated;5.426;2.4285;64;True;1;
5;1;5;2;normal;1;86ce0f8c8dd1;swap;17;24;;;;;;;;;;;;True;False;False;False;;ok;15619.02370347534;15645.42963286556;15645.42963286556;15645.42963286556;23;15645.42963286556;184.1717;-26.40592939021917;Evaluated;8.7868;2.2349;64;True;2;duplicate_for_same_parent_sequence
5;1;5;3;normal;1;86ce0f8c8dd1;move;;;35;25;;;;;;;;;;True;False;False;True;;ok;16518.99149290528;15645.42963286556;15645.42963286556;15645.42963286556;24;15645.42963286556;195.7442;873.5618600397192;Evaluated;9.1471;2.4243;64;True;2;duplicate_for_same_parent_sequence
5;1;5;4;normal;1;86ce0f8c8dd1;move;;;50;48;;;;;;;;;;True;False;False;False;;ok;15626.384669466248;15645.42963286556;15645.42963286556;15645.42963286556;25;15645.42963286556;203.3525;-19.04496339931211;Evaluated;5.3763;2.2295;64;True;1;
5;1;5;5;normal;1;86ce0f8c8dd1;move;;;25;30;;;;;;;;;;True;False;False;False;;ok;15410.35256303578;15645.42963286556;15645.42963286556;15645.42963286556;26;15645.42963286556;210.6825;-235.07706982978016;Evaluated;5.0984;2.2293;64;True;1;
5;1;5;;normal;0;;;;;;;;;;;;;;;;;;;;;End-of-iteration summary row;;;15410.35256303578;15410.35256303578;26;15410.35256303578;210.7021;;IterationSummary;;;;;;
6;1;6;1;normal;0;f2e186c23e60;move;;;10;5;;;;;;;;;;True;False;False;False;;ok;17747.86841911481;15410.35256303578;15410.35256303578;15410.35256303578;27;15410.35256303578;218.7367;2337.5158560790296;Evaluated;5.6041;2.4248;64;True;1;
6;1;6;2;normal;0;f2e186c23e60;swap;18;25;;;;;;;;;;;;True;False;False;False;;ok;15410.35256303578;15410.35256303578;15410.35256303578;15410.35256303578;28;15410.35256303578;226.3541;0.0;Evaluated;5.3888;2.2258;64;True;1;
6;1;6;3;normal;0;f2e186c23e60;reinsert_block;;;;;;;35;40;28;;;;;True;False;False;False;;ok;16459.605755439763;15410.35256303578;15410.35256303578;15410.35256303578;29;15410.35256303578;234.5775;1049.2531924039831;Evaluated;5.7946;2.4259;64;True;1;
6;1;6;4;normal;0;f2e186c23e60;move;;;50;48;;;;;;;;;;True;False;False;False;;ok;15628.01422139444;15410.35256303578;15410.35256303578;15410.35256303578;30;15410.35256303578;242.1842;217.66165835866013;Evaluated;5.3802;2.2243;64;True;1;
6;1;6;5;normal;0;f2e186c23e60;move;;;6;10;;;;;;;;;;True;False;False;False;;ok;17103.87612732309;15410.35256303578;15410.35256303578;15410.35256303578;31;15410.35256303578;249.7656;1693.5235642873085;Evaluated;5.1542;2.4264;64;True;1;
6;1;6;;normal;1;;;;;;;;;;;;;;;;;;;;;End-of-iteration summary row;;;15410.35256303578;15410.35256303578;31;15410.35256303578;249.7686;;IterationSummary;;;;;;
7;1;7;1;normal;1;f2e186c23e60;move;;;7;3;;;;;;;;;;True;False;False;False;;ok;17457.507506560687;15410.35256303578;15410.35256303578;15410.35256303578;32;15410.35256303578;260.8296;2047.1549435249071;Evaluated;8.6251;2.4255;64;True;2;duplicate_for_same_parent_sequence
7;1;7;2;normal;1;f2e186c23e60;swap;17;24;;;;;;;;;;;;True;False;False;False;;ok;16471.72690811511;15410.35256303578;15410.35256303578;15410.35256303578;33;15410.35256303578;268.4592;1061.37434507933;Evaluated;5.1995;2.4272;64;True;1;
7;1;7;3;normal;1;f2e186c23e60;move;;;6;15;;;;;;;;;;True;False;False;False;;ok;17088.09850860663;15410.35256303578;15410.35256303578;15410.35256303578;34;15410.35256303578;279.8389;1677.7459455708486;Evaluated;8.9486;2.4298;64;True;2;duplicate_for_same_parent_sequence
7;1;7;4;normal;1;f2e186c23e60;move;;;31;29;;;;;;;;;;True;False;False;False;;ok;16748.930149824628;15410.35256303578;15410.35256303578;15410.35256303578;35;15410.35256303578;290.914;1338.5775867888478;Evaluated;8.6443;2.4282;64;True;2;duplicate_for_same_parent_sequence
7;1;7;5;normal;1;f2e186c23e60;move;;;15;20;;;;;;;;;;True;False;False;False;;ok;15627.029007513444;15410.35256303578;15410.35256303578;15410.35256303578;36;15410.35256303578;298.2696;216.6764444776636;Evaluated;5.1231;2.2299;64;True;1;
7;1;7;;normal;2;;;;;;;;;;;;;;;;;;;;;End-of-iteration summary row;;;15410.35256303578;15410.35256303578;36;15410.35256303578;298.2726;;IterationSummary;;;;;;
8;1;8;1;normal;2;f2e186c23e60;move;;;8;4;;;;;;;;;;True;False;False;False;;ok;17470.47397747617;15410.35256303578;15410.35256303578;15410.35256303578;37;15410.35256303578;312.8024;2060.1214144403893;Evaluated;12.0891;2.4271;64;True;3;duplicate_for_same_parent_sequence
8;1;8;2;normal;2;f2e186c23e60;swap;20;25;;;;;;;;;;;;True;False;False;False;;ok;16789.542570786136;15410.35256303578;15410.35256303578;15410.35256303578;38;15410.35256303578;320.6925;1379.190007750356;Evaluated;5.458;2.4315;64;True;1;
8;1;8;3;normal;2;f2e186c23e60;move;;;35;40;;;;;;;;;;True;False;False;False;;ok;15995.14191110427;15410.35256303578;15410.35256303578;15410.35256303578;39;15410.35256303578;331.8691;584.7893480684907;Evaluated;8.946;2.229;64;True;2;duplicate_for_same_parent_sequence
8;1;8;4;normal;2;f2e186c23e60;move;;;32;60;;;;;;;;;;True;False;False;True;;ok;15647.576944808707;15410.35256303578;15410.35256303578;15410.35256303578;40;15410.35256303578;342.9115;237.2243817729268;Evaluated;8.813;2.2287;64;True;2;duplicate_for_same_parent_sequence
8;1;8;5;normal;2;f2e186c23e60;move;;;6;20;;;;;;;;;;True;False;False;True;;ok;17082.08119569662;15410.35256303578;15410.35256303578;15410.35256303578;41;15410.35256303578;350.4084;1671.728632660841;Evaluated;5.0676;2.4268;64;True;1;
8;1;8;;normal;3;;;;;;;;;;;;;;;;;;;;;End-of-iteration summary row;;;15410.35256303578;15410.35256303578;41;15410.35256303578;350.4119;;IterationSummary;;;;;;
9;1;9;1;diversification;3;f2e186c23e60;move;;;25;10;;;;;;;;;;True;False;False;True;;ok;17272.33604108714;15410.35256303578;15410.35256303578;15410.35256303578;42;15410.35256303578;365.2298;1861.9834780513593;Evaluated;12.3806;2.428;64;True;3;duplicate_for_same_parent_sequence
9;1;9;2;diversification;3;f2e186c23e60;reinsert_block;;;;;;;18;25;30;;;;;True;False;False;False;;ok;16532.09579815819;15410.35256303578;15410.35256303578;15410.35256303578;43;15410.35256303578;373.2079;1121.7432351224088;Evaluated;5.5448;2.4306;64;True;1;
9;1;9;3;diversification;3;f2e186c23e60;swap;35;40;;;;;;;;;;;;True;False;False;False;;ok;15995.141909844691;15410.35256303578;15410.35256303578;15410.35256303578;44;15410.35256303578;380.6974;584.7893468089114;Evaluated;5.2574;2.2293;64;True;1;
9;1;9;4;diversification;3;f2e186c23e60;reinsert_block;;;;;;;50;56;20;;;;;True;False;False;True;;ok;17045.337293450273;15410.35256303578;15410.35256303578;15410.35256303578;45;15410.35256303578;391.9256;1634.9847304144932;Evaluated;8.7981;2.4294;64;True;2;duplicate_for_same_parent_sequence
9;1;9;5;diversification;3;f2e186c23e60;move;;;25;30;;;;;;;;;;True;False;False;False;;ok;16454.86781231101;15410.35256303578;15410.35256303578;15410.35256303578;46;15410.35256303578;399.6778;1044.5152492752313;Evaluated;5.3185;2.4305;64;True;1;
9;1;9;6;diversification;3;f2e186c23e60;move;;;28;35;;;;;;;;;;True;False;False;False;;ok;16171.620781224472;15410.35256303578;15410.35256303578;15410.35256303578;47;15410.35256303578;407.4548;761.2682181886921;Evaluated;5.3441;2.4298;64;True;1;
9;1;9;7;diversification;3;f2e186c23e60;move;;;52;40;;;;;;;;;;True;False;False;True;;ok;16563.742624615054;15410.35256303578;15410.35256303578;15410.35256303578;48;15410.35256303578;415.057;1153.3900615792736;Evaluated;5.1723;2.4292;64;True;1;
9;1;9;8;diversification;3;f2e186c23e60;move;;;8;15;;;;;;;;;;True;False;False;False;;ok;15643.0173927887;15410.35256303578;15410.35256303578;15410.35256303578;49;15410.35256303578;422.6757;232.66482975292092;Evaluated;5.3921;2.2238;64;True;1;
9;1;9;9;diversification;3;f2e186c23e60;move;;;24;30;;;;;;;;;;True;False;False;False;;ok;16381.198900929487;15410.35256303578;15410.35256303578;15410.35256303578;50;15410.35256303578;433.8022;970.8463378937067;Evaluated;8.7017;2.4239;64;True;2;duplicate_for_same_parent_sequence
9;1;9;10;diversification;3;f2e186c23e60;move;;;45;30;;;;;;;;;;True;False;False;True;;ok;16984.13016469969;15410.35256303578;15410.35256303578;15410.35256303578;51;15410.35256303578;441.7095;1573.777601663911;Evaluated;5.4754;2.429;64;True;1;
9;1;9;;diversification;4;;;;;;;;;;;;;;;;;;;;;End-of-iteration summary row;;;15410.35256303578;15410.35256303578;51;15410.35256303578;441.7126;;IterationSummary;;;;;;
10;1;10;1;diversification;4;f2e186c23e60;move;;;8;20;;;;;;;;;;True;False;False;True;;ok;16421.357257597472;15410.35256303578;15410.35256303578;15410.35256303578;52;15410.35256303578;449.7382;1011.0046945616923;Evaluated;5.5891;2.4237;64;True;1;
10;1;10;2;diversification;4;f2e186c23e60;reinsert_block;;;;;;;20;25;35;;;;;True;False;False;True;;ok;16896.970986870703;15410.35256303578;15410.35256303578;15410.35256303578;53;15410.35256303578;457.7665;1486.6184238349233;Evaluated;5.6034;2.4217;64;True;1;
10;1;10;3;diversification;4;f2e186c23e60;swap;32;40;;;;;;;;;;;;True;False;False;False;;ok;15410.35256303578;15410.35256303578;15410.35256303578;15410.35256303578;54;15410.35256303578;468.8771;0.0;Evaluated;8.8829;2.227;64;True;2;duplicate_for_same_parent_sequence
10;1;10;4;diversification;4;f2e186c23e60;move;;;60;20;;;;;;;;;;True;False;False;True;;ok;16914.592071740204;15410.35256303578;15410.35256303578;15410.35256303578;55;15410.35256303578;480.0433;1504.2395087044242;Evaluated;8.7304;2.4323;64;True;2;duplicate_for_same_parent_sequence
10;1;10;5;diversification;4;f2e186c23e60;move;;;52;30;;;;;;;;;;True;False;False;True;;ok;16417.435216746773;15410.35256303578;15410.35256303578;15410.35256303578;56;15410.35256303578;487.7968;1007.0826537109933;Evaluated;5.3252;2.4253;64;True;1;
10;1;10;6;diversification;4;f2e186c23e60;move;;;48;50;;;;;;;;;;True;False;False;False;;ok;15416.952006533818;15410.35256303578;15410.35256303578;15410.35256303578;57;15410.35256303578;495.2649;6.599443498038454;Evaluated;5.2394;2.2261;64;True;1;
10;1;10;7;diversification;4;f2e186c23e60;move;;;10;20;;;;;;;;;;True;False;False;True;;ok;16512.84159744539;15410.35256303578;15410.35256303578;15410.35256303578;58;15410.35256303578;506.2321;1102.4890344096093;Evaluated;8.5393;2.4252;64;True;2;duplicate_for_same_parent_sequence
10;1;10;8;diversification;4;f2e186c23e60;move;;;18;25;;;;;;;;;;True;False;False;False;;ok;16899.71427575831;15410.35256303578;15410.35256303578;15410.35256303578;59;15410.35256303578;513.8907;1489.3617127225298;Evaluated;5.2313;2.4264;64;True;1;
10;1;10;9;diversification;4;f2e186c23e60;move;;;40;15;;;;;;;;;;True;False;False;True;;ok;16448.66977921786;15410.35256303578;15410.35256303578;15410.35256303578;60;15410.35256303578;525.0424;1038.3172161820803;Evaluated;8.7217;2.4274;64;True;2;duplicate_for_same_parent_sequence
10;1;10;10;diversification;4;f2e186c23e60;swap;30;32;;;;;;;;;;;;True;False;False;False;;ok;15925.144867761603;15410.35256303578;15410.35256303578;15410.35256303578;61;15410.35256303578;536.0271;514.7923047258228;Evaluated;8.7543;2.228;64;True;2;duplicate_for_same_parent_sequence
10;1;10;;diversification;5;;;;;;;;;;;;;;;;;;;;;End-of-iteration summary row;;;15410.35256303578;15410.35256303578;61;15410.35256303578;536.0303;;IterationSummary;;;;;;
11;1;11;1;diversification;5;f2e186c23e60;move;;;5;20;;;;;;;;;;True;False;False;True;;ok;17095.723894028008;15410.35256303578;15410.35256303578;15410.35256303578;62;15410.35256303578;544.0679;1685.3713309922277;Evaluated;5.5983;2.4296;64;True;1;
11;1;11;2;diversification;5;f2e186c23e60;move;;;18;40;;;;;;;;;;True;False;False;True;;ok;15987.61510307372;15410.35256303578;15410.35256303578;15410.35256303578;63;15410.35256303578;555.9875;577.2625400379402;Evaluated;9.6897;2.2271;64;True;2;duplicate_for_same_parent_sequence
11;1;11;3;diversification;5;f2e186c23e60;swap;34;39;;;;;;;;;;;;True;False;False;False;;ok;15784.578695748223;15410.35256303578;15410.35256303578;15410.35256303578;64;15410.35256303578;563.4554;374.22613271244336;Evaluated;5.2313;2.2339;64;True;1;
11;1;11;4;diversification;5;f2e186c23e60;move;;;50;60;;;;;;;;;;True;False;False;True;;ok;15635.654973778199;15410.35256303578;15410.35256303578;15410.35256303578;65;15410.35256303578;570.8498;225.30241074241894;Evaluated;5.1633;2.2281;64;True;1;
11;1;11;5;diversification;5;f2e186c23e60;move;;;25;40;;;;;;;;;;True;False;False;True;;ok;16061.972376319489;15410.35256303578;15410.35256303578;15410.35256303578;66;15410.35256303578;578.6345;651.6198132837089;Evaluated;5.5516;2.2304;64;True;1;
11;1;11;6;diversification;5;f2e186c23e60;move;;;50;40;;;;;;;;;;True;False;False;True;;ok;17152.17749541717;15410.35256303578;15410.35256303578;15410.35256303578;67;15410.35256303578;586.4084;1741.8249323813907;Evaluated;5.3437;2.4275;64;True;1;
11;1;11;7;diversification;5;f2e186c23e60;move;;;18;35;;;;;;;;;;True;False;False;True;;ok;16440.504076595407;15410.35256303578;15410.35256303578;15410.35256303578;68;15410.35256303578;593.9948;1030.1515135596273;Evaluated;5.1566;2.4275;64;True;1;
11;1;11;8;diversification;5;f2e186c23e60;move;;;30;45;;;;;;;;;;True;False;False;True;;ok;15645.187673973483;15410.35256303578;15410.35256303578;15410.35256303578;69;15410.35256303578;604.9545;234.83511093770358;Evaluated;8.7326;2.2238;64;True;2;duplicate_for_same_parent_sequence
11;1;11;9;diversification;5;f2e186c23e60;move;;;30;45;;;;;;;;;;False;True;False;;;ok;;15410.35256303578;15410.35256303578;15410.35256303578;69;15410.35256303578;617.1004;;DuplicateForSameParentSequenceAfterRetries;12.1431;;;;3;duplicate_for_same_parent_sequence
11;1;11;10;diversification;5;f2e186c23e60;move;;;48;52;;;;;;;;;;True;False;False;False;;ok;15416.952006533818;15410.35256303578;15410.35256303578;15410.35256303578;70;15410.35256303578;624.409;6.599443498038454;Evaluated;5.082;2.2256;64;True;1;
11;1;11;;diversification;6;;;;;;;;;;;;;;;;;;;;;End-of-iteration summary row;;;15410.35256303578;15410.35256303578;70;15410.35256303578;624.4097;;IterationSummary;;;;;;
12;1;12;1;diversification;6;f2e186c23e60;move;;;1;35;;;;;;;;;;True;False;False;True;;ok;15787.374103980179;15410.35256303578;15410.35256303578;15410.35256303578;71;15410.35256303578;635.5495;377.021540944399;Evaluated;8.9042;2.2299;64;True;2;duplicate_for_same_parent_sequence
12;1;12;2;diversification;6;f2e186c23e60;reinsert_block;;;;;;;18;24;35;;;;;True;False;False;True;;ok;16100.827070627067;15410.35256303578;15410.35256303578;15410.35256303578;72;15410.35256303578;643.5194;690.474507591287;Evaluated;5.5368;2.4296;64;True;1;
12;1;12;3;diversification;6;f2e186c23e60;swap;32;45;;;;;;;;;;;;True;False;False;True;;ok;16731.115857340235;15410.35256303578;15410.35256303578;15410.35256303578;73;15410.35256303578;651.2145;1320.7632943044555;Evaluated;5.264;2.4283;64;True;1;
12;1;12;4;diversification;6;f2e186c23e60;move;;;52;61;;;;;;;;;;True;False;False;False;;ok;15702.638660833425;15410.35256303578;15410.35256303578;15410.35256303578;74;15410.35256303578;662.3126;292.2860977976452;Evaluated;8.8719;2.2237;64;True;2;duplicate_for_same_parent_sequence
12;1;12;5;diversification;6;f2e186c23e60;swap;8;15;;;;;;;;;;;;True;False;False;False;;ok;15410.35256303578;15410.35256303578;15410.35256303578;15410.35256303578;75;15410.35256303578;673.1363;0.0;Evaluated;8.5975;2.2238;64;True;2;duplicate_for_same_parent_sequence
12;1;12;6;diversification;6;f2e186c23e60;move;;;18;40;;;;;;;;;;False;True;False;;;ok;;15410.35256303578;15410.35256303578;15410.35256303578;75;15410.35256303578;685.3062;;DuplicateForSameParentSequenceAfterRetries;12.1693;;;;3;duplicate_for_same_parent_sequence
12;1;12;7;diversification;6;f2e186c23e60;move;;;10;25;;;;;;;;;;True;False;False;True;;ok;16479.830921524746;15410.35256303578;15410.35256303578;15410.35256303578;76;15410.35256303578;692.9318;1069.4783584889665;Evaluated;5.1963;2.4283;64;True;1;
12;1;12;8;diversification;6;f2e186c23e60;move;;;20;30;;;;;;;;;;True;False;False;True;;ok;17149.185655464593;15410.35256303578;15410.35256303578;15410.35256303578;77;15410.35256303578;707.3349;1738.833092428813;Evaluated;11.9711;2.4293;64;True;3;duplicate_for_same_parent_sequence
12;1;12;9;diversification;6;f2e186c23e60;move;;;25;35;;;;;;;;;;True;False;False;True;;ok;16518.741627382024;15410.35256303578;15410.35256303578;15410.35256303578;78;15410.35256303578;722.1251;1108.3890643462437;Evaluated;12.3645;2.423;64;True;3;duplicate_for_same_parent_sequence
12;1;12;10;diversification;6;f2e186c23e60;move;;;40;50;;;;;;;;;;True;False;False;True;;ok;15637.639283243878;15410.35256303578;15410.35256303578;15410.35256303578;79;15410.35256303578;729.731;227.2867202080979;Evaluated;5.3771;2.2282;64;True;1;
12;1;12;;diversification;7;;;;;;;;;;;;;;;;;;;;;End-of-iteration summary row;;;15410.35256303578;15410.35256303578;79;15410.35256303578;729.7316;;IterationSummary;;;;;;
13;1;13;1;diversification;7;f2e186c23e60;move;;;3;20;;;;;;;;;;True;False;False;True;;ok;17584.181962785784;15410.35256303578;15410.35256303578;15410.35256303578;80;15410.35256303578;741.3463;2173.829399750004;Evaluated;9.1767;2.4323;64;True;2;duplicate_for_same_parent_sequence
13;1;13;2;diversification;7;f2e186c23e60;reinsert_block;;;;;;;20;24;15;;;;;True;False;False;False;;ok;17905.705719872214;15410.35256303578;15410.35256303578;15410.35256303578;81;15410.35256303578;749.5954;2495.353156836434;Evaluated;5.8211;2.4252;64;True;1;
13;1;13;3;diversification;7;f2e186c23e60;move;;;32;18;;;;;;;;;;True;False;False;True;;ok;16436.156553391396;15410.35256303578;15410.35256303578;15410.35256303578;82;15410.35256303578;760.9597;1025.8039903556164;Evaluated;8.9302;2.4312;64;True;2;duplicate_for_same_parent_sequence
13;1;13;4;diversification;7;f2e186c23e60;reinsert_block;;;;;;;48;53;60;;;;;True;False;False;False;;ok;16534.96356374569;15410.35256303578;15410.35256303578;15410.35256303578;83;15410.35256303578;772.4069;1124.6110007099087;Evaluated;9.0083;2.4348;64;True;2;duplicate_for_same_parent_sequence
13;1;13;5;diversification;7;f2e186c23e60;move;;;20;45;;;;;;;;;;True;False;False;True;;ok;17141.17529839006;15410.35256303578;15410.35256303578;15410.35256303578;84;15410.35256303578;780.1495;1730.8227353542788;Evaluated;5.3124;2.4277;64;True;1;
13;1;13;6;diversification;7;f2e186c23e60;move;;;50;32;;;;;;;;;;True;False;False;True;;ok;17421.64881695003;15410.35256303578;15410.35256303578;15410.35256303578;85;15410.35256303578;787.7467;2011.29625391425;Evaluated;5.1674;2.4271;64;True;1;
13;1;13;7;diversification;7;f2e186c23e60;move;;;8;30;;;;;;;;;;True;False;False;True;;ok;16216.821988294709;15410.35256303578;15410.35256303578;15410.35256303578;86;15410.35256303578;798.6992;806.4694252589288;Evaluated;8.5161;2.433;64;True;2;duplicate_for_same_parent_sequence
13;1;13;8;diversification;7;f2e186c23e60;move;;;20;3;;;;;;;;;;True;False;False;True;;ok;17055.97629469075;15410.35256303578;15410.35256303578;15410.35256303578;87;15410.35256303578;809.6677;1645.6237316549705;Evaluated;8.5386;2.4263;64;True;2;duplicate_for_same_parent_sequence
13;1;13;9;diversification;7;f2e186c23e60;move;;;30;40;;;;;;;;;;True;False;False;True;;ok;15918.54597512108;15410.35256303578;15410.35256303578;15410.35256303578;88;15410.35256303578;824.2943;508.1934120853002;Evaluated;12.3929;2.2329;64;True;3;duplicate_for_same_parent_sequence
13;1;13;10;diversification;7;f2e186c23e60;move;;;48;60;;;;;;;;;;True;False;False;True;;ok;15641.384642574685;15410.35256303578;15410.35256303578;15410.35256303578;89;15410.35256303578;835.2638;231.03207953890524;Evaluated;8.7401;2.227;64;True;2;duplicate_for_same_parent_sequence
13;1;13;;diversification;8;;;;;;;;;;;;;;;;;;;;;End-of-iteration summary row;;;15410.35256303578;15410.35256303578;89;15410.35256303578;835.2666;;IterationSummary;;;;;;
14;1;14;1;diversification;8;f2e186c23e60;move;;;3;18;;;;;;;;;;True;False;False;True;;ok;17191.71089523596;15410.35256303578;15410.35256303578;15410.35256303578;90;15410.35256303578;846.6673;1781.3583322001796;Evaluated;8.9655;2.4267;64;True;2;duplicate_for_same_parent_sequence
14;1;14;2;diversification;8;f2e186c23e60;reinsert_block;;;;;;;25;30;18;;;;;True;False;False;False;;ok;16065.819251193252;15410.35256303578;15410.35256303578;15410.35256303578;91;15410.35256303578;854.4417;655.4666881574722;Evaluated;5.546;2.2255;64;True;1;
14;1;14;3;diversification;8;f2e186c23e60;swap;32;38;;;;;;;;;;;;True;False;False;False;;ok;17163.20422981726;15410.35256303578;15410.35256303578;15410.35256303578;92;15410.35256303578;865.5153;1752.8516667814802;Evaluated;8.6423;2.4301;64;True;2;duplicate_for_same_parent_sequence
14;1;14;4;diversification;8;f2e186c23e60;move;;;48;55;;;;;;;;;;True;False;False;False;;ok;15633.344336903408;15410.35256303578;15410.35256303578;15410.35256303578;93;15410.35256303578;876.4512;222.99177386762858;Evaluated;8.7038;2.2288;64;True;2;duplicate_for_same_parent_sequence
14;1;14;5;diversification;8;f2e186c23e60;swap;10;20;;;;;;;;;;;;True;False;False;False;;ok;17411.883380700434;15410.35256303578;15410.35256303578;15410.35256303578;94;15410.35256303578;887.6317;2001.530817664654;Evaluated;8.7461;2.4311;64;True;2;duplicate_for_same_parent_sequence
14;1;14;6;diversification;8;f2e186c23e60;move;;;35;18;;;;;;;;;;True;False;False;True;;ok;17120.785075312815;15410.35256303578;15410.35256303578;15410.35256303578;95;15410.35256303578;898.9224;1710.4325122770351;Evaluated;8.8639;2.4241;64;True;2;duplicate_for_same_parent_sequence
14;1;14;7;diversification;8;f2e186c23e60;swap;10;12;;;;;;;;;;;;True;False;False;False;;ok;17368.543204832495;15410.35256303578;15410.35256303578;15410.35256303578;96;15410.35256303578;913.4857;1958.1906417967148;Evaluated;12.134;2.4266;64;True;3;duplicate_for_same_parent_sequence
14;1;14;8;diversification;8;f2e186c23e60;move;;;8;3;;;;;;;;;;True;False;False;False;;ok;17454.944595720535;15410.35256303578;15410.35256303578;15410.35256303578;97;15410.35256303578;924.4031;2044.5920326847554;Evaluated;8.4878;2.4264;64;True;2;duplicate_for_same_parent_sequence
14;1;14;9;diversification;8;f2e186c23e60;move;;;24;30;;;;;;;;;;False;True;False;;;ok;;15410.35256303578;15410.35256303578;15410.35256303578;97;15410.35256303578;936.8322;;DuplicateForSameParentSequenceAfterRetries;12.4264;;;;3;duplicate_for_same_parent_sequence
14;1;14;10;diversification;8;f2e186c23e60;move;;;35;10;;;;;;;;;;True;False;False;True;;ok;17284.041301095313;15410.35256303578;15410.35256303578;15410.35256303578;98;15410.35256303578;948.2429;1873.6887380595326;Evaluated;8.9863;2.4234;64;True;2;duplicate_for_same_parent_sequence
14;1;14;;diversification;9;;;;;;;;;;;;;;;;;;;;;End-of-iteration summary row;;;15410.35256303578;15410.35256303578;98;15410.35256303578;948.2457;;IterationSummary;;;;;;
15;1;15;1;diversification;9;f2e186c23e60;move;;;3;8;;;;;;;;;;True;False;False;False;;ok;17660.44226889933;15410.35256303578;15410.35256303578;15410.35256303578;99;15410.35256303578;959.6675;2250.089705863549;Evaluated;8.9878;2.4249;64;True;2;duplicate_for_same_parent_sequence
15;1;15;2;diversification;9;f2e186c23e60;move;;;24;40;;;;;;;;;;True;False;False;True;;ok;16700.65086485394;15410.35256303578;15410.35256303578;15410.35256303578;100;15410.35256303578;971.2659;1290.2983018181585;Evaluated;9.1624;2.4332;64;True;2;duplicate_for_same_parent_sequence
15;1;15;3;diversification;9;f2e186c23e60;swap;35;40;;;;;;;;;;;;False;True;False;;;ok;;15410.35256303578;15410.35256303578;15410.35256303578;100;15410.35256303578;983.6111;;DuplicateForSameParentSequenceAfterRetries;12.3422;;;;3;duplicate_for_same_parent_sequence
15;1;15;4;diversification;9;f2e186c23e60;move;;;52;49;;;;;;;;;;True;False;False;False;;ok;15604.339121599462;15410.35256303578;15410.35256303578;15410.35256303578;101;15410.35256303578;994.9909;193.98655856368168;Evaluated;9.1499;2.2289;64;True;2;duplicate_for_same_parent_sequence
15;1;15;5;diversification;9;f2e186c23e60;move;;;7;15;;;;;;;;;;True;False;False;False;;ok;17541.073848112348;15410.35256303578;15410.35256303578;15410.35256303578;102;15410.35256303578;1002.8759;2130.721285076568;Evaluated;5.4505;2.4308;64;True;1;
15;1;15;6;diversification;9;f2e186c23e60;swap;32;48;;;;;;;;;;;;True;False;False;True;;ok;15410.35256303578;15410.35256303578;15410.35256303578;15410.35256303578;103;15410.35256303578;1013.7589;0.0;Evaluated;8.6527;2.2276;64;True;2;duplicate_for_same_parent_sequence
15;1;15;7;diversification;9;f2e186c23e60;move;;;25;18;;;;;;;;;;True;False;False;False;;ok;16900.922809715088;15410.35256303578;15410.35256303578;15410.35256303578;104;15410.35256303578;1029.781;1490.5702466793082;Evaluated;13.5914;2.4282;64;True;3;duplicate_for_same_parent_sequence
15;1;15;8;diversification;9;f2e186c23e60;move;;;18;30;;;;;;;;;;True;False;False;True;;ok;16438.704814739187;15410.35256303578;15410.35256303578;15410.35256303578;105;15410.35256303578;1037.4674;1028.352251703407;Evaluated;5.2528;2.4307;64;True;1;
15;1;15;9;diversification;9;f2e186c23e60;swap;25;30;;;;;;;;;;;;True;False;False;False;;ok;16447.76238503638;15410.35256303578;15410.35256303578;15410.35256303578;106;15410.35256303578;1045.2987;1037.4098220006017;Evaluated;5.3945;2.4341;64;True;1;
15;1;15;10;diversification;9;f2e186c23e60;swap;48;52;;;;;;;;;;;;True;False;False;False;;ok;15274.925924306537;15410.35256303578;15410.35256303578;15410.35256303578;107;15410.35256303578;1056.0329;-135.42663872924277;EvaluatedImprovementDespiteDiversificationMismatch;8.5078;2.2239;64;True;2;duplicate_for_same_parent_sequence
15;1;15;;diversification;0;;;;;;;;;;;;;;;;;;;;;End-of-iteration summary row;;;15274.925924306537;15274.925924306537;107;15274.925924306537;1056.0474;;IterationSummary;;;;;;
16;1;16;1;normal;0;98c87d619342;move;;;5;10;;;;;;;;;;True;False;False;False;;ok;16891.121092906717;15274.925924306537;15274.925924306537;15274.925924306537;108;15274.925924306537;1064.3034;1616.1951686001794;Evaluated;5.8156;2.4305;64;True;1;
16;1;16;2;normal;0;98c87d619342;swap;20;25;;;;;;;;;;;;True;False;False;False;;ok;17046.48732402309;15274.925924306537;15274.925924306537;15274.925924306537;109;15274.925924306537;1072.2442;1771.5613997165547;Evaluated;5.5077;2.4307;64;True;1;
16;1;16;3;normal;0;98c87d619342;reinsert_block;;;;;;;35;40;20;;;;;True;False;False;True;;ok;16849.5381429092;15274.925924306537;15274.925924306537;15274.925924306537;110;15274.925924306537;1080.1409;1574.6122186026641;Evaluated;5.4703;2.4238;64;True;1;
16;1;16;4;normal;0;98c87d619342;move;;;52;48;;;;;;;;;;True;False;False;False;;ok;15604.339121599462;15274.925924306537;15274.925924306537;15274.925924306537;111;15274.925924306537;1087.587;329.41319729292445;Evaluated;5.2128;2.2327;64;True;1;
16;1;16;5;normal;0;98c87d619342;move;;;48;50;;;;;;;;;;True;False;False;False;;ok;15537.871801604491;15274.925924306537;15274.925924306537;15274.925924306537;112;15274.925924306537;1094.9883;262.9458772979542;Evaluated;5.1738;2.2248;64;True;1;
16;1;16;;normal;1;;;;;;;;;;;;;;;;;;;;;End-of-iteration summary row;;;15274.925924306537;15274.925924306537;112;15274.925924306537;1094.9911;;IterationSummary;;;;;;
17;1;17;1;normal;1;98c87d619342;move;;;7;3;;;;;;;;;;True;False;False;False;;ok;17713.14439774553;15274.925924306537;15274.925924306537;15274.925924306537;113;15274.925924306537;1106.7545;2438.218473438994;Evaluated;9.3252;2.4276;64;True;2;duplicate_for_same_parent_sequence
17;1;17;2;normal;1;98c87d619342;swap;18;25;;;;;;;;;;;;True;False;False;False;;ok;15274.925924306537;15274.925924306537;15274.925924306537;15274.925924306537;114;15274.925924306537;1117.6024;0.0;Evaluated;8.6138;2.2314;64;True;2;duplicate_for_same_parent_sequence
17;1;17;3;normal;1;98c87d619342;reinsert_block;;;;;;;35;40;18;;;;;True;False;False;True;;ok;16762.928946404336;15274.925924306537;15274.925924306537;15274.925924306537;115;15274.925924306537;1125.533;1488.0030220977987;Evaluated;5.4997;2.4282;64;True;1;
17;1;17;4;normal;1;98c87d619342;move;;;30;19;;;;;;;;;;True;False;False;True;;ok;17112.670643614165;15274.925924306537;15274.925924306537;15274.925924306537;116;15274.925924306537;1136.6051;1837.7447193076277;Evaluated;8.6408;2.4284;64;True;2;duplicate_for_same_parent_sequence
17;1;17;5;normal;1;98c87d619342;move;;;25;30;;;;;;;;;;True;False;False;False;;ok;16710.74018408529;15274.925924306537;15274.925924306537;15274.925924306537;117;15274.925924306537;1144.1916;1435.8142597787537;Evaluated;5.1532;2.4304;64;True;1;
17;1;17;;normal;2;;;;;;;;;;;;;;;;;;;;;End-of-iteration summary row;;;15274.925924306537;15274.925924306537;117;15274.925924306537;1144.1945;;IterationSummary;;;;;;
18;1;18;1;normal;2;98c87d619342;move;;;15;20;;;;;;;;;;True;False;False;False;;ok;15275.32345465606;15274.925924306537;15274.925924306537;15274.925924306537;118;15274.925924306537;1159.1234;0.3975303495226399;Evaluated;12.6876;2.2243;64;True;3;duplicate_for_same_parent_sequence
18;1;18;2;normal;2;98c87d619342;swap;18;20;;;;;;;;;;;;True;False;False;False;;ok;16926.465121017514;15274.925924306537;15274.925924306537;15274.925924306537;119;15274.925924306537;1166.9967;1651.5391967109772;Evaluated;5.443;2.427;64;True;1;
18;1;18;3;normal;2;98c87d619342;reinsert_block;;;;;;;32;35;40;;;;;True;False;False;False;;ok;17689.867280432012;15274.925924306537;15274.925924306537;15274.925924306537;120;15274.925924306537;1174.8945;2414.941356125475;Evaluated;5.4662;2.4286;64;True;1;
18;1;18;4;normal;2;98c87d619342;move;;;60;50;;;;;;;;;;True;False;False;True;;ok;15893.65083179325;15274.925924306537;15274.925924306537;15274.925924306537;121;15274.925924306537;1185.5941;618.7249074867123;Evaluated;8.4717;2.2255;64;True;2;duplicate_for_same_parent_sequence
18;1;18;5;normal;2;98c87d619342;swap;10;15;;;;;;;;;;;;True;False;False;False;;ok;17539.715505396256;15274.925924306537;15274.925924306537;15274.925924306537;122;15274.925924306537;1196.5758;2264.789581089719;Evaluated;8.5544;2.4266;64;True;2;duplicate_for_same_parent_sequence
18;1;18;;normal;3;;;;;;;;;;;;;;;;;;;;;End-of-iteration summary row;;;15274.925924306537;15274.925924306537;122;15274.925924306537;1196.5785;;IterationSummary;;;;;;
19;1;19;1;diversification;3;98c87d619342;move;;;5;10;;;;;;;;;;False;True;False;;;ok;;15274.925924306537;15274.925924306537;15274.925924306537;122;15274.925924306537;1208.8677;;DuplicateForSameParentSequenceAfterRetries;12.2725;;;;3;duplicate_for_same_parent_sequence
19;1;19;2;diversification;3;98c87d619342;reinsert_block;;;;;;;25;30;18;;;;;True;False;False;False;;ok;16341.838593702369;15274.925924306537;15274.925924306537;15274.925924306537;123;15274.925924306537;1216.8791;1066.9126693958315;Evaluated;5.5846;2.4258;64;True;1;
19;1;19;3;diversification;3;98c87d619342;swap;34;50;;;;;;;;;;;;True;False;False;True;;ok;17243.909206819084;15274.925924306537;15274.925924306537;15274.925924306537;124;15274.925924306537;1224.587;1968.9832825125468;Evaluated;5.2791;2.4262;64;True;1;
19;1;19;4;diversification;3;98c87d619342;move;;;50;60;;;;;;;;;;True;False;False;True;;ok;15277.858548210168;15274.925924306537;15274.925924306537;15274.925924306537;125;15274.925924306537;1232.1315;2.9326239036308834;Evaluated;5.3167;2.2247;64;True;1;
19;1;19;5;diversification;3;98c87d619342;move;;;10;25;;;;;;;;;;True;False;False;True;;ok;16733.6429173707;15274.925924306537;15274.925924306537;15274.925924306537;126;15274.925924306537;1239.6141;1458.716993064163;Evaluated;5.0551;2.4247;64;True;1;
19;1;19;6;diversification;3;98c87d619342;move;;;50;40;;;;;;;;;;True;False;False;True;;ok;16973.158291312713;15274.925924306537;15274.925924306537;15274.925924306537;127;15274.925924306537;1247.3912;1698.232367006176;Evaluated;5.3395;2.4347;64;True;1;
19;1;19;7;diversification;3;98c87d619342;move;;;25;45;;;;;;;;;;True;False;False;True;;ok;16212.124242753358;15274.925924306537;15274.925924306537;15274.925924306537;128;15274.925924306537;1258.555;937.1983184468208;Evaluated;8.7298;2.4331;64;True;2;duplicate_for_same_parent_sequence
19;1;19;8;diversification;3;98c87d619342;move;;;8;12;;;;;;;;;;True;False;False;False;;ok;15274.386452593328;15274.925924306537;15274.925924306537;15274.925924306537;129;15274.925924306537;1266.078;-0.5394717132094229;EvaluatedImprovementDespiteDiversificationMismatch;5.2897;2.2299;64;True;1;
19;1;19;9;diversification;3;98c87d619342;move;;;30;25;;;;;;;;;;True;False;False;False;;ok;15575.341032626951;15274.925924306537;15274.925924306537;15274.925924306537;130;15274.925924306537;1273.802;300.4151083204142;Evaluated;5.4947;2.2269;64;True;1;
19;1;19;10;diversification;3;98c87d619342;move;;;43;50;;;;;;;;;;True;False;False;False;;ok;15910.493039314526;15274.925924306537;15274.925924306537;15274.925924306537;131;15274.925924306537;1281.3531;635.5671150079888;Evaluated;5.3148;2.2336;64;True;1;
19;1;19;;diversification;0;;;;;;;;;;;;;;;;;;;;;End-of-iteration summary row;;;15274.386452593328;15274.386452593328;131;15274.386452593328;1281.3712;;IterationSummary;;;;;;
20;1;20;1;normal;0;92fe4fb53cfe;move;;;5;10;;;;;;;;;;True;False;False;False;;ok;16955.487117588724;15274.386452593328;15274.386452593328;15274.386452593328;132;15274.386452593328;1289.4692;1681.100664995396;Evaluated;5.6592;2.4323;64;True;1;
20;1;20;2;normal;0;92fe4fb53cfe;swap;17;20;;;;;;;;;;;;True;False;False;False;;ok;17000.35157743156;15274.386452593328;15274.386452593328;15274.386452593328;133;15274.386452593328;1297.1254;1725.9651248382324;Evaluated;5.2279;2.4258;64;True;1;
20;1;20;3;normal;0;92fe4fb53cfe;reinsert_block;;;;;;;32;40;15;;;;;True;False;False;True;;ok;16744.25919444789;15274.386452593328;15274.386452593328;15274.386452593328;134;15274.386452593328;1305.0513;1469.872741854564;Evaluated;5.4987;2.4238;64;True;1;
20;1;20;4;normal;0;92fe4fb53cfe;move;;;50;45;;;;;;;;;;True;False;False;False;;ok;15274.386452593328;15274.386452593328;15274.386452593328;15274.386452593328;135;15274.386452593328;1312.4928;0.0;Evaluated;5.2106;2.228;64;True;1;
20;1;20;5;normal;0;92fe4fb53cfe;swap;40;45;;;;;;;;;;;;True;False;False;False;;ok;16497.308461602544;15274.386452593328;15274.386452593328;15274.386452593328;136;15274.386452593328;1323.5215;1222.9220090092167;Evaluated;8.5992;2.4274;64;True;2;duplicate_for_same_parent_sequence
20;1;20;;normal;1;;;;;;;;;;;;;;;;;;;;;End-of-iteration summary row;;;15274.386452593328;15274.386452593328;136;15274.386452593328;1323.5242;;IterationSummary;;;;;;
21;1;21;1;normal;1;92fe4fb53cfe;move;;;10;5;;;;;;;;;;True;False;False;False;;ok;16680.380345738675;15274.386452593328;15274.386452593328;15274.386452593328;137;15274.386452593328;1331.5081;1405.993893145347;Evaluated;5.5472;2.4253;64;True;1;
21;1;21;2;normal;1;92fe4fb53cfe;swap;18;25;;;;;;;;;;;;True;False;False;False;;ok;15274.386452593328;15274.386452593328;15274.386452593328;15274.386452593328;138;15274.386452593328;1339.1373;0.0;Evaluated;5.4017;2.2242;64;True;1;
21;1;21;3;normal;1;92fe4fb53cfe;reinsert_block;;;;;;;35;41;20;;;;;True;False;False;True;;ok;16956.48946924447;15274.386452593328;15274.386452593328;15274.386452593328;139;15274.386452593328;1347.0417;1682.103016651141;Evaluated;5.4732;2.4286;64;True;1;
21;1;21;4;normal;1;92fe4fb53cfe;move;;;50;48;;;;;;;;;;True;False;False;False;;ok;15274.386452593328;15274.386452593328;15274.386452593328;15274.386452593328;140;15274.386452593328;1354.5076;0.0;Evaluated;5.2344;2.2287;64;True;1;
21;1;21;5;normal;1;92fe4fb53cfe;move;;;15;20;;;;;;;;;;True;False;False;False;;ok;15268.875458633986;15274.386452593328;15274.386452593328;15274.386452593328;141;15274.386452593328;1361.9036;-5.510993959342159;Evaluated;5.1648;2.2281;64;True;1;
21;1;21;;normal;0;;;;;;;;;;;;;;;;;;;;;End-of-iteration summary row;;;15268.875458633986;15268.875458633986;141;15268.875458633986;1361.9215;;IterationSummary;;;;;;
22;1;22;1;normal;0;ba026e383e1d;move;;;5;10;;;;;;;;;;True;False;False;False;;ok;17346.758434779174;15268.875458633986;15268.875458633986;15268.875458633986;142;15268.875458633986;1370.0756;2077.882976145189;Evaluated;5.7202;2.4282;64;True;1;
22;1;22;2;normal;0;ba026e383e1d;swap;20;25;;;;;;;;;;;;True;False;False;False;;ok;16460.959649951103;15268.875458633986;15268.875458633986;15268.875458633986;143;15268.875458633986;1377.9263;1192.084191317117;Evaluated;5.4217;2.4258;64;True;1;
22;1;22;3;normal;0;ba026e383e1d;reinsert_block;;;;;;;35;41;20;;;;;True;False;False;True;;ok;16570.49894052893;15268.875458633986;15268.875458633986;15268.875458633986;144;15268.875458633986;1385.833;1301.6234818949451;Evaluated;5.4729;2.4305;64;True;1;
22;1;22;4;normal;0;ba026e383e1d;move;;;50;48;;;;;;;;;;True;False;False;False;;ok;15268.875458633986;15268.875458633986;15268.875458633986;15268.875458633986;145;15268.875458633986;1393.2922;0.0;Evaluated;5.2338;2.2228;64;True;1;
22;1;22;5;normal;0;ba026e383e1d;move;;;25;30;;;;;;;;;;True;False;False;False;;ok;16697.01021296525;15268.875458633986;15268.875458633986;15268.875458633986;146;15268.875458633986;1400.8811;1428.1347543312659;Evaluated;5.1575;2.4287;64;True;1;
22;1;22;;normal;1;;;;;;;;;;;;;;;;;;;;;End-of-iteration summary row;;;15268.875458633986;15268.875458633986;146;15268.875458633986;1400.8845;;IterationSummary;;;;;;
23;1;23;1;normal;1;ba026e383e1d;move;;;8;12;;;;;;;;;;True;False;False;False;;ok;16663.818525311046;15268.875458633986;15268.875458633986;15268.875458633986;147;15268.875458633986;1412.2422;1394.9430666770604;Evaluated;8.9173;2.4271;64;True;2;duplicate_for_same_parent_sequence
23;1;23;2;normal;1;ba026e383e1d;move;;;30;18;;;;;;;;;;True;False;False;True;;ok;15742.813589915415;15268.875458633986;15268.875458633986;15268.875458633986;148;15268.875458633986;1423.1144;473.9381312814294;Evaluated;8.6421;2.2276;64;True;2;duplicate_for_same_parent_sequence
23;1;23;3;normal;1;ba026e383e1d;move;;;37;28;;;;;;;;;;True;False;False;False;;ok;17598.338478840462;15268.875458633986;15268.875458633986;15268.875458633986;149;15268.875458633986;1434.4898;2329.4630202064764;Evaluated;8.9433;2.4287;64;True;2;duplicate_for_same_parent_sequence
23;1;23;4;normal;1;ba026e383e1d;move;;;50;60;;;;;;;;;;True;False;False;True;;ok;15261.455343938243;15268.875458633986;15268.875458633986;15268.875458633986;150;15268.875458633986;1445.5229;-7.420114695742086;Evaluated;8.8042;2.2261;64;True;2;duplicate_for_same_parent_sequence
23;1;23;5;normal;1;ba026e383e1d;move;;;15;20;;;;;;;;;;True;False;False;False;;ok;17553.178107790987;15268.875458633986;15268.875458633986;15268.875458633986;151;15268.875458633986;1453.0556;2284.3026491570017;Evaluated;5.1025;2.4272;64;True;1;
23;1;23;;normal;0;;;;;;;;;;;;;;;;;;;;;End-of-iteration summary row;;;15261.455343938243;15261.455343938243;151;15261.455343938243;1453.0701;;IterationSummary;;;;;;
24;1;24;1;normal;0;03e34eb079c9;move;;;5;10;;;;;;;;;;True;False;False;False;;ok;17358.415418570625;15261.455343938243;15261.455343938243;15261.455343938243;152;15261.455343938243;1461.329;2096.9600746323813;Evaluated;5.8251;2.4268;64;True;1;
24;1;24;2;normal;0;03e34eb079c9;swap;20;25;;;;;;;;;;;;True;False;False;False;;ok;16479.336137135346;15261.455343938243;15261.455343938243;15261.455343938243;153;15261.455343938243;1469.0223;1217.8807931971023;Evaluated;5.2547;2.4356;64;True;1;
24;1;24;3;normal;0;03e34eb079c9;reinsert_block;;;;;;;35;41;20;;;;;True;False;False;True;;ok;16578.446424701502;15261.455343938243;15261.455343938243;15261.455343938243;154;15261.455343938243;1476.9853;1316.9910807632587;Evaluated;5.5313;2.4292;64;True;1;
24;1;24;4;normal;0;03e34eb079c9;move;;;50;48;;;;;;;;;;True;False;False;False;;ok;15534.700885297605;15261.455343938243;15261.455343938243;15261.455343938243;155;15261.455343938243;1484.4511;273.2455413593616;Evaluated;5.231;2.232;64;True;1;
24;1;24;5;normal;0;03e34eb079c9;move;;;25;30;;;;;;;;;;True;False;False;False;;ok;16702.102258847706;15261.455343938243;15261.455343938243;15261.455343938243;156;15261.455343938243;1492.0608;1440.6469149094628;Evaluated;5.1725;2.4345;64;True;1;
24;1;24;;normal;1;;;;;;;;;;;;;;;;;;;;;End-of-iteration summary row;;;15261.455343938243;15261.455343938243;156;15261.455343938243;1492.0638;;IterationSummary;;;;;;
25;1;25;1;normal;1;03e34eb079c9;move;;;3;8;;;;;;;;;;True;False;False;False;;ok;17929.85968310728;15261.455343938243;15261.455343938243;15261.455343938243;157;15261.455343938243;1503.5539;2668.4043391690357;Evaluated;9.0492;2.4262;64;True;2;duplicate_for_same_parent_sequence
25;1;25;2;normal;1;03e34eb079c9;swap;18;25;;;;;;;;;;;;True;False;False;False;;ok;16373.949435305673;15261.455343938243;15261.455343938243;15261.455343938243;158;15261.455343938243;1515.0981;1112.494091367429;Evaluated;9.1128;2.4306;64;True;2;duplicate_for_same_parent_sequence
25;1;25;3;normal;1;03e34eb079c9;move;;;37;28;;;;;;;;;;True;False;False;False;;ok;17605.492235103113;15261.455343938243;15261.455343938243;15261.455343938243;159;15261.455343938243;1526.8973;2344.0368911648693;Evaluated;9.3677;2.4308;64;True;2;duplicate_for_same_parent_sequence
25;1;25;4;normal;1;03e34eb079c9;move;;;55;60;;;;;;;;;;True;False;False;False;;ok;15421.814859511383;15261.455343938243;15261.455343938243;15261.455343938243;160;15261.455343938243;1537.8363;160.35951557314002;Evaluated;8.7121;2.2251;64;True;2;duplicate_for_same_parent_sequence
25;1;25;5;normal;1;03e34eb079c9;move;;;8;12;;;;;;;;;;True;False;False;False;;ok;16670.972281573697;15261.455343938243;15261.455343938243;15261.455343938243;161;15261.455343938243;1545.4118;1409.5169376354534;Evaluated;5.1412;2.4311;64;True;1;
25;1;25;;normal;2;;;;;;;;;;;;;;;;;;;;;End-of-iteration summary row;;;15261.455343938243;15261.455343938243;161;15261.455343938243;1545.415;;IterationSummary;;;;;;
26;1;26;1;normal;2;03e34eb079c9;move;;;5;10;;;;;;;;;;False;True;False;;;ok;;15261.455343938243;15261.455343938243;15261.455343938243;161;15261.455343938243;1558.1713;;DuplicateForSameParentSequenceAfterRetries;12.7411;;;;3;duplicate_for_same_parent_sequence
26;1;26;2;normal;2;03e34eb079c9;swap;18;20;;;;;;;;;;;;True;False;False;False;;ok;17151.556592384062;15261.455343938243;15261.455343938243;15261.455343938243;162;15261.455343938243;1565.8116;1890.1012484458188;Evaluated;5.213;2.4262;64;True;1;
26;1;26;3;normal;2;03e34eb079c9;move;;;38;45;;;;;;;;;;True;False;False;False;;ok;15980.569279979562;15261.455343938243;15261.455343938243;15261.455343938243;163;15261.455343938243;1577.0012;719.1139360413181;Evaluated;8.9625;2.2256;64;True;2;duplicate_for_same_parent_sequence
26;1;26;4;normal;2;03e34eb079c9;move;;;48;60;;;;;;;;;;True;False;False;True;;ok;15462.444396835559;15261.455343938243;15261.455343938243;15261.455343938243;164;15261.455343938243;1591.5795;200.98905289731556;Evaluated;12.3494;2.2254;64;True;3;duplicate_for_same_parent_sequence
26;1;26;5;normal;2;03e34eb079c9;move;;;20;15;;;;;;;;;;True;False;False;False;;ok;15266.966337897586;15261.455343938243;15261.455343938243;15261.455343938243;165;15261.455343938243;1599.0628;5.510993959342159;Evaluated;5.2548;2.2257;64;True;1;
26;1;26;;normal;3;;;;;;;;;;;;;;;;;;;;;End-of-iteration summary row;;;15261.455343938243;15261.455343938243;165;15261.455343938243;1599.0636;;IterationSummary;;;;;;
27;1;27;1;diversification;3;03e34eb079c9;move;;;2;8;;;;;;;;;;True;False;False;False;;ok;18086.809340472217;15261.455343938243;15261.455343938243;15261.455343938243;166;15261.455343938243;1610.5612;2825.3539965339733;Evaluated;8.8666;2.6254;64;True;2;duplicate_for_same_parent_sequence
27;1;27;2;diversification;3;03e34eb079c9;reinsert_block;;;;;;;16;23;40;;;;;True;False;False;True;;ok;16644.903746680884;15261.455343938243;15261.455343938243;15261.455343938243;167;15261.455343938243;1618.6081;1383.4484027426406;Evaluated;5.6178;2.4272;64;True;1;
27;1;27;3;diversification;3;03e34eb079c9;swap;35;42;;;;;;;;;;;;True;False;False;False;;ok;16288.241401337184;15261.455343938243;15261.455343938243;15261.455343938243;168;15261.455343938243;1626.2613;1026.78605739894;Evaluated;5.2214;2.4293;64;True;1;
27;1;27;4;diversification;3;03e34eb079c9;move;;;48;52;;;;;;;;;;True;False;False;False;;ok;15434.323916975425;15261.455343938243;15261.455343938243;15261.455343938243;169;15261.455343938243;1640.3939;172.8685730371817;Evaluated;11.9018;2.2278;64;True;3;duplicate_for_same_parent_sequence
27;1;27;5;diversification;3;03e34eb079c9;move;;;25;10;;;;;;;;;;True;False;False;True;;ok;17606.05829948197;15261.455343938243;15261.455343938243;15261.455343938243;170;15261.455343938243;1648.195;2344.602955543727;Evaluated;5.3684;2.43;64;True;1;
27;1;27;6;diversification;3;03e34eb079c9;move;;;40;35;;;;;;;;;;True;False;False;False;;ok;16640.394433222027;15261.455343938243;15261.455343938243;15261.455343938243;171;15261.455343938243;1655.8413;1378.9390892837837;Evaluated;5.2198;2.424;64;True;1;
27;1;27;7;diversification;3;03e34eb079c9;move;;;30;25;;;;;;;;;;True;False;False;False;;ok;15251.676393096124;15261.455343938243;15261.455343938243;15261.455343938243;172;15261.455343938243;1666.6182;-9.77895084211923;EvaluatedImprovementDespiteDiversificationMismatch;8.5461;2.2279;64;True;2;duplicate_for_same_parent_sequence
27;1;27;8;diversification;3;03e34eb079c9;move;;;5;10;;;;;;;;;;False;True;False;;;ok;;15261.455343938243;15261.455343938243;15261.455343938243;172;15261.455343938243;1678.6955;;DuplicateForSameParentSequenceAfterRetries;12.0739;;;;3;duplicate_for_same_parent_sequence
27;1;27;9;diversification;3;03e34eb079c9;move;;;18;30;;;;;;;;;;True;False;False;True;;ok;16719.864119993355;15261.455343938243;15261.455343938243;15261.455343938243;173;15261.455343938243;1689.8205;1458.408776055112;Evaluated;8.6966;2.4274;64;True;2;duplicate_for_same_parent_sequence
27;1;27;10;diversification;3;03e34eb079c9;move;;;40;52;;;;;;;;;;True;False;False;True;;ok;16031.023983892877;15261.455343938243;15261.455343938243;15261.455343938243;174;15261.455343938243;1697.6298;769.5686399546339;Evaluated;5.5761;2.2325;64;True;1;
27;1;27;;diversification;0;;;;;;;;;;;;;;;;;;;;;End-of-iteration summary row;;;15251.676393096124;15251.676393096124;174;15251.676393096124;1697.6403;;IterationSummary;;;;;;
28;1;28;1;normal;0;c24664eaa042;move;;;10;5;;;;;;;;;;True;False;False;False;;ok;15628.099177786738;15251.676393096124;15251.676393096124;15251.676393096124;175;15251.676393096124;1705.4838;376.4227846906142;Evaluated;5.6088;2.2276;64;True;1;
28;1;28;2;normal;0;c24664eaa042;swap;18;25;;;;;;;;;;;;True;False;False;False;;ok;17260.637537421368;15251.676393096124;15251.676393096124;15251.676393096124;176;15251.676393096124;1713.3785;2008.9611443252434;Evaluated;5.4608;2.4333;64;True;1;
28;1;28;3;normal;0;c24664eaa042;reinsert_block;;;;;;;32;40;52;;;;;True;False;False;True;;ok;15933.487408656334;15251.676393096124;15251.676393096124;15251.676393096124;177;15251.676393096124;1721.1214;681.8110155602099;Evaluated;5.5155;2.2241;64;True;1;
28;1;28;4;normal;0;c24664eaa042;move;;;48;50;;;;;;;;;;True;False;False;False;;ok;15646.407867705202;15251.676393096124;15251.676393096124;15251.676393096124;178;15251.676393096124;1728.5759;394.73147460907785;Evaluated;5.2251;2.226;64;True;1;
28;1;28;5;normal;0;c24664eaa042;move;;;20;15;;;;;;;;;;True;False;False;False;;ok;15567.913561557434;15251.676393096124;15251.676393096124;15251.676393096124;179;15251.676393096124;1736.3386;316.2371684613099;Evaluated;5.5301;2.23;64;True;1;
28;1;28;;normal;1;;;;;;;;;;;;;;;;;;;;;End-of-iteration summary row;;;15251.676393096124;15251.676393096124;179;15251.676393096124;1736.3419;;IterationSummary;;;;;;
29;1;29;1;normal;1;c24664eaa042;move;;;5;10;;;;;;;;;;True;False;False;False;;ok;16920.31029887878;15251.676393096124;15251.676393096124;15251.676393096124;180;15251.676393096124;1744.3746;1668.6339057826553;Evaluated;5.591;2.4316;64;True;1;
29;1;29;2;normal;1;c24664eaa042;swap;20;25;;;;;;;;;;;;True;False;False;False;;ok;15737.184582919976;15251.676393096124;15251.676393096124;15251.676393096124;181;15251.676393096124;1751.9942;485.50818982385135;Evaluated;5.3911;2.2245;64;True;1;
29;1;29;3;normal;1;c24664eaa042;reinsert_block;;;;;;;35;40;28;;;;;True;False;False;False;;ok;16530.182878305655;15251.676393096124;15251.676393096124;15251.676393096124;182;15251.676393096124;1759.7114;1278.506485209531;Evaluated;5.2821;2.4313;64;True;1;
29;1;29;4;normal;1;c24664eaa042;move;;;50;45;;;;;;;;;;True;False;False;False;;ok;15523.611477804441;15251.676393096124;15251.676393096124;15251.676393096124;183;15251.676393096124;1767.4077;271.93508470831694;Evaluated;5.4563;2.2364;64;True;1;
29;1;29;5;normal;1;c24664eaa042;move;;;28;35;;;;;;;;;;True;False;False;False;;ok;16731.79832772341;15251.676393096124;15251.676393096124;15251.676393096124;184;15251.676393096124;1774.9531;1480.1219346272846;Evaluated;5.1093;2.4333;64;True;1;
29;1;29;;normal;2;;;;;;;;;;;;;;;;;;;;;End-of-iteration summary row;;;15251.676393096124;15251.676393096124;184;15251.676393096124;1774.9562;;IterationSummary;;;;;;
30;1;30;1;normal;2;c24664eaa042;move;;;7;2;;;;;;;;;;True;False;False;False;;ok;17535.102379505348;15251.676393096124;15251.676393096124;15251.676393096124;185;15251.676393096124;1786.5079;2283.4259864092237;Evaluated;9.1087;2.4286;64;True;2;duplicate_for_same_parent_sequence
30;1;30;2;normal;2;c24664eaa042;move;;;30;25;;;;;;;;;;True;False;False;False;;ok;17901.28606267179;15251.676393096124;15251.676393096124;15251.676393096124;186;15251.676393096124;1797.7719;2649.609669575664;Evaluated;8.8328;2.4281;64;True;2;duplicate_for_same_parent_sequence
30;1;30;3;normal;2;c24664eaa042;reinsert_block;;;;;;;32;36;50;;;;;True;False;False;True;;ok;16963.832498591324;15251.676393096124;15251.676393096124;15251.676393096124;187;15251.676393096124;1806.0005;1712.1561054951999;Evaluated;5.7985;2.4271;64;True;1;
30;1;30;4;normal;2;c24664eaa042;move;;;50;48;;;;;;;;;;True;False;False;False;;ok;15525.623079015617;15251.676393096124;15251.676393096124;15251.676393096124;188;15251.676393096124;1813.3555;273.94668591949267;Evaluated;5.1229;2.229;64;True;1;
30;1;30;5;normal;2;c24664eaa042;move;;;30;40;;;;;;;;;;True;False;False;True;;ok;16441.008078937593;15251.676393096124;15251.676393096124;15251.676393096124;189;15251.676393096124;1824.3623;1189.3316858414692;Evaluated;8.5758;2.4281;64;True;2;duplicate_for_same_parent_sequence
30;1;30;;normal;3;;;;;;;;;;;;;;;;;;;;;End-of-iteration summary row;;;15251.676393096124;15251.676393096124;189;15251.676393096124;1824.3652;;IterationSummary;;;;;;
31;1;31;1;diversification;3;c24664eaa042;move;;;8;15;;;;;;;;;;True;False;False;False;;ok;17557.313092223223;15251.676393096124;15251.676393096124;15251.676393096124;190;15251.676393096124;1832.1923;2305.636699127099;Evaluated;5.3908;2.4259;64;True;1;
31;1;31;2;diversification;3;c24664eaa042;reinsert_block;;;;;;;18;24;35;;;;;True;False;False;True;;ok;15984.485185272311;15251.676393096124;15251.676393096124;15251.676393096124;191;15251.676393096124;1840.0557;732.8087921761871;Evaluated;5.6329;2.2284;64;True;1;
31;1;31;3;diversification;3;c24664eaa042;swap;35;40;;;;;;;;;;;;True;False;False;False;;ok;16258.262167042776;15251.676393096124;15251.676393096124;15251.676393096124;192;15251.676393096124;1847.7843;1006.5857739466519;Evaluated;5.2918;2.4333;64;True;1;
31;1;31;4;diversification;3;c24664eaa042;move;;;48;55;;;;;;;;;;True;False;False;False;;ok;15909.333344734827;15251.676393096124;15251.676393096124;15251.676393096124;193;15251.676393096124;1858.7815;657.6569516387026;Evaluated;8.7655;2.2288;64;True;2;duplicate_for_same_parent_sequence
31;1;31;5;diversification;3;c24664eaa042;move;;;35;28;;;;;;;;;;True;False;False;False;;ok;16891.520436981154;15251.676393096124;15251.676393096124;15251.676393096124;194;15251.676393096124;1873.7371;1639.8440438850303;Evaluated;12.5215;2.4312;64;True;3;duplicate_for_same_parent_sequence
31;1;31;6;diversification;3;c24664eaa042;move;;;15;20;;;;;;;;;;True;False;False;False;;ok;17550.083413916575;15251.676393096124;15251.676393096124;15251.676393096124;195;15251.676393096124;1885.3383;2298.4070208204503;Evaluated;9.1706;2.43;64;True;2;duplicate_for_same_parent_sequence
31;1;31;7;diversification;3;c24664eaa042;move;;;28;15;;;;;;;;;;True;False;False;True;;ok;17306.29272466272;15251.676393096124;15251.676393096124;15251.676393096124;196;15251.676393096124;1899.7032;2054.6163315665945;Evaluated;11.9314;2.4297;64;True;3;duplicate_for_same_parent_sequence
31;1;31;8;diversification;3;c24664eaa042;move;;;20;30;;;;;;;;;;True;False;False;True;;ok;15607.455538624576;15251.676393096124;15251.676393096124;15251.676393096124;197;15251.676393096124;1910.5425;355.7791455284514;Evaluated;8.6081;2.2305;64;True;2;duplicate_for_same_parent_sequence
31;1;31;9;diversification;3;c24664eaa042;move;;;28;35;;;;;;;;;;False;True;False;;;ok;;15251.676393096124;15251.676393096124;15251.676393096124;197;15251.676393096124;1922.8742;;DuplicateForSameParentSequenceAfterRetries;12.329;;;;3;duplicate_for_same_parent_sequence
31;1;31;10;diversification;3;c24664eaa042;swap;40;45;;;;;;;;;;;;True;False;False;False;;ok;16640.4093964866;15251.676393096124;15251.676393096124;15251.676393096124;198;15251.676393096124;1937.3221;1388.7330033904764;Evaluated;12.0173;2.4295;64;True;3;duplicate_for_same_parent_sequence
31;1;31;;diversification;4;;;;;;;;;;;;;;;;;;;;;End-of-iteration summary row;;;15251.676393096124;15251.676393096124;198;15251.676393096124;1937.3232;;IterationSummary;;;;;;
32;1;32;1;diversification;4;c24664eaa042;move;;;20;40;;;;;;;;;;True;False;False;True;;ok;15728.698483995258;15251.676393096124;15251.676393096124;15251.676393096124;199;15251.676393096124;1948.6095;477.0220908991341;Evaluated;9.0528;2.2279;64;True;2;duplicate_for_same_parent_sequence
32;1;32;2;diversification;4;c24664eaa042;reinsert_block;;;;;;;25;30;18;;;;;True;False;False;False;;ok;17168.865400408482;15251.676393096124;15251.676393096124;15251.676393096124;200;15251.676393096124;1956.6456;1917.1890073123577;Evaluated;5.6068;2.4266;64;True;1;
32;1;32;3;diversification;4;c24664eaa042;swap;34;38;;;;;;;;;;;;True;False;False;False;;ok;16968.44459645246;15251.676393096124;15251.676393096124;15251.676393096124;201;15251.676393096124;1964.329;1716.768203356336;Evaluated;5.2532;2.4275;64;True;1;
32;1;32;4;diversification;4;c24664eaa042;move;;;50;35;;;;;;;;;;True;False;False;True;;ok;16267.118945839191;15251.676393096124;15251.676393096124;15251.676393096124;202;15251.676393096124;1972.0912;1015.4425527430667;Evaluated;5.3284;2.4308;64;True;1;
32;1;32;5;diversification;4;c24664eaa042;move;;;30;20;;;;;;;;;;True;False;False;True;;ok;16566.95983879078;15251.676393096124;15251.676393096124;15251.676393096124;203;15251.676393096124;1983.5441;1315.2834456946548;Evaluated;9.0172;2.4326;64;True;2;duplicate_for_same_parent_sequence
32;1;32;6;diversification;4;c24664eaa042;move;;;48;60;;;;;;;;;;True;False;False;True;;ok;15729.567931565442;15251.676393096124;15251.676393096124;15251.676393096124;204;15251.676393096124;1994.5114;477.8915384693173;Evaluated;8.7378;2.2268;64;True;2;duplicate_for_same_parent_sequence
32;1;32;7;diversification;4;c24664eaa042;move;;;20;35;;;;;;;;;;True;False;False;True;;ok;15459.903792821311;15251.676393096124;15251.676393096124;15251.676393096124;205;15251.676393096124;2001.903;208.22739972518684;Evaluated;5.1603;2.2282;64;True;1;
32;1;32;8;diversification;4;c24664eaa042;move;;;30;40;;;;;;;;;;False;True;False;;;ok;;15251.676393096124;15251.676393096124;15251.676393096124;205;15251.676393096124;2014.0777;;DuplicateForSameParentSequenceAfterRetries;12.1711;;;;3;duplicate_for_same_parent_sequence
32;1;32;9;diversification;4;c24664eaa042;swap;30;40;;;;;;;;;;;;True;False;False;False;;ok;16553.957441675142;15251.676393096124;15251.676393096124;15251.676393096124;206;15251.676393096124;2025.417;1302.2810485790178;Evaluated;8.9113;2.4269;64;True;2;duplicate_for_same_parent_sequence
32;1;32;10;diversification;4;c24664eaa042;swap;45;50;;;;;;;;;;;;True;False;False;False;;ok;15613.282837216802;15251.676393096124;15251.676393096124;15251.676393096124;207;15251.676393096124;2036.3848;361.60644412067813;Evaluated;8.7345;2.231;64;True;2;duplicate_for_same_parent_sequence
32;1;32;;diversification;5;;;;;;;;;;;;;;;;;;;;;End-of-iteration summary row;;;15251.676393096124;15251.676393096124;207;15251.676393096124;2036.3885;;IterationSummary;;;;;;
33;1;33;1;diversification;5;c24664eaa042;move;;;5;20;;;;;;;;;;True;False;False;True;;ok;17370.49144804982;15251.676393096124;15251.676393096124;15251.676393096124;208;15251.676393096124;2044.4722;2118.815054953695;Evaluated;5.6455;2.4287;64;True;1;
33;1;33;2;diversification;5;c24664eaa042;reinsert_block;;;;;;;18;23;5;;;;;True;False;False;True;;ok;17541.646142882222;15251.676393096124;15251.676393096124;15251.676393096124;209;15251.676393096124;2052.3874;2289.969749786098;Evaluated;5.4801;2.432;64;True;1;
33;1;33;3;diversification;5;c24664eaa042;swap;38;42;;;;;;;;;;;;True;False;False;False;;ok;15263.768674994268;15251.676393096124;15251.676393096124;15251.676393096124;210;15251.676393096124;2059.8717;12.092281898143483;Evaluated;5.2569;2.2248;64;True;1;
33;1;33;4;diversification;5;c24664eaa042;move;;;60;50;;;;;;;;;;True;False;False;True;;ok;15251.220368597513;15251.676393096124;15251.676393096124;15251.676393096124;211;15251.676393096124;2070.6839;-0.45602449861144123;Evaluated;8.5764;2.2326;64;True;2;duplicate_for_same_parent_sequence
33;1;33;5;diversification;5;c24664eaa042;move;;;30;20;;;;;;;;;;False;True;False;;;ok;;15251.676393096124;15251.676393096124;15251.676393096124;211;15251.676393096124;2083.0384;;DuplicateForSameParentSequenceAfterRetries;12.3509;;;;3;duplicate_for_same_parent_sequence
33;1;33;6;diversification;5;c24664eaa042;move;;;45;30;;;;;;;;;;True;False;False;True;;ok;16687.65598258575;15251.676393096124;15251.676393096124;15251.676393096124;212;15251.676393096124;2090.8095;1435.979589489627;Evaluated;5.3415;2.4285;64;True;1;
33;1;33;7;diversification;5;c24664eaa042;move;;;25;10;;;;;;;;;;True;False;False;True;;ok;17594.94862984904;15251.676393096124;15251.676393096124;15251.676393096124;213;15251.676393096124;2098.4939;2343.272236752917;Evaluated;5.2534;2.4275;64;True;1;
33;1;33;8;diversification;5;c24664eaa042;move;;;18;25;;;;;;;;;;True;False;False;False;;ok;17263.55512612094;15251.676393096124;15251.676393096124;15251.676393096124;214;15251.676393096124;2106.1031;2011.878733024816;Evaluated;5.1753;2.431;64;True;1;
33;1;33;9;diversification;5;c24664eaa042;move;;;25;30;;;;;;;;;;True;False;False;False;;ok;15261.455343938243;15251.676393096124;15251.676393096124;15251.676393096124;215;15251.676393096124;2113.632;9.77895084211923;Evaluated;5.2929;2.2328;64;True;1;
33;1;33;10;diversification;5;c24664eaa042;swap;42;48;;;;;;;;;;;;True;False;False;False;;ok;16594.97784254684;15251.676393096124;15251.676393096124;15251.676393096124;216;15251.676393096124;2124.798;1343.3014494507152;Evaluated;8.7351;2.4284;64;True;2;duplicate_for_same_parent_sequence
33;1;33;;diversification;0;;;;;;;;;;;;;;;;;;;;;End-of-iteration summary row;;;15251.220368597513;15251.220368597513;216;15251.220368597513;2124.8142;;IterationSummary;;;;;;
34;1;34;1;normal;0;e1b049a1f557;move;;;7;2;;;;;;;;;;True;False;False;False;;ok;17523.445395713898;15251.220368597513;15251.220368597513;15251.220368597513;217;15251.220368597513;2132.6375;2272.225027116385;Evaluated;5.3822;2.4348;64;True;1;
34;1;34;2;normal;0;e1b049a1f557;swap;18;25;;;;;;;;;;;;True;False;False;False;;ok;17248.980553629917;15251.220368597513;15251.220368597513;15251.220368597513;218;15251.220368597513;2140.2844;1997.7601850324045;Evaluated;5.217;2.4273;64;True;1;
34;1;34;3;normal;0;e1b049a1f557;reinsert_block;;;;;;;35;41;20;;;;;True;False;False;True;;ok;16290.61747728909;15251.220368597513;15251.220368597513;15251.220368597513;219;15251.220368597513;2148.3212;1039.3971086915772;Evaluated;5.6053;2.4289;64;True;1;
34;1;34;4;normal;0;e1b049a1f557;move;;;50;45;;;;;;;;;;True;False;False;False;;ok;15262.55827253282;15251.220368597513;15251.220368597513;15251.220368597513;220;15251.220368597513;2155.8189;11.337903935307622;Evaluated;5.2653;2.2298;64;True;1;
34;1;34;5;normal;0;e1b049a1f557;move;;;15;20;;;;;;;;;;True;False;False;False;;ok;17545.645958358444;15251.220368597513;15251.220368597513;15251.220368597513;221;15251.220368597513;2163.4153;2294.425589760931;Evaluated;5.1602;2.4318;64;True;1;
34;1;34;;normal;1;;;;;;;;;;;;;;;;;;;;;End-of-iteration summary row;;;15251.220368597513;15251.220368597513;221;15251.220368597513;2163.4185;;IterationSummary;;;;;;
35;1;35;1;normal;1;e1b049a1f557;move;;;10;5;;;;;;;;;;True;False;False;False;;ok;15628.099177786738;15251.220368597513;15251.220368597513;15251.220368597513;222;15251.220368597513;2171.2173;376.87880918922565;Evaluated;5.5613;2.2298;64;True;1;
35;1;35;2;normal;1;e1b049a1f557;swap;20;25;;;;;;;;;;;;True;False;False;False;;ok;15737.184582919976;15251.220368597513;15251.220368597513;15251.220368597513;223;15251.220368597513;2182.6015;485.9642143224628;Evaluated;9.1561;2.225;64;True;2;duplicate_for_same_parent_sequence
35;1;35;3;normal;1;e1b049a1f557;move;;;38;10;;;;;;;;;;True;False;False;True;;ok;16447.295282030653;15251.220368597513;15251.220368597513;15251.220368597513;224;15251.220368597513;2194.0234;1196.07491343314;Evaluated;8.9904;2.4284;64;True;2;duplicate_for_same_parent_sequence
35;1;35;4;normal;1;e1b049a1f557;move;;;50;48;;;;;;;;;;True;False;False;False;;ok;15251.220368597513;15251.220368597513;15251.220368597513;15251.220368597513;225;15251.220368597513;2201.6361;0.0;Evaluated;5.3814;2.2287;64;True;1;
35;1;35;5;normal;1;e1b049a1f557;move;;;8;15;;;;;;;;;;True;False;False;False;;ok;17545.656108431773;15251.220368597513;15251.220368597513;15251.220368597513;226;15251.220368597513;2209.1928;2294.43573983426;Evaluated;5.127;2.4272;64;True;1;
35;1;35;;normal;2;;;;;;;;;;;;;;;;;;;;;End-of-iteration summary row;;;15251.220368597513;15251.220368597513;226;15251.220368597513;2209.1956;;IterationSummary;;;;;;
36;1;36;1;normal;2;e1b049a1f557;move;;;10;2;;;;;;;;;;True;False;False;False;;ok;18211.69032963958;15251.220368597513;15251.220368597513;15251.220368597513;227;15251.220368597513;2217.3922;2960.4699610420666;Evaluated;5.555;2.6277;64;True;1;
36;1;36;2;normal;2;e1b049a1f557;swap;16;30;;;;;;;;;;;;True;False;False;True;;ok;17660.804547715627;15251.220368597513;15251.220368597513;15251.220368597513;228;15251.220368597513;2225.2376;2409.5841791181138;Evaluated;5.4143;2.4285;64;True;1;
36;1;36;3;normal;2;e1b049a1f557;reinsert_block;;;;;;;35;40;20;;;;;True;False;False;True;;ok;16275.849177105572;15251.220368597513;15251.220368597513;15251.220368597513;229;15251.220368597513;2233.2404;1024.6288085080596;Evaluated;5.5731;2.4266;64;True;1;
36;1;36;4;normal;2;e1b049a1f557;move;;;28;35;;;;;;;;;;True;False;False;False;;ok;16241.426200048993;15251.220368597513;15251.220368597513;15251.220368597513;230;15251.220368597513;2244.4182;990.2058314514798;Evaluated;8.7442;2.4329;64;True;2;duplicate_for_same_parent_sequence
36;1;36;5;normal;2;e1b049a1f557;move;;;5;10;;;;;;;;;;True;False;False;False;;ok;16908.92385821622;15251.220368597513;15251.220368597513;15251.220368597513;231;15251.220368597513;2252.0531;1657.7034896187088;Evaluated;5.2059;2.4259;64;True;1;
36;1;36;;normal;3;;;;;;;;;;;;;;;;;;;;;End-of-iteration summary row;;;15251.220368597513;15251.220368597513;231;15251.220368597513;2252.0549;;IterationSummary;;;;;;
37;1;37;1;diversification;3;e1b049a1f557;move;;;10;3;;;;;;;;;;True;False;False;False;;ok;18165.39840023386;15251.220368597513;15251.220368597513;15251.220368597513;232;15251.220368597513;2260.391;2914.1780316363456;Evaluated;5.6998;2.6259;64;True;1;
37;1;37;2;diversification;3;e1b049a1f557;reinsert_block;;;;;;;18;23;5;;;;;True;False;False;True;;ok;17529.989159090772;15251.220368597513;15251.220368597513;15251.220368597513;233;15251.220368597513;2268.3167;2278.768790493259;Evaluated;5.4956;2.4273;64;True;1;
37;1;37;3;diversification;3;e1b049a1f557;swap;35;40;;;;;;;;;;;;True;False;False;False;;ok;16425.457134746754;15251.220368597513;15251.220368597513;15251.220368597513;234;15251.220368597513;2276.0129;1174.2367661492408;Evaluated;5.2646;2.4301;64;True;1;
37;1;37;4;diversification;3;e1b049a1f557;move;;;50;38;;;;;;;;;;True;False;False;True;;ok;15317.614006393665;15251.220368597513;15251.220368597513;15251.220368597513;235;15251.220368597513;2286.9926;66.39363779615269;Evaluated;8.7496;2.2265;64;True;2;duplicate_for_same_parent_sequence
37;1;37;5;diversification;3;e1b049a1f557;swap;25;35;;;;;;;;;;;;True;False;False;False;;ok;16762.654769741654;15251.220368597513;15251.220368597513;15251.220368597513;236;15251.220368597513;2301.7225;1511.4344011441408;Evaluated;12.3006;2.4264;64;True;3;duplicate_for_same_parent_sequence
37;1;37;6;diversification;3;e1b049a1f557;move;;;32;16;;;;;;;;;;True;False;False;True;;ok;17543.172091787088;15251.220368597513;15251.220368597513;15251.220368597513;237;15251.220368597513;2312.9322;2291.951723189575;Evaluated;8.78;2.427;64;True;2;duplicate_for_same_parent_sequence
37;1;37;7;diversification;3;e1b049a1f557;move;;;45;20;;;;;;;;;;True;False;False;True;;ok;15986.366851190169;15251.220368597513;15251.220368597513;15251.220368597513;238;15251.220368597513;2320.5862;735.146482592656;Evaluated;5.4241;2.2266;64;True;1;
37;1;37;8;diversification;3;e1b049a1f557;move;;;10;25;;;;;;;;;;True;False;False;True;;ok;17244.452755870694;15251.220368597513;15251.220368597513;15251.220368597513;239;15251.220368597513;2328.2491;1993.2323872731813;Evaluated;5.2339;2.4252;64;True;1;
37;1;37;9;diversification;3;e1b049a1f557;move;;;25;30;;;;;;;;;;True;False;False;False;;ok;15268.875458633986;15251.220368597513;15251.220368597513;15251.220368597513;240;15251.220368597513;2335.7779;17.655090036472757;Evaluated;5.295;2.2306;64;True;1;
37;1;37;10;diversification;3;e1b049a1f557;move;;;45;50;;;;;;;;;;True;False;False;False;;ok;15449.958876034943;15251.220368597513;15251.220368597513;15251.220368597513;241;15251.220368597513;2343.4407;198.7385074374306;Evaluated;5.4367;2.2251;64;True;1;
37;1;37;;diversification;4;;;;;;;;;;;;;;;;;;;;;End-of-iteration summary row;;;15251.220368597513;15251.220368597513;241;15251.220368597513;2343.446;;IterationSummary;;;;;;
38;1;38;1;diversification;4;e1b049a1f557;move;;;5;28;;;;;;;;;;True;False;False;True;;ok;17387.307789770115;15251.220368597513;15251.220368597513;15251.220368597513;242;15251.220368597513;2354.9277;2136.0874211726023;Evaluated;9.036;2.4309;64;True;2;duplicate_for_same_parent_sequence
38;1;38;2;diversification;4;e1b049a1f557;reinsert_block;;;;;;;20;25;10;;;;;True;False;False;True;;ok;17732.4791076999;15251.220368597513;15251.220368597513;15251.220368597513;243;15251.220368597513;2362.9211;2481.2587391023862;Evaluated;5.5608;2.4299;64;True;1;
38;1;38;3;diversification;4;e1b049a1f557;swap;40;50;;;;;;;;;;;;True;False;False;False;;ok;15409.627801726385;15251.220368597513;15251.220368597513;15251.220368597513;244;15251.220368597513;2370.4003;158.40743312887207;Evaluated;5.2477;2.2287;64;True;1;
38;1;38;4;diversification;4;e1b049a1f557;move;;;48;60;;;;;;;;;;True;False;False;True;;ok;15437.609693054026;15251.220368597513;15251.220368597513;15251.220368597513;245;15251.220368597513;2381.5594;186.38932445651335;Evaluated;8.9316;2.2247;64;True;2;duplicate_for_same_parent_sequence
38;1;38;5;diversification;4;e1b049a1f557;move;;;35;10;;;;;;;;;;True;False;False;True;;ok;17604.217989971577;15251.220368597513;15251.220368597513;15251.220368597513;246;15251.220368597513;2392.5801;2352.9976213740647;Evaluated;8.5855;2.432;64;True;2;duplicate_for_same_parent_sequence
38;1;38;6;diversification;4;e1b049a1f557;move;;;28;42;;;;;;;;;;True;False;False;True;;ok;16571.313846506437;15251.220368597513;15251.220368597513;15251.220368597513;247;15251.220368597513;2403.5666;1320.093477908924;Evaluated;8.553;2.4292;64;True;2;duplicate_for_same_parent_sequence
38;1;38;7;diversification;4;e1b049a1f557;move;;;60;5;;;;;;;;;;True;False;False;True;;ok;18171.228636891843;15251.220368597513;15251.220368597513;15251.220368597513;248;15251.220368597513;2411.3046;2920.0082682943303;Evaluated;5.1023;2.6324;64;True;1;
38;1;38;8;diversification;4;e1b049a1f557;move;;;20;30;;;;;;;;;;True;False;False;True;;ok;15513.689733470996;15251.220368597513;15251.220368597513;15251.220368597513;249;15251.220368597513;2422.1576;262.46936487348285;Evaluated;8.6263;2.226;64;True;2;duplicate_for_same_parent_sequence
38;1;38;9;diversification;4;e1b049a1f557;swap;25;30;;;;;;;;;;;;True;False;False;False;;ok;17894.94352855391;15251.220368597513;15251.220368597513;15251.220368597513;250;15251.220368597513;2436.3294;2643.7231599563984;Evaluated;11.7416;2.427;64;True;3;duplicate_for_same_parent_sequence
38;1;38;10;diversification;4;e1b049a1f557;swap;42;50;;;;;;;;;;;;True;False;False;False;;ok;15908.498713928388;15251.220368597513;15251.220368597513;15251.220368597513;251;15251.220368597513;2447.3487;657.2783453308748;Evaluated;8.7847;2.234;64;True;2;duplicate_for_same_parent_sequence
38;1;38;;diversification;5;;;;;;;;;;;;;;;;;;;;;End-of-iteration summary row;;;15251.220368597513;15251.220368597513;251;15251.220368597513;2447.3514;;IterationSummary;;;;;;
39;1;39;1;diversification;5;e1b049a1f557;move;;;20;15;;;;;;;;;;True;False;False;False;;ok;15567.913561557434;15251.220368597513;15251.220368597513;15251.220368597513;252;15251.220368597513;2455.3512;316.69319295992136;Evaluated;5.7655;2.2264;64;True;1;
39;1;39;2;diversification;5;e1b049a1f557;move;;;30;40;;;;;;;;;;True;False;False;True;;ok;16429.075497071826;15251.220368597513;15251.220368597513;15251.220368597513;253;15251.220368597513;2466.8932;1177.8551284743135;Evaluated;9.1102;2.4283;64;True;2;duplicate_for_same_parent_sequence
39;1;39;3;diversification;5;e1b049a1f557;swap;32;40;;;;;;;;;;;;True;False;False;False;;ok;15251.220368597513;15251.220368597513;15251.220368597513;15251.220368597513;254;15251.220368597513;2474.4198;0.0;Evaluated;5.2921;2.2319;64;True;1;
39;1;39;4;diversification;5;e1b049a1f557;move;;;52;48;;;;;;;;;;True;False;False;False;;ok;15243.528244499481;15251.220368597513;15251.220368597513;15251.220368597513;255;15251.220368597513;2481.927;-7.692124098031854;EvaluatedImprovementDespiteDiversificationMismatch;5.2817;2.2231;64;True;1;
39;1;39;5;diversification;5;e1b049a1f557;move;;;30;45;;;;;;;;;;True;False;False;True;;ok;16434.400480239376;15251.220368597513;15251.220368597513;15251.220368597513;256;15251.220368597513;2492.9447;1183.1801116418628;Evaluated;8.5865;2.4289;64;True;2;duplicate_for_same_parent_sequence
39;1;39;6;diversification;5;e1b049a1f557;move;;;40;50;;;;;;;;;;True;False;False;True;;ok;15850.81145804781;15251.220368597513;15251.220368597513;15251.220368597513;257;15251.220368597513;2500.7418;599.5910894502977;Evaluated;5.565;2.229;64;True;1;
39;1;39;7;diversification;5;e1b049a1f557;move;;;40;5;;;;;;;;;;True;False;False;True;;ok;15519.664303134867;15251.220368597513;15251.220368597513;15251.220368597513;258;15251.220368597513;2508.1916;268.4439345373539;Evaluated;5.2209;2.2258;64;True;1;
39;1;39;8;diversification;5;e1b049a1f557;move;;;8;23;;;;;;;;;;True;False;False;True;;ok;16642.53530686527;15251.220368597513;15251.220368597513;15251.220368597513;259;15251.220368597513;2515.8588;1391.3149382677566;Evaluated;5.2343;2.4304;64;True;1;
39;1;39;9;diversification;5;e1b049a1f557;move;;;10;42;;;;;;;;;;True;False;False;True;;ok;16245.576414547475;15251.220368597513;15251.220368597513;15251.220368597513;260;15251.220368597513;2526.909;994.3560459499622;Evaluated;8.6225;2.4251;64;True;2;duplicate_for_same_parent_sequence
39;1;39;10;diversification;5;e1b049a1f557;move;;;40;10;;;;;;;;;;True;False;False;True;;ok;17596.090369131314;15251.220368597513;15251.220368597513;15251.220368597513;261;15251.220368597513;2541.8601;2344.8700005338014;Evaluated;12.5247;2.4244;64;True;3;duplicate_for_same_parent_sequence
39;1;39;;diversification;0;;;;;;;;;;;;;;;;;;;;;End-of-iteration summary row;;;15243.528244499481;15243.528244499481;261;15243.528244499481;2541.8778;;IterationSummary;;;;;;
40;1;40;1;normal;0;4dcc3779f7fa;move;;;15;20;;;;;;;;;;True;False;False;False;;ok;17552.665089435057;15243.528244499481;15243.528244499481;15243.528244499481;262;15243.528244499481;2549.9596;2309.136844935576;Evaluated;5.6475;2.4289;64;True;1;
40;1;40;2;normal;0;4dcc3779f7fa;swap;20;25;;;;;;;;;;;;True;False;False;False;;ok;15737.184582919976;15243.528244499481;15243.528244499481;15243.528244499481;263;15243.528244499481;2557.4482;493.65633842049465;Evaluated;5.2632;2.223;64;True;1;
40;1;40;3;normal;0;4dcc3779f7fa;reinsert_block;;;;;;;35;40;25;;;;;True;False;False;True;;ok;16477.840559528246;15243.528244499481;15243.528244499481;15243.528244499481;264;15243.528244499481;2565.409;1234.3123150287647;Evaluated;5.5311;2.427;64;True;1;
40;1;40;4;normal;0;4dcc3779f7fa;move;;;54;60;;;;;;;;;;True;False;False;False;;ok;15513.265709450918;15243.528244499481;15243.528244499481;15243.528244499481;265;15243.528244499481;2572.8673;269.7374649514368;Evaluated;5.2309;2.2249;64;True;1;
40;1;40;5;normal;0;4dcc3779f7fa;move;;;20;15;;;;;;;;;;True;False;False;False;;ok;15424.148896089862;15243.528244499481;15243.528244499481;15243.528244499481;266;15243.528244499481;2580.2419;180.62065159038139;Evaluated;5.1502;2.2237;64;True;1;
40;1;40;;normal;1;;;;;;;;;;;;;;;;;;;;;End-of-iteration summary row;;;15243.528244499481;15243.528244499481;266;15243.528244499481;2580.2446;;IterationSummary;;;;;;
41;1;41;1;normal;1;4dcc3779f7fa;move;;;10;5;;;;;;;;;;True;False;False;False;;ok;15484.334512319167;15243.528244499481;15243.528244499481;15243.528244499481;267;15243.528244499481;2588.0403;240.80626781968567;Evaluated;5.5555;2.2245;64;True;1;
41;1;41;2;normal;1;4dcc3779f7fa;swap;18;20;;;;;;;;;;;;True;False;False;False;;ok;17140.28937407575;15243.528244499481;15243.528244499481;15243.528244499481;268;15243.528244499481;2595.7395;1896.761129576269;Evaluated;5.2652;2.4318;64;True;1;
41;1;41;3;normal;1;4dcc3779f7fa;reinsert_block;;;;;;;35;40;28;;;;;True;False;False;False;;ok;16518.293804415523;15243.528244499481;15243.528244499481;15243.528244499481;269;15243.528244499481;2603.7436;1274.7655599160425;Evaluated;5.5668;2.4347;64;True;1;
41;1;41;4;normal;1;4dcc3779f7fa;move;;;50;48;;;;;;;;;;True;False;False;False;;ok;15527.314653068732;15243.528244499481;15243.528244499481;15243.528244499481;270;15243.528244499481;2611.0421;283.78640856925085;Evaluated;5.0689;2.2268;64;True;1;
41;1;41;5;normal;1;4dcc3779f7fa;move;;;40;5;;;;;;;;;;True;False;False;True;;ok;15475.11964136409;15243.528244499481;15243.528244499481;15243.528244499481;271;15243.528244499481;2618.4014;231.59139686460912;Evaluated;5.1316;2.2269;64;True;1;
41;1;41;;normal;2;;;;;;;;;;;;;;;;;;;;;End-of-iteration summary row;;;15243.528244499481;15243.528244499481;271;15243.528244499481;2618.4052;;IterationSummary;;;;;;
42;1;42;1;normal;2;4dcc3779f7fa;move;;;3;8;;;;;;;;;;True;False;False;False;;ok;17917.363582862625;15243.528244499481;15243.528244499481;15243.528244499481;272;15243.528244499481;2629.779;2673.835338363144;Evaluated;8.9302;2.429;64;True;2;duplicate_for_same_parent_sequence
42;1;42;2;normal;2;4dcc3779f7fa;swap;18;25;;;;;;;;;;;;True;False;False;False;;ok;17248.141436888465;15243.528244499481;15243.528244499481;15243.528244499481;273;15243.528244499481;2637.5083;2004.6131923889843;Evaluated;5.2937;2.4331;64;True;1;
42;1;42;3;normal;2;4dcc3779f7fa;move;;;17;25;;;;;;;;;;True;False;False;False;;ok;17249.01918484415;15243.528244499481;15243.528244499481;15243.528244499481;274;15243.528244499481;2649.2725;2005.490940344669;Evaluated;9.3293;2.4318;64;True;2;duplicate_for_same_parent_sequence
42;1;42;4;normal;2;4dcc3779f7fa;move;;;54;50;;;;;;;;;;True;False;False;False;;ok;15797.333545902475;15243.528244499481;15243.528244499481;15243.528244499481;275;15243.528244499481;2656.6428;553.8053014029938;Evaluated;5.1342;2.2317;64;True;1;
42;1;42;5;normal;2;4dcc3779f7fa;move;;;30;10;;;;;;;;;;True;False;False;True;;ok;17001.521837919412;15243.528244499481;15243.528244499481;15243.528244499481;276;15243.528244499481;2667.6641;1757.9935934199311;Evaluated;8.581;2.4376;64;True;2;duplicate_for_same_parent_sequence
42;1;42;;normal;3;;;;;;;;;;;;;;;;;;;;;End-of-iteration summary row;;;15243.528244499481;15243.528244499481;276;15243.528244499481;2667.6673;;IterationSummary;;;;;;
43;1;43;1;diversification;3;4dcc3779f7fa;move;;;7;20;;;;;;;;;;True;False;False;True;;ok;17758.956642558904;15243.528244499481;15243.528244499481;15243.528244499481;277;15243.528244499481;2675.6797;2515.4283980594228;Evaluated;5.5676;2.4289;64;True;1;
43;1;43;2;diversification;3;4dcc3779f7fa;reinsert_block;;;;;;;20;25;16;;;;;True;False;False;False;;ok;18047.81989579992;15243.528244499481;15243.528244499481;15243.528244499481;278;15243.528244499481;2683.6003;2804.2916513004384;Evaluated;5.4888;2.4307;64;True;1;
43;1;43;3;diversification;3;4dcc3779f7fa;swap;35;40;;;;;;;;;;;;True;False;False;False;;ok;16425.457134746754;15243.528244499481;15243.528244499481;15243.528244499481;279;15243.528244499481;2691.5085;1181.9288902472726;Evaluated;5.4736;2.4316;64;True;1;
43;1;43;4;diversification;3;4dcc3779f7fa;move;;;52;49;;;;;;;;;;True;False;False;False;;ok;15524.166893126378;15243.528244499481;15243.528244499481;15243.528244499481;280;15243.528244499481;2699.0421;280.6386486268966;Evaluated;5.2976;2.2333;64;True;1;
43;1;43;5;diversification;3;4dcc3779f7fa;swap;3;8;;;;;;;;;;;;True;False;False;False;;ok;17661.21323675742;15243.528244499481;15243.528244499481;15243.528244499481;281;15243.528244499481;2710.1168;2417.6849922579386;Evaluated;8.6431;2.4283;64;True;2;duplicate_for_same_parent_sequence
43;1;43;6;diversification;3;4dcc3779f7fa;move;;;30;15;;;;;;;;;;True;False;False;True;;ok;18334.686536305177;15243.528244499481;15243.528244499481;15243.528244499481;282;15243.528244499481;2721.4447;3091.1582918056956;Evaluated;8.6954;2.6289;64;True;2;duplicate_for_same_parent_sequence
43;1;43;7;diversification;3;4dcc3779f7fa;move;;;5;10;;;;;;;;;;True;False;False;False;;ok;16904.635075533814;15243.528244499481;15243.528244499481;15243.528244499481;283;15243.528244499481;2729.1436;1661.1068310343326;Evaluated;5.2684;2.4278;64;True;1;
43;1;43;8;diversification;3;4dcc3779f7fa;swap;8;23;;;;;;;;;;;;True;False;False;True;;ok;16608.49391922553;15243.528244499481;15243.528244499481;15243.528244499481;284;15243.528244499481;2740.0012;1364.9656747260487;Evaluated;8.4268;2.4279;64;True;2;duplicate_for_same_parent_sequence
43;1;43;9;diversification;3;4dcc3779f7fa;move;;;35;28;;;;;;;;;;True;False;False;False;;ok;16886.401223111377;15243.528244499481;15243.528244499481;15243.528244499481;285;15243.528244499481;2747.8806;1642.8729786118965;Evaluated;5.4509;2.4278;64;True;1;
43;1;43;10;diversification;3;4dcc3779f7fa;move;;;52;35;;;;;;;;;;True;False;False;True;;ok;16265.794990101622;15243.528244499481;15243.528244499481;15243.528244499481;286;15243.528244499481;2759.0201;1022.2667456021409;Evaluated;8.7109;2.4252;64;True;2;duplicate_for_same_parent_sequence
43;1;43;;diversification;4;;;;;;;;;;;;;;;;;;;;;End-of-iteration summary row;;;15243.528244499481;15243.528244499481;286;15243.528244499481;2759.0229;;IterationSummary;;;;;;
44;1;44;1;diversification;4;4dcc3779f7fa;move;;;3;15;;;;;;;;;;True;False;False;True;;ok;17842.641380384925;15243.528244499481;15243.528244499481;15243.528244499481;287;15243.528244499481;2770.5733;2599.1131358854436;Evaluated;9.1122;2.4296;64;True;2;duplicate_for_same_parent_sequence
44;1;44;2;diversification;4;4dcc3779f7fa;move;;;30;25;;;;;;;;;;True;False;False;False;;ok;17888.789962138882;15243.528244499481;15243.528244499481;15243.528244499481;288;15243.528244499481;2781.9855;2645.2617176394015;Evaluated;8.9806;2.4281;64;True;2;duplicate_for_same_parent_sequence
44;1;44;3;diversification;4;4dcc3779f7fa;swap;36;42;;;;;;;;;;;;True;False;False;False;;ok;16042.94093452294;15243.528244499481;15243.528244499481;15243.528244499481;289;15243.528244499481;2792.9324;799.4126900234587;Evaluated;8.7141;2.2299;64;True;2;duplicate_for_same_parent_sequence
44;1;44;4;diversification;4;4dcc3779f7fa;move;;;62;58;;;;;;;;;;True;False;False;False;;ok;15543.020065369;15243.528244499481;15243.528244499481;15243.528244499481;290;15243.528244499481;2803.8132;299.49182086951987;Evaluated;8.6482;2.2303;64;True;2;duplicate_for_same_parent_sequence
44;1;44;5;diversification;4;4dcc3779f7fa;move;;;45;50;;;;;;;;;;True;False;False;False;;ok;15503.227216979029;15243.528244499481;15243.528244499481;15243.528244499481;291;15243.528244499481;2815.0036;259.6989724795476;Evaluated;8.9611;2.2255;64;True;2;duplicate_for_same_parent_sequence
44;1;44;6;diversification;4;4dcc3779f7fa;move;;;50;45;;;;;;;;;;True;False;False;False;;ok;15534.816433477808;15243.528244499481;15243.528244499481;15243.528244499481;292;15243.528244499481;2822.586;291.2881889783275;Evaluated;5.3532;2.2266;64;True;1;
44;1;44;7;diversification;4;4dcc3779f7fa;move;;;45;20;;;;;;;;;;True;False;False;True;;ok;15970.910382721198;15243.528244499481;15243.528244499481;15243.528244499481;293;15243.528244499481;2829.8096;727.3821382217175;Evaluated;4.9931;2.2298;64;True;1;
44;1;44;8;diversification;4;4dcc3779f7fa;move;;;18;25;;;;;;;;;;True;False;False;False;;ok;17251.059025588034;15243.528244499481;15243.528244499481;15243.528244499481;294;15243.528244499481;2837.2397;2007.5307810885533;Evaluated;4.9961;2.4306;64;True;1;
44;1;44;9;diversification;4;4dcc3779f7fa;move;;;25;30;;;;;;;;;;True;False;False;False;;ok;15609.431198353368;15243.528244499481;15243.528244499481;15243.528244499481;295;15243.528244499481;2844.9918;365.9029538538871;Evaluated;5.5195;2.23;64;True;1;
44;1;44;10;diversification;4;4dcc3779f7fa;move;;;52;36;;;;;;;;;;True;False;False;True;;ok;16265.794990101622;15243.528244499481;15243.528244499481;15243.528244499481;296;15243.528244499481;2856.0017;1022.2667456021409;Evaluated;8.576;2.4323;64;True;2;duplicate_for_same_parent_sequence
44;1;44;;diversification;5;;;;;;;;;;;;;;;;;;;;;End-of-iteration summary row;;;15243.528244499481;15243.528244499481;296;15243.528244499481;2856.0044;;IterationSummary;;;;;;
45;1;45;1;diversification;5;4dcc3779f7fa;move;;;5;20;;;;;;;;;;True;False;False;True;;ok;17357.99534751691;15243.528244499481;15243.528244499481;15243.528244499481;297;15243.528244499481;2864.1484;2114.4671030174286;Evaluated;5.7077;2.4286;64;True;1;
45;1;45;2;diversification;5;4dcc3779f7fa;reinsert_block;;;;;;;18;23;35;;;;;True;False;False;True;;ok;16979.380874430928;15243.528244499481;15243.528244499481;15243.528244499481;298;15243.528244499481;2872.1349;1735.8526299314472;Evaluated;5.5541;2.4294;64;True;1;
45;1;45;3;diversification;5;4dcc3779f7fa;move;;;32;40;;;;;;;;;;True;False;False;False;;ok;16178.515906193612;15243.528244499481;15243.528244499481;15243.528244499481;299;15243.528244499481;2883.3237;934.987661694131;Evaluated;8.7574;2.4287;64;True;2;duplicate_for_same_parent_sequence
45;1;45;4;diversification;5;4dcc3779f7fa;move;;;62;55;;;;;;;;;;True;False;False;False;;ok;15885.527904445424;15243.528244499481;15243.528244499481;15243.528244499481;300;15243.528244499481;2894.3373;641.9996599459428;Evaluated;8.786;2.2244;64;True;2;duplicate_for_same_parent_sequence
45;1;45;5;diversification;5;4dcc3779f7fa;move;;;18;32;;;;;;;;;;True;False;False;True;;ok;16769.931020405744;15243.528244499481;15243.528244499481;15243.528244499481;301;15243.528244499481;2905.377;1526.4027759062628;Evaluated;8.6076;2.4291;64;True;2;duplicate_for_same_parent_sequence
45;1;45;6;diversification;5;4dcc3779f7fa;move;;;30;20;;;;;;;;;;True;False;False;True;;ok;16552.869682340337;15243.528244499481;15243.528244499481;15243.528244499481;302;15243.528244499481;2916.5362;1309.341437840856;Evaluated;8.7252;2.431;64;True;2;duplicate_for_same_parent_sequence
45;1;45;7;diversification;5;4dcc3779f7fa;move;;;50;40;;;;;;;;;;True;False;False;True;;ok;15800.74259738901;15243.528244499481;15243.528244499481;15243.528244499481;303;15243.528244499481;2923.9606;557.2143528895285;Evaluated;5.1871;2.2346;64;True;1;
45;1;45;8;diversification;5;4dcc3779f7fa;move;;;40;28;;;;;;;;;;True;False;False;True;;ok;16180.885764165947;15243.528244499481;15243.528244499481;15243.528244499481;304;15243.528244499481;2931.589;937.357519666466;Evaluated;5.2017;2.4243;64;True;1;
45;1;45;9;diversification;5;4dcc3779f7fa;move;;;28;35;;;;;;;;;;True;False;False;False;;ok;16539.22850629443;15243.528244499481;15243.528244499481;15243.528244499481;305;15243.528244499481;2939.345;1295.7002617949474;Evaluated;5.3087;2.4447;64;True;1;
45;1;45;10;diversification;5;4dcc3779f7fa;move;;;48;55;;;;;;;;;;True;False;False;False;;ok;15393.199564974631;15243.528244499481;15243.528244499481;15243.528244499481;306;15243.528244499481;2947.0005;149.67132047515042;Evaluated;5.4194;2.233;64;True;1;
45;1;45;;diversification;6;;;;;;;;;;;;;;;;;;;;;End-of-iteration summary row;;;15243.528244499481;15243.528244499481;306;15243.528244499481;2947.0039;;IterationSummary;;;;;;
46;1;46;1;diversification;6;4dcc3779f7fa;move;;;10;35;;;;;;;;;;True;False;False;True;;ok;16706.164992154252;15243.528244499481;15243.528244499481;15243.528244499481;307;15243.528244499481;2955.1704;1462.6367476547712;Evaluated;5.7279;2.4314;64;True;1;
46;1;46;2;diversification;6;4dcc3779f7fa;move;;;10;25;;;;;;;;;;True;False;False;True;;ok;17239.743587962264;15243.528244499481;15243.528244499481;15243.528244499481;308;15243.528244499481;2966.7046;1996.2153434627835;Evaluated;9.107;2.4238;64;True;2;duplicate_for_same_parent_sequence
46;1;46;3;diversification;6;4dcc3779f7fa;move;;;25;18;;;;;;;;;;True;False;False;False;;ok;15599.048924447843;15243.528244499481;15243.528244499481;15243.528244499481;309;15243.528244499481;2977.8705;355.52067994836216;Evaluated;8.9293;2.2332;64;True;2;duplicate_for_same_parent_sequence
46;1;46;4;diversification;6;4dcc3779f7fa;move;;;54;30;;;;;;;;;;True;False;False;True;;ok;17435.375098044064;15243.528244499481;15243.528244499481;15243.528244499481;310;15243.528244499481;2985.776;2191.8468535445827;Evaluated;5.4699;2.4324;64;True;1;
46;1;46;5;diversification;6;4dcc3779f7fa;move;;;3;10;;;;;;;;;;True;False;False;False;;ok;18311.46068785271;15243.528244499481;15243.528244499481;15243.528244499481;311;15243.528244499481;2997.08;3067.9324433532274;Evaluated;8.6743;2.6267;64;True;2;duplicate_for_same_parent_sequence
46;1;46;6;diversification;6;4dcc3779f7fa;move;;;25;38;;;;;;;;;;True;False;False;True;;ok;15614.058324779218;15243.528244499481;15243.528244499481;15243.528244499481;312;15243.528244499481;3008.0863;370.5300802797374;Evaluated;8.7753;2.2284;64;True;2;duplicate_for_same_parent_sequence
46;1;46;7;diversification;6;4dcc3779f7fa;move;;;30;45;;;;;;;;;;True;False;False;True;;ok;16427.474209939704;15243.528244499481;15243.528244499481;15243.528244499481;313;15243.528244499481;3022.859;1183.9459654402235;Evaluated;12.3407;2.4297;64;True;3;duplicate_for_same_parent_sequence
46;1;46;8;diversification;6;4dcc3779f7fa;move;;;20;35;;;;;;;;;;True;False;False;True;;ok;15626.024264684924;15243.528244499481;15243.528244499481;15243.528244499481;314;15243.528244499481;3030.3515;382.49602018544283;Evaluated;5.258;2.2318;64;True;1;
46;1;46;9;diversification;6;4dcc3779f7fa;move;;;15;28;;;;;;;;;;True;False;False;True;;ok;17995.503499860963;15243.528244499481;15243.528244499481;15243.528244499481;315;15243.528244499481;3041.754;2751.9752553614817;Evaluated;8.9685;2.4308;64;True;2;duplicate_for_same_parent_sequence
46;1;46;10;diversification;6;4dcc3779f7fa;move;;;45;50;;;;;;;;;;False;True;True;;;ok;;15243.528244499481;15243.528244499481;15243.528244499481;315;15243.528244499481;3054.0184;;DuplicateForSameParentSequenceAfterRetries;12.2617;;;;3;duplicate_for_same_parent_sequence
46;1;46;;diversification;7;;;;;;;;;;;;;;;;;;;;;End-of-iteration summary row;;;15243.528244499481;15243.528244499481;315;15243.528244499481;3054.0194;;IterationSummary;;;;;;
47;1;47;1;diversification;7;4dcc3779f7fa;move;;;8;20;;;;;;;;;;True;False;False;True;;ok;16613.453513141623;15243.528244499481;15243.528244499481;15243.528244499481;316;15243.528244499481;3065.6096;1369.9252686421423;Evaluated;9.16;2.423;64;True;2;duplicate_for_same_parent_sequence
47;1;47;2;diversification;7;4dcc3779f7fa;reinsert_block;;;;;;;25;30;40;;;;;True;False;False;True;;ok;15751.595232560938;15243.528244499481;15243.528244499481;15243.528244499481;317;15243.528244499481;3073.4359;508.06698806145687;Evaluated;5.591;2.2346;64;True;1;
47;1;47;3;diversification;7;4dcc3779f7fa;swap;40;50;;;;;;;;;;;;True;False;False;False;;ok;15804.087332614925;15243.528244499481;15243.528244499481;15243.528244499481;318;15243.528244499481;3080.9168;560.559088115444;Evaluated;5.2498;2.2292;64;True;1;
47;1;47;4;diversification;7;4dcc3779f7fa;move;;;50;60;;;;;;;;;;True;False;False;True;;ok;15565.128172309578;15243.528244499481;15243.528244499481;15243.528244499481;319;15243.528244499481;3088.319;321.59992781009714;Evaluated;5.1728;2.2263;64;True;1;
47;1;47;5;diversification;7;4dcc3779f7fa;move;;;28;15;;;;;;;;;;True;False;False;True;;ok;17108.966199327748;15243.528244499481;15243.528244499481;15243.528244499481;320;15243.528244499481;3099.4977;1865.4379548282668;Evaluated;8.7509;2.4247;64;True;2;duplicate_for_same_parent_sequence
47;1;47;6;diversification;7;4dcc3779f7fa;move;;;53;40;;;;;;;;;;True;False;False;True;;ok;16959.85540013045;15243.528244499481;15243.528244499481;15243.528244499481;321;15243.528244499481;3107.2898;1716.32715563097;Evaluated;5.3593;2.4297;64;True;1;
47;1;47;7;diversification;7;4dcc3779f7fa;move;;;35;10;;;;;;;;;;True;False;False;True;;ok;17598.802030453608;15243.528244499481;15243.528244499481;15243.528244499481;322;15243.528244499481;3118.2584;2355.2737859541267;Evaluated;8.5378;2.4282;64;True;2;duplicate_for_same_parent_sequence
47;1;47;8;diversification;7;4dcc3779f7fa;move;;;30;40;;;;;;;;;;True;False;False;True;;ok;16422.87817983771;15243.528244499481;15243.528244499481;15243.528244499481;323;15243.528244499481;3129.5275;1179.3499353382285;Evaluated;8.839;2.4274;64;True;2;duplicate_for_same_parent_sequence
47;1;47;9;diversification;7;4dcc3779f7fa;move;;;40;25;;;;;;;;;;True;False;False;True;;ok;16641.173648764416;15243.528244499481;15243.528244499481;15243.528244499481;324;15243.528244499481;3137.2447;1397.6454042649348;Evaluated;5.2912;2.4245;64;True;1;
47;1;47;10;diversification;7;4dcc3779f7fa;swap;40;50;;;;;;;;;;;;False;True;False;;;ok;;15243.528244499481;15243.528244499481;15243.528244499481;324;15243.528244499481;3149.0297;;DuplicateForSameParentSequenceAfterRetries;11.7824;;;;3;duplicate_for_same_parent_sequence
47;1;47;;diversification;8;;;;;;;;;;;;;;;;;;;;;End-of-iteration summary row;;;15243.528244499481;15243.528244499481;324;15243.528244499481;3149.0307;;IterationSummary;;;;;;
48;1;48;1;diversification;8;4dcc3779f7fa;move;;;8;3;;;;;;;;;;True;False;False;False;;ok;17721.61571978686;15243.528244499481;15243.528244499481;15243.528244499481;325;15243.528244499481;3160.5314;2478.0874752873788;Evaluated;9.0684;2.4256;64;True;2;duplicate_for_same_parent_sequence
48;1;48;2;diversification;8;4dcc3779f7fa;reinsert_block;;;;;;;20;25;10;;;;;True;False;False;True;;ok;17731.639990958443;15243.528244499481;15243.528244499481;15243.528244499481;326;15243.528244499481;3168.6481;2488.1117464589624;Evaluated;5.6864;2.4282;64;True;1;
48;1;48;3;diversification;8;4dcc3779f7fa;swap;32;47;;;;;;;;;;;;True;False;False;True;;ok;15249.147699880146;15243.528244499481;15243.528244499481;15243.528244499481;327;15243.528244499481;3179.6632;5.619455380665386;Evaluated;8.7833;2.2286;64;True;2;duplicate_for_same_parent_sequence
48;1;48;4;diversification;8;4dcc3779f7fa;move;;;60;50;;;;;;;;;;True;False;False;True;;ok;16460.965404923812;15243.528244499481;15243.528244499481;15243.528244499481;328;15243.528244499481;3194.2685;1217.4371604243315;Evaluated;12.1714;2.4314;64;True;3;duplicate_for_same_parent_sequence
48;1;48;5;diversification;8;4dcc3779f7fa;swap;25;30;;;;;;;;;;;;True;False;False;False;;ok;17894.104411812456;15243.528244499481;15243.528244499481;15243.528244499481;329;15243.528244499481;3208.6546;2650.5761673129746;Evaluated;11.9605;2.4224;64;True;3;duplicate_for_same_parent_sequence
48;1;48;6;diversification;8;4dcc3779f7fa;move;;;53;20;;;;;;;;;;True;False;False;True;;ok;15978.044137366125;15243.528244499481;15243.528244499481;15243.528244499481;330;15243.528244499481;3216.2495;734.5158928666442;Evaluated;5.3624;2.2298;64;True;1;
48;1;48;7;diversification;8;4dcc3779f7fa;move;;;50;28;;;;;;;;;;True;False;False;True;;ok;16708.890668070726;15243.528244499481;15243.528244499481;15243.528244499481;331;15243.528244499481;3223.8334;1465.362423571245;Evaluated;5.1555;2.4247;64;True;1;
48;1;48;8;diversification;8;4dcc3779f7fa;move;;;8;30;;;;;;;;;;True;False;False;True;;ok;15584.735462466391;15243.528244499481;15243.528244499481;15243.528244499481;332;15243.528244499481;3234.7524;341.2072179669103;Evaluated;8.6856;2.2302;64;True;2;duplicate_for_same_parent_sequence
48;1;48;9;diversification;8;4dcc3779f7fa;move;;;25;40;;;;;;;;;;True;False;False;True;;ok;16179.160959685352;15243.528244499481;15243.528244499481;15243.528244499481;333;15243.528244499481;3242.5125;935.6327151858713;Evaluated;5.3287;2.4284;64;True;1;
48;1;48;10;diversification;8;4dcc3779f7fa;move;;;25;35;;;;;;;;;;True;False;False;True;;ok;16165.339182372221;15243.528244499481;15243.528244499481;15243.528244499481;334;15243.528244499481;3253.6438;921.8109378727404;Evaluated;8.7039;2.4242;64;True;2;duplicate_for_same_parent_sequence
48;1;48;;diversification;9;;;;;;;;;;;;;;;;;;;;;End-of-iteration summary row;;;15243.528244499481;15243.528244499481;334;15243.528244499481;3253.6476;;IterationSummary;;;;;;
49;1;49;1;diversification;9;4dcc3779f7fa;move;;;3;18;;;;;;;;;;True;False;False;True;;ok;17463.478061303846;15243.528244499481;15243.528244499481;15243.528244499481;335;15243.528244499481;3265.2037;2219.9498168043647;Evaluated;9.1188;2.4261;64;True;2;duplicate_for_same_parent_sequence
49;1;49;2;diversification;9;4dcc3779f7fa;reinsert_block;;;;;;;18;25;30;;;;;True;False;False;False;;ok;17154.458369762884;15243.528244499481;15243.528244499481;15243.528244499481;336;15243.528244499481;3273.4975;1910.9301252634032;Evaluated;5.8652;2.4255;64;True;1;
49;1;49;3;diversification;9;4dcc3779f7fa;move;;;15;60;;;;;;;;;;True;False;False;True;;ok;17997.99020817181;15243.528244499481;15243.528244499481;15243.528244499481;337;15243.528244499481;3284.6395;2754.461963672329;Evaluated;8.7134;2.4262;64;True;2;duplicate_for_same_parent_sequence
49;1;49;4;diversification;9;4dcc3779f7fa;move;;;60;35;;;;;;;;;;True;False;False;True;;ok;16888.361186590242;15243.528244499481;15243.528244499481;15243.528244499481;338;15243.528244499481;3295.7536;1644.8329420907612;Evaluated;8.6821;2.4294;64;True;2;duplicate_for_same_parent_sequence
49;1;49;5;diversification;9;4dcc3779f7fa;swap;20;25;;;;;;;;;;;;False;True;False;;;ok;;15243.528244499481;15243.528244499481;15243.528244499481;338;15243.528244499481;3307.9782;;DuplicateForSameParentSequenceAfterRetries;12.2214;;;;3;duplicate_for_same_parent_sequence
49;1;49;6;diversification;9;4dcc3779f7fa;move;;;50;30;;;;;;;;;;True;False;False;True;;ok;16312.602315727245;15243.528244499481;15243.528244499481;15243.528244499481;339;15243.528244499481;3315.6454;1069.0740712277639;Evaluated;5.2385;2.4277;64;True;1;
49;1;49;7;diversification;9;4dcc3779f7fa;move;;;50;35;;;;;;;;;;True;False;False;True;;ok;16254.052538367701;15243.528244499481;15243.528244499481;15243.528244499481;340;15243.528244499481;3323.2203;1010.5242938682204;Evaluated;5.1434;2.4276;64;True;1;
49;1;49;8;diversification;9;4dcc3779f7fa;move;;;30;8;;;;;;;;;;True;False;False;True;;ok;18129.730125452563;15243.528244499481;15243.528244499481;15243.528244499481;341;15243.528244499481;3334.3786;2886.201880953082;Evaluated;8.5301;2.625;64;True;2;duplicate_for_same_parent_sequence
49;1;49;9;diversification;9;4dcc3779f7fa;move;;;24;35;;;;;;;;;;True;False;False;True;;ok;15518.226483214452;15243.528244499481;15243.528244499481;15243.528244499481;342;15243.528244499481;3341.8404;274.698238714971;Evaluated;5.2315;2.229;64;True;1;
49;1;49;10;diversification;9;4dcc3779f7fa;move;;;40;35;;;;;;;;;;True;False;False;False;;ok;15263.404564111777;15243.528244499481;15243.528244499481;15243.528244499481;343;15243.528244499481;3356.184;19.876319612296356;Evaluated;12.1119;2.229;64;True;3;duplicate_for_same_parent_sequence
49;2;0;;diversification;0;;;;;;;;;;;;;;;;;;;;;End-of-iteration summary row;;;16641.404845676683;15243.528244499481;344;15243.528244499481;3358.6195;;IterationSummary;;;;;;
50;2;1;1;normal;0;0f63cf6f404e;move;;;5;10;;;;;;;;;;True;False;False;False;;ok;17532.182049666284;16641.404845676683;16641.404845676683;15243.528244499481;345;15243.528244499481;3366.3174;890.7772039896008;Evaluated;5.2668;2.4259;64;True;1;
50;2;1;2;normal;0;0f63cf6f404e;swap;17;30;;;;;;;;;;;;True;False;False;True;;ok;17090.995151868705;16641.404845676683;16641.404845676683;15243.528244499481;346;15243.528244499481;3373.6446;449.59030619202167;Evaluated;4.8976;2.4263;64;True;1;
50;2;1;3;normal;0;0f63cf6f404e;reinsert_block;;;;;;;32;41;48;;;;;True;False;False;False;;ok;16642.175299717004;16641.404845676683;16641.404845676683;15243.528244499481;347;15243.528244499481;3384.9047;0.7704540403210558;Evaluated;8.8374;2.4218;64;True;2;invalid_move
50;2;1;4;normal;0;0f63cf6f404e;move;;;50;18;;;;;;;;;;True;False;False;True;;ok;17447.9026263286;16641.404845676683;16641.404845676683;15243.528244499481;348;15243.528244499481;3392.2599;806.4977806519164;Evaluated;4.9235;2.4285;64;True;1;
50;2;1;5;normal;0;0f63cf6f404e;move;;;40;15;;;;;;;;;;True;False;False;True;;ok;16254.045005991706;16641.404845676683;16641.404845676683;15243.528244499481;349;15243.528244499481;3399.4486;-387.3598396849775;Evaluated;4.7561;2.43;64;True;1;
50;2;1;;normal;0;;;;;;;;;;;;;;;;;;;;;End-of-iteration summary row;;;16254.045005991706;15243.528244499481;349;15243.528244499481;3399.4632;;IterationSummary;;;;;;
51;2;2;1;normal;0;28e699bffd57;move;;;10;5;;;;;;;;;;True;False;False;False;;ok;16885.846180352928;16254.045005991706;16254.045005991706;15243.528244499481;350;15243.528244499481;3407.07;631.8011743612224;Evaluated;5.1732;2.4269;64;True;1;
51;2;2;2;normal;0;28e699bffd57;swap;18;20;;;;;;;;;;;;True;False;False;False;;ok;17086.564315439176;16254.045005991706;16254.045005991706;15243.528244499481;351;15243.528244499481;3414.7126;832.5193094474707;Evaluated;5.2136;2.426;64;True;1;
51;2;2;3;normal;0;28e699bffd57;reinsert_block;;;;;;;35;40;28;;;;;True;False;False;False;;ok;17051.50914838914;16254.045005991706;16254.045005991706;15243.528244499481;352;15243.528244499481;3422.6394;797.4641423974354;Evaluated;5.4998;2.4245;64;True;1;
51;2;2;4;normal;0;28e699bffd57;move;;;50;30;;;;;;;;;;True;False;False;True;;ok;16597.429692276542;16254.045005991706;16254.045005991706;15243.528244499481;353;15243.528244499481;3430.294;343.3846862848368;Evaluated;5.2149;2.4365;64;True;1;
51;2;2;5;normal;0;28e699bffd57;move;;;40;15;;;;;;;;;;True;False;False;True;;ok;16420.42045877873;16254.045005991706;16254.045005991706;15243.528244499481;354;15243.528244499481;3437.9068;166.375452787026;Evaluated;5.1707;2.4385;64;True;1;
51;2;2;;normal;1;;;;;;;;;;;;;;;;;;;;;End-of-iteration summary row;;;16254.045005991706;15243.528244499481;354;15243.528244499481;3437.9099;;IterationSummary;;;;;;
52;2;3;1;normal;1;28e699bffd57;move;;;5;10;;;;;;;;;;True;False;False;False;;ok;17537.172259079787;16254.045005991706;16254.045005991706;15243.528244499481;355;15243.528244499481;3445.5649;1283.1272530880815;Evaluated;5.2128;2.433;64;True;1;
52;2;3;2;normal;1;28e699bffd57;swap;17;20;;;;;;;;;;;;True;False;False;False;;ok;17086.490793478595;16254.045005991706;16254.045005991706;15243.528244499481;356;15243.528244499481;3453.1343;832.4457874868895;Evaluated;5.1422;2.4247;64;True;1;
52;2;3;3;normal;1;28e699bffd57;reinsert_block;;;;;;;32;40;28;;;;;True;False;False;False;;ok;17343.24546370821;16254.045005991706;16254.045005991706;15243.528244499481;357;15243.528244499481;3461.0351;1089.2004577165026;Evaluated;5.4658;2.4321;64;True;1;
52;2;3;4;normal;1;28e699bffd57;move;;;48;50;;;;;;;;;;True;False;False;False;;ok;15790.605727414544;16254.045005991706;16254.045005991706;15243.528244499481;358;15243.528244499481;3468.339;-463.43927857716153;Evaluated;5.0772;2.2242;64;True;1;
52;2;3;5;normal;1;28e699bffd57;swap;15;20;;;;;;;;;;;;True;False;False;False;;ok;17553.74083582796;16254.045005991706;16254.045005991706;15243.528244499481;359;15243.528244499481;3479.3491;1299.6958298362551;Evaluated;8.5794;2.4295;64;True;2;duplicate_for_same_parent_sequence
52;2;3;;normal;0;;;;;;;;;;;;;;;;;;;;;End-of-iteration summary row;;;15790.605727414544;15243.528244499481;359;15243.528244499481;3479.3589;;IterationSummary;;;;;;
53;2;4;1;normal;0;b73d1d6c9a33;move;;;10;5;;;;;;;;;;True;False;False;False;;ok;16422.217700066514;15790.605727414544;15790.605727414544;15243.528244499481;360;15243.528244499481;3487.1992;631.6119726519701;Evaluated;5.4066;2.4261;64;True;1;
53;2;4;2;normal;0;b73d1d6c9a33;swap;18;25;;;;;;;;;;;;True;False;False;False;;ok;16599.222960849762;15790.605727414544;15790.605727414544;15243.528244499481;361;15243.528244499481;3494.9824;808.6172334352177;Evaluated;5.3482;2.4319;64;True;1;
53;2;4;3;normal;0;b73d1d6c9a33;reinsert_block;;;;;;;35;40;28;;;;;True;False;False;False;;ok;16601.20155172958;15790.605727414544;15790.605727414544;15243.528244499481;362;15243.528244499481;3503.1443;810.5958243150362;Evaluated;5.7336;2.4253;64;True;1;
53;2;4;4;normal;0;b73d1d6c9a33;move;;;56;49;;;;;;;;;;True;False;False;False;;ok;15795.572481894924;15790.605727414544;15790.605727414544;15243.528244499481;363;15243.528244499481;3510.5074;4.966754480379677;Evaluated;5.1352;2.2242;64;True;1;
53;2;4;5;normal;0;b73d1d6c9a33;move;;;53;20;;;;;;;;;;True;False;False;True;;ok;16738.602759987436;15790.605727414544;15790.605727414544;15243.528244499481;364;15243.528244499481;3518.1062;947.9970325728918;Evaluated;5.1621;2.4359;64;True;1;
53;2;4;;normal;1;;;;;;;;;;;;;;;;;;;;;End-of-iteration summary row;;;15790.605727414544;15243.528244499481;364;15243.528244499481;3518.1095;;IterationSummary;;;;;;
54;2;5;1;normal;1;b73d1d6c9a33;move;;;7;2;;;;;;;;;;True;False;False;False;;ok;16434.67917597747;15790.605727414544;15790.605727414544;15243.528244499481;365;15243.528244499481;3529.2518;644.0734485629273;Evaluated;8.7025;2.4295;64;True;2;duplicate_for_same_parent_sequence
54;2;5;2;normal;1;b73d1d6c9a33;swap;20;23;;;;;;;;;;;;True;False;False;False;;ok;15837.645646203613;15790.605727414544;15790.605727414544;15243.528244499481;366;15243.528244499481;3540.3643;47.039918789068906;Evaluated;8.8743;2.2348;64;True;2;duplicate_for_same_parent_sequence
54;2;5;3;normal;1;b73d1d6c9a33;move;;;25;19;;;;;;;;;;True;False;False;False;;ok;17593.4146404522;15790.605727414544;15790.605727414544;15243.528244499481;367;15243.528244499481;3552.3053;1802.8089130376557;Evaluated;9.5092;2.4311;64;True;2;duplicate_for_same_parent_sequence
54;2;5;4;normal;1;b73d1d6c9a33;move;;;50;48;;;;;;;;;;True;False;False;False;;ok;16254.045005991706;15790.605727414544;15790.605727414544;15243.528244499481;368;15243.528244499481;3559.8991;463.43927857716153;Evaluated;5.1603;2.4309;64;True;1;
54;2;5;5;normal;1;b73d1d6c9a33;move;;;50;35;;;;;;;;;;True;False;False;True;;ok;16298.299083330976;15790.605727414544;15790.605727414544;15243.528244499481;369;15243.528244499481;3567.4597;507.69335591643176;Evaluated;5.1323;2.4256;64;True;1;
54;2;5;;normal;2;;;;;;;;;;;;;;;;;;;;;End-of-iteration summary row;;;15790.605727414544;15243.528244499481;369;15243.528244499481;3567.4629;;IterationSummary;;;;;;
55;2;6;1;normal;2;b73d1d6c9a33;move;;;7;2;;;;;;;;;;False;True;False;;;ok;;15790.605727414544;15790.605727414544;15243.528244499481;369;15243.528244499481;3579.5594;;DuplicateForSameParentSequenceAfterRetries;12.0866;;;;3;duplicate_for_same_parent_sequence
55;2;6;2;normal;2;b73d1d6c9a33;move;;;27;30;;;;;;;;;;True;False;False;False;;ok;16693.628471468423;15790.605727414544;15790.605727414544;15243.528244499481;370;15243.528244499481;3590.7152;903.0227440538783;Evaluated;8.7276;2.4272;64;True;2;duplicate_for_same_parent_sequence
55;2;6;3;normal;2;b73d1d6c9a33;move;;;38;45;;;;;;;;;;True;False;False;False;;ok;16315.627127941943;15790.605727414544;15790.605727414544;15243.528244499481;371;15243.528244499481;3602.0686;525.0214005273992;Evaluated;8.9158;2.4346;64;True;2;duplicate_for_same_parent_sequence
55;2;6;4;normal;2;b73d1d6c9a33;move;;;15;8;;;;;;;;;;True;False;False;False;;ok;16885.852066249347;15790.605727414544;15790.605727414544;15243.528244499481;372;15243.528244499481;3616.6753;1095.2463388348024;Evaluated;12.174;2.4292;64;True;3;duplicate_for_same_parent_sequence
55;2;6;5;normal;2;b73d1d6c9a33;move;;;50;28;;;;;;;;;;True;False;False;True;;ok;16354.786383452072;15790.605727414544;15790.605727414544;15243.528244499481;373;15243.528244499481;3624.2393;564.180656037528;Evaluated;5.1366;2.4267;64;True;1;
55;2;6;;normal;3;;;;;;;;;;;;;;;;;;;;;End-of-iteration summary row;;;15790.605727414544;15243.528244499481;373;15243.528244499481;3624.2421;;IterationSummary;;;;;;
56;2;7;1;diversification;3;b73d1d6c9a33;move;;;10;35;;;;;;;;;;True;False;False;True;;ok;16254.383099930035;15790.605727414544;15790.605727414544;15243.528244499481;374;15243.528244499481;3632.0091;463.77737251549115;Evaluated;5.3223;2.4279;64;True;1;
56;2;7;2;diversification;3;b73d1d6c9a33;reinsert_block;;;;;;;18;24;35;;;;;True;False;False;True;;ok;17482.491368652125;15790.605727414544;15790.605727414544;15243.528244499481;375;15243.528244499481;3640.0272;1691.8856412375808;Evaluated;5.5849;2.4313;64;True;1;
56;2;7;3;diversification;3;b73d1d6c9a33;swap;32;47;;;;;;;;;;;;True;False;False;True;;ok;15790.605727414544;15790.605727414544;15790.605727414544;15243.528244499481;376;15243.528244499481;3647.5066;0.0;Evaluated;5.247;2.2302;64;True;1;
56;2;7;4;diversification;3;b73d1d6c9a33;move;;;60;49;;;;;;;;;;True;False;False;True;;ok;16062.63185763589;15790.605727414544;15790.605727414544;15243.528244499481;377;15243.528244499481;3658.4444;272.02613022134574;Evaluated;8.7042;2.2303;64;True;2;duplicate_for_same_parent_sequence
56;2;7;5;diversification;3;b73d1d6c9a33;move;;;40;15;;;;;;;;;;True;False;False;True;;ok;16254.031614559362;15790.605727414544;15790.605727414544;15243.528244499481;378;15243.528244499481;3666.1053;463.42588714481826;Evaluated;5.2321;2.426;64;True;1;
56;2;7;6;diversification;3;b73d1d6c9a33;move;;;25;19;;;;;;;;;;False;True;False;;;ok;;15790.605727414544;15790.605727414544;15243.528244499481;378;15243.528244499481;3678.4606;;DuplicateForSameParentSequenceAfterRetries;12.3546;;;;3;duplicate_for_same_parent_sequence
56;2;7;7;diversification;3;b73d1d6c9a33;move;;;54;32;;;;;;;;;;True;False;False;True;;ok;15865.462027922245;15790.605727414544;15790.605727414544;15243.528244499481;379;15243.528244499481;3685.6345;74.85630050770123;Evaluated;4.9449;2.2279;64;True;1;
56;2;7;8;diversification;3;b73d1d6c9a33;move;;;8;20;;;;;;;;;;True;False;False;True;;ok;17106.284100564142;15790.605727414544;15790.605727414544;15243.528244499481;380;15243.528244499481;3693.234;1315.678373149598;Evaluated;5.1703;2.426;64;True;1;
56;2;7;9;diversification;3;b73d1d6c9a33;move;;;40;30;;;;;;;;;;True;False;False;True;;ok;15915.367083487241;15790.605727414544;15790.605727414544;15243.528244499481;381;15243.528244499481;3704.0789;124.7613560726968;Evaluated;8.6125;2.2291;64;True;2;duplicate_for_same_parent_sequence
56;2;7;10;diversification;3;b73d1d6c9a33;move;;;45;30;;;;;;;;;;True;False;False;True;;ok;15969.212547412015;15790.605727414544;15790.605727414544;15243.528244499481;382;15243.528244499481;3711.6613;178.60681999747067;Evaluated;5.3508;2.2283;64;True;1;
56;2;7;;diversification;4;;;;;;;;;;;;;;;;;;;;;End-of-iteration summary row;;;15790.605727414544;15243.528244499481;382;15243.528244499481;3711.6641;;IterationSummary;;;;;;
57;2;8;1;diversification;4;b73d1d6c9a33;move;;;14;25;;;;;;;;;;True;False;False;True;;ok;15814.998194463655;15790.605727414544;15790.605727414544;15243.528244499481;383;15243.528244499481;3719.3906;24.392467049110564;Evaluated;5.4792;2.2327;64;True;1;
57;2;8;2;diversification;4;b73d1d6c9a33;reinsert_block;;;;;;;18;23;35;;;;;True;False;False;True;;ok;17500.23370901969;15790.605727414544;15790.605727414544;15243.528244499481;384;15243.528244499481;3734.8166;1709.6279816051447;Evaluated;12.9943;2.429;64;True;3;duplicate_for_same_parent_sequence
57;2;8;3;diversification;4;b73d1d6c9a33;swap;34;50;;;;;;;;;;;;True;False;False;True;;ok;15833.31423424525;15790.605727414544;15790.605727414544;15243.528244499481;385;15243.528244499481;3742.2713;42.70850683070603;Evaluated;5.219;2.2323;64;True;1;
57;2;8;4;diversification;4;b73d1d6c9a33;move;;;52;30;;;;;;;;;;True;False;False;True;;ok;16952.425522754398;15790.605727414544;15790.605727414544;15243.528244499481;386;15243.528244499481;3753.2754;1161.819795339854;Evaluated;8.566;2.435;64;True;2;duplicate_for_same_parent_sequence
57;2;8;5;diversification;4;b73d1d6c9a33;move;;;52;40;;;;;;;;;;True;False;False;True;;ok;16564.258207714778;15790.605727414544;15790.605727414544;15243.528244499481;387;15243.528244499481;3760.8519;773.652480300234;Evaluated;5.1412;2.4313;64;True;1;
57;2;8;6;diversification;4;b73d1d6c9a33;move;;;48;25;;;;;;;;;;True;False;False;True;;ok;16574.111797463895;15790.605727414544;15790.605727414544;15243.528244499481;388;15243.528244499481;3771.8067;783.5060700493505;Evaluated;8.5258;2.4275;64;True;2;duplicate_for_same_parent_sequence
57;2;8;7;diversification;4;b73d1d6c9a33;move;;;30;40;;;;;;;;;;True;False;False;True;;ok;16333.111663943188;15790.605727414544;15790.605727414544;15243.528244499481;389;15243.528244499481;3782.8433;542.5059365286434;Evaluated;8.6071;2.4262;64;True;2;duplicate_for_same_parent_sequence
57;2;8;8;diversification;4;b73d1d6c9a33;move;;;30;45;;;;;;;;;;True;False;False;True;;ok;16775.918000968195;15790.605727414544;15790.605727414544;15243.528244499481;390;15243.528244499481;3794.1482;985.3122735536508;Evaluated;8.8792;2.4249;64;True;2;duplicate_for_same_parent_sequence
57;2;8;9;diversification;4;b73d1d6c9a33;move;;;25;19;;;;;;;;;;False;True;False;;;ok;;15790.605727414544;15790.605727414544;15243.528244499481;390;15243.528244499481;3806.2109;;DuplicateForSameParentSequenceAfterRetries;12.0601;;;;3;duplicate_for_same_parent_sequence
57;2;8;10;diversification;4;b73d1d6c9a33;move;;;50;45;;;;;;;;;;True;False;False;False;;ok;16254.045006634602;15790.605727414544;15790.605727414544;15243.528244499481;391;15243.528244499481;3813.8529;463.43927922005787;Evaluated;5.2082;2.4327;64;True;1;
57;2;8;;diversification;5;;;;;;;;;;;;;;;;;;;;;End-of-iteration summary row;;;15790.605727414544;15243.528244499481;391;15243.528244499481;3813.8557;;IterationSummary;;;;;;
58;2;9;1;diversification;5;b73d1d6c9a33;move;;;7;20;;;;;;;;;;True;False;False;True;;ok;16645.08102069803;15790.605727414544;15790.605727414544;15243.528244499481;392;15243.528244499481;3825.5376;854.4752932834872;Evaluated;9.2446;2.4282;64;True;2;duplicate_for_same_parent_sequence
58;2;9;2;diversification;5;b73d1d6c9a33;move;;;20;40;;;;;;;;;;True;False;False;True;;ok;16662.33595371752;15790.605727414544;15790.605727414544;15243.528244499481;393;15243.528244499481;3836.9981;871.730226302976;Evaluated;9.0317;2.428;64;True;2;duplicate_for_same_parent_sequence
58;2;9;3;diversification;5;b73d1d6c9a33;swap;35;40;;;;;;;;;;;;True;False;False;False;;ok;16247.248952965892;15790.605727414544;15790.605727414544;15243.528244499481;394;15243.528244499481;3844.8765;456.6432255513482;Evaluated;5.4394;2.4365;64;True;1;
58;2;9;4;diversification;5;b73d1d6c9a33;move;;;30;28;;;;;;;;;;True;False;False;False;;ok;15798.554744835781;15790.605727414544;15790.605727414544;15243.528244499481;395;15243.528244499481;3855.7613;7.949017421236931;Evaluated;8.6549;2.2268;64;True;2;duplicate_for_same_parent_sequence
58;2;9;5;diversification;5;b73d1d6c9a33;move;;;20;15;;;;;;;;;;True;False;False;False;;ok;16903.87163103459;15790.605727414544;15790.605727414544;15243.528244499481;396;15243.528244499481;3863.4422;1113.2659036200475;Evaluated;5.2449;2.4333;64;True;1;
58;2;9;6;diversification;5;b73d1d6c9a33;move;;;45;60;;;;;;;;;;True;False;False;True;;ok;16091.575512551832;15790.605727414544;15790.605727414544;15243.528244499481;397;15243.528244499481;3871.0402;300.96978513728754;Evaluated;5.1662;2.4291;64;True;1;
58;2;9;7;diversification;5;b73d1d6c9a33;move;;;20;30;;;;;;;;;;True;False;False;True;;ok;16646.33254392504;15790.605727414544;15790.605727414544;15243.528244499481;398;15243.528244499481;3882.0133;855.7268165104961;Evaluated;8.5432;2.4271;64;True;2;duplicate_for_same_parent_sequence
58;2;9;8;diversification;5;b73d1d6c9a33;move;;;20;35;;;;;;;;;;True;False;False;True;;ok;16255.991178290427;15790.605727414544;15790.605727414544;15243.528244499481;399;15243.528244499481;3889.6438;465.3854508758832;Evaluated;5.2054;2.4241;64;True;1;
58;2;9;9;diversification;5;b73d1d6c9a33;move;;;30;20;;;;;;;;;;True;False;False;True;;ok;16741.73588930029;15790.605727414544;15790.605727414544;15243.528244499481;400;15243.528244499481;3900.5997;951.1301618857451;Evaluated;8.5279;2.4273;64;True;2;duplicate_for_same_parent_sequence
58;2;9;10;diversification;5;b73d1d6c9a33;move;;;45;19;;;;;;;;;;True;False;False;True;;ok;16281.719413132696;15790.605727414544;15790.605727414544;15243.528244499481;401;15243.528244499481;3908.383;491.1136857181518;Evaluated;5.3453;2.4353;64;True;1;
58;2;9;;diversification;6;;;;;;;;;;;;;;;;;;;;;End-of-iteration summary row;;;15790.605727414544;15243.528244499481;401;15243.528244499481;3908.386;;IterationSummary;;;;;;
59;2;10;1;diversification;6;b73d1d6c9a33;move;;;7;25;;;;;;;;;;True;False;False;True;;ok;15810.561818287979;15790.605727414544;15790.605727414544;15243.528244499481;402;15243.528244499481;3919.5256;19.956090873434732;Evaluated;8.9034;2.2275;64;True;2;duplicate_for_same_parent_sequence
59;2;10;2;diversification;6;b73d1d6c9a33;reinsert_block;;;;;;;20;25;40;;;;;True;False;False;True;;ok;16994.69469546058;15790.605727414544;15790.605727414544;15243.528244499481;403;15243.528244499481;3927.8357;1204.0889680460368;Evaluated;5.8818;2.427;64;True;1;
59;2;10;3;diversification;6;b73d1d6c9a33;swap;35;40;;;;;;;;;;;;False;True;False;;;ok;;15790.605727414544;15790.605727414544;15243.528244499481;403;15243.528244499481;3939.7714;;DuplicateForSameParentSequenceAfterRetries;11.933;;;;3;duplicate_for_same_parent_sequence
59;2;10;4;diversification;6;b73d1d6c9a33;move;;;50;10;;;;;;;;;;True;False;False;True;;ok;18003.649740140765;15790.605727414544;15790.605727414544;15243.528244499481;404;15243.528244499481;3947.2249;2213.044012726221;Evaluated;5.0205;2.4319;64;True;1;
59;2;10;5;diversification;6;b73d1d6c9a33;move;;;15;30;;;;;;;;;;True;False;False;True;;ok;15710.934496849002;15790.605727414544;15790.605727414544;15243.528244499481;405;15243.528244499481;3954.759;-79.67123056554192;Evaluated;5.3055;2.2255;64;True;1;
59;2;10;6;diversification;6;b73d1d6c9a33;move;;;32;48;;;;;;;;;;True;False;False;True;;ok;16237.314412542459;15790.605727414544;15790.605727414544;15243.528244499481;406;15243.528244499481;3965.7867;446.7086851279146;Evaluated;8.5974;2.4276;64;True;2;duplicate_for_same_parent_sequence
59;2;10;7;diversification;6;b73d1d6c9a33;move;;;50;25;;;;;;;;;;True;False;False;True;;ok;16621.24660535613;15790.605727414544;15790.605727414544;15243.528244499481;407;15243.528244499481;3973.192;830.6408779415851;Evaluated;4.9724;2.4294;64;True;1;
59;2;10;8;diversification;6;b73d1d6c9a33;move;;;10;25;;;;;;;;;;True;False;False;True;;ok;17104.11611673991;15790.605727414544;15790.605727414544;15243.528244499481;408;15243.528244499481;3980.7885;1313.5103893253672;Evaluated;5.167;2.4263;64;True;1;
59;2;10;9;diversification;6;b73d1d6c9a33;move;;;25;10;;;;;;;;;;True;False;False;True;;ok;17552.82264427918;15790.605727414544;15790.605727414544;15243.528244499481;409;15243.528244499481;3988.3858;1762.2169168646342;Evaluated;5.1694;2.4252;64;True;1;
59;2;10;10;diversification;6;b73d1d6c9a33;move;;;50;42;;;;;;;;;;True;False;False;False;;ok;15797.702151065596;15790.605727414544;15790.605727414544;15243.528244499481;410;15243.528244499481;3995.9509;7.096423651051737;Evaluated;5.3311;2.2302;64;True;1;
59;2;10;;diversification;0;;;;;;;;;;;;;;;;;;;;;End-of-iteration summary row;;;15710.934496849002;15243.528244499481;410;15243.528244499481;3995.9694;;IterationSummary;;;;;;
60;2;11;1;normal;0;9d9ec22d8875;move;;;7;15;;;;;;;;;;True;False;False;False;;ok;16180.420909224607;15710.934496849002;15710.934496849002;15243.528244499481;411;15243.528244499481;4003.7928;469.48641237560514;Evaluated;5.392;2.4255;64;True;1;
60;2;11;2;normal;0;9d9ec22d8875;swap;18;20;;;;;;;;;;;;True;False;False;False;;ok;16949.45009128614;15710.934496849002;15710.934496849002;15243.528244499481;412;15243.528244499481;4011.4854;1238.5155944371381;Evaluated;5.261;2.4303;64;True;1;
60;2;11;3;normal;0;9d9ec22d8875;reinsert_block;;;;;;;32;36;40;;;;;True;False;False;False;;ok;16237.746760889611;15710.934496849002;15710.934496849002;15243.528244499481;413;15243.528244499481;4019.4429;526.8122640406091;Evaluated;5.5234;2.4308;64;True;1;
60;2;11;4;normal;0;9d9ec22d8875;move;;;50;15;;;;;;;;;;True;False;False;True;;ok;16229.038059408813;15710.934496849002;15710.934496849002;15243.528244499481;414;15243.528244499481;4027.0751;518.1035625598106;Evaluated;5.1997;2.43;64;True;1;
60;2;11;5;normal;0;9d9ec22d8875;move;;;56;30;;;;;;;;;;True;False;False;True;;ok;16524.733983183884;15710.934496849002;15710.934496849002;15243.528244499481;415;15243.528244499481;4034.7107;813.7994863348813;Evaluated;5.2005;2.4335;64;True;1;
60;2;11;;normal;1;;;;;;;;;;;;;;;;;;;;;End-of-iteration summary row;;;15710.934496849002;15243.528244499481;415;15243.528244499481;4034.7146;;IterationSummary;;;;;;
61;2;12;1;normal;1;9d9ec22d8875;move;;;10;25;;;;;;;;;;True;False;False;True;;ok;16717.567809381704;15710.934496849002;15710.934496849002;15243.528244499481;416;15243.528244499481;4042.6765;1006.6333125327019;Evaluated;5.515;2.4342;64;True;1;
61;2;12;2;normal;1;9d9ec22d8875;swap;17;20;;;;;;;;;;;;True;False;False;False;;ok;16890.02600761126;15710.934496849002;15710.934496849002;15243.528244499481;417;15243.528244499481;4050.3038;1179.0915107622586;Evaluated;5.196;2.4287;64;True;1;
61;2;12;3;normal;1;9d9ec22d8875;reinsert_block;;;;;;;35;40;28;;;;;True;False;False;False;;ok;16885.525701714105;15710.934496849002;15710.934496849002;15243.528244499481;418;15243.528244499481;4058.2409;1174.5912048651026;Evaluated;5.5061;2.4278;64;True;1;
61;2;12;4;normal;1;9d9ec22d8875;move;;;50;18;;;;;;;;;;True;False;False;True;;ok;16903.99786427847;15710.934496849002;15710.934496849002;15243.528244499481;419;15243.528244499481;4065.8904;1193.0633674294677;Evaluated;5.2217;2.4254;64;True;1;
61;2;12;5;normal;1;9d9ec22d8875;move;;;56;42;;;;;;;;;;True;False;False;True;;ok;15646.406911214212;15710.934496849002;15710.934496849002;15243.528244499481;420;15243.528244499481;4073.2844;-64.52758563479074;Evaluated;5.167;2.226;64;True;1;
61;2;12;;normal;0;;;;;;;;;;;;;;;;;;;;;End-of-iteration summary row;;;15646.406911214212;15243.528244499481;420;15243.528244499481;4073.3002;;IterationSummary;;;;;;
62;2;13;1;normal;0;c3cb8045e1ae;move;;;10;5;;;;;;;;;;True;False;False;False;;ok;15958.319312264579;15646.406911214212;15646.406911214212;15243.528244499481;421;15243.528244499481;4081.1672;311.9124010503674;Evaluated;5.6372;2.2229;64;True;1;
62;2;13;2;normal;0;c3cb8045e1ae;swap;20;23;;;;;;;;;;;;True;False;False;False;;ok;15643.919639611015;15646.406911214212;15646.406911214212;15243.528244499481;422;15243.528244499481;4088.899;-2.4872716031968594;Evaluated;5.4984;2.2306;64;True;1;
62;2;13;3;normal;0;c3cb8045e1ae;reinsert_block;;;;;;;34;38;25;;;;;True;False;False;True;;ok;16423.6755586152;15646.406911214212;15646.406911214212;15243.528244499481;423;15243.528244499481;4096.8264;777.2686474009879;Evaluated;5.4993;2.425;64;True;1;
62;2;13;4;normal;0;c3cb8045e1ae;move;;;53;49;;;;;;;;;;True;False;False;False;;ok;16267.618251311422;15646.406911214212;15646.406911214212;15243.528244499481;424;15243.528244499481;4104.5106;621.2113400972103;Evaluated;5.2511;2.4305;64;True;1;
62;2;13;5;normal;0;c3cb8045e1ae;move;;;25;40;;;;;;;;;;True;False;False;True;;ok;16631.123903722666;15646.406911214212;15646.406911214212;15243.528244499481;425;15243.528244499481;4112.3166;984.7169925084545;Evaluated;5.3721;2.4314;64;True;1;
62;2;13;;normal;0;;;;;;;;;;;;;;;;;;;;;End-of-iteration summary row;;;15643.919639611015;15243.528244499481;425;15243.528244499481;4112.3271;;IterationSummary;;;;;;
63;2;14;1;normal;0;4d6df64859e7;move;;;10;5;;;;;;;;;;True;False;False;False;;ok;16063.086177136363;15643.919639611015;15643.919639611015;15243.528244499481;426;15243.528244499481;4120.1599;419.16653752534876;Evaluated;5.5912;2.2333;64;True;1;
63;2;14;2;normal;0;4d6df64859e7;swap;18;20;;;;;;;;;;;;True;False;False;False;;ok;16628.284792605817;15643.919639611015;15643.919639611015;15243.528244499481;427;15243.528244499481;4127.9223;984.365152994802;Evaluated;5.3288;2.4308;64;True;1;
63;2;14;3;normal;0;4d6df64859e7;reinsert_block;;;;;;;35;40;28;;;;;True;False;False;False;;ok;16576.613717889708;15643.919639611015;15643.919639611015;15243.528244499481;428;15243.528244499481;4135.8412;932.6940782786933;Evaluated;5.4896;2.426;64;True;1;
63;2;14;4;normal;0;4d6df64859e7;move;;;50;18;;;;;;;;;;True;False;False;True;;ok;17061.17784773649;15643.919639611015;15643.919639611015;15243.528244499481;429;15243.528244499481;4143.4721;1417.258208125475;Evaluated;5.2024;2.4259;64;True;1;
63;2;14;5;normal;0;4d6df64859e7;move;;;25;30;;;;;;;;;;True;False;False;False;;ok;16629.286436750088;15643.919639611015;15643.919639611015;15243.528244499481;430;15243.528244499481;4151.2995;985.3667971390732;Evaluated;5.3911;2.4333;64;True;1;
63;2;14;;normal;1;;;;;;;;;;;;;;;;;;;;;End-of-iteration summary row;;;15643.919639611015;15243.528244499481;430;15243.528244499481;4151.3036;;IterationSummary;;;;;;
64;2;15;1;normal;1;4d6df64859e7;move;;;14;5;;;;;;;;;;True;False;False;False;;ok;17073.75944850006;15643.919639611015;15643.919639611015;15243.528244499481;431;15243.528244499481;4159.195;1429.8398088890444;Evaluated;5.4523;2.431;64;True;1;
64;2;15;2;normal;1;4d6df64859e7;swap;25;30;;;;;;;;;;;;True;False;False;False;;ok;15867.42280742231;15643.919639611015;15643.919639611015;15243.528244499481;432;15243.528244499481;4170.5307;223.5031678112955;Evaluated;9.1088;2.2243;64;True;2;duplicate_for_same_parent_sequence
64;2;15;3;normal;1;4d6df64859e7;move;;;40;15;;;;;;;;;;True;False;False;True;;ok;15976.497448038726;15643.919639611015;15643.919639611015;15243.528244499481;433;15243.528244499481;4182.1346;332.5778084277117;Evaluated;9.3731;2.2292;64;True;2;duplicate_for_same_parent_sequence
64;2;15;4;normal;1;4d6df64859e7;move;;;45;20;;;;;;;;;;True;False;False;True;;ok;16996.481637411118;15643.919639611015;15643.919639611015;15243.528244499481;434;15243.528244499481;4193.3116;1352.5619978001032;Evaluated;8.7412;2.432;64;True;2;duplicate_for_same_parent_sequence
64;2;15;5;normal;1;4d6df64859e7;swap;32;38;;;;;;;;;;;;True;False;False;False;;ok;16119.067251567625;15643.919639611015;15643.919639611015;15243.528244499481;435;15243.528244499481;4204.3025;475.1476119566105;Evaluated;8.5505;2.4375;64;True;2;duplicate_for_same_parent_sequence
64;2;15;;normal;2;;;;;;;;;;;;;;;;;;;;;End-of-iteration summary row;;;15643.919639611015;15243.528244499481;435;15243.528244499481;4204.3056;;IterationSummary;;;;;;
65;2;16;1;normal;2;4d6df64859e7;move;;;8;3;;;;;;;;;;True;False;False;False;;ok;16987.394359007063;15643.919639611015;15643.919639611015;15243.528244499481;436;15243.528244499481;4215.7448;1343.4747193960484;Evaluated;8.9989;2.4279;64;True;2;duplicate_for_same_parent_sequence
65;2;16;2;normal;2;4d6df64859e7;swap;17;20;;;;;;;;;;;;True;False;False;False;;ok;15682.73125001439;15643.919639611015;15643.919639611015;15243.528244499481;437;15243.528244499481;4223.3122;38.81161040337611;Evaluated;5.3356;2.2294;64;True;1;
65;2;16;3;normal;2;4d6df64859e7;move;;;14;7;;;;;;;;;;True;False;False;False;;ok;16301.97042750957;15643.919639611015;15643.919639611015;15243.528244499481;438;15243.528244499481;4234.6036;658.0507878985554;Evaluated;8.8632;2.4267;64;True;2;duplicate_for_same_parent_sequence
65;2;16;4;normal;2;4d6df64859e7;move;;;56;49;;;;;;;;;;True;False;False;False;;ok;15823.741287073932;15643.919639611015;15643.919639611015;15243.528244499481;439;15243.528244499481;4242.0639;179.8216474629171;Evaluated;5.2317;2.2249;64;True;1;
65;2;16;5;normal;2;4d6df64859e7;move;;;20;35;;;;;;;;;;True;False;False;True;;ok;16182.067967266035;15643.919639611015;15643.919639611015;15243.528244499481;440;15243.528244499481;4256.4548;538.1483276550207;Evaluated;11.9582;2.4297;64;True;3;duplicate_for_same_parent_sequence
65;2;16;;normal;3;;;;;;;;;;;;;;;;;;;;;End-of-iteration summary row;;;15643.919639611015;15243.528244499481;440;15243.528244499481;4256.4569;;IterationSummary;;;;;;
66;2;17;1;diversification;3;4d6df64859e7;move;;;25;10;;;;;;;;;;True;False;False;True;;ok;16297.827047331013;15643.919639611015;15643.919639611015;15243.528244499481;441;15243.528244499481;4271.4345;653.9074077199984;Evaluated;12.5389;2.4269;64;True;3;duplicate_for_same_parent_sequence
66;2;17;2;diversification;3;4d6df64859e7;reinsert_block;;;;;;;18;23;5;;;;;True;False;False;True;;ok;16831.165265873857;15643.919639611015;15643.919639611015;15243.528244499481;442;15243.528244499481;4279.3599;1187.245626262842;Evaluated;5.4918;2.4311;64;True;1;
66;2;17;3;diversification;3;4d6df64859e7;swap;38;45;;;;;;;;;;;;True;False;False;False;;ok;16382.964533027429;15643.919639611015;15643.919639611015;15243.528244499481;443;15243.528244499481;4287.0523;739.0448934164142;Evaluated;5.2615;2.4284;64;True;1;
66;2;17;4;diversification;3;4d6df64859e7;move;;;53;49;;;;;;;;;;True;False;False;False;;ok;16265.202320860742;15643.919639611015;15643.919639611015;15243.528244499481;444;15243.528244499481;4294.6894;621.2826812497278;Evaluated;5.2041;2.4298;64;True;1;
66;2;17;5;diversification;3;4d6df64859e7;move;;;50;2;;;;;;;;;;True;False;False;True;;ok;17794.22858352288;15643.919639611015;15643.919639611015;15243.528244499481;445;15243.528244499481;4302.4195;2150.308943911865;Evaluated;5.3014;2.4261;64;True;1;
66;2;17;6;diversification;3;4d6df64859e7;move;;;50;35;;;;;;;;;;True;False;False;True;;ok;16537.302199983045;15643.919639611015;15643.919639611015;15243.528244499481;446;15243.528244499481;4310.1;893.3825603720306;Evaluated;5.2435;2.4336;64;True;1;
66;2;17;7;diversification;3;4d6df64859e7;move;;;30;40;;;;;;;;;;True;False;False;True;;ok;16188.308867857977;15643.919639611015;15643.919639611015;15243.528244499481;447;15243.528244499481;4321.2222;544.3892282469624;Evaluated;8.6879;2.4314;64;True;2;duplicate_for_same_parent_sequence
66;2;17;8;diversification;3;4d6df64859e7;move;;;8;15;;;;;;;;;;True;False;False;False;;ok;15799.224111469848;15643.919639611015;15643.919639611015;15243.528244499481;448;15243.528244499481;4328.612;155.3044718588335;Evaluated;5.1657;2.2234;64;True;1;
66;2;17;9;diversification;3;4d6df64859e7;move;;;24;19;;;;;;;;;;True;False;False;False;;ok;15709.705424572672;15643.919639611015;15643.919639611015;15243.528244499481;449;15243.528244499481;4339.4524;65.78578496165755;Evaluated;8.6155;2.2241;64;True;2;duplicate_for_same_parent_sequence
66;2;17;10;diversification;3;4d6df64859e7;move;;;40;25;;;;;;;;;;True;False;False;True;;ok;15644.000109065793;15643.919639611015;15643.919639611015;15243.528244499481;450;15243.528244499481;4347.0307;0.08046945477872214;Evaluated;5.3492;2.2265;64;True;1;
66;2;17;;diversification;4;;;;;;;;;;;;;;;;;;;;;End-of-iteration summary row;;;15643.919639611015;15243.528244499481;450;15243.528244499481;4347.0339;;IterationSummary;;;;;;
67;2;18;1;diversification;4;4d6df64859e7;move;;;7;3;;;;;;;;;;True;False;False;False;;ok;16533.76255815816;15643.919639611015;15643.919639611015;15243.528244499481;451;15243.528244499481;4358.4559;889.842918547145;Evaluated;8.9833;2.4258;64;True;2;duplicate_for_same_parent_sequence
67;2;18;2;diversification;4;4d6df64859e7;move;;;20;30;;;;;;;;;;True;False;False;True;;ok;16176.49233020329;15643.919639611015;15643.919639611015;15243.528244499481;452;15243.528244499481;4369.8086;532.5726905922747;Evaluated;8.9199;2.4296;64;True;2;duplicate_for_same_parent_sequence
67;2;18;3;diversification;4;4d6df64859e7;swap;35;42;;;;;;;;;;;;True;False;False;False;;ok;16179.489801573718;15643.919639611015;15643.919639611015;15243.528244499481;453;15243.528244499481;4377.466;535.5701619627034;Evaluated;5.2258;2.4291;64;True;1;
67;2;18;4;diversification;4;4d6df64859e7;move;;;50;45;;;;;;;;;;True;False;False;False;;ok;16450.836168752605;15643.919639611015;15643.919639611015;15243.528244499481;454;15243.528244499481;4385.2713;806.9165291415902;Evaluated;5.3655;2.4368;64;True;1;
67;2;18;5;diversification;4;4d6df64859e7;move;;;45;10;;;;;;;;;;True;False;False;True;;ok;17381.239766726394;15643.919639611015;15643.919639611015;15243.528244499481;455;15243.528244499481;4393.0448;1737.3201271153794;Evaluated;5.3387;2.4309;64;True;1;
67;2;18;6;diversification;4;4d6df64859e7;move;;;20;10;;;;;;;;;;True;False;False;True;;ok;16299.033695148773;15643.919639611015;15643.919639611015;15243.528244499481;456;15243.528244499481;4404.2743;655.1140555377588;Evaluated;8.8021;2.4245;64;True;2;duplicate_for_same_parent_sequence
67;2;18;7;diversification;4;4d6df64859e7;move;;;35;10;;;;;;;;;;True;False;False;True;;ok;17003.95922180498;15643.919639611015;15643.919639611015;15243.528244499481;457;15243.528244499481;4415.3471;1360.0395821939655;Evaluated;8.6413;2.4307;64;True;2;duplicate_for_same_parent_sequence
67;2;18;8;diversification;4;4d6df64859e7;move;;;24;10;;;;;;;;;;True;False;False;True;;ok;16754.8041175989;15643.919639611015;15643.919639611015;15243.528244499481;458;15243.528244499481;4423.0382;1110.8844779878837;Evaluated;5.2611;2.4282;64;True;1;
67;2;18;9;diversification;4;4d6df64859e7;move;;;24;30;;;;;;;;;;True;False;False;False;;ok;16627.034091729;15643.919639611015;15643.919639611015;15243.528244499481;459;15243.528244499481;4430.791;983.1144521179867;Evaluated;5.3208;2.4293;64;True;1;
67;2;18;10;diversification;4;4d6df64859e7;move;;;45;3;;;;;;;;;;True;False;False;True;;ok;17537.151952195232;15643.919639611015;15643.919639611015;15243.528244499481;460;15243.528244499481;4442.0067;1893.2323125842177;Evaluated;8.7834;2.4292;64;True;2;duplicate_for_same_parent_sequence
67;2;18;;diversification;5;;;;;;;;;;;;;;;;;;;;;End-of-iteration summary row;;;15643.919639611015;15243.528244499481;460;15243.528244499481;4442.0094;;IterationSummary;;;;;;
68;2;19;1;diversification;5;4d6df64859e7;move;;;5;10;;;;;;;;;;True;False;False;False;;ok;17062.380721848902;15643.919639611015;15643.919639611015;15243.528244499481;461;15243.528244499481;4450.2488;1418.4610822378872;Evaluated;5.7997;2.4294;64;True;1;
68;2;19;2;diversification;5;4d6df64859e7;reinsert_block;;;;;;;18;25;4;;;;;True;False;False;True;;ok;18118.114879705365;15643.919639611015;15643.919639611015;15243.528244499481;462;15243.528244499481;4458.4427;2474.19524009435;Evaluated;5.5622;2.6288;64;True;1;
68;2;19;3;diversification;5;4d6df64859e7;swap;38;47;;;;;;;;;;;;True;False;False;False;;ok;15914.427587524486;15643.919639611015;15643.919639611015;15243.528244499481;463;15243.528244499481;4469.839;270.50794791347107;Evaluated;9.1642;2.2294;64;True;2;duplicate_for_same_parent_sequence
68;2;19;4;diversification;5;4d6df64859e7;move;;;50;48;;;;;;;;;;True;False;False;False;;ok;15644.33691180017;15643.919639611015;15643.919639611015;15243.528244499481;464;15243.528244499481;4477.3748;0.4172721891554829;Evaluated;5.3059;2.2269;64;True;1;
68;2;19;5;diversification;5;4d6df64859e7;move;;;27;15;;;;;;;;;;True;False;False;True;;ok;16675.02251299968;15643.919639611015;15643.919639611015;15243.528244499481;465;15243.528244499481;4488.544;1031.102873388665;Evaluated;8.7309;2.4353;64;True;2;duplicate_for_same_parent_sequence
68;2;19;6;diversification;5;4d6df64859e7;move;;;58;30;;;;;;;;;;True;False;False;True;;ok;16121.05294349023;15643.919639611015;15643.919639611015;15243.528244499481;466;15243.528244499481;4496.2805;477.1333038792145;Evaluated;5.3083;2.4256;64;True;1;
68;2;19;7;diversification;5;4d6df64859e7;move;;;50;32;;;;;;;;;;True;False;False;True;;ok;16528.312526220114;15643.919639611015;15643.919639611015;15243.528244499481;467;15243.528244499481;4503.9249;884.3928866090992;Evaluated;5.2163;2.4263;64;True;1;
68;2;19;8;diversification;5;4d6df64859e7;swap;8;15;;;;;;;;;;;;True;False;False;False;;ok;15776.050765312455;15643.919639611015;15643.919639611015;15243.528244499481;468;15243.528244499481;4514.8971;132.1311257014404;Evaluated;8.7396;2.2301;64;True;2;duplicate_for_same_parent_sequence
68;2;19;9;diversification;5;4d6df64859e7;move;;;30;20;;;;;;;;;;True;False;False;True;;ok;15783.250268405256;15643.919639611015;15643.919639611015;15243.528244499481;469;15243.528244499481;4526.1368;139.33062879424142;Evaluated;9.0087;2.2303;64;True;2;duplicate_for_same_parent_sequence
68;2;19;10;diversification;5;4d6df64859e7;move;;;52;45;;;;;;;;;;True;False;False;False;;ok;16553.314645024846;15643.919639611015;15643.919639611015;15243.528244499481;470;15243.528244499481;4537.1925;909.3950054138313;Evaluated;8.6201;2.4322;64;True;2;duplicate_for_same_parent_sequence
68;2;19;;diversification;6;;;;;;;;;;;;;;;;;;;;;End-of-iteration summary row;;;15643.919639611015;15243.528244499481;470;15243.528244499481;4537.1953;;IterationSummary;;;;;;
69;2;20;1;diversification;6;4d6df64859e7;move;;;14;25;;;;;;;;;;True;False;False;True;;ok;15646.877399483312;15643.919639611015;15643.919639611015;15243.528244499481;471;15243.528244499481;4545.1702;2.9577598722971743;Evaluated;5.734;2.2278;64;True;1;
69;2;20;2;diversification;6;4d6df64859e7;move;;;30;10;;;;;;;;;;True;False;False;True;;ok;16361.639328871237;15643.919639611015;15643.919639611015;15243.528244499481;472;15243.528244499481;4556.7531;717.7196892602224;Evaluated;9.1545;2.4258;64;True;2;duplicate_for_same_parent_sequence
69;2;20;3;diversification;6;4d6df64859e7;swap;34;50;;;;;;;;;;;;True;False;False;True;;ok;16524.763642589656;15643.919639611015;15643.919639611015;15243.528244499481;473;15243.528244499481;4564.4104;880.8440029786416;Evaluated;5.2194;2.4353;64;True;1;
69;2;20;4;diversification;6;4d6df64859e7;move;;;50;40;;;;;;;;;;True;False;False;True;;ok;16142.050311517129;15643.919639611015;15643.919639611015;15243.528244499481;474;15243.528244499481;4572.041;498.130671906114;Evaluated;5.2002;2.4274;64;True;1;
69;2;20;5;diversification;6;4d6df64859e7;move;;;35;28;;;;;;;;;;True;False;False;False;;ok;16535.252936015706;15643.919639611015;15643.919639611015;15243.528244499481;475;15243.528244499481;4583.1277;891.3332964046913;Evaluated;8.654;2.4313;64;True;2;duplicate_for_same_parent_sequence
69;2;20;6;diversification;6;4d6df64859e7;move;;;40;35;;;;;;;;;;True;False;False;False;;ok;15662.103918477456;15643.919639611015;15643.919639611015;15243.528244499481;476;15243.528244499481;4594.0712;18.184278866441673;Evaluated;8.7157;2.2248;64;True;2;duplicate_for_same_parent_sequence
69;2;20;7;diversification;6;4d6df64859e7;move;;;10;25;;;;;;;;;;True;False;False;True;;ok;16712.216212055017;15643.919639611015;15643.919639611015;15243.528244499481;477;15243.528244499481;4601.9621;1068.2965724440019;Evaluated;5.4604;2.4279;64;True;1;
69;2;20;8;diversification;6;4d6df64859e7;move;;;25;10;;;;;;;;;;False;True;False;;;ok;;15643.919639611015;15643.919639611015;15243.528244499481;477;15243.528244499481;4614.0867;;DuplicateForSameParentSequenceAfterRetries;12.1231;;;;3;duplicate_for_same_parent_sequence
69;2;20;9;diversification;6;4d6df64859e7;move;;;28;35;;;;;;;;;;True;False;False;False;;ok;15979.393059702463;15643.919639611015;15643.919639611015;15243.528244499481;478;15243.528244499481;4621.521;335.47342009144813;Evaluated;5.2049;2.2284;64;True;1;
69;2;20;10;diversification;6;4d6df64859e7;move;;;23;17;;;;;;;;;;True;False;False;False;;ok;17498.543698683923;15643.919639611015;15643.919639611015;15243.528244499481;479;15243.528244499481;4632.4815;1854.6240590729085;Evaluated;8.5308;2.4262;64;True;2;duplicate_for_same_parent_sequence
69;2;20;;diversification;7;;;;;;;;;;;;;;;;;;;;;End-of-iteration summary row;;;15643.919639611015;15243.528244499481;479;15243.528244499481;4632.4846;;IterationSummary;;;;;;
70;2;21;1;diversification;7;4d6df64859e7;move;;;1;5;;;;;;;;;;True;False;False;False;;ok;15585.049839234827;15643.919639611015;15643.919639611015;15243.528244499481;480;15243.528244499481;4640.3086;-58.86980037618741;EvaluatedImprovementDespiteDiversificationMismatch;5.5849;2.2256;64;True;1;
70;2;21;2;diversification;7;4d6df64859e7;reinsert_block;;;;;;;20;25;15;;;;;True;False;False;False;;ok;17825.898373531356;15643.919639611015;15643.919639611015;15243.528244499481;481;15243.528244499481;4648.2758;2181.9787339203413;Evaluated;5.5314;2.4349;64;True;1;
70;2;21;3;diversification;7;4d6df64859e7;swap;36;42;;;;;;;;;;;;True;False;False;False;;ok;16173.706618244096;15643.919639611015;15643.919639611015;15243.528244499481;482;15243.528244499481;4655.9541;529.7869786330812;Evaluated;5.2474;2.4276;64;True;1;
70;2;21;4;diversification;7;4d6df64859e7;move;;;48;55;;;;;;;;;;True;False;False;False;;ok;15769.25976607072;15643.919639611015;15643.919639611015;15243.528244499481;483;15243.528244499481;4670.7371;125.34012645970506;Evaluated;12.5511;2.2282;64;True;3;duplicate_for_same_parent_sequence
70;2;21;5;diversification;7;4d6df64859e7;move;;;40;30;;;;;;;;;;True;False;False;True;;ok;15663.185412955867;15643.919639611015;15643.919639611015;15243.528244499481;484;15243.528244499481;4681.7292;19.265773344852278;Evaluated;8.7615;2.2277;64;True;2;duplicate_for_same_parent_sequence
70;2;21;6;diversification;7;4d6df64859e7;move;;;38;19;;;;;;;;;;True;False;False;True;;ok;16262.517470127876;15643.919639611015;15643.919639611015;15243.528244499481;485;15243.528244499481;4692.74;618.597830516861;Evaluated;8.5784;2.4298;64;True;2;duplicate_for_same_parent_sequence
70;2;21;7;diversification;7;4d6df64859e7;move;;;38;17;;;;;;;;;;True;False;False;True;;ok;16259.230402542888;15643.919639611015;15643.919639611015;15243.528244499481;486;15243.528244499481;4707.0926;615.3107629318729;Evaluated;11.9239;2.428;64;True;3;duplicate_for_same_parent_sequence
70;2;21;8;diversification;7;4d6df64859e7;move;;;17;25;;;;;;;;;;True;False;False;False;;ok;16216.335817146226;15643.919639611015;15643.919639611015;15243.528244499481;487;15243.528244499481;4721.5275;572.4161775352113;Evaluated;12.0019;2.4305;64;True;3;duplicate_for_same_parent_sequence
70;2;21;9;diversification;7;4d6df64859e7;move;;;24;35;;;;;;;;;;True;False;False;True;;ok;16182.725194862007;15643.919639611015;15643.919639611015;15243.528244499481;488;15243.528244499481;4729.2848;538.8055552509923;Evaluated;5.3249;2.4294;64;True;1;
70;2;21;10;diversification;7;4d6df64859e7;move;;;52;47;;;;;;;;;;True;False;False;False;;ok;16090.926829980117;15643.919639611015;15643.919639611015;15243.528244499481;489;15243.528244499481;4740.3142;447.0071903691023;Evaluated;8.5996;2.4272;64;True;2;duplicate_for_same_parent_sequence
70;2;21;;diversification;0;;;;;;;;;;;;;;;;;;;;;End-of-iteration summary row;;;15585.049839234827;15243.528244499481;489;15243.528244499481;4740.3326;;IterationSummary;;;;;;
71;2;22;1;normal;0;a5151c0dca4f;move;;;10;3;;;;;;;;;;True;False;False;False;;ok;17170.91949163687;15585.049839234827;15585.049839234827;15243.528244499481;490;15243.528244499481;4748.4159;1585.8696524020415;Evaluated;5.6457;2.4305;64;True;1;
71;2;22;2;normal;0;a5151c0dca4f;swap;20;25;;;;;;;;;;;;True;False;False;False;;ok;15227.839046161298;15585.049839234827;15585.049839234827;15243.528244499481;491;15243.528244499481;4755.8677;-357.2107930735292;Evaluated;5.2263;2.2222;64;True;1;
71;2;22;3;normal;0;a5151c0dca4f;reinsert_block;;;;;;;32;35;40;;;;;True;False;False;False;;ok;15629.16414275405;15585.049839234827;15585.049839234827;15243.528244499481;492;15243.528244499481;4763.5869;44.11430351922354;Evaluated;5.4923;2.2261;64;True;1;
71;2;22;4;normal;0;a5151c0dca4f;move;;;50;48;;;;;;;;;;True;False;False;False;;ok;15588.08504519328;15585.049839234827;15585.049839234827;15243.528244499481;493;15243.528244499481;4770.855;3.0352059584529343;Evaluated;5.04;2.2256;64;True;1;
71;2;22;5;normal;0;a5151c0dca4f;move;;;25;30;;;;;;;;;;True;False;False;False;;ok;16227.904537767665;15585.049839234827;15585.049839234827;15243.528244499481;494;15243.528244499481;4778.4333;642.8546985328376;Evaluated;5.147;2.4284;64;True;1;
71;2;22;;normal;0;;;;;;;;;;;;;;;;;;;;;End-of-iteration summary row;;;15227.839046161298;15227.839046161298;494;15227.839046161298;4778.4505;;IterationSummary;;;;;;
72;2;23;1;normal;0;b7c3bef14016;move;;;10;3;;;;;;;;;;True;False;False;False;;ok;17216.040279164794;15227.839046161298;15227.839046161298;15227.839046161298;495;15227.839046161298;4786.5587;1988.2012330034959;Evaluated;5.6734;2.429;64;True;1;
72;2;23;2;normal;0;b7c3bef14016;swap;18;20;;;;;;;;;;;;True;False;False;False;;ok;16309.433686358458;15227.839046161298;15227.839046161298;15227.839046161298;496;15227.839046161298;4794.2427;1081.5946401971596;Evaluated;5.2529;2.4284;64;True;1;
72;2;23;3;normal;0;b7c3bef14016;reinsert_block;;;;;;;35;40;28;;;;;True;False;False;False;;ok;17385.685820036135;15227.839046161298;15227.839046161298;15227.839046161298;497;15227.839046161298;4802.1957;2157.846773874837;Evaluated;5.5193;2.4316;64;True;1;
72;2;23;4;normal;0;b7c3bef14016;move;;;50;48;;;;;;;;;;True;False;False;False;;ok;15218.179478711938;15227.839046161298;15227.839046161298;15227.839046161298;498;15227.839046161298;4809.6444;-9.659567449360111;Evaluated;5.2208;2.225;64;True;1;
72;2;23;5;normal;0;b7c3bef14016;move;;;23;15;;;;;;;;;;True;False;False;False;;ok;16826.613862798535;15227.839046161298;15227.839046161298;15227.839046161298;499;15227.839046161298;4820.291;1598.7748166372367;Evaluated;8.2134;2.4302;64;True;2;duplicate_for_same_parent_sequence
72;2;23;;normal;0;;;;;;;;;;;;;;;;;;;;;End-of-iteration summary row;;;15218.179478711938;15218.179478711938;499;15218.179478711938;4820.3082;;IterationSummary;;;;;;
73;2;24;1;normal;0;1a58441d7ac6;move;;;10;3;;;;;;;;;;True;False;False;False;;ok;17215.22168088868;15218.179478711938;15218.179478711938;15218.179478711938;500;15218.179478711938;4828.4312;1997.0422021767426;Evaluated;5.688;2.4284;64;True;1;
73;2;24;2;normal;0;1a58441d7ac6;swap;18;20;;;;;;;;;;;;True;False;False;False;;ok;16374.865272863579;15218.179478711938;15218.179478711938;15218.179478711938;501;15218.179478711938;4836.0453;1156.685794151641;Evaluated;5.1852;2.4259;64;True;1;
73;2;24;3;normal;0;1a58441d7ac6;reinsert_block;;;;;;;35;40;28;;;;;True;False;False;False;;ok;17435.946137976134;15218.179478711938;15218.179478711938;15218.179478711938;502;15218.179478711938;4843.9738;2217.7666592641963;Evaluated;5.4935;2.4318;64;True;1;
73;2;24;4;normal;0;1a58441d7ac6;move;;;50;48;;;;;;;;;;True;False;False;False;;ok;15220.124287351331;15218.179478711938;15218.179478711938;15218.179478711938;503;15218.179478711938;4851.6416;1.944808639393159;Evaluated;5.4409;2.2239;64;True;1;
73;2;24;5;normal;0;1a58441d7ac6;move;;;23;15;;;;;;;;;;True;False;False;False;;ok;16894.89008179536;15218.179478711938;15218.179478711938;15218.179478711938;504;15218.179478711938;4859.0544;1676.7106030834238;Evaluated;4.9797;2.4299;64;True;1;
73;2;24;;normal;1;;;;;;;;;;;;;;;;;;;;;End-of-iteration summary row;;;15218.179478711938;15218.179478711938;504;15218.179478711938;4859.0575;;IterationSummary;;;;;;
74;2;25;1;normal;1;1a58441d7ac6;move;;;25;4;;;;;;;;;;True;False;False;True;;ok;16808.70288156958;15218.179478711938;15218.179478711938;15218.179478711938;505;15218.179478711938;4870.2041;1590.5234028576433;Evaluated;8.7034;2.431;64;True;2;duplicate_for_same_parent_sequence
74;2;25;2;normal;1;1a58441d7ac6;swap;20;25;;;;;;;;;;;;True;False;False;False;;ok;15588.08504519328;15218.179478711938;15218.179478711938;15218.179478711938;506;15218.179478711938;4877.861;369.90556648134225;Evaluated;5.4239;2.2304;64;True;1;
74;2;25;3;normal;1;1a58441d7ac6;move;;;35;20;;;;;;;;;;True;False;False;True;;ok;16620.46077205748;15218.179478711938;15218.179478711938;15218.179478711938;507;15218.179478711938;4889.4446;1402.2812933455407;Evaluated;9.1499;2.431;64;True;2;duplicate_for_same_parent_sequence
74;2;25;4;normal;1;1a58441d7ac6;move;;;60;52;;;;;;;;;;True;False;False;False;;ok;15510.72139269972;15218.179478711938;15218.179478711938;15218.179478711938;508;15218.179478711938;4900.3903;292.5419139877813;Evaluated;8.7125;2.2302;64;True;2;duplicate_for_same_parent_sequence
74;2;25;5;normal;1;1a58441d7ac6;move;;;30;25;;;;;;;;;;True;False;False;False;;ok;15818.118208007454;15218.179478711938;15218.179478711938;15218.179478711938;509;15218.179478711938;4908.0673;599.9387292955162;Evaluated;5.4474;2.2269;64;True;1;
74;2;25;;normal;2;;;;;;;;;;;;;;;;;;;;;End-of-iteration summary row;;;15218.179478711938;15218.179478711938;509;15218.179478711938;4908.0681;;IterationSummary;;;;;;
75;2;26;1;normal;2;1a58441d7ac6;move;;;25;18;;;;;;;;;;True;False;False;False;;ok;15820.598899175004;15218.179478711938;15218.179478711938;15218.179478711938;510;15218.179478711938;4919.2313;602.4194204630658;Evaluated;8.9248;2.2313;64;True;2;duplicate_for_same_parent_sequence
75;2;26;2;normal;2;1a58441d7ac6;swap;25;30;;;;;;;;;;;;True;False;False;False;;ok;15867.538756167425;15218.179478711938;15218.179478711938;15218.179478711938;511;15218.179478711938;4930.2582;649.3592774554872;Evaluated;8.8;2.2242;64;True;2;duplicate_for_same_parent_sequence
75;2;26;3;normal;2;1a58441d7ac6;move;;;45;35;;;;;;;;;;True;False;False;True;;ok;16581.187122975025;15218.179478711938;15218.179478711938;15218.179478711938;512;15218.179478711938;4942.0297;1363.007644263087;Evaluated;9.3355;2.4324;64;True;2;duplicate_for_same_parent_sequence
75;2;26;4;normal;2;1a58441d7ac6;move;;;40;50;;;;;;;;;;True;False;False;True;;ok;15751.21137802894;15218.179478711938;15218.179478711938;15218.179478711938;513;15218.179478711938;4956.7554;533.0318993170022;Evaluated;12.4992;2.2231;64;True;3;duplicate_for_same_parent_sequence
75;2;26;5;normal;2;1a58441d7ac6;move;;;40;30;;;;;;;;;;True;False;False;True;;ok;15846.957193355265;15218.179478711938;15218.179478711938;15218.179478711938;514;15218.179478711938;4967.9701;628.7777146433273;Evaluated;8.9865;2.2251;64;True;2;duplicate_for_same_parent_sequence
75;2;26;;normal;3;;;;;;;;;;;;;;;;;;;;;End-of-iteration summary row;;;15218.179478711938;15218.179478711938;514;15218.179478711938;4967.9708;;IterationSummary;;;;;;
76;2;27;1;diversification;3;1a58441d7ac6;move;;;20;5;;;;;;;;;;True;False;False;True;;ok;17342.15844121809;15218.179478711938;15218.179478711938;15218.179478711938;515;15218.179478711938;4976.0089;2123.978962506151;Evaluated;5.6044;2.4272;64;True;1;
76;2;27;2;diversification;3;1a58441d7ac6;reinsert_block;;;;;;;20;25;35;;;;;True;False;False;True;;ok;16640.908076578165;15218.179478711938;15218.179478711938;15218.179478711938;516;15218.179478711938;4984.2777;1422.7285978662276;Evaluated;5.8411;2.4254;64;True;1;
76;2;27;3;diversification;3;1a58441d7ac6;swap;35;40;;;;;;;;;;;;True;False;False;False;;ok;16328.124788761594;15218.179478711938;15218.179478711938;15218.179478711938;517;15218.179478711938;4992.0111;1109.9453100496557;Evaluated;5.2979;2.4325;64;True;1;
76;2;27;4;diversification;3;1a58441d7ac6;move;;;48;30;;;;;;;;;;True;False;False;True;;ok;16669.086500846934;15218.179478711938;15218.179478711938;15218.179478711938;518;15218.179478711938;5006.9129;1450.9070221349957;Evaluated;12.4725;2.4263;64;True;3;duplicate_for_same_parent_sequence
76;2;27;5;diversification;3;1a58441d7ac6;move;;;10;5;;;;;;;;;;True;False;False;False;;ok;17106.553973324037;15218.179478711938;15218.179478711938;15218.179478711938;519;15218.179478711938;5014.5869;1888.3744946120987;Evaluated;5.2441;2.4273;64;True;1;
76;2;27;6;diversification;3;1a58441d7ac6;move;;;50;38;;;;;;;;;;True;False;False;True;;ok;15391.271964586762;15218.179478711938;15218.179478711938;15218.179478711938;520;15218.179478711938;5022.028;173.09248587482398;Evaluated;5.2076;2.2304;64;True;1;
76;2;27;7;diversification;3;1a58441d7ac6;move;;;15;20;;;;;;;;;;True;False;False;False;;ok;15732.893228195413;15218.179478711938;15218.179478711938;15218.179478711938;521;15218.179478711938;5029.1949;514.7137494834751;Evaluated;4.9404;2.2239;64;True;1;
76;2;27;8;diversification;3;1a58441d7ac6;move;;;8;15;;;;;;;;;;True;False;False;False;;ok;16584.574493663727;15218.179478711938;15218.179478711938;15218.179478711938;522;15218.179478711938;5036.8158;1366.3950149517896;Evaluated;5.1883;2.4296;64;True;1;
76;2;27;9;diversification;3;1a58441d7ac6;swap;30;35;;;;;;;;;;;;True;False;False;False;;ok;15350.073608313012;15218.179478711938;15218.179478711938;15218.179478711938;523;15218.179478711938;5047.5803;131.89412960107438;Evaluated;8.5377;2.2262;64;True;2;duplicate_for_same_parent_sequence
76;2;27;10;diversification;3;1a58441d7ac6;move;;;45;20;;;;;;;;;;True;False;False;True;;ok;17138.689416460053;15218.179478711938;15218.179478711938;15218.179478711938;524;15218.179478711938;5055.3588;1920.5099377481147;Evaluated;5.3469;2.4283;64;True;1;
76;2;27;;diversification;4;;;;;;;;;;;;;;;;;;;;;End-of-iteration summary row;;;15218.179478711938;15218.179478711938;524;15218.179478711938;5055.3618;;IterationSummary;;;;;;
77;2;28;1;diversification;4;1a58441d7ac6;move;;;7;20;;;;;;;;;;True;False;False;True;;ok;15720.539922325135;15218.179478711938;15218.179478711938;15218.179478711938;525;15218.179478711938;5066.5929;502.3604436131973;Evaluated;8.9964;2.2276;64;True;2;duplicate_for_same_parent_sequence
77;2;28;2;diversification;4;1a58441d7ac6;reinsert_block;;;;;;;18;23;5;;;;;True;False;False;True;;ok;17015.81625100537;15218.179478711938;15218.179478711938;15218.179478711938;526;15218.179478711938;5074.4795;1797.636772293432;Evaluated;5.4504;2.4334;64;True;1;
77;2;28;3;diversification;4;1a58441d7ac6;swap;20;47;;;;;;;;;;;;True;False;False;True;;ok;17097.22200829644;15218.179478711938;15218.179478711938;15218.179478711938;527;15218.179478711938;5085.9544;1879.0425295845034;Evaluated;9.0414;2.4303;64;True;2;duplicate_for_same_parent_sequence
77;2;28;4;diversification;4;1a58441d7ac6;move;;;49;60;;;;;;;;;;True;False;False;True;;ok;15856.716777226364;15218.179478711938;15218.179478711938;15218.179478711938;528;15218.179478711938;5096.9188;638.5372985144259;Evaluated;8.7379;2.2231;64;True;2;duplicate_for_same_parent_sequence
77;2;28;5;diversification;4;1a58441d7ac6;move;;;18;10;;;;;;;;;;True;False;False;False;;ok;16915.570644643507;15218.179478711938;15218.179478711938;15218.179478711938;529;15218.179478711938;5111.5681;1697.391165931569;Evaluated;12.2193;2.4293;64;True;3;duplicate_for_same_parent_sequence
77;2;28;6;diversification;4;1a58441d7ac6;move;;;32;40;;;;;;;;;;True;False;False;False;;ok;15867.071652283314;15218.179478711938;15218.179478711938;15218.179478711938;530;15218.179478711938;5122.5821;648.8921735713757;Evaluated;8.7791;2.2315;64;True;2;duplicate_for_same_parent_sequence
77;2;28;7;diversification;4;1a58441d7ac6;move;;;25;40;;;;;;;;;;True;False;False;True;;ok;16119.346202294346;15218.179478711938;15218.179478711938;15218.179478711938;531;15218.179478711938;5133.5392;901.1667235824079;Evaluated;8.5266;2.4279;64;True;2;duplicate_for_same_parent_sequence
77;2;28;8;diversification;4;1a58441d7ac6;move;;;23;18;;;;;;;;;;True;False;False;False;;ok;16889.147365154553;15218.179478711938;15218.179478711938;15218.179478711938;532;15218.179478711938;5144.7703;1670.967886442615;Evaluated;8.7978;2.4302;64;True;2;duplicate_for_same_parent_sequence
77;2;28;9;diversification;4;1a58441d7ac6;move;;;25;30;;;;;;;;;;True;False;False;False;;ok;16123.504193915034;15218.179478711938;15218.179478711938;15218.179478711938;533;15218.179478711938;5152.5331;905.3247152030963;Evaluated;5.3324;2.4278;64;True;1;
77;2;28;10;diversification;4;1a58441d7ac6;move;;;42;30;;;;;;;;;;True;False;False;True;;ok;16438.847355341186;15218.179478711938;15218.179478711938;15218.179478711938;534;15218.179478711938;5163.5566;1220.667876629248;Evaluated;8.5932;2.4277;64;True;2;duplicate_for_same_parent_sequence
77;2;28;;diversification;5;;;;;;;;;;;;;;;;;;;;;End-of-iteration summary row;;;15218.179478711938;15218.179478711938;534;15218.179478711938;5163.56;;IterationSummary;;;;;;
78;2;29;1;diversification;5;1a58441d7ac6;move;;;8;2;;;;;;;;;;True;False;False;False;;ok;16789.269504925996;15218.179478711938;15218.179478711938;15218.179478711938;535;15218.179478711938;5175.0105;1571.0900262140585;Evaluated;9.0149;2.4287;64;True;2;duplicate_for_same_parent_sequence
78;2;29;2;diversification;5;1a58441d7ac6;reinsert_block;;;;;;;20;25;10;;;;;True;False;False;True;;ok;18159.61417260602;15218.179478711938;15218.179478711938;15218.179478711938;536;15218.179478711938;5183.2567;2941.4346938940816;Evaluated;5.6173;2.6259;64;True;1;
78;2;29;3;diversification;5;1a58441d7ac6;swap;35;42;;;;;;;;;;;;True;False;False;False;;ok;16288.442919978052;15218.179478711938;15218.179478711938;15218.179478711938;537;15218.179478711938;5191.1878;1070.2634412661137;Evaluated;5.5001;2.428;64;True;1;
78;2;29;4;diversification;5;1a58441d7ac6;move;;;55;60;;;;;;;;;;True;False;False;False;;ok;15998.41932255604;15218.179478711938;15218.179478711938;15218.179478711938;538;15218.179478711938;5202.1512;780.2398438441014;Evaluated;8.7262;2.2336;64;True;2;duplicate_for_same_parent_sequence
78;2;29;5;diversification;5;1a58441d7ac6;move;;;20;30;;;;;;;;;;True;False;False;True;;ok;16286.144370685306;15218.179478711938;15218.179478711938;15218.179478711938;539;15218.179478711938;5213.3008;1067.9648919733681;Evaluated;8.7134;2.4334;64;True;2;duplicate_for_same_parent_sequence
78;2;29;6;diversification;5;1a58441d7ac6;move;;;35;42;;;;;;;;;;True;False;False;False;;ok;16469.906945362185;15218.179478711938;15218.179478711938;15218.179478711938;540;15218.179478711938;5221.3323;1251.7274666502472;Evaluated;5.6008;2.4299;64;True;1;
78;2;29;7;diversification;5;1a58441d7ac6;move;;;14;25;;;;;;;;;;True;False;False;True;;ok;15720.558007233978;15218.179478711938;15218.179478711938;15218.179478711938;541;15218.179478711938;5228.9494;502.37852852204014;Evaluated;5.3834;2.2303;64;True;1;
78;2;29;8;diversification;5;1a58441d7ac6;move;;;30;8;;;;;;;;;;True;False;False;True;;ok;17281.381448713597;15218.179478711938;15218.179478711938;15218.179478711938;542;15218.179478711938;5239.9693;2063.201970001659;Evaluated;8.5903;2.4268;64;True;2;duplicate_for_same_parent_sequence
78;2;29;9;diversification;5;1a58441d7ac6;move;;;24;39;;;;;;;;;;True;False;False;True;;ok;16638.059232242973;15218.179478711938;15218.179478711938;15218.179478711938;543;15218.179478711938;5251.1293;1419.879753531035;Evaluated;8.724;2.4325;64;True;2;duplicate_for_same_parent_sequence
78;2;29;10;diversification;5;1a58441d7ac6;swap;42;43;;;;;;;;;;;;True;False;False;False;;ok;15218.179478711938;15218.179478711938;15218.179478711938;15218.179478711938;544;15218.179478711938;5262.1334;0.0;Evaluated;8.7717;2.2297;64;True;2;duplicate_for_same_parent_sequence
78;2;29;;diversification;6;;;;;;;;;;;;;;;;;;;;;End-of-iteration summary row;;;15218.179478711938;15218.179478711938;544;15218.179478711938;5262.137;;IterationSummary;;;;;;
79;2;30;1;diversification;6;1a58441d7ac6;move;;;5;20;;;;;;;;;;True;False;False;True;;ok;16044.307017325713;15218.179478711938;15218.179478711938;15218.179478711938;545;15218.179478711938;5270.0841;826.127538613775;Evaluated;5.7109;2.2275;64;True;1;
79;2;30;2;diversification;6;1a58441d7ac6;move;;;40;55;;;;;;;;;;True;False;False;True;;ok;15806.475793759722;15218.179478711938;15218.179478711938;15218.179478711938;546;15218.179478711938;5281.269;588.2963150477844;Evaluated;8.9569;2.2249;64;True;2;duplicate_for_same_parent_sequence
79;2;30;3;diversification;6;1a58441d7ac6;swap;37;42;;;;;;;;;;;;True;False;False;False;;ok;16043.094396775714;15218.179478711938;15218.179478711938;15218.179478711938;547;15218.179478711938;5293.1086;824.914918063776;Evaluated;9.6072;2.229;64;True;2;duplicate_for_same_parent_sequence
79;2;30;4;diversification;6;1a58441d7ac6;move;;;50;35;;;;;;;;;;True;False;False;True;;ok;16372.837825987497;15218.179478711938;15218.179478711938;15218.179478711938;548;15218.179478711938;5304.4202;1154.6583472755592;Evaluated;8.879;2.4293;64;True;2;duplicate_for_same_parent_sequence
79;2;30;5;diversification;6;1a58441d7ac6;move;;;40;25;;;;;;;;;;True;False;False;True;;ok;15847.350043649014;15218.179478711938;15218.179478711938;15218.179478711938;549;15218.179478711938;5311.9454;629.170564937076;Evaluated;5.2972;2.2251;64;True;1;
79;2;30;6;diversification;6;1a58441d7ac6;move;;;35;15;;;;;;;;;;True;False;False;True;;ok;16853.083586257588;15218.179478711938;15218.179478711938;15218.179478711938;550;15218.179478711938;5323.2823;1634.9041075456498;Evaluated;8.9047;2.4297;64;True;2;duplicate_for_same_parent_sequence
79;2;30;7;diversification;6;1a58441d7ac6;move;;;42;10;;;;;;;;;;True;False;False;True;;ok;17343.68746943184;15218.179478711938;15218.179478711938;15218.179478711938;551;15218.179478711938;5338.2242;2125.5079907199015;Evaluated;12.5092;2.43;64;True;3;duplicate_for_same_parent_sequence
79;2;30;8;diversification;6;1a58441d7ac6;move;;;20;35;;;;;;;;;;True;False;False;True;;ok;16281.224822130811;15218.179478711938;15218.179478711938;15218.179478711938;552;15218.179478711938;5346.2386;1063.045343418873;Evaluated;5.5882;2.4244;64;True;1;
79;2;30;9;diversification;6;1a58441d7ac6;move;;;30;15;;;;;;;;;;True;False;False;True;;ok;16627.681091459817;15218.179478711938;15218.179478711938;15218.179478711938;553;15218.179478711938;5357.803;1409.5016127478793;Evaluated;9.1321;2.4302;64;True;2;duplicate_for_same_parent_sequence
79;2;30;10;diversification;6;1a58441d7ac6;move;;;45;50;;;;;;;;;;True;False;False;False;;ok;15654.087080646525;15218.179478711938;15218.179478711938;15218.179478711938;554;15218.179478711938;5371.857;435.90760193458664;Evaluated;11.8259;2.2251;64;True;3;duplicate_for_same_parent_sequence
79;2;30;;diversification;7;;;;;;;;;;;;;;;;;;;;;End-of-iteration summary row;;;15218.179478711938;15218.179478711938;554;15218.179478711938;5371.8601;;IterationSummary;;;;;;
80;2;31;1;diversification;7;1a58441d7ac6;move;;;10;25;;;;;;;;;;True;False;False;True;;ok;17499.627896257673;15218.179478711938;15218.179478711938;15218.179478711938;555;15218.179478711938;5379.9365;2281.4484175457346;Evaluated;5.635;2.4287;64;True;1;
80;2;31;2;diversification;7;1a58441d7ac6;reinsert_block;;;;;;;20;25;40;;;;;True;False;False;True;;ok;16551.890527759224;15218.179478711938;15218.179478711938;15218.179478711938;556;15218.179478711938;5387.9686;1333.711049047286;Evaluated;5.6091;2.4202;64;True;1;
80;2;31;3;diversification;7;1a58441d7ac6;swap;28;47;;;;;;;;;;;;True;False;False;True;;ok;15921.04901948037;15218.179478711938;15218.179478711938;15218.179478711938;557;15218.179478711938;5398.8235;702.8695407684318;Evaluated;8.6245;2.2297;64;True;2;duplicate_for_same_parent_sequence
80;2;31;4;diversification;7;1a58441d7ac6;move;;;48;30;;;;;;;;;;False;True;False;;;ok;;15218.179478711938;15218.179478711938;15218.179478711938;557;15218.179478711938;5410.6457;;DuplicateForSameParentSequenceAfterRetries;11.8216;;;;3;duplicate_for_same_parent_sequence
80;2;31;5;diversification;7;1a58441d7ac6;swap;15;20;;;;;;;;;;;;True;False;False;False;;ok;16280.422664229944;15218.179478711938;15218.179478711938;15218.179478711938;558;15218.179478711938;5421.8279;1062.2431855180057;Evaluated;8.7531;2.428;64;True;2;duplicate_for_same_parent_sequence
80;2;31;6;diversification;7;1a58441d7ac6;move;;;30;10;;;;;;;;;;True;False;False;True;;ok;17294.02811682465;15218.179478711938;15218.179478711938;15218.179478711938;559;15218.179478711938;5436.2352;2075.848638112713;Evaluated;11.9798;2.4256;64;True;3;duplicate_for_same_parent_sequence
80;2;31;7;diversification;7;1a58441d7ac6;move;;;50;14;;;;;;;;;;True;False;False;True;;ok;16100.386826929109;15218.179478711938;15218.179478711938;15218.179478711938;560;15218.179478711938;5443.8144;882.2073482171709;Evaluated;5.1521;2.4264;64;True;1;
80;2;31;8;diversification;7;1a58441d7ac6;move;;;8;23;;;;;;;;;;True;False;False;True;;ok;15937.826193402821;15218.179478711938;15218.179478711938;15218.179478711938;561;15218.179478711938;5451.4477;719.6467146908835;Evaluated;5.4105;2.2222;64;True;1;
80;2;31;9;diversification;7;1a58441d7ac6;move;;;18;25;;;;;;;;;;True;False;False;False;;ok;17013.78990004088;15218.179478711938;15218.179478711938;15218.179478711938;562;15218.179478711938;5462.6055;1795.6104213289418;Evaluated;8.7241;2.4318;64;True;2;duplicate_for_same_parent_sequence
80;2;31;10;diversification;7;1a58441d7ac6;move;;;48;55;;;;;;;;;;True;False;False;False;;ok;15683.737721805079;15218.179478711938;15218.179478711938;15218.179478711938;563;15218.179478711938;5477.5978;465.55824309314085;Evaluated;12.7646;2.225;64;True;3;duplicate_for_same_parent_sequence
80;2;31;;diversification;8;;;;;;;;;;;;;;;;;;;;;End-of-iteration summary row;;;15218.179478711938;15218.179478711938;563;15218.179478711938;5477.6011;;IterationSummary;;;;;;
81;2;32;1;diversification;8;1a58441d7ac6;move;;;7;30;;;;;;;;;;True;False;False;True;;ok;15708.390808487029;15218.179478711938;15218.179478711938;15218.179478711938;564;15218.179478711938;5488.7465;490.21132977509114;Evaluated;8.9073;2.2228;64;True;2;duplicate_for_same_parent_sequence
81;2;32;2;diversification;8;1a58441d7ac6;move;;;28;17;;;;;;;;;;True;False;False;True;;ok;16967.866534851673;15218.179478711938;15218.179478711938;15218.179478711938;565;15218.179478711938;5500.2413;1749.6870561397354;Evaluated;9.0665;2.4272;64;True;2;duplicate_for_same_parent_sequence
81;2;32;3;diversification;8;1a58441d7ac6;swap;38;47;;;;;;;;;;;;True;False;False;False;;ok;16211.759342791696;15218.179478711938;15218.179478711938;15218.179478711938;566;15218.179478711938;5511.3944;993.5798640797584;Evaluated;8.7276;2.4224;64;True;2;duplicate_for_same_parent_sequence
81;2;32;4;diversification;8;1a58441d7ac6;move;;;52;48;;;;;;;;;;True;False;False;False;;ok;15705.297385060092;15218.179478711938;15218.179478711938;15218.179478711938;567;15218.179478711938;5518.8607;487.11790634815407;Evaluated;5.2305;2.2327;64;True;1;
81;2;32;5;diversification;8;1a58441d7ac6;move;;;20;15;;;;;;;;;;True;False;False;False;;ok;16296.093698411001;15218.179478711938;15218.179478711938;15218.179478711938;568;15218.179478711938;5526.568;1077.9142196990633;Evaluated;5.2815;2.4227;64;True;1;
81;2;32;6;diversification;8;1a58441d7ac6;move;;;50;20;;;;;;;;;;True;False;False;True;;ok;16585.61257616998;15218.179478711938;15218.179478711938;15218.179478711938;569;15218.179478711938;5534.2471;1367.4330974580425;Evaluated;5.2477;2.4287;64;True;1;
81;2;32;7;diversification;8;1a58441d7ac6;move;;;15;40;;;;;;;;;;True;False;False;True;;ok;16584.420844376244;15218.179478711938;15218.179478711938;15218.179478711938;570;15218.179478711938;5545.4322;1366.2413656643057;Evaluated;8.7552;2.4272;64;True;2;duplicate_for_same_parent_sequence
81;2;32;8;diversification;8;1a58441d7ac6;move;;;14;8;;;;;;;;;;True;False;False;False;;ok;16304.853433652743;15218.179478711938;15218.179478711938;15218.179478711938;571;15218.179478711938;5556.3616;1086.6739549408048;Evaluated;8.4955;2.431;64;True;2;duplicate_for_same_parent_sequence
81;2;32;9;diversification;8;1a58441d7ac6;move;;;24;30;;;;;;;;;;True;False;False;False;;ok;16115.156174395666;15218.179478711938;15218.179478711938;15218.179478711938;572;15218.179478711938;5564.0217;896.9766956837284;Evaluated;5.2271;2.4304;64;True;1;
81;2;32;10;diversification;8;1a58441d7ac6;swap;32;62;;;;;;;;;;;;True;False;False;True;;ok;15839.91728190695;15218.179478711938;15218.179478711938;15218.179478711938;573;15218.179478711938;5574.9937;621.737803195012;Evaluated;8.7462;2.2232;64;True;2;duplicate_for_same_parent_sequence
81;2;32;;diversification;9;;;;;;;;;;;;;;;;;;;;;End-of-iteration summary row;;;15218.179478711938;15218.179478711938;573;15218.179478711938;5574.9966;;IterationSummary;;;;;;
82;2;33;1;diversification;9;1a58441d7ac6;move;;;15;25;;;;;;;;;;True;False;False;True;;ok;15722.71553993167;15218.179478711938;15218.179478711938;15218.179478711938;574;15218.179478711938;5590.165;504.5360612197328;Evaluated;12.9347;2.2228;64;True;3;duplicate_for_same_parent_sequence
82;2;33;2;diversification;9;1a58441d7ac6;reinsert_block;;;;;;;18;25;35;;;;;True;False;False;True;;ok;16595.867467480282;15218.179478711938;15218.179478711938;15218.179478711938;575;15218.179478711938;5598.139;1377.6879887683444;Evaluated;5.5471;2.4245;64;True;1;
82;2;33;3;diversification;9;1a58441d7ac6;swap;38;47;;;;;;;;;;;;False;True;False;;;ok;;15218.179478711938;15218.179478711938;15218.179478711938;575;15218.179478711938;5610.157;;DuplicateForSameParentSequenceAfterRetries;12.0174;;;;3;duplicate_for_same_parent_sequence
82;2;33;4;diversification;9;1a58441d7ac6;move;;;48;55;;;;;;;;;;False;True;True;;;ok;;15218.179478711938;15218.179478711938;15218.179478711938;575;15218.179478711938;5622.7182;;DuplicateForSameParentSequenceAfterRetries;12.5602;;;;3;duplicate_for_same_parent_sequence
82;2;33;5;diversification;9;1a58441d7ac6;move;;;10;35;;;;;;;;;;True;False;False;True;;ok;17155.671307589677;15218.179478711938;15218.179478711938;15218.179478711938;576;15218.179478711938;5630.414;1937.491828877739;Evaluated;5.2607;2.4341;64;True;1;
82;2;33;6;diversification;9;1a58441d7ac6;move;;;45;32;;;;;;;;;;True;False;False;True;;ok;16609.4732970078;15218.179478711938;15218.179478711938;15218.179478711938;577;15218.179478711938;5638.1466;1391.2938182958624;Evaluated;5.3029;2.4267;64;True;1;
82;2;33;7;diversification;9;1a58441d7ac6;move;;;30;45;;;;;;;;;;True;False;False;True;;ok;16144.735487831478;15218.179478711938;15218.179478711938;15218.179478711938;578;15218.179478711938;5649.3716;926.5560091195402;Evaluated;8.7953;2.4273;64;True;2;duplicate_for_same_parent_sequence
82;2;33;8;diversification;9;1a58441d7ac6;move;;;25;10;;;;;;;;;;True;False;False;True;;ok;16824.56913913058;15218.179478711938;15218.179478711938;15218.179478711938;579;15218.179478711938;5657.2342;1606.389660418643;Evaluated;5.4261;2.4337;64;True;1;
82;2;33;9;diversification;9;1a58441d7ac6;move;;;40;35;;;;;;;;;;True;False;False;False;;ok;15841.651650428648;15218.179478711938;15218.179478711938;15218.179478711938;580;15218.179478711938;5668.127;623.4721717167104;Evaluated;8.669;2.221;64;True;2;duplicate_for_same_parent_sequence
82;2;33;10;diversification;9;1a58441d7ac6;move;;;50;18;;;;;;;;;;True;False;False;True;;ok;16589.3085256858;15218.179478711938;15218.179478711938;15218.179478711938;581;15218.179478711938;5679.5219;1371.1290469738615;Evaluated;8.9659;2.428;64;True;2;duplicate_for_same_parent_sequence
82;3;0;;diversification;0;;;;;;;;;;;;;;;;;;;;;End-of-iteration summary row;;;16641.404845676683;15218.179478711938;582;15218.179478711938;5681.9678;;IterationSummary;;;;;;
83;3;1;1;normal;0;0f63cf6f404e;move;;;5;10;;;;;;;;;;True;False;False;False;;ok;17532.182049666284;16641.404845676683;16641.404845676683;15218.179478711938;583;15218.179478711938;5689.5484;890.7772039896008;Evaluated;5.1435;2.4307;64;True;1;
83;3;1;2;normal;0;0f63cf6f404e;swap;20;30;;;;;;;;;;;;True;False;False;False;;ok;17208.324876631246;16641.404845676683;16641.404845676683;15218.179478711938;584;15218.179478711938;5697.0637;566.9200309545631;Evaluated;5.0792;2.4336;64;True;1;
83;3;1;3;normal;0;0f63cf6f404e;reinsert_block;;;;;;;35;40;28;;;;;True;False;False;False;;ok;16823.91775940213;16641.404845676683;16641.404845676683;15218.179478711938;585;15218.179478711938;5705.0131;182.51291372544802;Evaluated;5.5243;2.4231;64;True;1;
83;3;1;4;normal;0;0f63cf6f404e;move;;;50;25;;;;;;;;;;True;False;False;True;;ok;16998.75577586887;16641.404845676683;16641.404845676683;15218.179478711938;586;15218.179478711938;5712.2273;357.35093019218766;Evaluated;4.777;2.4345;64;True;1;
83;3;1;5;normal;0;0f63cf6f404e;move;;;40;25;;;;;;;;;;True;False;False;True;;ok;16298.825894167576;16641.404845676683;16641.404845676683;15218.179478711938;587;15218.179478711938;5719.5523;-342.57895150910736;Evaluated;4.8913;2.431;64;True;1;
83;3;1;;normal;0;;;;;;;;;;;;;;;;;;;;;End-of-iteration summary row;;;16298.825894167576;15218.179478711938;587;15218.179478711938;5719.5711;;IterationSummary;;;;;;
84;3;2;1;normal;0;78ad6c7cf661;move;;;10;5;;;;;;;;;;True;False;False;False;;ok;16838.464727752646;16298.825894167576;16298.825894167576;15218.179478711938;588;15218.179478711938;5727.4041;539.6388335850697;Evaluated;5.3916;2.4349;64;True;1;
84;3;2;2;normal;0;78ad6c7cf661;swap;18;20;;;;;;;;;;;;True;False;False;False;;ok;17323.87711793956;16298.825894167576;16298.825894167576;15218.179478711938;589;15218.179478711938;5735.0563;1025.0512237719831;Evaluated;5.2198;2.4283;64;True;1;
84;3;2;3;normal;0;78ad6c7cf661;reinsert_block;;;;;;;35;42;28;;;;;True;False;False;False;;ok;17018.36972101662;16298.825894167576;16298.825894167576;15218.179478711938;590;15218.179478711938;5743.0126;719.5438268490452;Evaluated;5.5196;2.4333;64;True;1;
84;3;2;4;normal;0;78ad6c7cf661;move;;;50;18;;;;;;;;;;True;False;False;True;;ok;17447.278142559262;16298.825894167576;16298.825894167576;15218.179478711938;591;15218.179478711938;5750.6667;1148.4522483916862;Evaluated;5.222;2.4289;64;True;1;
84;3;2;5;normal;0;78ad6c7cf661;move;;;45;32;;;;;;;;;;True;False;False;True;;ok;16275.597000783915;16298.825894167576;16298.825894167576;15218.179478711938;592;15218.179478711938;5758.2643;-23.22889338366076;Evaluated;5.168;2.4271;64;True;1;
84;3;2;;normal;0;;;;;;;;;;;;;;;;;;;;;End-of-iteration summary row;;;16275.597000783915;15218.179478711938;592;15218.179478711938;5758.2752;;IterationSummary;;;;;;
85;3;3;1;normal;0;bbca3af4fd22;move;;;10;5;;;;;;;;;;True;False;False;False;;ok;17390.24880376122;16275.597000783915;16275.597000783915;15218.179478711938;593;15218.179478711938;5766.1654;1114.6518029773051;Evaluated;5.4484;2.4324;64;True;1;
85;3;3;2;normal;0;bbca3af4fd22;swap;20;31;;;;;;;;;;;;True;False;False;False;;ok;17542.943680064793;16275.597000783915;16275.597000783915;15218.179478711938;594;15218.179478711938;5773.6852;1267.3466792808777;Evaluated;5.0877;2.4249;64;True;1;
85;3;3;3;normal;0;bbca3af4fd22;reinsert_block;;;;;;;35;40;28;;;;;True;False;False;False;;ok;16689.795360121014;16275.597000783915;16275.597000783915;15218.179478711938;595;15218.179478711938;5781.8894;414.19835933709874;Evaluated;5.7757;2.4253;64;True;1;
85;3;3;4;normal;0;bbca3af4fd22;move;;;48;50;;;;;;;;;;True;False;False;False;;ok;15818.465647842495;16275.597000783915;16275.597000783915;15218.179478711938;596;15218.179478711938;5789.2613;-457.1313529414201;Evaluated;5.1432;2.2258;64;True;1;
85;3;3;5;normal;0;bbca3af4fd22;move;;;40;25;;;;;;;;;;True;False;False;True;;ok;16463.019827096236;16275.597000783915;16275.597000783915;15218.179478711938;597;15218.179478711938;5796.8296;187.42282631232047;Evaluated;5.1404;2.4272;64;True;1;
85;3;3;;normal;0;;;;;;;;;;;;;;;;;;;;;End-of-iteration summary row;;;15818.465647842495;15218.179478711938;597;15218.179478711938;5796.8438;;IterationSummary;;;;;;
86;3;4;1;normal;0;6745a60ac3fe;move;;;10;5;;;;;;;;;;True;False;False;False;;ok;16708.909404702703;15818.465647842495;15818.465647842495;15218.179478711938;598;15218.179478711938;5804.9449;890.4437568602079;Evaluated;5.6678;2.4261;64;True;1;
86;3;4;2;normal;0;6745a60ac3fe;swap;20;31;;;;;;;;;;;;True;False;False;False;;ok;17085.81232712337;15818.465647842495;15818.465647842495;15218.179478711938;599;15218.179478711938;5812.6537;1267.3466792808758;Evaluated;5.2789;2.4274;64;True;1;
86;3;4;3;normal;0;6745a60ac3fe;reinsert_block;;;;;;;35;40;28;;;;;True;False;False;False;;ok;16597.73327921304;15818.465647842495;15818.465647842495;15218.179478711938;600;15218.179478711938;5820.3982;779.2676313705451;Evaluated;5.3132;2.4285;64;True;1;
86;3;4;4;normal;0;6745a60ac3fe;move;;;50;18;;;;;;;;;;True;False;False;True;;ok;17136.475134243505;15818.465647842495;15818.465647842495;15218.179478711938;601;15218.179478711938;5828.0139;1318.0094864010098;Evaluated;5.1839;2.4287;64;True;1;
86;3;4;5;normal;0;6745a60ac3fe;move;;;45;32;;;;;;;;;;True;False;False;True;;ok;16175.018397774786;15818.465647842495;15818.465647842495;15218.179478711938;602;15218.179478711938;5839.0248;356.5527499322907;Evaluated;8.5815;2.4266;64;True;2;duplicate_for_same_parent_sequence
86;3;4;;normal;1;;;;;;;;;;;;;;;;;;;;;End-of-iteration summary row;;;15818.465647842495;15218.179478711938;602;15218.179478711938;5839.0277;;IterationSummary;;;;;;
87;3;5;1;normal;1;6745a60ac3fe;move;;;8;2;;;;;;;;;;True;False;False;False;;ok;17357.919384390574;15818.465647842495;15818.465647842495;15218.179478711938;603;15218.179478711938;5850.1842;1539.4537365480792;Evaluated;8.7201;2.423;64;True;2;duplicate_for_same_parent_sequence
87;3;5;2;normal;1;6745a60ac3fe;swap;25;30;;;;;;;;;;;;True;False;False;False;;ok;15823.950688923314;15818.465647842495;15818.465647842495;15218.179478711938;604;15218.179478711938;5861.314;5.485041080819428;Evaluated;8.8937;2.2354;64;True;2;duplicate_for_same_parent_sequence
87;3;5;3;normal;1;6745a60ac3fe;move;;;37;30;;;;;;;;;;True;False;False;False;;ok;16015.959398673373;15818.465647842495;15818.465647842495;15218.179478711938;605;15218.179478711938;5872.456;197.49375083087762;Evaluated;8.9131;2.2262;64;True;2;duplicate_for_same_parent_sequence
87;3;5;4;normal;1;6745a60ac3fe;move;;;50;28;;;;;;;;;;True;False;False;True;;ok;16598.49758684344;15818.465647842495;15818.465647842495;15218.179478711938;606;15218.179478711938;5880.0489;780.0319390009463;Evaluated;5.1624;2.4296;64;True;1;
87;3;5;5;normal;1;6745a60ac3fe;move;;;25;10;;;;;;;;;;True;False;False;True;;ok;16002.80481766359;15818.465647842495;15818.465647842495;15218.179478711938;607;15218.179478711938;5887.6483;184.3391698210944;Evaluated;5.3696;2.2271;64;True;1;
87;3;5;;normal;2;;;;;;;;;;;;;;;;;;;;;End-of-iteration summary row;;;15818.465647842495;15218.179478711938;607;15218.179478711938;5887.6518;;IterationSummary;;;;;;
88;3;6;1;normal;2;6745a60ac3fe;move;;;7;12;;;;;;;;;;True;False;False;False;;ok;15814.253740672344;15818.465647842495;15818.465647842495;15218.179478711938;608;15218.179478711938;5898.8358;-4.21190717015088;Evaluated;8.9415;2.2291;64;True;2;duplicate_for_same_parent_sequence
88;3;6;2;normal;2;6745a60ac3fe;swap;18;20;;;;;;;;;;;;True;False;False;False;;ok;16743.464453701436;15818.465647842495;15818.465647842495;15218.179478711938;609;15218.179478711938;5906.6893;924.9988058589406;Evaluated;5.4192;2.431;64;True;1;
88;3;6;3;normal;2;6745a60ac3fe;move;;;37;20;;;;;;;;;;True;False;False;True;;ok;16573.295506047976;15818.465647842495;15818.465647842495;15218.179478711938;610;15218.179478711938;5918.6027;754.8298582054813;Evaluated;9.4868;2.4246;64;True;2;duplicate_for_same_parent_sequence
88;3;6;4;normal;2;6745a60ac3fe;move;;;37;45;;;;;;;;;;True;False;False;False;;ok;15845.324749489366;15818.465647842495;15818.465647842495;15218.179478711938;611;15218.179478711938;5929.6954;26.85910164687084;Evaluated;8.8601;2.2296;64;True;2;duplicate_for_same_parent_sequence
88;3;6;5;normal;2;6745a60ac3fe;move;;;35;20;;;;;;;;;;True;False;False;True;;ok;16739.601105322756;15818.465647842495;15818.465647842495;15218.179478711938;612;15218.179478711938;5937.4394;921.1354574802608;Evaluated;5.3149;2.4262;64;True;1;
88;3;6;;normal;0;;;;;;;;;;;;;;;;;;;;;End-of-iteration summary row;;;15814.253740672344;15218.179478711938;612;15218.179478711938;5937.4546;;IterationSummary;;;;;;
89;3;7;1;normal;0;1d0b408fe552;move;;;10;2;;;;;;;;;;True;False;False;False;;ok;17466.613514963676;15814.253740672344;15814.253740672344;15218.179478711938;613;15218.179478711938;5945.4143;1652.3597742913316;Evaluated;5.5256;2.4262;64;True;1;
89;3;7;2;normal;0;1d0b408fe552;swap;16;20;;;;;;;;;;;;True;False;False;False;;ok;16787.07352577208;15814.253740672344;15814.253740672344;15218.179478711938;614;15218.179478711938;5953.2555;972.8197850997367;Evaluated;5.4108;2.4274;64;True;1;
89;3;7;3;normal;0;1d0b408fe552;reinsert_block;;;;;;;35;40;28;;;;;True;False;False;False;;ok;16589.81191860082;15814.253740672344;15814.253740672344;15218.179478711938;615;15218.179478711938;5961.1466;775.5581779284748;Evaluated;5.4659;2.4222;64;True;1;
89;3;7;4;normal;0;1d0b408fe552;move;;;50;28;;;;;;;;;;True;False;False;True;;ok;16602.33913220674;15814.253740672344;15814.253740672344;15218.179478711938;616;15218.179478711938;5968.7823;788.085391534396;Evaluated;5.2075;2.4275;64;True;1;
89;3;7;5;normal;0;1d0b408fe552;move;;;25;10;;;;;;;;;;True;False;False;True;;ok;15936.311350752123;15814.253740672344;15814.253740672344;15218.179478711938;617;15218.179478711938;5976.1913;122.0576100797789;Evaluated;5.1836;2.2224;64;True;1;
89;3;7;;normal;1;;;;;;;;;;;;;;;;;;;;;End-of-iteration summary row;;;15814.253740672344;15218.179478711938;617;15218.179478711938;5976.194;;IterationSummary;;;;;;
90;3;8;1;normal;1;1d0b408fe552;move;;;14;5;;;;;;;;;;True;False;False;False;;ok;17196.070414532667;15814.253740672344;15814.253740672344;15218.179478711938;618;15218.179478711938;5984.0561;1381.8166738603231;Evaluated;5.4206;2.4309;64;True;1;
90;3;8;2;normal;1;1d0b408fe552;swap;20;31;;;;;;;;;;;;True;False;False;False;;ok;18377.774797554852;15814.253740672344;15814.253740672344;15218.179478711938;619;15218.179478711938;5992.064;2563.5210568825078;Evaluated;5.3682;2.6366;64;True;1;
90;3;8;3;normal;1;1d0b408fe552;move;;;37;15;;;;;;;;;;True;False;False;True;;ok;16574.072170748477;15814.253740672344;15814.253740672344;15218.179478711938;620;15218.179478711938;6003.2252;759.8184300761332;Evaluated;8.7287;2.4297;64;True;2;duplicate_for_same_parent_sequence
90;3;8;4;normal;1;1d0b408fe552;move;;;52;48;;;;;;;;;;True;False;False;False;;ok;16332.464617032394;15814.253740672344;15814.253740672344;15218.179478711938;621;15218.179478711938;6010.7998;518.21087636005;Evaluated;5.1452;2.4264;64;True;1;
90;3;8;5;normal;1;1d0b408fe552;move;;;37;45;;;;;;;;;;True;False;False;False;;ok;15862.675625398168;15814.253740672344;15814.253740672344;15218.179478711938;622;15218.179478711938;6021.6506;48.421884725823475;Evaluated;8.6172;2.2318;64;True;2;duplicate_for_same_parent_sequence
90;3;8;;normal;2;;;;;;;;;;;;;;;;;;;;;End-of-iteration summary row;;;15814.253740672344;15218.179478711938;622;15218.179478711938;6021.6547;;IterationSummary;;;;;;
91;3;9;1;normal;2;1d0b408fe552;move;;;8;3;;;;;;;;;;True;False;False;False;;ok;17087.928610987427;15814.253740672344;15814.253740672344;15218.179478711938;623;15218.179478711938;6032.9635;1273.6748703150824;Evaluated;8.8774;2.4224;64;True;2;duplicate_for_same_parent_sequence
91;3;9;2;normal;2;1d0b408fe552;move;;;35;28;;;;;;;;;;True;False;False;False;;ok;16011.391459141914;15814.253740672344;15814.253740672344;15218.179478711938;624;15218.179478711938;6044.179;197.13771846957025;Evaluated;8.9825;2.23;64;True;2;duplicate_for_same_parent_sequence
91;3;9;3;normal;2;1d0b408fe552;move;;;14;25;;;;;;;;;;True;False;False;True;;ok;16748.442092256177;15814.253740672344;15814.253740672344;15218.179478711938;625;15218.179478711938;6055.5976;934.1883515838326;Evaluated;8.9847;2.4311;64;True;2;duplicate_for_same_parent_sequence
91;3;9;4;normal;2;1d0b408fe552;move;;;49;30;;;;;;;;;;True;False;False;True;;ok;16883.409794568637;15814.253740672344;15814.253740672344;15218.179478711938;626;15218.179478711938;6066.8417;1069.156053896293;Evaluated;8.8202;2.4227;64;True;2;duplicate_for_same_parent_sequence
91;3;9;5;normal;2;1d0b408fe552;move;;;30;40;;;;;;;;;;True;False;False;True;;ok;15811.070822991456;15814.253740672344;15814.253740672344;15218.179478711938;627;15218.179478711938;6077.6042;-3.18291768088784;Evaluated;8.5333;2.2261;64;True;2;duplicate_for_same_parent_sequence
91;3;9;;normal;0;;;;;;;;;;;;;;;;;;;;;End-of-iteration summary row;;;15811.070822991456;15218.179478711938;627;15218.179478711938;6077.6236;;IterationSummary;;;;;;
92;3;10;1;normal;0;a9bd70f58b2e;move;;;10;5;;;;;;;;;;True;False;False;False;;ok;15775.137064953376;15811.070822991456;15811.070822991456;15218.179478711938;628;15218.179478711938;6085.3675;-35.93375803807976;Evaluated;5.5132;2.2234;64;True;1;
92;3;10;2;normal;0;a9bd70f58b2e;swap;18;25;;;;;;;;;;;;True;False;False;False;;ok;17130.1721759523;15811.070822991456;15811.070822991456;15218.179478711938;629;15218.179478711938;6093.0246;1319.1013529608426;Evaluated;5.227;2.4271;64;True;1;
92;3;10;3;normal;0;a9bd70f58b2e;reinsert_block;;;;;;;35;40;28;;;;;True;False;False;False;;ok;16103.593616052636;15811.070822991456;15811.070822991456;15218.179478711938;630;15218.179478711938;6101.2133;292.52279306118;Evaluated;5.7591;2.4256;64;True;1;
92;3;10;4;normal;0;a9bd70f58b2e;move;;;52;48;;;;;;;;;;True;False;False;False;;ok;16317.117893232282;15811.070822991456;15811.070822991456;15218.179478711938;631;15218.179478711938;6109.0246;506.04707024082563;Evaluated;5.3808;2.4299;64;True;1;
92;3;10;5;normal;0;a9bd70f58b2e;move;;;25;14;;;;;;;;;;True;False;False;True;;ok;15963.42083614633;15811.070822991456;15811.070822991456;15218.179478711938;632;15218.179478711938;6116.3701;152.35001315487352;Evaluated;5.1142;2.228;64;True;1;
92;3;10;;normal;0;;;;;;;;;;;;;;;;;;;;;End-of-iteration summary row;;;15775.137064953376;15218.179478711938;632;15218.179478711938;6116.3819;;IterationSummary;;;;;;
93;3;11;1;normal;0;04292198cf6d;move;;;5;0;;;;;;;;;;True;False;False;False;;ok;15808.06540193814;15775.137064953376;15775.137064953376;15218.179478711938;633;15218.179478711938;6124.1472;32.92833698476352;Evaluated;5.5309;2.2259;64;True;1;
93;3;11;2;normal;0;04292198cf6d;swap;20;21;;;;;;;;;;;;True;False;False;False;;ok;16545.07641342335;15775.137064953376;15775.137064953376;15218.179478711938;634;15218.179478711938;6131.7632;769.939348469974;Evaluated;5.1863;2.427;64;True;1;
93;3;11;3;normal;0;04292198cf6d;reinsert_block;;;;;;;35;40;28;;;;;True;False;False;False;;ok;16409.821846702438;15775.137064953376;15775.137064953376;15218.179478711938;635;15218.179478711938;6139.4903;634.6847817490616;Evaluated;5.2987;2.4254;64;True;1;
93;3;11;4;normal;0;04292198cf6d;move;;;50;42;;;;;;;;;;True;False;False;False;;ok;16237.380906840233;15775.137064953376;15775.137064953376;15218.179478711938;636;15218.179478711938;6147.1364;462.2438418868569;Evaluated;5.2176;2.4278;64;True;1;
93;3;11;5;normal;0;04292198cf6d;move;;;18;35;;;;;;;;;;True;False;False;True;;ok;16814.17275536678;15775.137064953376;15775.137064953376;15218.179478711938;637;15218.179478711938;6154.7479;1039.0356904134042;Evaluated;5.1862;2.4222;64;True;1;
93;3;11;;normal;1;;;;;;;;;;;;;;;;;;;;;End-of-iteration summary row;;;15775.137064953376;15218.179478711938;637;15218.179478711938;6154.7516;;IterationSummary;;;;;;
94;3;12;1;normal;1;04292198cf6d;move;;;10;5;;;;;;;;;;True;False;False;False;;ok;15781.060372727357;15775.137064953376;15775.137064953376;15218.179478711938;638;15218.179478711938;6162.4394;5.923307773980923;Evaluated;5.4458;2.226;64;True;1;
94;3;12;2;normal;1;04292198cf6d;swap;18;25;;;;;;;;;;;;True;False;False;False;;ok;16966.957168835925;15775.137064953376;15775.137064953376;15218.179478711938;639;15218.179478711938;6170.1024;1191.8201038825482;Evaluated;5.2353;2.4249;64;True;1;
94;3;12;3;normal;1;04292198cf6d;move;;;15;4;;;;;;;;;;True;False;False;True;;ok;16639.639291286592;15775.137064953376;15775.137064953376;15218.179478711938;640;15218.179478711938;6181.6861;864.5022263332157;Evaluated;9.1537;2.4273;64;True;2;duplicate_for_same_parent_sequence
94;3;12;4;normal;1;04292198cf6d;move;;;50;48;;;;;;;;;;True;False;False;False;;ok;16240.960681135135;15775.137064953376;15775.137064953376;15218.179478711938;641;15218.179478711938;6189.3396;465.82361618175855;Evaluated;5.2244;2.4266;64;True;1;
94;3;12;5;normal;1;04292198cf6d;move;;;40;25;;;;;;;;;;True;False;False;True;;ok;16818.18925370418;15775.137064953376;15775.137064953376;15218.179478711938;642;15218.179478711938;6196.903;1043.052188750802;Evaluated;5.1367;2.426;64;True;1;
94;3;12;;normal;2;;;;;;;;;;;;;;;;;;;;;End-of-iteration summary row;;;15775.137064953376;15218.179478711938;642;15218.179478711938;6196.9061;;IterationSummary;;;;;;
95;3;13;1;normal;2;04292198cf6d;move;;;7;3;;;;;;;;;;True;False;False;False;;ok;17161.6327176823;15775.137064953376;15775.137064953376;15218.179478711938;643;15218.179478711938;6208.2198;1386.4956527289232;Evaluated;8.8745;2.4297;64;True;2;duplicate_for_same_parent_sequence
95;3;13;2;normal;2;04292198cf6d;move;;;30;17;;;;;;;;;;True;False;False;True;;ok;17645.9438973899;15775.137064953376;15775.137064953376;15218.179478711938;644;15218.179478711938;6219.4087;1870.806832436525;Evaluated;8.7551;2.4306;64;True;2;duplicate_for_same_parent_sequence
95;3;13;3;normal;2;04292198cf6d;move;;;15;2;;;;;;;;;;True;False;False;True;;ok;16115.46455670352;15775.137064953376;15775.137064953376;15218.179478711938;645;15218.179478711938;6230.8705;340.32749175014396;Evaluated;9.0333;2.426;64;True;2;duplicate_for_same_parent_sequence
95;3;13;4;normal;2;04292198cf6d;move;;;37;45;;;;;;;;;;True;False;False;False;;ok;16175.15777577803;15775.137064953376;15775.137064953376;15218.179478711938;646;15218.179478711938;6242.1816;400.0207108246541;Evaluated;8.8848;2.4237;64;True;2;duplicate_for_same_parent_sequence
95;3;13;5;normal;2;04292198cf6d;swap;3;17;;;;;;;;;;;;True;False;False;True;;ok;16358.956460042828;15775.137064953376;15775.137064953376;15218.179478711938;647;15218.179478711938;6252.9789;583.8193950894511;Evaluated;8.359;2.4358;64;True;2;duplicate_for_same_parent_sequence
95;3;13;;normal;3;;;;;;;;;;;;;;;;;;;;;End-of-iteration summary row;;;15775.137064953376;15218.179478711938;647;15218.179478711938;6252.9813;;IterationSummary;;;;;;
96;3;14;1;diversification;3;04292198cf6d;move;;;20;10;;;;;;;;;;True;False;False;True;;ok;16873.3012492845;15775.137064953376;15775.137064953376;15218.179478711938;648;15218.179478711938;6264.6923;1098.1641843311245;Evaluated;9.268;2.4263;64;True;2;duplicate_for_same_parent_sequence
96;3;14;2;diversification;3;04292198cf6d;reinsert_block;;;;;;;18;24;35;;;;;True;False;False;True;;ok;16866.557331115473;15775.137064953376;15775.137064953376;15218.179478711938;649;15218.179478711938;6272.8189;1091.4202661620966;Evaluated;5.6954;2.4283;64;True;1;
96;3;14;3;diversification;3;04292198cf6d;swap;35;42;;;;;;;;;;;;True;False;False;False;;ok;16510.26818387448;15775.137064953376;15775.137064953376;15218.179478711938;650;15218.179478711938;6280.7647;735.1311189211028;Evaluated;5.5135;2.4292;64;True;1;
96;3;14;4;diversification;3;04292198cf6d;move;;;50;35;;;;;;;;;;True;False;False;True;;ok;16243.574001947327;15775.137064953376;15775.137064953376;15218.179478711938;651;15218.179478711938;6291.9438;468.43693699395044;Evaluated;8.7452;2.4314;64;True;2;duplicate_for_same_parent_sequence
96;3;14;5;diversification;3;04292198cf6d;move;;;8;35;;;;;;;;;;True;False;False;True;;ok;16074.016948588807;15775.137064953376;15775.137064953376;15218.179478711938;652;15218.179478711938;6303.322;298.8798836354308;Evaluated;8.9489;2.4258;64;True;2;duplicate_for_same_parent_sequence
96;3;14;6;diversification;3;04292198cf6d;move;;;20;30;;;;;;;;;;True;False;False;True;;ok;16618.62405957238;15775.137064953376;15775.137064953376;15218.179478711938;653;15218.179478711938;6314.3382;843.4869946190029;Evaluated;8.5851;2.4285;64;True;2;duplicate_for_same_parent_sequence
96;3;14;7;diversification;3;04292198cf6d;move;;;35;40;;;;;;;;;;True;False;False;False;;ok;16206.846070177013;15775.137064953376;15775.137064953376;15218.179478711938;654;15218.179478711938;6325.3264;431.70900522363627;Evaluated;8.5534;2.4315;64;True;2;duplicate_for_same_parent_sequence
96;3;14;8;diversification;3;04292198cf6d;swap;8;23;;;;;;;;;;;;True;False;False;True;;ok;16091.974971668444;15775.137064953376;15775.137064953376;15218.179478711938;655;15218.179478711938;6336.2795;316.8379067150672;Evaluated;8.5198;2.4303;64;True;2;duplicate_for_same_parent_sequence
96;3;14;9;diversification;3;04292198cf6d;move;;;25;10;;;;;;;;;;True;False;False;True;;ok;16092.60480155806;15775.137064953376;15775.137064953376;15218.179478711938;656;15218.179478711938;6343.9291;317.4677366046835;Evaluated;5.2163;2.4308;64;True;1;
96;3;14;10;diversification;3;04292198cf6d;move;;;48;37;;;;;;;;;;True;False;False;True;;ok;15782.26552242752;15775.137064953376;15775.137064953376;15218.179478711938;657;15218.179478711938;6354.7183;7.128457474143943;Evaluated;8.5556;2.2306;64;True;2;duplicate_for_same_parent_sequence
96;3;14;;diversification;4;;;;;;;;;;;;;;;;;;;;;End-of-iteration summary row;;;15775.137064953376;15218.179478711938;657;15218.179478711938;6354.7213;;IterationSummary;;;;;;
97;3;15;1;diversification;4;04292198cf6d;move;;;10;25;;;;;;;;;;True;False;False;True;;ok;16437.442569653213;15775.137064953376;15775.137064953376;15218.179478711938;658;15218.179478711938;6362.7792;662.3055046998361;Evaluated;5.6155;2.4305;64;True;1;
97;3;15;2;diversification;4;04292198cf6d;reinsert_block;;;;;;;18;24;35;;;;;False;True;False;;;ok;;15775.137064953376;15775.137064953376;15218.179478711938;658;15218.179478711938;6375.5752;;DuplicateForSameParentSequenceAfterRetries;12.7934;;;;3;duplicate_for_same_parent_sequence
97;3;15;3;diversification;4;04292198cf6d;swap;37;45;;;;;;;;;;;;True;False;False;False;;ok;15775.137064953376;15775.137064953376;15775.137064953376;15218.179478711938;659;15218.179478711938;6386.4988;0.0;Evaluated;8.6907;2.2316;64;True;2;duplicate_for_same_parent_sequence
97;3;15;4;diversification;4;04292198cf6d;move;;;60;48;;;;;;;;;;True;False;False;True;;ok;15731.711599603597;15775.137064953376;15775.137064953376;15218.179478711938;660;15218.179478711938;6397.4428;-43.42546534977919;Evaluated;8.7124;2.2299;64;True;2;duplicate_for_same_parent_sequence
97;3;15;5;diversification;4;04292198cf6d;move;;;30;15;;;;;;;;;;True;False;False;True;;ok;17612.4245533255;15775.137064953376;15775.137064953376;15218.179478711938;661;15218.179478711938;6408.6294;1837.2874883721252;Evaluated;8.7586;2.4246;64;True;2;duplicate_for_same_parent_sequence
97;3;15;6;diversification;4;04292198cf6d;swap;17;24;;;;;;;;;;;;True;False;False;False;;ok;16281.235128113633;15775.137064953376;15775.137064953376;15218.179478711938;662;15218.179478711938;6419.7016;506.09806316025606;Evaluated;8.6401;2.4297;64;True;2;duplicate_for_same_parent_sequence
97;3;15;7;diversification;4;04292198cf6d;move;;;40;35;;;;;;;;;;True;False;False;False;;ok;15781.910899093195;15775.137064953376;15775.137064953376;15218.179478711938;663;15218.179478711938;6427.06;6.773834139818064;Evaluated;5.1294;2.2282;64;True;1;
97;3;15;8;diversification;4;04292198cf6d;move;;;8;23;;;;;;;;;;True;False;False;True;;ok;16113.521139081226;15775.137064953376;15775.137064953376;15218.179478711938;664;15218.179478711938;6434.6736;338.3840741278491;Evaluated;5.187;2.4238;64;True;1;
97;3;15;9;diversification;4;04292198cf6d;move;;;24;30;;;;;;;;;;True;False;False;False;;ok;15757.3829488555;15775.137064953376;15775.137064953376;15218.179478711938;665;15218.179478711938;6442.105;-17.75411609787625;EvaluatedImprovementDespiteDiversificationMismatch;5.1976;2.2312;64;True;1;
97;3;15;10;diversification;4;04292198cf6d;move;;;40;50;;;;;;;;;;True;False;False;True;;ok;16338.44168871998;15775.137064953376;15775.137064953376;15218.179478711938;666;15218.179478711938;6449.8698;563.304623766604;Evaluated;5.3306;2.4317;64;True;1;
97;3;15;;diversification;0;;;;;;;;;;;;;;;;;;;;;End-of-iteration summary row;;;15731.711599603597;15218.179478711938;666;15218.179478711938;6449.8821;;IterationSummary;;;;;;
98;3;16;1;normal;0;24b192f485fd;move;;;5;10;;;;;;;;;;True;False;False;False;;ok;15764.989134623174;15731.711599603597;15731.711599603597;15218.179478711938;667;15218.179478711938;6457.6444;33.277535019577044;Evaluated;5.5247;2.23;64;True;1;
98;3;16;2;normal;0;24b192f485fd;swap;20;25;;;;;;;;;;;;True;False;False;False;;ok;15835.37686600753;15731.711599603597;15731.711599603597;15218.179478711938;668;15218.179478711938;6465.0671;103.66526640393204;Evaluated;5.1914;2.2288;64;True;1;
98;3;16;3;normal;0;24b192f485fd;reinsert_block;;;;;;;32;37;40;;;;;True;False;False;False;;ok;17508.066680885702;15731.711599603597;15731.711599603597;15218.179478711938;669;15218.179478711938;6472.9824;1776.355081282105;Evaluated;5.4808;2.4318;64;True;1;
98;3;16;4;normal;0;24b192f485fd;move;;;50;48;;;;;;;;;;True;False;False;False;;ok;15618.126531189911;15731.711599603597;15731.711599603597;15218.179478711938;670;15218.179478711938;6480.4512;-113.5850684136858;Evaluated;5.2399;2.226;64;True;1;
98;3;16;5;normal;0;24b192f485fd;move;;;20;30;;;;;;;;;;True;False;False;True;;ok;16563.33666533954;15731.711599603597;15731.711599603597;15218.179478711938;671;15218.179478711938;6488.0301;831.6250657359415;Evaluated;5.1458;2.4299;64;True;1;
98;3;16;;normal;0;;;;;;;;;;;;;;;;;;;;;End-of-iteration summary row;;;15618.126531189911;15218.179478711938;671;15218.179478711938;6488.0434;;IterationSummary;;;;;;
99;3;17;1;normal;0;606d3ac728dd;move;;;5;10;;;;;;;;;;True;False;False;False;;ok;15926.976747587978;15618.126531189911;15618.126531189911;15218.179478711938;672;15218.179478711938;6496.0651;308.85021639806655;Evaluated;5.778;2.2343;64;True;1;
99;3;17;2;normal;0;606d3ac728dd;swap;18;24;;;;;;;;;;;;True;False;False;False;;ok;16794.772229064532;15618.126531189911;15618.126531189911;15218.179478711938;673;15218.179478711938;6503.6991;1176.645697874621;Evaluated;5.2031;2.4281;64;True;1;
99;3;17;3;normal;0;606d3ac728dd;reinsert_block;;;;;;;32;35;40;;;;;True;False;False;False;;ok;16628.786285615708;15618.126531189911;15618.126531189911;15218.179478711938;674;15218.179478711938;6511.7116;1010.6597544257966;Evaluated;5.5767;2.4327;64;True;1;
99;3;17;4;normal;0;606d3ac728dd;move;;;50;48;;;;;;;;;;True;False;False;False;;ok;15624.72597468795;15618.126531189911;15618.126531189911;15218.179478711938;675;15218.179478711938;6519.1833;6.599443498038454;Evaluated;5.245;2.2241;64;True;1;
99;3;17;5;normal;0;606d3ac728dd;move;;;40;35;;;;;;;;;;True;False;False;False;;ok;15923.89459376312;15618.126531189911;15618.126531189911;15218.179478711938;676;15218.179478711938;6526.6186;305.7680625732082;Evaluated;5.2056;2.227;64;True;1;
99;3;17;;normal;1;;;;;;;;;;;;;;;;;;;;;End-of-iteration summary row;;;15618.126531189911;15218.179478711938;676;15218.179478711938;6526.6217;;IterationSummary;;;;;;
100;3;18;1;normal;1;606d3ac728dd;move;;;10;5;;;;;;;;;;True;False;False;False;;ok;15607.84491631515;15618.126531189911;15618.126531189911;15218.179478711938;677;15218.179478711938;6534.3675;-10.281614874760635;Evaluated;5.5055;2.2255;64;True;1;
100;3;18;2;normal;1;606d3ac728dd;swap;20;25;;;;;;;;;;;;True;False;False;False;;ok;15732.759235939891;15618.126531189911;15618.126531189911;15218.179478711938;678;15218.179478711938;6541.8242;114.6327047499799;Evaluated;5.2267;2.227;64;True;1;
100;3;18;3;normal;1;606d3ac728dd;reinsert_block;;;;;;;34;37;40;;;;;True;False;False;False;;ok;16827.492824626275;15618.126531189911;15618.126531189911;15218.179478711938;679;15218.179478711938;6549.5643;1209.3662934363638;Evaluated;5.3161;2.4232;64;True;1;
100;3;18;4;normal;1;606d3ac728dd;move;;;50;42;;;;;;;;;;True;False;False;False;;ok;15624.72597468795;15618.126531189911;15618.126531189911;15218.179478711938;680;15218.179478711938;6557.0118;6.599443498038454;Evaluated;5.2163;2.2304;64;True;1;
100;3;18;5;normal;1;606d3ac728dd;move;;;45;32;;;;;;;;;;True;False;False;True;;ok;15854.856984219869;15618.126531189911;15618.126531189911;15218.179478711938;681;15218.179478711938;6564.3911;236.73045302995706;Evaluated;5.1521;2.2241;64;True;1;
100;3;18;;normal;0;;;;;;;;;;;;;;;;;;;;;End-of-iteration summary row;;;15607.84491631515;15218.179478711938;681;15218.179478711938;6564.4094;;IterationSummary;;;;;;
100;3;18;;;0;;;;;;;;;;;;;;;;;;;;;PartA | PartC | PartD | PartE | PartF | PartB | PartG | PartH | PartA | PartB | PartC | PartD | PartE | PartF | PartG | PartH | PartA | PartB | PartC | PartD | PartB | PartF | PartG | PartE | PartA | PartH | PartC | PartD | PartE | PartF | PartA | PartG | PartH | PartA | PartB | PartC | PartD | PartE | PartF | PartG | PartH | PartB | PartA | PartC | PartD | PartE | PartF | PartG | PartC | PartH | PartB | PartA | PartD | PartE | PartF | PartG | PartH | PartB | PartC | PartD | PartE | PartF | PartG | PartH;;;15607.84491631515;15218.179478711938;681;15218.179478711938;6564.4105;;FinalGlobalBestSequence;;;;;;
