iteration;restart_id;iteration_in_restart;candidate_in_iteration;search_mode;no_improvement_count_before_iteration;parent_sequence_signature;action;swap_i;swap_j;move_from;move_to;reverse_start;reverse_end;reinsert_block_start;reinsert_block_end;reinsert_block_to;swap_blocks_start1;swap_blocks_end1;swap_blocks_start2;swap_blocks_end2;valid;duplicate_for_same_parent_sequence;recently_rejected_for_same_parent_sequence;diversification_compatible;parse_error;validation_message;resulting_makespan;best_makespan_before;best_makespan_after;global_best_makespan_after;completed_simulations;actual_global_best_makespan;elapsed_optimization_time_sec;delta_vs_best_before;status;llm_time_sec;simulation_time_sec;exited_parts;completion_valid;llm_attempts;retry_reason
1;1;1;1;normal;0;0f63cf6f404e;move;;;5;10;;;;;;;;;;True;False;False;False;;ok;17532.182049666284;16641.404845676683;16641.404845676683;16641.404845676683;2;16641.404845676683;22.8743;890.7772039896008;Evaluated;20.4344;2.4322;64;True;1;
1;1;1;2;normal;0;0f63cf6f404e;swap;17;25;;;;;;;;;;;;True;False;False;False;;ok;16641.404845676683;16641.404845676683;16641.404845676683;16641.404845676683;3;16641.404845676683;29.9634;0.0;Evaluated;4.6549;2.4315;64;True;1;
1;1;1;3;normal;0;0f63cf6f404e;reinsert_block;;;;;;;32;40;16;;;;;True;False;False;True;;ok;16298.825894167576;16641.404845676683;16641.404845676683;16641.404845676683;4;16641.404845676683;37.4668;-342.57895150910736;Evaluated;5.0715;2.4289;64;True;1;
1;1;1;4;normal;0;0f63cf6f404e;move;;;50;49;;;;;;;;;;True;False;False;False;;ok;16187.814598926165;16641.404845676683;16641.404845676683;16641.404845676683;5;16641.404845676683;44.7382;-453.5902467505184;Evaluated;4.8406;2.4279;64;True;1;
1;1;1;5;normal;0;0f63cf6f404e;move;;;8;16;;;;;;;;;;True;False;False;False;;ok;16701.622490791764;16641.404845676683;16641.404845676683;16641.404845676683;6;16641.404845676683;51.6957;60.21764511508081;Evaluated;4.5284;2.4267;64;True;1;
1;1;1;;normal;0;;;;;;;;;;;;;;;;;;;;;End-of-iteration summary row;;;16187.814598926165;16187.814598926165;6;16187.814598926165;51.7127;;IterationSummary;;;;;;
2;1;2;1;normal;0;04f0b4e57a49;move;;;10;3;;;;;;;;;;True;False;False;False;;ok;17797.57979532202;16187.814598926165;16187.814598926165;16187.814598926165;7;16187.814598926165;59.4148;1609.765196395856;Evaluated;5.272;2.4222;64;True;1;
2;1;2;2;normal;0;04f0b4e57a49;swap;18;20;;;;;;;;;;;;True;False;False;False;;ok;16937.97713253219;16187.814598926165;16187.814598926165;16187.814598926165;8;16187.814598926165;67.0158;750.1625336060242;Evaluated;5.1675;2.4308;64;True;1;
2;1;2;3;normal;0;04f0b4e57a49;reinsert_block;;;;;;;35;40;16;;;;;True;False;False;True;;ok;16547.631305157185;16187.814598926165;16187.814598926165;16187.814598926165;9;16187.814598926165;75.2458;359.81670623102036;Evaluated;5.7969;2.4305;64;True;1;
2;1;2;4;normal;0;04f0b4e57a49;move;;;50;48;;;;;;;;;;True;False;False;False;;ok;16640.556660854905;16187.814598926165;16187.814598926165;16187.814598926165;10;16187.814598926165;82.8046;452.74206192874044;Evaluated;5.1332;2.4231;64;True;1;
2;1;2;5;normal;0;04f0b4e57a49;move;;;20;15;;;;;;;;;;True;False;False;False;;ok;16885.73238472826;16187.814598926165;16187.814598926165;16187.814598926165;11;16187.814598926165;90.3563;697.9177858020958;Evaluated;5.121;2.43;64;True;1;
2;1;2;;normal;1;;;;;;;;;;;;;;;;;;;;;End-of-iteration summary row;;;16187.814598926165;16187.814598926165;11;16187.814598926165;90.3593;;IterationSummary;;;;;;
3;1;3;1;normal;1;04f0b4e57a49;move;;;8;16;;;;;;;;;;True;False;False;False;;ok;16246.682793466136;16187.814598926165;16187.814598926165;16187.814598926165;12;16187.814598926165;101.7523;58.86819453997123;Evaluated;8.9533;2.4237;64;True;2;duplicate_for_same_parent_sequence
3;1;3;2;normal;1;04f0b4e57a49;swap;17;25;;;;;;;;;;;;True;False;False;False;;ok;16187.814598926165;16187.814598926165;16187.814598926165;16187.814598926165;13;16187.814598926165;109.6536;0.0;Evaluated;5.4675;2.4308;64;True;1;
3;1;3;3;normal;1;04f0b4e57a49;move;;;25;28;;;;;;;;;;True;False;False;False;;ok;16646.34500725635;16187.814598926165;16187.814598926165;16187.814598926165;14;16187.814598926165;121.0068;458.5304083301853;Evaluated;8.9193;2.4312;64;True;2;duplicate_for_same_parent_sequence
3;1;3;4;normal;1;04f0b4e57a49;move;;;55;52;;;;;;;;;;True;False;False;False;;ok;16640.71372094429;16187.814598926165;16187.814598926165;16187.814598926165;15;16187.814598926165;132.2804;452.89912201812695;Evaluated;8.8411;2.4295;64;True;2;duplicate_for_same_parent_sequence
3;1;3;5;normal;1;04f0b4e57a49;move;;;25;10;;;;;;;;;;True;False;False;True;;ok;16757.621412941757;16187.814598926165;16187.814598926165;16187.814598926165;16;16187.814598926165;139.8032;569.806814015592;Evaluated;5.0908;2.4304;64;True;1;
3;1;3;;normal;2;;;;;;;;;;;;;;;;;;;;;End-of-iteration summary row;;;16187.814598926165;16187.814598926165;16;16187.814598926165;139.8038;;IterationSummary;;;;;;
4;1;4;1;normal;2;04f0b4e57a49;move;;;20;5;;;;;;;;;;True;False;False;True;;ok;17865.032801490514;16187.814598926165;16187.814598926165;16187.814598926165;17;16187.814598926165;150.9729;1677.2182025643488;Evaluated;8.7333;2.4281;64;True;2;duplicate_for_same_parent_sequence
4;1;4;2;normal;2;04f0b4e57a49;move;;;35;20;;;;;;;;;;True;False;False;True;;ok;16996.401423068375;16187.814598926165;16187.814598926165;16187.814598926165;18;16187.814598926165;162.2252;808.5868241422104;Evaluated;8.8193;2.4303;64;True;2;duplicate_for_same_parent_sequence
4;1;4;3;normal;2;04f0b4e57a49;reinsert_block;;;;;;;37;42;30;;;;;True;False;False;False;;ok;16852.027923166752;16187.814598926165;16187.814598926165;16187.814598926165;19;16187.814598926165;174.2256;664.2133242405871;Evaluated;9.5727;2.4248;64;True;2;duplicate_for_same_parent_sequence
4;1;4;4;normal;2;04f0b4e57a49;move;;;30;20;;;;;;;;;;True;False;False;True;;ok;16678.460459301776;16187.814598926165;16187.814598926165;16187.814598926165;20;16187.814598926165;185.451;490.64586037561094;Evaluated;8.7971;2.426;64;True;2;duplicate_for_same_parent_sequence
4;1;4;5;normal;2;04f0b4e57a49;move;;;56;20;;;;;;;;;;True;False;False;True;;ok;16641.35733407716;16187.814598926165;16187.814598926165;16187.814598926165;21;16187.814598926165;192.9943;453.54273515099703;Evaluated;5.1128;2.4278;64;True;1;
4;1;4;;normal;3;;;;;;;;;;;;;;;;;;;;;End-of-iteration summary row;;;16187.814598926165;16187.814598926165;21;16187.814598926165;192.9975;;IterationSummary;;;;;;
5;1;5;1;diversification;3;04f0b4e57a49;move;;;10;25;;;;;;;;;;True;False;False;True;;ok;16703.12770486872;16187.814598926165;16187.814598926165;16187.814598926165;22;16187.814598926165;200.9023;515.3131059425541;Evaluated;5.4725;2.422;64;True;1;
5;1;5;2;diversification;3;04f0b4e57a49;reinsert_block;;;;;;;25;30;16;;;;;True;False;False;True;;ok;17111.092888210107;16187.814598926165;16187.814598926165;16187.814598926165;23;16187.814598926165;209.2441;923.2782892839423;Evaluated;5.9083;2.4321;64;True;1;
5;1;5;3;diversification;3;04f0b4e57a49;swap;35;42;;;;;;;;;;;;True;False;False;False;;ok;16196.183940489997;16187.814598926165;16187.814598926165;16187.814598926165;24;16187.814598926165;216.8447;8.369341563831767;Evaluated;5.1748;2.4232;64;True;1;
5;1;5;4;diversification;3;04f0b4e57a49;move;;;48;30;;;;;;;;;;True;False;False;True;;ok;15331.74422208904;16187.814598926165;16187.814598926165;16187.814598926165;25;16187.814598926165;227.7109;-856.0703768371241;Evaluated;8.6382;2.2253;64;True;2;duplicate_for_same_parent_sequence
5;1;5;5;diversification;3;04f0b4e57a49;move;;;45;25;;;;;;;;;;True;False;False;True;;ok;15812.769059264827;16187.814598926165;16187.814598926165;16187.814598926165;26;16187.814598926165;235.4297;-375.0455396613379;Evaluated;5.4892;2.2272;64;True;1;
5;1;5;6;diversification;3;04f0b4e57a49;move;;;50;32;;;;;;;;;;True;False;False;True;;ok;16296.425976772269;16187.814598926165;16187.814598926165;16187.814598926165;27;16187.814598926165;243.0273;108.611377846104;Evaluated;5.1702;2.4261;64;True;1;
5;1;5;7;diversification;3;04f0b4e57a49;move;;;52;30;;;;;;;;;;True;False;False;True;;ok;16426.14350757817;16187.814598926165;16187.814598926165;16187.814598926165;28;16187.814598926165;250.5874;238.32890865200534;Evaluated;5.1263;2.4308;64;True;1;
5;1;5;8;diversification;3;04f0b4e57a49;move;;;30;15;;;;;;;;;;True;False;False;True;;ok;16711.985147319745;16187.814598926165;16187.814598926165;16187.814598926165;29;16187.814598926165;258.4498;524.1705483935802;Evaluated;5.4314;2.4276;64;True;1;
5;1;5;9;diversification;3;04f0b4e57a49;move;;;38;17;;;;;;;;;;True;False;False;True;;ok;15804.018785790313;16187.814598926165;16187.814598926165;16187.814598926165;30;16187.814598926165;269.4155;-383.79581313585186;Evaluated;8.7301;2.2332;64;True;2;duplicate_for_same_parent_sequence
5;1;5;10;diversification;3;04f0b4e57a49;move;;;50;42;;;;;;;;;;True;False;False;False;;ok;16643.26587471619;16187.814598926165;16187.814598926165;16187.814598926165;31;16187.814598926165;277.1688;455.45127579002656;Evaluated;5.327;2.4237;64;True;1;
5;1;5;;diversification;0;;;;;;;;;;;;;;;;;;;;;End-of-iteration summary row;;;15331.74422208904;15331.74422208904;31;15331.74422208904;277.1772;;IterationSummary;;;;;;
6;1;6;1;normal;0;69b35e870622;move;;;15;20;;;;;;;;;;True;False;False;False;;ok;17112.354729681865;15331.74422208904;15331.74422208904;15331.74422208904;32;15331.74422208904;285.221;1780.6105075928244;Evaluated;5.6123;2.4228;64;True;1;
6;1;6;2;normal;0;69b35e870622;swap;17;25;;;;;;;;;;;;True;False;False;False;;ok;15331.74422208904;15331.74422208904;15331.74422208904;15331.74422208904;33;15331.74422208904;292.5635;0.0;Evaluated;5.1175;2.2245;64;True;1;
6;1;6;3;normal;0;69b35e870622;reinsert_block;;;;;;;35;40;16;;;;;True;False;False;True;;ok;17904.430900328563;15331.74422208904;15331.74422208904;15331.74422208904;34;15331.74422208904;300.4503;2572.6866782395227;Evaluated;5.456;2.4287;64;True;1;
6;1;6;4;normal;0;69b35e870622;move;;;58;45;;;;;;;;;;True;False;False;True;;ok;15568.449760672787;15331.74422208904;15331.74422208904;15331.74422208904;35;15331.74422208904;307.7502;236.7055385837466;Evaluated;5.0701;2.2274;64;True;1;
6;1;6;5;normal;0;69b35e870622;move;;;52;10;;;;;;;;;;True;False;False;True;;ok;17810.674041420258;15331.74422208904;15331.74422208904;15331.74422208904;36;15331.74422208904;315.1325;2478.929819331217;Evaluated;4.9576;2.4217;64;True;1;
6;1;6;;normal;1;;;;;;;;;;;;;;;;;;;;;End-of-iteration summary row;;;15331.74422208904;15331.74422208904;36;15331.74422208904;315.1333;;IterationSummary;;;;;;
7;1;7;1;normal;1;69b35e870622;move;;;10;5;;;;;;;;;;True;False;False;False;;ok;15957.06762045644;15331.74422208904;15331.74422208904;15331.74422208904;37;15331.74422208904;323.5968;625.3233983673999;Evaluated;6.2317;2.2246;64;True;1;
7;1;7;2;normal;1;69b35e870622;swap;20;25;;;;;;;;;;;;True;False;False;False;;ok;16210.459508630747;15331.74422208904;15331.74422208904;15331.74422208904;38;15331.74422208904;331.3387;878.7152865417065;Evaluated;5.3177;2.4236;64;True;1;
7;1;7;3;normal;1;69b35e870622;move;;;28;32;;;;;;;;;;True;False;False;False;;ok;15330.566176028895;15331.74422208904;15331.74422208904;15331.74422208904;39;15331.74422208904;342.5361;-1.178046060145789;Evaluated;8.9666;2.2278;64;True;2;duplicate_for_same_parent_sequence
7;1;7;4;normal;1;69b35e870622;move;;;56;20;;;;;;;;;;True;False;False;True;;ok;16647.97672399299;15331.74422208904;15331.74422208904;15331.74422208904;40;15331.74422208904;350.1302;1316.232501903949;Evaluated;5.1646;2.4261;64;True;1;
7;1;7;5;normal;1;69b35e870622;move;;;52;30;;;;;;;;;;True;False;False;True;;ok;16422.46413595938;15331.74422208904;15331.74422208904;15331.74422208904;41;15331.74422208904;357.7092;1090.71991387034;Evaluated;5.1516;2.4243;64;True;1;
7;1;7;;normal;0;;;;;;;;;;;;;;;;;;;;;End-of-iteration summary row;;;15330.566176028895;15330.566176028895;41;15330.566176028895;357.7271;;IterationSummary;;;;;;
8;1;8;1;normal;0;0584c029582f;move;;;10;5;;;;;;;;;;True;False;False;False;;ok;16395.979568691597;15330.566176028895;15330.566176028895;15330.566176028895;42;15330.566176028895;365.712;1065.4133926627019;Evaluated;5.549;2.4271;64;True;1;
8;1;8;2;normal;0;0584c029582f;swap;17;25;;;;;;;;;;;;True;False;False;False;;ok;15330.566176028895;15330.566176028895;15330.566176028895;15330.566176028895;43;15330.566176028895;373.1199;0.0;Evaluated;5.1769;2.2284;64;True;1;
8;1;8;3;normal;0;0584c029582f;reinsert_block;;;;;;;35;40;25;;;;;True;False;False;True;;ok;15769.595472665864;15330.566176028895;15330.566176028895;15330.566176028895;44;15330.566176028895;381.1531;439.02929663696887;Evaluated;5.8096;2.222;64;True;1;
8;1;8;4;normal;0;0584c029582f;move;;;56;40;;;;;;;;;;True;False;False;True;;ok;15923.01791705868;15330.566176028895;15330.566176028895;15330.566176028895;45;15330.566176028895;388.5178;592.4517410297849;Evaluated;5.1383;2.2237;64;True;1;
8;1;8;5;normal;0;0584c029582f;move;;;56;20;;;;;;;;;;True;False;False;True;;ok;16640.197335507804;15330.566176028895;15330.566176028895;15330.566176028895;46;15330.566176028895;396.0911;1309.6311594789095;Evaluated;5.143;2.4276;64;True;1;
8;1;8;;normal;1;;;;;;;;;;;;;;;;;;;;;End-of-iteration summary row;;;15330.566176028895;15330.566176028895;46;15330.566176028895;396.0941;;IterationSummary;;;;;;
9;1;9;1;normal;1;0584c029582f;move;;;8;3;;;;;;;;;;True;False;False;False;;ok;16999.586747188827;15330.566176028895;15330.566176028895;15330.566176028895;47;15330.566176028895;403.7204;1669.020571159932;Evaluated;5.1844;2.427;64;True;1;
9;1;9;2;normal;1;0584c029582f;swap;16;20;;;;;;;;;;;;True;False;False;False;;ok;17259.074955846467;15330.566176028895;15330.566176028895;15330.566176028895;48;15330.566176028895;411.5435;1928.5087798175718;Evaluated;5.3867;2.4336;64;True;1;
9;1;9;3;normal;1;0584c029582f;reinsert_block;;;;;;;35;40;16;;;;;True;False;False;True;;ok;16673.283860252242;15330.566176028895;15330.566176028895;15330.566176028895;49;15330.566176028895;419.4189;1342.7176842233475;Evaluated;5.4478;2.4238;64;True;1;
9;1;9;4;normal;1;0584c029582f;move;;;52;30;;;;;;;;;;True;False;False;True;;ok;16444.026614021946;15330.566176028895;15330.566176028895;15330.566176028895;50;15330.566176028895;427.0557;1113.4604379930515;Evaluated;5.2111;2.423;64;True;1;
9;1;9;5;normal;1;0584c029582f;move;;;56;10;;;;;;;;;;True;False;False;True;;ok;15595.990790200654;15330.566176028895;15330.566176028895;15330.566176028895;51;15330.566176028895;434.4769;265.42461417175946;Evaluated;5.1937;2.2267;64;True;1;
9;1;9;;normal;2;;;;;;;;;;;;;;;;;;;;;End-of-iteration summary row;;;15330.566176028895;15330.566176028895;51;15330.566176028895;434.4797;;IterationSummary;;;;;;
10;1;10;1;normal;2;0584c029582f;move;;;25;5;;;;;;;;;;True;False;False;True;;ok;16437.836608748385;15330.566176028895;15330.566176028895;15330.566176028895;52;15330.566176028895;445.8504;1107.2704327194897;Evaluated;8.9312;2.4268;64;True;2;duplicate_for_same_parent_sequence
10;1;10;2;normal;2;0584c029582f;swap;20;25;;;;;;;;;;;;True;False;False;False;;ok;15506.05862408745;15330.566176028895;15330.566176028895;15330.566176028895;53;15330.566176028895;453.5183;175.49244805855596;Evaluated;5.4442;2.2213;64;True;1;
10;1;10;3;normal;2;0584c029582f;reinsert_block;;;;;;;32;40;15;;;;;True;False;False;True;;ok;16421.92216476718;15330.566176028895;15330.566176028895;15330.566176028895;54;15330.566176028895;461.4081;1091.3559887382853;Evaluated;5.4585;2.4305;64;True;1;
10;1;10;4;normal;2;0584c029582f;move;;;52;48;;;;;;;;;;True;False;False;False;;ok;15581.09320141448;15330.566176028895;15330.566176028895;15330.566176028895;55;15330.566176028895;468.8549;250.52702538558515;Evaluated;5.2181;2.2257;64;True;1;
10;1;10;5;normal;2;0584c029582f;move;;;52;10;;;;;;;;;;True;False;False;True;;ok;17346.825428714066;15330.566176028895;15330.566176028895;15330.566176028895;56;15330.566176028895;476.451;2016.2592526851713;Evaluated;5.163;2.4306;64;True;1;
10;1;10;;normal;3;;;;;;;;;;;;;;;;;;;;;End-of-iteration summary row;;;15330.566176028895;15330.566176028895;56;15330.566176028895;476.4545;;IterationSummary;;;;;;
11;1;11;1;diversification;3;0584c029582f;move;;;16;5;;;;;;;;;;True;False;False;True;;ok;16861.41820985644;15330.566176028895;15330.566176028895;15330.566176028895;57;15330.566176028895;491.0291;1530.8520338275466;Evaluated;12.1299;2.4248;64;True;3;duplicate_for_same_parent_sequence
11;1;11;2;diversification;3;0584c029582f;reinsert_block;;;;;;;17;24;35;;;;;True;False;False;True;;ok;16535.71178834517;15330.566176028895;15330.566176028895;15330.566176028895;58;15330.566176028895;499.0485;1205.1456123162734;Evaluated;5.5896;2.4262;64;True;1;
11;1;11;3;diversification;3;0584c029582f;swap;35;40;;;;;;;;;;;;True;False;False;False;;ok;16191.086937856886;15330.566176028895;15330.566176028895;15330.566176028895;59;15330.566176028895;506.7268;860.520761827991;Evaluated;5.2426;2.4329;64;True;1;
11;1;11;4;diversification;3;0584c029582f;move;;;56;48;;;;;;;;;;True;False;False;False;;ok;15329.511404402996;15330.566176028895;15330.566176028895;15330.566176028895;60;15330.566176028895;514.2869;-1.0547716258988658;EvaluatedImprovementDespiteDiversificationMismatch;5.3235;2.234;64;True;1;
11;1;11;5;diversification;3;0584c029582f;move;;;8;3;;;;;;;;;;False;True;False;;;ok;;15330.566176028895;15330.566176028895;15330.566176028895;60;15330.566176028895;526.3796;;DuplicateForSameParentSequenceAfterRetries;12.09;;;;3;duplicate_for_same_parent_sequence
11;1;11;6;diversification;3;0584c029582f;swap;17;35;;;;;;;;;;;;True;False;False;True;;ok;16149.561237288352;15330.566176028895;15330.566176028895;15330.566176028895;61;15330.566176028895;537.5214;818.9950612594566;Evaluated;8.7075;2.4333;64;True;2;duplicate_for_same_parent_sequence
11;1;11;7;diversification;3;0584c029582f;move;;;52;15;;;;;;;;;;True;False;False;True;;ok;16878.051544863112;15330.566176028895;15330.566176028895;15330.566176028895;62;15330.566176028895;545.079;1547.4853688342173;Evaluated;5.1258;2.429;64;True;1;
11;1;11;8;diversification;3;0584c029582f;move;;;52;3;;;;;;;;;;True;False;False;True;;ok;17500.77744003368;15330.566176028895;15330.566176028895;15330.566176028895;63;15330.566176028895;552.6822;2170.2112640047835;Evaluated;5.1728;2.4297;64;True;1;
11;1;11;9;diversification;3;0584c029582f;move;;;25;10;;;;;;;;;;True;False;False;True;;ok;16087.646472463468;15330.566176028895;15330.566176028895;15330.566176028895;64;15330.566176028895;560.3068;757.080296434573;Evaluated;5.1962;2.4257;64;True;1;
11;1;11;10;diversification;3;0584c029582f;swap;48;52;;;;;;;;;;;;True;False;False;False;;ok;15894.464057104513;15330.566176028895;15330.566176028895;15330.566176028895;65;15330.566176028895;571.2507;563.897881075618;Evaluated;8.708;2.2333;64;True;2;duplicate_for_same_parent_sequence
11;1;11;;diversification;0;;;;;;;;;;;;;;;;;;;;;End-of-iteration summary row;;;15329.511404402996;15329.511404402996;65;15329.511404402996;571.2705;;IterationSummary;;;;;;
12;1;12;1;normal;0;0bbab81ceb9f;move;;;10;5;;;;;;;;;;True;False;False;False;;ok;16395.979568691597;15329.511404402996;15329.511404402996;15329.511404402996;66;15329.511404402996;579.2632;1066.4681642886007;Evaluated;5.5523;2.4306;64;True;1;
12;1;12;2;normal;0;0bbab81ceb9f;swap;18;20;;;;;;;;;;;;True;False;False;False;;ok;16541.25083162057;15329.511404402996;15329.511404402996;15329.511404402996;67;15329.511404402996;587.1209;1211.7394272175752;Evaluated;5.4332;2.4238;64;True;1;
12;1;12;3;normal;0;0bbab81ceb9f;reinsert_block;;;;;;;35;40;16;;;;;True;False;False;True;;ok;16675.967539918784;15329.511404402996;15329.511404402996;15329.511404402996;68;15329.511404402996;594.9971;1346.4561355157875;Evaluated;5.4471;2.4283;64;True;1;
12;1;12;4;normal;0;0bbab81ceb9f;move;;;56;20;;;;;;;;;;True;False;False;True;;ok;16626.86449416235;15329.511404402996;15329.511404402996;15329.511404402996;69;15329.511404402996;602.8782;1297.3530897593537;Evaluated;5.4454;2.4332;64;True;1;
12;1;12;5;normal;0;0bbab81ceb9f;move;;;34;18;;;;;;;;;;True;False;False;True;;ok;15875.539707466114;15329.511404402996;15329.511404402996;15329.511404402996;70;15329.511404402996;613.6715;546.0283030631181;Evaluated;8.5627;2.2277;64;True;2;duplicate_for_same_parent_sequence
12;1;12;;normal;1;;;;;;;;;;;;;;;;;;;;;End-of-iteration summary row;;;15329.511404402996;15329.511404402996;70;15329.511404402996;613.6742;;IterationSummary;;;;;;
13;1;13;1;normal;1;0bbab81ceb9f;move;;;5;10;;;;;;;;;;True;False;False;False;;ok;16605.137204850085;15329.511404402996;15329.511404402996;15329.511404402996;71;15329.511404402996;621.9304;1275.6258004470892;Evaluated;5.8093;2.4293;64;True;1;
13;1;13;2;normal;1;0bbab81ceb9f;swap;25;30;;;;;;;;;;;;True;False;False;False;;ok;16333.089707717272;15329.511404402996;15329.511404402996;15329.511404402996;72;15329.511404402996;629.8629;1003.5783033142761;Evaluated;5.4996;2.4296;64;True;1;
13;1;13;3;normal;1;0bbab81ceb9f;reinsert_block;;;;;;;38;42;15;;;;;True;False;False;True;;ok;16720.2150948852;15329.511404402996;15329.511404402996;15329.511404402996;73;15329.511404402996;637.7629;1390.7036904822035;Evaluated;5.4738;2.4229;64;True;1;
13;1;13;4;normal;1;0bbab81ceb9f;move;;;50;48;;;;;;;;;;True;False;False;False;;ok;15324.80726087479;15329.511404402996;15329.511404402996;15329.511404402996;74;15329.511404402996;645.2029;-4.704143528206259;Evaluated;5.2136;2.224;64;True;1;
13;1;13;5;normal;1;0bbab81ceb9f;move;;;52;15;;;;;;;;;;True;False;False;True;;ok;17097.14999440333;15329.511404402996;15329.511404402996;15329.511404402996;75;15329.511404402996;652.8063;1767.6385900003352;Evaluated;5.1728;2.4282;64;True;1;
13;1;13;;normal;0;;;;;;;;;;;;;;;;;;;;;End-of-iteration summary row;;;15324.80726087479;15324.80726087479;75;15324.80726087479;652.8198;;IterationSummary;;;;;;
14;1;14;1;normal;0;e14b6901ef76;move;;;10;5;;;;;;;;;;True;False;False;False;;ok;16398.883995578697;15324.80726087479;15324.80726087479;15324.80726087479;76;15324.80726087479;660.8192;1074.0767347039073;Evaluated;5.5662;2.4253;64;True;1;
14;1;14;2;normal;0;e14b6901ef76;swap;20;25;;;;;;;;;;;;True;False;False;False;;ok;15505.840297591705;15324.80726087479;15324.80726087479;15324.80726087479;77;15324.80726087479;668.4736;181.03303671691538;Evaluated;5.4266;2.2245;64;True;1;
14;1;14;3;normal;0;e14b6901ef76;reinsert_block;;;;;;;38;42;15;;;;;True;False;False;True;;ok;16719.547462374707;15324.80726087479;15324.80726087479;15324.80726087479;78;15324.80726087479;676.3633;1394.740201499917;Evaluated;5.4622;2.4268;64;True;1;
14;1;14;4;normal;0;e14b6901ef76;move;;;50;48;;;;;;;;;;True;False;False;False;;ok;15334.839224610227;15324.80726087479;15324.80726087479;15324.80726087479;79;15324.80726087479;684.049;10.031963735436875;Evaluated;5.4557;2.2275;64;True;1;
14;1;14;5;normal;0;e14b6901ef76;move;;;50;45;;;;;;;;;;True;False;False;False;;ok;15719.670187239572;15324.80726087479;15324.80726087479;15324.80726087479;80;15324.80726087479;691.205;394.86292636478174;Evaluated;4.9293;2.2241;64;True;1;
14;1;14;;normal;1;;;;;;;;;;;;;;;;;;;;;End-of-iteration summary row;;;15324.80726087479;15324.80726087479;80;15324.80726087479;691.2083;;IterationSummary;;;;;;
15;1;15;1;normal;1;e14b6901ef76;move;;;8;3;;;;;;;;;;True;False;False;False;;ok;17009.305956352568;15324.80726087479;15324.80726087479;15324.80726087479;81;15324.80726087479;702.6915;1684.4986954777778;Evaluated;9.0486;2.4255;64;True;2;duplicate_for_same_parent_sequence
15;1;15;2;normal;1;e14b6901ef76;swap;17;25;;;;;;;;;;;;True;False;False;False;;ok;15324.80726087479;15324.80726087479;15324.80726087479;15324.80726087479;82;15324.80726087479;710.1607;0.0;Evaluated;5.2427;2.2238;64;True;1;
15;1;15;3;normal;1;e14b6901ef76;reinsert_block;;;;;;;35;40;16;;;;;True;False;False;True;;ok;16671.50964984612;15324.80726087479;15324.80726087479;15324.80726087479;83;15324.80726087479;717.9443;1346.702388971331;Evaluated;5.3525;2.4286;64;True;1;
15;1;15;4;normal;1;e14b6901ef76;move;;;50;49;;;;;;;;;;True;False;False;False;;ok;15319.531643767514;15324.80726087479;15324.80726087479;15324.80726087479;84;15324.80726087479;725.3832;-5.275617107276048;Evaluated;5.2104;2.2277;64;True;1;
15;1;15;5;normal;1;e14b6901ef76;move;;;50;40;;;;;;;;;;True;False;False;True;;ok;15315.973072000552;15324.80726087479;15324.80726087479;15324.80726087479;85;15324.80726087479;732.7917;-8.834188874237952;Evaluated;5.1751;2.2309;64;True;1;
15;1;15;;normal;0;;;;;;;;;;;;;;;;;;;;;End-of-iteration summary row;;;15315.973072000552;15315.973072000552;85;15315.973072000552;732.807;;IterationSummary;;;;;;
16;1;16;1;normal;0;56fa93cdc8dc;move;;;10;5;;;;;;;;;;True;False;False;False;;ok;16402.378943963893;15315.973072000552;15315.973072000552;15315.973072000552;86;15315.973072000552;741.0734;1086.4058719633413;Evaluated;5.8322;2.4269;64;True;1;
16;1;16;2;normal;0;56fa93cdc8dc;swap;18;20;;;;;;;;;;;;True;False;False;False;;ok;16537.230979680444;15315.973072000552;15315.973072000552;15315.973072000552;87;15315.973072000552;748.7664;1221.257907679892;Evaluated;5.265;2.4254;64;True;1;
16;1;16;3;normal;0;56fa93cdc8dc;reinsert_block;;;;;;;35;40;16;;;;;True;False;False;True;;ok;16672.168218757863;15315.973072000552;15315.973072000552;15315.973072000552;88;15315.973072000552;756.7178;1356.1951467573108;Evaluated;5.5193;2.429;64;True;1;
16;1;16;4;normal;0;56fa93cdc8dc;move;;;56;20;;;;;;;;;;True;False;False;True;;ok;16642.58155847711;15315.973072000552;15315.973072000552;15315.973072000552;89;15315.973072000552;764.3592;1326.6084864765598;Evaluated;5.2114;2.4275;64;True;1;
16;1;16;5;normal;0;56fa93cdc8dc;move;;;18;4;;;;;;;;;;True;False;False;True;;ok;17342.051823974343;15315.973072000552;15315.973072000552;15315.973072000552;90;15315.973072000552;775.3426;2026.0787519737914;Evaluated;8.5528;2.4284;64;True;2;duplicate_for_same_parent_sequence
16;1;16;;normal;1;;;;;;;;;;;;;;;;;;;;;End-of-iteration summary row;;;15315.973072000552;15315.973072000552;90;15315.973072000552;775.3462;;IterationSummary;;;;;;
17;1;17;1;normal;1;56fa93cdc8dc;move;;;8;3;;;;;;;;;;True;False;False;False;;ok;17024.4383014073;15315.973072000552;15315.973072000552;15315.973072000552;91;15315.973072000552;786.5228;1708.4652294067473;Evaluated;8.7345;2.427;64;True;2;duplicate_for_same_parent_sequence
17;1;17;2;normal;1;56fa93cdc8dc;swap;20;25;;;;;;;;;;;;True;False;False;False;;ok;15513.562701533603;15315.973072000552;15315.973072000552;15315.973072000552;92;15315.973072000552;793.9774;197.58962953305127;Evaluated;5.2247;2.2273;64;True;1;
17;1;17;3;normal;1;56fa93cdc8dc;reinsert_block;;;;;;;34;40;18;;;;;True;False;False;True;;ok;16251.89609870629;15315.973072000552;15315.973072000552;15315.973072000552;93;15315.973072000552;801.9022;935.9230267057374;Evaluated;5.4986;2.4236;64;True;1;
17;1;17;4;normal;1;56fa93cdc8dc;move;;;56;30;;;;;;;;;;True;False;False;True;;ok;15513.837210297495;15315.973072000552;15315.973072000552;15315.973072000552;94;15315.973072000552;809.6153;197.86413829694357;Evaluated;5.4799;2.2324;64;True;1;
17;1;17;5;normal;1;56fa93cdc8dc;move;;;50;38;;;;;;;;;;True;False;False;True;;ok;15683.372148887307;15315.973072000552;15315.973072000552;15315.973072000552;95;15315.973072000552;816.9708;367.3990768867552;Evaluated;5.1248;2.2278;64;True;1;
17;1;17;;normal;2;;;;;;;;;;;;;;;;;;;;;End-of-iteration summary row;;;15315.973072000552;15315.973072000552;95;15315.973072000552;816.9737;;IterationSummary;;;;;;
18;1;18;1;normal;2;56fa93cdc8dc;move;;;15;20;;;;;;;;;;True;False;False;False;;ok;16652.349728046018;15315.973072000552;15315.973072000552;15315.973072000552;96;15315.973072000552;831.7684;1336.376656045466;Evaluated;12.3471;2.4307;64;True;3;duplicate_for_same_parent_sequence
18;1;18;2;normal;2;56fa93cdc8dc;swap;25;30;;;;;;;;;;;;True;False;False;False;;ok;16343.14140942303;15315.973072000552;15315.973072000552;15315.973072000552;97;15315.973072000552;843.0438;1027.1683374224776;Evaluated;8.846;2.4264;64;True;2;duplicate_for_same_parent_sequence
18;1;18;3;normal;2;56fa93cdc8dc;reinsert_block;;;;;;;34;38;20;;;;;True;False;False;True;;ok;17126.622387890955;15315.973072000552;15315.973072000552;15315.973072000552;98;15315.973072000552;851.0496;1810.6493158904032;Evaluated;5.5714;2.4312;64;True;1;
18;1;18;4;normal;2;56fa93cdc8dc;move;;;56;40;;;;;;;;;;True;False;False;True;;ok;15958.622080802488;15315.973072000552;15315.973072000552;15315.973072000552;99;15315.973072000552;858.7865;642.6490088019364;Evaluated;5.5065;2.2279;64;True;1;
18;1;18;5;normal;2;56fa93cdc8dc;move;;;45;10;;;;;;;;;;True;False;False;True;;ok;17020.177289180843;15315.973072000552;15315.973072000552;15315.973072000552;100;15315.973072000552;866.4121;1704.2042171802914;Evaluated;5.1893;2.4332;64;True;1;
18;1;18;;normal;3;;;;;;;;;;;;;;;;;;;;;End-of-iteration summary row;;;15315.973072000552;15315.973072000552;100;15315.973072000552;866.4145;;IterationSummary;;;;;;
19;1;19;1;diversification;3;56fa93cdc8dc;move;;;20;5;;;;;;;;;;True;False;False;True;;ok;17527.614735779975;15315.973072000552;15315.973072000552;15315.973072000552;101;15315.973072000552;874.5907;2211.6416637794227;Evaluated;5.7315;2.4291;64;True;1;
19;1;19;2;diversification;3;56fa93cdc8dc;reinsert_block;;;;;;;20;25;10;;;;;True;False;False;True;;ok;17093.53809555093;15315.973072000552;15315.973072000552;15315.973072000552;102;15315.973072000552;882.5458;1777.56502355038;Evaluated;5.5222;2.4321;64;True;1;
19;1;19;3;diversification;3;56fa93cdc8dc;swap;32;40;;;;;;;;;;;;True;False;False;False;;ok;16335.540625484404;15315.973072000552;15315.973072000552;15315.973072000552;103;15315.973072000552;890.1952;1019.567553483852;Evaluated;5.2161;2.4306;64;True;1;
19;1;19;4;diversification;3;56fa93cdc8dc;move;;;50;48;;;;;;;;;;True;False;False;False;;ok;15323.471991952556;15315.973072000552;15315.973072000552;15315.973072000552;104;15315.973072000552;897.8426;7.498919952004144;Evaluated;5.4166;2.228;64;True;1;
19;1;19;5;diversification;3;56fa93cdc8dc;swap;10;20;;;;;;;;;;;;True;False;False;False;;ok;17152.705743718237;15315.973072000552;15315.973072000552;15315.973072000552;105;15315.973072000552;908.9768;1836.7326717176857;Evaluated;8.7096;2.4219;64;True;2;duplicate_for_same_parent_sequence
19;1;19;6;diversification;3;56fa93cdc8dc;swap;17;25;;;;;;;;;;;;True;False;False;False;;ok;15315.973072000552;15315.973072000552;15315.973072000552;15315.973072000552;106;15315.973072000552;919.9805;0.0;Evaluated;8.7757;2.2272;64;True;2;duplicate_for_same_parent_sequence
19;1;19;7;diversification;3;56fa93cdc8dc;move;;;10;25;;;;;;;;;;True;False;False;True;;ok;16710.450579898978;15315.973072000552;15315.973072000552;15315.973072000552;107;15315.973072000552;930.9625;1394.4775078984258;Evaluated;8.5534;2.4258;64;True;2;duplicate_for_same_parent_sequence
19;1;19;8;diversification;3;56fa93cdc8dc;move;;;8;15;;;;;;;;;;True;False;False;False;;ok;15458.625746179508;15315.973072000552;15315.973072000552;15315.973072000552;108;15315.973072000552;938.5703;142.65267417895666;Evaluated;5.373;2.2322;64;True;1;
19;1;19;9;diversification;3;56fa93cdc8dc;move;;;25;30;;;;;;;;;;True;False;False;False;;ok;15922.89616234293;15315.973072000552;15315.973072000552;15315.973072000552;109;15315.973072000552;945.9721;606.9230903423777;Evaluated;5.1733;2.226;64;True;1;
19;1;19;10;diversification;3;56fa93cdc8dc;move;;;56;18;;;;;;;;;;True;False;False;True;;ok;15525.137247914281;15315.973072000552;15315.973072000552;15315.973072000552;110;15315.973072000552;953.3853;209.1641759137292;Evaluated;5.1865;2.2261;64;True;1;
19;1;19;;diversification;4;;;;;;;;;;;;;;;;;;;;;End-of-iteration summary row;;;15315.973072000552;15315.973072000552;110;15315.973072000552;953.3885;;IterationSummary;;;;;;
20;1;20;1;diversification;4;56fa93cdc8dc;move;;;17;5;;;;;;;;;;True;False;False;True;;ok;16839.70206412795;15315.973072000552;15315.973072000552;15315.973072000552;111;15315.973072000552;961.5118;1523.7289921273969;Evaluated;5.6731;2.4332;64;True;1;
20;1;20;2;diversification;4;56fa93cdc8dc;reinsert_block;;;;;;;17;25;30;;;;;True;False;False;False;;ok;17444.00638937216;15315.973072000552;15315.973072000552;15315.973072000552;112;15315.973072000552;969.3007;2128.033317371608;Evaluated;5.3582;2.4281;64;True;1;
20;1;20;3;diversification;4;56fa93cdc8dc;swap;35;40;;;;;;;;;;;;True;False;False;False;;ok;16189.312727450762;15315.973072000552;15315.973072000552;15315.973072000552;113;15315.973072000552;976.9825;873.3396554502106;Evaluated;5.2502;2.429;64;True;1;
20;1;20;4;diversification;4;56fa93cdc8dc;move;;;57;48;;;;;;;;;;True;False;False;False;;ok;15693.843057335394;15315.973072000552;15315.973072000552;15315.973072000552;114;15315.973072000552;984.5252;377.86998533484257;Evaluated;5.3105;2.2295;64;True;1;
20;1;20;5;diversification;4;56fa93cdc8dc;move;;;34;12;;;;;;;;;;True;False;False;True;;ok;16645.11357725419;15315.973072000552;15315.973072000552;15315.973072000552;115;15315.973072000552;995.9729;1329.1405052536375;Evaluated;9.0193;2.4253;64;True;2;duplicate_for_same_parent_sequence
20;1;20;6;diversification;4;56fa93cdc8dc;reinsert_block;;;;;;;34;36;50;;;;;True;False;False;True;;ok;16696.743384519857;15315.973072000552;15315.973072000552;15315.973072000552;116;15315.973072000552;1007.6714;1380.7703125193057;Evaluated;9.2677;2.4274;64;True;2;duplicate_for_same_parent_sequence
20;1;20;7;diversification;4;56fa93cdc8dc;move;;;40;50;;;;;;;;;;True;False;False;True;;ok;15324.80726087479;15315.973072000552;15315.973072000552;15315.973072000552;117;15315.973072000552;1014.9307;8.834188874237952;Evaluated;5.0236;2.2327;64;True;1;
20;1;20;8;diversification;4;56fa93cdc8dc;swap;34;40;;;;;;;;;;;;True;False;False;False;;ok;15320.67370233254;15315.973072000552;15315.973072000552;15315.973072000552;118;15315.973072000552;1025.7377;4.700630331988577;Evaluated;8.5768;2.2267;64;True;2;duplicate_for_same_parent_sequence
20;1;20;9;diversification;4;56fa93cdc8dc;move;;;24;30;;;;;;;;;;True;False;False;False;;ok;16335.925076211926;15315.973072000552;15315.973072000552;15315.973072000552;119;15315.973072000552;1033.3707;1019.9520042113745;Evaluated;5.1969;2.4335;64;True;1;
20;1;20;10;diversification;4;56fa93cdc8dc;move;;;32;19;;;;;;;;;;True;False;False;True;;ok;16776.232716960807;15315.973072000552;15315.973072000552;15315.973072000552;120;15315.973072000552;1044.7629;1460.2596449602552;Evaluated;8.956;2.4335;64;True;2;duplicate_for_same_parent_sequence
20;1;20;;diversification;5;;;;;;;;;;;;;;;;;;;;;End-of-iteration summary row;;;15315.973072000552;15315.973072000552;120;15315.973072000552;1044.7655;;IterationSummary;;;;;;
21;1;21;1;diversification;5;56fa93cdc8dc;move;;;7;2;;;;;;;;;;True;False;False;False;;ok;16840.108661110335;15315.973072000552;15315.973072000552;15315.973072000552;121;15315.973072000552;1056.448;1524.1355891097828;Evaluated;9.2507;2.4233;64;True;2;duplicate_for_same_parent_sequence
21;1;21;2;diversification;5;56fa93cdc8dc;reinsert_block;;;;;;;18;23;5;;;;;True;False;False;True;;ok;17402.607029883045;15315.973072000552;15315.973072000552;15315.973072000552;122;15315.973072000552;1064.4012;2086.6339578824936;Evaluated;5.5256;2.4247;64;True;1;
21;1;21;3;diversification;5;56fa93cdc8dc;swap;38;42;;;;;;;;;;;;True;False;False;False;;ok;15824.498398135682;15315.973072000552;15315.973072000552;15315.973072000552;123;15315.973072000552;1075.5476;508.52532613512994;Evaluated;8.9147;2.2289;64;True;2;duplicate_for_same_parent_sequence
21;1;21;4;diversification;5;56fa93cdc8dc;move;;;57;48;;;;;;;;;;False;True;False;;;ok;;15315.973072000552;15315.973072000552;15315.973072000552;123;15315.973072000552;1087.4748;;DuplicateForSameParentSequenceAfterRetries;11.9246;;;;3;duplicate_for_same_parent_sequence
21;1;21;5;diversification;5;56fa93cdc8dc;move;;;24;10;;;;;;;;;;True;False;False;True;;ok;16212.024731276406;15315.973072000552;15315.973072000552;15315.973072000552;124;15315.973072000552;1095.2588;896.051659275854;Evaluated;5.3538;2.4294;64;True;1;
21;1;21;6;diversification;5;56fa93cdc8dc;reinsert_block;;;;;;;28;34;17;;;;;True;False;False;True;;ok;17570.740170526202;15315.973072000552;15315.973072000552;15315.973072000552;125;15315.973072000552;1106.7645;2254.76709852565;Evaluated;9.0771;2.4257;64;True;2;duplicate_for_same_parent_sequence
21;1;21;7;diversification;5;56fa93cdc8dc;move;;;15;3;;;;;;;;;;True;False;False;True;;ok;16999.423320148715;15315.973072000552;15315.973072000552;15315.973072000552;126;15315.973072000552;1117.8245;1683.4502481481632;Evaluated;8.6287;2.4287;64;True;2;duplicate_for_same_parent_sequence
21;1;21;8;diversification;5;56fa93cdc8dc;move;;;32;40;;;;;;;;;;True;False;False;False;;ok;15722.349953717214;15315.973072000552;15315.973072000552;15315.973072000552;127;15315.973072000552;1128.6886;406.37688171666196;Evaluated;8.6315;2.229;64;True;2;duplicate_for_same_parent_sequence
21;1;21;9;diversification;5;56fa93cdc8dc;move;;;28;45;;;;;;;;;;True;False;False;True;;ok;16355.328280312773;15315.973072000552;15315.973072000552;15315.973072000552;128;15315.973072000552;1139.6309;1039.3552083122213;Evaluated;8.5106;2.4287;64;True;2;duplicate_for_same_parent_sequence
21;1;21;10;diversification;5;56fa93cdc8dc;swap;45;50;;;;;;;;;;;;True;False;False;False;;ok;15886.712675647477;15315.973072000552;15315.973072000552;15315.973072000552;129;15315.973072000552;1154.2409;570.7396036469254;Evaluated;12.3844;2.2231;64;True;3;duplicate_for_same_parent_sequence
21;1;21;;diversification;6;;;;;;;;;;;;;;;;;;;;;End-of-iteration summary row;;;15315.973072000552;15315.973072000552;129;15315.973072000552;1154.2437;;IterationSummary;;;;;;
22;1;22;1;diversification;6;56fa93cdc8dc;move;;;8;20;;;;;;;;;;True;False;False;True;;ok;16644.61770455809;15315.973072000552;15315.973072000552;15315.973072000552;130;15315.973072000552;1162.2691;1328.6446325575398;Evaluated;5.5873;2.4288;64;True;1;
22;1;22;2;diversification;6;56fa93cdc8dc;move;;;20;28;;;;;;;;;;True;False;False;False;;ok;16681.690117508857;15315.973072000552;15315.973072000552;15315.973072000552;131;15315.973072000552;1176.8452;1365.717045508305;Evaluated;12.147;2.4264;64;True;3;duplicate_for_same_parent_sequence
22;1;22;3;diversification;6;56fa93cdc8dc;swap;35;42;;;;;;;;;;;;True;False;False;False;;ok;16152.392411650368;15315.973072000552;15315.973072000552;15315.973072000552;132;15315.973072000552;1184.5005;836.4193396498158;Evaluated;5.2221;2.4306;64;True;1;
22;1;22;4;diversification;6;56fa93cdc8dc;move;;;56;10;;;;;;;;;;True;False;False;True;;ok;15520.947197933358;15315.973072000552;15315.973072000552;15315.973072000552;133;15315.973072000552;1191.8953;204.9741259328057;Evaluated;5.1673;2.2246;64;True;1;
22;1;22;5;diversification;6;56fa93cdc8dc;move;;;8;35;;;;;;;;;;True;False;False;True;;ok;16184.87212229506;15315.973072000552;15315.973072000552;15315.973072000552;134;15315.973072000552;1202.7944;868.8990502945089;Evaluated;8.6399;2.2564;64;True;2;duplicate_for_same_parent_sequence
22;1;22;6;diversification;6;56fa93cdc8dc;move;;;40;52;;;;;;;;;;True;False;False;True;;ok;15784.629562826573;15315.973072000552;15315.973072000552;15315.973072000552;135;15315.973072000552;1210.2952;468.6564908260207;Evaluated;5.2699;2.2275;64;True;1;
22;1;22;7;diversification;6;56fa93cdc8dc;move;;;18;5;;;;;;;;;;True;False;False;True;;ok;16893.49666201137;15315.973072000552;15315.973072000552;15315.973072000552;136;15315.973072000552;1218.1809;1577.5235900108182;Evaluated;5.4564;2.4285;64;True;1;
22;1;22;8;diversification;6;56fa93cdc8dc;move;;;20;30;;;;;;;;;;True;False;False;True;;ok;16696.289425579795;15315.973072000552;15315.973072000552;15315.973072000552;137;15315.973072000552;1229.4682;1380.3163535792428;Evaluated;8.8569;2.429;64;True;2;duplicate_for_same_parent_sequence
22;1;22;9;diversification;6;56fa93cdc8dc;move;;;24;18;;;;;;;;;;True;False;False;False;;ok;15396.428037735168;15315.973072000552;15315.973072000552;15315.973072000552;138;15315.973072000552;1243.789;80.45496573461605;Evaluated;12.0916;2.2264;64;True;3;duplicate_for_same_parent_sequence
22;1;22;10;diversification;6;56fa93cdc8dc;move;;;45;30;;;;;;;;;;True;False;False;True;;ok;16161.693402551025;15315.973072000552;15315.973072000552;15315.973072000552;139;15315.973072000552;1251.2998;845.7203305504736;Evaluated;5.0749;2.4325;64;True;1;
22;1;22;;diversification;7;;;;;;;;;;;;;;;;;;;;;End-of-iteration summary row;;;15315.973072000552;15315.973072000552;139;15315.973072000552;1251.303;;IterationSummary;;;;;;
23;1;23;1;diversification;7;56fa93cdc8dc;move;;;15;30;;;;;;;;;;True;False;False;True;;ok;16645.97505213959;15315.973072000552;15315.973072000552;15315.973072000552;140;15315.973072000552;1262.822;1330.001980139039;Evaluated;9.0662;2.4404;64;True;2;duplicate_for_same_parent_sequence
23;1;23;2;diversification;7;56fa93cdc8dc;move;;;30;40;;;;;;;;;;True;False;False;True;;ok;16170.08580756298;15315.973072000552;15315.973072000552;15315.973072000552;141;15315.973072000552;1274.2055;854.1127355624285;Evaluated;8.9521;2.4283;64;True;2;duplicate_for_same_parent_sequence
23;1;23;3;diversification;7;56fa93cdc8dc;swap;32;40;;;;;;;;;;;;False;True;False;;;ok;;15315.973072000552;15315.973072000552;15315.973072000552;141;15315.973072000552;1286.8359;;DuplicateForSameParentSequenceAfterRetries;12.6297;;;;3;duplicate_for_same_parent_sequence
23;1;23;4;diversification;7;56fa93cdc8dc;reinsert_block;;;;;;;48;53;56;;;;;True;False;False;False;;ok;15782.393403249827;15315.973072000552;15315.973072000552;15315.973072000552;142;15315.973072000552;1297.9485;466.4203312492755;Evaluated;8.8886;2.2231;64;True;2;duplicate_for_same_parent_sequence
23;1;23;5;diversification;7;56fa93cdc8dc;move;;;16;25;;;;;;;;;;True;False;False;False;;ok;16654.461032570805;15315.973072000552;15315.973072000552;15315.973072000552;143;15315.973072000552;1309.1795;1338.4879605702536;Evaluated;8.8008;2.4275;64;True;2;duplicate_for_same_parent_sequence
23;1;23;6;diversification;7;56fa93cdc8dc;move;;;56;28;;;;;;;;;;True;False;False;True;;ok;15511.367464697369;15315.973072000552;15315.973072000552;15315.973072000552;144;15315.973072000552;1316.6516;195.3943926968168;Evaluated;5.2453;2.2239;64;True;1;
23;1;23;7;diversification;7;56fa93cdc8dc;move;;;35;10;;;;;;;;;;True;False;False;True;;ok;16597.596412284714;15315.973072000552;15315.973072000552;15315.973072000552;145;15315.973072000552;1327.8323;1281.6233402841626;Evaluated;8.7441;2.4336;64;True;2;duplicate_for_same_parent_sequence
23;1;23;8;diversification;7;56fa93cdc8dc;move;;;35;8;;;;;;;;;;True;False;False;True;;ok;16596.426467696834;15315.973072000552;15315.973072000552;15315.973072000552;146;15315.973072000552;1338.9795;1280.4533956962823;Evaluated;8.7135;2.4307;64;True;2;duplicate_for_same_parent_sequence
23;1;23;9;diversification;7;56fa93cdc8dc;move;;;40;18;;;;;;;;;;True;False;False;True;;ok;15384.678735898166;15315.973072000552;15315.973072000552;15315.973072000552;147;15315.973072000552;1349.9602;68.7056638976137;Evaluated;8.7477;2.2301;64;True;2;duplicate_for_same_parent_sequence
23;1;23;10;diversification;7;56fa93cdc8dc;move;;;56;12;;;;;;;;;;True;False;False;True;;ok;16619.62398215707;15315.973072000552;15315.973072000552;15315.973072000552;148;15315.973072000552;1361.0257;1303.6509101565189;Evaluated;8.6345;2.4303;64;True;2;duplicate_for_same_parent_sequence
23;1;23;;diversification;8;;;;;;;;;;;;;;;;;;;;;End-of-iteration summary row;;;15315.973072000552;15315.973072000552;148;15315.973072000552;1361.0293;;IterationSummary;;;;;;
24;1;24;1;diversification;8;56fa93cdc8dc;move;;;5;20;;;;;;;;;;True;False;False;True;;ok;17077.477729221522;15315.973072000552;15315.973072000552;15315.973072000552;149;15315.973072000552;1369.1256;1761.5046572209703;Evaluated;5.6612;2.4226;64;True;1;
24;1;24;2;diversification;8;56fa93cdc8dc;reinsert_block;;;;;;;16;20;30;;;;;True;False;False;True;;ok;17281.947444232555;15315.973072000552;15315.973072000552;15315.973072000552;150;15315.973072000552;1377.1316;1965.9743722320036;Evaluated;5.5743;2.431;64;True;1;
24;1;24;3;diversification;8;56fa93cdc8dc;swap;35;45;;;;;;;;;;;;True;False;False;False;;ok;15791.98296592619;15315.973072000552;15315.973072000552;15315.973072000552;151;15315.973072000552;1388.2409;476.0098939256386;Evaluated;8.8801;2.2262;64;True;2;duplicate_for_same_parent_sequence
24;1;24;4;diversification;8;56fa93cdc8dc;move;;;40;12;;;;;;;;;;True;False;False;True;;ok;16629.1610742274;15315.973072000552;15315.973072000552;15315.973072000552;152;15315.973072000552;1399.4087;1313.188002226847;Evaluated;8.7333;2.4316;64;True;2;duplicate_for_same_parent_sequence
24;1;24;5;diversification;8;56fa93cdc8dc;move;;;30;5;;;;;;;;;;True;False;False;True;;ok;17107.66012900101;15315.973072000552;15315.973072000552;15315.973072000552;153;15315.973072000552;1414.3457;1791.6870570004594;Evaluated;12.5031;2.4309;64;True;3;duplicate_for_same_parent_sequence
24;1;24;6;diversification;8;56fa93cdc8dc;move;;;40;25;;;;;;;;;;True;False;False;True;;ok;15841.944987465371;15315.973072000552;15315.973072000552;15315.973072000552;154;15315.973072000552;1425.2762;525.9719154648192;Evaluated;8.7035;2.2259;64;True;2;duplicate_for_same_parent_sequence
24;1;24;7;diversification;8;56fa93cdc8dc;move;;;20;35;;;;;;;;;;True;False;False;True;;ok;16036.12107688099;15315.973072000552;15315.973072000552;15315.973072000552;155;15315.973072000552;1432.7797;720.1480048804387;Evaluated;5.2727;2.2281;64;True;1;
24;1;24;8;diversification;8;56fa93cdc8dc;move;;;30;25;;;;;;;;;;True;False;False;False;;ok;15793.068900621824;15315.973072000552;15315.973072000552;15315.973072000552;156;15315.973072000552;1440.4385;477.0958286212717;Evaluated;5.4237;2.2322;64;True;1;
24;1;24;9;diversification;8;56fa93cdc8dc;move;;;18;56;;;;;;;;;;True;False;False;True;;ok;16189.14644606534;15315.973072000552;15315.973072000552;15315.973072000552;157;15315.973072000552;1451.4072;873.1733740647887;Evaluated;8.5303;2.4357;64;True;2;duplicate_for_same_parent_sequence
24;1;24;10;diversification;8;56fa93cdc8dc;move;;;40;15;;;;;;;;;;True;False;False;True;;ok;15407.061484300495;15315.973072000552;15315.973072000552;15315.973072000552;158;15315.973072000552;1458.9943;91.08841229994323;Evaluated;5.3502;2.2354;64;True;1;
24;1;24;;diversification;9;;;;;;;;;;;;;;;;;;;;;End-of-iteration summary row;;;15315.973072000552;15315.973072000552;158;15315.973072000552;1458.995;;IterationSummary;;;;;;
25;1;25;1;diversification;9;56fa93cdc8dc;move;;;10;3;;;;;;;;;;True;False;False;False;;ok;17354.812475342776;15315.973072000552;15315.973072000552;15315.973072000552;159;15315.973072000552;1470.3334;2038.8394033422246;Evaluated;8.9039;2.4289;64;True;2;duplicate_for_same_parent_sequence
25;1;25;2;diversification;9;56fa93cdc8dc;reinsert_block;;;;;;;18;24;35;;;;;True;False;False;True;;ok;16962.143812213966;15315.973072000552;15315.973072000552;15315.973072000552;160;15315.973072000552;1478.3171;1646.1707402134143;Evaluated;5.553;2.4281;64;True;1;
25;1;25;3;diversification;9;56fa93cdc8dc;swap;40;56;;;;;;;;;;;;True;False;False;True;;ok;15315.973072000552;15315.973072000552;15315.973072000552;15315.973072000552;161;15315.973072000552;1485.7923;0.0;Evaluated;5.2401;2.2322;64;True;1;
25;1;25;4;diversification;9;56fa93cdc8dc;move;;;38;20;;;;;;;;;;True;False;False;True;;ok;16368.017707566421;15315.973072000552;15315.973072000552;15315.973072000552;162;15315.973072000552;1496.7753;1052.0446355658696;Evaluated;8.5462;2.4339;64;True;2;duplicate_for_same_parent_sequence
25;1;25;5;diversification;9;56fa93cdc8dc;move;;;50;18;;;;;;;;;;True;False;False;True;;ok;15975.102974400035;15315.973072000552;15315.973072000552;15315.973072000552;163;15315.973072000552;1504.3336;659.1299023994834;Evaluated;5.3279;2.2298;64;True;1;
25;1;25;6;diversification;9;56fa93cdc8dc;move;;;25;10;;;;;;;;;;True;False;False;True;;ok;16096.429662767794;15315.973072000552;15315.973072000552;15315.973072000552;164;15315.973072000552;1515.4933;780.4565907672422;Evaluated;8.9192;2.2373;64;True;2;duplicate_for_same_parent_sequence
25;1;25;7;diversification;9;56fa93cdc8dc;move;;;50;20;;;;;;;;;;True;False;False;True;;ok;16638.423125101683;15315.973072000552;15315.973072000552;15315.973072000552;165;15315.973072000552;1523.1309;1322.4500531011308;Evaluated;5.2015;2.4331;64;True;1;
25;1;25;8;diversification;9;56fa93cdc8dc;swap;24;30;;;;;;;;;;;;True;False;False;False;;ok;16330.376803699732;15315.973072000552;15315.973072000552;15315.973072000552;166;15315.973072000552;1534.2886;1014.4037316991798;Evaluated;8.7247;2.4305;64;True;2;duplicate_for_same_parent_sequence
25;1;25;9;diversification;9;56fa93cdc8dc;move;;;25;18;;;;;;;;;;True;False;False;False;;ok;15507.6596613094;15315.973072000552;15315.973072000552;15315.973072000552;167;15315.973072000552;1545.1565;191.68658930884885;Evaluated;8.6324;2.2331;64;True;2;duplicate_for_same_parent_sequence
25;1;25;10;diversification;9;56fa93cdc8dc;move;;;52;45;;;;;;;;;;True;False;False;False;;ok;16235.103684652579;15315.973072000552;15315.973072000552;15315.973072000552;168;15315.973072000552;1556.563;919.1306126520267;Evaluated;8.9738;2.431;64;True;2;duplicate_for_same_parent_sequence
25;2;0;;diversification;0;;;;;;;;;;;;;;;;;;;;;End-of-iteration summary row;;;16641.404845676683;15315.973072000552;169;15315.973072000552;1559.0146;;IterationSummary;;;;;;
26;2;1;1;normal;0;0f63cf6f404e;move;;;5;10;;;;;;;;;;True;False;False;False;;ok;17532.182049666284;16641.404845676683;16641.404845676683;15315.973072000552;170;15315.973072000552;1566.7165;890.7772039896008;Evaluated;5.2677;2.4287;64;True;1;
26;2;1;2;normal;0;0f63cf6f404e;swap;20;25;;;;;;;;;;;;True;False;False;False;;ok;17122.402843810567;16641.404845676683;16641.404845676683;15315.973072000552;171;15315.973072000552;1574.2441;480.9979981338838;Evaluated;5.0955;2.4289;64;True;1;
26;2;1;3;normal;0;0f63cf6f404e;reinsert_block;;;;;;;35;40;28;;;;;True;False;False;False;;ok;16823.91775940213;16641.404845676683;16641.404845676683;15315.973072000552;172;15315.973072000552;1581.8996;182.51291372544802;Evaluated;5.2221;2.4307;64;True;1;
26;2;1;4;normal;0;0f63cf6f404e;move;;;50;48;;;;;;;;;;True;False;False;False;;ok;16187.814598926165;16641.404845676683;16641.404845676683;15315.973072000552;173;15315.973072000552;1589.1973;-453.5902467505184;Evaluated;4.8659;2.4287;64;True;1;
26;2;1;5;normal;0;0f63cf6f404e;move;;;25;10;;;;;;;;;;True;False;False;True;;ok;17210.961298004862;16641.404845676683;16641.404845676683;15315.973072000552;174;15315.973072000552;1596.3996;569.5564523281791;Evaluated;4.772;2.4269;64;True;1;
26;2;1;;normal;0;;;;;;;;;;;;;;;;;;;;;End-of-iteration summary row;;;16187.814598926165;15315.973072000552;174;15315.973072000552;1596.4093;;IterationSummary;;;;;;
27;2;2;1;normal;0;660e1a9970ee;move;;;10;5;;;;;;;;;;True;False;False;False;;ok;15636.61505467081;16187.814598926165;16187.814598926165;15315.973072000552;175;15315.973072000552;1604.0984;-551.1995442553543;Evaluated;5.455;2.2267;64;True;1;
27;2;2;2;normal;0;660e1a9970ee;swap;20;25;;;;;;;;;;;;True;False;False;False;;ok;16668.92030002069;16187.814598926165;16187.814598926165;15315.973072000552;176;15315.973072000552;1611.6854;481.105701094526;Evaluated;5.1499;2.4343;64;True;1;
27;2;2;3;normal;0;660e1a9970ee;reinsert_block;;;;;;;32;40;50;;;;;True;False;False;True;;ok;16532.020586044993;16187.814598926165;16187.814598926165;15315.973072000552;177;15315.973072000552;1619.4101;344.2059871188285;Evaluated;5.2892;2.4323;64;True;1;
27;2;2;4;normal;0;660e1a9970ee;move;;;50;49;;;;;;;;;;True;False;False;False;;ok;16235.31475989791;16187.814598926165;16187.814598926165;15315.973072000552;178;15315.973072000552;1627.0349;47.50016097174557;Evaluated;5.1966;2.4248;64;True;1;
27;2;2;5;normal;0;660e1a9970ee;move;;;40;35;;;;;;;;;;True;False;False;False;;ok;15716.175301903077;16187.814598926165;16187.814598926165;15315.973072000552;179;15315.973072000552;1634.4304;-471.63929702308815;Evaluated;5.1654;2.2283;64;True;1;
27;2;2;;normal;0;;;;;;;;;;;;;;;;;;;;;End-of-iteration summary row;;;15636.61505467081;15315.973072000552;179;15315.973072000552;1634.4467;;IterationSummary;;;;;;
28;2;3;1;normal;0;48dc97c613aa;move;;;10;5;;;;;;;;;;True;False;False;False;;ok;17747.448754085726;15636.61505467081;15636.61505467081;15315.973072000552;180;15315.973072000552;1642.4551;2110.833699414916;Evaluated;5.5723;2.4302;64;True;1;
28;2;3;2;normal;0;48dc97c613aa;swap;20;25;;;;;;;;;;;;True;False;False;False;;ok;17285.649460026885;15636.61505467081;15636.61505467081;15315.973072000552;181;15315.973072000552;1650.0565;1649.0344053560748;Evaluated;5.1686;2.4297;64;True;1;
28;2;3;3;normal;0;48dc97c613aa;reinsert_block;;;;;;;35;40;28;;;;;True;False;False;False;;ok;16277.53582685048;15636.61505467081;15636.61505467081;15315.973072000552;182;15315.973072000552;1657.9575;640.9207721796702;Evaluated;5.4673;2.43;64;True;1;
28;2;3;4;normal;0;48dc97c613aa;move;;;48;50;;;;;;;;;;True;False;False;False;;ok;15624.28520901457;15636.61505467081;15636.61505467081;15315.973072000552;183;15315.973072000552;1665.3967;-12.32984565624065;Evaluated;5.21;2.2277;64;True;1;
28;2;3;5;normal;0;48dc97c613aa;move;;;50;48;;;;;;;;;;True;False;False;False;;ok;15648.862618316845;15636.61505467081;15636.61505467081;15315.973072000552;184;15315.973072000552;1672.7999;12.247563646034905;Evaluated;5.1694;2.2306;64;True;1;
28;2;3;;normal;0;;;;;;;;;;;;;;;;;;;;;End-of-iteration summary row;;;15624.28520901457;15315.973072000552;184;15315.973072000552;1672.8132;;IterationSummary;;;;;;
29;2;4;1;normal;0;457c4bc75f95;move;;;10;5;;;;;;;;;;True;False;False;False;;ok;18200.878935664194;15624.28520901457;15624.28520901457;15315.973072000552;185;15315.973072000552;1681.1451;2576.593726649624;Evaluated;5.6927;2.6325;64;True;1;
29;2;4;2;normal;0;457c4bc75f95;swap;20;25;;;;;;;;;;;;True;False;False;False;;ok;17738.989345089994;15624.28520901457;15624.28520901457;15315.973072000552;186;15315.973072000552;1688.856;2114.7041360754247;Evaluated;5.2818;2.4262;64;True;1;
29;2;4;3;normal;0;457c4bc75f95;reinsert_block;;;;;;;35;40;28;;;;;True;False;False;False;;ok;16736.747719102947;15624.28520901457;15624.28520901457;15315.973072000552;187;15315.973072000552;1696.7855;1112.4625100883768;Evaluated;5.4976;2.4292;64;True;1;
29;2;4;4;normal;0;457c4bc75f95;move;;;50;48;;;;;;;;;;True;False;False;False;;ok;15636.61505467081;15624.28520901457;15624.28520901457;15315.973072000552;188;15315.973072000552;1704.262;12.32984565624065;Evaluated;5.2403;2.2327;64;True;1;
29;2;4;5;normal;0;457c4bc75f95;swap;30;40;;;;;;;;;;;;True;False;False;False;;ok;16625.294833864795;15624.28520901457;15624.28520901457;15315.973072000552;189;15315.973072000552;1715.4743;1001.009624850225;Evaluated;8.7787;2.4309;64;True;2;duplicate_for_same_parent_sequence
29;2;4;;normal;1;;;;;;;;;;;;;;;;;;;;;End-of-iteration summary row;;;15624.28520901457;15315.973072000552;189;15315.973072000552;1715.4775;;IterationSummary;;;;;;
30;2;5;1;normal;1;457c4bc75f95;move;;;5;10;;;;;;;;;;True;False;False;False;;ok;16641.404845676683;15624.28520901457;15624.28520901457;15315.973072000552;190;15315.973072000552;1723.2622;1017.1196366621134;Evaluated;5.3384;2.4342;64;True;1;
30;2;5;2;normal;1;457c4bc75f95;swap;20;30;;;;;;;;;;;;True;False;False;False;;ok;18255.626142293517;15624.28520901457;15624.28520901457;15315.973072000552;191;15315.973072000552;1731.2833;2631.340933278947;Evaluated;5.3906;2.6273;64;True;1;
30;2;5;3;normal;1;457c4bc75f95;move;;;36;29;;;;;;;;;;True;False;False;False;;ok;16470.704309203255;15624.28520901457;15624.28520901457;15315.973072000552;192;15315.973072000552;1742.6285;846.4191001886848;Evaluated;8.9147;2.428;64;True;2;duplicate_for_same_parent_sequence
30;2;5;4;normal;1;457c4bc75f95;move;;;50;46;;;;;;;;;;True;False;False;False;;ok;15420.771993286797;15624.28520901457;15624.28520901457;15315.973072000552;193;15315.973072000552;1750.0463;-203.51321572777306;Evaluated;5.1874;2.2268;64;True;1;
30;2;5;5;normal;1;457c4bc75f95;move;;;15;20;;;;;;;;;;True;False;False;False;;ok;15667.614776166676;15624.28520901457;15624.28520901457;15315.973072000552;194;15315.973072000552;1757.654;43.32956715210639;Evaluated;5.3784;2.2266;64;True;1;
30;2;5;;normal;0;;;;;;;;;;;;;;;;;;;;;End-of-iteration summary row;;;15420.771993286797;15315.973072000552;194;15315.973072000552;1757.672;;IterationSummary;;;;;;
31;2;6;1;normal;0;4054076d4ea5;move;;;5;10;;;;;;;;;;True;False;False;False;;ok;16187.814598926165;15420.771993286797;15420.771993286797;15315.973072000552;195;15315.973072000552;1765.7256;767.042605639368;Evaluated;5.6192;2.4271;64;True;1;
31;2;6;2;normal;0;4054076d4ea5;swap;20;25;;;;;;;;;;;;True;False;False;False;;ok;17285.649460026885;15420.771993286797;15420.771993286797;15315.973072000552;196;15315.973072000552;1773.6139;1864.8774667400885;Evaluated;5.4568;2.4283;64;True;1;
31;2;6;3;normal;0;4054076d4ea5;reinsert_block;;;;;;;35;40;28;;;;;True;False;False;False;;ok;16288.3186014835;15420.771993286797;15420.771993286797;15315.973072000552;197;15315.973072000552;1781.6847;867.5466081967024;Evaluated;5.6379;2.4309;64;True;1;
31;2;6;4;normal;0;4054076d4ea5;move;;;50;48;;;;;;;;;;True;False;False;False;;ok;15637.485781287633;15420.771993286797;15420.771993286797;15315.973072000552;198;15315.973072000552;1789.2582;216.71378800083585;Evaluated;5.3334;2.2364;64;True;1;
31;2;6;5;normal;0;4054076d4ea5;move;;;25;30;;;;;;;;;;True;False;False;False;;ok;15416.443899192034;15420.771993286797;15420.771993286797;15315.973072000552;199;15315.973072000552;1796.4319;-4.328094094762491;Evaluated;4.9437;2.2273;64;True;1;
31;2;6;;normal;0;;;;;;;;;;;;;;;;;;;;;End-of-iteration summary row;;;15416.443899192034;15315.973072000552;199;15315.973072000552;1796.4378;;IterationSummary;;;;;;
32;2;7;1;normal;0;516731702712;move;;;10;5;;;;;;;;;;True;False;False;False;;ok;17747.603329577385;15416.443899192034;15416.443899192034;15315.973072000552;200;15315.973072000552;1804.3118;2331.159430385351;Evaluated;5.4401;2.4267;64;True;1;
32;2;7;2;normal;0;516731702712;swap;17;20;;;;;;;;;;;;True;False;False;False;;ok;16772.933025509272;15416.443899192034;15416.443899192034;15315.973072000552;201;15315.973072000552;1811.825;1356.4891263172376;Evaluated;5.084;2.4266;64;True;1;
32;2;7;3;normal;0;516731702712;reinsert_block;;;;;;;35;40;28;;;;;True;False;False;False;;ok;16459.48773780604;15416.443899192034;15416.443899192034;15315.973072000552;202;15315.973072000552;1819.739;1043.0438386140067;Evaluated;5.4839;2.4271;64;True;1;
32;2;7;4;normal;0;516731702712;move;;;50;46;;;;;;;;;;True;False;False;False;;ok;15416.952006533818;15416.443899192034;15416.443899192034;15315.973072000552;203;15315.973072000552;1827.201;0.5081073417841253;Evaluated;5.23;2.229;64;True;1;
32;2;7;5;normal;0;516731702712;move;;;15;20;;;;;;;;;;True;False;False;False;;ok;15623.271847876293;15416.443899192034;15416.443899192034;15315.973072000552;204;15315.973072000552;1834.5972;206.82794868425844;Evaluated;5.1645;2.229;64;True;1;
32;2;7;;normal;1;;;;;;;;;;;;;;;;;;;;;End-of-iteration summary row;;;15416.443899192034;15315.973072000552;204;15315.973072000552;1834.6002;;IterationSummary;;;;;;
33;2;8;1;normal;1;516731702712;move;;;8;3;;;;;;;;;;True;False;False;False;;ok;17454.71854424884;15416.443899192034;15416.443899192034;15315.973072000552;205;15315.973072000552;1845.954;2038.2746450568065;Evaluated;8.9167;2.4272;64;True;2;duplicate_for_same_parent_sequence
33;2;8;2;normal;1;516731702712;swap;20;25;;;;;;;;;;;;True;False;False;False;;ok;16789.542570650807;15416.443899192034;15416.443899192034;15315.973072000552;206;15315.973072000552;1853.4082;1373.0986714587725;Evaluated;5.0183;2.4327;64;True;1;
33;2;8;3;normal;1;516731702712;reinsert_block;;;;;;;36;41;25;;;;;True;False;False;True;;ok;17260.24394517889;15416.443899192034;15416.443899192034;15315.973072000552;207;15315.973072000552;1865.4108;1843.8000459868545;Evaluated;9.5711;2.4284;64;True;2;duplicate_for_same_parent_sequence
33;2;8;4;normal;1;516731702712;move;;;50;48;;;;;;;;;;True;False;False;False;;ok;15631.269870062768;15416.443899192034;15416.443899192034;15315.973072000552;208;15315.973072000552;1872.8047;214.82597087073373;Evaluated;5.1596;2.2305;64;True;1;
33;2;8;5;normal;1;516731702712;move;;;25;30;;;;;;;;;;True;False;False;False;;ok;16454.86781231101;15416.443899192034;15416.443899192034;15315.973072000552;209;15315.973072000552;1880.1942;1038.423913118977;Evaluated;4.9605;2.4257;64;True;1;
33;2;8;;normal;2;;;;;;;;;;;;;;;;;;;;;End-of-iteration summary row;;;15416.443899192034;15315.973072000552;209;15315.973072000552;1880.1974;;IterationSummary;;;;;;
34;2;9;1;normal;2;516731702712;move;;;15;20;;;;;;;;;;False;True;False;;;ok;;15416.443899192034;15416.443899192034;15315.973072000552;209;15315.973072000552;1892.5242;;DuplicateForSameParentSequenceAfterRetries;12.3114;;;;3;duplicate_for_same_parent_sequence
34;2;9;2;normal;2;516731702712;swap;18;20;;;;;;;;;;;;True;False;False;False;;ok;16668.131844387353;15416.443899192034;15416.443899192034;15315.973072000552;210;15315.973072000552;1900.1909;1251.6879451953191;Evaluated;5.2399;2.4257;64;True;1;
34;2;9;3;normal;2;516731702712;reinsert_block;;;;;;;32;40;15;;;;;True;False;False;True;;ok;16484.658233625385;15416.443899192034;15416.443899192034;15315.973072000552;211;15315.973072000552;1908.1019;1068.2143344333508;Evaluated;5.4782;2.4292;64;True;1;
34;2;9;4;normal;2;516731702712;move;;;30;40;;;;;;;;;;True;False;False;True;;ok;15926.128659562977;15416.443899192034;15416.443899192034;15315.973072000552;212;15315.973072000552;1922.6061;509.68476037094297;Evaluated;12.27;2.2308;64;True;3;duplicate_for_same_parent_sequence
34;2;9;5;normal;2;516731702712;move;;;25;18;;;;;;;;;;True;False;False;False;;ok;16900.922809715088;15416.443899192034;15416.443899192034;15315.973072000552;213;15315.973072000552;1933.388;1484.4789105230539;Evaluated;8.3515;2.4271;64;True;2;duplicate_for_same_parent_sequence
34;2;9;;normal;3;;;;;;;;;;;;;;;;;;;;;End-of-iteration summary row;;;15416.443899192034;15315.973072000552;213;15315.973072000552;1933.3912;;IterationSummary;;;;;;
35;2;10;1;diversification;3;516731702712;move;;;10;2;;;;;;;;;;True;False;False;False;;ok;15706.30398091276;15416.443899192034;15416.443899192034;15315.973072000552;214;15315.973072000552;1941.0552;289.86008172072616;Evaluated;5.4302;2.2253;64;True;1;
35;2;10;2;diversification;3;516731702712;reinsert_block;;;;;;;20;25;10;;;;;True;False;False;True;;ok;16452.6431117589;15416.443899192034;15416.443899192034;15315.973072000552;215;15315.973072000552;1949.0906;1036.1992125668676;Evaluated;5.6015;2.4306;64;True;1;
35;2;10;3;diversification;3;516731702712;swap;35;40;;;;;;;;;;;;True;False;False;False;;ok;15988.206217112967;15416.443899192034;15416.443899192034;15315.973072000552;216;15315.973072000552;1956.8498;571.7623179209331;Evaluated;5.5272;2.229;64;True;1;
35;2;10;4;diversification;3;516731702712;move;;;37;45;;;;;;;;;;True;False;False;False;;ok;16357.580528950111;15416.443899192034;15416.443899192034;15315.973072000552;217;15315.973072000552;1967.98;941.1366297580771;Evaluated;8.6986;2.4285;64;True;2;duplicate_for_same_parent_sequence
35;2;10;5;diversification;3;516731702712;move;;;50;20;;;;;;;;;;True;False;False;True;;ok;16440.493106845217;15416.443899192034;15416.443899192034;15315.973072000552;218;15315.973072000552;1975.6215;1024.0492076531827;Evaluated;5.2129;2.4278;64;True;1;
35;2;10;6;diversification;3;516731702712;move;;;50;25;;;;;;;;;;True;False;False;True;;ok;15926.182931922454;15416.443899192034;15416.443899192034;15315.973072000552;219;15315.973072000552;1983.0025;509.73903273042015;Evaluated;5.1475;2.2307;64;True;1;
35;2;10;7;diversification;3;516731702712;move;;;18;25;;;;;;;;;;True;False;False;False;;ok;16899.71427575831;15416.443899192034;15416.443899192034;15315.973072000552;220;15315.973072000552;1990.5901;1483.2703765662754;Evaluated;5.1524;2.4322;64;True;1;
35;2;10;8;diversification;3;516731702712;move;;;25;10;;;;;;;;;;True;False;False;True;;ok;17272.33604108714;15416.443899192034;15416.443899192034;15315.973072000552;221;15315.973072000552;1998.196;1855.892141895105;Evaluated;5.1773;2.4256;64;True;1;
35;2;10;9;diversification;3;516731702712;move;;;24;18;;;;;;;;;;True;False;False;False;;ok;16656.866688714043;15416.443899192034;15416.443899192034;15315.973072000552;222;15315.973072000552;2009.3253;1240.4227895220083;Evaluated;8.6979;2.4308;64;True;2;duplicate_for_same_parent_sequence
35;2;10;10;diversification;3;516731702712;move;;;50;42;;;;;;;;;;True;False;False;False;;ok;16700.649173895938;15416.443899192034;15416.443899192034;15315.973072000552;223;15315.973072000552;2017.0115;1284.2052747039033;Evaluated;5.2511;2.4323;64;True;1;
35;2;10;;diversification;4;;;;;;;;;;;;;;;;;;;;;End-of-iteration summary row;;;15416.443899192034;15315.973072000552;223;15315.973072000552;2017.015;;IterationSummary;;;;;;
36;2;11;1;diversification;4;516731702712;move;;;4;20;;;;;;;;;;True;False;False;True;;ok;17395.008906279694;15416.443899192034;15416.443899192034;15315.973072000552;224;15315.973072000552;2024.9941;1978.56500708766;Evaluated;5.5427;2.4251;64;True;1;
36;2;11;2;diversification;4;516731702712;reinsert_block;;;;;;;20;25;10;;;;;False;True;False;;;ok;;15416.443899192034;15416.443899192034;15315.973072000552;224;15315.973072000552;2037.9668;;DuplicateForSameParentSequenceAfterRetries;12.9694;;;;3;duplicate_for_same_parent_sequence
36;2;11;3;diversification;4;516731702712;swap;32;47;;;;;;;;;;;;True;False;False;True;;ok;17231.344206240123;15416.443899192034;15416.443899192034;15315.973072000552;225;15315.973072000552;2048.9656;1814.9003070480885;Evaluated;8.5733;2.4245;64;True;2;duplicate_for_same_parent_sequence
36;2;11;4;diversification;4;516731702712;move;;;42;35;;;;;;;;;;True;False;False;False;;ok;15688.624741300171;15416.443899192034;15416.443899192034;15315.973072000552;226;15315.973072000552;2059.9172;272.18084210813686;Evaluated;8.726;2.2245;64;True;2;duplicate_for_same_parent_sequence
36;2;11;5;diversification;4;516731702712;swap;3;7;;;;;;;;;;;;True;False;False;False;;ok;16732.623396842595;15416.443899192034;15416.443899192034;15315.973072000552;227;15315.973072000552;2070.79;1316.1794976505607;Evaluated;8.4485;2.4232;64;True;2;duplicate_for_same_parent_sequence
36;2;11;6;diversification;4;516731702712;move;;;50;32;;;;;;;;;;True;False;False;True;;ok;16967.49879507596;15416.443899192034;15416.443899192034;15315.973072000552;228;15315.973072000552;2078.5426;1551.0548958839263;Evaluated;5.3162;2.4328;64;True;1;
36;2;11;7;diversification;4;516731702712;move;;;40;25;;;;;;;;;;True;False;False;True;;ok;15437.120242247749;15416.443899192034;15416.443899192034;15315.973072000552;229;15315.973072000552;2085.9175;20.676343055714824;Evaluated;5.1413;2.2304;64;True;1;
36;2;11;8;diversification;4;516731702712;move;;;20;15;;;;;;;;;;True;False;False;False;;ok;16687.327824467466;15416.443899192034;15416.443899192034;15315.973072000552;230;15315.973072000552;2093.5629;1270.8839252754315;Evaluated;5.2133;2.429;64;True;1;
36;2;11;9;diversification;4;516731702712;move;;;26;30;;;;;;;;;;True;False;False;False;;ok;16448.196285732054;15416.443899192034;15416.443899192034;15315.973072000552;231;15315.973072000552;2101.1536;1031.7523865400199;Evaluated;5.1604;2.4277;64;True;1;
36;2;11;10;diversification;4;516731702712;move;;;45;30;;;;;;;;;;True;False;False;True;;ok;16983.213755328292;15416.443899192034;15416.443899192034;15315.973072000552;232;15315.973072000552;2112.3764;1566.7698561362577;Evaluated;8.7866;2.433;64;True;2;duplicate_for_same_parent_sequence
36;2;11;;diversification;5;;;;;;;;;;;;;;;;;;;;;End-of-iteration summary row;;;15416.443899192034;15315.973072000552;232;15315.973072000552;2112.3796;;IterationSummary;;;;;;
37;2;12;1;diversification;5;516731702712;move;;;8;15;;;;;;;;;;True;False;False;False;;ok;15638.838606755193;15416.443899192034;15416.443899192034;15315.973072000552;233;15315.973072000552;2120.1746;222.3947075631586;Evaluated;5.5538;2.2306;64;True;1;
37;2;12;2;diversification;5;516731702712;move;;;35;18;;;;;;;;;;True;False;False;True;;ok;17121.819581440526;15416.443899192034;15416.443899192034;15315.973072000552;234;15315.973072000552;2131.516;1705.375682248492;Evaluated;8.9066;2.4317;64;True;2;duplicate_for_same_parent_sequence
37;2;12;3;diversification;5;516731702712;swap;35;47;;;;;;;;;;;;True;False;False;True;;ok;15843.064700706951;15416.443899192034;15416.443899192034;15315.973072000552;235;15315.973072000552;2138.9364;426.6208015149168;Evaluated;5.188;2.2297;64;True;1;
37;2;12;4;diversification;5;516731702712;move;;;30;15;;;;;;;;;;True;False;False;True;;ok;17283.272989312478;15416.443899192034;15416.443899192034;15315.973072000552;236;15315.973072000552;2150.0691;1866.8290901204437;Evaluated;8.7043;2.4255;64;True;2;duplicate_for_same_parent_sequence
37;2;12;5;diversification;5;516731702712;move;;;26;4;;;;;;;;;;True;False;False;True;;ok;17361.98115911481;15416.443899192034;15416.443899192034;15315.973072000552;237;15315.973072000552;2164.6489;1945.5372599227758;Evaluated;12.153;2.4249;64;True;3;duplicate_for_same_parent_sequence
37;2;12;6;diversification;5;516731702712;move;;;35;10;;;;;;;;;;True;False;False;True;;ok;17285.815511501434;15416.443899192034;15416.443899192034;15315.973072000552;238;15315.973072000552;2172.5777;1869.3716123094;Evaluated;5.5003;2.4278;64;True;1;
37;2;12;7;diversification;5;516731702712;move;;;26;40;;;;;;;;;;True;False;False;True;;ok;16063.701275329027;15416.443899192034;15416.443899192034;15315.973072000552;239;15315.973072000552;2180.0713;647.2573761369931;Evaluated;5.2598;2.2302;64;True;1;
37;2;12;8;diversification;5;516731702712;move;;;20;30;;;;;;;;;;True;False;False;True;;ok;17152.743664961752;15416.443899192034;15416.443899192034;15315.973072000552;240;15315.973072000552;2191.3234;1736.2997657697179;Evaluated;8.8161;2.4333;64;True;2;duplicate_for_same_parent_sequence
37;2;12;9;diversification;5;516731702712;swap;18;40;;;;;;;;;;;;True;False;False;True;;ok;16749.29891435295;15416.443899192034;15416.443899192034;15315.973072000552;241;15315.973072000552;2202.3152;1332.8550151609143;Evaluated;8.5607;2.4296;64;True;2;duplicate_for_same_parent_sequence
37;2;12;10;diversification;5;516731702712;move;;;50;10;;;;;;;;;;True;False;False;True;;ok;17278.36488767971;15416.443899192034;15416.443899192034;15315.973072000552;242;15315.973072000552;2216.8829;1861.9209884876745;Evaluated;12.1353;2.4299;64;True;3;duplicate_for_same_parent_sequence
37;2;12;;diversification;6;;;;;;;;;;;;;;;;;;;;;End-of-iteration summary row;;;15416.443899192034;15315.973072000552;242;15315.973072000552;2216.8859;;IterationSummary;;;;;;
38;2;13;1;diversification;6;516731702712;move;;;5;20;;;;;;;;;;True;False;False;True;;ok;17095.723894028008;15416.443899192034;15416.443899192034;15315.973072000552;243;15315.973072000552;2225.0436;1679.2799948359734;Evaluated;5.7185;2.4279;64;True;1;
38;2;13;2;diversification;6;516731702712;reinsert_block;;;;;;;18;23;5;;;;;True;False;False;True;;ok;17285.39088298044;15416.443899192034;15416.443899192034;15315.973072000552;244;15315.973072000552;2233.1346;1868.9469837884044;Evaluated;5.6619;2.4262;64;True;1;
38;2;13;3;diversification;6;516731702712;swap;35;42;;;;;;;;;;;;True;False;False;False;;ok;15413.160813756856;15416.443899192034;15416.443899192034;15315.973072000552;245;15315.973072000552;2240.662;-3.2830854351777816;EvaluatedImprovementDespiteDiversificationMismatch;5.2984;2.2263;64;True;1;
38;2;13;4;diversification;6;516731702712;move;;;50;12;;;;;;;;;;True;False;False;True;;ok;17279.656040094793;15416.443899192034;15416.443899192034;15315.973072000552;246;15315.973072000552;2248.1221;1863.2121409027586;Evaluated;5.0251;2.4318;64;True;1;
38;2;13;5;diversification;6;516731702712;move;;;20;45;;;;;;;;;;True;False;False;True;;ok;17143.108072631578;15416.443899192034;15416.443899192034;15315.973072000552;247;15315.973072000552;2255.8606;1726.6641734395434;Evaluated;5.3067;2.4288;64;True;1;
38;2;13;6;diversification;6;516731702712;move;;;30;10;;;;;;;;;;True;False;False;True;;ok;17278.275442124985;15416.443899192034;15416.443899192034;15315.973072000552;248;15315.973072000552;2266.7104;1861.8315429329505;Evaluated;8.4201;2.4265;64;True;2;duplicate_for_same_parent_sequence
38;2;13;7;diversification;6;516731702712;move;;;45;30;;;;;;;;;;False;True;False;;;ok;;15416.443899192034;15416.443899192034;15315.973072000552;248;15315.973072000552;2278.644;;DuplicateForSameParentSequenceAfterRetries;11.9308;;;;3;duplicate_for_same_parent_sequence
38;2;13;8;diversification;6;516731702712;move;;;20;35;;;;;;;;;;True;False;False;True;;ok;17148.90059998602;15416.443899192034;15416.443899192034;15315.973072000552;249;15315.973072000552;2286.2756;1732.4567007939859;Evaluated;5.1961;2.4344;64;True;1;
38;2;13;9;diversification;6;516731702712;move;;;4;18;;;;;;;;;;True;False;False;True;;ok;17585.340085470896;15416.443899192034;15416.443899192034;15315.973072000552;250;15315.973072000552;2297.3259;2168.896186278862;Evaluated;8.6242;2.4237;64;True;2;duplicate_for_same_parent_sequence
38;2;13;10;diversification;6;516731702712;move;;;30;45;;;;;;;;;;True;False;False;True;;ok;15610.159023449345;15416.443899192034;15416.443899192034;15315.973072000552;251;15315.973072000552;2308.4961;193.7151242573109;Evaluated;8.9411;2.2255;64;True;2;duplicate_for_same_parent_sequence
38;2;13;;diversification;0;;;;;;;;;;;;;;;;;;;;;End-of-iteration summary row;;;15413.160813756856;15315.973072000552;251;15315.973072000552;2308.5118;;IterationSummary;;;;;;
39;2;14;1;normal;0;147b371e8d66;move;;;10;2;;;;;;;;;;True;False;False;False;;ok;15703.020895477583;15413.160813756856;15413.160813756856;15315.973072000552;252;15315.973072000552;2316.3903;289.86008172072616;Evaluated;5.6447;2.2248;64;True;1;
39;2;14;2;normal;0;147b371e8d66;swap;20;35;;;;;;;;;;;;True;False;False;True;;ok;16603.509138869613;15413.160813756856;15413.160813756856;15315.973072000552;253;15315.973072000552;2324.0469;1190.3483251127564;Evaluated;5.2224;2.431;64;True;1;
39;2;14;3;normal;0;147b371e8d66;reinsert_block;;;;;;;34;37;28;;;;;True;False;False;False;;ok;16758.046964942514;15413.160813756856;15413.160813756856;15315.973072000552;254;15315.973072000552;2332.2802;1344.8861511856576;Evaluated;5.7986;2.4313;64;True;1;
39;2;14;4;normal;0;147b371e8d66;move;;;50;48;;;;;;;;;;True;False;False;False;;ok;15419.764289337088;15413.160813756856;15413.160813756856;15315.973072000552;255;15315.973072000552;2339.6691;6.603475580232043;Evaluated;5.1509;2.2354;64;True;1;
39;2;14;5;normal;0;147b371e8d66;move;;;15;25;;;;;;;;;;True;False;False;True;;ok;17013.37677360362;15413.160813756856;15413.160813756856;15315.973072000552;256;15315.973072000552;2350.656;1600.2159598467642;Evaluated;8.5531;2.431;64;True;2;duplicate_for_same_parent_sequence
39;2;14;;normal;1;;;;;;;;;;;;;;;;;;;;;End-of-iteration summary row;;;15413.160813756856;15315.973072000552;256;15315.973072000552;2350.6572;;IterationSummary;;;;;;
40;2;15;1;normal;1;147b371e8d66;move;;;10;5;;;;;;;;;;True;False;False;False;;ok;17747.86841911481;15413.160813756856;15413.160813756856;15315.973072000552;257;15315.973072000552;2358.6772;2334.707605357953;Evaluated;5.5822;2.429;64;True;1;
40;2;15;2;normal;1;147b371e8d66;swap;18;25;;;;;;;;;;;;True;False;False;False;;ok;15413.160813756856;15413.160813756856;15413.160813756856;15315.973072000552;258;15315.973072000552;2369.6678;0.0;Evaluated;8.7571;2.2301;64;True;2;duplicate_for_same_parent_sequence
40;2;15;3;normal;1;147b371e8d66;move;;;30;15;;;;;;;;;;True;False;False;True;;ok;17284.665882508627;15413.160813756856;15413.160813756856;15315.973072000552;259;15315.973072000552;2381.1945;1871.5050687517705;Evaluated;9.0924;2.4313;64;True;2;duplicate_for_same_parent_sequence
40;2;15;4;normal;1;147b371e8d66;move;;;50;46;;;;;;;;;;True;False;False;False;;ok;15420.068850995804;15413.160813756856;15413.160813756856;15315.973072000552;260;15315.973072000552;2388.6129;6.908037238947145;Evaluated;5.1899;2.2256;64;True;1;
40;2;15;5;normal;1;147b371e8d66;move;;;40;25;;;;;;;;;;True;False;False;True;;ok;15346.82408657986;15413.160813756856;15413.160813756856;15315.973072000552;261;15315.973072000552;2395.9862;-66.33672717699665;Evaluated;5.1407;2.2295;64;True;1;
40;2;15;;normal;0;;;;;;;;;;;;;;;;;;;;;End-of-iteration summary row;;;15346.82408657986;15315.973072000552;261;15315.973072000552;2395.9973;;IterationSummary;;;;;;
41;2;16;1;normal;0;673d4367c9b7;move;;;10;5;;;;;;;;;;True;False;False;False;;ok;17747.4714610549;15346.82408657986;15346.82408657986;15315.973072000552;262;15315.973072000552;2404.0437;2400.647374475042;Evaluated;5.6114;2.4286;64;True;1;
41;2;16;2;normal;0;673d4367c9b7;swap;18;20;;;;;;;;;;;;True;False;False;False;;ok;16908.31390321833;15346.82408657986;15346.82408657986;15315.973072000552;263;15315.973072000552;2411.7735;1561.489816638472;Evaluated;5.2883;2.438;64;True;1;
41;2;16;3;normal;0;673d4367c9b7;reinsert_block;;;;;;;34;37;28;;;;;True;False;False;False;;ok;16858.017257603533;15346.82408657986;15346.82408657986;15315.973072000552;264;15315.973072000552;2419.7278;1511.1931710236731;Evaluated;5.5203;2.4312;64;True;1;
41;2;16;4;normal;0;673d4367c9b7;move;;;50;48;;;;;;;;;;True;False;False;False;;ok;15373.980621084458;15346.82408657986;15346.82408657986;15315.973072000552;265;15315.973072000552;2427.3968;27.156534504598312;Evaluated;5.4346;2.2317;64;True;1;
41;2;16;5;normal;0;673d4367c9b7;move;;;20;5;;;;;;;;;;True;False;False;True;;ok;17793.427973524635;15346.82408657986;15346.82408657986;15315.973072000552;266;15315.973072000552;2434.9483;2446.603886944775;Evaluated;5.123;2.426;64;True;1;
41;2;16;;normal;1;;;;;;;;;;;;;;;;;;;;;End-of-iteration summary row;;;15346.82408657986;15315.973072000552;266;15315.973072000552;2434.9511;;IterationSummary;;;;;;
42;2;17;1;normal;1;673d4367c9b7;move;;;8;3;;;;;;;;;;True;False;False;False;;ok;17456.251885292855;15346.82408657986;15346.82408657986;15315.973072000552;267;15315.973072000552;2446.7213;2109.4277987129954;Evaluated;9.3282;2.428;64;True;2;duplicate_for_same_parent_sequence
42;2;17;2;normal;1;673d4367c9b7;swap;20;25;;;;;;;;;;;;True;False;False;False;;ok;17295.519575584676;15346.82408657986;15346.82408657986;15315.973072000552;268;15315.973072000552;2454.6269;1948.6954890048164;Evaluated;5.4768;2.4262;64;True;1;
42;2;17;3;normal;1;673d4367c9b7;move;;;30;15;;;;;;;;;;True;False;False;True;;ok;18075.06578332136;15346.82408657986;15346.82408657986;15315.973072000552;269;15315.973072000552;2466.1828;2728.2416967414993;Evaluated;8.9226;2.6326;64;True;2;duplicate_for_same_parent_sequence
42;2;17;4;normal;1;673d4367c9b7;move;;;30;25;;;;;;;;;;True;False;False;False;;ok;17627.126925214317;15346.82408657986;15346.82408657986;15315.973072000552;270;15315.973072000552;2474.0336;2280.3028386344577;Evaluated;5.4242;2.4259;64;True;1;
42;2;17;5;normal;1;673d4367c9b7;move;;;25;10;;;;;;;;;;True;False;False;True;;ok;17280.534210367936;15346.82408657986;15346.82408657986;15315.973072000552;271;15315.973072000552;2481.5361;1933.710123788076;Evaluated;5.0737;2.4262;64;True;1;
42;2;17;;normal;2;;;;;;;;;;;;;;;;;;;;;End-of-iteration summary row;;;15346.82408657986;15315.973072000552;271;15315.973072000552;2481.5392;;IterationSummary;;;;;;
43;2;18;1;normal;2;673d4367c9b7;move;;;8;3;;;;;;;;;;False;True;False;;;ok;;15346.82408657986;15346.82408657986;15315.973072000552;271;15315.973072000552;2494.0445;;DuplicateForSameParentSequenceAfterRetries;12.4916;;;;3;duplicate_for_same_parent_sequence
43;2;18;2;normal;2;673d4367c9b7;swap;25;30;;;;;;;;;;;;True;False;False;False;;ok;17414.60980715847;15346.82408657986;15346.82408657986;15315.973072000552;272;15315.973072000552;2505.3437;2067.7857205786113;Evaluated;8.8701;2.4281;64;True;2;duplicate_for_same_parent_sequence
43;2;18;3;normal;2;673d4367c9b7;move;;;40;25;;;;;;;;;;True;False;False;True;;ok;16487.405212196158;15346.82408657986;15346.82408657986;15315.973072000552;273;15315.973072000552;2516.7377;1140.5811256162979;Evaluated;8.9691;2.4241;64;True;2;duplicate_for_same_parent_sequence
43;2;18;4;normal;2;673d4367c9b7;move;;;30;20;;;;;;;;;;True;False;False;True;;ok;16486.05233610096;15346.82408657986;15346.82408657986;15315.973072000552;274;15315.973072000552;2527.7898;1139.2282495210984;Evaluated;8.6209;2.43;64;True;2;duplicate_for_same_parent_sequence
43;2;18;5;normal;2;673d4367c9b7;move;;;50;2;;;;;;;;;;True;False;False;True;;ok;15658.831522392999;15346.82408657986;15346.82408657986;15315.973072000552;275;15315.973072000552;2535.1005;312.0074358131387;Evaluated;5.0864;2.2234;64;True;1;
43;2;18;;normal;3;;;;;;;;;;;;;;;;;;;;;End-of-iteration summary row;;;15346.82408657986;15315.973072000552;275;15315.973072000552;2535.1036;;IterationSummary;;;;;;
44;2;19;1;diversification;3;673d4367c9b7;move;;;10;3;;;;;;;;;;True;False;False;False;;ok;17446.76147811104;15346.82408657986;15346.82408657986;15315.973072000552;276;15315.973072000552;2543.3929;2099.937391531179;Evaluated;5.8524;2.4226;64;True;1;
44;2;19;2;diversification;3;673d4367c9b7;reinsert_block;;;;;;;18;24;5;;;;;True;False;False;True;;ok;17280.82056035937;15346.82408657986;15346.82408657986;15315.973072000552;277;15315.973072000552;2551.2757;1933.9964737795108;Evaluated;5.456;2.4262;64;True;1;
44;2;19;3;diversification;3;673d4367c9b7;swap;35;40;;;;;;;;;;;;True;False;False;False;;ok;15778.097580603087;15346.82408657986;15346.82408657986;15315.973072000552;278;15315.973072000552;2558.7678;431.2734940232276;Evaluated;5.2565;2.232;64;True;1;
44;2;19;4;diversification;3;673d4367c9b7;move;;;62;3;;;;;;;;;;True;False;False;True;;ok;17103.20079709275;15346.82408657986;15346.82408657986;15315.973072000552;279;15315.973072000552;2569.9565;1756.3767105128918;Evaluated;8.7629;2.4251;64;True;2;duplicate_for_same_parent_sequence
44;2;19;5;diversification;3;673d4367c9b7;move;;;20;15;;;;;;;;;;True;False;False;False;;ok;16683.140221142174;15346.82408657986;15346.82408657986;15315.973072000552;280;15315.973072000552;2577.6033;1336.316134562314;Evaluated;5.2104;2.4331;64;True;1;
44;2;19;6;diversification;3;673d4367c9b7;move;;;50;32;;;;;;;;;;True;False;False;True;;ok;16636.81549605332;15346.82408657986;15346.82408657986;15315.973072000552;281;15315.973072000552;2585.3381;1289.9914094734613;Evaluated;5.3079;2.4263;64;True;1;
44;2;19;7;diversification;3;673d4367c9b7;move;;;50;10;;;;;;;;;;True;False;False;True;;ok;17275.775873755738;15346.82408657986;15346.82408657986;15315.973072000552;282;15315.973072000552;2592.9596;1928.951787175878;Evaluated;5.1901;2.4285;64;True;1;
44;2;19;8;diversification;3;673d4367c9b7;move;;;8;15;;;;;;;;;;True;False;False;False;;ok;15377.666156088593;15346.82408657986;15346.82408657986;15315.973072000552;283;15315.973072000552;2600.3438;30.842069508733402;Evaluated;5.151;2.2306;64;True;1;
44;2;19;9;diversification;3;673d4367c9b7;move;;;28;35;;;;;;;;;;True;False;False;False;;ok;16521.986907216524;15346.82408657986;15346.82408657986;15315.973072000552;284;15315.973072000552;2607.9997;1175.162820636664;Evaluated;5.2255;2.4274;64;True;1;
44;2;19;10;diversification;3;673d4367c9b7;move;;;45;3;;;;;;;;;;True;False;False;True;;ok;17001.03108865399;15346.82408657986;15346.82408657986;15315.973072000552;285;15315.973072000552;2619.1417;1654.2070020741285;Evaluated;8.7111;2.428;64;True;2;duplicate_for_same_parent_sequence
44;2;19;;diversification;4;;;;;;;;;;;;;;;;;;;;;End-of-iteration summary row;;;15346.82408657986;15315.973072000552;285;15315.973072000552;2619.145;;IterationSummary;;;;;;
45;2;20;1;diversification;4;673d4367c9b7;move;;;30;10;;;;;;;;;;True;False;False;True;;ok;16740.55881112996;15346.82408657986;15346.82408657986;15315.973072000552;286;15315.973072000552;2630.7146;1393.7347245500987;Evaluated;9.1247;2.4298;64;True;2;duplicate_for_same_parent_sequence
45;2;20;2;diversification;4;673d4367c9b7;reinsert_block;;;;;;;20;24;5;;;;;True;False;False;True;;ok;17766.76525173237;15346.82408657986;15346.82408657986;15315.973072000552;287;15315.973072000552;2638.9682;2419.9411651525097;Evaluated;5.8213;2.4299;64;True;1;
45;2;20;3;diversification;4;673d4367c9b7;swap;40;52;;;;;;;;;;;;True;False;False;True;;ok;16977.884971936935;15346.82408657986;15346.82408657986;15315.973072000552;288;15315.973072000552;2646.7197;1631.0608853570757;Evaluated;5.3205;2.4266;64;True;1;
45;2;20;4;diversification;4;673d4367c9b7;move;;;48;10;;;;;;;;;;True;False;False;True;;ok;16037.791341564387;15346.82408657986;15346.82408657986;15315.973072000552;289;15315.973072000552;2657.9133;690.9672549845272;Evaluated;8.9655;2.2256;64;True;2;duplicate_for_same_parent_sequence
45;2;20;5;diversification;4;673d4367c9b7;move;;;18;5;;;;;;;;;;True;False;False;True;;ok;17338.452762903686;15346.82408657986;15346.82408657986;15315.973072000552;290;15315.973072000552;2668.9047;1991.6286763238259;Evaluated;8.554;2.4337;64;True;2;duplicate_for_same_parent_sequence
45;2;20;6;diversification;4;673d4367c9b7;move;;;30;18;;;;;;;;;;True;False;False;True;;ok;17850.363091187697;15346.82408657986;15346.82408657986;15315.973072000552;291;15315.973072000552;2679.9431;2503.5390046078373;Evaluated;8.6075;2.4278;64;True;2;duplicate_for_same_parent_sequence
45;2;20;7;diversification;4;673d4367c9b7;move;;;40;15;;;;;;;;;;True;False;False;True;;ok;15821.602786741178;15346.82408657986;15346.82408657986;15315.973072000552;292;15315.973072000552;2687.4652;474.77870016131783;Evaluated;5.2971;2.2219;64;True;1;
45;2;20;8;diversification;4;673d4367c9b7;move;;;30;40;;;;;;;;;;True;False;False;True;;ok;16182.767651246357;15346.82408657986;15346.82408657986;15315.973072000552;293;15315.973072000552;2698.8641;835.943564666497;Evaluated;8.9742;2.4241;64;True;2;duplicate_for_same_parent_sequence
45;2;20;9;diversification;4;673d4367c9b7;move;;;25;10;;;;;;;;;;False;True;True;;;ok;;15346.82408657986;15346.82408657986;15315.973072000552;293;15315.973072000552;2710.9009;;DuplicateForSameParentSequenceAfterRetries;12.0339;;;;3;duplicate_for_same_parent_sequence
45;2;20;10;diversification;4;673d4367c9b7;move;;;50;12;;;;;;;;;;True;False;False;True;;ok;17279.364638372143;15346.82408657986;15346.82408657986;15315.973072000552;294;15315.973072000552;2718.6809;1932.5405517922827;Evaluated;5.3511;2.428;64;True;1;
45;2;20;;diversification;5;;;;;;;;;;;;;;;;;;;;;End-of-iteration summary row;;;15346.82408657986;15315.973072000552;294;15315.973072000552;2718.6816;;IterationSummary;;;;;;
46;2;21;1;diversification;5;673d4367c9b7;move;;;20;3;;;;;;;;;;True;False;False;True;;ok;17053.41083136822;15346.82408657986;15346.82408657986;15315.973072000552;295;15315.973072000552;2733.8529;1706.5867447883593;Evaluated;12.7314;2.4343;64;True;3;duplicate_for_same_parent_sequence
46;2;21;2;diversification;5;673d4367c9b7;reinsert_block;;;;;;;25;29;15;;;;;True;False;False;True;;ok;16991.964327356858;15346.82408657986;15346.82408657986;15315.973072000552;296;15315.973072000552;2748.9956;1645.1402407769983;Evaluated;12.7157;2.4254;64;True;3;duplicate_for_same_parent_sequence
46;2;21;3;diversification;5;673d4367c9b7;swap;35;42;;;;;;;;;;;;True;False;False;False;;ok;15443.014568473858;15346.82408657986;15346.82408657986;15315.973072000552;297;15315.973072000552;2756.3481;96.19048189399837;Evaluated;5.1239;2.2255;64;True;1;
46;2;21;4;diversification;5;673d4367c9b7;move;;;50;18;;;;;;;;;;True;False;False;True;;ok;16433.452053897156;15346.82408657986;15346.82408657986;15315.973072000552;298;15315.973072000552;2763.9255;1086.6279673172958;Evaluated;5.1433;2.4309;64;True;1;
46;2;21;5;diversification;5;673d4367c9b7;move;;;20;10;;;;;;;;;;True;False;False;True;;ok;17717.2791888768;15346.82408657986;15346.82408657986;15315.973072000552;299;15315.973072000552;2778.4659;2370.455102296941;Evaluated;12.1077;2.4303;64;True;3;duplicate_for_same_parent_sequence
46;2;21;6;diversification;5;673d4367c9b7;move;;;45;32;;;;;;;;;;True;False;False;True;;ok;16718.841908044233;15346.82408657986;15346.82408657986;15315.973072000552;300;15315.973072000552;2786.2741;1372.017821464373;Evaluated;5.3778;2.4277;64;True;1;
46;2;21;7;diversification;5;673d4367c9b7;move;;;38;10;;;;;;;;;;True;False;False;True;;ok;17979.829047309217;15346.82408657986;15346.82408657986;15315.973072000552;301;15315.973072000552;2797.2682;2633.0049607293568;Evaluated;8.5649;2.4267;64;True;2;duplicate_for_same_parent_sequence
46;2;21;8;diversification;5;673d4367c9b7;move;;;35;20;;;;;;;;;;True;False;False;True;;ok;17003.939133441403;15346.82408657986;15346.82408657986;15315.973072000552;302;15315.973072000552;2808.1143;1657.1150468615433;Evaluated;8.4085;2.4345;64;True;2;duplicate_for_same_parent_sequence
46;2;21;9;diversification;5;673d4367c9b7;move;;;35;18;;;;;;;;;;True;False;False;True;;ok;16907.818390921493;15346.82408657986;15346.82408657986;15315.973072000552;303;15315.973072000552;2819.0981;1560.9943043416333;Evaluated;8.557;2.4243;64;True;2;duplicate_for_same_parent_sequence
46;2;21;10;diversification;5;673d4367c9b7;move;;;45;30;;;;;;;;;;True;False;False;True;;ok;17075.215895579735;15346.82408657986;15346.82408657986;15315.973072000552;304;15315.973072000552;2826.7016;1728.3918089998751;Evaluated;5.1719;2.4285;64;True;1;
46;2;21;;diversification;6;;;;;;;;;;;;;;;;;;;;;End-of-iteration summary row;;;15346.82408657986;15315.973072000552;304;15315.973072000552;2826.7043;;IterationSummary;;;;;;
47;2;22;1;diversification;6;673d4367c9b7;move;;;10;25;;;;;;;;;;True;False;False;True;;ok;16860.893216756893;15346.82408657986;15346.82408657986;15315.973072000552;305;15315.973072000552;2834.8988;1514.069130177033;Evaluated;5.7565;2.4278;64;True;1;
47;2;22;2;diversification;6;673d4367c9b7;reinsert_block;;;;;;;18;24;35;;;;;True;False;False;True;;ok;17068.811860672802;15346.82408657986;15346.82408657986;15315.973072000552;306;15315.973072000552;2842.9719;1721.9877740929423;Evaluated;5.644;2.4263;64;True;1;
47;2;22;3;diversification;6;673d4367c9b7;swap;34;42;;;;;;;;;;;;True;False;False;False;;ok;15716.581351431505;15346.82408657986;15346.82408657986;15315.973072000552;307;15315.973072000552;2850.4834;369.75726485164523;Evaluated;5.2858;2.2232;64;True;1;
47;2;22;4;diversification;6;673d4367c9b7;move;;;50;3;;;;;;;;;;True;False;False;True;;ok;17447.643653761348;15346.82408657986;15346.82408657986;15315.973072000552;308;15315.973072000552;2858.1844;2100.8195671814883;Evaluated;5.2713;2.427;64;True;1;
47;2;22;5;diversification;6;673d4367c9b7;swap;15;20;;;;;;;;;;;;True;False;False;False;;ok;16983.321223976334;15346.82408657986;15346.82408657986;15315.973072000552;309;15315.973072000552;2869.5034;1636.4971373964745;Evaluated;8.891;2.4255;64;True;2;duplicate_for_same_parent_sequence
47;2;22;6;diversification;6;673d4367c9b7;swap;38;45;;;;;;;;;;;;True;False;False;False;;ok;15346.82408657986;15346.82408657986;15346.82408657986;15315.973072000552;310;15315.973072000552;2880.4673;0.0;Evaluated;8.7388;2.2244;64;True;2;duplicate_for_same_parent_sequence
47;2;22;7;diversification;6;673d4367c9b7;move;;;15;30;;;;;;;;;;True;False;False;True;;ok;16492.33371230965;15346.82408657986;15346.82408657986;15315.973072000552;311;15315.973072000552;2895.0803;1145.50962572979;Evaluated;12.1824;2.4275;64;True;3;duplicate_for_same_parent_sequence
47;2;22;8;diversification;6;673d4367c9b7;reinsert_block;;;;;;;8;14;30;;;;;True;False;False;True;;ok;17347.67962380925;15346.82408657986;15346.82408657986;15315.973072000552;312;15315.973072000552;2906.4742;2000.8555372293904;Evaluated;8.9629;2.4282;64;True;2;duplicate_for_same_parent_sequence
47;2;22;9;diversification;6;673d4367c9b7;move;;;25;30;;;;;;;;;;True;False;False;False;;ok;16374.743124348517;15346.82408657986;15346.82408657986;15315.973072000552;313;15315.973072000552;2920.9622;1027.9190377686573;Evaluated;12.0543;2.4302;64;True;3;duplicate_for_same_parent_sequence
47;2;22;10;diversification;6;673d4367c9b7;move;;;48;30;;;;;;;;;;True;False;False;True;;ok;16639.585403314824;15346.82408657986;15346.82408657986;15315.973072000552;314;15315.973072000552;2932.1929;1292.7613167349646;Evaluated;8.7964;2.4305;64;True;2;duplicate_for_same_parent_sequence
47;2;22;;diversification;7;;;;;;;;;;;;;;;;;;;;;End-of-iteration summary row;;;15346.82408657986;15315.973072000552;314;15315.973072000552;2932.1958;;IterationSummary;;;;;;
48;2;23;1;diversification;7;673d4367c9b7;move;;;8;30;;;;;;;;;;True;False;False;True;;ok;15478.013591145409;15346.82408657986;15346.82408657986;15315.973072000552;315;15315.973072000552;2943.5485;131.1895045655492;Evaluated;9.1117;2.2254;64;True;2;duplicate_for_same_parent_sequence
48;2;23;2;diversification;7;673d4367c9b7;reinsert_block;;;;;;;18;24;35;;;;;False;True;False;;;ok;;15346.82408657986;15346.82408657986;15315.973072000552;315;15315.973072000552;2956.663;;DuplicateForSameParentSequenceAfterRetries;13.1109;;;;3;duplicate_for_same_parent_sequence
48;2;23;3;diversification;7;673d4367c9b7;move;;;32;48;;;;;;;;;;True;False;False;True;;ok;16002.837634922842;15346.82408657986;15346.82408657986;15315.973072000552;316;15315.973072000552;2971.0035;656.0135483429822;Evaluated;12.1129;2.2266;64;True;3;duplicate_for_same_parent_sequence
48;2;23;4;diversification;7;673d4367c9b7;move;;;60;48;;;;;;;;;;True;False;False;True;;ok;15736.925655977413;15346.82408657986;15346.82408657986;15315.973072000552;317;15315.973072000552;2982.054;390.10156939755325;Evaluated;8.8185;2.2289;64;True;2;duplicate_for_same_parent_sequence
48;2;23;5;diversification;7;673d4367c9b7;move;;;40;5;;;;;;;;;;True;False;False;True;;ok;15818.423358898708;15346.82408657986;15346.82408657986;15315.973072000552;318;15315.973072000552;2993.2143;471.5992723188483;Evaluated;8.9273;2.2299;64;True;2;duplicate_for_same_parent_sequence
48;2;23;6;diversification;7;673d4367c9b7;move;;;40;10;;;;;;;;;;True;False;False;True;;ok;15809.966389899206;15346.82408657986;15346.82408657986;15315.973072000552;319;15315.973072000552;3007.562;463.14230331934596;Evaluated;12.1183;2.2266;64;True;3;duplicate_for_same_parent_sequence
48;2;23;7;diversification;7;673d4367c9b7;move;;;18;35;;;;;;;;;;True;False;False;True;;ok;16446.010085964826;15346.82408657986;15346.82408657986;15315.973072000552;320;15315.973072000552;3018.6034;1099.1859993849666;Evaluated;8.6136;2.4252;64;True;2;duplicate_for_same_parent_sequence
48;2;23;8;diversification;7;673d4367c9b7;move;;;8;25;;;;;;;;;;True;False;False;True;;ok;16486.167364445308;15346.82408657986;15346.82408657986;15315.973072000552;321;15315.973072000552;3026.4135;1139.3432778654478;Evaluated;5.3784;2.4289;64;True;1;
48;2;23;9;diversification;7;673d4367c9b7;move;;;28;10;;;;;;;;;;True;False;False;True;;ok;17349.567497585922;15346.82408657986;15346.82408657986;15315.973072000552;322;15315.973072000552;3034.2785;2002.7434110060622;Evaluated;5.434;2.4285;64;True;1;
48;2;23;10;diversification;7;673d4367c9b7;move;;;52;3;;;;;;;;;;True;False;False;True;;ok;17521.444238993503;15346.82408657986;15346.82408657986;15315.973072000552;323;15315.973072000552;3048.7334;2174.620152413643;Evaluated;12.0226;2.4289;64;True;3;duplicate_for_same_parent_sequence
48;2;23;;diversification;8;;;;;;;;;;;;;;;;;;;;;End-of-iteration summary row;;;15346.82408657986;15315.973072000552;323;15315.973072000552;3048.7376;;IterationSummary;;;;;;
49;2;24;1;diversification;8;673d4367c9b7;move;;;4;20;;;;;;;;;;True;False;False;True;;ok;17392.04249619653;15346.82408657986;15346.82408657986;15315.973072000552;324;15315.973072000552;3063.3656;2045.2184096166693;Evaluated;12.1905;2.426;64;True;3;duplicate_for_same_parent_sequence
49;2;24;2;diversification;8;673d4367c9b7;reinsert_block;;;;;;;20;24;35;;;;;True;False;False;True;;ok;16945.694052986702;15346.82408657986;15346.82408657986;15315.973072000552;325;15315.973072000552;3071.3409;1598.8699664068427;Evaluated;5.55;2.4246;64;True;1;
49;2;24;3;diversification;8;673d4367c9b7;swap;38;42;;;;;;;;;;;;True;False;False;False;;ok;15778.327834433047;15346.82408657986;15346.82408657986;15315.973072000552;326;15315.973072000552;3078.8102;431.5037478531867;Evaluated;5.2364;2.2304;64;True;1;
49;2;24;4;diversification;8;673d4367c9b7;move;;;60;10;;;;;;;;;;True;False;False;True;;ok;17823.297291803265;15346.82408657986;15346.82408657986;15315.973072000552;327;15315.973072000552;3089.9947;2476.473205223405;Evaluated;8.7536;2.4284;64;True;2;duplicate_for_same_parent_sequence
49;2;24;5;diversification;8;673d4367c9b7;move;;;25;40;;;;;;;;;;True;False;False;True;;ok;15413.160813756856;15346.82408657986;15346.82408657986;15315.973072000552;328;15315.973072000552;3101.1446;66.33672717699665;Evaluated;8.9198;2.2271;64;True;2;duplicate_for_same_parent_sequence
49;2;24;6;diversification;8;673d4367c9b7;move;;;32;5;;;;;;;;;;True;False;False;True;;ok;15377.187294710859;15346.82408657986;15346.82408657986;15315.973072000552;329;15315.973072000552;3115.3054;30.363208130998828;Evaluated;11.925;2.2331;64;True;3;duplicate_for_same_parent_sequence
49;2;24;7;diversification;8;673d4367c9b7;move;;;30;5;;;;;;;;;;True;False;False;True;;ok;16219.448529213134;15346.82408657986;15346.82408657986;15315.973072000552;330;15315.973072000552;3126.3112;872.6244426332742;Evaluated;8.5692;2.4335;64;True;2;duplicate_for_same_parent_sequence
49;2;24;8;diversification;8;673d4367c9b7;move;;;10;2;;;;;;;;;;True;False;False;False;;ok;16773.56218116039;15346.82408657986;15346.82408657986;15315.973072000552;331;15315.973072000552;3133.9576;1426.738094580529;Evaluated;5.2143;2.4289;64;True;1;
49;2;24;9;diversification;8;673d4367c9b7;move;;;30;8;;;;;;;;;;True;False;False;True;;ok;17671.10566528432;15346.82408657986;15346.82408657986;15315.973072000552;332;15315.973072000552;3145.0618;2324.281578704462;Evaluated;8.6753;2.425;64;True;2;duplicate_for_same_parent_sequence
49;2;24;10;diversification;8;673d4367c9b7;move;;;45;2;;;;;;;;;;True;False;False;True;;ok;15730.753490484116;15346.82408657986;15346.82408657986;15315.973072000552;333;15315.973072000552;3155.9231;383.9294039042561;Evaluated;8.6319;2.2268;64;True;2;duplicate_for_same_parent_sequence
49;2;24;;diversification;9;;;;;;;;;;;;;;;;;;;;;End-of-iteration summary row;;;15346.82408657986;15315.973072000552;333;15315.973072000552;3155.9267;;IterationSummary;;;;;;
50;2;25;1;diversification;9;673d4367c9b7;move;;;15;30;;;;;;;;;;False;True;False;;;ok;;15346.82408657986;15346.82408657986;15315.973072000552;333;15315.973072000552;3168.6729;;DuplicateForSameParentSequenceAfterRetries;12.731;;;;3;duplicate_for_same_parent_sequence
50;2;25;2;diversification;9;673d4367c9b7;reinsert_block;;;;;;;18;25;35;;;;;True;False;False;True;;ok;16432.779522051707;15346.82408657986;15346.82408657986;15315.973072000552;334;15315.973072000552;3176.678;1085.9554354718475;Evaluated;5.5768;2.4272;64;True;1;
50;2;25;3;diversification;9;673d4367c9b7;swap;36;40;;;;;;;;;;;;True;False;False;False;;ok;15790.73256519494;15346.82408657986;15346.82408657986;15315.973072000552;335;15315.973072000552;3187.5682;443.90847861507973;Evaluated;8.6543;2.2326;64;True;2;duplicate_for_same_parent_sequence
50;2;25;4;diversification;9;673d4367c9b7;move;;;50;30;;;;;;;;;;True;False;False;True;;ok;16486.11354190345;15346.82408657986;15346.82408657986;15315.973072000552;336;15315.973072000552;3195.359;1139.289455323591;Evaluated;5.3637;2.4235;64;True;1;
50;2;25;5;diversification;9;673d4367c9b7;swap;3;6;;;;;;;;;;;;True;False;False;False;;ok;17752.161347875346;15346.82408657986;15346.82408657986;15315.973072000552;337;15315.973072000552;3206.2596;2405.3372612954863;Evaluated;8.4685;2.429;64;True;2;duplicate_for_same_parent_sequence
50;2;25;6;diversification;9;673d4367c9b7;move;;;35;10;;;;;;;;;;True;False;False;True;;ok;17285.80785677696;15346.82408657986;15346.82408657986;15315.973072000552;338;15315.973072000552;3220.8758;1938.9837701970991;Evaluated;12.1858;2.4273;64;True;3;duplicate_for_same_parent_sequence
50;2;25;7;diversification;9;673d4367c9b7;move;;;20;35;;;;;;;;;;True;False;False;True;;ok;16886.26209529406;15346.82408657986;15346.82408657986;15315.973072000552;339;15315.973072000552;3231.9345;1539.4380087142;Evaluated;8.6273;2.4284;64;True;2;duplicate_for_same_parent_sequence
50;2;25;8;diversification;9;673d4367c9b7;move;;;20;30;;;;;;;;;;True;False;False;True;;ok;17158.32596885973;15346.82408657986;15346.82408657986;15315.973072000552;340;15315.973072000552;3242.9322;1811.501882279872;Evaluated;8.5661;2.4287;64;True;2;duplicate_for_same_parent_sequence
50;2;25;9;diversification;9;673d4367c9b7;swap;30;40;;;;;;;;;;;;True;False;False;False;;ok;16208.610008913052;15346.82408657986;15346.82408657986;15315.973072000552;341;15315.973072000552;3254.0387;861.7859223331925;Evaluated;8.6709;2.4328;64;True;2;duplicate_for_same_parent_sequence
50;2;25;10;diversification;9;673d4367c9b7;move;;;10;30;;;;;;;;;;True;False;False;True;;ok;16512.296605926847;15346.82408657986;15346.82408657986;15315.973072000552;342;15315.973072000552;3265.5337;1165.4725193469876;Evaluated;9.0583;2.4334;64;True;2;duplicate_for_same_parent_sequence
50;3;0;;diversification;0;;;;;;;;;;;;;;;;;;;;;End-of-iteration summary row;;;16641.404845676683;15315.973072000552;343;15315.973072000552;3267.9763;;IterationSummary;;;;;;
51;3;1;1;normal;0;0f63cf6f404e;move;;;5;10;;;;;;;;;;True;False;False;False;;ok;17532.182049666284;16641.404845676683;16641.404845676683;15315.973072000552;344;15315.973072000552;3275.6536;890.7772039896008;Evaluated;5.243;2.4281;64;True;1;
51;3;1;2;normal;0;0f63cf6f404e;swap;18;20;;;;;;;;;;;;True;False;False;False;;ok;17394.129398115478;16641.404845676683;16641.404845676683;15315.973072000552;345;15315.973072000552;3283.2083;752.7245524387945;Evaluated;5.1245;2.427;64;True;1;
51;3;1;3;normal;0;0f63cf6f404e;reinsert_block;;;;;;;35;40;25;;;;;True;False;False;True;;ok;16547.417809039507;16641.404845676683;16641.404845676683;15315.973072000552;346;15315.973072000552;3291.1677;-93.98703663717606;Evaluated;5.5274;2.4288;64;True;1;
51;3;1;4;normal;0;0f63cf6f404e;move;;;50;30;;;;;;;;;;True;False;False;True;;ok;16546.07393054124;16641.404845676683;16641.404845676683;15315.973072000552;347;15315.973072000552;3298.5767;-95.33091513544423;Evaluated;4.9836;2.4248;64;True;1;
51;3;1;5;normal;0;0f63cf6f404e;move;;;10;25;;;;;;;;;;True;False;False;True;;ok;17158.06740219435;16641.404845676683;16641.404845676683;15315.973072000552;348;15315.973072000552;3305.7649;516.6625565176655;Evaluated;4.7521;2.4335;64;True;1;
51;3;1;;normal;0;;;;;;;;;;;;;;;;;;;;;End-of-iteration summary row;;;16546.07393054124;15315.973072000552;348;15315.973072000552;3305.7706;;IterationSummary;;;;;;
52;3;2;1;normal;0;34674d3dd0f9;move;;;10;5;;;;;;;;;;True;False;False;False;;ok;16543.026537765483;16546.07393054124;16546.07393054124;15315.973072000552;349;15315.973072000552;3313.6937;-3.047392775755725;Evaluated;5.4798;2.436;64;True;1;
52;3;2;2;normal;0;34674d3dd0f9;swap;20;35;;;;;;;;;;;;True;False;False;True;;ok;16897.01192648225;16546.07393054124;16546.07393054124;15315.973072000552;350;15315.973072000552;3321.2745;350.93799594101074;Evaluated;5.1504;2.4274;64;True;1;
52;3;2;3;normal;0;34674d3dd0f9;reinsert_block;;;;;;;35;40;20;;;;;True;False;False;True;;ok;16984.35090949823;16546.07393054124;16546.07393054124;15315.973072000552;351;15315.973072000552;3329.5004;438.2769789569902;Evaluated;5.8008;2.424;64;True;1;
52;3;2;4;normal;0;34674d3dd0f9;move;;;48;50;;;;;;;;;;True;False;False;False;;ok;16535.847956934587;16546.07393054124;16546.07393054124;15315.973072000552;352;15315.973072000552;3337.2957;-10.225973606651678;Evaluated;5.363;2.4288;64;True;1;
52;3;2;5;normal;0;34674d3dd0f9;move;;;40;25;;;;;;;;;;True;False;False;True;;ok;16534.8030106534;16546.07393054124;16546.07393054124;15315.973072000552;353;15315.973072000552;3344.8301;-11.270919887840137;Evaluated;5.1008;2.431;64;True;1;
52;3;2;;normal;0;;;;;;;;;;;;;;;;;;;;;End-of-iteration summary row;;;16534.8030106534;15315.973072000552;353;15315.973072000552;3344.8451;;IterationSummary;;;;;;
53;3;3;1;normal;0;4e19f2aeace0;move;;;10;5;;;;;;;;;;True;False;False;False;;ok;16613.77809413006;16534.8030106534;16534.8030106534;15315.973072000552;354;15315.973072000552;3352.7303;78.97508347666007;Evaluated;5.4484;2.4317;64;True;1;
53;3;3;2;normal;0;4e19f2aeace0;swap;25;30;;;;;;;;;;;;True;False;False;False;;ok;16547.003279657925;16534.8030106534;16534.8030106534;15315.973072000552;355;15315.973072000552;3360.4023;12.20026900452649;Evaluated;5.2372;2.4318;64;True;1;
53;3;3;3;normal;0;4e19f2aeace0;reinsert_block;;;;;;;35;40;25;;;;;True;False;False;True;;ok;16546.46162815232;16534.8030106534;16534.8030106534;15315.973072000552;356;15315.973072000552;3368.3489;11.658617498920648;Evaluated;5.5157;2.4279;64;True;1;
53;3;3;4;normal;0;4e19f2aeace0;move;;;50;30;;;;;;;;;;True;False;False;True;;ok;16723.160150386015;16534.8030106534;16534.8030106534;15315.973072000552;357;15315.973072000552;3375.8114;188.3571397326159;Evaluated;5.0345;2.4251;64;True;1;
53;3;3;5;normal;0;4e19f2aeace0;move;;;60;5;;;;;;;;;;True;False;False;True;;ok;17816.24223755145;16534.8030106534;16534.8030106534;15315.973072000552;358;15315.973072000552;3383.3709;1281.4392268980519;Evaluated;5.1292;2.4276;64;True;1;
53;3;3;;normal;1;;;;;;;;;;;;;;;;;;;;;End-of-iteration summary row;;;16534.8030106534;15315.973072000552;358;15315.973072000552;3383.3744;;IterationSummary;;;;;;
54;3;4;1;normal;1;4e19f2aeace0;move;;;5;10;;;;;;;;;;True;False;False;False;;ok;17435.159937610937;16534.8030106534;16534.8030106534;15315.973072000552;359;15315.973072000552;3391.2312;900.3569269575382;Evaluated;5.4202;2.4273;64;True;1;
54;3;4;2;normal;1;4e19f2aeace0;swap;18;20;;;;;;;;;;;;True;False;False;False;;ok;16933.926024825625;16534.8030106534;16534.8030106534;15315.973072000552;360;15315.973072000552;3398.8414;399.12301417222625;Evaluated;5.1858;2.4228;64;True;1;
54;3;4;3;normal;1;4e19f2aeace0;reinsert_block;;;;;;;35;40;28;;;;;True;False;False;False;;ok;16728.179187534617;16534.8030106534;16534.8030106534;15315.973072000552;361;15315.973072000552;3406.7659;193.37617688121827;Evaluated;5.4921;2.4318;64;True;1;
54;3;4;4;normal;1;4e19f2aeace0;move;;;50;45;;;;;;;;;;True;False;False;False;;ok;16528.114287500226;16534.8030106534;16534.8030106534;15315.973072000552;362;15315.973072000552;3414.4039;-6.688723153172759;Evaluated;5.2078;2.4276;64;True;1;
54;3;4;5;normal;1;4e19f2aeace0;move;;;40;25;;;;;;;;;;True;False;False;True;;ok;16719.165010477605;16534.8030106534;16534.8030106534;15315.973072000552;363;15315.973072000552;3421.979;184.36199982420658;Evaluated;5.1476;2.4246;64;True;1;
54;3;4;;normal;0;;;;;;;;;;;;;;;;;;;;;End-of-iteration summary row;;;16528.114287500226;15315.973072000552;363;15315.973072000552;3421.9967;;IterationSummary;;;;;;
55;3;5;1;normal;0;d86b35748473;move;;;10;5;;;;;;;;;;True;False;False;False;;ok;16610.83517554231;16528.114287500226;16528.114287500226;15315.973072000552;364;15315.973072000552;3429.9046;82.72088804208397;Evaluated;5.4701;2.4307;64;True;1;
55;3;5;2;normal;0;d86b35748473;swap;18;20;;;;;;;;;;;;True;False;False;False;;ok;16909.21163123311;16528.114287500226;16528.114287500226;15315.973072000552;365;15315.973072000552;3437.805;381.097343732883;Evaluated;5.4711;2.4266;64;True;1;
55;3;5;3;normal;0;d86b35748473;reinsert_block;;;;;;;35;40;28;;;;;True;False;False;False;;ok;16731.972712874474;16528.114287500226;16528.114287500226;15315.973072000552;366;15315.973072000552;3445.724;203.85842537424833;Evaluated;5.485;2.4312;64;True;1;
55;3;5;4;normal;0;d86b35748473;move;;;50;48;;;;;;;;;;True;False;False;False;;ok;16548.479885840112;16528.114287500226;16528.114287500226;15315.973072000552;367;15315.973072000552;3453.3926;20.365598339885764;Evaluated;5.2393;2.4284;64;True;1;
55;3;5;5;normal;0;d86b35748473;move;;;40;25;;;;;;;;;;True;False;False;True;;ok;16718.016980513974;16528.114287500226;16528.114287500226;15315.973072000552;368;15315.973072000552;3460.9897;189.90269301374792;Evaluated;5.163;2.4311;64;True;1;
55;3;5;;normal;1;;;;;;;;;;;;;;;;;;;;;End-of-iteration summary row;;;16528.114287500226;15315.973072000552;368;15315.973072000552;3460.9929;;IterationSummary;;;;;;
56;3;6;1;normal;1;d86b35748473;move;;;3;8;;;;;;;;;;True;False;False;False;;ok;18232.502724991475;16528.114287500226;16528.114287500226;15315.973072000552;369;15315.973072000552;3472.3565;1704.3884374912486;Evaluated;8.7222;2.6298;64;True;2;duplicate_for_same_parent_sequence
56;3;6;2;normal;1;d86b35748473;swap;20;25;;;;;;;;;;;;True;False;False;False;;ok;16555.98253718788;16528.114287500226;16528.114287500226;15315.973072000552;370;15315.973072000552;3480.2265;27.868249687653588;Evaluated;5.4378;2.4291;64;True;1;
56;3;6;3;normal;1;d86b35748473;move;;;36;29;;;;;;;;;;True;False;False;False;;ok;16523.28101251483;16528.114287500226;16528.114287500226;15315.973072000552;371;15315.973072000552;3491.5588;-4.833274985394382;Evaluated;8.8966;2.4315;64;True;2;duplicate_for_same_parent_sequence
56;3;6;4;normal;1;d86b35748473;move;;;50;49;;;;;;;;;;True;False;False;False;;ok;16528.368761831578;16528.114287500226;16528.114287500226;15315.973072000552;372;15315.973072000552;3499.1916;0.2544743313519575;Evaluated;5.1975;2.4347;64;True;1;
56;3;6;5;normal;1;d86b35748473;move;;;30;25;;;;;;;;;;True;False;False;False;;ok;16617.706020802078;16528.114287500226;16528.114287500226;15315.973072000552;373;15315.973072000552;3506.7725;89.59173330185149;Evaluated;5.1494;2.4307;64;True;1;
56;3;6;;normal;0;;;;;;;;;;;;;;;;;;;;;End-of-iteration summary row;;;16523.28101251483;15315.973072000552;373;15315.973072000552;3506.7844;;IterationSummary;;;;;;
57;3;7;1;normal;0;751872346a21;move;;;10;5;;;;;;;;;;True;False;False;False;;ok;16526.59297822498;16523.28101251483;16523.28101251483;15315.973072000552;374;15315.973072000552;3514.6967;3.3119657101487974;Evaluated;5.4759;2.4304;64;True;1;
57;3;7;2;normal;0;751872346a21;swap;18;20;;;;;;;;;;;;True;False;False;False;;ok;16904.64354567437;16523.28101251483;16523.28101251483;15315.973072000552;375;15315.973072000552;3522.5578;381.36253315953945;Evaluated;5.4281;2.4296;64;True;1;
57;3;7;3;normal;0;751872346a21;reinsert_block;;;;;;;35;40;28;;;;;True;False;False;False;;ok;16884.90047868456;16523.28101251483;16523.28101251483;15315.973072000552;376;15315.973072000552;3530.492;361.61946616973;Evaluated;5.5033;2.4273;64;True;1;
57;3;7;4;normal;0;751872346a21;move;;;50;48;;;;;;;;;;True;False;False;False;;ok;16538.691869282564;16523.28101251483;16523.28101251483;15315.973072000552;377;15315.973072000552;3538.2401;15.410856767732184;Evaluated;5.3088;2.4357;64;True;1;
57;3;7;5;normal;0;751872346a21;move;;;30;25;;;;;;;;;;True;False;False;False;;ok;16518.12594882838;16523.28101251483;16523.28101251483;15315.973072000552;378;15315.973072000552;3545.9906;-5.155063686452195;Evaluated;5.3201;2.4274;64;True;1;
57;3;7;;normal;0;;;;;;;;;;;;;;;;;;;;;End-of-iteration summary row;;;16518.12594882838;15315.973072000552;378;15315.973072000552;3546.0093;;IterationSummary;;;;;;
58;3;8;1;normal;0;8c5f669b7574;move;;;10;5;;;;;;;;;;True;False;False;False;;ok;16414.701738572032;16518.12594882838;16518.12594882838;15315.973072000552;379;15315.973072000552;3553.8936;-103.42421025634758;Evaluated;5.4511;2.4281;64;True;1;
58;3;8;2;normal;0;8c5f669b7574;swap;20;25;;;;;;;;;;;;True;False;False;False;;ok;16518.12594882838;16518.12594882838;16518.12594882838;15315.973072000552;380;15315.973072000552;3561.7758;0.0;Evaluated;5.4418;2.4376;64;True;1;
58;3;8;3;normal;0;8c5f669b7574;reinsert_block;;;;;;;35;40;29;;;;;True;False;False;False;;ok;16496.66645414391;16518.12594882838;16518.12594882838;15315.973072000552;381;15315.973072000552;3569.7148;-21.459494684469973;Evaluated;5.5052;2.431;64;True;1;
58;3;8;4;normal;0;8c5f669b7574;move;;;50;49;;;;;;;;;;True;False;False;False;;ok;16513.96391075547;16518.12594882838;16518.12594882838;15315.973072000552;382;15315.973072000552;3577.3554;-4.162038072910946;Evaluated;5.2103;2.4262;64;True;1;
58;3;8;5;normal;0;8c5f669b7574;move;;;30;25;;;;;;;;;;True;False;False;False;;ok;16267.541346754795;16518.12594882838;16518.12594882838;15315.973072000552;383;15315.973072000552;3585.1772;-250.5846020735844;Evaluated;5.3899;2.4288;64;True;1;
58;3;8;;normal;0;;;;;;;;;;;;;;;;;;;;;End-of-iteration summary row;;;16267.541346754795;15315.973072000552;383;15315.973072000552;3585.1927;;IterationSummary;;;;;;
59;3;9;1;normal;0;c88e81bdc01c;move;;;10;5;;;;;;;;;;True;False;False;False;;ok;16546.585523829206;16267.541346754795;16267.541346754795;15315.973072000552;384;15315.973072000552;3593.0445;279.044177074411;Evaluated;5.4227;2.4227;64;True;1;
59;3;9;2;normal;0;c88e81bdc01c;swap;18;20;;;;;;;;;;;;True;False;False;False;;ok;16579.604164709854;16267.541346754795;16267.541346754795;15315.973072000552;385;15315.973072000552;3600.7021;312.06281795505856;Evaluated;5.2286;2.4263;64;True;1;
59;3;9;3;normal;0;c88e81bdc01c;reinsert_block;;;;;;;35;40;28;;;;;True;False;False;False;;ok;16623.179729795433;16267.541346754795;16267.541346754795;15315.973072000552;386;15315.973072000552;3608.7829;355.63838304063756;Evaluated;5.6519;2.4281;64;True;1;
59;3;9;4;normal;0;c88e81bdc01c;move;;;50;48;;;;;;;;;;True;False;False;False;;ok;16275.613165517494;16267.541346754795;16267.541346754795;15315.973072000552;387;15315.973072000552;3616.1799;8.071818762698967;Evaluated;4.9611;2.4328;64;True;1;
59;3;9;5;normal;0;c88e81bdc01c;move;;;40;35;;;;;;;;;;True;False;False;False;;ok;16532.443362810605;16267.541346754795;16267.541346754795;15315.973072000552;388;15315.973072000552;3623.7384;264.90201605581024;Evaluated;5.1205;2.434;64;True;1;
59;3;9;;normal;1;;;;;;;;;;;;;;;;;;;;;End-of-iteration summary row;;;16267.541346754795;15315.973072000552;388;15315.973072000552;3623.7416;;IterationSummary;;;;;;
60;3;10;1;normal;1;c88e81bdc01c;move;;;7;5;;;;;;;;;;True;False;False;False;;ok;16929.44511575528;16267.541346754795;16267.541346754795;15315.973072000552;389;15315.973072000552;3631.3573;661.9037690004843;Evaluated;5.1749;2.4275;64;True;1;
60;3;10;2;normal;1;c88e81bdc01c;swap;16;20;;;;;;;;;;;;True;False;False;False;;ok;16774.661495751658;16267.541346754795;16267.541346754795;15315.973072000552;390;15315.973072000552;3638.9555;507.12014899686255;Evaluated;5.1682;2.4274;64;True;1;
60;3;10;3;normal;1;c88e81bdc01c;reinsert_block;;;;;;;36;40;28;;;;;True;False;False;True;;ok;16634.6124176567;16267.541346754795;16267.541346754795;15315.973072000552;391;15315.973072000552;3646.862;367.071070901904;Evaluated;5.4746;2.4295;64;True;1;
60;3;10;4;normal;1;c88e81bdc01c;move;;;50;49;;;;;;;;;;True;False;False;False;;ok;16270.183803314614;16267.541346754795;16267.541346754795;15315.973072000552;392;15315.973072000552;3654.51;2.6424565598190384;Evaluated;5.2166;2.4286;64;True;1;
60;3;10;5;normal;1;c88e81bdc01c;move;;;25;30;;;;;;;;;;True;False;False;False;;ok;16518.12594882838;16267.541346754795;16267.541346754795;15315.973072000552;393;15315.973072000552;3662.1107;250.5846020735844;Evaluated;5.1695;2.4279;64;True;1;
60;3;10;;normal;2;;;;;;;;;;;;;;;;;;;;;End-of-iteration summary row;;;16267.541346754795;15315.973072000552;393;15315.973072000552;3662.1139;;IterationSummary;;;;;;
61;3;11;1;normal;2;c88e81bdc01c;move;;;10;6;;;;;;;;;;True;False;False;False;;ok;16259.190445333667;16267.541346754795;16267.541346754795;15315.973072000552;394;15315.973072000552;3673.3254;-8.350901421128583;Evaluated;8.7706;2.426;64;True;2;duplicate_for_same_parent_sequence
61;3;11;2;normal;2;c88e81bdc01c;swap;20;25;;;;;;;;;;;;True;False;False;False;;ok;16522.405345229392;16267.541346754795;16267.541346754795;15315.973072000552;395;15315.973072000552;3680.925;254.86399847459688;Evaluated;5.171;2.4255;64;True;1;
61;3;11;3;normal;2;c88e81bdc01c;move;;;16;30;;;;;;;;;;True;False;False;True;;ok;17044.087229272885;16267.541346754795;16267.541346754795;15315.973072000552;396;15315.973072000552;3692.3136;776.5458825180904;Evaluated;8.9493;2.4361;64;True;2;duplicate_for_same_parent_sequence
61;3;11;4;normal;2;c88e81bdc01c;move;;;25;35;;;;;;;;;;True;False;False;True;;ok;16663.49969483631;16267.541346754795;16267.541346754795;15315.973072000552;397;15315.973072000552;3703.3812;395.9583480815163;Evaluated;8.6342;2.4304;64;True;2;duplicate_for_same_parent_sequence
61;3;11;5;normal;2;c88e81bdc01c;move;;;40;25;;;;;;;;;;True;False;False;True;;ok;16253.005001734404;16267.541346754795;16267.541346754795;15315.973072000552;398;15315.973072000552;3714.5857;-14.536345020391309;Evaluated;8.7701;2.4311;64;True;2;duplicate_for_same_parent_sequence
61;3;11;;normal;0;;;;;;;;;;;;;;;;;;;;;End-of-iteration summary row;;;16253.005001734404;15315.973072000552;398;15315.973072000552;3714.6025;;IterationSummary;;;;;;
62;3;12;1;normal;0;041958eae625;move;;;10;5;;;;;;;;;;True;False;False;False;;ok;17257.535722404973;16253.005001734404;16253.005001734404;15315.973072000552;399;15315.973072000552;3722.6488;1004.5307206705693;Evaluated;5.6103;2.4288;64;True;1;
62;3;12;2;normal;0;041958eae625;swap;20;25;;;;;;;;;;;;True;False;False;False;;ok;16760.645542065224;16253.005001734404;16253.005001734404;15315.973072000552;400;15315.973072000552;3730.305;507.64054033081993;Evaluated;5.228;2.4274;64;True;1;
62;3;12;3;normal;0;041958eae625;reinsert_block;;;;;;;35;40;28;;;;;True;False;False;False;;ok;16867.49728682908;16253.005001734404;16253.005001734404;15315.973072000552;401;15315.973072000552;3738.2183;614.492285094675;Evaluated;5.4842;2.4257;64;True;1;
62;3;12;4;normal;0;041958eae625;move;;;50;48;;;;;;;;;;True;False;False;False;;ok;16280.555830896346;16253.005001734404;16253.005001734404;15315.973072000552;402;15315.973072000552;3745.8692;27.550829161942602;Evaluated;5.2177;2.4304;64;True;1;
62;3;12;5;normal;0;041958eae625;move;;;20;15;;;;;;;;;;True;False;False;False;;ok;16514.819804920586;16253.005001734404;16253.005001734404;15315.973072000552;403;15315.973072000552;3753.497;261.81480318618196;Evaluated;5.1932;2.4316;64;True;1;
62;3;12;;normal;1;;;;;;;;;;;;;;;;;;;;;End-of-iteration summary row;;;16253.005001734404;15315.973072000552;403;15315.973072000552;3753.5008;;IterationSummary;;;;;;
63;3;13;1;normal;1;041958eae625;move;;;8;3;;;;;;;;;;True;False;False;False;;ok;17074.164655157336;16253.005001734404;16253.005001734404;15315.973072000552;404;15315.973072000552;3764.7488;821.159653422932;Evaluated;8.8062;2.4281;64;True;2;duplicate_for_same_parent_sequence
63;3;13;2;normal;1;041958eae625;swap;17;24;;;;;;;;;;;;True;False;False;False;;ok;16301.33732245674;16253.005001734404;16253.005001734404;15315.973072000552;405;15315.973072000552;3772.5439;48.33232072233659;Evaluated;5.3597;2.4348;64;True;1;
63;3;13;3;normal;1;041958eae625;move;;;37;32;;;;;;;;;;True;False;False;False;;ok;16512.49720039376;16253.005001734404;16253.005001734404;15315.973072000552;406;15315.973072000552;3783.9266;259.4921986593545;Evaluated;8.9507;2.4291;64;True;2;duplicate_for_same_parent_sequence
63;3;13;4;normal;1;041958eae625;move;;;50;49;;;;;;;;;;True;False;False;False;;ok;16277.169130962442;16253.005001734404;16253.005001734404;15315.973072000552;407;15315.973072000552;3791.746;24.16412922803829;Evaluated;5.3874;2.4288;64;True;1;
63;3;13;5;normal;1;041958eae625;move;;;30;25;;;;;;;;;;True;False;False;False;;ok;16788.727235366096;16253.005001734404;16253.005001734404;15315.973072000552;408;15315.973072000552;3802.9068;535.7222336316918;Evaluated;8.7275;2.4301;64;True;2;duplicate_for_same_parent_sequence
63;3;13;;normal;2;;;;;;;;;;;;;;;;;;;;;End-of-iteration summary row;;;16253.005001734404;15315.973072000552;408;15315.973072000552;3802.911;;IterationSummary;;;;;;
64;3;14;1;normal;2;041958eae625;move;;;15;10;;;;;;;;;;True;False;False;False;;ok;16395.652064407153;16253.005001734404;16253.005001734404;15315.973072000552;409;15315.973072000552;3817.6745;142.6470626727496;Evaluated;12.3305;2.4254;64;True;3;duplicate_for_same_parent_sequence
64;3;14;2;normal;2;041958eae625;swap;18;22;;;;;;;;;;;;True;False;False;False;;ok;16721.06515337534;16253.005001734404;16253.005001734404;15315.973072000552;410;15315.973072000552;3828.9429;468.06015164093697;Evaluated;8.8417;2.4237;64;True;2;duplicate_for_same_parent_sequence
64;3;14;3;normal;2;041958eae625;move;;;37;36;;;;;;;;;;True;False;False;False;;ok;16282.79883456044;16253.005001734404;16253.005001734404;15315.973072000552;411;15315.973072000552;3840.7071;29.793832826037033;Evaluated;9.3344;2.4276;64;True;2;duplicate_for_same_parent_sequence
64;3;14;4;normal;2;041958eae625;move;;;52;49;;;;;;;;;;True;False;False;False;;ok;16089.773826648983;16253.005001734404;16253.005001734404;15315.973072000552;412;15315.973072000552;3848.133;-163.23117508542055;Evaluated;5.1857;2.2372;64;True;1;
64;3;14;5;normal;2;041958eae625;move;;;45;30;;;;;;;;;;True;False;False;True;;ok;16260.980638850995;16253.005001734404;16253.005001734404;15315.973072000552;413;15315.973072000552;3855.8085;7.975637116591315;Evaluated;5.2439;2.429;64;True;1;
64;3;14;;normal;0;;;;;;;;;;;;;;;;;;;;;End-of-iteration summary row;;;16089.773826648983;15315.973072000552;413;15315.973072000552;3855.8256;;IterationSummary;;;;;;
65;3;15;1;normal;0;7ba38ef42a36;move;;;10;5;;;;;;;;;;True;False;False;False;;ok;17074.618739832986;16089.773826648983;16089.773826648983;15315.973072000552;414;15315.973072000552;3863.9946;984.8449131840025;Evaluated;5.735;2.429;64;True;1;
65;3;15;2;normal;0;7ba38ef42a36;swap;18;23;;;;;;;;;;;;True;False;False;False;;ok;16552.44888347367;16089.773826648983;16089.773826648983;15315.973072000552;415;15315.973072000552;3871.6454;462.6750568246862;Evaluated;5.2112;2.4358;64;True;1;
65;3;15;3;normal;0;7ba38ef42a36;reinsert_block;;;;;;;35;40;25;;;;;True;False;False;True;;ok;16610.380840767066;16089.773826648983;16089.773826648983;15315.973072000552;416;15315.973072000552;3879.5919;520.6070141180826;Evaluated;5.5136;2.4322;64;True;1;
65;3;15;4;normal;0;7ba38ef42a36;move;;;50;49;;;;;;;;;;True;False;False;False;;ok;16089.645740277036;16089.773826648983;16089.773826648983;15315.973072000552;417;15315.973072000552;3887.2506;-0.12808637194757466;Evaluated;5.2268;2.4283;64;True;1;
65;3;15;5;normal;0;7ba38ef42a36;move;;;40;35;;;;;;;;;;True;False;False;False;;ok;16092.84913872798;16089.773826648983;16089.773826648983;15315.973072000552;418;15315.973072000552;3894.8239;3.075312078995921;Evaluated;5.1423;2.4277;64;True;1;
65;3;15;;normal;0;;;;;;;;;;;;;;;;;;;;;End-of-iteration summary row;;;16089.645740277036;15315.973072000552;418;15315.973072000552;3894.8353;;IterationSummary;;;;;;
66;3;16;1;normal;0;edec9ed79230;move;;;5;10;;;;;;;;;;True;False;False;False;;ok;16529.721027588817;16089.645740277036;16089.645740277036;15315.973072000552;419;15315.973072000552;3902.8026;440.0752873117817;Evaluated;5.5359;2.4256;64;True;1;
66;3;16;2;normal;0;edec9ed79230;swap;17;25;;;;;;;;;;;;True;False;False;False;;ok;16086.039812156758;16089.645740277036;16089.645740277036;15315.973072000552;420;15315.973072000552;3910.5043;-3.6059281202778948;Evaluated;5.271;2.4299;64;True;1;
66;3;16;3;normal;0;edec9ed79230;reinsert_block;;;;;;;35;40;28;;;;;True;False;False;False;;ok;16693.592860904922;16089.645740277036;16089.645740277036;15315.973072000552;421;15315.973072000552;3918.3652;603.9471206278868;Evaluated;5.4334;2.4247;64;True;1;
66;3;16;4;normal;0;edec9ed79230;move;;;52;48;;;;;;;;;;True;False;False;False;;ok;15876.52582572351;16089.645740277036;16089.645740277036;15315.973072000552;422;15315.973072000552;3925.8607;-213.11991455352654;Evaluated;5.2626;2.2319;64;True;1;
66;3;16;5;normal;0;edec9ed79230;move;;;50;48;;;;;;;;;;True;False;False;False;;ok;16092.190215299657;16089.645740277036;16089.645740277036;15315.973072000552;423;15315.973072000552;3933.426;2.5444750226215547;Evaluated;5.1339;2.4283;64;True;1;
66;3;16;;normal;0;;;;;;;;;;;;;;;;;;;;;End-of-iteration summary row;;;15876.52582572351;15315.973072000552;423;15315.973072000552;3933.4354;;IterationSummary;;;;;;
67;3;17;1;normal;0;aa0025037a65;move;;;10;5;;;;;;;;;;True;False;False;False;;ok;16863.19809550795;15876.52582572351;15876.52582572351;15315.973072000552;424;15315.973072000552;3942.4929;986.6722697844398;Evaluated;6.6197;2.4316;64;True;1;
67;3;17;2;normal;0;aa0025037a65;swap;20;25;;;;;;;;;;;;True;False;False;False;;ok;16867.69772977876;15876.52582572351;15876.52582572351;15315.973072000552;425;15315.973072000552;3950.0432;991.1719040552507;Evaluated;5.1193;2.4279;64;True;1;
67;3;17;3;normal;0;aa0025037a65;reinsert_block;;;;;;;35;40;28;;;;;True;False;False;False;;ok;16965.348764707494;15876.52582572351;15876.52582572351;15315.973072000552;426;15315.973072000552;3958.2703;1088.8229389839853;Evaluated;5.7954;2.4307;64;True;1;
67;3;17;4;normal;0;aa0025037a65;move;;;50;49;;;;;;;;;;True;False;False;False;;ok;15876.52582572351;15876.52582572351;15876.52582572351;15315.973072000552;427;15315.973072000552;3965.6427;0.0;Evaluated;5.1328;2.2368;64;True;1;
67;3;17;5;normal;0;aa0025037a65;move;;;52;49;;;;;;;;;;True;False;False;False;;ok;16363.116574692101;15876.52582572351;15876.52582572351;15315.973072000552;428;15315.973072000552;3973.2089;486.5907489685924;Evaluated;5.1308;2.4329;64;True;1;
67;3;17;;normal;1;;;;;;;;;;;;;;;;;;;;;End-of-iteration summary row;;;15876.52582572351;15315.973072000552;428;15315.973072000552;3973.2121;;IterationSummary;;;;;;
68;3;18;1;normal;1;aa0025037a65;move;;;8;12;;;;;;;;;;True;False;False;False;;ok;15873.927142121758;15876.52582572351;15876.52582572351;15315.973072000552;429;15315.973072000552;3980.9053;-2.598683601750963;Evaluated;5.454;2.2293;64;True;1;
68;3;18;2;normal;1;aa0025037a65;swap;18;25;;;;;;;;;;;;True;False;False;False;;ok;16341.415049121963;15876.52582572351;15876.52582572351;15315.973072000552;430;15315.973072000552;3988.6508;464.8892233984534;Evaluated;5.3138;2.4286;64;True;1;
68;3;18;3;normal;1;aa0025037a65;reinsert_block;;;;;;;38;42;35;;;;;True;False;False;False;;ok;16558.66756375702;15876.52582572351;15876.52582572351;15315.973072000552;431;15315.973072000552;3996.3664;682.1417380335097;Evaluated;5.2813;2.4309;64;True;1;
68;3;18;4;normal;1;aa0025037a65;move;;;50;48;;;;;;;;;;True;False;False;False;;ok;15876.52582572351;15876.52582572351;15876.52582572351;15315.973072000552;432;15315.973072000552;4003.8037;0.0;Evaluated;5.2052;2.2302;64;True;1;
68;3;18;5;normal;1;aa0025037a65;move;;;28;35;;;;;;;;;;True;False;False;False;;ok;15876.526826317988;15876.52582572351;15876.52582572351;15315.973072000552;433;15315.973072000552;4011.1816;0.0010005944786826149;Evaluated;5.1492;2.228;64;True;1;
68;3;18;;normal;0;;;;;;;;;;;;;;;;;;;;;End-of-iteration summary row;;;15873.927142121758;15315.973072000552;433;15315.973072000552;4011.198;;IterationSummary;;;;;;
69;3;19;1;normal;0;70ce8032ceac;move;;;10;5;;;;;;;;;;True;False;False;False;;ok;16893.30324962888;15873.927142121758;15873.927142121758;15315.973072000552;434;15315.973072000552;4019.2641;1019.3761075071216;Evaluated;5.6293;2.4311;64;True;1;
69;3;19;2;normal;0;70ce8032ceac;swap;17;25;;;;;;;;;;;;True;False;False;False;;ok;15878.597768863761;15873.927142121758;15873.927142121758;15315.973072000552;435;15315.973072000552;4026.6176;4.670626742003151;Evaluated;5.1239;2.2272;64;True;1;
69;3;19;3;normal;0;70ce8032ceac;reinsert_block;;;;;;;35;40;28;;;;;True;False;False;False;;ok;16976.347847488643;15873.927142121758;15873.927142121758;15315.973072000552;436;15315.973072000552;4034.535;1102.4207053668852;Evaluated;5.4873;2.4294;64;True;1;
69;3;19;4;normal;0;70ce8032ceac;move;;;52;49;;;;;;;;;;True;False;False;False;;ok;16360.51789109035;15873.927142121758;15873.927142121758;15315.973072000552;437;15315.973072000552;4042.1866;486.5907489685924;Evaluated;5.2145;2.434;64;True;1;
69;3;19;5;normal;0;70ce8032ceac;move;;;28;15;;;;;;;;;;True;False;False;True;;ok;15967.370205610061;15873.927142121758;15873.927142121758;15315.973072000552;438;15315.973072000552;4049.5847;93.44306348830287;Evaluated;5.1612;2.2336;64;True;1;
69;3;19;;normal;1;;;;;;;;;;;;;;;;;;;;;End-of-iteration summary row;;;15873.927142121758;15315.973072000552;438;15315.973072000552;4049.5887;;IterationSummary;;;;;;
70;3;20;1;normal;1;70ce8032ceac;move;;;8;12;;;;;;;;;;True;False;False;False;;ok;16792.14455965937;15873.927142121758;15873.927142121758;15315.973072000552;439;15315.973072000552;4057.7287;918.2174175376113;Evaluated;5.7003;2.4291;64;True;1;
70;3;20;2;normal;1;70ce8032ceac;move;;;30;25;;;;;;;;;;True;False;False;False;;ok;16965.446081128903;15873.927142121758;15873.927142121758;15315.973072000552;440;15315.973072000552;4069.012;1091.5189390071446;Evaluated;8.8456;2.4344;64;True;2;duplicate_for_same_parent_sequence
70;3;20;3;normal;1;70ce8032ceac;reinsert_block;;;;;;;40;45;28;;;;;True;False;False;True;;ok;17151.716498296395;15873.927142121758;15873.927142121758;15315.973072000552;441;15315.973072000552;4076.7257;1277.7893561746369;Evaluated;5.2823;2.4282;64;True;1;
70;3;20;4;normal;1;70ce8032ceac;move;;;52;48;;;;;;;;;;True;False;False;False;;ok;16360.51789109035;15873.927142121758;15873.927142121758;15315.973072000552;442;15315.973072000552;4084.5844;486.5907489685924;Evaluated;5.4286;2.4271;64;True;1;
70;3;20;5;normal;1;70ce8032ceac;move;;;50;48;;;;;;;;;;True;False;False;False;;ok;15873.927142121758;15873.927142121758;15873.927142121758;15315.973072000552;443;15315.973072000552;4091.9704;0.0;Evaluated;5.1522;2.2296;64;True;1;
70;3;20;;normal;2;;;;;;;;;;;;;;;;;;;;;End-of-iteration summary row;;;15873.927142121758;15315.973072000552;443;15315.973072000552;4091.974;;IterationSummary;;;;;;
71;3;21;1;normal;2;70ce8032ceac;move;;;7;3;;;;;;;;;;True;False;False;False;;ok;16688.152042824357;15873.927142121758;15873.927142121758;15315.973072000552;444;15315.973072000552;4106.7055;814.2249007025985;Evaluated;12.2842;2.4317;64;True;3;duplicate_for_same_parent_sequence
71;3;21;2;normal;2;70ce8032ceac;swap;20;25;;;;;;;;;;;;True;False;False;False;;ok;16872.641121508896;15873.927142121758;15873.927142121758;15315.973072000552;445;15315.973072000552;4114.4075;998.7139793871374;Evaluated;5.2723;2.4272;64;True;1;
71;3;21;3;normal;2;70ce8032ceac;reinsert_block;;;;;;;34;39;25;;;;;True;False;False;True;;ok;16616.196848011743;15873.927142121758;15873.927142121758;15315.973072000552;446;15315.973072000552;4122.4456;742.2697058899848;Evaluated;5.6085;2.426;64;True;1;
71;3;21;4;normal;2;70ce8032ceac;move;;;50;49;;;;;;;;;;True;False;False;False;;ok;15873.927142121758;15873.927142121758;15873.927142121758;15315.973072000552;447;15315.973072000552;4130.0185;0.0;Evaluated;5.3425;2.2277;64;True;1;
71;3;21;5;normal;2;70ce8032ceac;swap;30;40;;;;;;;;;;;;True;False;False;False;;ok;16811.676716686634;15873.927142121758;15873.927142121758;15315.973072000552;448;15315.973072000552;4140.9692;937.7495745648757;Evaluated;8.5197;2.4288;64;True;2;duplicate_for_same_parent_sequence
71;3;21;;normal;3;;;;;;;;;;;;;;;;;;;;;End-of-iteration summary row;;;15873.927142121758;15315.973072000552;448;15315.973072000552;4140.9701;;IterationSummary;;;;;;
72;3;22;1;diversification;3;70ce8032ceac;move;;;10;2;;;;;;;;;;True;False;False;False;;ok;17044.92476904469;15873.927142121758;15873.927142121758;15315.973072000552;449;15315.973072000552;4148.9729;1170.9976269229319;Evaluated;5.5564;2.4388;64;True;1;
72;3;22;2;diversification;3;70ce8032ceac;reinsert_block;;;;;;;20;24;15;;;;;True;False;False;False;;ok;16434.114623501242;15873.927142121758;15873.927142121758;15315.973072000552;450;15315.973072000552;4156.9418;560.1874813794839;Evaluated;5.5394;2.4259;64;True;1;
72;3;22;3;diversification;3;70ce8032ceac;swap;35;40;;;;;;;;;;;;True;False;False;False;;ok;15873.927142444158;15873.927142121758;15873.927142121758;15315.973072000552;451;15315.973072000552;4164.6491;3.2239950087387115e-07;Evaluated;5.4739;2.2308;64;True;1;
72;3;22;4;diversification;3;70ce8032ceac;move;;;60;52;;;;;;;;;;True;False;False;False;;ok;16033.025234917197;15873.927142121758;15873.927142121758;15315.973072000552;452;15315.973072000552;4175.6383;159.0980927954388;Evaluated;8.7556;2.2301;64;True;2;duplicate_for_same_parent_sequence
72;3;22;5;diversification;3;70ce8032ceac;move;;;20;31;;;;;;;;;;True;False;False;True;;ok;17103.834432055402;15873.927142121758;15873.927142121758;15315.973072000552;453;15315.973072000552;4183.3649;1229.9072899336443;Evaluated;5.2935;2.4303;64;True;1;
72;3;22;6;diversification;3;70ce8032ceac;move;;;45;37;;;;;;;;;;True;False;False;False;;ok;16060.189323598881;15873.927142121758;15873.927142121758;15315.973072000552;454;15315.973072000552;4190.7987;186.2621814771228;Evaluated;5.2045;2.2261;64;True;1;
72;3;22;7;diversification;3;70ce8032ceac;move;;;50;30;;;;;;;;;;True;False;False;True;;ok;16651.892830101875;15873.927142121758;15873.927142121758;15315.973072000552;455;15315.973072000552;4198.3542;777.9656879801169;Evaluated;5.1227;2.4319;64;True;1;
72;3;22;8;diversification;3;70ce8032ceac;swap;30;45;;;;;;;;;;;;True;False;False;True;;ok;16283.923279640052;15873.927142121758;15873.927142121758;15315.973072000552;456;15315.973072000552;4209.2004;409.99613751829384;Evaluated;8.4101;2.433;64;True;2;duplicate_for_same_parent_sequence
72;3;22;9;diversification;3;70ce8032ceac;move;;;28;35;;;;;;;;;;True;False;False;False;;ok;16702.116502683988;15873.927142121758;15873.927142121758;15315.973072000552;457;15315.973072000552;4216.9259;828.1893605622299;Evaluated;5.2837;2.4382;64;True;1;
72;3;22;10;diversification;3;70ce8032ceac;swap;32;45;;;;;;;;;;;;True;False;False;True;;ok;16480.068975621274;15873.927142121758;15873.927142121758;15315.973072000552;458;15315.973072000552;4228.1153;606.141833499516;Evaluated;8.7606;2.425;64;True;2;duplicate_for_same_parent_sequence
72;3;22;;diversification;4;;;;;;;;;;;;;;;;;;;;;End-of-iteration summary row;;;15873.927142121758;15315.973072000552;458;15315.973072000552;4228.1184;;IterationSummary;;;;;;
73;3;23;1;diversification;4;70ce8032ceac;move;;;8;3;;;;;;;;;;True;False;False;False;;ok;16691.25711342448;15873.927142121758;15873.927142121758;15315.973072000552;459;15315.973072000552;4239.479;817.3299713027209;Evaluated;8.9136;2.4296;64;True;2;duplicate_for_same_parent_sequence
73;3;23;2;diversification;4;70ce8032ceac;reinsert_block;;;;;;;18;23;5;;;;;True;False;False;True;;ok;18047.14518503392;15873.927142121758;15873.927142121758;15315.973072000552;460;15315.973072000552;4247.4589;2173.2180429121636;Evaluated;5.5457;2.4308;64;True;1;
73;3;23;3;diversification;4;70ce8032ceac;swap;32;47;;;;;;;;;;;;True;False;False;True;;ok;15873.927142121758;15873.927142121758;15873.927142121758;15315.973072000552;461;15315.973072000552;4258.5698;0.0;Evaluated;8.8792;2.2287;64;True;2;duplicate_for_same_parent_sequence
73;3;23;4;diversification;4;70ce8032ceac;move;;;52;36;;;;;;;;;;True;False;False;True;;ok;16360.275165334471;15873.927142121758;15873.927142121758;15315.973072000552;462;15315.973072000552;4269.5549;486.3480232127131;Evaluated;8.5552;2.4265;64;True;2;duplicate_for_same_parent_sequence
73;3;23;5;diversification;4;70ce8032ceac;swap;10;20;;;;;;;;;;;;True;False;False;False;;ok;16730.11271263787;15873.927142121758;15873.927142121758;15315.973072000552;463;15315.973072000552;4277.3599;856.1855705161124;Evaluated;5.375;2.4273;64;True;1;
73;3;23;6;diversification;4;70ce8032ceac;move;;;40;35;;;;;;;;;;True;False;False;False;;ok;15873.933160227414;15873.927142121758;15873.927142121758;15315.973072000552;464;15315.973072000552;4284.7824;0.006018105656039552;Evaluated;5.1887;2.2306;64;True;1;
73;3;23;7;diversification;4;70ce8032ceac;move;;;18;25;;;;;;;;;;True;False;False;False;;ok;16874.537830906982;15873.927142121758;15873.927142121758;15315.973072000552;465;15315.973072000552;4295.9087;1000.6106887852238;Evaluated;8.6953;2.4275;64;True;2;duplicate_for_same_parent_sequence
73;3;23;8;diversification;4;70ce8032ceac;move;;;25;10;;;;;;;;;;True;False;False;True;;ok;16495.589056077115;15873.927142121758;15873.927142121758;15315.973072000552;466;15315.973072000552;4303.567;621.6619139553568;Evaluated;5.2299;2.4259;64;True;1;
73;3;23;9;diversification;4;70ce8032ceac;move;;;25;30;;;;;;;;;;True;False;False;False;;ok;15881.585043708556;15873.927142121758;15873.927142121758;15315.973072000552;467;15315.973072000552;4310.9291;7.657901586797379;Evaluated;5.1319;2.2271;64;True;1;
73;3;23;10;diversification;4;70ce8032ceac;move;;;50;42;;;;;;;;;;True;False;False;False;;ok;15873.927142121758;15873.927142121758;15873.927142121758;15315.973072000552;468;15315.973072000552;4318.592;0.0;Evaluated;5.4293;2.2304;64;True;1;
73;3;23;;diversification;5;;;;;;;;;;;;;;;;;;;;;End-of-iteration summary row;;;15873.927142121758;15315.973072000552;468;15315.973072000552;4318.5954;;IterationSummary;;;;;;
74;3;24;1;diversification;5;70ce8032ceac;move;;;10;25;;;;;;;;;;True;False;False;True;;ok;16432.62774026249;15873.927142121758;15873.927142121758;15315.973072000552;469;15315.973072000552;4330.0997;558.7005981407328;Evaluated;9.0628;2.427;64;True;2;duplicate_for_same_parent_sequence
74;3;24;2;diversification;5;70ce8032ceac;reinsert_block;;;;;;;20;25;10;;;;;True;False;False;True;;ok;16941.79798031401;15873.927142121758;15873.927142121758;15315.973072000552;470;15315.973072000552;4338.0866;1067.8708381922534;Evaluated;5.5551;2.4287;64;True;1;
74;3;24;3;diversification;5;70ce8032ceac;move;;;35;10;;;;;;;;;;True;False;False;True;;ok;16002.075840388377;15873.927142121758;15873.927142121758;15315.973072000552;471;15315.973072000552;4348.9817;128.14869826661925;Evaluated;8.6652;2.2272;64;True;2;duplicate_for_same_parent_sequence
74;3;24;4;diversification;5;70ce8032ceac;move;;;48;52;;;;;;;;;;True;False;False;False;;ok;16087.878625552263;15873.927142121758;15873.927142121758;15315.973072000552;472;15315.973072000552;4363.4644;213.9514834305046;Evaluated;12.0537;2.4263;64;True;3;duplicate_for_same_parent_sequence
74;3;24;5;diversification;5;70ce8032ceac;move;;;8;3;;;;;;;;;;False;True;False;;;ok;;15873.927142121758;15873.927142121758;15315.973072000552;472;15315.973072000552;4375.7957;;DuplicateForSameParentSequenceAfterRetries;12.3277;;;;3;duplicate_for_same_parent_sequence
74;3;24;6;diversification;5;70ce8032ceac;swap;40;50;;;;;;;;;;;;True;False;False;False;;ok;16212.398204600555;15873.927142121758;15873.927142121758;15315.973072000552;473;15315.973072000552;4383.5311;338.47106247879674;Evaluated;5.3025;2.4318;64;True;1;
74;3;24;7;diversification;5;70ce8032ceac;move;;;32;10;;;;;;;;;;True;False;False;True;;ok;16436.72337209466;15873.927142121758;15873.927142121758;15315.973072000552;474;15315.973072000552;4394.7094;562.7962299729024;Evaluated;8.746;2.4291;64;True;2;duplicate_for_same_parent_sequence
74;3;24;8;diversification;5;70ce8032ceac;move;;;15;8;;;;;;;;;;True;False;False;False;;ok;16003.929925597773;15873.927142121758;15873.927142121758;15315.973072000552;475;15315.973072000552;4402.0828;130.00278347601488;Evaluated;5.1445;2.2258;64;True;1;
74;3;24;9;diversification;5;70ce8032ceac;swap;28;35;;;;;;;;;;;;True;False;False;False;;ok;15873.927142121758;15873.927142121758;15873.927142121758;15315.973072000552;476;15315.973072000552;4416.6736;0.0;Evaluated;12.3598;2.2282;64;True;3;duplicate_for_same_parent_sequence
74;3;24;10;diversification;5;70ce8032ceac;move;;;53;42;;;;;;;;;;True;False;False;True;;ok;16360.779013192096;15873.927142121758;15873.927142121758;15315.973072000552;477;15315.973072000552;4424.3175;486.85187107033744;Evaluated;5.2126;2.4307;64;True;1;
74;3;24;;diversification;6;;;;;;;;;;;;;;;;;;;;;End-of-iteration summary row;;;15873.927142121758;15315.973072000552;477;15315.973072000552;4424.3201;;IterationSummary;;;;;;
75;3;25;1;diversification;6;70ce8032ceac;move;;;20;5;;;;;;;;;;True;False;False;True;;ok;16574.25577907487;15873.927142121758;15873.927142121758;15315.973072000552;478;15315.973072000552;4432.4276;700.3286369531106;Evaluated;5.6637;2.4294;64;True;1;
75;3;25;2;diversification;6;70ce8032ceac;move;;;30;40;;;;;;;;;;True;False;False;True;;ok;16480.05793738288;15873.927142121758;15873.927142121758;15315.973072000552;479;15315.973072000552;4444.192;606.1307952611223;Evaluated;9.3315;2.4297;64;True;2;duplicate_for_same_parent_sequence
75;3;25;3;diversification;6;70ce8032ceac;swap;36;42;;;;;;;;;;;;True;False;False;False;;ok;16373.53123732665;15873.927142121758;15873.927142121758;15315.973072000552;480;15315.973072000552;4455.6281;499.60409520489156;Evaluated;9.0087;2.4246;64;True;2;duplicate_for_same_parent_sequence
75;3;25;4;diversification;6;70ce8032ceac;move;;;52;35;;;;;;;;;;True;False;False;True;;ok;16360.275165514402;15873.927142121758;15873.927142121758;15315.973072000552;481;15315.973072000552;4466.844;486.3480233926439;Evaluated;8.786;2.4289;64;True;2;duplicate_for_same_parent_sequence
75;3;25;5;diversification;6;70ce8032ceac;move;;;31;15;;;;;;;;;;True;False;False;True;;ok;17360.968300265493;15873.927142121758;15873.927142121758;15315.973072000552;482;15315.973072000552;4478.0843;1487.0411581437347;Evaluated;8.8088;2.427;64;True;2;duplicate_for_same_parent_sequence
75;3;25;6;diversification;6;70ce8032ceac;move;;;30;40;;;;;;;;;;False;True;False;;;ok;;15873.927142121758;15873.927142121758;15315.973072000552;482;15315.973072000552;4490.4413;;DuplicateForSameParentSequenceAfterRetries;12.3544;;;;3;duplicate_for_same_parent_sequence
75;3;25;7;diversification;6;70ce8032ceac;move;;;40;25;;;;;;;;;;True;False;False;True;;ok;16246.333593843417;15873.927142121758;15873.927142121758;15315.973072000552;483;15315.973072000552;4498.0208;372.4064517216593;Evaluated;5.1498;2.4287;64;True;1;
75;3;25;8;diversification;6;70ce8032ceac;move;;;20;15;;;;;;;;;;True;False;False;False;;ok;16132.610394438665;15873.927142121758;15873.927142121758;15315.973072000552;484;15315.973072000552;4505.6915;258.6832523169069;Evaluated;5.2389;2.428;64;True;1;
75;3;25;9;diversification;6;70ce8032ceac;move;;;45;30;;;;;;;;;;True;False;False;True;;ok;16365.091197900723;15873.927142121758;15873.927142121758;15315.973072000552;485;15315.973072000552;4513.2793;491.1640557789651;Evaluated;5.1476;2.4374;64;True;1;
75;3;25;10;diversification;6;70ce8032ceac;move;;;53;45;;;;;;;;;;True;False;False;False;;ok;16010.914315166607;15873.927142121758;15873.927142121758;15315.973072000552;486;15315.973072000552;4524.4238;136.98717304484853;Evaluated;8.917;2.2248;64;True;2;duplicate_for_same_parent_sequence
75;3;25;;diversification;7;;;;;;;;;;;;;;;;;;;;;End-of-iteration summary row;;;15873.927142121758;15315.973072000552;486;15315.973072000552;4524.4265;;IterationSummary;;;;;;
76;3;26;1;diversification;7;70ce8032ceac;move;;;32;5;;;;;;;;;;True;False;False;True;;ok;16414.87717763331;15873.927142121758;15873.927142121758;15315.973072000552;487;15315.973072000552;4536.1572;540.9500355115506;Evaluated;9.2938;2.4295;64;True;2;duplicate_for_same_parent_sequence
76;3;26;2;diversification;7;70ce8032ceac;reinsert_block;;;;;;;17;23;5;;;;;True;False;False;True;;ok;17291.794619090273;15873.927142121758;15873.927142121758;15315.973072000552;488;15315.973072000552;4544.136;1417.867476968515;Evaluated;5.5515;2.4245;64;True;1;
76;3;26;3;diversification;7;70ce8032ceac;swap;35;42;;;;;;;;;;;;True;False;False;False;;ok;16368.00831158822;15873.927142121758;15873.927142121758;15315.973072000552;489;15315.973072000552;4551.8699;494.0811694664626;Evaluated;5.2984;2.4326;64;True;1;
76;3;26;4;diversification;7;70ce8032ceac;move;;;35;20;;;;;;;;;;True;False;False;True;;ok;16339.55223628501;15873.927142121758;15873.927142121758;15315.973072000552;490;15315.973072000552;4563.0071;465.62509416325156;Evaluated;8.7028;2.4315;64;True;2;duplicate_for_same_parent_sequence
76;3;26;5;diversification;7;70ce8032ceac;move;;;17;5;;;;;;;;;;True;False;False;True;;ok;16513.07598689389;15873.927142121758;15873.927142121758;15315.973072000552;491;15315.973072000552;4577.5652;639.1488447721331;Evaluated;12.1224;2.4324;64;True;3;duplicate_for_same_parent_sequence
76;3;26;6;diversification;7;70ce8032ceac;move;;;17;10;;;;;;;;;;True;False;False;False;;ok;16500.41379970102;15873.927142121758;15873.927142121758;15315.973072000552;492;15315.973072000552;4589.1749;626.4866575792603;Evaluated;9.1767;2.4299;64;True;2;duplicate_for_same_parent_sequence
76;3;26;7;diversification;7;70ce8032ceac;move;;;50;10;;;;;;;;;;True;False;False;True;;ok;16004.8886292277;15873.927142121758;15873.927142121758;15315.973072000552;493;15315.973072000552;4596.6134;130.96148710594207;Evaluated;5.208;2.2278;64;True;1;
76;3;26;8;diversification;7;70ce8032ceac;move;;;35;18;;;;;;;;;;True;False;False;True;;ok;15930.813229813113;15873.927142121758;15873.927142121758;15315.973072000552;494;15315.973072000552;4607.6685;56.88608769135499;Evaluated;8.8241;2.2284;64;True;2;duplicate_for_same_parent_sequence
76;3;26;9;diversification;7;70ce8032ceac;swap;36;47;;;;;;;;;;;;True;False;False;False;;ok;16499.276106476475;15873.927142121758;15873.927142121758;15315.973072000552;495;15315.973072000552;4618.828;625.3489643547164;Evaluated;8.7317;2.4251;64;True;2;duplicate_for_same_parent_sequence
76;3;26;10;diversification;7;70ce8032ceac;move;;;50;35;;;;;;;;;;True;False;False;True;;ok;15873.717316404925;15873.927142121758;15873.927142121758;15315.973072000552;496;15315.973072000552;4626.4363;-0.2098257168327109;Evaluated;5.3783;2.2279;64;True;1;
76;3;26;;diversification;0;;;;;;;;;;;;;;;;;;;;;End-of-iteration summary row;;;15873.717316404925;15315.973072000552;496;15315.973072000552;4626.4462;;IterationSummary;;;;;;
77;3;27;1;normal;0;06e629487a76;move;;;8;15;;;;;;;;;;True;False;False;False;;ok;16988.94865184166;15873.717316404925;15873.717316404925;15315.973072000552;497;15315.973072000552;4634.2756;1115.2313354367343;Evaluated;5.3877;2.4341;64;True;1;
77;3;27;2;normal;0;06e629487a76;swap;20;25;;;;;;;;;;;;True;False;False;False;;ok;16872.641121508896;15873.717316404925;15873.717316404925;15315.973072000552;498;15315.973072000552;4642.1831;998.9238051039702;Evaluated;5.4788;2.4278;64;True;1;
77;3;27;3;normal;0;06e629487a76;reinsert_block;;;;;;;35;42;10;;;;;True;False;False;True;;ok;17237.563260248473;15873.717316404925;15873.717316404925;15315.973072000552;499;15315.973072000552;4650.4351;1363.8459438435475;Evaluated;5.8226;2.4265;64;True;1;
77;3;27;4;normal;0;06e629487a76;move;;;50;48;;;;;;;;;;True;False;False;False;;ok;15814.224586619252;15873.717316404925;15873.717316404925;15315.973072000552;500;15315.973072000552;4657.9313;-59.49272978567387;Evaluated;5.2616;2.2319;64;True;1;
77;3;27;5;normal;0;06e629487a76;move;;;50;20;;;;;;;;;;True;False;False;True;;ok;16296.144799535077;15873.717316404925;15873.717316404925;15315.973072000552;501;15315.973072000552;4665.5498;422.4274831301518;Evaluated;5.187;2.4286;64;True;1;
77;3;27;;normal;0;;;;;;;;;;;;;;;;;;;;;End-of-iteration summary row;;;15814.224586619252;15315.973072000552;501;15315.973072000552;4665.5675;;IterationSummary;;;;;;
78;3;28;1;normal;0;dfb90c30e7ad;move;;;8;15;;;;;;;;;;True;False;False;False;;ok;17380.52329157892;15814.224586619252;15814.224586619252;15315.973072000552;502;15315.973072000552;4673.8338;1566.2987049596686;Evaluated;5.8334;2.4272;64;True;1;
78;3;28;2;normal;0;dfb90c30e7ad;swap;20;35;;;;;;;;;;;;True;False;False;True;;ok;16499.483388252716;15814.224586619252;15814.224586619252;15315.973072000552;503;15315.973072000552;4681.3864;685.2588016334648;Evaluated;5.1252;2.4254;64;True;1;
78;3;28;3;normal;0;dfb90c30e7ad;reinsert_block;;;;;;;35;41;20;;;;;True;False;False;True;;ok;17361.061852023427;15814.224586619252;15814.224586619252;15315.973072000552;504;15315.973072000552;4689.2977;1546.837265404176;Evaluated;5.481;2.4276;64;True;1;
78;3;28;4;normal;0;dfb90c30e7ad;move;;;50;18;;;;;;;;;;True;False;False;True;;ok;17084.513346543576;15814.224586619252;15814.224586619252;15315.973072000552;505;15315.973072000552;4696.965;1270.288759924324;Evaluated;5.2306;2.4333;64;True;1;
78;3;28;5;normal;0;dfb90c30e7ad;move;;;50;15;;;;;;;;;;True;False;False;True;;ok;17084.560796006674;15814.224586619252;15814.224586619252;15315.973072000552;506;15315.973072000552;4704.5648;1270.336209387422;Evaluated;5.1595;2.4377;64;True;1;
78;3;28;;normal;1;;;;;;;;;;;;;;;;;;;;;End-of-iteration summary row;;;15814.224586619252;15315.973072000552;506;15315.973072000552;4704.5674;;IterationSummary;;;;;;
79;3;29;1;normal;1;dfb90c30e7ad;move;;;7;20;;;;;;;;;;True;False;False;True;;ok;16797.555923288382;15814.224586619252;15814.224586619252;15315.973072000552;507;15315.973072000552;4716.1843;983.3313366691309;Evaluated;9.1791;2.4292;64;True;2;duplicate_for_same_parent_sequence
79;3;29;2;normal;1;dfb90c30e7ad;swap;20;25;;;;;;;;;;;;True;False;False;False;;ok;16351.116944922174;15814.224586619252;15814.224586619252;15315.973072000552;508;15315.973072000552;4723.7803;536.8923583029227;Evaluated;5.1674;2.4255;64;True;1;
79;3;29;3;normal;1;dfb90c30e7ad;move;;;35;25;;;;;;;;;;True;False;False;True;;ok;16128.842733509116;15814.224586619252;15814.224586619252;15315.973072000552;509;15315.973072000552;4734.9742;314.6181468898649;Evaluated;8.7629;2.4279;64;True;2;duplicate_for_same_parent_sequence
79;3;29;4;normal;1;dfb90c30e7ad;swap;49;62;;;;;;;;;;;;True;False;False;True;;ok;16241.541893739703;15814.224586619252;15814.224586619252;15315.973072000552;510;15315.973072000552;4746.2046;427.317307120451;Evaluated;8.7896;2.4374;64;True;2;duplicate_for_same_parent_sequence
79;3;29;5;normal;1;dfb90c30e7ad;move;;;50;25;;;;;;;;;;True;False;False;True;;ok;16701.25949275955;15814.224586619252;15814.224586619252;15315.973072000552;511;15315.973072000552;4753.8799;887.0349061402976;Evaluated;5.2478;2.4251;64;True;1;
79;3;29;;normal;2;;;;;;;;;;;;;;;;;;;;;End-of-iteration summary row;;;15814.224586619252;15315.973072000552;511;15315.973072000552;4753.8826;;IterationSummary;;;;;;
80;3;30;1;normal;2;dfb90c30e7ad;move;;;7;15;;;;;;;;;;True;False;False;False;;ok;17190.691343034818;15814.224586619252;15814.224586619252;15315.973072000552;512;15315.973072000552;4761.9571;1376.4667564155661;Evaluated;5.6202;2.437;64;True;1;
80;3;30;2;normal;2;dfb90c30e7ad;swap;18;20;;;;;;;;;;;;True;False;False;False;;ok;16114.678440022171;15814.224586619252;15814.224586619252;15315.973072000552;513;15315.973072000552;4769.5666;300.4538534029198;Evaluated;5.1771;2.4302;64;True;1;
80;3;30;3;normal;2;dfb90c30e7ad;move;;;32;28;;;;;;;;;;True;False;False;False;;ok;17074.304263536575;15814.224586619252;15814.224586619252;15315.973072000552;514;15315.973072000552;4781.1818;1260.079676917323;Evaluated;9.1847;2.429;64;True;2;duplicate_for_same_parent_sequence
80;3;30;4;normal;2;dfb90c30e7ad;move;;;50;48;;;;;;;;;;True;False;False;False;;ok;15754.832424945153;15814.224586619252;15814.224586619252;15315.973072000552;515;15315.973072000552;4788.7014;-59.39216167409904;Evaluated;5.284;2.2326;64;True;1;
80;3;30;5;normal;2;dfb90c30e7ad;move;;;28;15;;;;;;;;;;True;False;False;True;;ok;15905.57902489846;15814.224586619252;15814.224586619252;15315.973072000552;516;15315.973072000552;4796.1131;91.3544382792079;Evaluated;5.1831;2.2259;64;True;1;
80;3;30;;normal;0;;;;;;;;;;;;;;;;;;;;;End-of-iteration summary row;;;15754.832424945153;15315.973072000552;516;15315.973072000552;4796.1296;;IterationSummary;;;;;;
81;3;31;1;normal;0;dbe679651528;move;;;7;15;;;;;;;;;;True;False;False;False;;ok;16678.847218660805;15754.832424945153;15754.832424945153;15315.973072000552;517;15315.973072000552;4804.1623;924.0147937156526;Evaluated;5.5989;2.428;64;True;1;
81;3;31;2;normal;0;dbe679651528;swap;20;25;;;;;;;;;;;;True;False;False;False;;ok;16252.299041187209;15754.832424945153;15754.832424945153;15315.973072000552;518;15315.973072000552;4811.9923;497.46661624205626;Evaluated;5.4028;2.4266;64;True;1;
81;3;31;3;normal;0;dbe679651528;reinsert_block;;;;;;;35;40;28;;;;;True;False;False;False;;ok;16809.385338446264;15754.832424945153;15754.832424945153;15315.973072000552;519;15315.973072000552;4819.9955;1054.552913501111;Evaluated;5.5747;2.4244;64;True;1;
81;3;31;4;normal;0;dbe679651528;move;;;50;49;;;;;;;;;;True;False;False;False;;ok;16068.441940496368;15754.832424945153;15754.832424945153;15315.973072000552;520;15315.973072000552;4827.5064;313.60951555121574;Evaluated;5.0773;2.4306;64;True;1;
81;3;31;5;normal;0;dbe679651528;move;;;10;5;;;;;;;;;;True;False;False;False;;ok;16767.550338383488;15754.832424945153;15754.832424945153;15315.973072000552;521;15315.973072000552;4835.0531;1012.717913438335;Evaluated;5.1147;2.4287;64;True;1;
81;3;31;;normal;1;;;;;;;;;;;;;;;;;;;;;End-of-iteration summary row;;;15754.832424945153;15315.973072000552;521;15315.973072000552;4835.0566;;IterationSummary;;;;;;
82;3;32;1;normal;1;dbe679651528;move;;;32;28;;;;;;;;;;True;False;False;False;;ok;16554.5465119719;15754.832424945153;15754.832424945153;15315.973072000552;522;15315.973072000552;4846.5448;799.7140870267485;Evaluated;9.0414;2.4335;64;True;2;duplicate_for_same_parent_sequence
82;3;32;2;normal;1;dbe679651528;swap;18;20;;;;;;;;;;;;True;False;False;False;;ok;16059.367572537674;15754.832424945153;15754.832424945153;15315.973072000552;523;15315.973072000552;4854.3602;304.53514759252175;Evaluated;5.3851;2.4273;64;True;1;
82;3;32;3;normal;1;dbe679651528;move;;;32;15;;;;;;;;;;True;False;False;True;;ok;16669.984495660006;15754.832424945153;15754.832424945153;15315.973072000552;524;15315.973072000552;4865.9091;915.1520707148538;Evaluated;9.1179;2.4274;64;True;2;duplicate_for_same_parent_sequence
82;3;32;4;normal;1;dbe679651528;move;;;50;48;;;;;;;;;;True;False;False;False;;ok;15873.717316404925;15754.832424945153;15754.832424945153;15315.973072000552;525;15315.973072000552;4873.5501;118.88489145977292;Evaluated;5.4117;2.2267;64;True;1;
82;3;32;5;normal;1;dbe679651528;move;;;43;25;;;;;;;;;;True;False;False;True;;ok;16104.535641878774;15754.832424945153;15754.832424945153;15315.973072000552;526;15315.973072000552;4880.9101;349.70321693362166;Evaluated;5.1211;2.2354;64;True;1;
82;3;32;;normal;2;;;;;;;;;;;;;;;;;;;;;End-of-iteration summary row;;;15754.832424945153;15315.973072000552;526;15315.973072000552;4880.9128;;IterationSummary;;;;;;
83;3;33;1;normal;2;dbe679651528;move;;;43;20;;;;;;;;;;True;False;False;True;;ok;16211.630133690473;15754.832424945153;15754.832424945153;15315.973072000552;527;15315.973072000552;4892.5339;456.79770874532005;Evaluated;9.1752;2.4303;64;True;2;duplicate_for_same_parent_sequence
83;3;33;2;normal;2;dbe679651528;swap;25;30;;;;;;;;;;;;True;False;False;False;;ok;16356.401344118107;15754.832424945153;15754.832424945153;15315.973072000552;528;15315.973072000552;4900.1443;601.5689191729543;Evaluated;5.1755;2.4318;64;True;1;
83;3;33;3;normal;2;dbe679651528;move;;;17;25;;;;;;;;;;True;False;False;False;;ok;16206.935078617309;15754.832424945153;15754.832424945153;15315.973072000552;529;15315.973072000552;4911.4785;452.1026536721565;Evaluated;8.9035;2.4278;64;True;2;duplicate_for_same_parent_sequence
83;3;33;4;normal;2;dbe679651528;move;;;32;18;;;;;;;;;;True;False;False;True;;ok;16673.574931601823;15754.832424945153;15754.832424945153;15315.973072000552;530;15315.973072000552;4922.9658;918.7425066566702;Evaluated;9.0516;2.433;64;True;2;duplicate_for_same_parent_sequence
83;3;33;5;normal;2;dbe679651528;move;;;28;35;;;;;;;;;;True;False;False;False;;ok;16436.000716447103;15754.832424945153;15754.832424945153;15315.973072000552;531;15315.973072000552;4930.624;681.1682915019501;Evaluated;5.2295;2.4256;64;True;1;
83;3;33;;normal;3;;;;;;;;;;;;;;;;;;;;;End-of-iteration summary row;;;15754.832424945153;15315.973072000552;531;15315.973072000552;4930.6272;;IterationSummary;;;;;;
84;3;34;1;diversification;3;dbe679651528;move;;;15;20;;;;;;;;;;True;False;False;False;;ok;16641.037552549293;15754.832424945153;15754.832424945153;15315.973072000552;532;15315.973072000552;4938.7523;886.2051276041402;Evaluated;5.6839;2.4263;64;True;1;
84;3;34;2;diversification;3;dbe679651528;reinsert_block;;;;;;;20;25;17;;;;;True;False;False;False;;ok;16406.93528414491;15754.832424945153;15754.832424945153;15315.973072000552;533;15315.973072000552;4946.8138;652.1028591997583;Evaluated;5.6325;2.4263;64;True;1;
84;3;34;3;diversification;3;dbe679651528;swap;32;40;;;;;;;;;;;;True;False;False;False;;ok;16159.689484707353;15754.832424945153;15754.832424945153;15315.973072000552;534;15315.973072000552;4954.5803;404.85705976220015;Evaluated;5.3391;2.4247;64;True;1;
84;3;34;4;diversification;3;dbe679651528;move;;;60;52;;;;;;;;;;True;False;False;False;;ok;16086.240337223197;15754.832424945153;15754.832424945153;15315.973072000552;535;15315.973072000552;4965.5116;331.407912278044;Evaluated;8.696;2.2338;64;True;2;duplicate_for_same_parent_sequence
84;3;34;5;diversification;3;dbe679651528;move;;;20;15;;;;;;;;;;True;False;False;False;;ok;16371.42614607431;15754.832424945153;15754.832424945153;15315.973072000552;536;15315.973072000552;4973.5429;616.5937211291566;Evaluated;5.6005;2.4281;64;True;1;
84;3;34;6;diversification;3;dbe679651528;move;;;23;17;;;;;;;;;;True;False;False;False;;ok;15806.660560205564;15754.832424945153;15754.832424945153;15315.973072000552;537;15315.973072000552;4984.4918;51.82813526041173;Evaluated;8.7225;2.2238;64;True;2;duplicate_for_same_parent_sequence
84;3;34;7;diversification;3;dbe679651528;move;;;28;15;;;;;;;;;;True;False;False;True;;ok;15836.017381468717;15754.832424945153;15754.832424945153;15315.973072000552;538;15315.973072000552;4995.5216;81.18495652356432;Evaluated;8.8032;2.2239;64;True;2;duplicate_for_same_parent_sequence
84;3;34;8;diversification;3;dbe679651528;move;;;8;15;;;;;;;;;;True;False;False;False;;ok;16859.50699845241;15754.832424945153;15754.832424945153;15315.973072000552;539;15315.973072000552;5003.4501;1104.6745735072564;Evaluated;5.4938;2.4317;64;True;1;
84;3;34;9;diversification;3;dbe679651528;move;;;40;25;;;;;;;;;;True;False;False;True;;ok;16348.465592725614;15754.832424945153;15754.832424945153;15315.973072000552;540;15315.973072000552;5014.4943;593.633167780461;Evaluated;8.6134;2.4281;64;True;2;duplicate_for_same_parent_sequence
84;3;34;10;diversification;3;dbe679651528;move;;;32;15;;;;;;;;;;False;True;False;;;ok;;15754.832424945153;15754.832424945153;15315.973072000552;540;15315.973072000552;5026.8774;;DuplicateForSameParentSequenceAfterRetries;12.3801;;;;3;duplicate_for_same_parent_sequence
84;3;34;;diversification;4;;;;;;;;;;;;;;;;;;;;;End-of-iteration summary row;;;15754.832424945153;15315.973072000552;540;15315.973072000552;5026.8785;;IterationSummary;;;;;;
85;3;35;1;diversification;4;dbe679651528;move;;;3;8;;;;;;;;;;True;False;False;False;;ok;17005.77298061215;15754.832424945153;15754.832424945153;15315.973072000552;541;15315.973072000552;5038.3388;1250.9405556669972;Evaluated;9.0202;2.4309;64;True;2;duplicate_for_same_parent_sequence
85;3;35;2;diversification;4;dbe679651528;reinsert_block;;;;;;;18;23;5;;;;;True;False;False;True;;ok;17433.552781456572;15754.832424945153;15754.832424945153;15315.973072000552;542;15315.973072000552;5046.3894;1678.7203565114196;Evaluated;5.6208;2.4269;64;True;1;
85;3;35;3;diversification;4;dbe679651528;swap;35;40;;;;;;;;;;;;True;False;False;False;;ok;15854.113233162989;15754.832424945153;15754.832424945153;15315.973072000552;543;15315.973072000552;5053.8931;99.28080821783624;Evaluated;5.2713;2.2317;64;True;1;
85;3;35;4;diversification;4;dbe679651528;move;;;61;49;;;;;;;;;;True;False;False;True;;ok;15827.430311438275;15754.832424945153;15754.832424945153;15315.973072000552;544;15315.973072000552;5064.875;72.59788649312213;Evaluated;8.7516;2.2272;64;True;2;duplicate_for_same_parent_sequence
85;3;35;5;diversification;4;dbe679651528;swap;3;10;;;;;;;;;;;;True;False;False;False;;ok;15754.832424945153;15754.832424945153;15754.832424945153;15315.973072000552;545;15315.973072000552;5075.7968;0.0;Evaluated;8.6961;2.2226;64;True;2;duplicate_for_same_parent_sequence
85;3;35;6;diversification;4;dbe679651528;swap;50;48;;;;;;;;;;;;True;False;False;False;;ok;16277.066825022568;15754.832424945153;15754.832424945153;15315.973072000552;546;15315.973072000552;5090.4337;522.2344000774156;Evaluated;12.2039;2.4298;64;True;3;duplicate_for_same_parent_sequence
85;3;35;7;diversification;4;dbe679651528;move;;;50;40;;;;;;;;;;True;False;False;True;;ok;16365.143470928077;15754.832424945153;15754.832424945153;15315.973072000552;547;15315.973072000552;5105.1905;610.311045982924;Evaluated;12.3188;2.4351;64;True;3;duplicate_for_same_parent_sequence
85;3;35;8;diversification;4;dbe679651528;swap;8;9;;;;;;;;;;;;True;False;False;False;;ok;15765.532557901039;15754.832424945153;15754.832424945153;15315.973072000552;548;15315.973072000552;5116.3071;10.700132955886147;Evaluated;8.883;2.231;64;True;2;duplicate_for_same_parent_sequence
85;3;35;9;diversification;4;dbe679651528;move;;;25;30;;;;;;;;;;True;False;False;False;;ok;15759.719459541293;15754.832424945153;15754.832424945153;15315.973072000552;549;15315.973072000552;5123.913;4.887034596140438;Evaluated;5.3736;2.2291;64;True;1;
85;3;35;10;diversification;4;dbe679651528;move;;;45;30;;;;;;;;;;True;False;False;True;;ok;15869.19917208306;15754.832424945153;15754.832424945153;15315.973072000552;550;15315.973072000552;5131.4409;114.36674713790671;Evaluated;5.2956;2.2289;64;True;1;
85;3;35;;diversification;5;;;;;;;;;;;;;;;;;;;;;End-of-iteration summary row;;;15754.832424945153;15315.973072000552;550;15315.973072000552;5131.4416;;IterationSummary;;;;;;
86;3;36;1;diversification;5;dbe679651528;move;;;10;25;;;;;;;;;;True;False;False;True;;ok;16308.632198631498;15754.832424945153;15754.832424945153;15315.973072000552;551;15315.973072000552;5139.4737;553.7997736863454;Evaluated;5.5994;2.4273;64;True;1;
86;3;36;2;diversification;5;dbe679651528;move;;;40;20;;;;;;;;;;True;False;False;True;;ok;16758.786188367776;15754.832424945153;15754.832424945153;15315.973072000552;552;15315.973072000552;5150.7961;1003.9537634226235;Evaluated;8.8958;2.4257;64;True;2;duplicate_for_same_parent_sequence
86;3;36;3;diversification;5;dbe679651528;swap;32;47;;;;;;;;;;;;True;False;False;True;;ok;16106.563238822928;15754.832424945153;15754.832424945153;15315.973072000552;553;15315.973072000552;5158.6757;351.7308138777753;Evaluated;5.4506;2.4256;64;True;1;
86;3;36;4;diversification;5;dbe679651528;move;;;61;35;;;;;;;;;;True;False;False;True;;ok;15784.513254510315;15754.832424945153;15754.832424945153;15315.973072000552;554;15315.973072000552;5169.6303;29.68082956516264;Evaluated;8.7253;2.2267;64;True;2;duplicate_for_same_parent_sequence
86;3;36;5;diversification;5;dbe679651528;move;;;20;5;;;;;;;;;;True;False;False;True;;ok;16447.134737876746;15754.832424945153;15754.832424945153;15315.973072000552;555;15315.973072000552;5177.5896;692.3023129315934;Evaluated;5.5275;2.4287;64;True;1;
86;3;36;6;diversification;5;dbe679651528;move;;;35;40;;;;;;;;;;True;False;False;False;;ok;15755.767702162191;15754.832424945153;15754.832424945153;15315.973072000552;556;15315.973072000552;5185.2832;0.9352772170386743;Evaluated;5.4615;2.2289;64;True;1;
86;3;36;7;diversification;5;dbe679651528;move;;;20;35;;;;;;;;;;True;False;False;True;;ok;16568.452420151243;15754.832424945153;15754.832424945153;15315.973072000552;557;15315.973072000552;5192.9693;813.6199952060906;Evaluated;5.2563;2.4271;64;True;1;
86;3;36;8;diversification;5;dbe679651528;move;;;30;20;;;;;;;;;;True;False;False;True;;ok;16762.706043082115;15754.832424945153;15754.832424945153;15315.973072000552;558;15315.973072000552;5203.9746;1007.8736181369622;Evaluated;8.5776;2.4244;64;True;2;duplicate_for_same_parent_sequence
86;3;36;9;diversification;5;dbe679651528;move;;;30;40;;;;;;;;;;True;False;False;True;;ok;16119.74274626193;15754.832424945153;15754.832424945153;15315.973072000552;559;15315.973072000552;5215.1606;364.9103213167782;Evaluated;8.7576;2.426;64;True;2;duplicate_for_same_parent_sequence
86;3;36;10;diversification;5;dbe679651528;swap;40;41;;;;;;;;;;;;True;False;False;False;;ok;15755.663111780474;15754.832424945153;15754.832424945153;15315.973072000552;560;15315.973072000552;5226.1082;0.830686835321103;Evaluated;8.7099;2.2346;64;True;2;duplicate_for_same_parent_sequence
86;3;36;;diversification;6;;;;;;;;;;;;;;;;;;;;;End-of-iteration summary row;;;15754.832424945153;15315.973072000552;560;15315.973072000552;5226.1109;;IterationSummary;;;;;;
87;3;37;1;diversification;6;dbe679651528;move;;;8;30;;;;;;;;;;True;False;False;True;;ok;16668.05977086364;15754.832424945153;15754.832424945153;15315.973072000552;561;15315.973072000552;5237.5675;913.2273459184889;Evaluated;9.0117;2.4291;64;True;2;duplicate_for_same_parent_sequence
87;3;37;2;diversification;6;dbe679651528;reinsert_block;;;;;;;18;24;35;;;;;True;False;False;True;;ok;16697.84178299846;15754.832424945153;15754.832424945153;15315.973072000552;562;15315.973072000552;5245.5542;943.0093580533085;Evaluated;5.5515;2.4324;64;True;1;
87;3;37;3;diversification;6;dbe679651528;swap;30;50;;;;;;;;;;;;True;False;False;True;;ok;16219.174016631845;15754.832424945153;15754.832424945153;15315.973072000552;563;15315.973072000552;5256.7594;464.3415916866925;Evaluated;8.7716;2.4307;64;True;2;duplicate_for_same_parent_sequence
87;3;37;4;diversification;6;dbe679651528;reinsert_block;;;;;;;48;52;60;;;;;True;False;False;True;;ok;16204.997556425416;15754.832424945153;15754.832424945153;15315.973072000552;564;15315.973072000552;5271.666;450.1651314802639;Evaluated;12.4744;2.429;64;True;3;duplicate_for_same_parent_sequence
87;3;37;5;diversification;6;dbe679651528;move;;;30;45;;;;;;;;;;True;False;False;True;;ok;16095.911947458073;15754.832424945153;15754.832424945153;15315.973072000552;565;15315.973072000552;5283.1673;341.07952251292045;Evaluated;9.0699;2.4269;64;True;2;duplicate_for_same_parent_sequence
87;3;37;6;diversification;6;dbe679651528;move;;;45;60;;;;;;;;;;True;False;False;True;;ok;15826.416909899228;15754.832424945153;15754.832424945153;15315.973072000552;566;15315.973072000552;5297.5452;71.58448495407538;Evaluated;12.1517;2.2227;64;True;3;duplicate_for_same_parent_sequence
87;3;37;7;diversification;6;dbe679651528;move;;;17;23;;;;;;;;;;True;False;False;False;;ok;16194.031776388707;15754.832424945153;15754.832424945153;15315.973072000552;567;15315.973072000552;5308.584;439.1993514435544;Evaluated;8.606;2.4301;64;True;2;duplicate_for_same_parent_sequence
87;3;37;8;diversification;6;dbe679651528;swap;8;14;;;;;;;;;;;;True;False;False;False;;ok;16401.881971724928;15754.832424945153;15754.832424945153;15315.973072000552;568;15315.973072000552;5319.7297;647.0495467797755;Evaluated;8.7168;2.4263;64;True;2;duplicate_for_same_parent_sequence
87;3;37;9;diversification;6;dbe679651528;move;;;30;15;;;;;;;;;;True;False;False;True;;ok;16761.305559786;15754.832424945153;15754.832424945153;15315.973072000552;569;15315.973072000552;5330.9231;1006.4731348408477;Evaluated;8.7566;2.4338;64;True;2;duplicate_for_same_parent_sequence
87;3;37;10;diversification;6;dbe679651528;move;;;40;50;;;;;;;;;;True;False;False;True;;ok;16524.10784927974;15754.832424945153;15754.832424945153;15315.973072000552;570;15315.973072000552;5338.6014;769.2754243345862;Evaluated;5.2405;2.4351;64;True;1;
87;3;37;;diversification;7;;;;;;;;;;;;;;;;;;;;;End-of-iteration summary row;;;15754.832424945153;15315.973072000552;570;15315.973072000552;5338.605;;IterationSummary;;;;;;
88;3;38;1;diversification;7;dbe679651528;move;;;5;30;;;;;;;;;;True;False;False;True;;ok;16585.795840696213;15754.832424945153;15754.832424945153;15315.973072000552;571;15315.973072000552;5350.1299;830.9634157510609;Evaluated;9.0783;2.4324;64;True;2;duplicate_for_same_parent_sequence
88;3;38;2;diversification;7;dbe679651528;reinsert_block;;;;;;;20;24;35;;;;;True;False;False;True;;ok;16836.547075446004;15754.832424945153;15754.832424945153;15315.973072000552;572;15315.973072000552;5358.1222;1081.7146505008513;Evaluated;5.5653;2.4239;64;True;1;
88;3;38;3;diversification;7;dbe679651528;swap;32;47;;;;;;;;;;;;False;True;False;;;ok;;15754.832424945153;15754.832424945153;15315.973072000552;572;15315.973072000552;5370.7527;;DuplicateForSameParentSequenceAfterRetries;12.6298;;;;3;duplicate_for_same_parent_sequence
88;3;38;4;diversification;7;dbe679651528;move;;;48;55;;;;;;;;;;True;False;False;False;;ok;16208.859065993673;15754.832424945153;15754.832424945153;15315.973072000552;573;15315.973072000552;5378.6083;454.0266410485201;Evaluated;5.4182;2.4364;64;True;1;
88;3;38;5;diversification;7;dbe679651528;swap;10;20;;;;;;;;;;;;True;False;False;False;;ok;16599.18177135311;15754.832424945153;15754.832424945153;15315.973072000552;574;15315.973072000552;5389.7444;844.3493464079565;Evaluated;8.7047;2.4288;64;True;2;duplicate_for_same_parent_sequence
88;3;38;6;diversification;7;dbe679651528;move;;;50;15;;;;;;;;;;True;False;False;True;;ok;16819.302640847407;15754.832424945153;15754.832424945153;15315.973072000552;575;15315.973072000552;5397.5395;1064.4702159022545;Evaluated;5.3661;2.426;64;True;1;
88;3;38;7;diversification;7;dbe679651528;move;;;10;45;;;;;;;;;;True;False;False;True;;ok;16294.54284697751;15754.832424945153;15754.832424945153;15315.973072000552;576;15315.973072000552;5408.5601;539.7104220323581;Evaluated;8.5883;2.4294;64;True;2;duplicate_for_same_parent_sequence
88;3;38;8;diversification;7;dbe679651528;reinsert_block;;;;;;;8;14;23;;;;;True;False;False;True;;ok;16359.203451575808;15754.832424945153;15754.832424945153;15315.973072000552;577;15315.973072000552;5419.9299;604.3710266306553;Evaluated;8.937;2.4303;64;True;2;duplicate_for_same_parent_sequence
88;3;38;9;diversification;7;dbe679651528;move;;;40;17;;;;;;;;;;True;False;False;True;;ok;16825.43860544032;15754.832424945153;15754.832424945153;15315.973072000552;578;15315.973072000552;5434.5386;1070.606180495166;Evaluated;12.1742;2.4314;64;True;3;duplicate_for_same_parent_sequence
88;3;38;10;diversification;7;dbe679651528;move;;;40;52;;;;;;;;;;True;False;False;True;;ok;17008.877978638244;15754.832424945153;15754.832424945153;15315.973072000552;579;15315.973072000552;5442.1615;1254.0455536930913;Evaluated;5.1896;2.4298;64;True;1;
88;3;38;;diversification;8;;;;;;;;;;;;;;;;;;;;;End-of-iteration summary row;;;15754.832424945153;15315.973072000552;579;15315.973072000552;5442.1642;;IterationSummary;;;;;;
89;3;39;1;diversification;8;dbe679651528;move;;;2;10;;;;;;;;;;True;False;False;False;;ok;17005.77298061215;15754.832424945153;15754.832424945153;15315.973072000552;580;15315.973072000552;5450.167;1250.9405556669972;Evaluated;5.56;2.4257;64;True;1;
89;3;39;2;diversification;8;dbe679651528;reinsert_block;;;;;;;18;24;35;;;;;False;True;False;;;ok;;15754.832424945153;15754.832424945153;15315.973072000552;580;15315.973072000552;5462.9581;;DuplicateForSameParentSequenceAfterRetries;12.7881;;;;3;duplicate_for_same_parent_sequence
89;3;39;3;diversification;8;dbe679651528;swap;32;47;;;;;;;;;;;;False;True;False;;;ok;;15754.832424945153;15754.832424945153;15315.973072000552;580;15315.973072000552;5475.4672;;DuplicateForSameParentSequenceAfterRetries;12.5082;;;;3;duplicate_for_same_parent_sequence
89;3;39;4;diversification;8;dbe679651528;reinsert_block;;;;;;;53;61;28;;;;;True;False;False;True;;ok;16716.282917906003;15754.832424945153;15754.832424945153;15315.973072000552;581;15315.973072000552;5487.1487;961.4504929608502;Evaluated;9.2528;2.4276;64;True;2;duplicate_for_same_parent_sequence
89;3;39;5;diversification;8;dbe679651528;swap;30;45;;;;;;;;;;;;True;False;False;True;;ok;15818.785863725463;15754.832424945153;15754.832424945153;15315.973072000552;582;15315.973072000552;5498.1334;63.953438780310535;Evaluated;8.7498;2.2343;64;True;2;duplicate_for_same_parent_sequence
89;3;39;6;diversification;8;dbe679651528;move;;;50;17;;;;;;;;;;True;False;False;True;;ok;16822.893076789223;15754.832424945153;15754.832424945153;15315.973072000552;583;15315.973072000552;5505.8888;1068.060651844071;Evaluated;5.3318;2.4229;64;True;1;
89;3;39;7;diversification;8;dbe679651528;move;;;10;35;;;;;;;;;;True;False;False;True;;ok;16948.013654629332;15754.832424945153;15754.832424945153;15315.973072000552;584;15315.973072000552;5513.4936;1193.18122968418;Evaluated;5.174;2.4302;64;True;1;
89;3;39;8;diversification;8;dbe679651528;move;;;8;25;;;;;;;;;;True;False;False;True;;ok;16654.41840276417;15754.832424945153;15754.832424945153;15315.973072000552;585;15315.973072000552;5521.0804;899.5859778190188;Evaluated;5.1606;2.4256;64;True;1;
89;3;39;9;diversification;8;dbe679651528;move;;;28;35;;;;;;;;;;False;True;False;;;ok;;15754.832424945153;15754.832424945153;15315.973072000552;585;15315.973072000552;5533.5057;;DuplicateForSameParentSequenceAfterRetries;12.4247;;;;3;duplicate_for_same_parent_sequence
89;3;39;10;diversification;8;dbe679651528;move;;;50;25;;;;;;;;;;True;False;False;True;;ok;16623.534049335798;15754.832424945153;15754.832424945153;15315.973072000552;586;15315.973072000552;5541.4928;868.7016243906455;Evaluated;5.5574;2.4287;64;True;1;
89;3;39;;diversification;9;;;;;;;;;;;;;;;;;;;;;End-of-iteration summary row;;;15754.832424945153;15315.973072000552;586;15315.973072000552;5541.4935;;IterationSummary;;;;;;
90;3;40;1;diversification;9;dbe679651528;move;;;0;16;;;;;;;;;;True;False;False;True;;ok;16177.50898962522;15754.832424945153;15754.832424945153;15315.973072000552;587;15315.973072000552;5549.4949;422.6765646800668;Evaluated;5.5722;2.4242;64;True;1;
90;3;40;2;diversification;9;dbe679651528;move;;;18;30;;;;;;;;;;True;False;False;True;;ok;16351.79532782037;15754.832424945153;15754.832424945153;15315.973072000552;588;15315.973072000552;5560.8925;596.962902875217;Evaluated;8.974;2.423;64;True;2;duplicate_for_same_parent_sequence
90;3;40;3;diversification;9;dbe679651528;move;;;35;10;;;;;;;;;;True;False;False;True;;ok;15879.152591625229;15754.832424945153;15754.832424945153;15315.973072000552;589;15315.973072000552;5571.8275;124.320166680076;Evaluated;8.7098;2.2244;64;True;2;duplicate_for_same_parent_sequence
90;3;40;4;diversification;9;dbe679651528;move;;;53;45;;;;;;;;;;True;False;False;False;;ok;15816.84602515517;15754.832424945153;15754.832424945153;15315.973072000552;590;15315.973072000552;5579.2967;62.0136002100171;Evaluated;5.2455;2.223;64;True;1;
90;3;40;5;diversification;9;dbe679651528;swap;2;17;;;;;;;;;;;;True;False;False;True;;ok;17179.868011103645;15754.832424945153;15754.832424945153;15315.973072000552;591;15315.973072000552;5590.415;1425.0355861584922;Evaluated;8.6896;2.4281;64;True;2;duplicate_for_same_parent_sequence
90;3;40;6;diversification;9;dbe679651528;move;;;53;28;;;;;;;;;;True;False;False;True;;ok;16294.58992832371;15754.832424945153;15754.832424945153;15315.973072000552;592;15315.973072000552;5598.0973;539.7575033785579;Evaluated;5.2579;2.4237;64;True;1;
90;3;40;7;diversification;9;dbe679651528;move;;;30;5;;;;;;;;;;True;False;False;True;;ok;17116.682624745612;15754.832424945153;15754.832424945153;15315.973072000552;593;15315.973072000552;5612.4185;1361.8501998004594;Evaluated;11.8945;2.4259;64;True;3;duplicate_for_same_parent_sequence
90;3;40;8;diversification;9;dbe679651528;swap;8;9;;;;;;;;;;;;False;True;False;;;ok;;15754.832424945153;15754.832424945153;15315.973072000552;593;15315.973072000552;5624.3548;;DuplicateForSameParentSequenceAfterRetries;11.9332;;;;3;duplicate_for_same_parent_sequence
90;3;40;9;diversification;9;dbe679651528;move;;;24;35;;;;;;;;;;True;False;False;True;;ok;16165.28295897385;15754.832424945153;15754.832424945153;15315.973072000552;594;15315.973072000552;5632.0704;410.4505340286978;Evaluated;5.2879;2.4267;64;True;1;
90;3;40;10;diversification;9;dbe679651528;move;;;53;40;;;;;;;;;;True;False;False;True;;ok;15773.283972133375;15754.832424945153;15754.832424945153;15315.973072000552;595;15315.973072000552;5639.4951;18.45154718822232;Evaluated;5.1945;2.2295;64;True;1;
90;4;0;;diversification;0;;;;;;;;;;;;;;;;;;;;;End-of-iteration summary row;;;16641.404845676683;15315.973072000552;596;15315.973072000552;5641.9228;;IterationSummary;;;;;;
91;4;1;1;normal;0;0f63cf6f404e;move;;;7;15;;;;;;;;;;True;False;False;False;;ok;17092.364244404424;16641.404845676683;16641.404845676683;15315.973072000552;597;15315.973072000552;5650.0375;450.95939872774034;Evaluated;5.6835;2.4263;64;True;1;
91;4;1;2;normal;0;0f63cf6f404e;swap;16;32;;;;;;;;;;;;True;False;False;True;;ok;16641.404845676683;16641.404845676683;16641.404845676683;15315.973072000552;598;15315.973072000552;5657.3464;0.0;Evaluated;4.8765;2.4318;64;True;1;
91;4;1;3;normal;0;0f63cf6f404e;reinsert_block;;;;;;;32;40;50;;;;;True;False;False;True;;ok;16555.06471993608;16641.404845676683;16641.404845676683;15315.973072000552;599;15315.973072000552;5664.8499;-86.34012574060398;Evaluated;5.0779;2.4231;64;True;1;
91;4;1;4;normal;0;0f63cf6f404e;move;;;53;48;;;;;;;;;;True;False;False;False;;ok;16186.543991006518;16641.404845676683;16641.404845676683;15315.973072000552;600;15315.973072000552;5672.1175;-454.8608546701653;Evaluated;4.8396;2.4274;64;True;1;
91;4;1;5;normal;0;0f63cf6f404e;move;;;53;20;;;;;;;;;;True;False;False;True;;ok;16825.88933716543;16641.404845676683;16641.404845676683;15315.973072000552;601;15315.973072000552;5679.3142;184.48449148874715;Evaluated;4.7674;2.4287;64;True;1;
91;4;1;;normal;0;;;;;;;;;;;;;;;;;;;;;End-of-iteration summary row;;;16186.543991006518;15315.973072000552;601;15315.973072000552;5679.3258;;IterationSummary;;;;;;
92;4;2;1;normal;0;f56cf31d26c0;move;;;7;15;;;;;;;;;;True;False;False;False;;ok;16628.362773507397;16186.543991006518;16186.543991006518;15315.973072000552;602;15315.973072000552;5687.2668;441.818782500879;Evaluated;5.508;2.4267;64;True;1;
92;4;2;2;normal;0;f56cf31d26c0;swap;18;20;;;;;;;;;;;;True;False;False;False;;ok;16940.273345608555;16186.543991006518;16186.543991006518;15315.973072000552;603;15315.973072000552;5695.0274;753.7293546020373;Evaluated;5.3315;2.4267;64;True;1;
92;4;2;3;normal;0;f56cf31d26c0;reinsert_block;;;;;;;35;40;28;;;;;True;False;False;False;;ok;16374.589933093639;16186.543991006518;16186.543991006518;15315.973072000552;604;15315.973072000552;5702.9147;188.04594208712115;Evaluated;5.4516;2.4326;64;True;1;
92;4;2;4;normal;0;f56cf31d26c0;move;;;53;28;;;;;;;;;;True;False;False;True;;ok;16675.50260033979;16186.543991006518;16186.543991006518;15315.973072000552;605;15315.973072000552;5710.5933;488.95860933327276;Evaluated;5.243;2.4332;64;True;1;
92;4;2;5;normal;0;f56cf31d26c0;move;;;40;16;;;;;;;;;;True;False;False;True;;ok;16355.028223014646;16186.543991006518;16186.543991006518;15315.973072000552;606;15315.973072000552;5721.6288;168.48423200812795;Evaluated;8.6045;2.4277;64;True;2;duplicate_for_same_parent_sequence
92;4;2;;normal;1;;;;;;;;;;;;;;;;;;;;;End-of-iteration summary row;;;16186.543991006518;15315.973072000552;606;15315.973072000552;5721.6337;;IterationSummary;;;;;;
93;4;3;1;normal;1;f56cf31d26c0;move;;;10;5;;;;;;;;;;True;False;False;False;;ok;16263.257074829862;16186.543991006518;16186.543991006518;15315.973072000552;607;15315.973072000552;5729.4181;76.71308382334428;Evaluated;5.3372;2.4344;64;True;1;
93;4;3;2;normal;1;f56cf31d26c0;swap;16;20;;;;;;;;;;;;True;False;False;False;;ok;17261.2989506601;16186.543991006518;16186.543991006518;15315.973072000552;608;15315.973072000552;5737.2136;1074.7549596535828;Evaluated;5.3618;2.4309;64;True;1;
93;4;3;3;normal;1;f56cf31d26c0;reinsert_block;;;;;;;32;40;16;;;;;True;False;False;True;;ok;15835.217703283983;16186.543991006518;16186.543991006518;15315.973072000552;609;15315.973072000552;5744.8967;-351.3262877225352;Evaluated;5.4473;2.2327;64;True;1;
93;4;3;4;normal;1;f56cf31d26c0;move;;;50;49;;;;;;;;;;True;False;False;False;;ok;16186.543991006518;16186.543991006518;16186.543991006518;15315.973072000552;610;15315.973072000552;5752.3457;0.0;Evaluated;5.0194;2.4271;64;True;1;
93;4;3;5;normal;1;f56cf31d26c0;move;;;30;25;;;;;;;;;;True;False;False;False;;ok;16177.607411535473;16186.543991006518;16186.543991006518;15315.973072000552;611;15315.973072000552;5760.1816;-8.936579471044752;Evaluated;5.4015;2.4315;64;True;1;
93;4;3;;normal;0;;;;;;;;;;;;;;;;;;;;;End-of-iteration summary row;;;15835.217703283983;15315.973072000552;611;15315.973072000552;5760.1962;;IterationSummary;;;;;;
94;4;4;1;normal;0;a9b29ced1664;move;;;8;12;;;;;;;;;;True;False;False;False;;ok;16823.21486360235;15835.217703283983;15835.217703283983;15315.973072000552;612;15315.973072000552;5767.8974;987.9971603183658;Evaluated;5.2707;2.4248;64;True;1;
94;4;4;2;normal;0;a9b29ced1664;swap;20;25;;;;;;;;;;;;True;False;False;False;;ok;15780.319877316035;15835.217703283983;15835.217703283983;15315.973072000552;613;15315.973072000552;5775.5617;-54.89782596794794;Evaluated;5.4344;2.2271;64;True;1;
94;4;4;3;normal;0;a9b29ced1664;reinsert_block;;;;;;;35;40;28;;;;;True;False;False;False;;ok;16553.184230167913;15835.217703283983;15835.217703283983;15315.973072000552;614;15315.973072000552;5783.4843;717.9665268839308;Evaluated;5.4855;2.4342;64;True;1;
94;4;4;4;normal;0;a9b29ced1664;move;;;50;48;;;;;;;;;;True;False;False;False;;ok;15835.279693980097;15835.217703283983;15835.217703283983;15315.973072000552;615;15315.973072000552;5790.9279;0.06199069611466257;Evaluated;5.2077;2.2328;64;True;1;
94;4;4;5;normal;0;a9b29ced1664;move;;;50;49;;;;;;;;;;True;False;False;False;;ok;15833.472773165237;15835.217703283983;15835.217703283983;15315.973072000552;616;15315.973072000552;5798.3273;-1.744930118746197;Evaluated;5.168;2.2289;64;True;1;
94;4;4;;normal;0;;;;;;;;;;;;;;;;;;;;;End-of-iteration summary row;;;15780.319877316035;15315.973072000552;616;15315.973072000552;5798.3385;;IterationSummary;;;;;;
95;4;5;1;normal;0;4b6cee83543b;move;;;10;5;;;;;;;;;;True;False;False;False;;ok;16840.29535766977;15780.319877316035;15780.319877316035;15315.973072000552;617;15315.973072000552;5806.2563;1059.9754803537344;Evaluated;5.4784;2.4327;64;True;1;
95;4;5;2;normal;0;4b6cee83543b;swap;20;25;;;;;;;;;;;;True;False;False;False;;ok;15835.217703283983;15780.319877316035;15780.319877316035;15315.973072000552;618;15315.973072000552;5813.567;54.89782596794794;Evaluated;5.08;2.2278;64;True;1;
95;4;5;3;normal;0;4b6cee83543b;reinsert_block;;;;;;;35;40;16;;;;;True;False;False;True;;ok;16657.96338906068;15780.319877316035;15780.319877316035;15315.973072000552;619;15315.973072000552;5821.4671;877.6435117446435;Evaluated;5.4707;2.426;64;True;1;
95;4;5;4;normal;0;4b6cee83543b;move;;;50;47;;;;;;;;;;True;False;False;False;;ok;15781.109689889036;15780.319877316035;15780.319877316035;15315.973072000552;620;15315.973072000552;5828.9346;0.789812573000745;Evaluated;5.2364;2.2284;64;True;1;
95;4;5;5;normal;0;4b6cee83543b;move;;;40;16;;;;;;;;;;True;False;False;True;;ok;16384.665966288623;15780.319877316035;15780.319877316035;15315.973072000552;621;15315.973072000552;5836.5195;604.3460889725884;Evaluated;5.1564;2.4252;64;True;1;
95;4;5;;normal;1;;;;;;;;;;;;;;;;;;;;;End-of-iteration summary row;;;15780.319877316035;15315.973072000552;621;15315.973072000552;5836.5235;;IterationSummary;;;;;;
96;4;6;1;normal;1;4b6cee83543b;move;;;8;3;;;;;;;;;;True;False;False;False;;ok;17023.14082081764;15780.319877316035;15780.319877316035;15315.973072000552;622;15315.973072000552;5847.6885;1242.8209435016051;Evaluated;8.7313;2.4251;64;True;2;duplicate_for_same_parent_sequence
96;4;6;2;normal;1;4b6cee83543b;swap;17;20;;;;;;;;;;;;True;False;False;False;;ok;16344.391198111607;15780.319877316035;15780.319877316035;15315.973072000552;623;15315.973072000552;5855.3423;564.0713207955723;Evaluated;5.2251;2.4259;64;True;1;
96;4;6;3;normal;1;4b6cee83543b;reinsert_block;;;;;;;35;40;28;;;;;True;False;False;False;;ok;16566.782971926797;15780.319877316035;15780.319877316035;15315.973072000552;624;15315.973072000552;5863.5863;786.4630946107627;Evaluated;5.8119;2.4291;64;True;1;
96;4;6;4;normal;1;4b6cee83543b;move;;;50;48;;;;;;;;;;True;False;False;False;;ok;15781.109689889036;15780.319877316035;15780.319877316035;15315.973072000552;625;15315.973072000552;5870.9461;0.789812573000745;Evaluated;5.1286;2.2285;64;True;1;
96;4;6;5;normal;1;4b6cee83543b;move;;;6;10;;;;;;;;;;True;False;False;False;;ok;15780.341997165086;15780.319877316035;15780.319877316035;15315.973072000552;626;15315.973072000552;5878.2522;0.022119849050795892;Evaluated;5.0763;2.2266;64;True;1;
96;4;6;;normal;2;;;;;;;;;;;;;;;;;;;;;End-of-iteration summary row;;;15780.319877316035;15315.973072000552;626;15315.973072000552;5878.2552;;IterationSummary;;;;;;
97;4;7;1;normal;2;4b6cee83543b;move;;;3;7;;;;;;;;;;True;False;False;False;;ok;17436.259210947104;15780.319877316035;15780.319877316035;15315.973072000552;627;15315.973072000552;5886.3445;1655.9393336310695;Evaluated;5.6459;2.4302;64;True;1;
97;4;7;2;normal;2;4b6cee83543b;swap;18;25;;;;;;;;;;;;True;False;False;False;;ok;16951.532511658654;15780.319877316035;15780.319877316035;15315.973072000552;628;15315.973072000552;5893.9431;1171.212634342619;Evaluated;5.1732;2.4225;64;True;1;
97;4;7;3;normal;2;4b6cee83543b;move;;;37;29;;;;;;;;;;True;False;False;False;;ok;15997.54389889813;15780.319877316035;15780.319877316035;15315.973072000552;629;15315.973072000552;5905.1614;217.2240215820948;Evaluated;8.9886;2.2269;64;True;2;duplicate_for_same_parent_sequence
97;4;7;4;normal;2;4b6cee83543b;move;;;50;49;;;;;;;;;;True;False;False;False;;ok;15768.276781992274;15780.319877316035;15780.319877316035;15315.973072000552;630;15315.973072000552;5912.5423;-12.043095323761008;Evaluated;5.1504;2.2277;64;True;1;
97;4;7;5;normal;2;4b6cee83543b;move;;;26;30;;;;;;;;;;True;False;False;False;;ok;16215.070436671329;15780.319877316035;15780.319877316035;15315.973072000552;631;15315.973072000552;5920.1052;434.7505593552942;Evaluated;5.1231;2.4365;64;True;1;
97;4;7;;normal;0;;;;;;;;;;;;;;;;;;;;;End-of-iteration summary row;;;15768.276781992274;15315.973072000552;631;15315.973072000552;5920.1274;;IterationSummary;;;;;;
98;4;8;1;normal;0;5a9060572909;move;;;7;3;;;;;;;;;;True;False;False;False;;ok;16968.801404247784;15768.276781992274;15768.276781992274;15315.973072000552;632;15315.973072000552;5928.1774;1200.5246222555106;Evaluated;5.6174;2.4266;64;True;1;
98;4;8;2;normal;0;5a9060572909;swap;20;25;;;;;;;;;;;;True;False;False;False;;ok;15833.472773165237;15768.276781992274;15768.276781992274;15315.973072000552;633;15315.973072000552;5935.7442;65.19599117296275;Evaluated;5.3395;2.226;64;True;1;
98;4;8;3;normal;0;5a9060572909;reinsert_block;;;;;;;35;40;28;;;;;True;False;False;False;;ok;16572.364528140064;15768.276781992274;15768.276781992274;15315.973072000552;634;15315.973072000552;5943.6373;804.0877461477903;Evaluated;5.4556;2.4349;64;True;1;
98;4;8;4;normal;0;5a9060572909;move;;;48;50;;;;;;;;;;True;False;False;False;;ok;15780.802353292536;15768.276781992274;15768.276781992274;15315.973072000552;635;15315.973072000552;5951.0785;12.525571300262527;Evaluated;5.2079;2.2302;64;True;1;
98;4;8;5;normal;0;5a9060572909;move;;;50;47;;;;;;;;;;True;False;False;False;;ok;15780.54680264319;15768.276781992274;15768.276781992274;15315.973072000552;636;15315.973072000552;5958.4801;12.270020650916194;Evaluated;5.171;2.228;64;True;1;
98;4;8;;normal;1;;;;;;;;;;;;;;;;;;;;;End-of-iteration summary row;;;15768.276781992274;15315.973072000552;636;15315.973072000552;5958.4832;;IterationSummary;;;;;;
99;4;9;1;normal;1;5a9060572909;move;;;10;5;;;;;;;;;;True;False;False;False;;ok;16827.46244977301;15768.276781992274;15768.276781992274;15315.973072000552;637;15315.973072000552;5966.3608;1059.1856677807373;Evaluated;5.4358;2.4289;64;True;1;
99;4;9;2;normal;1;5a9060572909;swap;18;25;;;;;;;;;;;;True;False;False;False;;ok;16949.75830125253;15768.276781992274;15768.276781992274;15315.973072000552;638;15315.973072000552;5973.9808;1181.4815192602546;Evaluated;5.184;2.4332;64;True;1;
99;4;9;3;normal;1;5a9060572909;reinsert_block;;;;;;;32;40;16;;;;;True;False;False;True;;ok;15860.17536317946;15768.276781992274;15768.276781992274;15315.973072000552;639;15315.973072000552;5981.7726;91.89858118718621;Evaluated;5.5664;2.2223;64;True;1;
99;4;9;4;normal;1;5a9060572909;swap;49;51;;;;;;;;;;;;True;False;False;False;;ok;15785.125266233694;15768.276781992274;15768.276781992274;15315.973072000552;640;15315.973072000552;5992.5301;16.84848424142001;Evaluated;8.5297;2.2262;64;True;2;duplicate_for_same_parent_sequence
99;4;9;5;normal;1;5a9060572909;move;;;26;30;;;;;;;;;;True;False;False;False;;ok;16203.181626694279;15768.276781992274;15768.276781992274;15315.973072000552;641;15315.973072000552;6000.0635;434.904844702005;Evaluated;5.1023;2.4282;64;True;1;
99;4;9;;normal;2;;;;;;;;;;;;;;;;;;;;;End-of-iteration summary row;;;15768.276781992274;15315.973072000552;641;15315.973072000552;6000.0666;;IterationSummary;;;;;;
100;4;10;1;normal;2;5a9060572909;move;;;8;12;;;;;;;;;;True;False;False;False;;ok;16818.19935441727;15768.276781992274;15768.276781992274;15315.973072000552;642;15315.973072000552;6007.9501;1049.9225724249955;Evaluated;5.4438;2.4274;64;True;1;
100;4;10;2;normal;2;5a9060572909;swap;17;30;;;;;;;;;;;;True;False;False;True;;ok;16728.50948010774;15768.276781992274;15768.276781992274;15315.973072000552;643;15315.973072000552;6019.125;960.2326981154656;Evaluated;8.7427;2.4291;64;True;2;duplicate_for_same_parent_sequence
100;4;10;3;normal;2;5a9060572909;move;;;19;23;;;;;;;;;;True;False;False;False;;ok;16347.582210101915;15768.276781992274;15768.276781992274;15315.973072000552;644;15315.973072000552;6030.4566;579.3054281096411;Evaluated;8.898;2.431;64;True;2;duplicate_for_same_parent_sequence
100;4;10;4;normal;2;5a9060572909;move;;;50;48;;;;;;;;;;True;False;False;False;;ok;15780.54680264319;15768.276781992274;15768.276781992274;15315.973072000552;645;15315.973072000552;6037.8663;12.270020650916194;Evaluated;5.1787;2.228;64;True;1;
100;4;10;5;normal;2;5a9060572909;move;;;40;16;;;;;;;;;;True;False;False;True;;ok;16384.665966288623;15768.276781992274;15768.276781992274;15315.973072000552;646;15315.973072000552;6045.4471;616.3891842963494;Evaluated;5.149;2.4291;64;True;1;
100;4;10;;normal;3;;;;;;;;;;;;;;;;;;;;;End-of-iteration summary row;;;15768.276781992274;15315.973072000552;646;15315.973072000552;6045.4501;;IterationSummary;;;;;;
100;4;10;;;3;;;;;;;;;;;;;;;;;;;;;PartA | PartB | PartC | PartD | PartE | PartF | PartG | PartH | PartA | PartB | PartC | PartD | PartE | PartF | PartG | PartH | PartA | PartB | PartC | PartD | PartE | PartF | PartG | PartH | PartA | PartB | PartC | PartD | PartF | PartA | PartG | PartH | PartE | PartA | PartB | PartC | PartD | PartE | PartF | PartG | PartH | PartH | PartA | PartB | PartC | PartD | PartE | PartF | PartG | PartC | PartA | PartB | PartD | PartE | PartF | PartG | PartH | PartB | PartC | PartD | PartE | PartF | PartG | PartH;;;15768.276781992274;15315.973072000552;646;15315.973072000552;6045.4583;;FinalGlobalBestSequence;;;;;;
