iteration;restart_id;iteration_in_restart;candidate_in_iteration;search_mode;no_improvement_count_before_iteration;parent_sequence_signature;action;swap_i;swap_j;move_from;move_to;reverse_start;reverse_end;reinsert_block_start;reinsert_block_end;reinsert_block_to;swap_blocks_start1;swap_blocks_end1;swap_blocks_start2;swap_blocks_end2;valid;duplicate_for_same_parent_sequence;recently_rejected_for_same_parent_sequence;diversification_compatible;parse_error;validation_message;resulting_makespan;best_makespan_before;best_makespan_after;global_best_makespan_after;completed_simulations;actual_global_best_makespan;elapsed_optimization_time_sec;delta_vs_best_before;status;llm_time_sec;simulation_time_sec;exited_parts;completion_valid;llm_attempts;retry_reason
1;1;1;1;normal;0;0f63cf6f404e;move;;;10;5;;;;;;;;;;True;False;False;False;;ok;15624.28520901457;16641.404845676683;16641.404845676683;16641.404845676683;2;16641.404845676683;20.0749;-1017.1196366621134;Evaluated;17.8383;2.2279;64;True;1;
1;1;1;2;normal;0;0f63cf6f404e;swap;18;20;;;;;;;;;;;;True;False;False;False;;ok;17394.129398115478;16641.404845676683;16641.404845676683;16641.404845676683;3;16641.404845676683;27.3226;752.7245524387945;Evaluated;4.8222;2.4249;64;True;1;
1;1;1;3;normal;0;0f63cf6f404e;reinsert_block;;;;;;;32;40;16;;;;;True;False;False;True;;ok;16298.825894167576;16641.404845676683;16641.404845676683;16641.404845676683;4;16641.404845676683;34.8498;-342.57895150910736;Evaluated;5.0908;2.4355;64;True;1;
1;1;1;4;normal;0;0f63cf6f404e;move;;;50;49;;;;;;;;;;True;False;False;False;;ok;16187.814598926165;16641.404845676683;16641.404845676683;16641.404845676683;5;16641.404845676683;42.1036;-453.5902467505184;Evaluated;4.8268;2.4259;64;True;1;
1;1;1;5;normal;0;0f63cf6f404e;move;;;15;20;;;;;;;;;;True;False;False;False;;ok;17568.194183114218;16641.404845676683;16641.404845676683;16641.404845676683;6;16641.404845676683;49.3019;926.7893374375344;Evaluated;4.7755;2.4221;64;True;1;
1;1;1;;normal;0;;;;;;;;;;;;;;;;;;;;;End-of-iteration summary row;;;15624.28520901457;15624.28520901457;6;15624.28520901457;49.3219;;IterationSummary;;;;;;
2;1;2;1;normal;0;457c4bc75f95;move;;;5;10;;;;;;;;;;True;False;False;False;;ok;16641.404845676683;15624.28520901457;15624.28520901457;15624.28520901457;7;15624.28520901457;57.4266;1017.1196366621134;Evaluated;5.666;2.4297;64;True;1;
2;1;2;2;normal;0;457c4bc75f95;swap;17;25;;;;;;;;;;;;True;False;False;False;;ok;15624.28520901457;15624.28520901457;15624.28520901457;15624.28520901457;8;15624.28520901457;64.8143;0.0;Evaluated;5.1471;2.239;64;True;1;
2;1;2;3;normal;0;457c4bc75f95;reinsert_block;;;;;;;35;40;18;;;;;True;False;False;True;;ok;16451.32331261529;15624.28520901457;15624.28520901457;15624.28520901457;9;15624.28520901457;72.7124;827.038103600722;Evaluated;5.4735;2.4221;64;True;1;
2;1;2;4;normal;0;457c4bc75f95;move;;;50;48;;;;;;;;;;True;False;False;False;;ok;15636.61505467081;15624.28520901457;15624.28520901457;15624.28520901457;10;15624.28520901457;80.1416;12.32984565624065;Evaluated;5.2023;2.2261;64;True;1;
2;1;2;5;normal;0;457c4bc75f95;move;;;30;25;;;;;;;;;;True;False;False;False;;ok;18080.87336241174;15624.28520901457;15624.28520901457;15624.28520901457;11;15624.28520901457;88.1552;2456.5881533971715;Evaluated;5.3868;2.6259;64;True;1;
2;1;2;;normal;1;;;;;;;;;;;;;;;;;;;;;End-of-iteration summary row;;;15624.28520901457;15624.28520901457;11;15624.28520901457;88.1581;;IterationSummary;;;;;;
3;1;3;1;normal;1;457c4bc75f95;move;;;10;5;;;;;;;;;;True;False;False;False;;ok;18200.878935664194;15624.28520901457;15624.28520901457;15624.28520901457;12;15624.28520901457;96.4947;2576.593726649624;Evaluated;5.6998;2.6283;64;True;1;
3;1;3;2;normal;1;457c4bc75f95;swap;18;20;;;;;;;;;;;;True;False;False;False;;ok;17126.839559399566;15624.28520901457;15624.28520901457;15624.28520901457;13;15624.28520901457;103.9945;1502.5543503849967;Evaluated;5.0715;2.4261;64;True;1;
3;1;3;3;normal;1;457c4bc75f95;reinsert_block;;;;;;;32;35;40;;;;;True;False;False;False;;ok;17902.268266856026;15624.28520901457;15624.28520901457;15624.28520901457;14;15624.28520901457;112.8335;2277.9830578414567;Evaluated;6.4132;2.4252;64;True;1;
3;1;3;4;normal;1;457c4bc75f95;move;;;50;49;;;;;;;;;;True;False;False;False;;ok;15645.42963286556;15624.28520901457;15624.28520901457;15624.28520901457;15;15624.28520901457;120.1745;21.14442385099028;Evaluated;5.1164;2.2239;64;True;1;
3;1;3;5;normal;1;457c4bc75f95;move;;;20;15;;;;;;;;;;True;False;False;False;;ok;17140.394312563836;15624.28520901457;15624.28520901457;15624.28520901457;16;15624.28520901457;127.7443;1516.1091035492664;Evaluated;5.1429;2.4242;64;True;1;
3;1;3;;normal;2;;;;;;;;;;;;;;;;;;;;;End-of-iteration summary row;;;15624.28520901457;15624.28520901457;16;15624.28520901457;127.7461;;IterationSummary;;;;;;
4;1;4;1;normal;2;457c4bc75f95;move;;;8;3;;;;;;;;;;True;False;False;False;;ok;17906.989734677136;15624.28520901457;15624.28520901457;15624.28520901457;17;15624.28520901457;139.1425;2282.704525662566;Evaluated;8.9473;2.4375;64;True;2;duplicate_for_same_parent_sequence
4;1;4;2;normal;2;457c4bc75f95;swap;25;30;;;;;;;;;;;;True;False;False;False;;ok;17863.03391389616;15624.28520901457;15624.28520901457;15624.28520901457;18;15624.28520901457;150.4689;2238.748704881591;Evaluated;8.894;2.4317;64;True;2;duplicate_for_same_parent_sequence
4;1;4;3;normal;2;457c4bc75f95;reinsert_block;;;;;;;40;45;32;;;;;True;False;False;True;;ok;16185.646586616325;15624.28520901457;15624.28520901457;15624.28520901457;19;15624.28520901457;158.335;561.3613776017555;Evaluated;5.4377;2.4276;64;True;1;
4;1;4;4;normal;2;457c4bc75f95;move;;;40;45;;;;;;;;;;True;False;False;False;;ok;15452.7600708035;15624.28520901457;15624.28520901457;15624.28520901457;20;15624.28520901457;172.5962;-171.52513821106913;Evaluated;12.0323;2.2282;64;True;3;duplicate_for_same_parent_sequence
4;1;4;5;normal;2;457c4bc75f95;move;;;25;30;;;;;;;;;;True;False;False;False;;ok;15624.461469062106;15624.28520901457;15624.28520901457;15624.28520901457;21;15624.28520901457;179.9448;0.17626004753583402;Evaluated;5.1205;2.2249;64;True;1;
4;1;4;;normal;0;;;;;;;;;;;;;;;;;;;;;End-of-iteration summary row;;;15452.7600708035;15452.7600708035;21;15452.7600708035;179.9617;;IterationSummary;;;;;;
5;1;5;1;normal;0;dad9cd5460aa;move;;;7;5;;;;;;;;;;True;False;False;False;;ok;17544.371240301167;15452.7600708035;15452.7600708035;15452.7600708035;22;15452.7600708035;187.9906;2091.611169497666;Evaluated;5.5991;2.4232;64;True;1;
5;1;5;2;normal;0;dad9cd5460aa;swap;17;25;;;;;;;;;;;;True;False;False;False;;ok;15452.7600708035;15452.7600708035;15452.7600708035;15452.7600708035;23;15452.7600708035;195.4286;0.0;Evaluated;5.2102;2.2271;64;True;1;
5;1;5;3;normal;0;dad9cd5460aa;reinsert_block;;;;;;;35;40;28;;;;;True;False;False;False;;ok;16530.693620127102;15452.7600708035;15452.7600708035;15452.7600708035;24;15452.7600708035;203.3006;1077.9335493236013;Evaluated;5.4402;2.4284;64;True;1;
5;1;5;4;normal;0;dad9cd5460aa;move;;;50;49;;;;;;;;;;True;False;False;False;;ok;15447.63639663029;15452.7600708035;15452.7600708035;15452.7600708035;25;15452.7600708035;210.5785;-5.12367417321002;Evaluated;5.0427;2.2324;64;True;1;
5;1;5;5;normal;0;dad9cd5460aa;move;;;25;30;;;;;;;;;;True;False;False;False;;ok;15452.463788098661;15452.7600708035;15452.7600708035;15452.7600708035;26;15452.7600708035;217.952;-0.2962827048395411;Evaluated;5.141;2.2293;64;True;1;
5;1;5;;normal;0;;;;;;;;;;;;;;;;;;;;;End-of-iteration summary row;;;15447.63639663029;15447.63639663029;26;15447.63639663029;217.9628;;IterationSummary;;;;;;
6;1;6;1;normal;0;2a8792c24c59;move;;;10;3;;;;;;;;;;True;False;False;False;;ok;17462.50800109075;15447.63639663029;15447.63639663029;15447.63639663029;27;15447.63639663029;225.8141;2014.8716044604607;Evaluated;5.4178;2.4253;64;True;1;
6;1;6;2;normal;0;2a8792c24c59;swap;18;20;;;;;;;;;;;;True;False;False;False;;ok;16680.27613856313;15447.63639663029;15447.63639663029;15447.63639663029;28;15447.63639663029;233.5913;1232.6397419328405;Evaluated;5.3455;2.4311;64;True;1;
6;1;6;3;normal;0;2a8792c24c59;reinsert_block;;;;;;;35;40;28;;;;;True;False;False;False;;ok;16070.88402319363;15447.63639663029;15447.63639663029;15447.63639663029;29;15447.63639663029;241.4623;623.2476265633395;Evaluated;5.4451;2.4231;64;True;1;
6;1;6;4;normal;0;2a8792c24c59;move;;;50;38;;;;;;;;;;True;False;False;True;;ok;15540.743312626311;15447.63639663029;15447.63639663029;15447.63639663029;30;15447.63639663029;248.8985;93.10691599602069;Evaluated;5.2102;2.2252;64;True;1;
6;1;6;5;normal;0;2a8792c24c59;move;;;25;30;;;;;;;;;;True;False;False;False;;ok;15448.325291503164;15447.63639663029;15447.63639663029;15447.63639663029;31;15447.63639663029;256.3117;0.6888948728737887;Evaluated;5.1781;2.2321;64;True;1;
6;1;6;;normal;1;;;;;;;;;;;;;;;;;;;;;End-of-iteration summary row;;;15447.63639663029;15447.63639663029;31;15447.63639663029;256.315;;IterationSummary;;;;;;
7;1;7;1;normal;1;2a8792c24c59;move;;;7;5;;;;;;;;;;True;False;False;False;;ok;17090.256348801115;15447.63639663029;15447.63639663029;15447.63639663029;32;15447.63639663029;264.1253;1642.619952170824;Evaluated;5.3641;2.4292;64;True;1;
7;1;7;2;normal;1;2a8792c24c59;swap;25;30;;;;;;;;;;;;True;False;False;False;;ok;17414.803083667666;15447.63639663029;15447.63639663029;15447.63639663029;33;15447.63639663029;275.5974;1967.1666870373756;Evaluated;9.04;2.4295;64;True;2;duplicate_for_same_parent_sequence
7;1;7;3;normal;1;2a8792c24c59;move;;;40;35;;;;;;;;;;True;False;False;False;;ok;15934.934857030501;15447.63639663029;15447.63639663029;15447.63639663029;34;15447.63639663029;286.7218;487.2984604002104;Evaluated;8.8922;2.2284;64;True;2;duplicate_for_same_parent_sequence
7;1;7;4;normal;1;2a8792c24c59;move;;;50;48;;;;;;;;;;True;False;False;False;;ok;15675.377337618062;15447.63639663029;15447.63639663029;15447.63639663029;35;15447.63639663029;294.18;227.74094098777095;Evaluated;5.2299;2.2274;64;True;1;
7;1;7;5;normal;1;2a8792c24c59;move;;;42;35;;;;;;;;;;True;False;False;False;;ok;15796.362506039011;15447.63639663029;15447.63639663029;15447.63639663029;36;15447.63639663029;301.5221;348.72610940872073;Evaluated;5.114;2.2248;64;True;1;
7;1;7;;normal;2;;;;;;;;;;;;;;;;;;;;;End-of-iteration summary row;;;15447.63639663029;15447.63639663029;36;15447.63639663029;301.5227;;IterationSummary;;;;;;
8;1;8;1;normal;2;2a8792c24c59;move;;;8;3;;;;;;;;;;True;False;False;False;;ok;17461.54611552364;15447.63639663029;15447.63639663029;15447.63639663029;37;15447.63639663029;309.327;2013.9097188933501;Evaluated;5.3705;2.4282;64;True;1;
8;1;8;2;normal;2;2a8792c24c59;move;;;35;28;;;;;;;;;;True;False;False;False;;ok;16444.39875314169;15447.63639663029;15447.63639663029;15447.63639663029;38;15447.63639663029;320.5596;996.762356511399;Evaluated;8.8045;2.4248;64;True;2;duplicate_for_same_parent_sequence
8;1;8;3;normal;2;2a8792c24c59;move;;;37;19;;;;;;;;;;True;False;False;True;;ok;16922.653398613595;15447.63639663029;15447.63639663029;15447.63639663029;39;15447.63639663029;332.2843;1475.017001983304;Evaluated;9.2974;2.4265;64;True;2;duplicate_for_same_parent_sequence
8;1;8;4;normal;2;2a8792c24c59;move;;;45;50;;;;;;;;;;True;False;False;False;;ok;15635.559198297708;15447.63639663029;15447.63639663029;15447.63639663029;40;15447.63639663029;342.9135;187.92280166741693;Evaluated;8.3973;2.2293;64;True;2;duplicate_for_same_parent_sequence
8;1;8;5;normal;2;2a8792c24c59;move;;;18;12;;;;;;;;;;True;False;False;False;;ok;17353.99131569806;15447.63639663029;15447.63639663029;15447.63639663029;41;15447.63639663029;353.9483;1906.3549190677677;Evaluated;8.5953;2.4262;64;True;2;duplicate_for_same_parent_sequence
8;1;8;;normal;3;;;;;;;;;;;;;;;;;;;;;End-of-iteration summary row;;;15447.63639663029;15447.63639663029;41;15447.63639663029;353.9512;;IterationSummary;;;;;;
9;1;9;1;diversification;3;2a8792c24c59;move;;;30;5;;;;;;;;;;True;False;False;True;;ok;16680.744576027282;15447.63639663029;15447.63639663029;15447.63639663029;42;15447.63639663029;362.0155;1233.1081793969915;Evaluated;5.6249;2.4251;64;True;1;
9;1;9;2;diversification;3;2a8792c24c59;reinsert_block;;;;;;;18;24;5;;;;;True;False;False;True;;ok;17295.89193829964;15447.63639663029;15447.63639663029;15447.63639663029;43;15447.63639663029;369.9889;1848.2555416693485;Evaluated;5.5438;2.4266;64;True;1;
9;1;9;3;diversification;3;2a8792c24c59;swap;34;42;;;;;;;;;;;;True;False;False;False;;ok;15454.22549216651;15447.63639663029;15447.63639663029;15447.63639663029;44;15447.63639663029;377.5877;6.589095536219247;Evaluated;5.3649;2.2303;64;True;1;
9;1;9;4;diversification;3;2a8792c24c59;move;;;50;49;;;;;;;;;;True;False;False;False;;ok;15452.7600708035;15447.63639663029;15447.63639663029;15447.63639663029;45;15447.63639663029;385.1076;5.12367417321002;Evaluated;5.2864;2.2308;64;True;1;
9;1;9;5;diversification;3;2a8792c24c59;move;;;15;22;;;;;;;;;;True;False;False;False;;ok;16250.909152571905;15447.63639663029;15447.63639663029;15447.63639663029;46;15447.63639663029;396.13;803.2727559416144;Evaluated;8.5958;2.4238;64;True;2;duplicate_for_same_parent_sequence
9;1;9;6;diversification;3;2a8792c24c59;swap;32;61;;;;;;;;;;;;True;False;False;True;;ok;16919.28309566069;15447.63639663029;15447.63639663029;15447.63639663029;47;15447.63639663029;407.3432;1471.646699030398;Evaluated;8.7818;2.4308;64;True;2;duplicate_for_same_parent_sequence
9;1;9;7;diversification;3;2a8792c24c59;move;;;25;18;;;;;;;;;;True;False;False;False;;ok;16887.303438780014;15447.63639663029;15447.63639663029;15447.63639663029;48;15447.63639663029;418.3071;1439.6670421497238;Evaluated;8.5361;2.427;64;True;2;duplicate_for_same_parent_sequence
9;1;9;8;diversification;3;2a8792c24c59;move;;;17;8;;;;;;;;;;True;False;False;False;;ok;15770.753772154707;15447.63639663029;15447.63639663029;15447.63639663029;49;15447.63639663029;429.2201;323.1173755244163;Evaluated;8.6853;2.2245;64;True;2;duplicate_for_same_parent_sequence
9;1;9;9;diversification;3;2a8792c24c59;move;;;30;25;;;;;;;;;;True;False;False;False;;ok;17632.642532183247;15447.63639663029;15447.63639663029;15447.63639663029;50;15447.63639663029;440.4382;2185.006135552956;Evaluated;8.7888;2.4259;64;True;2;duplicate_for_same_parent_sequence
9;1;9;10;diversification;3;2a8792c24c59;move;;;60;45;;;;;;;;;;True;False;False;True;;ok;15676.635483106571;15447.63639663029;15447.63639663029;15447.63639663029;51;15447.63639663029;451.4069;228.99908647628035;Evaluated;8.7424;2.2237;64;True;2;duplicate_for_same_parent_sequence
9;1;9;;diversification;4;;;;;;;;;;;;;;;;;;;;;End-of-iteration summary row;;;15447.63639663029;15447.63639663029;51;15447.63639663029;451.4077;;IterationSummary;;;;;;
10;1;10;1;diversification;4;2a8792c24c59;move;;;15;2;;;;;;;;;;True;False;False;True;;ok;15631.38099514492;15447.63639663029;15447.63639663029;15447.63639663029;52;15447.63639663029;459.1586;183.74459851462962;Evaluated;5.5231;2.2222;64;True;1;
10;1;10;2;diversification;4;2a8792c24c59;move;;;30;15;;;;;;;;;;True;False;False;True;;ok;18082.125698521424;15447.63639663029;15447.63639663029;15447.63639663029;53;15447.63639663029;470.895;2634.4893018911334;Evaluated;9.1056;2.6302;64;True;2;duplicate_for_same_parent_sequence
10;1;10;3;diversification;4;2a8792c24c59;swap;35;42;;;;;;;;;;;;True;False;False;False;;ok;15447.63639663029;15447.63639663029;15447.63639663029;15447.63639663029;54;15447.63639663029;478.3355;0.0;Evaluated;5.2094;2.2305;64;True;1;
10;1;10;4;diversification;4;2a8792c24c59;move;;;35;20;;;;;;;;;;True;False;False;True;;ok;16905.617052057532;15447.63639663029;15447.63639663029;15447.63639663029;55;15447.63639663029;489.7024;1457.9806554272418;Evaluated;8.9325;2.4339;64;True;2;duplicate_for_same_parent_sequence
10;1;10;5;diversification;4;2a8792c24c59;swap;10;20;;;;;;;;;;;;True;False;False;False;;ok;17418.161096176216;15447.63639663029;15447.63639663029;15447.63639663029;56;15447.63639663029;504.4492;1970.5246995459256;Evaluated;12.3187;2.4275;64;True;3;duplicate_for_same_parent_sequence
10;1;10;6;diversification;4;2a8792c24c59;move;;;50;32;;;;;;;;;;True;False;False;True;;ok;15442.33313818066;15447.63639663029;15447.63639663029;15447.63639663029;57;15447.63639663029;512.063;-5.303258449630448;Evaluated;5.3891;2.224;64;True;1;
10;1;10;7;diversification;4;2a8792c24c59;move;;;50;30;;;;;;;;;;True;False;False;True;;ok;15478.1124058299;15447.63639663029;15447.63639663029;15447.63639663029;58;15447.63639663029;519.4801;30.476009199608598;Evaluated;5.1883;2.2282;64;True;1;
10;1;10;8;diversification;4;2a8792c24c59;move;;;20;15;;;;;;;;;;True;False;False;False;;ok;16681.122463732347;15447.63639663029;15447.63639663029;15447.63639663029;59;15447.63639663029;527.1127;1233.486067102056;Evaluated;5.2028;2.4291;64;True;1;
10;1;10;9;diversification;4;2a8792c24c59;move;;;28;15;;;;;;;;;;True;False;False;True;;ok;17412.7199303803;15447.63639663029;15447.63639663029;15447.63639663029;60;15447.63639663029;535.0991;1965.0835337500084;Evaluated;5.5576;2.4281;64;True;1;
10;1;10;10;diversification;4;2a8792c24c59;move;;;45;30;;;;;;;;;;True;False;False;True;;ok;15960.531487546164;15447.63639663029;15447.63639663029;15447.63639663029;61;15447.63639663029;542.4713;512.8950909158739;Evaluated;5.1449;2.2266;64;True;1;
10;1;10;;diversification;0;;;;;;;;;;;;;;;;;;;;;End-of-iteration summary row;;;15442.33313818066;15442.33313818066;61;15442.33313818066;542.4776;;IterationSummary;;;;;;
11;1;11;1;normal;0;4b0de5359445;move;;;10;5;;;;;;;;;;True;False;False;False;;ok;18202.952564095547;15442.33313818066;15442.33313818066;15442.33313818066;62;15442.33313818066;550.8789;2760.619425914887;Evaluated;5.7638;2.6307;64;True;1;
11;1;11;2;normal;0;4b0de5359445;swap;18;20;;;;;;;;;;;;True;False;False;False;;ok;17128.338942563016;15442.33313818066;15442.33313818066;15442.33313818066;63;15442.33313818066;558.485;1686.0058043823556;Evaluated;5.1735;2.4296;64;True;1;
11;1;11;3;normal;0;4b0de5359445;reinsert_block;;;;;;;35;42;10;;;;;True;False;False;True;;ok;17355.875556356066;15442.33313818066;15442.33313818066;15442.33313818066;64;15442.33313818066;566.3693;1913.542418175406;Evaluated;5.4521;2.4311;64;True;1;
11;1;11;4;normal;0;4b0de5359445;move;;;50;32;;;;;;;;;;True;False;False;True;;ok;16479.43854048726;15442.33313818066;15442.33313818066;15442.33313818066;65;15442.33313818066;574.0571;1037.105402306599;Evaluated;5.2516;2.4332;64;True;1;
11;1;11;5;normal;0;4b0de5359445;move;;;10;2;;;;;;;;;;True;False;False;False;;ok;17506.732675986073;15442.33313818066;15442.33313818066;15442.33313818066;66;15442.33313818066;581.5784;2064.3995378054133;Evaluated;5.0855;2.4329;64;True;1;
11;1;11;;normal;1;;;;;;;;;;;;;;;;;;;;;End-of-iteration summary row;;;15442.33313818066;15442.33313818066;66;15442.33313818066;581.5816;;IterationSummary;;;;;;
12;1;12;1;normal;1;4b0de5359445;move;;;8;3;;;;;;;;;;True;False;False;False;;ok;17909.06336310849;15442.33313818066;15442.33313818066;15442.33313818066;67;15442.33313818066;593.1264;2466.730224927829;Evaluated;9.096;2.4319;64;True;2;duplicate_for_same_parent_sequence
12;1;12;2;normal;1;4b0de5359445;swap;17;25;;;;;;;;;;;;True;False;False;False;;ok;15442.33313818066;15442.33313818066;15442.33313818066;15442.33313818066;68;15442.33313818066;600.5691;0.0;Evaluated;5.2134;2.2262;64;True;1;
12;1;12;3;normal;1;4b0de5359445;reinsert_block;;;;;;;35;40;12;;;;;True;False;False;True;;ok;17597.366196782306;15442.33313818066;15442.33313818066;15442.33313818066;69;15442.33313818066;608.3379;2155.033058601646;Evaluated;5.3424;2.4256;64;True;1;
12;1;12;4;normal;1;4b0de5359445;move;;;60;52;;;;;;;;;;True;False;False;False;;ok;15817.69525165193;15442.33313818066;15442.33313818066;15442.33313818066;70;15442.33313818066;615.8025;375.3621134712703;Evaluated;5.232;2.2297;64;True;1;
12;1;12;5;normal;1;4b0de5359445;move;;;43;15;;;;;;;;;;True;False;False;True;;ok;17367.260435641056;15442.33313818066;15442.33313818066;15442.33313818066;71;15442.33313818066;623.3995;1924.9272974603955;Evaluated;5.1635;2.4309;64;True;1;
12;1;12;;normal;2;;;;;;;;;;;;;;;;;;;;;End-of-iteration summary row;;;15442.33313818066;15442.33313818066;71;15442.33313818066;623.4032;;IterationSummary;;;;;;
13;1;13;1;normal;2;4b0de5359445;move;;;8;2;;;;;;;;;;True;False;False;False;;ok;17007.863736078718;15442.33313818066;15442.33313818066;15442.33313818066;72;15442.33313818066;634.9129;1565.5305978980577;Evaluated;9.0709;2.4263;64;True;2;duplicate_for_same_parent_sequence
13;1;13;2;normal;2;4b0de5359445;move;;;35;20;;;;;;;;;;True;False;False;True;;ok;17351.827804418932;15442.33313818066;15442.33313818066;15442.33313818066;73;15442.33313818066;646.4448;1909.4946662382717;Evaluated;9.099;2.43;64;True;2;duplicate_for_same_parent_sequence
13;1;13;3;normal;2;4b0de5359445;move;;;38;25;;;;;;;;;;True;False;False;True;;ok;17635.06925991726;15442.33313818066;15442.33313818066;15442.33313818066;74;15442.33313818066;657.7839;2192.7361217366015;Evaluated;8.9108;2.4256;64;True;2;duplicate_for_same_parent_sequence
13;1;13;4;normal;2;4b0de5359445;move;;;50;49;;;;;;;;;;True;False;False;False;;ok;15441.961968722531;15442.33313818066;15442.33313818066;15442.33313818066;75;15442.33313818066;665.0156;-0.37116945812886115;Evaluated;5.0037;2.2253;64;True;1;
13;1;13;5;normal;2;4b0de5359445;move;;;20;35;;;;;;;;;;True;False;False;True;;ok;17341.19878674879;15442.33313818066;15442.33313818066;15442.33313818066;76;15442.33313818066;672.6246;1898.8656485681313;Evaluated;5.1815;2.4265;64;True;1;
13;1;13;;normal;0;;;;;;;;;;;;;;;;;;;;;End-of-iteration summary row;;;15441.961968722531;15441.961968722531;76;15441.961968722531;672.6375;;IterationSummary;;;;;;
14;1;14;1;normal;0;4eff5e95edb9;move;;;5;0;;;;;;;;;;True;False;False;False;;ok;16789.867468320976;15441.961968722531;15441.961968722531;15441.961968722531;77;15441.961968722531;680.555;1347.9054995984443;Evaluated;5.4849;2.4252;64;True;1;
14;1;14;2;normal;0;4eff5e95edb9;swap;20;25;;;;;;;;;;;;True;False;False;False;;ok;17291.856495509226;15441.961968722531;15441.961968722531;15441.961968722531;78;15441.961968722531;688.0133;1849.8945267866948;Evaluated;5.0291;2.4278;64;True;1;
14;1;14;3;normal;0;4eff5e95edb9;reinsert_block;;;;;;;35;40;12;;;;;True;False;False;True;;ok;17447.282157488702;15441.961968722531;15441.961968722531;15441.961968722531;79;15441.961968722531;696.2508;2005.3201887661708;Evaluated;5.8067;2.4279;64;True;1;
14;1;14;4;normal;0;4eff5e95edb9;move;;;50;48;;;;;;;;;;True;False;False;False;;ok;15447.318050164513;15441.961968722531;15441.961968722531;15441.961968722531;80;15441.961968722531;703.5998;5.356081441981587;Evaluated;5.1206;2.2255;64;True;1;
14;1;14;5;normal;0;4eff5e95edb9;move;;;8;3;;;;;;;;;;True;False;False;False;;ok;17460.59033346617;15441.961968722531;15441.961968722531;15441.961968722531;81;15441.961968722531;711.0623;2018.6283647436394;Evaluated;5.0368;2.425;64;True;1;
14;1;14;;normal;1;;;;;;;;;;;;;;;;;;;;;End-of-iteration summary row;;;15441.961968722531;15441.961968722531;81;15441.961968722531;711.0659;;IterationSummary;;;;;;
15;1;15;1;normal;1;4eff5e95edb9;move;;;10;5;;;;;;;;;;True;False;False;False;;ok;17754.479534453236;15441.961968722531;15441.961968722531;15441.961968722531;82;15441.961968722531;718.889;2312.5175657307045;Evaluated;5.379;2.4304;64;True;1;
15;1;15;2;normal;1;4eff5e95edb9;swap;18;25;;;;;;;;;;;;True;False;False;False;;ok;16439.84692091444;15441.961968722531;15441.961968722531;15441.961968722531;83;15441.961968722531;726.5593;997.8849521919074;Evaluated;5.2347;2.4324;64;True;1;
15;1;15;3;normal;1;4eff5e95edb9;move;;;8;2;;;;;;;;;;True;False;False;False;;ok;16555.34441385443;15441.961968722531;15441.961968722531;15441.961968722531;84;15441.961968722531;737.9171;1113.3824451318978;Evaluated;8.918;2.4371;64;True;2;duplicate_for_same_parent_sequence
15;1;15;4;normal;1;4eff5e95edb9;move;;;50;49;;;;;;;;;;True;False;False;False;;ok;15442.33313818066;15441.961968722531;15441.961968722531;15441.961968722531;85;15441.961968722531;745.4232;0.37116945812886115;Evaluated;5.2733;2.2303;64;True;1;
15;1;15;5;normal;1;4eff5e95edb9;move;;;30;25;;;;;;;;;;True;False;False;False;;ok;17623.687351940738;15441.961968722531;15441.961968722531;15441.961968722531;86;15441.961968722531;753.3368;2181.725383218207;Evaluated;5.4843;2.4267;64;True;1;
15;1;15;;normal;2;;;;;;;;;;;;;;;;;;;;;End-of-iteration summary row;;;15441.961968722531;15441.961968722531;86;15441.961968722531;753.3402;;IterationSummary;;;;;;
16;1;16;1;normal;2;4eff5e95edb9;move;;;20;10;;;;;;;;;;True;False;False;True;;ok;17731.396001206394;15441.961968722531;15441.961968722531;15441.961968722531;87;15441.961968722531;772.7005;2289.434032483863;Evaluated;16.925;2.4272;64;True;3;duplicate_for_same_parent_sequence
16;1;16;2;normal;2;4eff5e95edb9;swap;17;25;;;;;;;;;;;;True;False;False;False;;ok;15441.961968722531;15441.961968722531;15441.961968722531;15441.961968722531;88;15441.961968722531;780.1411;0.0;Evaluated;5.2136;2.2244;64;True;1;
16;1;16;3;normal;2;4eff5e95edb9;move;;;38;36;;;;;;;;;;True;False;False;False;;ok;16390.413389670342;15441.961968722531;15441.961968722531;15441.961968722531;89;15441.961968722531;791.5606;948.4514209478111;Evaluated;8.9891;2.4271;64;True;2;duplicate_for_same_parent_sequence
16;1;16;4;normal;2;4eff5e95edb9;move;;;60;55;;;;;;;;;;True;False;False;False;;ok;15519.598918535079;15441.961968722531;15441.961968722531;15441.961968722531;90;15441.961968722531;802.1952;77.63694981254775;Evaluated;8.4031;2.2276;64;True;2;duplicate_for_same_parent_sequence
16;1;16;5;normal;2;4eff5e95edb9;move;;;40;30;;;;;;;;;;True;False;False;True;;ok;16822.491527329264;15441.961968722531;15441.961968722531;15441.961968722531;91;15441.961968722531;809.5699;1380.5295586067332;Evaluated;4.9354;2.4363;64;True;1;
16;1;16;;normal;3;;;;;;;;;;;;;;;;;;;;;End-of-iteration summary row;;;15441.961968722531;15441.961968722531;91;15441.961968722531;809.5731;;IterationSummary;;;;;;
17;1;17;1;diversification;3;4eff5e95edb9;move;;;48;20;;;;;;;;;;True;False;False;True;;ok;16388.51175509382;15441.961968722531;15441.961968722531;15441.961968722531;92;15441.961968722531;817.615;946.5497863712881;Evaluated;5.6026;2.4275;64;True;1;
17;1;17;2;diversification;3;4eff5e95edb9;reinsert_block;;;;;;;20;24;16;;;;;True;False;False;False;;ok;18331.58564010018;15441.961968722531;15441.961968722531;15441.961968722531;93;15441.961968722531;825.889;2889.623671377649;Evaluated;5.6432;2.6281;64;True;1;
17;1;17;3;diversification;3;4eff5e95edb9;swap;32;47;;;;;;;;;;;;True;False;False;True;;ok;17350.544672060794;15441.961968722531;15441.961968722531;15441.961968722531;94;15441.961968722531;833.8123;1908.582703338263;Evaluated;5.4901;2.43;64;True;1;
17;1;17;4;diversification;3;4eff5e95edb9;move;;;52;48;;;;;;;;;;True;False;False;False;;ok;15401.669856431317;15441.961968722531;15441.961968722531;15441.961968722531;95;15441.961968722531;844.8817;-40.292112291213925;EvaluatedImprovementDespiteDiversificationMismatch;8.837;2.2294;64;True;2;duplicate_for_same_parent_sequence
17;1;17;5;diversification;3;4eff5e95edb9;move;;;15;20;;;;;;;;;;True;False;False;False;;ok;16387.153265911027;15441.961968722531;15441.961968722531;15441.961968722531;96;15441.961968722531;852.8211;945.1912971884958;Evaluated;5.5054;2.4312;64;True;1;
17;1;17;6;diversification;3;4eff5e95edb9;move;;;40;25;;;;;;;;;;True;False;False;True;;ok;15755.839240511863;15441.961968722531;15441.961968722531;15441.961968722531;97;15441.961968722531;860.3195;313.87727178933164;Evaluated;5.2688;2.2272;64;True;1;
17;1;17;7;diversification;3;4eff5e95edb9;move;;;50;32;;;;;;;;;;True;False;False;True;;ok;17429.696082586423;15441.961968722531;15441.961968722531;15441.961968722531;98;15441.961968722531;867.9566;1987.7341138638913;Evaluated;5.2037;2.4302;64;True;1;
17;1;17;8;diversification;3;4eff5e95edb9;move;;;18;25;;;;;;;;;;True;False;False;False;;ok;16906.49073259151;15441.961968722531;15441.961968722531;15441.961968722531;99;15441.961968722531;875.5866;1464.528763868977;Evaluated;5.1971;2.4318;64;True;1;
17;1;17;9;diversification;3;4eff5e95edb9;move;;;25;30;;;;;;;;;;True;False;False;False;;ok;16964.214968550623;15441.961968722531;15441.961968722531;15441.961968722531;100;15441.961968722531;883.1932;1522.2529998280916;Evaluated;5.1744;2.4297;64;True;1;
17;1;17;10;diversification;3;4eff5e95edb9;move;;;50;42;;;;;;;;;;True;False;False;False;;ok;16377.47441625543;15441.961968722531;15441.961968722531;15441.961968722531;101;15441.961968722531;890.9139;935.5124475328994;Evaluated;5.2874;2.43;64;True;1;
17;1;17;;diversification;0;;;;;;;;;;;;;;;;;;;;;End-of-iteration summary row;;;15401.669856431317;15401.669856431317;101;15401.669856431317;890.9227;;IterationSummary;;;;;;
18;1;18;1;normal;0;598ee129f004;move;;;15;20;;;;;;;;;;True;False;False;False;;ok;16786.334355930165;15401.669856431317;15401.669856431317;15401.669856431317;102;15401.669856431317;899.0063;1384.6644994988474;Evaluated;5.6496;2.4271;64;True;1;
18;1;18;2;normal;0;598ee129f004;swap;16;20;;;;;;;;;;;;True;False;False;False;;ok;17309.130013103335;15401.669856431317;15401.669856431317;15401.669856431317;103;15401.669856431317;906.6919;1907.4601566720175;Evaluated;5.2552;2.4277;64;True;1;
18;1;18;3;normal;0;598ee129f004;reinsert_block;;;;;;;32;40;16;;;;;True;False;False;True;;ok;17684.065987136906;15401.669856431317;15401.669856431317;15401.669856431317;104;15401.669856431317;914.6458;2282.396130705589;Evaluated;5.5213;2.4298;64;True;1;
18;1;18;4;normal;0;598ee129f004;move;;;50;32;;;;;;;;;;True;False;False;True;;ok;16295.284338016105;15401.669856431317;15401.669856431317;15401.669856431317;105;15401.669856431317;922.28;893.6144815847874;Evaluated;5.1997;2.4308;64;True;1;
18;1;18;5;normal;0;598ee129f004;move;;;20;15;;;;;;;;;;True;False;False;False;;ok;17079.854410335214;15401.669856431317;15401.669856431317;15401.669856431317;106;15401.669856431317;929.8959;1678.1845539038968;Evaluated;5.181;2.4323;64;True;1;
18;1;18;;normal;1;;;;;;;;;;;;;;;;;;;;;End-of-iteration summary row;;;15401.669856431317;15401.669856431317;106;15401.669856431317;929.8994;;IterationSummary;;;;;;
19;1;19;1;normal;1;598ee129f004;move;;;10;5;;;;;;;;;;True;False;False;False;;ok;18151.426763490457;15401.669856431317;15401.669856431317;15401.669856431317;107;15401.669856431317;938.3519;2749.75690705914;Evaluated;5.8017;2.6328;64;True;1;
19;1;19;2;normal;1;598ee129f004;swap;17;25;;;;;;;;;;;;True;False;False;False;;ok;15401.669856431317;15401.669856431317;15401.669856431317;15401.669856431317;108;15401.669856431317;945.965;0.0;Evaluated;5.3827;2.227;64;True;1;
19;1;19;3;normal;1;598ee129f004;reinsert_block;;;;;;;35;40;25;;;;;True;False;False;True;;ok;16534.852016089404;15401.669856431317;15401.669856431317;15401.669856431317;109;15401.669856431317;953.9722;1133.1821596580867;Evaluated;5.5743;2.4302;64;True;1;
19;1;19;4;normal;1;598ee129f004;move;;;50;42;;;;;;;;;;True;False;False;False;;ok;15618.086018259974;15401.669856431317;15401.669856431317;15401.669856431317;110;15401.669856431317;961.6853;216.4161618286562;Evaluated;5.4785;2.2339;64;True;1;
19;1;19;5;normal;1;598ee129f004;move;;;40;25;;;;;;;;;;True;False;False;True;;ok;15432.706812382312;15401.669856431317;15401.669856431317;15401.669856431317;111;15401.669856431317;968.8885;31.036955950994525;Evaluated;4.972;2.228;64;True;1;
19;1;19;;normal;2;;;;;;;;;;;;;;;;;;;;;End-of-iteration summary row;;;15401.669856431317;15401.669856431317;111;15401.669856431317;968.8911;;IterationSummary;;;;;;
20;1;20;1;normal;2;598ee129f004;move;;;8;3;;;;;;;;;;True;False;False;False;;ok;17857.5375625034;15401.669856431317;15401.669856431317;15401.669856431317;112;15401.669856431317;980.2297;2455.867706072082;Evaluated;8.8923;2.4308;64;True;2;duplicate_for_same_parent_sequence
20;1;20;2;normal;2;598ee129f004;swap;17;20;;;;;;;;;;;;True;False;False;False;;ok;17176.881182446552;15401.669856431317;15401.669856431317;15401.669856431317;113;15401.669856431317;987.8811;1775.2113260152346;Evaluated;5.2233;2.4255;64;True;1;
20;1;20;3;normal;2;598ee129f004;reinsert_block;;;;;;;32;37;48;;;;;True;False;False;True;;ok;16855.369322176357;15401.669856431317;15401.669856431317;15401.669856431317;114;15401.669856431317;995.8246;1453.6994657450396;Evaluated;5.5179;2.4227;64;True;1;
20;1;20;4;normal;2;598ee129f004;move;;;50;48;;;;;;;;;;True;False;False;False;;ok;15550.798081657771;15401.669856431317;15401.669856431317;15401.669856431317;115;15401.669856431317;1003.5399;149.12822522645365;Evaluated;5.4825;2.2321;64;True;1;
20;1;20;5;normal;2;598ee129f004;move;;;40;30;;;;;;;;;;True;False;False;True;;ok;17218.279041231108;15401.669856431317;15401.669856431317;15401.669856431317;116;15401.669856431317;1014.67;1816.6091847997905;Evaluated;8.6981;2.4288;64;True;2;duplicate_for_same_parent_sequence
20;1;20;;normal;3;;;;;;;;;;;;;;;;;;;;;End-of-iteration summary row;;;15401.669856431317;15401.669856431317;116;15401.669856431317;1014.6746;;IterationSummary;;;;;;
21;1;21;1;diversification;3;598ee129f004;move;;;15;5;;;;;;;;;;True;False;False;True;;ok;15359.74096821535;15401.669856431317;15401.669856431317;15401.669856431317;117;15401.669856431317;1029.2252;-41.92888821596716;Evaluated;12.309;2.2334;64;True;3;duplicate_for_same_parent_sequence
21;1;21;2;diversification;3;598ee129f004;reinsert_block;;;;;;;25;30;18;;;;;True;False;False;False;;ok;16833.27496682666;15401.669856431317;15401.669856431317;15401.669856431317;118;15401.669856431317;1037.5621;1431.6051103953414;Evaluated;5.8999;2.4336;64;True;1;
21;1;21;3;diversification;3;598ee129f004;swap;32;47;;;;;;;;;;;;True;False;False;True;;ok;17587.138087169427;15401.669856431317;15401.669856431317;15401.669856431317;119;15401.669856431317;1045.298;2185.46823073811;Evaluated;5.308;2.4245;64;True;1;
21;1;21;4;diversification;3;598ee129f004;move;;;60;55;;;;;;;;;;True;False;False;False;;ok;15603.671169770852;15401.669856431317;15401.669856431317;15401.669856431317;120;15401.669856431317;1056.2344;202.00131333953505;Evaluated;8.7054;2.228;64;True;2;duplicate_for_same_parent_sequence
21;1;21;5;diversification;3;598ee129f004;move;;;25;10;;;;;;;;;;True;False;False;True;;ok;17681.161085272164;15401.669856431317;15401.669856431317;15401.669856431317;121;15401.669856431317;1067.7101;2279.491228840847;Evaluated;9.0445;2.4282;64;True;2;duplicate_for_same_parent_sequence
21;1;21;6;diversification;3;598ee129f004;move;;;45;32;;;;;;;;;;True;False;False;True;;ok;17004.922352162845;15401.669856431317;15401.669856431317;15401.669856431317;122;15401.669856431317;1075.4821;1603.2524957315272;Evaluated;5.3312;2.4377;64;True;1;
21;1;21;7;diversification;3;598ee129f004;move;;;45;20;;;;;;;;;;True;False;False;True;;ok;16996.56912972877;15401.669856431317;15401.669856431317;15401.669856431317;123;15401.669856431317;1083.0602;1594.899273297453;Evaluated;5.1446;2.4311;64;True;1;
21;1;21;8;diversification;3;598ee129f004;move;;;8;15;;;;;;;;;;True;False;False;False;;ok;16788.01556928634;15401.669856431317;15401.669856431317;15401.669856431317;124;15401.669856431317;1090.659;1386.3457128550235;Evaluated;5.1672;2.4286;64;True;1;
21;1;21;9;diversification;3;598ee129f004;move;;;25;30;;;;;;;;;;True;False;False;False;;ok;17363.71988038806;15401.669856431317;15401.669856431317;15401.669856431317;125;15401.669856431317;1098.3014;1962.0500239567427;Evaluated;5.2082;2.4315;64;True;1;
21;1;21;10;diversification;3;598ee129f004;move;;;45;10;;;;;;;;;;True;False;False;True;;ok;18370.89244666065;15401.669856431317;15401.669856431317;15401.669856431317;126;15401.669856431317;1109.3835;2969.222590229334;Evaluated;8.4548;2.6246;64;True;2;duplicate_for_same_parent_sequence
21;1;21;;diversification;0;;;;;;;;;;;;;;;;;;;;;End-of-iteration summary row;;;15359.74096821535;15359.74096821535;126;15359.74096821535;1109.4003;;IterationSummary;;;;;;
22;1;22;1;normal;0;cf5625eff630;move;;;15;8;;;;;;;;;;True;False;False;False;;ok;18065.762266208574;15359.74096821535;15359.74096821535;15359.74096821535;127;15359.74096821535;1117.5702;2706.021297993224;Evaluated;5.7322;2.4328;64;True;1;
22;1;22;2;normal;0;cf5625eff630;swap;17;25;;;;;;;;;;;;True;False;False;False;;ok;15359.74096821535;15359.74096821535;15359.74096821535;15359.74096821535;128;15359.74096821535;1125.2695;0.0;Evaluated;5.4682;2.2303;64;True;1;
22;1;22;3;normal;0;cf5625eff630;reinsert_block;;;;;;;35;40;28;;;;;True;False;False;False;;ok;16492.401534369677;15359.74096821535;15359.74096821535;15359.74096821535;129;15359.74096821535;1133.1909;1132.6605661543272;Evaluated;5.4902;2.4281;64;True;1;
22;1;22;4;normal;0;cf5625eff630;move;;;50;32;;;;;;;;;;True;False;False;True;;ok;16325.193508095035;15359.74096821535;15359.74096821535;15359.74096821535;130;15359.74096821535;1140.8436;965.452539879685;Evaluated;5.2164;2.4331;64;True;1;
22;1;22;5;normal;0;cf5625eff630;move;;;20;35;;;;;;;;;;True;False;False;True;;ok;17384.2323905863;15359.74096821535;15359.74096821535;15359.74096821535;131;15359.74096821535;1148.4677;2024.491422370951;Evaluated;5.1877;2.4329;64;True;1;
22;1;22;;normal;1;;;;;;;;;;;;;;;;;;;;;End-of-iteration summary row;;;15359.74096821535;15359.74096821535;131;15359.74096821535;1148.4709;;IterationSummary;;;;;;
23;1;23;1;normal;1;cf5625eff630;move;;;20;15;;;;;;;;;;True;False;False;False;;ok;17083.63672724407;15359.74096821535;15359.74096821535;15359.74096821535;132;15359.74096821535;1156.5109;1723.895759028719;Evaluated;5.598;2.4285;64;True;1;
23;1;23;2;normal;1;cf5625eff630;swap;20;25;;;;;;;;;;;;True;False;False;False;;ok;17686.101693222317;15359.74096821535;15359.74096821535;15359.74096821535;133;15359.74096821535;1164.0551;2326.360725006967;Evaluated;5.1141;2.4273;64;True;1;
23;1;23;3;normal;1;cf5625eff630;move;;;17;29;;;;;;;;;;True;False;False;True;;ok;17402.002719812604;15359.74096821535;15359.74096821535;15359.74096821535;134;15359.74096821535;1175.2259;2042.2617515972543;Evaluated;8.7376;2.4305;64;True;2;duplicate_for_same_parent_sequence
23;1;23;4;normal;1;cf5625eff630;move;;;50;48;;;;;;;;;;True;False;False;False;;ok;15578.425749686421;15359.74096821535;15359.74096821535;15359.74096821535;135;15359.74096821535;1182.4453;218.6847814710709;Evaluated;4.9875;2.2293;64;True;1;
23;1;23;5;normal;1;cf5625eff630;move;;;40;25;;;;;;;;;;True;False;False;True;;ok;16860.598531033305;15359.74096821535;15359.74096821535;15359.74096821535;136;15359.74096821535;1190.0156;1500.857562817955;Evaluated;5.138;2.4294;64;True;1;
23;1;23;;normal;2;;;;;;;;;;;;;;;;;;;;;End-of-iteration summary row;;;15359.74096821535;15359.74096821535;136;15359.74096821535;1190.0192;;IterationSummary;;;;;;
24;1;24;1;normal;2;cf5625eff630;move;;;10;5;;;;;;;;;;True;False;False;False;;ok;16764.664011571076;15359.74096821535;15359.74096821535;15359.74096821535;137;15359.74096821535;1198.015;1404.923043355726;Evaluated;5.5532;2.4302;64;True;1;
24;1;24;2;normal;2;cf5625eff630;swap;18;25;;;;;;;;;;;;True;False;False;False;;ok;17301.427624303113;15359.74096821535;15359.74096821535;15359.74096821535;138;15359.74096821535;1205.8427;1941.6866560877625;Evaluated;5.3952;2.4293;64;True;1;
24;1;24;3;normal;2;cf5625eff630;move;;;37;19;;;;;;;;;;True;False;False;True;;ok;17835.339303510373;15359.74096821535;15359.74096821535;15359.74096821535;139;15359.74096821535;1217.2021;2475.5983352950225;Evaluated;8.9261;2.4308;64;True;2;duplicate_for_same_parent_sequence
24;1;24;4;normal;2;cf5625eff630;move;;;50;28;;;;;;;;;;True;False;False;True;;ok;16756.729670196626;15359.74096821535;15359.74096821535;15359.74096821535;140;15359.74096821535;1225.0531;1396.9887019812759;Evaluated;5.4223;2.4259;64;True;1;
24;1;24;5;normal;2;cf5625eff630;move;;;49;18;;;;;;;;;;True;False;False;True;;ok;17040.74370058324;15359.74096821535;15359.74096821535;15359.74096821535;141;15359.74096821535;1236.0038;1681.0027323678896;Evaluated;8.5234;2.4247;64;True;2;duplicate_for_same_parent_sequence
24;1;24;;normal;3;;;;;;;;;;;;;;;;;;;;;End-of-iteration summary row;;;15359.74096821535;15359.74096821535;141;15359.74096821535;1236.0074;;IterationSummary;;;;;;
25;1;25;1;diversification;3;cf5625eff630;move;;;8;2;;;;;;;;;;True;False;False;False;;ok;17669.343468862884;15359.74096821535;15359.74096821535;15359.74096821535;142;15359.74096821535;1247.4872;2309.602500647534;Evaluated;9.0343;2.4326;64;True;2;duplicate_for_same_parent_sequence
25;1;25;2;diversification;3;cf5625eff630;reinsert_block;;;;;;;18;24;35;;;;;True;False;False;True;;ok;16666.52781684413;15359.74096821535;15359.74096821535;15359.74096821535;143;15359.74096821535;1255.5165;1306.786848628779;Evaluated;5.601;2.4255;64;True;1;
25;1;25;3;diversification;3;cf5625eff630;swap;35;40;;;;;;;;;;;;True;False;False;False;;ok;16210.274040100401;15359.74096821535;15359.74096821535;15359.74096821535;144;15359.74096821535;1263.2239;850.533071885051;Evaluated;5.2754;2.4313;64;True;1;
25;1;25;4;diversification;3;cf5625eff630;move;;;50;49;;;;;;;;;;True;False;False;False;;ok;15395.612203658251;15359.74096821535;15359.74096821535;15359.74096821535;145;15359.74096821535;1270.6245;35.8712354429008;Evaluated;5.1717;2.2256;64;True;1;
25;1;25;5;diversification;3;cf5625eff630;swap;31;38;;;;;;;;;;;;True;False;False;False;;ok;17139.79522496501;15359.74096821535;15359.74096821535;15359.74096821535;146;15359.74096821535;1281.7964;1780.0542567496614;Evaluated;8.7364;2.4328;64;True;2;duplicate_for_same_parent_sequence
25;1;25;6;diversification;3;cf5625eff630;move;;;37;45;;;;;;;;;;True;False;False;False;;ok;16502.0371424067;15359.74096821535;15359.74096821535;15359.74096821535;147;15359.74096821535;1293.0998;1142.2961741913514;Evaluated;8.8722;2.4306;64;True;2;duplicate_for_same_parent_sequence
25;1;25;7;diversification;3;cf5625eff630;move;;;42;15;;;;;;;;;;True;False;False;True;;ok;17352.36528739838;15359.74096821535;15359.74096821535;15359.74096821535;148;15359.74096821535;1300.7795;1992.6243191830308;Evaluated;5.2467;2.4305;64;True;1;
25;1;25;8;diversification;3;cf5625eff630;swap;8;19;;;;;;;;;;;;True;False;False;False;;ok;17458.48298579055;15359.74096821535;15359.74096821535;15359.74096821535;149;15359.74096821535;1311.8979;2098.7420175751995;Evaluated;8.6891;2.4279;64;True;2;duplicate_for_same_parent_sequence
25;1;25;9;diversification;3;cf5625eff630;move;;;24;30;;;;;;;;;;True;False;False;False;;ok;17374.418812440646;15359.74096821535;15359.74096821535;15359.74096821535;150;15359.74096821535;1319.8273;2014.6778442252962;Evaluated;5.5021;2.4246;64;True;1;
25;1;25;10;diversification;3;cf5625eff630;move;;;45;20;;;;;;;;;;True;False;False;True;;ok;17003.362810101946;15359.74096821535;15359.74096821535;15359.74096821535;151;15359.74096821535;1327.6595;1643.6218418865956;Evaluated;5.3972;2.4323;64;True;1;
25;1;25;;diversification;4;;;;;;;;;;;;;;;;;;;;;End-of-iteration summary row;;;15359.74096821535;15359.74096821535;151;15359.74096821535;1327.6601;;IterationSummary;;;;;;
26;1;26;1;diversification;4;cf5625eff630;move;;;30;5;;;;;;;;;;True;False;False;True;;ok;17229.641590707615;15359.74096821535;15359.74096821535;15359.74096821535;152;15359.74096821535;1335.9954;1869.900622492265;Evaluated;5.8989;2.4298;64;True;1;
26;1;26;2;diversification;4;cf5625eff630;reinsert_block;;;;;;;20;24;35;;;;;True;False;False;True;;ok;17461.334410396157;15359.74096821535;15359.74096821535;15359.74096821535;153;15359.74096821535;1343.9321;2101.593442180807;Evaluated;5.5042;2.4297;64;True;1;
26;1;26;3;diversification;4;cf5625eff630;swap;40;52;;;;;;;;;;;;True;False;False;True;;ok;16111.098768173255;15359.74096821535;15359.74096821535;15359.74096821535;154;15359.74096821535;1351.609;751.3577999579047;Evaluated;5.2387;2.4352;64;True;1;
26;1;26;4;diversification;4;cf5625eff630;move;;;48;10;;;;;;;;;;True;False;False;True;;ok;17811.6538538183;15359.74096821535;15359.74096821535;15359.74096821535;155;15359.74096821535;1362.7928;2451.912885602951;Evaluated;8.7508;2.4304;64;True;2;duplicate_for_same_parent_sequence
26;1;26;5;diversification;4;cf5625eff630;swap;25;35;;;;;;;;;;;;True;False;False;False;;ok;16825.406172024173;15359.74096821535;15359.74096821535;15359.74096821535;156;15359.74096821535;1374.1776;1465.6652038088232;Evaluated;8.953;2.4287;64;True;2;duplicate_for_same_parent_sequence
26;1;26;6;diversification;4;cf5625eff630;move;;;37;49;;;;;;;;;;True;False;False;True;;ok;16490.217958132613;15359.74096821535;15359.74096821535;15359.74096821535;157;15359.74096821535;1385.377;1130.4769899172625;Evaluated;8.7674;2.4286;64;True;2;duplicate_for_same_parent_sequence
26;1;26;7;diversification;4;cf5625eff630;move;;;10;25;;;;;;;;;;True;False;False;True;;ok;17222.660878461946;15359.74096821535;15359.74096821535;15359.74096821535;158;15359.74096821535;1392.974;1862.9199102465955;Evaluated;5.1566;2.4367;64;True;1;
26;1;26;8;diversification;4;cf5625eff630;move;;;10;3;;;;;;;;;;True;False;False;False;;ok;16748.765795279593;15359.74096821535;15359.74096821535;15359.74096821535;159;15359.74096821535;1400.5567;1389.0248270642423;Evaluated;5.152;2.4278;64;True;1;
26;1;26;9;diversification;4;cf5625eff630;move;;;24;35;;;;;;;;;;True;False;False;True;;ok;16806.755072928878;15359.74096821535;15359.74096821535;15359.74096821535;160;15359.74096821535;1408.1912;1447.0141047135276;Evaluated;5.2075;2.4244;64;True;1;
26;1;26;10;diversification;4;cf5625eff630;move;;;50;40;;;;;;;;;;True;False;False;True;;ok;15848.67718608641;15359.74096821535;15359.74096821535;15359.74096821535;161;15359.74096821535;1415.8023;488.93621787105985;Evaluated;5.3804;2.2286;64;True;1;
26;1;26;;diversification;5;;;;;;;;;;;;;;;;;;;;;End-of-iteration summary row;;;15359.74096821535;15359.74096821535;161;15359.74096821535;1415.803;;IterationSummary;;;;;;
27;1;27;1;diversification;5;cf5625eff630;move;;;17;3;;;;;;;;;;True;False;False;True;;ok;18172.406346798412;15359.74096821535;15359.74096821535;15359.74096821535;162;15359.74096821535;1427.4445;2812.665378583062;Evaluated;9.0076;2.6287;64;True;2;duplicate_for_same_parent_sequence
27;1;27;2;diversification;5;cf5625eff630;move;;;17;28;;;;;;;;;;True;False;False;True;;ok;17227.378977080065;15359.74096821535;15359.74096821535;15359.74096821535;163;15359.74096821535;1438.9256;1867.6380088647147;Evaluated;9.0521;2.4261;64;True;2;duplicate_for_same_parent_sequence
27;1;27;3;diversification;5;cf5625eff630;swap;35;42;;;;;;;;;;;;True;False;False;False;;ok;15359.74096821535;15359.74096821535;15359.74096821535;15359.74096821535;164;15359.74096821535;1446.6048;0.0;Evaluated;5.445;2.2334;64;True;1;
27;1;27;4;diversification;5;cf5625eff630;move;;;62;50;;;;;;;;;;True;False;False;True;;ok;16160.127833280048;15359.74096821535;15359.74096821535;15359.74096821535;165;15359.74096821535;1454.3386;800.3868650646982;Evaluated;5.2991;2.4319;64;True;1;
27;1;27;5;diversification;5;cf5625eff630;move;;;17;25;;;;;;;;;;True;False;False;False;;ok;17711.432840617785;15359.74096821535;15359.74096821535;15359.74096821535;166;15359.74096821535;1461.9238;2351.6918724024345;Evaluated;5.1559;2.4285;64;True;1;
27;1;27;6;diversification;5;cf5625eff630;move;;;40;52;;;;;;;;;;True;False;False;True;;ok;16009.08116099417;15359.74096821535;15359.74096821535;15359.74096821535;167;15359.74096821535;1469.5348;649.34019277882;Evaluated;5.3829;2.2246;64;True;1;
27;1;27;7;diversification;5;cf5625eff630;move;;;15;20;;;;;;;;;;True;False;False;False;;ok;17033.21122869975;15359.74096821535;15359.74096821535;15359.74096821535;168;15359.74096821535;1477.0166;1673.4702604844006;Evaluated;5.0483;2.4329;64;True;1;
27;1;27;8;diversification;5;cf5625eff630;move;;;17;8;;;;;;;;;;True;False;False;False;;ok;16825.997897957037;15359.74096821535;15359.74096821535;15359.74096821535;169;15359.74096821535;1488.3134;1466.2569297416867;Evaluated;8.8709;2.4251;64;True;2;duplicate_for_same_parent_sequence
27;1;27;9;diversification;5;cf5625eff630;move;;;17;30;;;;;;;;;;True;False;False;True;;ok;17415.711807463504;15359.74096821535;15359.74096821535;15359.74096821535;170;15359.74096821535;1499.7006;2055.9708392481534;Evaluated;8.9573;2.4269;64;True;2;duplicate_for_same_parent_sequence
27;1;27;10;diversification;5;cf5625eff630;move;;;45;30;;;;;;;;;;True;False;False;True;;ok;17765.21072762625;15359.74096821535;15359.74096821535;15359.74096821535;171;15359.74096821535;1511.3167;2405.4697594109;Evaluated;9.1788;2.4342;64;True;2;duplicate_for_same_parent_sequence
27;1;27;;diversification;6;;;;;;;;;;;;;;;;;;;;;End-of-iteration summary row;;;15359.74096821535;15359.74096821535;171;15359.74096821535;1511.3196;;IterationSummary;;;;;;
28;1;28;1;diversification;6;cf5625eff630;move;;;8;25;;;;;;;;;;True;False;False;True;;ok;17828.834196434585;15359.74096821535;15359.74096821535;15359.74096821535;172;15359.74096821535;1522.6841;2469.0932282192352;Evaluated;8.9266;2.4283;64;True;2;duplicate_for_same_parent_sequence
28;1;28;2;diversification;6;cf5625eff630;reinsert_block;;;;;;;17;24;30;;;;;True;False;False;False;;ok;17388.73460564088;15359.74096821535;15359.74096821535;15359.74096821535;173;15359.74096821535;1530.5104;2028.9936374255285;Evaluated;5.3966;2.427;64;True;1;
28;1;28;3;diversification;6;cf5625eff630;swap;32;47;;;;;;;;;;;;True;False;False;True;;ok;17600.442106496586;15359.74096821535;15359.74096821535;15359.74096821535;174;15359.74096821535;1541.7547;2240.701138281236;Evaluated;8.8115;2.4302;64;True;2;duplicate_for_same_parent_sequence
28;1;28;4;diversification;6;cf5625eff630;move;;;62;32;;;;;;;;;;True;False;False;True;;ok;17038.423478206772;15359.74096821535;15359.74096821535;15359.74096821535;175;15359.74096821535;1552.9062;1678.6825099914222;Evaluated;8.7219;2.4267;64;True;2;duplicate_for_same_parent_sequence
28;1;28;5;diversification;6;cf5625eff630;swap;30;45;;;;;;;;;;;;True;False;False;True;;ok;16149.328244632039;15359.74096821535;15359.74096821535;15359.74096821535;176;15359.74096821535;1563.9179;789.5872764166888;Evaluated;8.5778;2.4309;64;True;2;duplicate_for_same_parent_sequence
28;1;28;6;diversification;6;cf5625eff630;move;;;40;17;;;;;;;;;;True;False;False;True;;ok;15430.190013129497;15359.74096821535;15359.74096821535;15359.74096821535;177;15359.74096821535;1574.9066;70.44904491414673;Evaluated;8.7551;2.2303;64;True;2;duplicate_for_same_parent_sequence
28;1;28;7;diversification;6;cf5625eff630;move;;;25;40;;;;;;;;;;True;False;False;True;;ok;15362.771386757953;15359.74096821535;15359.74096821535;15359.74096821535;178;15359.74096821535;1585.6618;3.0304185426030017;Evaluated;8.5272;2.2253;64;True;2;duplicate_for_same_parent_sequence
28;1;28;8;diversification;6;cf5625eff630;move;;;8;30;;;;;;;;;;True;False;False;True;;ok;18293.791779108466;15359.74096821535;15359.74096821535;15359.74096821535;179;15359.74096821535;1597.0075;2934.0508108931153;Evaluated;8.7134;2.6279;64;True;2;duplicate_for_same_parent_sequence
28;1;28;9;diversification;6;cf5625eff630;move;;;28;35;;;;;;;;;;True;False;False;False;;ok;16946.876809834037;15359.74096821535;15359.74096821535;15359.74096821535;180;15359.74096821535;1604.7404;1587.1358416186868;Evaluated;5.3068;2.4254;64;True;1;
28;1;28;10;diversification;6;cf5625eff630;move;;;45;10;;;;;;;;;;True;False;False;True;;ok;18370.244637456315;15359.74096821535;15359.74096821535;15359.74096821535;181;15359.74096821535;1616.3385;3010.503669240965;Evaluated;8.9572;2.6383;64;True;2;duplicate_for_same_parent_sequence
28;1;28;;diversification;7;;;;;;;;;;;;;;;;;;;;;End-of-iteration summary row;;;15359.74096821535;15359.74096821535;181;15359.74096821535;1616.3415;;IterationSummary;;;;;;
29;1;29;1;diversification;7;cf5625eff630;move;;;4;20;;;;;;;;;;True;False;False;True;;ok;17792.229977372583;15359.74096821535;15359.74096821535;15359.74096821535;182;15359.74096821535;1624.4225;2432.4890091572324;Evaluated;5.6428;2.4294;64;True;1;
29;1;29;2;diversification;7;cf5625eff630;move;;;20;45;;;;;;;;;;True;False;False;True;;ok;17248.71565812816;15359.74096821535;15359.74096821535;15359.74096821535;183;15359.74096821535;1639.4819;1888.9746899128095;Evaluated;12.6322;2.4243;64;True;3;duplicate_for_same_parent_sequence
29;1;29;3;diversification;7;cf5625eff630;swap;28;35;;;;;;;;;;;;True;False;False;False;;ok;16673.998442729448;15359.74096821535;15359.74096821535;15359.74096821535;184;15359.74096821535;1654.2287;1314.2574745140973;Evaluated;12.3123;2.4319;64;True;3;duplicate_for_same_parent_sequence
29;1;29;4;diversification;7;cf5625eff630;move;;;60;15;;;;;;;;;;True;False;False;True;;ok;17914.04270897823;15359.74096821535;15359.74096821535;15359.74096821535;185;15359.74096821535;1665.5965;2554.3017407628813;Evaluated;8.9363;2.4286;64;True;2;duplicate_for_same_parent_sequence
29;1;29;5;diversification;7;cf5625eff630;move;;;50;12;;;;;;;;;;True;False;False;True;;ok;17613.32052502804;15359.74096821535;15359.74096821535;15359.74096821535;186;15359.74096821535;1673.2858;2253.5795568126905;Evaluated;5.261;2.4271;64;True;1;
29;1;29;6;diversification;7;cf5625eff630;move;;;40;15;;;;;;;;;;True;False;False;True;;ok;16759.00495603578;15359.74096821535;15359.74096821535;15359.74096821535;187;15359.74096821535;1681.109;1399.26398782043;Evaluated;5.3937;2.4264;64;True;1;
29;1;29;7;diversification;7;cf5625eff630;move;;;30;45;;;;;;;;;;True;False;False;True;;ok;16749.9266020977;15359.74096821535;15359.74096821535;15359.74096821535;188;15359.74096821535;1692.0749;1390.1856338823509;Evaluated;8.53;2.4325;64;True;2;duplicate_for_same_parent_sequence
29;1;29;8;diversification;7;cf5625eff630;move;;;15;30;;;;;;;;;;True;False;False;True;;ok;17844.42755917636;15359.74096821535;15359.74096821535;15359.74096821535;189;15359.74096821535;1703.2594;2484.6865909610115;Evaluated;8.7532;2.4285;64;True;2;duplicate_for_same_parent_sequence
29;1;29;9;diversification;7;cf5625eff630;move;;;25;30;;;;;;;;;;True;False;False;False;;ok;17374.251438077514;15359.74096821535;15359.74096821535;15359.74096821535;190;15359.74096821535;1710.8834;2014.5104698621635;Evaluated;5.1961;2.4248;64;True;1;
29;1;29;10;diversification;7;cf5625eff630;move;;;48;17;;;;;;;;;;True;False;False;True;;ok;17330.42996400348;15359.74096821535;15359.74096821535;15359.74096821535;191;15359.74096821535;1722.1985;1970.6889957881303;Evaluated;8.8862;2.4259;64;True;2;duplicate_for_same_parent_sequence
29;1;29;;diversification;8;;;;;;;;;;;;;;;;;;;;;End-of-iteration summary row;;;15359.74096821535;15359.74096821535;191;15359.74096821535;1722.2022;;IterationSummary;;;;;;
30;1;30;1;diversification;8;cf5625eff630;move;;;8;20;;;;;;;;;;True;False;False;True;;ok;17585.16840162455;15359.74096821535;15359.74096821535;15359.74096821535;192;15359.74096821535;1733.972;2225.427433409199;Evaluated;9.3296;2.4291;64;True;2;duplicate_for_same_parent_sequence
30;1;30;2;diversification;8;cf5625eff630;reinsert_block;;;;;;;17;20;35;;;;;True;False;False;True;;ok;18925.17717083234;15359.74096821535;15359.74096821535;15359.74096821535;193;15359.74096821535;1742.1824;3565.4362026169892;Evaluated;5.571;2.6362;64;True;1;
30;1;30;3;diversification;8;cf5625eff630;swap;38;45;;;;;;;;;;;;True;False;False;False;;ok;15359.74096821535;15359.74096821535;15359.74096821535;15359.74096821535;194;15359.74096821535;1753.5995;0.0;Evaluated;9.1837;2.2308;64;True;2;duplicate_for_same_parent_sequence
30;1;30;4;diversification;8;cf5625eff630;move;;;49;17;;;;;;;;;;True;False;False;True;;ok;15382.025849418766;15359.74096821535;15359.74096821535;15359.74096821535;195;15359.74096821535;1764.6639;22.284881203415353;Evaluated;8.8331;2.2286;64;True;2;duplicate_for_same_parent_sequence
30;1;30;5;diversification;8;cf5625eff630;move;;;40;20;;;;;;;;;;True;False;False;True;;ok;16829.037249807454;15359.74096821535;15359.74096821535;15359.74096821535;196;15359.74096821535;1772.4214;1469.2962815921037;Evaluated;5.3223;2.4323;64;True;1;
30;1;30;6;diversification;8;cf5625eff630;reinsert_block;;;;;;;32;40;50;;;;;True;False;False;True;;ok;15957.005490788031;15359.74096821535;15359.74096821535;15359.74096821535;197;15359.74096821535;1780.175;597.264522572681;Evaluated;5.5267;2.2242;64;True;1;
30;1;30;7;diversification;8;cf5625eff630;move;;;10;40;;;;;;;;;;True;False;False;True;;ok;16302.14476153301;15359.74096821535;15359.74096821535;15359.74096821535;198;15359.74096821535;1791.451;942.4037933176605;Evaluated;8.8452;2.4276;64;True;2;duplicate_for_same_parent_sequence
30;1;30;8;diversification;8;cf5625eff630;move;;;8;15;;;;;;;;;;True;False;False;False;;ok;17486.451365496476;15359.74096821535;15359.74096821535;15359.74096821535;199;15359.74096821535;1802.8027;2126.7103972811256;Evaluated;8.9193;2.4296;64;True;2;duplicate_for_same_parent_sequence
30;1;30;9;diversification;8;cf5625eff630;move;;;25;10;;;;;;;;;;True;False;False;True;;ok;17695.525305981417;15359.74096821535;15359.74096821535;15359.74096821535;200;15359.74096821535;1810.243;2335.7843377660665;Evaluated;5.0095;2.4273;64;True;1;
30;1;30;10;diversification;8;cf5625eff630;move;;;50;20;;;;;;;;;;True;False;False;True;;ok;17233.252028965795;15359.74096821535;15359.74096821535;15359.74096821535;201;15359.74096821535;1824.9746;1873.5110607504448;Evaluated;12.3035;2.4251;64;True;3;duplicate_for_same_parent_sequence
30;1;30;;diversification;9;;;;;;;;;;;;;;;;;;;;;End-of-iteration summary row;;;15359.74096821535;15359.74096821535;201;15359.74096821535;1824.9778;;IterationSummary;;;;;;
31;1;31;1;diversification;9;cf5625eff630;move;;;5;20;;;;;;;;;;True;False;False;True;;ok;16786.334355930165;15359.74096821535;15359.74096821535;15359.74096821535;202;15359.74096821535;1833.0019;1426.5933877148145;Evaluated;5.5805;2.4287;64;True;1;
31;1;31;2;diversification;9;cf5625eff630;reinsert_block;;;;;;;20;25;35;;;;;True;False;False;True;;ok;17056.970601841465;15359.74096821535;15359.74096821535;15359.74096821535;203;15359.74096821535;1840.9671;1697.2296336261152;Evaluated;5.5307;2.4328;64;True;1;
31;1;31;3;diversification;9;cf5625eff630;swap;38;49;;;;;;;;;;;;True;False;False;False;;ok;16094.467650489663;15359.74096821535;15359.74096821535;15359.74096821535;204;15359.74096821535;1852.1807;734.7266822743131;Evaluated;8.9759;2.2344;64;True;2;duplicate_for_same_parent_sequence
31;1;31;4;diversification;9;cf5625eff630;reinsert_block;;;;;;;50;56;17;;;;;True;False;False;True;;ok;17135.467992718062;15359.74096821535;15359.74096821535;15359.74096821535;205;15359.74096821535;1866.9274;1775.727024502712;Evaluated;12.3097;2.4342;64;True;3;duplicate_for_same_parent_sequence
31;1;31;5;diversification;9;cf5625eff630;swap;12;27;;;;;;;;;;;;True;False;False;True;;ok;15359.74096821535;15359.74096821535;15359.74096821535;15359.74096821535;206;15359.74096821535;1878.1149;0.0;Evaluated;8.9464;2.2379;64;True;2;duplicate_for_same_parent_sequence
31;1;31;6;diversification;9;cf5625eff630;move;;;35;15;;;;;;;;;;True;False;False;True;;ok;17354.252051617535;15359.74096821535;15359.74096821535;15359.74096821535;207;15359.74096821535;1889.5925;1994.5110834021852;Evaluated;9.047;2.4276;64;True;2;duplicate_for_same_parent_sequence
31;1;31;7;diversification;9;cf5625eff630;move;;;30;18;;;;;;;;;;True;False;False;True;;ok;18255.799157665166;15359.74096821535;15359.74096821535;15359.74096821535;208;15359.74096821535;1900.7944;2896.0581894498155;Evaluated;8.5705;2.6282;64;True;2;duplicate_for_same_parent_sequence
31;1;31;8;diversification;9;cf5625eff630;move;;;20;10;;;;;;;;;;True;False;False;True;;ok;17746.354837630435;15359.74096821535;15359.74096821535;15359.74096821535;209;15359.74096821535;1915.3484;2386.613869415085;Evaluated;12.1236;2.4278;64;True;3;duplicate_for_same_parent_sequence
31;1;31;9;diversification;9;cf5625eff630;move;;;28;15;;;;;;;;;;True;False;False;True;;ok;17272.063092698452;15359.74096821535;15359.74096821535;15359.74096821535;210;15359.74096821535;1926.2876;1912.322124483102;Evaluated;8.5106;2.426;64;True;2;duplicate_for_same_parent_sequence
31;1;31;10;diversification;9;cf5625eff630;move;;;28;10;;;;;;;;;;True;False;False;True;;ok;17737.205510572418;15359.74096821535;15359.74096821535;15359.74096821535;211;15359.74096821535;1937.7068;2377.4645423570673;Evaluated;8.9877;2.4283;64;True;2;duplicate_for_same_parent_sequence
31;2;0;;diversification;0;;;;;;;;;;;;;;;;;;;;;End-of-iteration summary row;;;16641.404845676683;15359.74096821535;212;15359.74096821535;1940.1494;;IterationSummary;;;;;;
32;2;1;1;normal;0;0f63cf6f404e;move;;;5;10;;;;;;;;;;True;False;False;False;;ok;17532.182049666284;16641.404845676683;16641.404845676683;15359.74096821535;213;15359.74096821535;1947.88;890.7772039896008;Evaluated;5.2995;2.4256;64;True;1;
32;2;1;2;normal;0;0f63cf6f404e;swap;20;25;;;;;;;;;;;;True;False;False;False;;ok;17122.402843810567;16641.404845676683;16641.404845676683;15359.74096821535;214;15359.74096821535;1955.2171;480.9979981338838;Evaluated;4.9025;2.431;64;True;1;
32;2;1;3;normal;0;0f63cf6f404e;reinsert_block;;;;;;;35;40;17;;;;;True;False;False;True;;ok;17001.2424214692;16641.404845676683;16641.404845676683;15359.74096821535;215;15359.74096821535;1962.7742;359.8375757925169;Evaluated;5.1287;2.4251;64;True;1;
32;2;1;4;normal;0;0f63cf6f404e;move;;;50;17;;;;;;;;;;True;False;False;True;;ok;17447.9026263286;16641.404845676683;16641.404845676683;15359.74096821535;216;15359.74096821535;1970.2754;806.4977806519164;Evaluated;5.063;2.4352;64;True;1;
32;2;1;5;normal;0;0f63cf6f404e;move;;;40;25;;;;;;;;;;True;False;False;True;;ok;16298.825894167576;16641.404845676683;16641.404845676683;15359.74096821535;217;15359.74096821535;1981.0871;-342.57895150910736;Evaluated;8.3822;2.4265;64;True;2;duplicate_for_same_parent_sequence
32;2;1;;normal;0;;;;;;;;;;;;;;;;;;;;;End-of-iteration summary row;;;16298.825894167576;15359.74096821535;217;15359.74096821535;1981.1046;;IterationSummary;;;;;;
33;2;2;1;normal;0;78ad6c7cf661;move;;;5;10;;;;;;;;;;True;False;False;False;;ok;17529.234805882486;16298.825894167576;16298.825894167576;15359.74096821535;218;15359.74096821535;1989.0245;1230.4089117149106;Evaluated;5.4862;2.4268;64;True;1;
33;2;2;2;normal;0;78ad6c7cf661;swap;17;20;;;;;;;;;;;;True;False;False;False;;ok;17915.28424294279;16298.825894167576;16298.825894167576;15359.74096821535;219;15359.74096821535;1996.8959;1616.4583487752152;Evaluated;5.4334;2.4354;64;True;1;
33;2;2;3;normal;0;78ad6c7cf661;reinsert_block;;;;;;;35;40;17;;;;;True;False;False;True;;ok;17552.15996599354;16298.825894167576;16298.825894167576;15359.74096821535;220;15359.74096821535;2004.8323;1253.3340718259624;Evaluated;5.5028;2.4305;64;True;1;
33;2;2;4;normal;0;78ad6c7cf661;move;;;50;17;;;;;;;;;;True;False;False;True;;ok;17447.278142559262;16298.825894167576;16298.825894167576;15359.74096821535;221;15359.74096821535;2012.4791;1148.4522483916862;Evaluated;5.2143;2.4295;64;True;1;
33;2;2;5;normal;0;78ad6c7cf661;move;;;50;3;;;;;;;;;;True;False;False;True;;ok;18258.301525152783;16298.825894167576;16298.825894167576;15359.74096821535;222;15359.74096821535;2020.2335;1959.4756309852073;Evaluated;5.1217;2.6296;64;True;1;
33;2;2;;normal;1;;;;;;;;;;;;;;;;;;;;;End-of-iteration summary row;;;16298.825894167576;15359.74096821535;222;15359.74096821535;2020.237;;IterationSummary;;;;;;
34;2;3;1;normal;1;78ad6c7cf661;move;;;10;5;;;;;;;;;;True;False;False;False;;ok;16838.464727752646;16298.825894167576;16298.825894167576;15359.74096821535;223;15359.74096821535;2028.3271;539.6388335850697;Evaluated;5.6492;2.429;64;True;1;
34;2;3;2;normal;1;78ad6c7cf661;swap;18;20;;;;;;;;;;;;True;False;False;False;;ok;17323.87711793956;16298.825894167576;16298.825894167576;15359.74096821535;224;15359.74096821535;2035.8974;1025.0512237719831;Evaluated;5.1426;2.4256;64;True;1;
34;2;3;3;normal;1;78ad6c7cf661;move;;;45;20;;;;;;;;;;True;False;False;True;;ok;16813.567209825465;16298.825894167576;16298.825894167576;15359.74096821535;225;15359.74096821535;2047.0686;514.7413156578896;Evaluated;8.7402;2.4282;64;True;2;duplicate_for_same_parent_sequence
34;2;3;4;normal;1;78ad6c7cf661;move;;;52;30;;;;;;;;;;True;False;False;True;;ok;16769.297119437728;16298.825894167576;16298.825894167576;15359.74096821535;226;15359.74096821535;2054.7027;470.471225270152;Evaluated;5.192;2.439;64;True;1;
34;2;3;5;normal;1;78ad6c7cf661;move;;;30;5;;;;;;;;;;True;False;False;True;;ok;17184.016198684527;16298.825894167576;16298.825894167576;15359.74096821535;227;15359.74096821535;2062.4305;885.1903045169511;Evaluated;5.2961;2.4276;64;True;1;
34;2;3;;normal;2;;;;;;;;;;;;;;;;;;;;;End-of-iteration summary row;;;16298.825894167576;15359.74096821535;227;15359.74096821535;2062.4333;;IterationSummary;;;;;;
35;2;4;1;normal;2;78ad6c7cf661;move;;;10;3;;;;;;;;;;True;False;False;False;;ok;18253.721249104095;16298.825894167576;16298.825894167576;15359.74096821535;228;15359.74096821535;2070.5033;1954.8953549365197;Evaluated;5.42;2.6352;64;True;1;
35;2;4;2;normal;2;78ad6c7cf661;move;;;35;25;;;;;;;;;;True;False;False;True;;ok;17010.141794026447;16298.825894167576;16298.825894167576;15359.74096821535;229;15359.74096821535;2081.4968;711.3158998588715;Evaluated;8.5624;2.428;64;True;2;duplicate_for_same_parent_sequence
35;2;4;3;normal;2;78ad6c7cf661;move;;;38;25;;;;;;;;;;True;False;False;True;;ok;16733.868677543196;16298.825894167576;16298.825894167576;15359.74096821535;230;15359.74096821535;2093.2517;435.0427833756203;Evaluated;9.325;2.4273;64;True;2;duplicate_for_same_parent_sequence
35;2;4;4;normal;2;78ad6c7cf661;move;;;32;48;;;;;;;;;;True;False;False;True;;ok;16630.83150799644;16298.825894167576;16298.825894167576;15359.74096821535;231;15359.74096821535;2104.3089;332.00561382886553;Evaluated;8.6266;2.4299;64;True;2;duplicate_for_same_parent_sequence
35;2;4;5;normal;2;78ad6c7cf661;move;;;40;25;;;;;;;;;;True;False;False;True;;ok;16379.787406978488;16298.825894167576;16298.825894167576;15359.74096821535;232;15359.74096821535;2115.2801;80.96151281091261;Evaluated;8.5468;2.4236;64;True;2;duplicate_for_same_parent_sequence
35;2;4;;normal;3;;;;;;;;;;;;;;;;;;;;;End-of-iteration summary row;;;16298.825894167576;15359.74096821535;232;15359.74096821535;2115.2836;;IterationSummary;;;;;;
36;2;5;1;diversification;3;78ad6c7cf661;move;;;8;2;;;;;;;;;;True;False;False;False;;ok;18182.722756948246;16298.825894167576;16298.825894167576;15359.74096821535;233;15359.74096821535;2126.8433;1883.8968627806698;Evaluated;8.9179;2.63;64;True;2;duplicate_for_same_parent_sequence
36;2;5;2;diversification;3;78ad6c7cf661;reinsert_block;;;;;;;20;25;16;;;;;True;False;False;False;;ok;18065.062338227563;16298.825894167576;16298.825894167576;15359.74096821535;234;15359.74096821535;2134.8469;1766.2364440599868;Evaluated;5.374;2.6265;64;True;1;
36;2;5;3;diversification;3;78ad6c7cf661;swap;40;35;;;;;;;;;;;;True;False;False;False;;ok;16638.25231746219;16298.825894167576;16298.825894167576;15359.74096821535;235;15359.74096821535;2142.5083;339.4264232946134;Evaluated;5.2316;2.4268;64;True;1;
36;2;5;4;diversification;3;78ad6c7cf661;move;;;48;30;;;;;;;;;;True;False;False;True;;ok;17008.93980891828;16298.825894167576;16298.825894167576;15359.74096821535;236;15359.74096821535;2153.6413;710.1139147507038;Evaluated;8.6995;2.4296;64;True;2;duplicate_for_same_parent_sequence
36;2;5;5;diversification;3;78ad6c7cf661;move;;;50;20;;;;;;;;;;True;False;False;True;;ok;17457.82918768342;16298.825894167576;16298.825894167576;15359.74096821535;237;15359.74096821535;2161.3114;1159.0032935158433;Evaluated;5.2345;2.4319;64;True;1;
36;2;5;6;diversification;3;78ad6c7cf661;move;;;40;52;;;;;;;;;;True;False;False;True;;ok;16297.294414288524;16298.825894167576;16298.825894167576;15359.74096821535;238;15359.74096821535;2168.8944;-1.5314798790514033;Evaluated;5.1481;2.4313;64;True;1;
36;2;5;7;diversification;3;78ad6c7cf661;move;;;45;30;;;;;;;;;;True;False;False;True;;ok;16263.74865716068;16298.825894167576;16298.825894167576;15359.74096821535;239;15359.74096821535;2176.4591;-35.0772370068953;Evaluated;5.1307;2.4331;64;True;1;
36;2;5;8;diversification;3;78ad6c7cf661;move;;;8;20;;;;;;;;;;True;False;False;True;;ok;17724.078446928233;16298.825894167576;16298.825894167576;15359.74096821535;240;15359.74096821535;2184.2826;1425.2525527606576;Evaluated;5.3879;2.4322;64;True;1;
36;2;5;9;diversification;3;78ad6c7cf661;move;;;24;30;;;;;;;;;;True;False;False;False;;ok;16180.472008406847;16298.825894167576;16298.825894167576;15359.74096821535;241;15359.74096821535;2191.8585;-118.3538857607291;EvaluatedImprovementDespiteDiversificationMismatch;5.148;2.4251;64;True;1;
36;2;5;10;diversification;3;78ad6c7cf661;swap;45;52;;;;;;;;;;;;True;False;False;False;;ok;16291.478492363432;16298.825894167576;16298.825894167576;15359.74096821535;242;15359.74096821535;2202.8805;-7.347401804143374;EvaluatedImprovementDespiteDiversificationMismatch;8.5941;2.4272;64;True;2;duplicate_for_same_parent_sequence
36;2;5;;diversification;0;;;;;;;;;;;;;;;;;;;;;End-of-iteration summary row;;;16180.472008406847;15359.74096821535;242;15359.74096821535;2202.8971;;IterationSummary;;;;;;
37;2;6;1;normal;0;4efac7210202;move;;;5;20;;;;;;;;;;True;False;False;True;;ok;17516.184263607287;16180.472008406847;16180.472008406847;15359.74096821535;243;15359.74096821535;2210.8409;1335.7122552004403;Evaluated;5.5093;2.4265;64;True;1;
37;2;6;2;normal;0;4efac7210202;swap;20;25;;;;;;;;;;;;True;False;False;False;;ok;16665.663227747667;16180.472008406847;16180.472008406847;15359.74096821535;244;15359.74096821535;2218.661;485.1912193408207;Evaluated;5.3888;2.4287;64;True;1;
37;2;6;3;normal;0;4efac7210202;reinsert_block;;;;;;;32;37;48;;;;;True;False;False;True;;ok;16131.411418871625;16180.472008406847;16180.472008406847;15359.74096821535;245;15359.74096821535;2226.5589;-49.06058953522188;Evaluated;5.4651;2.4319;64;True;1;
37;2;6;4;normal;0;4efac7210202;move;;;50;17;;;;;;;;;;True;False;False;True;;ok;17457.448520942737;16180.472008406847;16180.472008406847;15359.74096821535;246;15359.74096821535;2234.2221;1276.97651253589;Evaluated;5.2219;2.4382;64;True;1;
37;2;6;5;normal;0;4efac7210202;move;;;50;20;;;;;;;;;;True;False;False;True;;ok;17457.448520942737;16180.472008406847;16180.472008406847;15359.74096821535;247;15359.74096821535;2241.7906;1276.97651253589;Evaluated;5.1379;2.4277;64;True;1;
37;2;6;;normal;0;;;;;;;;;;;;;;;;;;;;;End-of-iteration summary row;;;16131.411418871625;15359.74096821535;247;15359.74096821535;2241.8074;;IterationSummary;;;;;;
38;2;7;1;normal;0;3051ba52c99d;move;;;8;12;;;;;;;;;;True;False;False;False;;ok;16093.286476074658;16131.411418871625;16131.411418871625;15359.74096821535;248;15359.74096821535;2249.5302;-38.124942796966934;Evaluated;5.2871;2.429;64;True;1;
38;2;7;2;normal;0;3051ba52c99d;swap;18;20;;;;;;;;;;;;True;False;False;False;;ok;16801.486266471198;16131.411418871625;16131.411418871625;15359.74096821535;249;15359.74096821535;2257.4227;670.0748475995733;Evaluated;5.4656;2.4262;64;True;1;
38;2;7;3;normal;0;3051ba52c99d;reinsert_block;;;;;;;34;39;25;;;;;True;False;False;True;;ok;17038.33947445614;16131.411418871625;16131.411418871625;15359.74096821535;250;15359.74096821535;2265.3419;906.9280555845162;Evaluated;5.4873;2.4288;64;True;1;
38;2;7;4;normal;0;3051ba52c99d;move;;;50;25;;;;;;;;;;True;False;False;True;;ok;16299.892590069729;16131.411418871625;16131.411418871625;15359.74096821535;251;15359.74096821535;2272.9949;168.48117119810377;Evaluated;5.2208;2.4291;64;True;1;
38;2;7;5;normal;0;3051ba52c99d;move;;;50;30;;;;;;;;;;True;False;False;True;;ok;16050.61430654532;16131.411418871625;16131.411418871625;15359.74096821535;252;15359.74096821535;2280.3896;-80.79711232630507;Evaluated;5.163;2.2294;64;True;1;
38;2;7;;normal;0;;;;;;;;;;;;;;;;;;;;;End-of-iteration summary row;;;16050.61430654532;15359.74096821535;252;15359.74096821535;2280.4066;;IterationSummary;;;;;;
39;2;8;1;normal;0;ce35e09bc55e;move;;;10;5;;;;;;;;;;True;False;False;False;;ok;17008.496663804573;16050.61430654532;16050.61430654532;15359.74096821535;253;15359.74096821535;2289.3769;957.8823572592537;Evaluated;6.5307;2.4327;64;True;1;
39;2;8;2;normal;0;ce35e09bc55e;swap;18;25;;;;;;;;;;;;True;False;False;False;;ok;17310.744986199767;16050.61430654532;16050.61430654532;15359.74096821535;254;15359.74096821535;2297.2241;1260.1306796544468;Evaluated;5.4173;2.4271;64;True;1;
39;2;8;3;normal;0;ce35e09bc55e;reinsert_block;;;;;;;35;42;19;;;;;True;False;False;True;;ok;16865.63129132732;16050.61430654532;16050.61430654532;15359.74096821535;255;15359.74096821535;2305.1474;815.0169847820016;Evaluated;5.4868;2.4337;64;True;1;
39;2;8;4;normal;0;ce35e09bc55e;move;;;50;40;;;;;;;;;;True;False;False;True;;ok;16060.546143231773;16050.61430654532;16050.61430654532;15359.74096821535;256;15359.74096821535;2312.5915;9.931836686453607;Evaluated;5.212;2.2291;64;True;1;
39;2;8;5;normal;0;ce35e09bc55e;move;;;52;10;;;;;;;;;;True;False;False;True;;ok;17373.111624144425;16050.61430654532;16050.61430654532;15359.74096821535;257;15359.74096821535;2320.1846;1322.4973175991054;Evaluated;5.1621;2.4286;64;True;1;
39;2;8;;normal;1;;;;;;;;;;;;;;;;;;;;;End-of-iteration summary row;;;16050.61430654532;15359.74096821535;257;15359.74096821535;2320.1875;;IterationSummary;;;;;;
40;2;9;1;normal;1;ce35e09bc55e;move;;;8;2;;;;;;;;;;True;False;False;False;;ok;17731.154149293518;16050.61430654532;16050.61430654532;15359.74096821535;258;15359.74096821535;2331.3407;1680.5398427481978;Evaluated;8.7143;2.4302;64;True;2;duplicate_for_same_parent_sequence
40;2;9;2;normal;1;ce35e09bc55e;swap;20;25;;;;;;;;;;;;True;False;False;False;;ok;16667.8408179307;16050.61430654532;16050.61430654532;15359.74096821535;259;15359.74096821535;2339.0007;617.226511385381;Evaluated;5.2282;2.4291;64;True;1;
40;2;9;3;normal;1;ce35e09bc55e;reinsert_block;;;;;;;35;41;20;;;;;True;False;False;True;;ok;17662.890359422458;16050.61430654532;16050.61430654532;15359.74096821535;260;15359.74096821535;2346.9339;1612.2760528771378;Evaluated;5.4972;2.4334;64;True;1;
40;2;9;4;normal;1;ce35e09bc55e;move;;;50;20;;;;;;;;;;True;False;False;True;;ok;16807.682403953084;16050.61430654532;16050.61430654532;15359.74096821535;261;15359.74096821535;2354.8233;757.0680974077641;Evaluated;5.4609;2.4258;64;True;1;
40;2;9;5;normal;1;ce35e09bc55e;move;;;35;20;;;;;;;;;;True;False;False;True;;ok;16721.72807709257;16050.61430654532;16050.61430654532;15359.74096821535;262;15359.74096821535;2362.5997;671.113770547252;Evaluated;5.3458;2.4289;64;True;1;
40;2;9;;normal;2;;;;;;;;;;;;;;;;;;;;;End-of-iteration summary row;;;16050.61430654532;15359.74096821535;262;15359.74096821535;2362.6026;;IterationSummary;;;;;;
41;2;10;1;normal;2;ce35e09bc55e;move;;;8;2;;;;;;;;;;False;True;False;;;ok;;16050.61430654532;16050.61430654532;15359.74096821535;262;15359.74096821535;2374.8871;;DuplicateForSameParentSequenceAfterRetries;12.2719;;;;3;duplicate_for_same_parent_sequence
41;2;10;2;normal;2;ce35e09bc55e;move;;;30;40;;;;;;;;;;True;False;False;True;;ok;16162.358629049833;16050.61430654532;16050.61430654532;15359.74096821535;263;15359.74096821535;2386.4491;111.74432250451355;Evaluated;9.1245;2.4365;64;True;2;duplicate_for_same_parent_sequence
41;2;10;3;normal;2;ce35e09bc55e;reinsert_block;;;;;;;35;40;22;;;;;True;False;False;True;;ok;17121.303976454634;16050.61430654532;16050.61430654532;15359.74096821535;264;15359.74096821535;2394.3167;1070.689669909314;Evaluated;5.4363;2.4281;64;True;1;
41;2;10;4;normal;2;ce35e09bc55e;move;;;50;30;;;;;;;;;;True;False;False;True;;ok;16303.45804669143;16050.61430654532;16050.61430654532;15359.74096821535;265;15359.74096821535;2401.9707;252.84374014611058;Evaluated;5.2215;2.4319;64;True;1;
41;2;10;5;normal;2;ce35e09bc55e;move;;;34;20;;;;;;;;;;True;False;False;True;;ok;16584.332696586025;16050.61430654532;16050.61430654532;15359.74096821535;266;15359.74096821535;2409.5612;533.7183900407053;Evaluated;5.1548;2.4329;64;True;1;
41;2;10;;normal;3;;;;;;;;;;;;;;;;;;;;;End-of-iteration summary row;;;16050.61430654532;15359.74096821535;266;15359.74096821535;2409.5632;;IterationSummary;;;;;;
42;2;11;1;diversification;3;ce35e09bc55e;move;;;8;20;;;;;;;;;;True;False;False;True;;ok;16717.91835682367;16050.61430654532;16050.61430654532;15359.74096821535;267;15359.74096821535;2417.6929;667.3040502783497;Evaluated;5.6902;2.4265;64;True;1;
42;2;11;2;diversification;3;ce35e09bc55e;reinsert_block;;;;;;;20;24;16;;;;;True;False;False;False;;ok;17572.935183109512;16050.61430654532;16050.61430654532;15359.74096821535;268;15359.74096821535;2425.7191;1522.320876564192;Evaluated;5.5958;2.4271;64;True;1;
42;2;11;3;diversification;3;ce35e09bc55e;swap;35;40;;;;;;;;;;;;True;False;False;False;;ok;16661.64548192513;16050.61430654532;16050.61430654532;15359.74096821535;269;15359.74096821535;2433.4137;611.0311753798105;Evaluated;5.2657;2.4257;64;True;1;
42;2;11;4;diversification;3;ce35e09bc55e;move;;;48;30;;;;;;;;;;True;False;False;True;;ok;16241.691595243658;16050.61430654532;16050.61430654532;15359.74096821535;270;15359.74096821535;2444.5346;191.07728869833772;Evaluated;8.6924;2.4253;64;True;2;duplicate_for_same_parent_sequence
42;2;11;5;diversification;3;ce35e09bc55e;move;;;45;2;;;;;;;;;;True;False;False;True;;ok;16870.741461312777;16050.61430654532;16050.61430654532;15359.74096821535;271;15359.74096821535;2452.1701;820.1271547674569;Evaluated;5.1984;2.4345;64;True;1;
42;2;11;6;diversification;3;ce35e09bc55e;move;;;45;35;;;;;;;;;;True;False;False;True;;ok;16267.748024445535;16050.61430654532;16050.61430654532;15359.74096821535;272;15359.74096821535;2459.8453;217.13371790021483;Evaluated;5.2425;2.43;64;True;1;
42;2;11;7;diversification;3;ce35e09bc55e;move;;;25;10;;;;;;;;;;True;False;False;True;;ok;16756.399272125003;16050.61430654532;16050.61430654532;15359.74096821535;273;15359.74096821535;2467.5147;705.7849655796836;Evaluated;5.237;2.4298;64;True;1;
42;2;11;8;diversification;3;ce35e09bc55e;move;;;10;25;;;;;;;;;;True;False;False;True;;ok;16800.33874993942;16050.61430654532;16050.61430654532;15359.74096821535;274;15359.74096821535;2475.1894;749.7244433940996;Evaluated;5.2433;2.4284;64;True;1;
42;2;11;9;diversification;3;ce35e09bc55e;move;;;35;45;;;;;;;;;;True;False;False;True;;ok;16263.309435195046;16050.61430654532;16050.61430654532;15359.74096821535;275;15359.74096821535;2486.722;212.69512864972603;Evaluated;9.1011;2.4291;64;True;2;duplicate_for_same_parent_sequence
42;2;11;10;diversification;3;ce35e09bc55e;move;;;45;30;;;;;;;;;;True;False;False;True;;ok;16249.984331508162;16050.61430654532;16050.61430654532;15359.74096821535;276;15359.74096821535;2494.3893;199.37002496284185;Evaluated;5.2405;2.4238;64;True;1;
42;2;11;;diversification;4;;;;;;;;;;;;;;;;;;;;;End-of-iteration summary row;;;16050.61430654532;15359.74096821535;276;15359.74096821535;2494.3909;;IterationSummary;;;;;;
43;2;12;1;diversification;4;ce35e09bc55e;move;;;5;30;;;;;;;;;;True;False;False;True;;ok;16823.87254591613;16050.61430654532;16050.61430654532;15359.74096821535;277;15359.74096821535;2502.2497;773.258239370809;Evaluated;5.4244;2.425;64;True;1;
43;2;12;2;diversification;4;ce35e09bc55e;move;;;40;16;;;;;;;;;;True;False;False;True;;ok;16588.9199455475;16050.61430654532;16050.61430654532;15359.74096821535;278;15359.74096821535;2517.1525;538.3056390021793;Evaluated;12.478;2.4224;64;True;3;duplicate_for_same_parent_sequence
43;2;12;3;diversification;4;ce35e09bc55e;swap;32;47;;;;;;;;;;;;True;False;False;True;;ok;16586.010066321054;16050.61430654532;16050.61430654532;15359.74096821535;279;15359.74096821535;2525.0183;535.3957597757344;Evaluated;5.4361;2.4289;64;True;1;
43;2;12;4;diversification;4;ce35e09bc55e;move;;;52;17;;;;;;;;;;True;False;False;True;;ok;16900.175749132544;16050.61430654532;16050.61430654532;15359.74096821535;280;15359.74096821535;2539.5403;849.5614425872245;Evaluated;12.0877;2.4315;64;True;3;duplicate_for_same_parent_sequence
43;2;12;5;diversification;4;ce35e09bc55e;move;;;50;32;;;;;;;;;;True;False;False;True;;ok;16287.272807893749;16050.61430654532;16050.61430654532;15359.74096821535;281;15359.74096821535;2547.3323;236.65850134842913;Evaluated;5.3601;2.4293;64;True;1;
43;2;12;6;diversification;4;ce35e09bc55e;move;;;30;15;;;;;;;;;;True;False;False;True;;ok;16756.116670251504;16050.61430654532;16050.61430654532;15359.74096821535;282;15359.74096821535;2558.3512;705.502363706184;Evaluated;8.5868;2.4292;64;True;2;duplicate_for_same_parent_sequence
43;2;12;7;diversification;4;ce35e09bc55e;move;;;52;17;;;;;;;;;;False;True;False;;;ok;;16050.61430654532;16050.61430654532;15359.74096821535;282;15359.74096821535;2570.5114;;DuplicateForSameParentSequenceAfterRetries;12.1576;;;;3;duplicate_for_same_parent_sequence
43;2;12;8;diversification;4;ce35e09bc55e;move;;;15;30;;;;;;;;;;True;False;False;True;;ok;16800.512801457546;16050.61430654532;16050.61430654532;15359.74096821535;283;15359.74096821535;2581.497;749.8984949122259;Evaluated;8.5596;2.425;64;True;2;duplicate_for_same_parent_sequence
43;2;12;9;diversification;4;ce35e09bc55e;swap;30;40;;;;;;;;;;;;True;False;False;False;;ok;16988.730553632857;16050.61430654532;16050.61430654532;15359.74096821535;284;15359.74096821535;2592.5282;938.116247087537;Evaluated;8.604;2.4243;64;True;2;duplicate_for_same_parent_sequence
43;2;12;10;diversification;4;ce35e09bc55e;swap;48;50;;;;;;;;;;;;True;False;False;False;;ok;15692.749590867374;16050.61430654532;16050.61430654532;15359.74096821535;285;15359.74096821535;2603.6703;-357.86471567794615;EvaluatedImprovementDespiteDiversificationMismatch;8.914;2.2246;64;True;2;duplicate_for_same_parent_sequence
43;2;12;;diversification;0;;;;;;;;;;;;;;;;;;;;;End-of-iteration summary row;;;15692.749590867374;15359.74096821535;285;15359.74096821535;2603.6853;;IterationSummary;;;;;;
44;2;13;1;normal;0;32a3e886b1b1;move;;;10;5;;;;;;;;;;True;False;False;False;;ok;16643.848422603587;15692.749590867374;15692.749590867374;15359.74096821535;286;15359.74096821535;2611.5641;951.0988317362135;Evaluated;5.4452;2.4269;64;True;1;
44;2;13;2;normal;0;32a3e886b1b1;swap;18;20;;;;;;;;;;;;True;False;False;False;;ok;16616.04345249304;15692.749590867374;15692.749590867374;15359.74096821535;287;15359.74096821535;2619.4876;923.2938616256652;Evaluated;5.4913;2.4293;64;True;1;
44;2;13;3;normal;0;32a3e886b1b1;reinsert_block;;;;;;;32;40;15;;;;;True;False;False;True;;ok;16267.114596930343;15692.749590867374;15692.749590867374;15359.74096821535;288;15359.74096821535;2627.42;574.3650060629698;Evaluated;5.5015;2.4279;64;True;1;
44;2;13;4;normal;0;32a3e886b1b1;move;;;50;48;;;;;;;;;;True;False;False;False;;ok;16151.272772795592;15692.749590867374;15692.749590867374;15359.74096821535;289;15359.74096821535;2635.0684;458.52318192821804;Evaluated;5.2181;2.4276;64;True;1;
44;2;13;5;normal;0;32a3e886b1b1;move;;;52;10;;;;;;;;;;True;False;False;True;;ok;17471.730258320087;15692.749590867374;15692.749590867374;15359.74096821535;290;15359.74096821535;2642.65;1778.9806674527135;Evaluated;5.1475;2.4312;64;True;1;
44;2;13;;normal;1;;;;;;;;;;;;;;;;;;;;;End-of-iteration summary row;;;15692.749590867374;15359.74096821535;290;15359.74096821535;2642.6532;;IterationSummary;;;;;;
45;2;14;1;normal;1;32a3e886b1b1;move;;;30;25;;;;;;;;;;True;False;False;False;;ok;16257.027656900951;15692.749590867374;15692.749590867374;15359.74096821535;291;15359.74096821535;2654.2877;564.2780660335775;Evaluated;9.192;2.4275;64;True;2;duplicate_for_same_parent_sequence
45;2;14;2;normal;1;32a3e886b1b1;swap;20;25;;;;;;;;;;;;True;False;False;False;;ok;16290.742315957446;15692.749590867374;15692.749590867374;15359.74096821535;292;15359.74096821535;2662.1184;597.9927250900728;Evaluated;5.402;2.4279;64;True;1;
45;2;14;3;normal;1;32a3e886b1b1;reinsert_block;;;;;;;35;40;17;;;;;True;False;False;True;;ok;16966.661584005033;15692.749590867374;15692.749590867374;15359.74096821535;293;15359.74096821535;2670.0241;1273.911993137659;Evaluated;5.4703;2.4329;64;True;1;
45;2;14;4;normal;1;32a3e886b1b1;move;;;52;17;;;;;;;;;;True;False;False;True;;ok;17008.61539497418;15692.749590867374;15692.749590867374;15359.74096821535;294;15359.74096821535;2677.4884;1315.8658041068047;Evaluated;5.0354;2.4277;64;True;1;
45;2;14;5;normal;1;32a3e886b1b1;move;;;30;15;;;;;;;;;;True;False;False;True;;ok;16713.25173620513;15692.749590867374;15692.749590867374;15359.74096821535;295;15359.74096821535;2685.282;1020.5021453377558;Evaluated;5.3645;2.4284;64;True;1;
45;2;14;;normal;2;;;;;;;;;;;;;;;;;;;;;End-of-iteration summary row;;;15692.749590867374;15359.74096821535;295;15359.74096821535;2685.2855;;IterationSummary;;;;;;
46;2;15;1;normal;2;32a3e886b1b1;move;;;8;3;;;;;;;;;;True;False;False;False;;ok;17081.803846537812;15692.749590867374;15692.749590867374;15359.74096821535;296;15359.74096821535;2696.7817;1389.0542556704386;Evaluated;9.06;2.4278;64;True;2;duplicate_for_same_parent_sequence
46;2;15;2;normal;2;32a3e886b1b1;swap;20;31;;;;;;;;;;;;True;False;False;False;;ok;16412.648149727796;15692.749590867374;15692.749590867374;15359.74096821535;297;15359.74096821535;2704.4484;719.8985588604228;Evaluated;5.2365;2.4275;64;True;1;
46;2;15;3;normal;2;32a3e886b1b1;reinsert_block;;;;;;;35;40;20;;;;;True;False;False;True;;ok;17219.060614525457;15692.749590867374;15692.749590867374;15359.74096821535;298;15359.74096821535;2712.3964;1526.3110236580833;Evaluated;5.5165;2.429;64;True;1;
46;2;15;4;normal;2;32a3e886b1b1;move;;;50;19;;;;;;;;;;True;False;False;True;;ok;17180.515122239427;15692.749590867374;15692.749590867374;15359.74096821535;299;15359.74096821535;2720.0553;1487.7655313720534;Evaluated;5.2258;2.4305;64;True;1;
46;2;15;5;normal;2;32a3e886b1b1;move;;;40;25;;;;;;;;;;True;False;False;True;;ok;15984.50066942833;15692.749590867374;15692.749590867374;15359.74096821535;300;15359.74096821535;2727.4476;291.75107856095565;Evaluated;5.1647;2.225;64;True;1;
46;2;15;;normal;3;;;;;;;;;;;;;;;;;;;;;End-of-iteration summary row;;;15692.749590867374;15359.74096821535;300;15359.74096821535;2727.4485;;IterationSummary;;;;;;
47;2;16;1;diversification;3;32a3e886b1b1;move;;;15;30;;;;;;;;;;True;False;False;True;;ok;16593.55722050618;15692.749590867374;15692.749590867374;15359.74096821535;301;15359.74096821535;2735.5139;900.8076296388062;Evaluated;5.6294;2.4294;64;True;1;
47;2;16;2;diversification;3;32a3e886b1b1;reinsert_block;;;;;;;25;30;16;;;;;True;False;False;True;;ok;17408.82169193804;15692.749590867374;15692.749590867374;15359.74096821535;302;15359.74096821535;2743.3776;1716.0721010706657;Evaluated;5.4362;2.4268;64;True;1;
47;2;16;3;diversification;3;32a3e886b1b1;swap;35;42;;;;;;;;;;;;True;False;False;False;;ok;15692.749590867374;15692.749590867374;15692.749590867374;15359.74096821535;303;15359.74096821535;2751.1253;0.0;Evaluated;5.5174;2.2274;64;True;1;
47;2;16;4;diversification;3;32a3e886b1b1;move;;;50;17;;;;;;;;;;True;False;False;True;;ok;17180.515122239427;15692.749590867374;15692.749590867374;15359.74096821535;304;15359.74096821535;2759.062;1487.7655313720534;Evaluated;5.5038;2.4299;64;True;1;
47;2;16;5;diversification;3;32a3e886b1b1;move;;;42;30;;;;;;;;;;True;False;False;True;;ok;15897.511019997066;15692.749590867374;15692.749590867374;15359.74096821535;305;15359.74096821535;2766.6351;204.76142912969226;Evaluated;5.3399;2.2303;64;True;1;
47;2;16;6;diversification;3;32a3e886b1b1;move;;;35;28;;;;;;;;;;True;False;False;False;;ok;16170.430129725966;15692.749590867374;15692.749590867374;15359.74096821535;306;15359.74096821535;2778.0409;477.6805388585926;Evaluated;8.9719;2.4311;64;True;2;duplicate_for_same_parent_sequence
47;2;16;7;diversification;3;32a3e886b1b1;move;;;28;4;;;;;;;;;;True;False;False;True;;ok;17033.177668929544;15692.749590867374;15692.749590867374;15359.74096821535;307;15359.74096821535;2788.8214;1340.4280780621702;Evaluated;8.3501;2.4278;64;True;2;duplicate_for_same_parent_sequence
47;2;16;8;diversification;3;32a3e886b1b1;move;;;20;15;;;;;;;;;;True;False;False;False;;ok;16612.281450506674;15692.749590867374;15692.749590867374;15359.74096821535;308;15359.74096821535;2796.4729;919.5318596393008;Evaluated;5.225;2.4241;64;True;1;
47;2;16;9;diversification;3;32a3e886b1b1;move;;;28;35;;;;;;;;;;True;False;False;False;;ok;16134.507287106624;15692.749590867374;15692.749590867374;15359.74096821535;309;15359.74096821535;2804.2369;441.75769623925044;Evaluated;5.3319;2.4314;64;True;1;
47;2;16;10;diversification;3;32a3e886b1b1;move;;;48;30;;;;;;;;;;True;False;False;True;;ok;15917.667501779959;15692.749590867374;15692.749590867374;15359.74096821535;310;15359.74096821535;2811.6774;224.91791091258528;Evaluated;5.2089;2.2299;64;True;1;
47;2;16;;diversification;4;;;;;;;;;;;;;;;;;;;;;End-of-iteration summary row;;;15692.749590867374;15359.74096821535;310;15359.74096821535;2811.6808;;IterationSummary;;;;;;
48;2;17;1;diversification;4;32a3e886b1b1;move;;;5;20;;;;;;;;;;True;False;False;True;;ok;16655.315507915475;15692.749590867374;15692.749590867374;15359.74096821535;311;15359.74096821535;2819.8384;962.5659170481013;Evaluated;5.7186;2.4278;64;True;1;
48;2;17;2;diversification;4;32a3e886b1b1;reinsert_block;;;;;;;20;25;16;;;;;True;False;False;False;;ok;16793.718420464484;15692.749590867374;15692.749590867374;15359.74096821535;312;15359.74096821535;2827.7916;1100.96882959711;Evaluated;5.523;2.4284;64;True;1;
48;2;17;3;diversification;4;32a3e886b1b1;swap;36;40;;;;;;;;;;;;True;False;False;False;;ok;17006.326407246586;15692.749590867374;15692.749590867374;15359.74096821535;313;15359.74096821535;2839.2152;1313.5768163792127;Evaluated;8.9965;2.4264;64;True;2;duplicate_for_same_parent_sequence
48;2;17;4;diversification;4;32a3e886b1b1;move;;;50;20;;;;;;;;;;True;False;False;True;;ok;17180.515122239427;15692.749590867374;15692.749590867374;15359.74096821535;314;15359.74096821535;2846.8639;1487.7655313720534;Evaluated;5.2159;2.4292;64;True;1;
48;2;17;5;diversification;4;32a3e886b1b1;swap;30;32;;;;;;;;;;;;True;False;False;False;;ok;15712.65050411551;15692.749590867374;15692.749590867374;15359.74096821535;315;15359.74096821535;2857.822;19.90091324813693;Evaluated;8.7265;2.2309;64;True;2;duplicate_for_same_parent_sequence
48;2;17;6;diversification;4;32a3e886b1b1;move;;;30;20;;;;;;;;;;True;False;False;True;;ok;16898.473891302085;15692.749590867374;15692.749590867374;15359.74096821535;316;15359.74096821535;2869.0441;1205.724300434711;Evaluated;8.7879;2.4315;64;True;2;duplicate_for_same_parent_sequence
48;2;17;7;diversification;4;32a3e886b1b1;move;;;25;40;;;;;;;;;;True;False;False;True;;ok;16495.096540840146;15692.749590867374;15692.749590867374;15359.74096821535;317;15359.74096821535;2876.6093;802.3469499727726;Evaluated;5.1333;2.431;64;True;1;
48;2;17;8;diversification;4;32a3e886b1b1;move;;;25;10;;;;;;;;;;True;False;False;True;;ok;16384.05323024734;15692.749590867374;15692.749590867374;15359.74096821535;318;15359.74096821535;2884.0656;691.3036393799666;Evaluated;5.0215;2.4317;64;True;1;
48;2;17;9;diversification;4;32a3e886b1b1;move;;;28;10;;;;;;;;;;True;False;False;True;;ok;17042.4304345585;15692.749590867374;15692.749590867374;15359.74096821535;319;15359.74096821535;2891.769;1349.680843691127;Evaluated;5.2651;2.4358;64;True;1;
48;2;17;10;diversification;4;32a3e886b1b1;move;;;50;30;;;;;;;;;;True;False;False;True;;ok;16296.979792766728;15692.749590867374;15692.749590867374;15359.74096821535;320;15359.74096821535;2899.4648;604.2302018993541;Evaluated;5.2574;2.4354;64;True;1;
48;2;17;;diversification;5;;;;;;;;;;;;;;;;;;;;;End-of-iteration summary row;;;15692.749590867374;15359.74096821535;320;15359.74096821535;2899.469;;IterationSummary;;;;;;
49;2;18;1;diversification;5;32a3e886b1b1;move;;;7;30;;;;;;;;;;True;False;False;True;;ok;16883.818617541525;15692.749590867374;15692.749590867374;15359.74096821535;321;15359.74096821535;2910.7677;1191.0690266741512;Evaluated;8.8639;2.4274;64;True;2;duplicate_for_same_parent_sequence
49;2;18;2;diversification;5;32a3e886b1b1;reinsert_block;;;;;;;16;23;40;;;;;True;False;False;True;;ok;16841.85806471374;15692.749590867374;15692.749590867374;15359.74096821535;322;15359.74096821535;2918.7774;1149.108473846365;Evaluated;5.5708;2.4361;64;True;1;
49;2;18;3;diversification;5;32a3e886b1b1;swap;35;42;;;;;;;;;;;;False;True;True;;;ok;;15692.749590867374;15692.749590867374;15359.74096821535;322;15359.74096821535;2930.7586;;DuplicateForSameParentSequenceAfterRetries;11.9787;;;;3;duplicate_for_same_parent_sequence
49;2;18;4;diversification;5;32a3e886b1b1;move;;;52;30;;;;;;;;;;True;False;False;True;;ok;16009.03242312979;15692.749590867374;15692.749590867374;15359.74096821535;323;15359.74096821535;2938.22;316.28283226241547;Evaluated;5.2338;2.2266;64;True;1;
49;2;18;5;diversification;5;32a3e886b1b1;move;;;48;20;;;;;;;;;;True;False;False;True;;ok;16808.742769926444;15692.749590867374;15692.749590867374;15359.74096821535;324;15359.74096821535;2949.5656;1115.9931790590708;Evaluated;8.9133;2.4294;64;True;2;duplicate_for_same_parent_sequence
49;2;18;6;diversification;5;32a3e886b1b1;move;;;45;20;;;;;;;;;;True;False;False;True;;ok;16124.826332886596;15692.749590867374;15692.749590867374;15359.74096821535;325;15359.74096821535;2957.225;432.07674201922237;Evaluated;5.2262;2.4319;64;True;1;
49;2;18;7;diversification;5;32a3e886b1b1;move;;;30;45;;;;;;;;;;True;False;False;True;;ok;15939.454482931853;15692.749590867374;15692.749590867374;15359.74096821535;326;15359.74096821535;2968.1919;246.70489206447928;Evaluated;8.7406;2.2229;64;True;2;duplicate_for_same_parent_sequence
49;2;18;8;diversification;5;32a3e886b1b1;move;;;28;15;;;;;;;;;;True;False;False;True;;ok;16570.568734557943;15692.749590867374;15692.749590867374;15359.74096821535;327;15359.74096821535;2975.8138;877.819143690569;Evaluated;5.1933;2.4261;64;True;1;
49;2;18;9;diversification;5;32a3e886b1b1;move;;;28;40;;;;;;;;;;True;False;False;True;;ok;16119.511277056456;15692.749590867374;15692.749590867374;15359.74096821535;328;15359.74096821535;2990.3859;426.76168618908196;Evaluated;12.1421;2.4269;64;True;3;duplicate_for_same_parent_sequence
49;2;18;10;diversification;5;32a3e886b1b1;swap;45;50;;;;;;;;;;;;True;False;False;False;;ok;16037.503591685721;15692.749590867374;15692.749590867374;15359.74096821535;329;15359.74096821535;3001.3861;344.7540008183478;Evaluated;8.7657;2.2309;64;True;2;duplicate_for_same_parent_sequence
49;2;18;;diversification;6;;;;;;;;;;;;;;;;;;;;;End-of-iteration summary row;;;15692.749590867374;15359.74096821535;329;15359.74096821535;3001.3888;;IterationSummary;;;;;;
50;2;19;1;diversification;6;32a3e886b1b1;move;;;10;35;;;;;;;;;;True;False;False;True;;ok;16708.227688541505;15692.749590867374;15692.749590867374;15359.74096821535;330;15359.74096821535;3009.5857;1015.4780976741313;Evaluated;5.7555;2.4281;64;True;1;
50;2;19;2;diversification;6;32a3e886b1b1;move;;;5;3;;;;;;;;;;True;False;False;False;;ok;15870.405681333326;15692.749590867374;15692.749590867374;15359.74096821535;331;15359.74096821535;3020.6856;177.65609046595273;Evaluated;8.8684;2.2286;64;True;2;duplicate_for_same_parent_sequence
50;2;19;3;diversification;6;32a3e886b1b1;move;;;18;30;;;;;;;;;;True;False;False;True;;ok;16569.24539636262;15692.749590867374;15692.749590867374;15359.74096821535;332;15359.74096821535;3032.3209;876.4958054952476;Evaluated;9.1967;2.4352;64;True;2;duplicate_for_same_parent_sequence
50;2;19;4;diversification;6;32a3e886b1b1;move;;;50;30;;;;;;;;;;False;True;False;;;ok;;15692.749590867374;15692.749590867374;15359.74096821535;332;15359.74096821535;3044.545;;DuplicateForSameParentSequenceAfterRetries;12.2208;;;;3;duplicate_for_same_parent_sequence
50;2;19;5;diversification;6;32a3e886b1b1;move;;;10;30;;;;;;;;;;True;False;False;True;;ok;16709.370830018095;15692.749590867374;15692.749590867374;15359.74096821535;333;15359.74096821535;3055.7775;1016.6212391507215;Evaluated;8.7991;2.4323;64;True;2;duplicate_for_same_parent_sequence
50;2;19;6;diversification;6;32a3e886b1b1;move;;;35;10;;;;;;;;;;True;False;False;True;;ok;16051.476309535756;15692.749590867374;15692.749590867374;15359.74096821535;334;15359.74096821535;3066.7699;358.7267186683821;Evaluated;8.7603;2.2294;64;True;2;duplicate_for_same_parent_sequence
50;2;19;7;diversification;6;32a3e886b1b1;move;;;48;25;;;;;;;;;;True;False;False;True;;ok;15914.80842529704;15692.749590867374;15692.749590867374;15359.74096821535;335;15359.74096821535;3080.9431;222.0588344296666;Evaluated;11.9477;2.2229;64;True;3;duplicate_for_same_parent_sequence
50;2;19;8;diversification;6;32a3e886b1b1;move;;;8;25;;;;;;;;;;True;False;False;True;;ok;16710.66902879384;15692.749590867374;15692.749590867374;15359.74096821535;336;15359.74096821535;3088.5453;1017.9194379264663;Evaluated;5.1678;2.4337;64;True;1;
50;2;19;9;diversification;6;32a3e886b1b1;move;;;35;18;;;;;;;;;;True;False;False;True;;ok;15994.608383190984;15692.749590867374;15692.749590867374;15359.74096821535;337;15359.74096821535;3099.5446;301.85879232361003;Evaluated;8.7729;2.2228;64;True;2;duplicate_for_same_parent_sequence
50;2;19;10;diversification;6;32a3e886b1b1;swap;52;50;;;;;;;;;;;;True;False;False;False;;ok;15993.258039548462;15692.749590867374;15692.749590867374;15359.74096821535;338;15359.74096821535;3110.7284;300.50844868108834;Evaluated;8.9598;2.2214;64;True;2;duplicate_for_same_parent_sequence
50;2;19;;diversification;7;;;;;;;;;;;;;;;;;;;;;End-of-iteration summary row;;;15692.749590867374;15359.74096821535;338;15359.74096821535;3110.7291;;IterationSummary;;;;;;
51;2;20;1;diversification;7;32a3e886b1b1;move;;;20;35;;;;;;;;;;True;False;False;True;;ok;16423.39537398361;15692.749590867374;15692.749590867374;15359.74096821535;339;15359.74096821535;3118.7744;730.645783116237;Evaluated;5.6126;2.4273;64;True;1;
51;2;20;2;diversification;7;32a3e886b1b1;reinsert_block;;;;;;;18;24;35;;;;;True;False;False;True;;ok;16408.299207737564;15692.749590867374;15692.749590867374;15359.74096821535;340;15359.74096821535;3126.6929;715.5496168701902;Evaluated;5.4895;2.4261;64;True;1;
51;2;20;3;diversification;7;32a3e886b1b1;swap;38;45;;;;;;;;;;;;True;False;False;False;;ok;16057.094745336093;15692.749590867374;15692.749590867374;15359.74096821535;341;15359.74096821535;3137.7744;364.34515446871956;Evaluated;8.8478;2.2308;64;True;2;duplicate_for_same_parent_sequence
51;2;20;4;diversification;7;32a3e886b1b1;move;;;50;3;;;;;;;;;;True;False;False;True;;ok;17988.772501531745;15692.749590867374;15692.749590867374;15359.74096821535;342;15359.74096821535;3145.4702;2296.022910664371;Evaluated;5.2658;2.4267;64;True;1;
51;2;20;5;diversification;7;32a3e886b1b1;swap;15;20;;;;;;;;;;;;True;False;False;False;;ok;16619.93920343629;15692.749590867374;15692.749590867374;15359.74096821535;343;15359.74096821535;3156.5317;927.1896125689163;Evaluated;8.6318;2.4267;64;True;2;duplicate_for_same_parent_sequence
51;2;20;6;diversification;7;32a3e886b1b1;move;;;40;15;;;;;;;;;;True;False;False;True;;ok;16229.982243162982;15692.749590867374;15692.749590867374;15359.74096821535;344;15359.74096821535;3167.7396;537.2326522956082;Evaluated;8.7709;2.4346;64;True;2;duplicate_for_same_parent_sequence
51;2;20;7;diversification;7;32a3e886b1b1;move;;;35;20;;;;;;;;;;True;False;False;True;;ok;16390.28030558159;15692.749590867374;15692.749590867374;15359.74096821535;345;15359.74096821535;3178.7188;697.5307147142157;Evaluated;8.5425;2.4339;64;True;2;duplicate_for_same_parent_sequence
51;2;20;8;diversification;7;32a3e886b1b1;move;;;25;30;;;;;;;;;;True;False;False;False;;ok;16279.822309708017;15692.749590867374;15692.749590867374;15359.74096821535;346;15359.74096821535;3186.3364;587.0727188406436;Evaluated;5.1831;2.4312;64;True;1;
51;2;20;9;diversification;7;32a3e886b1b1;move;;;28;45;;;;;;;;;;True;False;False;True;;ok;16118.276589347406;15692.749590867374;15692.749590867374;15359.74096821535;347;15359.74096821535;3201.0533;425.5269984800325;Evaluated;12.2823;2.4319;64;True;3;duplicate_for_same_parent_sequence
51;2;20;10;diversification;7;32a3e886b1b1;move;;;45;30;;;;;;;;;;True;False;False;True;;ok;15883.559776996643;15692.749590867374;15692.749590867374;15359.74096821535;348;15359.74096821535;3208.7696;190.8101861292689;Evaluated;5.4863;2.2271;64;True;1;
51;2;20;;diversification;8;;;;;;;;;;;;;;;;;;;;;End-of-iteration summary row;;;15692.749590867374;15359.74096821535;348;15359.74096821535;3208.7704;;IterationSummary;;;;;;
52;2;21;1;diversification;8;32a3e886b1b1;move;;;5;30;;;;;;;;;;True;False;False;True;;ok;16783.019089366877;15692.749590867374;15692.749590867374;15359.74096821535;349;15359.74096821535;3216.8562;1090.2694984995032;Evaluated;5.6446;2.4357;64;True;1;
52;2;21;2;diversification;8;32a3e886b1b1;move;;;30;17;;;;;;;;;;True;False;False;True;;ok;16706.928218094832;15692.749590867374;15692.749590867374;15359.74096821535;350;15359.74096821535;3228.6181;1014.1786272274585;Evaluated;9.3241;2.4353;64;True;2;duplicate_for_same_parent_sequence
52;2;21;3;diversification;8;32a3e886b1b1;swap;38;40;;;;;;;;;;;;True;False;False;False;;ok;16070.981684919374;15692.749590867374;15692.749590867374;15359.74096821535;351;15359.74096821535;3239.9016;378.2320940520003;Evaluated;8.8511;2.4296;64;True;2;duplicate_for_same_parent_sequence
52;2;21;4;diversification;8;32a3e886b1b1;move;;;50;10;;;;;;;;;;True;False;False;True;;ok;17624.684071829666;15692.749590867374;15692.749590867374;15359.74096821535;352;15359.74096821535;3247.566;1931.9344809622926;Evaluated;5.2326;2.4291;64;True;1;
52;2;21;5;diversification;8;32a3e886b1b1;move;;;10;25;;;;;;;;;;True;False;False;True;;ok;16466.235406735308;15692.749590867374;15692.749590867374;15359.74096821535;353;15359.74096821535;3255.3223;773.4858158679344;Evaluated;5.285;2.4682;64;True;1;
52;2;21;6;diversification;8;32a3e886b1b1;swap;32;62;;;;;;;;;;;;True;False;False;True;;ok;15692.749590867374;15692.749590867374;15692.749590867374;15359.74096821535;354;15359.74096821535;3266.1147;0.0;Evaluated;8.5564;2.2322;64;True;2;duplicate_for_same_parent_sequence
52;2;21;7;diversification;8;32a3e886b1b1;move;;;35;45;;;;;;;;;;True;False;False;True;;ok;15921.960484925945;15692.749590867374;15692.749590867374;15359.74096821535;355;15359.74096821535;3277.0858;229.21089405857128;Evaluated;8.7256;2.2427;64;True;2;duplicate_for_same_parent_sequence
52;2;21;8;diversification;8;32a3e886b1b1;move;;;22;40;;;;;;;;;;True;False;False;True;;ok;16733.40819663488;15692.749590867374;15692.749590867374;15359.74096821535;356;15359.74096821535;3291.5053;1040.658605767505;Evaluated;11.9915;2.4257;64;True;3;duplicate_for_same_parent_sequence
52;2;21;9;diversification;8;32a3e886b1b1;move;;;24;30;;;;;;;;;;True;False;False;False;;ok;16273.063199573762;15692.749590867374;15692.749590867374;15359.74096821535;357;15359.74096821535;3299.2142;580.3136087063885;Evaluated;5.2782;2.4276;64;True;1;
52;2;21;10;diversification;8;32a3e886b1b1;swap;40;45;;;;;;;;;;;;True;False;False;False;;ok;16038.277497647441;15692.749590867374;15692.749590867374;15359.74096821535;358;15359.74096821535;3310.0113;345.5279067800675;Evaluated;8.5682;2.2281;64;True;2;duplicate_for_same_parent_sequence
52;2;21;;diversification;9;;;;;;;;;;;;;;;;;;;;;End-of-iteration summary row;;;15692.749590867374;15359.74096821535;358;15359.74096821535;3310.0144;;IterationSummary;;;;;;
53;2;22;1;diversification;9;32a3e886b1b1;move;;;28;14;;;;;;;;;;True;False;False;True;;ok;16570.295297373326;15692.749590867374;15692.749590867374;15359.74096821535;359;15359.74096821535;3321.477;877.5457065059527;Evaluated;9.0215;2.4293;64;True;2;duplicate_for_same_parent_sequence
53;2;22;2;diversification;9;32a3e886b1b1;reinsert_block;;;;;;;20;25;35;;;;;True;False;False;True;;ok;16737.764573565615;15692.749590867374;15692.749590867374;15359.74096821535;360;15359.74096821535;3329.4305;1045.0149826982415;Evaluated;5.5137;2.4372;64;True;1;
53;2;22;3;diversification;9;32a3e886b1b1;swap;40;50;;;;;;;;;;;;True;False;False;False;;ok;16738.970781105592;15692.749590867374;15692.749590867374;15359.74096821535;361;15359.74096821535;3337.0984;1046.2211902382187;Evaluated;5.2383;2.4265;64;True;1;
53;2;22;4;diversification;9;32a3e886b1b1;move;;;50;15;;;;;;;;;;True;False;False;True;;ok;17189.54227329092;15692.749590867374;15692.749590867374;15359.74096821535;362;15359.74096821535;3351.4469;1496.7926824235474;Evaluated;11.914;2.4316;64;True;3;duplicate_for_same_parent_sequence
53;2;22;5;diversification;9;32a3e886b1b1;move;;;50;25;;;;;;;;;;True;False;False;True;;ok;16663.331310601407;15692.749590867374;15692.749590867374;15359.74096821535;363;15359.74096821535;3359.2446;970.581719734033;Evaluated;5.3649;2.4292;64;True;1;
53;2;22;6;diversification;9;32a3e886b1b1;move;;;30;17;;;;;;;;;;False;True;False;;;ok;;15692.749590867374;15692.749590867374;15359.74096821535;363;15359.74096821535;3371.221;;DuplicateForSameParentSequenceAfterRetries;11.9753;;;;3;duplicate_for_same_parent_sequence
53;2;22;7;diversification;9;32a3e886b1b1;move;;;50;15;;;;;;;;;;False;True;False;;;ok;;15692.749590867374;15692.749590867374;15359.74096821535;363;15359.74096821535;3383.4158;;DuplicateForSameParentSequenceAfterRetries;12.1939;;;;3;duplicate_for_same_parent_sequence
53;2;22;8;diversification;9;32a3e886b1b1;swap;8;15;;;;;;;;;;;;True;False;False;False;;ok;15982.809933492339;15692.749590867374;15692.749590867374;15359.74096821535;364;15359.74096821535;3394.2096;290.0603426249654;Evaluated;8.5584;2.2344;64;True;2;duplicate_for_same_parent_sequence
53;2;22;9;diversification;9;32a3e886b1b1;move;;;18;35;;;;;;;;;;True;False;False;True;;ok;16561.669316920423;15692.749590867374;15692.749590867374;15359.74096821535;365;15359.74096821535;3405.2352;868.9197260530491;Evaluated;8.5962;2.4268;64;True;2;duplicate_for_same_parent_sequence
53;2;22;10;diversification;9;32a3e886b1b1;move;;;48;30;;;;;;;;;;False;True;False;;;ok;;15692.749590867374;15692.749590867374;15359.74096821535;365;15359.74096821535;3417.1727;;DuplicateForSameParentSequenceAfterRetries;11.9344;;;;3;duplicate_for_same_parent_sequence
53;3;0;;diversification;0;;;;;;;;;;;;;;;;;;;;;End-of-iteration summary row;;;16641.404845676683;15359.74096821535;366;15359.74096821535;3419.6136;;IterationSummary;;;;;;
54;3;1;1;normal;0;0f63cf6f404e;move;;;10;5;;;;;;;;;;True;False;False;False;;ok;15624.28520901457;16641.404845676683;16641.404845676683;15359.74096821535;367;15359.74096821535;3426.9938;-1017.1196366621134;Evaluated;5.1474;2.2265;64;True;1;
54;3;1;2;normal;0;0f63cf6f404e;swap;20;21;;;;;;;;;;;;True;False;False;False;;ok;16629.23952903216;16641.404845676683;16641.404845676683;15359.74096821535;368;15359.74096821535;3434.3124;-12.165316644524864;Evaluated;4.8836;2.4343;64;True;1;
54;3;1;3;normal;0;0f63cf6f404e;reinsert_block;;;;;;;35;42;18;;;;;True;False;False;True;;ok;17547.8365059344;16641.404845676683;16641.404845676683;15359.74096821535;369;15359.74096821535;3441.9692;906.4316602577164;Evaluated;5.2254;2.429;64;True;1;
54;3;1;4;normal;0;0f63cf6f404e;move;;;50;20;;;;;;;;;;True;False;False;True;;ok;17447.9026263286;16641.404845676683;16641.404845676683;15359.74096821535;370;15359.74096821535;3449.271;806.4977806519164;Evaluated;4.8669;2.4325;64;True;1;
54;3;1;5;normal;0;0f63cf6f404e;move;;;20;35;;;;;;;;;;True;False;False;True;;ok;16762.38946192952;16641.404845676683;16641.404845676683;15359.74096821535;371;15359.74096821535;3456.6422;120.98461625283744;Evaluated;4.9328;2.4355;64;True;1;
54;3;1;;normal;0;;;;;;;;;;;;;;;;;;;;;End-of-iteration summary row;;;15624.28520901457;15359.74096821535;371;15359.74096821535;3456.6486;;IterationSummary;;;;;;
55;3;2;1;normal;0;457c4bc75f95;move;;;10;5;;;;;;;;;;True;False;False;False;;ok;18200.878935664194;15624.28520901457;15624.28520901457;15359.74096821535;372;15359.74096821535;3464.8557;2576.593726649624;Evaluated;5.565;2.6353;64;True;1;
55;3;2;2;normal;0;457c4bc75f95;swap;20;21;;;;;;;;;;;;True;False;False;False;;ok;17165.900080951942;15624.28520901457;15624.28520901457;15359.74096821535;373;15359.74096821535;3472.6288;1541.6148719373723;Evaluated;5.3413;2.4305;64;True;1;
55;3;2;3;normal;0;457c4bc75f95;reinsert_block;;;;;;;35;42;18;;;;;True;False;False;True;;ok;17358.57036360281;15624.28520901457;15624.28520901457;15359.74096821535;374;15359.74096821535;3480.5112;1734.2851545882386;Evaluated;5.4454;2.4343;64;True;1;
55;3;2;4;normal;0;457c4bc75f95;move;;;50;17;;;;;;;;;;True;False;False;True;;ok;17352.757550931758;15624.28520901457;15624.28520901457;15359.74096821535;375;15359.74096821535;3488.1436;1728.4723419171878;Evaluated;5.2057;2.4259;64;True;1;
55;3;2;5;normal;0;457c4bc75f95;move;;;48;30;;;;;;;;;;True;False;False;True;;ok;16407.253134476927;15624.28520901457;15624.28520901457;15359.74096821535;376;15359.74096821535;3495.7527;782.967925462357;Evaluated;5.1689;2.4366;64;True;1;
55;3;2;;normal;1;;;;;;;;;;;;;;;;;;;;;End-of-iteration summary row;;;15624.28520901457;15359.74096821535;376;15359.74096821535;3495.756;;IterationSummary;;;;;;
56;3;3;1;normal;1;457c4bc75f95;move;;;5;10;;;;;;;;;;True;False;False;False;;ok;16641.404845676683;15624.28520901457;15624.28520901457;15359.74096821535;377;15359.74096821535;3503.8234;1017.1196366621134;Evaluated;5.6293;2.4273;64;True;1;
56;3;3;2;normal;1;457c4bc75f95;move;;;25;30;;;;;;;;;;True;False;False;False;;ok;15624.461469062106;15624.28520901457;15624.28520901457;15359.74096821535;378;15359.74096821535;3514.5982;0.17626004753583402;Evaluated;8.5455;2.2275;64;True;2;duplicate_for_same_parent_sequence
56;3;3;3;normal;1;457c4bc75f95;move;;;38;20;;;;;;;;;;True;False;False;True;;ok;16304.493071685065;15624.28520901457;15624.28520901457;15359.74096821535;379;15359.74096821535;3525.9584;680.2078626704952;Evaluated;8.9312;2.4262;64;True;2;duplicate_for_same_parent_sequence
56;3;3;4;normal;1;457c4bc75f95;move;;;50;20;;;;;;;;;;True;False;False;True;;ok;17352.757550931758;15624.28520901457;15624.28520901457;15359.74096821535;380;15359.74096821535;3536.9849;1728.4723419171878;Evaluated;8.5965;2.4294;64;True;2;duplicate_for_same_parent_sequence
56;3;3;5;normal;1;457c4bc75f95;move;;;20;15;;;;;;;;;;True;False;False;False;;ok;17140.394312563836;15624.28520901457;15624.28520901457;15359.74096821535;381;15359.74096821535;3544.5579;1516.1091035492664;Evaluated;5.1413;2.429;64;True;1;
56;3;3;;normal;2;;;;;;;;;;;;;;;;;;;;;End-of-iteration summary row;;;15624.28520901457;15359.74096821535;381;15359.74096821535;3544.5611;;IterationSummary;;;;;;
57;3;4;1;normal;2;457c4bc75f95;move;;;8;3;;;;;;;;;;True;False;False;False;;ok;17906.989734677136;15624.28520901457;15624.28520901457;15359.74096821535;382;15359.74096821535;3555.9241;2282.704525662566;Evaluated;8.9205;2.4332;64;True;2;duplicate_for_same_parent_sequence
57;3;4;2;normal;2;457c4bc75f95;swap;17;20;;;;;;;;;;;;True;False;False;False;;ok;17234.63593120889;15624.28520901457;15624.28520901457;15359.74096821535;383;15359.74096821535;3563.7818;1610.35072219432;Evaluated;5.4256;2.4289;64;True;1;
57;3;4;3;normal;2;457c4bc75f95;move;;;35;20;;;;;;;;;;True;False;False;True;;ok;17356.46006678845;15624.28520901457;15624.28520901457;15359.74096821535;384;15359.74096821535;3575.1354;1732.1748577738817;Evaluated;8.9222;2.4284;64;True;2;duplicate_for_same_parent_sequence
57;3;4;4;normal;2;457c4bc75f95;move;;;38;25;;;;;;;;;;True;False;False;True;;ok;18080.11668019457;15624.28520901457;15624.28520901457;15359.74096821535;385;15359.74096821535;3586.5878;2455.8314711799994;Evaluated;8.8213;2.628;64;True;2;duplicate_for_same_parent_sequence
57;3;4;5;normal;2;457c4bc75f95;move;;;3;28;;;;;;;;;;True;False;False;True;;ok;18040.755527643643;15624.28520901457;15624.28520901457;15359.74096821535;386;15359.74096821535;3597.4954;2416.4703186290735;Evaluated;8.4758;2.4288;64;True;2;duplicate_for_same_parent_sequence
57;3;4;;normal;3;;;;;;;;;;;;;;;;;;;;;End-of-iteration summary row;;;15624.28520901457;15359.74096821535;386;15359.74096821535;3597.4987;;IterationSummary;;;;;;
58;3;5;1;diversification;3;457c4bc75f95;move;;;5;10;;;;;;;;;;False;True;False;;;ok;;15624.28520901457;15624.28520901457;15359.74096821535;386;15359.74096821535;3609.7041;;DuplicateForSameParentSequenceAfterRetries;12.1932;;;;3;duplicate_for_same_parent_sequence
58;3;5;2;diversification;3;457c4bc75f95;reinsert_block;;;;;;;20;25;16;;;;;True;False;False;False;;ok;18284.909172608568;15624.28520901457;15624.28520901457;15359.74096821535;387;15359.74096821535;3617.8862;2660.6239635939983;Evaluated;5.5529;2.628;64;True;1;
58;3;5;3;diversification;3;457c4bc75f95;swap;35;40;;;;;;;;;;;;True;False;False;False;;ok;16452.511161583785;15624.28520901457;15624.28520901457;15359.74096821535;388;15359.74096821535;3625.8002;828.2259525692152;Evaluated;5.4823;2.4282;64;True;1;
58;3;5;4;diversification;3;457c4bc75f95;move;;;50;25;;;;;;;;;;True;False;False;True;;ok;16898.13669439016;15624.28520901457;15624.28520901457;15359.74096821535;389;15359.74096821535;3633.3801;1273.8514853755896;Evaluated;5.149;2.4269;64;True;1;
58;3;5;5;diversification;3;457c4bc75f95;move;;;28;10;;;;;;;;;;True;False;False;True;;ok;17892.503343127548;15624.28520901457;15624.28520901457;15359.74096821535;390;15359.74096821535;3641.1288;2268.218134112978;Evaluated;5.3194;2.4265;64;True;1;
58;3;5;6;diversification;3;457c4bc75f95;move;;;45;30;;;;;;;;;;True;False;False;True;;ok;16836.959426129855;15624.28520901457;15624.28520901457;15359.74096821535;391;15359.74096821535;3648.9102;1212.6742171152855;Evaluated;5.3507;2.4281;64;True;1;
58;3;5;7;diversification;3;457c4bc75f95;move;;;30;15;;;;;;;;;;True;False;False;True;;ok;18530.35652874992;15624.28520901457;15624.28520901457;15359.74096821535;392;15359.74096821535;3656.9501;2906.071319735349;Evaluated;5.4066;2.6307;64;True;1;
58;3;5;8;diversification;3;457c4bc75f95;move;;;8;15;;;;;;;;;;True;False;False;False;;ok;15657.031256578393;15624.28520901457;15624.28520901457;15359.74096821535;393;15359.74096821535;3664.3138;32.746047563823595;Evaluated;5.137;2.2241;64;True;1;
58;3;5;9;diversification;3;457c4bc75f95;move;;;25;30;;;;;;;;;;False;True;True;;;ok;;15624.28520901457;15624.28520901457;15359.74096821535;393;15359.74096821535;3676.467;;DuplicateForSameParentSequenceAfterRetries;12.149;;;;3;duplicate_for_same_parent_sequence
58;3;5;10;diversification;3;457c4bc75f95;move;;;18;25;;;;;;;;;;True;False;False;False;;ok;17358.57036360281;15624.28520901457;15624.28520901457;15359.74096821535;394;15359.74096821535;3687.5469;1734.2851545882386;Evaluated;8.6428;2.4361;64;True;2;duplicate_for_same_parent_sequence
58;3;5;;diversification;4;;;;;;;;;;;;;;;;;;;;;End-of-iteration summary row;;;15624.28520901457;15359.74096821535;394;15359.74096821535;3687.5502;;IterationSummary;;;;;;
59;3;6;1;diversification;4;457c4bc75f95;move;;;10;25;;;;;;;;;;True;False;False;True;;ok;17311.952966438275;15624.28520901457;15624.28520901457;15359.74096821535;395;15359.74096821535;3695.4403;1687.6677574237056;Evaluated;5.4507;2.4279;64;True;1;
59;3;6;2;diversification;4;457c4bc75f95;move;;;7;13;;;;;;;;;;True;False;False;False;;ok;17953.042447021562;15624.28520901457;15624.28520901457;15359.74096821535;396;15359.74096821535;3707.0902;2328.7572380069923;Evaluated;9.2172;2.4301;64;True;2;duplicate_for_same_parent_sequence
59;3;6;3;diversification;4;457c4bc75f95;swap;32;47;;;;;;;;;;;;True;False;False;True;;ok;16012.741037721877;15624.28520901457;15624.28520901457;15359.74096821535;397;15359.74096821535;3718.1561;388.45582870730686;Evaluated;8.8377;2.2256;64;True;2;duplicate_for_same_parent_sequence
59;3;6;4;diversification;4;457c4bc75f95;move;;;52;10;;;;;;;;;;True;False;False;True;;ok;17799.491882656574;15624.28520901457;15624.28520901457;15359.74096821535;398;15359.74096821535;3725.9113;2175.206673642004;Evaluated;5.3242;2.4278;64;True;1;
59;3;6;5;diversification;4;457c4bc75f95;move;;;20;10;;;;;;;;;;True;False;False;True;;ok;18181.715272951475;15624.28520901457;15624.28520901457;15359.74096821535;399;15359.74096821535;3733.7377;2557.430063936905;Evaluated;5.1938;2.6298;64;True;1;
59;3;6;6;diversification;4;457c4bc75f95;swap;28;30;;;;;;;;;;;;True;False;False;False;;ok;16741.826987904307;15624.28520901457;15624.28520901457;15359.74096821535;400;15359.74096821535;3744.9236;1117.5417788897375;Evaluated;8.7532;2.4321;64;True;2;duplicate_for_same_parent_sequence
59;3;6;7;diversification;4;457c4bc75f95;move;;;40;10;;;;;;;;;;True;False;False;True;;ok;17735.014355342628;15624.28520901457;15624.28520901457;15359.74096821535;401;15359.74096821535;3756.2692;2110.729146328058;Evaluated;8.9099;2.4323;64;True;2;duplicate_for_same_parent_sequence
59;3;6;8;diversification;4;457c4bc75f95;move;;;20;35;;;;;;;;;;True;False;False;True;;ok;17234.791929704366;15624.28520901457;15624.28520901457;15359.74096821535;402;15359.74096821535;3763.9239;1610.5067206897966;Evaluated;5.226;2.428;64;True;1;
59;3;6;9;diversification;4;457c4bc75f95;move;;;40;18;;;;;;;;;;True;False;False;True;;ok;16320.535433177516;15624.28520901457;15624.28520901457;15359.74096821535;403;15359.74096821535;3778.4762;696.2502241629463;Evaluated;12.12;2.4296;64;True;3;duplicate_for_same_parent_sequence
59;3;6;10;diversification;4;457c4bc75f95;move;;;50;35;;;;;;;;;;True;False;False;True;;ok;16239.589762765097;15624.28520901457;15624.28520901457;15359.74096821535;404;15359.74096821535;3786.1286;615.3045537505277;Evaluated;5.2214;2.4282;64;True;1;
59;3;6;;diversification;5;;;;;;;;;;;;;;;;;;;;;End-of-iteration summary row;;;15624.28520901457;15359.74096821535;404;15359.74096821535;3786.1317;;IterationSummary;;;;;;
60;3;7;1;diversification;5;457c4bc75f95;move;;;5;20;;;;;;;;;;True;False;False;True;;ok;17549.422571791158;15624.28520901457;15624.28520901457;15359.74096821535;405;15359.74096821535;3800.6138;1925.137362776588;Evaluated;12.0411;2.4319;64;True;3;duplicate_for_same_parent_sequence
60;3;7;2;diversification;5;457c4bc75f95;reinsert_block;;;;;;;18;23;5;;;;;True;False;False;True;;ok;18297.193595522698;15624.28520901457;15624.28520901457;15359.74096821535;406;15359.74096821535;3808.9111;2672.9083865081284;Evaluated;5.6652;2.6292;64;True;1;
60;3;7;3;diversification;5;457c4bc75f95;move;;;35;10;;;;;;;;;;True;False;False;True;;ok;17735.266600959723;15624.28520901457;15624.28520901457;15359.74096821535;407;15359.74096821535;3823.6281;2110.9813919451535;Evaluated;12.2856;2.4288;64;True;3;duplicate_for_same_parent_sequence
60;3;7;4;diversification;5;457c4bc75f95;move;;;50;15;;;;;;;;;;True;False;False;True;;ok;17362.00434180706;15624.28520901457;15624.28520901457;15359.74096821535;408;15359.74096821535;3838.0609;1737.7191327924902;Evaluated;12.0029;2.4261;64;True;3;duplicate_for_same_parent_sequence
60;3;7;5;diversification;5;457c4bc75f95;move;;;8;20;;;;;;;;;;True;False;False;True;;ok;15496.800938153252;15624.28520901457;15624.28520901457;15359.74096821535;409;15359.74096821535;3845.4642;-127.48427086131778;Evaluated;5.1719;2.2283;64;True;1;
60;3;7;6;diversification;5;457c4bc75f95;move;;;25;40;;;;;;;;;;True;False;False;True;;ok;16377.812700043227;15624.28520901457;15624.28520901457;15359.74096821535;410;15359.74096821535;3853.0993;753.5274910286571;Evaluated;5.2011;2.43;64;True;1;
60;3;7;7;diversification;5;457c4bc75f95;move;;;25;40;;;;;;;;;;False;True;False;;;ok;;15624.28520901457;15624.28520901457;15359.74096821535;410;15359.74096821535;3865.242;;DuplicateForSameParentSequenceAfterRetries;12.142;;;;3;duplicate_for_same_parent_sequence
60;3;7;8;diversification;5;457c4bc75f95;swap;8;15;;;;;;;;;;;;True;False;False;False;;ok;15624.28520901457;15624.28520901457;15624.28520901457;15359.74096821535;411;15359.74096821535;3876.0235;0.0;Evaluated;8.5586;2.222;64;True;2;duplicate_for_same_parent_sequence
60;3;7;9;diversification;5;457c4bc75f95;move;;;18;4;;;;;;;;;;True;False;False;True;;ok;17798.08692143634;15624.28520901457;15624.28520901457;15359.74096821535;412;15359.74096821535;3887.1781;2173.8017124217713;Evaluated;8.7245;2.4274;64;True;2;duplicate_for_same_parent_sequence
60;3;7;10;diversification;5;457c4bc75f95;move;;;45;10;;;;;;;;;;True;False;False;True;;ok;18427.498295479574;15624.28520901457;15624.28520901457;15359.74096821535;413;15359.74096821535;3895.0815;2803.2130864650044;Evaluated;5.2713;2.6293;64;True;1;
60;3;7;;diversification;0;;;;;;;;;;;;;;;;;;;;;End-of-iteration summary row;;;15496.800938153252;15359.74096821535;413;15359.74096821535;3895.0984;;IterationSummary;;;;;;
61;3;8;1;normal;0;38ca0b9be622;move;;;5;20;;;;;;;;;;True;False;False;True;;ok;17548.29253134705;15496.800938153252;15496.800938153252;15359.74096821535;414;15359.74096821535;3903.2176;2051.4915931937994;Evaluated;5.6803;2.4325;64;True;1;
61;3;8;2;normal;0;38ca0b9be622;swap;17;20;;;;;;;;;;;;True;False;False;False;;ok;17343.962079814264;15496.800938153252;15496.800938153252;15359.74096821535;415;15359.74096821535;3910.8257;1847.1611416610122;Evaluated;5.1722;2.4325;64;True;1;
61;3;8;3;normal;0;38ca0b9be622;reinsert_block;;;;;;;35;42;10;;;;;True;False;False;True;;ok;15629.109170671956;15496.800938153252;15496.800938153252;15359.74096821535;416;15359.74096821535;3918.3687;132.30823251870424;Evaluated;5.3082;2.2322;64;True;1;
61;3;8;4;normal;0;38ca0b9be622;move;;;50;30;;;;;;;;;;True;False;False;True;;ok;16612.349801812095;15496.800938153252;15496.800938153252;15359.74096821535;417;15359.74096821535;3925.8309;1115.5488636588434;Evaluated;5.0351;2.4252;64;True;1;
61;3;8;5;normal;0;38ca0b9be622;move;;;15;8;;;;;;;;;;True;False;False;False;;ok;17785.33976435805;15496.800938153252;15496.800938153252;15359.74096821535;418;15359.74096821535;3933.3536;2288.538826204798;Evaluated;5.0915;2.4296;64;True;1;
61;3;8;;normal;1;;;;;;;;;;;;;;;;;;;;;End-of-iteration summary row;;;15496.800938153252;15359.74096821535;418;15359.74096821535;3933.3565;;IterationSummary;;;;;;
62;3;9;1;normal;1;38ca0b9be622;move;;;10;5;;;;;;;;;;True;False;False;False;;ok;15699.046908405822;15496.800938153252;15496.800938153252;15359.74096821535;419;15359.74096821535;3941.0832;202.24597025257026;Evaluated;5.4853;2.2277;64;True;1;
62;3;9;2;normal;1;38ca0b9be622;swap;18;25;;;;;;;;;;;;True;False;False;False;;ok;17451.5991786538;15496.800938153252;15496.800938153252;15359.74096821535;420;15359.74096821535;3949.0156;1954.7982405005478;Evaluated;5.4944;2.4351;64;True;1;
62;3;9;3;normal;1;38ca0b9be622;reinsert_block;;;;;;;35;41;12;;;;;True;False;False;True;;ok;16318.021847967924;15496.800938153252;15496.800938153252;15359.74096821535;421;15359.74096821535;3956.948;821.2209098146723;Evaluated;5.4993;2.4324;64;True;1;
62;3;9;4;normal;1;38ca0b9be622;move;;;50;28;;;;;;;;;;True;False;False;True;;ok;16953.04885322434;15496.800938153252;15496.800938153252;15359.74096821535;422;15359.74096821535;3964.6063;1456.2479150710878;Evaluated;5.2248;2.4311;64;True;1;
62;3;9;5;normal;1;38ca0b9be622;move;;;10;25;;;;;;;;;;True;False;False;True;;ok;17424.77129423975;15496.800938153252;15496.800938153252;15359.74096821535;423;15359.74096821535;3972.2236;1927.9703560864964;Evaluated;5.1846;2.4301;64;True;1;
62;3;9;;normal;2;;;;;;;;;;;;;;;;;;;;;End-of-iteration summary row;;;15496.800938153252;15359.74096821535;423;15359.74096821535;3972.2268;;IterationSummary;;;;;;
63;3;10;1;normal;2;38ca0b9be622;move;;;8;5;;;;;;;;;;True;False;False;False;;ok;15625.10748924512;15496.800938153252;15496.800938153252;15359.74096821535;424;15359.74096821535;3979.8549;128.30655109186773;Evaluated;5.3859;2.23;64;True;1;
63;3;10;2;normal;2;38ca0b9be622;swap;25;30;;;;;;;;;;;;True;False;False;False;;ok;18195.28134545913;15496.800938153252;15496.800938153252;15359.74096821535;425;15359.74096821535;3991.2294;2698.4804073058785;Evaluated;8.7421;2.6315;64;True;2;duplicate_for_same_parent_sequence
63;3;10;3;normal;2;38ca0b9be622;reinsert_block;;;;;;;32;40;15;;;;;True;False;False;True;;ok;16857.38256219792;15496.800938153252;15496.800938153252;15359.74096821535;426;15359.74096821535;3999.1422;1360.5816240446675;Evaluated;5.4879;2.4223;64;True;1;
63;3;10;4;normal;2;38ca0b9be622;move;;;50;48;;;;;;;;;;True;False;False;False;;ok;15460.664749439515;15496.800938153252;15496.800938153252;15359.74096821535;427;15359.74096821535;4006.6528;-36.13618871373728;Evaluated;5.2816;2.2283;64;True;1;
63;3;10;5;normal;2;38ca0b9be622;move;;;20;15;;;;;;;;;;True;False;False;False;;ok;15657.031256578393;15496.800938153252;15496.800938153252;15359.74096821535;428;15359.74096821535;4014.1155;160.23031842514138;Evaluated;5.2309;2.23;64;True;1;
63;3;10;;normal;0;;;;;;;;;;;;;;;;;;;;;End-of-iteration summary row;;;15460.664749439515;15359.74096821535;428;15359.74096821535;4014.1266;;IterationSummary;;;;;;
64;3;11;1;normal;0;56ef9c57f468;move;;;8;15;;;;;;;;;;True;False;False;False;;ok;15609.65344340802;15460.664749439515;15460.664749439515;15359.74096821535;429;15359.74096821535;4021.9474;148.9886939685057;Evaluated;5.588;2.2264;64;True;1;
64;3;11;2;normal;0;56ef9c57f468;swap;20;31;;;;;;;;;;;;True;False;False;False;;ok;15460.664749439515;15460.664749439515;15460.664749439515;15359.74096821535;430;15359.74096821535;4029.595;0.0;Evaluated;5.4227;2.224;64;True;1;
64;3;11;3;normal;0;56ef9c57f468;reinsert_block;;;;;;;35;40;25;;;;;True;False;False;True;;ok;16046.14614995576;15460.664749439515;15460.664749439515;15359.74096821535;431;15359.74096821535;4037.4517;585.4814005162461;Evaluated;5.6264;2.229;64;True;1;
64;3;11;4;normal;0;56ef9c57f468;move;;;50;28;;;;;;;;;;True;False;False;True;;ok;16396.22515324996;15460.664749439515;15460.664749439515;15359.74096821535;432;15359.74096821535;4045.1462;935.5604038104466;Evaluated;5.2628;2.429;64;True;1;
64;3;11;5;normal;0;56ef9c57f468;move;;;20;15;;;;;;;;;;True;False;False;False;;ok;15658.153871890674;15460.664749439515;15460.664749439515;15359.74096821535;433;15359.74096821535;4052.6065;197.48912245115935;Evaluated;5.2339;2.2256;64;True;1;
64;3;11;;normal;1;;;;;;;;;;;;;;;;;;;;;End-of-iteration summary row;;;15460.664749439515;15359.74096821535;433;15359.74096821535;4052.6092;;IterationSummary;;;;;;
65;3;12;1;normal;1;56ef9c57f468;move;;;7;3;;;;;;;;;;True;False;False;False;;ok;17488.38820426922;15460.664749439515;15460.664749439515;15359.74096821535;434;15359.74096821535;4060.2592;2027.7234548297056;Evaluated;5.2046;2.4291;64;True;1;
65;3;12;2;normal;1;56ef9c57f468;swap;18;20;;;;;;;;;;;;True;False;False;False;;ok;16888.340590525335;15460.664749439515;15460.664749439515;15359.74096821535;435;15359.74096821535;4067.7707;1427.6758410858201;Evaluated;5.0738;2.4351;64;True;1;
65;3;12;3;normal;1;56ef9c57f468;move;;;38;10;;;;;;;;;;True;False;False;True;;ok;16288.288979565817;15460.664749439515;15460.664749439515;15359.74096821535;436;15359.74096821535;4079.1575;827.6242301263028;Evaluated;8.9507;2.4319;64;True;2;duplicate_for_same_parent_sequence
65;3;12;4;normal;1;56ef9c57f468;move;;;50;48;;;;;;;;;;True;False;False;False;;ok;15702.32611532327;15460.664749439515;15460.664749439515;15359.74096821535;437;15359.74096821535;4086.5608;241.66136588375593;Evaluated;5.1764;2.2238;64;True;1;
65;3;12;5;normal;1;56ef9c57f468;move;;;17;25;;;;;;;;;;True;False;False;False;;ok;16889.375808670644;15460.664749439515;15460.664749439515;15359.74096821535;438;15359.74096821535;4094.1572;1428.7110592311292;Evaluated;5.1618;2.4318;64;True;1;
65;3;12;;normal;2;;;;;;;;;;;;;;;;;;;;;End-of-iteration summary row;;;15460.664749439515;15359.74096821535;438;15359.74096821535;4094.1604;;IterationSummary;;;;;;
66;3;13;1;normal;2;56ef9c57f468;move;;;5;10;;;;;;;;;;True;False;False;False;;ok;17096.455297763707;15460.664749439515;15460.664749439515;15359.74096821535;439;15359.74096821535;4102.058;1635.790548324192;Evaluated;5.4581;2.4288;64;True;1;
66;3;13;2;normal;2;56ef9c57f468;move;;;35;20;;;;;;;;;;True;False;False;True;;ok;16509.517246714324;15460.664749439515;15460.664749439515;15359.74096821535;440;15359.74096821535;4113.1604;1048.8524972748091;Evaluated;8.6732;2.4261;64;True;2;duplicate_for_same_parent_sequence
66;3;13;3;normal;2;56ef9c57f468;move;;;30;15;;;;;;;;;;True;False;False;True;;ok;18079.582148389287;15460.664749439515;15460.664749439515;15359.74096821535;441;15359.74096821535;4124.5635;2618.917398949772;Evaluated;8.7729;2.6276;64;True;2;duplicate_for_same_parent_sequence
66;3;13;4;normal;2;56ef9c57f468;move;;;26;30;;;;;;;;;;True;False;False;False;;ok;16467.669524658522;15460.664749439515;15460.664749439515;15359.74096821535;442;15359.74096821535;4135.5721;1007.0047752190076;Evaluated;8.5787;2.4263;64;True;2;duplicate_for_same_parent_sequence
66;3;13;5;normal;2;56ef9c57f468;move;;;40;25;;;;;;;;;;True;False;False;True;;ok;17104.553716774804;15460.664749439515;15460.664749439515;15359.74096821535;443;15359.74096821535;4143.1475;1643.8889673352896;Evaluated;5.1424;2.4295;64;True;1;
66;3;13;;normal;3;;;;;;;;;;;;;;;;;;;;;End-of-iteration summary row;;;15460.664749439515;15359.74096821535;443;15359.74096821535;4143.1486;;IterationSummary;;;;;;
67;3;14;1;diversification;3;56ef9c57f468;move;;;10;25;;;;;;;;;;True;False;False;True;;ok;16971.073851256828;15460.664749439515;15460.664749439515;15359.74096821535;444;15359.74096821535;4151.2003;1510.409101817313;Evaluated;5.6153;2.4295;64;True;1;
67;3;14;2;diversification;3;56ef9c57f468;reinsert_block;;;;;;;18;23;5;;;;;True;False;False;True;;ok;16715.145603521552;15460.664749439515;15460.664749439515;15359.74096821535;445;15359.74096821535;4159.0659;1254.4808540820377;Evaluated;5.4355;2.4275;64;True;1;
67;3;14;3;diversification;3;56ef9c57f468;swap;32;47;;;;;;;;;;;;True;False;False;True;;ok;16388.044586674685;15460.664749439515;15460.664749439515;15359.74096821535;446;15359.74096821535;4166.7815;927.3798372351703;Evaluated;5.2845;2.428;64;True;1;
67;3;14;4;diversification;3;56ef9c57f468;move;;;61;30;;;;;;;;;;True;False;False;True;;ok;16763.45687772612;15460.664749439515;15460.664749439515;15359.74096821535;447;15359.74096821535;4178.1947;1302.7921282866046;Evaluated;8.9815;2.4286;64;True;2;duplicate_for_same_parent_sequence
67;3;14;5;diversification;3;56ef9c57f468;move;;;25;10;;;;;;;;;;True;False;False;True;;ok;17327.137778912853;15460.664749439515;15460.664749439515;15359.74096821535;448;15359.74096821535;4185.9933;1866.473029473338;Evaluated;5.3688;2.4267;64;True;1;
67;3;14;6;diversification;3;56ef9c57f468;move;;;50;10;;;;;;;;;;True;False;False;True;;ok;17327.459682852103;15460.664749439515;15460.664749439515;15359.74096821535;449;15359.74096821535;4193.4059;1866.7949334125879;Evaluated;4.9806;2.4297;64;True;1;
67;3;14;7;diversification;3;56ef9c57f468;move;;;45;30;;;;;;;;;;True;False;False;True;;ok;16375.177663035975;15460.664749439515;15460.664749439515;15359.74096821535;450;15359.74096821535;4204.5422;914.5129135964598;Evaluated;8.7007;2.4319;64;True;2;duplicate_for_same_parent_sequence
67;3;14;8;diversification;3;56ef9c57f468;move;;;20;30;;;;;;;;;;True;False;False;True;;ok;15647.569624686963;15460.664749439515;15460.664749439515;15359.74096821535;451;15359.74096821535;4215.6939;186.90487524744822;Evaluated;8.9141;2.2346;64;True;2;duplicate_for_same_parent_sequence
67;3;14;9;diversification;3;56ef9c57f468;move;;;25;30;;;;;;;;;;True;False;False;False;;ok;16421.357257597472;15460.664749439515;15460.664749439515;15359.74096821535;452;15359.74096821535;4223.2409;960.6925081579575;Evaluated;5.1086;2.4356;64;True;1;
67;3;14;10;diversification;3;56ef9c57f468;move;;;45;20;;;;;;;;;;True;False;False;True;;ok;15739.32885697931;15460.664749439515;15460.664749439515;15359.74096821535;453;15359.74096821535;4230.7605;278.6641075397947;Evaluated;5.2931;2.2254;64;True;1;
67;3;14;;diversification;4;;;;;;;;;;;;;;;;;;;;;End-of-iteration summary row;;;15460.664749439515;15359.74096821535;453;15359.74096821535;4230.7638;;IterationSummary;;;;;;
68;3;15;1;diversification;4;56ef9c57f468;move;;;17;30;;;;;;;;;;True;False;False;True;;ok;16452.570938525867;15460.664749439515;15460.664749439515;15359.74096821535;454;15359.74096821535;4238.8;991.9061890863522;Evaluated;5.6021;2.4278;64;True;1;
68;3;15;2;diversification;4;56ef9c57f468;reinsert_block;;;;;;;20;27;15;;;;;True;False;False;False;;ok;18311.150330759137;15460.664749439515;15460.664749439515;15359.74096821535;455;15359.74096821535;4247.057;2850.4855813196227;Evaluated;5.6259;2.6284;64;True;1;
68;3;15;3;diversification;4;56ef9c57f468;move;;;35;10;;;;;;;;;;True;False;False;True;;ok;17342.452808383146;15460.664749439515;15460.664749439515;15359.74096821535;456;15359.74096821535;4258.1534;1881.7880589436318;Evaluated;8.6568;2.4368;64;True;2;duplicate_for_same_parent_sequence
68;3;15;4;diversification;4;56ef9c57f468;move;;;48;20;;;;;;;;;;True;False;False;True;;ok;16952.21501364962;15460.664749439515;15460.664749439515;15359.74096821535;457;15359.74096821535;4265.7654;1491.5502642101055;Evaluated;5.1784;2.4306;64;True;1;
68;3;15;5;diversification;4;56ef9c57f468;swap;10;25;;;;;;;;;;;;True;False;False;True;;ok;16904.75678748108;15460.664749439515;15460.664749439515;15359.74096821535;458;15359.74096821535;4273.5728;1444.0920380415664;Evaluated;5.3723;2.4324;64;True;1;
68;3;15;6;diversification;4;56ef9c57f468;reinsert_block;;;;;;;40;45;32;;;;;True;False;False;True;;ok;16049.523712100658;15460.664749439515;15460.664749439515;15359.74096821535;459;15359.74096821535;4281.4486;588.8589626611429;Evaluated;5.6458;2.2269;64;True;1;
68;3;15;7;diversification;4;56ef9c57f468;move;;;15;20;;;;;;;;;;True;False;False;False;;ok;17285.89301963756;15460.664749439515;15460.664749439515;15359.74096821535;460;15359.74096821535;4289.1081;1825.228270198044;Evaluated;5.2258;2.4311;64;True;1;
68;3;15;8;diversification;4;56ef9c57f468;move;;;18;5;;;;;;;;;;True;False;False;True;;ok;16700.270391832943;15460.664749439515;15460.664749439515;15359.74096821535;461;15359.74096821535;4296.6969;1239.6056423934278;Evaluated;5.1631;2.423;64;True;1;
68;3;15;9;diversification;4;56ef9c57f468;move;;;24;30;;;;;;;;;;True;False;False;False;;ok;15921.51947067954;15460.664749439515;15460.664749439515;15359.74096821535;462;15359.74096821535;4304.1324;460.85472124002445;Evaluated;5.2074;2.2257;64;True;1;
68;3;15;10;diversification;4;56ef9c57f468;reinsert_block;;;;;;;50;54;30;;;;;True;False;False;True;;ok;17184.089186955993;15460.664749439515;15460.664749439515;15359.74096821535;463;15359.74096821535;4312.369;1723.424437516478;Evaluated;5.8047;2.428;64;True;1;
68;3;15;;diversification;5;;;;;;;;;;;;;;;;;;;;;End-of-iteration summary row;;;15460.664749439515;15359.74096821535;463;15359.74096821535;4312.3723;;IterationSummary;;;;;;
69;3;16;1;diversification;5;56ef9c57f468;move;;;3;18;;;;;;;;;;True;False;False;True;;ok;17211.153981374046;15460.664749439515;15460.664749439515;15359.74096821535;464;15359.74096821535;4323.9776;1750.4892319345308;Evaluated;9.1595;2.4319;64;True;2;duplicate_for_same_parent_sequence
69;3;16;2;diversification;5;56ef9c57f468;move;;;8;30;;;;;;;;;;True;False;False;True;;ok;15930.186582502873;15460.664749439515;15460.664749439515;15359.74096821535;465;15359.74096821535;4335.5688;469.5218330633579;Evaluated;9.3642;2.224;64;True;2;duplicate_for_same_parent_sequence
69;3;16;3;diversification;5;56ef9c57f468;swap;35;42;;;;;;;;;;;;True;False;False;False;;ok;15948.41821558275;15460.664749439515;15460.664749439515;15359.74096821535;466;15359.74096821535;4343.0984;487.7534661432346;Evaluated;5.2983;2.2285;64;True;1;
69;3;16;4;diversification;5;56ef9c57f468;move;;;62;30;;;;;;;;;;True;False;False;True;;ok;16841.67863266438;15460.664749439515;15460.664749439515;15359.74096821535;467;15359.74096821535;4354.2473;1381.0138832248667;Evaluated;8.7174;2.4288;64;True;2;duplicate_for_same_parent_sequence
69;3;16;5;diversification;5;56ef9c57f468;move;;;35;45;;;;;;;;;;True;False;False;True;;ok;15895.121065787198;15460.664749439515;15460.664749439515;15359.74096821535;468;15359.74096821535;4365.5497;434.45631634768324;Evaluated;9.0621;2.2368;64;True;2;duplicate_for_same_parent_sequence
69;3;16;6;diversification;5;56ef9c57f468;move;;;30;45;;;;;;;;;;True;False;False;True;;ok;16184.09473433249;15460.664749439515;15460.664749439515;15359.74096821535;469;15359.74096821535;4373.5363;723.429984892975;Evaluated;5.5527;2.4313;64;True;1;
69;3;16;7;diversification;5;56ef9c57f468;move;;;35;15;;;;;;;;;;True;False;False;True;;ok;16925.50589235811;15460.664749439515;15460.664749439515;15359.74096821535;470;15359.74096821535;4384.6843;1464.8411429185944;Evaluated;8.7112;2.4329;64;True;2;duplicate_for_same_parent_sequence
69;3;16;8;diversification;5;56ef9c57f468;move;;;20;35;;;;;;;;;;True;False;False;True;;ok;15642.062092956388;15460.664749439515;15460.664749439515;15359.74096821535;471;15359.74096821535;4399.0258;181.39734351687366;Evaluated;12.1115;2.2274;64;True;3;duplicate_for_same_parent_sequence
69;3;16;9;diversification;5;56ef9c57f468;move;;;20;35;;;;;;;;;;False;True;False;;;ok;;15460.664749439515;15460.664749439515;15359.74096821535;471;15359.74096821535;4411.2437;;DuplicateForSameParentSequenceAfterRetries;12.2147;;;;3;duplicate_for_same_parent_sequence
69;3;16;10;diversification;5;56ef9c57f468;swap;42;47;;;;;;;;;;;;True;False;False;False;;ok;15845.615792417677;15460.664749439515;15460.664749439515;15359.74096821535;472;15359.74096821535;4425.8406;384.95104297816215;Evaluated;12.3661;2.2297;64;True;3;duplicate_for_same_parent_sequence
69;3;16;;diversification;6;;;;;;;;;;;;;;;;;;;;;End-of-iteration summary row;;;15460.664749439515;15359.74096821535;472;15359.74096821535;4425.8435;;IterationSummary;;;;;;
70;3;17;1;diversification;6;56ef9c57f468;move;;;10;5;;;;;;;;;;True;False;False;False;;ok;15689.930527187615;15460.664749439515;15460.664749439515;15359.74096821535;473;15359.74096821535;4433.6782;229.26577774809994;Evaluated;5.5875;2.2317;64;True;1;
70;3;17;2;diversification;6;56ef9c57f468;move;;;30;20;;;;;;;;;;True;False;False;True;;ok;16279.094644258126;15460.664749439515;15460.664749439515;15359.74096821535;474;15359.74096821535;4445.0491;818.4298948186115;Evaluated;8.9373;2.4305;64;True;2;duplicate_for_same_parent_sequence
70;3;17;3;diversification;6;56ef9c57f468;swap;38;47;;;;;;;;;;;;True;False;False;False;;ok;15759.549175096183;15460.664749439515;15460.664749439515;15359.74096821535;475;15359.74096821535;4455.8683;298.8844256566681;Evaluated;8.591;2.2252;64;True;2;duplicate_for_same_parent_sequence
70;3;17;4;diversification;6;56ef9c57f468;move;;;50;48;;;;;;;;;;False;True;True;;;ok;;15460.664749439515;15460.664749439515;15359.74096821535;475;15359.74096821535;4468.0284;;DuplicateForSameParentSequenceAfterRetries;12.1587;;;;3;duplicate_for_same_parent_sequence
70;3;17;5;diversification;6;56ef9c57f468;move;;;30;10;;;;;;;;;;True;False;False;True;;ok;16747.921004908887;15460.664749439515;15460.664749439515;15359.74096821535;476;15359.74096821535;4479.2609;1287.2562554693723;Evaluated;8.8051;2.4263;64;True;2;duplicate_for_same_parent_sequence
70;3;17;6;diversification;6;56ef9c57f468;move;;;25;40;;;;;;;;;;True;False;False;True;;ok;15948.62938589542;15460.664749439515;15460.664749439515;15359.74096821535;477;15359.74096821535;4493.8707;487.96463645590484;Evaluated;12.3773;2.2298;64;True;3;duplicate_for_same_parent_sequence
70;3;17;7;diversification;6;56ef9c57f468;move;;;8;25;;;;;;;;;;True;False;False;True;;ok;17113.444225718195;15460.664749439515;15460.664749439515;15359.74096821535;478;15359.74096821535;4508.6039;1652.7794762786798;Evaluated;12.3046;2.4254;64;True;3;duplicate_for_same_parent_sequence
70;3;17;8;diversification;6;56ef9c57f468;swap;25;30;;;;;;;;;;;;True;False;False;False;;ok;17741.543144707503;15460.664749439515;15460.664749439515;15359.74096821535;479;15359.74096821535;4519.642;2280.878395267988;Evaluated;8.6065;2.4287;64;True;2;duplicate_for_same_parent_sequence
70;3;17;9;diversification;6;56ef9c57f468;move;;;24;39;;;;;;;;;;True;False;False;True;;ok;15937.132445848642;15460.664749439515;15460.664749439515;15359.74096821535;480;15359.74096821535;4530.5803;476.4676964091268;Evaluated;8.7098;2.2254;64;True;2;duplicate_for_same_parent_sequence
70;3;17;10;diversification;6;56ef9c57f468;move;;;50;30;;;;;;;;;;True;False;False;True;;ok;16214.061828776335;15460.664749439515;15460.664749439515;15359.74096821535;481;15359.74096821535;4541.8645;753.3970793368208;Evaluated;8.8545;2.427;64;True;2;duplicate_for_same_parent_sequence
70;3;17;;diversification;7;;;;;;;;;;;;;;;;;;;;;End-of-iteration summary row;;;15460.664749439515;15359.74096821535;481;15359.74096821535;4541.8678;;IterationSummary;;;;;;
71;3;18;1;diversification;7;56ef9c57f468;move;;;15;8;;;;;;;;;;True;False;False;False;;ok;17331.960746992383;15460.664749439515;15460.664749439515;15359.74096821535;482;15359.74096821535;4556.9772;1871.2959975528684;Evaluated;12.6645;2.4304;64;True;3;duplicate_for_same_parent_sequence
71;3;18;2;diversification;7;56ef9c57f468;reinsert_block;;;;;;;20;25;35;;;;;True;False;False;True;;ok;15910.338241997993;15460.664749439515;15460.664749439515;15359.74096821535;483;15359.74096821535;4564.7585;449.67349255847876;Evaluated;5.5491;2.2287;64;True;1;
71;3;18;3;diversification;7;56ef9c57f468;swap;42;46;;;;;;;;;;;;True;False;False;False;;ok;16326.23490793322;15460.664749439515;15460.664749439515;15359.74096821535;484;15359.74096821535;4579.1533;865.5701584937051;Evaluated;11.9642;2.4298;64;True;3;duplicate_for_same_parent_sequence
71;3;18;4;diversification;7;56ef9c57f468;reinsert_block;;;;;;;50;56;30;;;;;True;False;False;True;;ok;17179.380829582326;15460.664749439515;15460.664749439515;15359.74096821535;485;15359.74096821535;4590.5473;1718.7160801428108;Evaluated;8.9556;2.435;64;True;2;duplicate_for_same_parent_sequence
71;3;18;5;diversification;7;56ef9c57f468;move;;;42;15;;;;;;;;;;True;False;False;True;;ok;16933.906606169934;15460.664749439515;15460.664749439515;15359.74096821535;486;15359.74096821535;4598.2392;1473.2418567304194;Evaluated;5.2668;2.4235;64;True;1;
71;3;18;6;diversification;7;56ef9c57f468;move;;;32;10;;;;;;;;;;True;False;False;True;;ok;16879.821666399104;15460.664749439515;15460.664749439515;15359.74096821535;487;15359.74096821535;4606.2136;1419.1569169595896;Evaluated;5.5492;2.4246;64;True;1;
71;3;18;7;diversification;7;56ef9c57f468;move;;;42;35;;;;;;;;;;True;False;False;False;;ok;16002.023937759464;15460.664749439515;15460.664749439515;15359.74096821535;488;15359.74096821535;4613.8067;541.3591883199497;Evaluated;5.2575;2.2235;64;True;1;
71;3;18;8;diversification;7;56ef9c57f468;move;;;30;40;;;;;;;;;;True;False;False;True;;ok;16186.798835626203;15460.664749439515;15460.664749439515;15359.74096821535;489;15359.74096821535;4625.3606;726.1340861866884;Evaluated;9.1288;2.4244;64;True;2;duplicate_for_same_parent_sequence
71;3;18;9;diversification;7;56ef9c57f468;move;;;17;24;;;;;;;;;;True;False;False;False;;ok;16904.51132971784;15460.664749439515;15460.664749439515;15359.74096821535;490;15359.74096821535;4639.9887;1443.8465802783248;Evaluated;12.1969;2.4305;64;True;3;duplicate_for_same_parent_sequence
71;3;18;10;diversification;7;56ef9c57f468;swap;42;50;;;;;;;;;;;;True;False;False;False;;ok;16390.095912509296;15460.664749439515;15460.664749439515;15359.74096821535;491;15359.74096821535;4651.2082;929.4311630697812;Evaluated;8.7799;2.4365;64;True;2;duplicate_for_same_parent_sequence
71;3;18;;diversification;8;;;;;;;;;;;;;;;;;;;;;End-of-iteration summary row;;;15460.664749439515;15359.74096821535;491;15359.74096821535;4651.2117;;IterationSummary;;;;;;
72;3;19;1;diversification;8;56ef9c57f468;move;;;5;30;;;;;;;;;;True;False;False;True;;ok;17095.564032644266;15460.664749439515;15460.664749439515;15359.74096821535;492;15359.74096821535;4662.7012;1634.8992832047516;Evaluated;9.0508;2.4265;64;True;2;duplicate_for_same_parent_sequence
72;3;19;2;diversification;8;56ef9c57f468;move;;;18;4;;;;;;;;;;True;False;False;True;;ok;17361.964253662936;15460.664749439515;15460.664749439515;15359.74096821535;493;15359.74096821535;4674.1147;1901.2995042234215;Evaluated;8.9885;2.4221;64;True;2;duplicate_for_same_parent_sequence
72;3;19;3;diversification;8;56ef9c57f468;swap;35;40;;;;;;;;;;;;True;False;False;False;;ok;16001.922618803212;15460.664749439515;15460.664749439515;15359.74096821535;494;15359.74096821535;4685.223;541.257869363697;Evaluated;8.8754;2.2322;64;True;2;duplicate_for_same_parent_sequence
72;3;19;4;diversification;8;56ef9c57f468;move;;;48;60;;;;;;;;;;True;False;False;True;;ok;15581.636424110835;15460.664749439515;15460.664749439515;15359.74096821535;495;15359.74096821535;4696.5332;120.97167467132022;Evaluated;9.081;2.2262;64;True;2;duplicate_for_same_parent_sequence
72;3;19;5;diversification;8;56ef9c57f468;move;;;18;25;;;;;;;;;;True;False;False;False;;ok;16892.5763644429;15460.664749439515;15460.664749439515;15359.74096821535;496;15359.74096821535;4707.9422;1431.9116150033842;Evaluated;8.9819;2.4262;64;True;2;duplicate_for_same_parent_sequence
72;3;19;6;diversification;8;56ef9c57f468;reinsert_block;;;;;;;35;42;10;;;;;True;False;False;True;;ok;15634.625101643558;15460.664749439515;15460.664749439515;15359.74096821535;497;15359.74096821535;4719.5004;173.96035220404337;Evaluated;9.326;2.2285;64;True;2;duplicate_for_same_parent_sequence
72;3;19;7;diversification;8;56ef9c57f468;move;;;42;10;;;;;;;;;;True;False;False;True;;ok;17364.336712394634;15460.664749439515;15460.664749439515;15359.74096821535;498;15359.74096821535;4727.1614;1903.671962955119;Evaluated;5.2258;2.4326;64;True;1;
72;3;19;8;diversification;8;56ef9c57f468;move;;;18;25;;;;;;;;;;False;True;False;;;ok;;15460.664749439515;15460.664749439515;15359.74096821535;498;15359.74096821535;4739.3084;;DuplicateForSameParentSequenceAfterRetries;12.1463;;;;3;duplicate_for_same_parent_sequence
72;3;19;9;diversification;8;56ef9c57f468;move;;;25;18;;;;;;;;;;True;False;False;False;;ok;15812.271522860121;15460.664749439515;15460.664749439515;15359.74096821535;499;15359.74096821535;4750.2979;351.60677342060626;Evaluated;8.7639;2.2245;64;True;2;duplicate_for_same_parent_sequence
72;3;19;10;diversification;8;56ef9c57f468;move;;;45;30;;;;;;;;;;False;True;False;;;ok;;15460.664749439515;15460.664749439515;15359.74096821535;499;15359.74096821535;4762.9044;;DuplicateForSameParentSequenceAfterRetries;12.6039;;;;3;duplicate_for_same_parent_sequence
72;3;19;;diversification;9;;;;;;;;;;;;;;;;;;;;;End-of-iteration summary row;;;15460.664749439515;15359.74096821535;499;15359.74096821535;4762.9053;;IterationSummary;;;;;;
73;3;20;1;diversification;9;56ef9c57f468;move;;;10;35;;;;;;;;;;True;False;False;True;;ok;16438.16050109565;15460.664749439515;15460.664749439515;15359.74096821535;500;15359.74096821535;4771.0089;977.4957516561335;Evaluated;5.6688;2.4267;64;True;1;
73;3;20;2;diversification;9;56ef9c57f468;reinsert_block;;;;;;;17;25;35;;;;;True;False;False;True;;ok;16091.807339647738;15460.664749439515;15460.664749439515;15359.74096821535;501;15359.74096821535;4779.0507;631.1425902082228;Evaluated;5.6093;2.4296;64;True;1;
73;3;20;3;diversification;9;56ef9c57f468;swap;10;15;;;;;;;;;;;;True;False;False;False;;ok;17359.86475038009;15460.664749439515;15460.664749439515;15359.74096821535;502;15359.74096821535;4793.9665;1899.2000009405747;Evaluated;12.4776;2.4356;64;True;3;duplicate_for_same_parent_sequence
73;3;20;4;diversification;9;56ef9c57f468;move;;;50;48;;;;;;;;;;False;True;True;;;ok;;15460.664749439515;15460.664749439515;15359.74096821535;502;15359.74096821535;4805.9053;;DuplicateForSameParentSequenceAfterRetries;11.937;;;;3;duplicate_for_same_parent_sequence
73;3;20;5;diversification;9;56ef9c57f468;move;;;15;40;;;;;;;;;;True;False;False;True;;ok;17284.724257397607;15460.664749439515;15460.664749439515;15359.74096821535;503;15359.74096821535;4817.3325;1824.0595079580926;Evaluated;8.9929;2.4332;64;True;2;duplicate_for_same_parent_sequence
73;3;20;6;diversification;9;56ef9c57f468;move;;;32;50;;;;;;;;;;True;False;False;True;;ok;16426.211460175386;15460.664749439515;15460.664749439515;15359.74096821535;504;15359.74096821535;4825.3456;965.5467107358709;Evaluated;5.5817;2.4288;64;True;1;
73;3;20;7;diversification;9;56ef9c57f468;move;;;50;20;;;;;;;;;;True;False;False;True;;ok;16426.414683985182;15460.664749439515;15460.664749439515;15359.74096821535;505;15359.74096821535;4833.2911;965.7499345456672;Evaluated;5.517;2.4277;64;True;1;
73;3;20;8;diversification;9;56ef9c57f468;move;;;20;10;;;;;;;;;;True;False;False;True;;ok;15638.239475936414;15460.664749439515;15460.664749439515;15359.74096821535;506;15359.74096821535;4840.9908;177.57472649689953;Evaluated;5.4685;2.2279;64;True;1;
73;3;20;9;diversification;9;56ef9c57f468;move;;;27;30;;;;;;;;;;True;False;False;False;;ok;16460.471817520316;15460.664749439515;15460.664749439515;15359.74096821535;507;15359.74096821535;4848.9294;999.8070680808014;Evaluated;5.5052;2.4307;64;True;1;
73;3;20;10;diversification;9;56ef9c57f468;move;;;40;50;;;;;;;;;;True;False;False;True;;ok;15668.60694501572;15460.664749439515;15460.664749439515;15359.74096821535;508;15359.74096821535;4856.5737;207.94219557620454;Evaluated;5.4127;2.2283;64;True;1;
73;4;0;;diversification;0;;;;;;;;;;;;;;;;;;;;;End-of-iteration summary row;;;16641.404845676683;15359.74096821535;509;15359.74096821535;4859.031;;IterationSummary;;;;;;
74;4;1;1;normal;0;0f63cf6f404e;move;;;10;35;;;;;;;;;;True;False;False;True;;ok;17182.74259377536;16641.404845676683;16641.404845676683;15359.74096821535;510;15359.74096821535;4866.8511;541.3377480986783;Evaluated;5.3794;2.4352;64;True;1;
74;4;1;2;normal;0;0f63cf6f404e;swap;20;30;;;;;;;;;;;;True;False;False;False;;ok;17208.324876631246;16641.404845676683;16641.404845676683;15359.74096821535;511;15359.74096821535;4874.4073;566.9200309545631;Evaluated;5.1247;2.429;64;True;1;
74;4;1;3;normal;0;0f63cf6f404e;reinsert_block;;;;;;;35;40;28;;;;;True;False;False;False;;ok;16823.91775940213;16641.404845676683;16641.404845676683;15359.74096821535;512;15359.74096821535;4882.0504;182.51291372544802;Evaluated;5.2131;2.4273;64;True;1;
74;4;1;4;normal;0;0f63cf6f404e;move;;;48;52;;;;;;;;;;True;False;False;False;;ok;16646.216404546863;16641.404845676683;16641.404845676683;15359.74096821535;513;15359.74096821535;4889.375;4.811558870180306;Evaluated;4.8945;2.4269;64;True;1;
74;4;1;5;normal;0;0f63cf6f404e;move;;;50;48;;;;;;;;;;True;False;False;False;;ok;16187.814598926165;16641.404845676683;16641.404845676683;15359.74096821535;514;15359.74096821535;4896.7099;-453.5902467505184;Evaluated;4.8992;2.4321;64;True;1;
74;4;1;;normal;0;;;;;;;;;;;;;;;;;;;;;End-of-iteration summary row;;;16187.814598926165;15359.74096821535;514;15359.74096821535;4896.7221;;IterationSummary;;;;;;
75;4;2;1;normal;0;660e1a9970ee;move;;;10;5;;;;;;;;;;True;False;False;False;;ok;15636.61505467081;16187.814598926165;16187.814598926165;15359.74096821535;515;15359.74096821535;4904.2976;-551.1995442553543;Evaluated;5.3444;2.2223;64;True;1;
75;4;2;2;normal;0;660e1a9970ee;swap;25;30;;;;;;;;;;;;True;False;False;False;;ok;16181.948084745862;16187.814598926165;16187.814598926165;15359.74096821535;516;15359.74096821535;4911.8478;-5.8665141803030565;Evaluated;5.1186;2.4286;64;True;1;
75;4;2;3;normal;0;660e1a9970ee;reinsert_block;;;;;;;35;40;28;;;;;True;False;False;False;;ok;16372.541136621638;16187.814598926165;16187.814598926165;15359.74096821535;517;15359.74096821535;4919.7686;184.72653769547287;Evaluated;5.4856;2.432;64;True;1;
75;4;2;4;normal;0;660e1a9970ee;move;;;50;48;;;;;;;;;;True;False;False;False;;ok;16191.36960939122;16187.814598926165;16187.814598926165;15359.74096821535;518;15359.74096821535;4927.4164;3.5550104650556023;Evaluated;5.2188;2.4262;64;True;1;
75;4;2;5;normal;0;660e1a9970ee;move;;;45;25;;;;;;;;;;True;False;False;True;;ok;15804.840509537398;16187.814598926165;16187.814598926165;15359.74096821535;519;15359.74096821535;4934.8029;-382.9740893887665;Evaluated;5.1623;2.2213;64;True;1;
75;4;2;;normal;0;;;;;;;;;;;;;;;;;;;;;End-of-iteration summary row;;;15636.61505467081;15359.74096821535;519;15359.74096821535;4934.8168;;IterationSummary;;;;;;
76;4;3;1;normal;0;48dc97c613aa;move;;;5;10;;;;;;;;;;True;False;False;False;;ok;16187.814598926165;15636.61505467081;15636.61505467081;15359.74096821535;520;15359.74096821535;4943.1142;551.1995442553543;Evaluated;5.8663;2.4221;64;True;1;
76;4;3;2;normal;0;48dc97c613aa;swap;17;25;;;;;;;;;;;;True;False;False;False;;ok;15636.61505467081;15636.61505467081;15636.61505467081;15359.74096821535;521;15359.74096821535;4950.8509;0.0;Evaluated;5.5084;2.2277;64;True;1;
76;4;3;3;normal;0;48dc97c613aa;reinsert_block;;;;;;;35;40;28;;;;;True;False;False;False;;ok;16277.53582685048;15636.61505467081;15636.61505467081;15359.74096821535;522;15359.74096821535;4959.075;640.9207721796702;Evaluated;5.7947;2.4277;64;True;1;
76;4;3;4;normal;0;48dc97c613aa;move;;;50;48;;;;;;;;;;True;False;False;False;;ok;15648.862618316845;15636.61505467081;15636.61505467081;15359.74096821535;523;15359.74096821535;4966.6787;12.247563646034905;Evaluated;5.3729;2.2281;64;True;1;
76;4;3;5;normal;0;48dc97c613aa;move;;;50;28;;;;;;;;;;True;False;False;True;;ok;16389.699574989234;15636.61505467081;15636.61505467081;15359.74096821535;524;15359.74096821535;4974.215;753.0845203184235;Evaluated;5.1006;2.4329;64;True;1;
76;4;3;;normal;1;;;;;;;;;;;;;;;;;;;;;End-of-iteration summary row;;;15636.61505467081;15359.74096821535;524;15359.74096821535;4974.2183;;IterationSummary;;;;;;
77;4;4;1;normal;1;48dc97c613aa;move;;;8;3;;;;;;;;;;True;False;False;False;;ok;17453.55955309866;15636.61505467081;15636.61505467081;15359.74096821535;525;15359.74096821535;4985.7302;1816.9444984278507;Evaluated;9.0678;2.4328;64;True;2;duplicate_for_same_parent_sequence
77;4;4;2;normal;1;48dc97c613aa;swap;18;20;;;;;;;;;;;;True;False;False;False;;ok;16673.220439413184;15636.61505467081;15636.61505467081;15359.74096821535;526;15359.74096821535;4993.6313;1036.6053847423736;Evaluated;5.4754;2.4226;64;True;1;
77;4;4;3;normal;1;48dc97c613aa;move;;;35;10;;;;;;;;;;True;False;False;True;;ok;17280.0628818428;15636.61505467081;15636.61505467081;15359.74096821535;527;15359.74096821535;5005.2172;1643.4478271719909;Evaluated;9.1424;2.4398;64;True;2;duplicate_for_same_parent_sequence
77;4;4;4;normal;1;48dc97c613aa;move;;;45;30;;;;;;;;;;True;False;False;True;;ok;16371.649327115;15636.61505467081;15636.61505467081;15359.74096821535;528;15359.74096821535;5016.4674;735.0342724441889;Evaluated;8.8232;2.4239;64;True;2;duplicate_for_same_parent_sequence
77;4;4;5;normal;1;48dc97c613aa;move;;;50;2;;;;;;;;;;True;False;False;True;;ok;15929.287093858631;15636.61505467081;15636.61505467081;15359.74096821535;529;15359.74096821535;5023.7588;292.6720391878207;Evaluated;5.0615;2.2269;64;True;1;
77;4;4;;normal;2;;;;;;;;;;;;;;;;;;;;;End-of-iteration summary row;;;15636.61505467081;15359.74096821535;529;15359.74096821535;5023.7617;;IterationSummary;;;;;;
78;4;5;1;normal;2;48dc97c613aa;move;;;10;2;;;;;;;;;;True;False;False;False;;ok;16274.910103885552;15636.61505467081;15636.61505467081;15359.74096821535;530;15359.74096821535;5031.6042;638.2950492147411;Evaluated;5.402;2.4267;64;True;1;
78;4;5;2;normal;2;48dc97c613aa;swap;20;25;;;;;;;;;;;;True;False;False;False;;ok;17285.649460026885;15636.61505467081;15636.61505467081;15359.74096821535;531;15359.74096821535;5039.2416;1649.0344053560748;Evaluated;5.2025;2.4322;64;True;1;
78;4;5;3;normal;2;48dc97c613aa;reinsert_block;;;;;;;35;40;10;;;;;True;False;False;True;;ok;15999.393609010824;15636.61505467081;15636.61505467081;15359.74096821535;532;15359.74096821535;5046.9481;362.7785543400132;Evaluated;5.473;2.2309;64;True;1;
78;4;5;4;normal;2;48dc97c613aa;move;;;40;30;;;;;;;;;;True;False;False;True;;ok;15960.531487546164;15636.61505467081;15636.61505467081;15359.74096821535;533;15359.74096821535;5058.0597;323.9164328753541;Evaluated;8.8843;2.2239;64;True;2;duplicate_for_same_parent_sequence
78;4;5;5;normal;2;48dc97c613aa;move;;;35;20;;;;;;;;;;True;False;False;True;;ok;16900.66204869552;15636.61505467081;15636.61505467081;15359.74096821535;534;15359.74096821535;5065.824;1264.0469940247112;Evaluated;5.335;2.426;64;True;1;
78;4;5;;normal;3;;;;;;;;;;;;;;;;;;;;;End-of-iteration summary row;;;15636.61505467081;15359.74096821535;534;15359.74096821535;5065.8268;;IterationSummary;;;;;;
79;4;6;1;diversification;3;48dc97c613aa;move;;;15;5;;;;;;;;;;True;False;False;True;;ok;15675.87665558213;15636.61505467081;15636.61505467081;15359.74096821535;535;15359.74096821535;5080.7362;39.261600911318965;Evaluated;12.6668;2.2297;64;True;3;duplicate_for_same_parent_sequence
79;4;6;2;diversification;3;48dc97c613aa;reinsert_block;;;;;;;25;30;18;;;;;True;False;False;False;;ok;16658.230132640856;15636.61505467081;15636.61505467081;15359.74096821535;536;15359.74096821535;5088.7712;1021.6150779700456;Evaluated;5.598;2.4343;64;True;1;
79;4;6;3;diversification;3;48dc97c613aa;swap;35;40;;;;;;;;;;;;True;False;False;False;;ok;15998.323141594576;15636.61505467081;15636.61505467081;15359.74096821535;537;15359.74096821535;5096.4652;361.7080869237652;Evaluated;5.464;2.2272;64;True;1;
79;4;6;4;diversification;3;48dc97c613aa;move;;;48;3;;;;;;;;;;True;False;False;True;;ok;17804.536491220977;15636.61505467081;15636.61505467081;15359.74096821535;538;15359.74096821535;5107.5333;2167.9214365501666;Evaluated;8.6414;2.4237;64;True;2;duplicate_for_same_parent_sequence
79;4;6;5;diversification;3;48dc97c613aa;swap;10;25;;;;;;;;;;;;True;False;False;True;;ok;15636.61505467081;15636.61505467081;15636.61505467081;15359.74096821535;539;15359.74096821535;5118.4172;0.0;Evaluated;8.6571;2.2235;64;True;2;duplicate_for_same_parent_sequence
79;4;6;6;diversification;3;48dc97c613aa;move;;;50;3;;;;;;;;;;True;False;False;True;;ok;17457.136435660686;15636.61505467081;15636.61505467081;15359.74096821535;540;15359.74096821535;5126.1435;1820.521380989876;Evaluated;5.2975;2.425;64;True;1;
79;4;6;7;diversification;3;48dc97c613aa;swap;15;20;;;;;;;;;;;;True;False;False;False;;ok;17010.253911298496;15636.61505467081;15636.61505467081;15359.74096821535;541;15359.74096821535;5137.166;1373.6388566276855;Evaluated;8.5902;2.4294;64;True;2;duplicate_for_same_parent_sequence
79;4;6;8;diversification;3;48dc97c613aa;move;;;8;15;;;;;;;;;;True;False;False;False;;ok;15658.153871890674;15636.61505467081;15636.61505467081;15359.74096821535;542;15359.74096821535;5144.5634;21.53881721986363;Evaluated;5.1724;2.2229;64;True;1;
79;4;6;9;diversification;3;48dc97c613aa;move;;;28;15;;;;;;;;;;True;False;False;True;;ok;17407.224037953783;15636.61505467081;15636.61505467081;15359.74096821535;543;15359.74096821535;5152.0435;1770.608983282973;Evaluated;5.0525;2.4244;64;True;1;
79;4;6;10;diversification;3;48dc97c613aa;swap;48;52;;;;;;;;;;;;True;False;False;False;;ok;16160.623475719724;15636.61505467081;15636.61505467081;15359.74096821535;544;15359.74096821535;5162.8187;524.0084210489131;Evaluated;8.3447;2.4278;64;True;2;duplicate_for_same_parent_sequence
79;4;6;;diversification;4;;;;;;;;;;;;;;;;;;;;;End-of-iteration summary row;;;15636.61505467081;15359.74096821535;544;15359.74096821535;5162.8216;;IterationSummary;;;;;;
80;4;7;1;diversification;4;48dc97c613aa;move;;;25;10;;;;;;;;;;True;False;False;True;;ok;17278.275442124985;15636.61505467081;15636.61505467081;15359.74096821535;545;15359.74096821535;5170.9245;1641.6603874541743;Evaluated;5.6676;2.4251;64;True;1;
80;4;7;2;diversification;4;48dc97c613aa;reinsert_block;;;;;;;22;26;5;;;;;True;False;False;True;;ok;17346.655292462077;15636.61505467081;15636.61505467081;15359.74096821535;546;15359.74096821535;5183.303;1710.040237791267;Evaluated;9.942;2.4338;64;True;2;duplicate_for_same_parent_sequence
80;4;7;3;diversification;4;48dc97c613aa;swap;35;42;;;;;;;;;;;;True;False;False;False;;ok;15925.02877166638;15636.61505467081;15636.61505467081;15359.74096821535;547;15359.74096821535;5190.8101;288.4137169955702;Evaluated;5.2696;2.2334;64;True;1;
80;4;7;4;diversification;4;48dc97c613aa;reinsert_block;;;;;;;50;56;17;;;;;True;False;False;True;;ok;15540.311128265366;15636.61505467081;15636.61505467081;15359.74096821535;548;15359.74096821535;5198.6705;-96.30392640544414;Evaluated;5.6338;2.2258;64;True;1;
80;4;7;5;diversification;4;48dc97c613aa;move;;;25;8;;;;;;;;;;True;False;False;True;;ok;17284.893720933957;15636.61505467081;15636.61505467081;15359.74096821535;549;15359.74096821535;5209.7421;1648.278666263146;Evaluated;8.6406;2.427;64;True;2;duplicate_for_same_parent_sequence
80;4;7;6;diversification;4;48dc97c613aa;move;;;41;35;;;;;;;;;;True;False;False;False;;ok;15932.315443691943;15636.61505467081;15636.61505467081;15359.74096821535;550;15359.74096821535;5217.208;295.70038902113265;Evaluated;5.2356;2.2295;64;True;1;
80;4;7;7;diversification;4;48dc97c613aa;move;;;40;25;;;;;;;;;;True;False;False;True;;ok;16387.51697635233;15636.61505467081;15636.61505467081;15359.74096821535;551;15359.74096821535;5228.1972;750.9019216815195;Evaluated;8.5597;2.4265;64;True;2;duplicate_for_same_parent_sequence
80;4;7;8;diversification;4;48dc97c613aa;move;;;30;18;;;;;;;;;;True;False;False;True;;ok;17850.363091187697;15636.61505467081;15636.61505467081;15359.74096821535;552;15359.74096821535;5239.1775;2213.7480365168867;Evaluated;8.5546;2.4227;64;True;2;duplicate_for_same_parent_sequence
80;4;7;9;diversification;4;48dc97c613aa;move;;;25;30;;;;;;;;;;True;False;False;False;;ok;15410.35256303578;15636.61505467081;15636.61505467081;15359.74096821535;553;15359.74096821535;5246.5818;-226.26249163503053;EvaluatedImprovementDespiteDiversificationMismatch;5.1794;2.2239;64;True;1;
80;4;7;10;diversification;4;48dc97c613aa;move;;;50;42;;;;;;;;;;True;False;False;False;;ok;15929.569975013288;15636.61505467081;15636.61505467081;15359.74096821535;554;15359.74096821535;5253.9873;292.95492034247764;Evaluated;5.18;2.2222;64;True;1;
80;4;7;;diversification;0;;;;;;;;;;;;;;;;;;;;;End-of-iteration summary row;;;15410.35256303578;15359.74096821535;554;15359.74096821535;5253.993;;IterationSummary;;;;;;
81;4;8;1;normal;0;8687db6c5c35;move;;;7;2;;;;;;;;;;True;False;False;False;;ok;17713.353973054654;15410.35256303578;15410.35256303578;15359.74096821535;555;15359.74096821535;5261.7057;2303.0014100188746;Evaluated;5.2771;2.4294;64;True;1;
81;4;8;2;normal;0;8687db6c5c35;swap;18;25;;;;;;;;;;;;True;False;False;False;;ok;15410.35256303578;15410.35256303578;15410.35256303578;15359.74096821535;556;15359.74096821535;5268.9509;0.0;Evaluated;5.0162;2.226;64;True;1;
81;4;8;3;normal;0;8687db6c5c35;reinsert_block;;;;;;;35;40;18;;;;;True;False;False;True;;ok;16326.921975377905;15410.35256303578;15410.35256303578;15359.74096821535;557;15359.74096821535;5276.8523;916.5694123421254;Evaluated;5.4697;2.4288;64;True;1;
81;4;8;4;normal;0;8687db6c5c35;move;;;52;48;;;;;;;;;;True;False;False;False;;ok;15604.339121599462;15410.35256303578;15410.35256303578;15359.74096821535;558;15359.74096821535;5284.3157;193.98655856368168;Evaluated;5.2261;2.2338;64;True;1;
81;4;8;5;normal;0;8687db6c5c35;move;;;40;15;;;;;;;;;;True;False;False;True;;ok;16448.66977921786;15410.35256303578;15410.35256303578;15359.74096821535;559;15359.74096821535;5291.9262;1038.3172161820803;Evaluated;5.1768;2.4311;64;True;1;
81;4;8;;normal;1;;;;;;;;;;;;;;;;;;;;;End-of-iteration summary row;;;15410.35256303578;15359.74096821535;559;15359.74096821535;5291.9286;;IterationSummary;;;;;;
82;4;9;1;normal;1;8687db6c5c35;move;;;5;2;;;;;;;;;;True;False;False;False;;ok;17791.652689972845;15410.35256303578;15410.35256303578;15359.74096821535;560;15359.74096821535;5299.9771;2381.300126937065;Evaluated;5.6073;2.4254;64;True;1;
82;4;9;2;normal;1;8687db6c5c35;swap;20;25;;;;;;;;;;;;True;False;False;False;;ok;16789.542570786136;15410.35256303578;15410.35256303578;15359.74096821535;561;15359.74096821535;5307.7816;1379.190007750356;Evaluated;5.3681;2.4334;64;True;1;
82;4;9;3;normal;1;8687db6c5c35;reinsert_block;;;;;;;35;40;20;;;;;True;False;False;True;;ok;16597.868995253113;15410.35256303578;15410.35256303578;15359.74096821535;562;15359.74096821535;5315.8168;1187.5164322173332;Evaluated;5.5909;2.4408;64;True;1;
82;4;9;4;normal;1;8687db6c5c35;move;;;50;42;;;;;;;;;;True;False;False;False;;ok;16700.649173895938;15410.35256303578;15410.35256303578;15359.74096821535;563;15359.74096821535;5323.5076;1290.2966108601577;Evaluated;5.2579;2.4295;64;True;1;
82;4;9;5;normal;1;8687db6c5c35;move;;;20;30;;;;;;;;;;True;False;False;True;;ok;17149.185655464593;15410.35256303578;15410.35256303578;15359.74096821535;564;15359.74096821535;5331.1106;1738.833092428813;Evaluated;5.1712;2.4283;64;True;1;
82;4;9;;normal;2;;;;;;;;;;;;;;;;;;;;;End-of-iteration summary row;;;15410.35256303578;15359.74096821535;564;15359.74096821535;5331.1133;;IterationSummary;;;;;;
83;4;10;1;normal;2;8687db6c5c35;move;;;10;5;;;;;;;;;;True;False;False;False;;ok;17747.86841911481;15410.35256303578;15410.35256303578;15359.74096821535;565;15359.74096821535;5339.0034;2337.5158560790296;Evaluated;5.4503;2.4299;64;True;1;
83;4;10;2;normal;2;8687db6c5c35;swap;18;25;;;;;;;;;;;;False;True;True;;;ok;;15410.35256303578;15410.35256303578;15359.74096821535;565;15359.74096821535;5351.3317;;DuplicateForSameParentSequenceAfterRetries;12.3253;;;;3;duplicate_for_same_parent_sequence
83;4;10;3;normal;2;8687db6c5c35;move;;;25;45;;;;;;;;;;True;False;False;True;;ok;16209.221582569915;15410.35256303578;15410.35256303578;15359.74096821535;566;15359.74096821535;5362.6905;798.8690195341351;Evaluated;8.9282;2.4296;64;True;2;duplicate_for_same_parent_sequence
83;4;10;4;normal;2;8687db6c5c35;move;;;50;48;;;;;;;;;;True;False;False;False;;ok;15416.952006533818;15410.35256303578;15410.35256303578;15359.74096821535;567;15359.74096821535;5370.3521;6.599443498038454;Evaluated;5.4276;2.2309;64;True;1;
83;4;10;5;normal;2;8687db6c5c35;move;;;50;2;;;;;;;;;;True;False;False;True;;ok;16770.232746811624;15410.35256303578;15410.35256303578;15359.74096821535;568;15359.74096821535;5377.8466;1359.8801837758438;Evaluated;5.0596;2.4325;64;True;1;
83;4;10;;normal;3;;;;;;;;;;;;;;;;;;;;;End-of-iteration summary row;;;15410.35256303578;15359.74096821535;568;15359.74096821535;5377.8508;;IterationSummary;;;;;;
84;4;11;1;diversification;3;8687db6c5c35;move;;;35;2;;;;;;;;;;True;False;False;True;;ok;17342.413096076823;15410.35256303578;15410.35256303578;15359.74096821535;569;15359.74096821535;5389.2656;1932.0605330410435;Evaluated;8.9732;2.4269;64;True;2;duplicate_for_same_parent_sequence
84;4;11;2;diversification;3;8687db6c5c35;reinsert_block;;;;;;;20;25;40;;;;;True;False;False;True;;ok;16733.526278502857;15410.35256303578;15410.35256303578;15359.74096821535;570;15359.74096821535;5397.2459;1323.1737154670773;Evaluated;5.546;2.4336;64;True;1;
84;4;11;3;diversification;3;8687db6c5c35;swap;32;47;;;;;;;;;;;;True;False;False;True;;ok;15402.875162822644;15410.35256303578;15410.35256303578;15359.74096821535;571;15359.74096821535;5404.7222;-7.477400213136207;Evaluated;5.2453;2.2302;64;True;1;
84;4;11;4;diversification;3;8687db6c5c35;move;;;49;52;;;;;;;;;;True;False;False;False;;ok;15416.952006533818;15410.35256303578;15410.35256303578;15359.74096821535;572;15359.74096821535;5415.8727;6.599443498038454;Evaluated;8.9212;2.2257;64;True;2;duplicate_for_same_parent_sequence
84;4;11;5;diversification;3;8687db6c5c35;move;;;15;20;;;;;;;;;;True;False;False;False;;ok;15627.029007513444;15410.35256303578;15410.35256303578;15359.74096821535;573;15359.74096821535;5423.3438;216.6764444776636;Evaluated;5.2394;2.2291;64;True;1;
84;4;11;6;diversification;3;8687db6c5c35;move;;;50;30;;;;;;;;;;True;False;False;True;;ok;16378.896515635977;15410.35256303578;15410.35256303578;15359.74096821535;574;15359.74096821535;5431.1048;968.5439526001974;Evaluated;5.3293;2.4287;64;True;1;
84;4;11;7;diversification;3;8687db6c5c35;move;;;40;20;;;;;;;;;;True;False;False;True;;ok;16405.429311171847;15410.35256303578;15410.35256303578;15359.74096821535;575;15359.74096821535;5442.3451;995.0767481360672;Evaluated;8.8002;2.4374;64;True;2;duplicate_for_same_parent_sequence
84;4;11;8;diversification;3;8687db6c5c35;move;;;20;35;;;;;;;;;;True;False;False;True;;ok;17148.90059998602;15410.35256303578;15410.35256303578;15359.74096821535;576;15359.74096821535;5450.3093;1738.5480369502402;Evaluated;5.5251;2.4355;64;True;1;
84;4;11;9;diversification;3;8687db6c5c35;move;;;25;30;;;;;;;;;;True;False;False;False;;ok;16454.86781231101;15410.35256303578;15410.35256303578;15359.74096821535;577;15359.74096821535;5457.9154;1044.5152492752313;Evaluated;5.1744;2.4284;64;True;1;
84;4;11;10;diversification;3;8687db6c5c35;move;;;45;30;;;;;;;;;;True;False;False;True;;ok;16978.55074334873;15410.35256303578;15410.35256303578;15359.74096821535;578;15359.74096821535;5465.6557;1568.1981803129493;Evaluated;5.3109;2.4263;64;True;1;
84;4;11;;diversification;0;;;;;;;;;;;;;;;;;;;;;End-of-iteration summary row;;;15402.875162822644;15359.74096821535;578;15359.74096821535;5465.6639;;IterationSummary;;;;;;
85;4;12;1;normal;0;acb18c650a9f;move;;;5;10;;;;;;;;;;True;False;False;False;;ok;16654.26790642168;15402.875162822644;15402.875162822644;15359.74096821535;579;15359.74096821535;5473.6946;1251.3927435990354;Evaluated;5.5865;2.4381;64;True;1;
85;4;12;2;normal;0;acb18c650a9f;swap;20;25;;;;;;;;;;;;True;False;False;False;;ok;16784.51811965392;15402.875162822644;15402.875162822644;15359.74096821535;580;15359.74096821535;5481.3246;1381.642956831276;Evaluated;5.2019;2.4255;64;True;1;
85;4;12;3;normal;0;acb18c650a9f;reinsert_block;;;;;;;35;40;20;;;;;True;False;False;True;;ok;16304.365232373577;15402.875162822644;15402.875162822644;15359.74096821535;581;15359.74096821535;5489.1981;901.4900695509332;Evaluated;5.4409;2.4301;64;True;1;
85;4;12;4;normal;0;acb18c650a9f;move;;;50;48;;;;;;;;;;True;False;False;False;;ok;15621.898173465524;15402.875162822644;15402.875162822644;15359.74096821535;582;15359.74096821535;5496.4704;219.02301064288076;Evaluated;5.0392;2.2299;64;True;1;
85;4;12;5;normal;0;acb18c650a9f;move;;;45;20;;;;;;;;;;True;False;False;True;;ok;16941.847717681845;15402.875162822644;15402.875162822644;15359.74096821535;583;15359.74096821535;5504.0522;1538.9725548592014;Evaluated;5.1515;2.4276;64;True;1;
85;4;12;;normal;1;;;;;;;;;;;;;;;;;;;;;End-of-iteration summary row;;;15402.875162822644;15359.74096821535;583;15359.74096821535;5504.0555;;IterationSummary;;;;;;
86;4;13;1;normal;1;acb18c650a9f;move;;;15;20;;;;;;;;;;True;False;False;False;;ok;15843.51113700484;15402.875162822644;15402.875162822644;15359.74096821535;584;15359.74096821535;5511.8186;440.63597418219615;Evaluated;5.5133;2.2358;64;True;1;
86;4;13;2;normal;1;acb18c650a9f;move;;;30;17;;;;;;;;;;True;False;False;True;;ok;16447.898155509763;15402.875162822644;15402.875162822644;15359.74096821535;585;15359.74096821535;5522.8693;1045.0229926871198;Evaluated;8.6174;2.4304;64;True;2;duplicate_for_same_parent_sequence
86;4;13;3;normal;1;acb18c650a9f;move;;;40;30;;;;;;;;;;True;False;False;True;;ok;15661.284384942714;15402.875162822644;15402.875162822644;15359.74096821535;586;15359.74096821535;5534.0888;258.4092221200699;Evaluated;8.9796;2.2392;64;True;2;duplicate_for_same_parent_sequence
86;4;13;4;normal;1;acb18c650a9f;move;;;50;30;;;;;;;;;;True;False;False;True;;ok;16035.199800162814;15402.875162822644;15402.875162822644;15359.74096821535;587;15359.74096821535;5541.4552;632.3246373401707;Evaluated;5.1359;2.2273;64;True;1;
86;4;13;5;normal;1;acb18c650a9f;move;;;40;25;;;;;;;;;;True;False;False;True;;ok;15526.86372104214;15402.875162822644;15402.875162822644;15359.74096821535;588;15359.74096821535;5548.812;123.98855821949655;Evaluated;5.1299;2.2242;64;True;1;
86;4;13;;normal;2;;;;;;;;;;;;;;;;;;;;;End-of-iteration summary row;;;15402.875162822644;15359.74096821535;588;15359.74096821535;5548.8128;;IterationSummary;;;;;;
87;4;14;1;normal;2;acb18c650a9f;move;;;20;35;;;;;;;;;;True;False;False;True;;ok;17150.645006824794;15402.875162822644;15402.875162822644;15359.74096821535;589;15359.74096821535;5560.4123;1747.7698440021504;Evaluated;9.1625;2.4317;64;True;2;duplicate_for_same_parent_sequence
87;4;14;2;normal;2;acb18c650a9f;swap;18;26;;;;;;;;;;;;True;False;False;False;;ok;16826.457048668955;15402.875162822644;15402.875162822644;15359.74096821535;590;15359.74096821535;5571.4574;1423.5818858463117;Evaluated;8.6121;2.4294;64;True;2;duplicate_for_same_parent_sequence
87;4;14;3;normal;2;acb18c650a9f;move;;;35;25;;;;;;;;;;True;False;False;True;;ok;16443.083429229824;15402.875162822644;15402.875162822644;15359.74096821535;591;15359.74096821535;5582.8101;1040.2082664071804;Evaluated;8.9227;2.4273;64;True;2;duplicate_for_same_parent_sequence
87;4;14;4;normal;2;acb18c650a9f;move;;;50;15;;;;;;;;;;True;False;False;True;;ok;17285.795004768268;15402.875162822644;15402.875162822644;15359.74096821535;592;15359.74096821535;5594.2786;1882.9198419456243;Evaluated;9.0363;2.4294;64;True;2;duplicate_for_same_parent_sequence
87;4;14;5;normal;2;acb18c650a9f;move;;;35;45;;;;;;;;;;True;False;False;True;;ok;15796.834519118918;15402.875162822644;15402.875162822644;15359.74096821535;593;15359.74096821535;5605.0204;393.95935629627456;Evaluated;8.5138;2.2252;64;True;2;duplicate_for_same_parent_sequence
87;4;14;;normal;3;;;;;;;;;;;;;;;;;;;;;End-of-iteration summary row;;;15402.875162822644;15359.74096821535;593;15359.74096821535;5605.0232;;IterationSummary;;;;;;
88;4;15;1;diversification;3;acb18c650a9f;move;;;10;25;;;;;;;;;;True;False;False;True;;ok;16491.585996376598;15402.875162822644;15402.875162822644;15359.74096821535;594;15359.74096821535;5613.0744;1088.7108335539542;Evaluated;5.6103;2.4268;64;True;1;
88;4;15;2;diversification;3;acb18c650a9f;reinsert_block;;;;;;;20;25;35;;;;;True;False;False;True;;ok;16887.935568912784;15402.875162822644;15402.875162822644;15359.74096821535;595;15359.74096821535;5621.1264;1485.0604060901405;Evaluated;5.6187;2.4303;64;True;1;
88;4;15;3;diversification;3;acb18c650a9f;swap;32;40;;;;;;;;;;;;True;False;False;False;;ok;15409.743297821142;15402.875162822644;15402.875162822644;15359.74096821535;596;15359.74096821535;5628.8536;6.868134998498135;Evaluated;5.5011;2.2247;64;True;1;
88;4;15;4;diversification;3;acb18c650a9f;move;;;52;48;;;;;;;;;;True;False;False;False;;ok;15623.719617139483;15402.875162822644;15402.875162822644;15359.74096821535;597;15359.74096821535;5636.2648;220.8444543168389;Evaluated;5.1788;2.2289;64;True;1;
88;4;15;5;diversification;3;acb18c650a9f;move;;;30;40;;;;;;;;;;True;False;False;True;;ok;15977.43833545045;15402.875162822644;15402.875162822644;15359.74096821535;598;15359.74096821535;5647.2667;574.5631726278061;Evaluated;8.7734;2.2259;64;True;2;duplicate_for_same_parent_sequence
88;4;15;6;diversification;3;acb18c650a9f;move;;;40;35;;;;;;;;;;True;False;False;False;;ok;15618.561635131919;15402.875162822644;15402.875162822644;15359.74096821535;599;15359.74096821535;5654.8121;215.6864723092749;Evaluated;5.3082;2.2344;64;True;1;
88;4;15;7;diversification;3;acb18c650a9f;move;;;10;5;;;;;;;;;;True;False;False;False;;ok;17751.66503489172;15402.875162822644;15402.875162822644;15359.74096821535;600;15359.74096821535;5662.3697;2348.7898720690773;Evaluated;5.1251;2.4296;64;True;1;
88;4;15;8;diversification;3;acb18c650a9f;move;;;25;10;;;;;;;;;;True;False;False;True;;ok;17297.34761618967;15402.875162822644;15402.875162822644;15359.74096821535;601;15359.74096821535;5670.0507;1894.472453367025;Evaluated;5.2489;2.4293;64;True;1;
88;4;15;9;diversification;3;acb18c650a9f;move;;;28;35;;;;;;;;;;True;False;False;False;;ok;16171.013160923132;15402.875162822644;15402.875162822644;15359.74096821535;602;15359.74096821535;5677.774;768.1379981004884;Evaluated;5.2912;2.4297;64;True;1;
88;4;15;10;diversification;3;acb18c650a9f;move;;;50;25;;;;;;;;;;True;False;False;True;;ok;15759.39986893602;15402.875162822644;15402.875162822644;15359.74096821535;603;15359.74096821535;5685.4758;356.52470611337594;Evaluated;5.4705;2.2283;64;True;1;
88;4;15;;diversification;4;;;;;;;;;;;;;;;;;;;;;End-of-iteration summary row;;;15402.875162822644;15359.74096821535;603;15359.74096821535;5685.4787;;IterationSummary;;;;;;
89;4;16;1;diversification;4;acb18c650a9f;move;;;0;35;;;;;;;;;;True;False;False;True;;ok;15802.985586117937;15402.875162822644;15402.875162822644;15359.74096821535;604;15359.74096821535;5693.6362;400.110423295293;Evaluated;5.9163;2.2288;64;True;1;
89;4;16;2;diversification;4;acb18c650a9f;reinsert_block;;;;;;;18;23;5;;;;;True;False;False;True;;ok;17293.240411528306;15402.875162822644;15402.875162822644;15359.74096821535;605;15359.74096821535;5701.5147;1890.3652487056625;Evaluated;5.4473;2.4275;64;True;1;
89;4;16;3;diversification;4;acb18c650a9f;swap;35;40;;;;;;;;;;;;True;False;False;False;;ok;15993.452840841956;15402.875162822644;15402.875162822644;15359.74096821535;606;15359.74096821535;5709.0187;590.5776780193119;Evaluated;5.2761;2.2256;64;True;1;
89;4;16;4;diversification;4;acb18c650a9f;move;;;60;10;;;;;;;;;;True;False;False;True;;ok;17813.482252353522;15402.875162822644;15402.875162822644;15359.74096821535;607;15359.74096821535;5720.0045;2410.6070895308785;Evaluated;8.55;2.4317;64;True;2;duplicate_for_same_parent_sequence
89;4;16;5;diversification;4;acb18c650a9f;move;;;8;20;;;;;;;;;;True;False;False;True;;ok;16427.913071837283;15402.875162822644;15402.875162822644;15359.74096821535;608;15359.74096821535;5731.3851;1025.0379090146398;Evaluated;8.9469;2.4327;64;True;2;duplicate_for_same_parent_sequence
89;4;16;6;diversification;4;acb18c650a9f;move;;;28;15;;;;;;;;;;True;False;False;True;;ok;17615.655744460528;15402.875162822644;15402.875162822644;15359.74096821535;609;15359.74096821535;5742.6002;2212.780581637884;Evaluated;8.7822;2.4304;64;True;2;duplicate_for_same_parent_sequence
89;4;16;7;diversification;4;acb18c650a9f;move;;;15;28;;;;;;;;;;True;False;False;True;;ok;16596.380694853873;15402.875162822644;15402.875162822644;15359.74096821535;610;15359.74096821535;5757.1411;1193.5055320312294;Evaluated;12.1131;2.4247;64;True;3;duplicate_for_same_parent_sequence
89;4;16;8;diversification;4;acb18c650a9f;move;;;30;15;;;;;;;;;;True;False;False;True;;ok;17285.027995050983;15402.875162822644;15402.875162822644;15359.74096821535;611;15359.74096821535;5765.0423;1882.1528322283393;Evaluated;5.469;2.4292;64;True;1;
89;4;16;9;diversification;4;acb18c650a9f;move;;;28;40;;;;;;;;;;True;False;False;True;;ok;16176.195393138963;15402.875162822644;15402.875162822644;15359.74096821535;612;15359.74096821535;5773.0083;773.3202303163198;Evaluated;5.5353;2.4275;64;True;1;
89;4;16;10;diversification;4;acb18c650a9f;move;;;45;30;;;;;;;;;;True;False;False;True;;ok;17073.805592767792;15402.875162822644;15402.875162822644;15359.74096821535;613;15359.74096821535;5780.7726;1670.9304299451487;Evaluated;5.3326;2.4291;64;True;1;
89;4;16;;diversification;5;;;;;;;;;;;;;;;;;;;;;End-of-iteration summary row;;;15402.875162822644;15359.74096821535;613;15359.74096821535;5780.7755;;IterationSummary;;;;;;
90;4;17;1;diversification;5;acb18c650a9f;move;;;18;4;;;;;;;;;;True;False;False;True;;ok;17349.498950936562;15402.875162822644;15402.875162822644;15359.74096821535;614;15359.74096821535;5792.2961;1946.6237881139186;Evaluated;9.0783;2.426;64;True;2;duplicate_for_same_parent_sequence
90;4;17;2;diversification;5;acb18c650a9f;reinsert_block;;;;;;;20;25;10;;;;;True;False;False;True;;ok;16901.12241127962;15402.875162822644;15402.875162822644;15359.74096821535;615;15359.74096821535;5800.3406;1498.2472484569753;Evaluated;5.608;2.4331;64;True;1;
90;4;17;3;diversification;5;acb18c650a9f;swap;32;47;;;;;;;;;;;;True;False;False;True;;ok;15410.35256303578;15402.875162822644;15402.875162822644;15359.74096821535;616;15359.74096821535;5811.4958;7.477400213136207;Evaluated;8.9295;2.2231;64;True;2;duplicate_for_same_parent_sequence
90;4;17;4;diversification;5;acb18c650a9f;move;;;50;35;;;;;;;;;;True;False;False;True;;ok;16412.963572342444;15402.875162822644;15402.875162822644;15359.74096821535;617;15359.74096821535;5819.1852;1010.0884095197998;Evaluated;5.259;2.4296;64;True;1;
90;4;17;5;diversification;5;acb18c650a9f;move;;;4;20;;;;;;;;;;True;False;False;True;;ok;17399.440626414238;15402.875162822644;15402.875162822644;15359.74096821535;618;15359.74096821535;5830.3177;1996.5654635915944;Evaluated;8.7019;2.4279;64;True;2;duplicate_for_same_parent_sequence
90;4;17;6;diversification;5;acb18c650a9f;move;;;50;2;;;;;;;;;;True;False;False;True;;ok;16773.19988889414;15402.875162822644;15402.875162822644;15359.74096821535;619;15359.74096821535;5837.9372;1370.324726071498;Evaluated;5.1904;2.4284;64;True;1;
90;4;17;7;diversification;5;acb18c650a9f;move;;;10;45;;;;;;;;;;True;False;False;True;;ok;16500.245570105035;15402.875162822644;15402.875162822644;15359.74096821535;620;15359.74096821535;5845.536;1097.3704072823912;Evaluated;5.1725;2.4252;64;True;1;
90;4;17;8;diversification;5;acb18c650a9f;swap;8;23;;;;;;;;;;;;True;False;False;True;;ok;15402.875162822644;15402.875162822644;15402.875162822644;15359.74096821535;621;15359.74096821535;5856.453;0.0;Evaluated;8.6821;2.2322;64;True;2;duplicate_for_same_parent_sequence
90;4;17;9;diversification;5;acb18c650a9f;move;;;24;30;;;;;;;;;;True;False;False;False;;ok;16204.391086822585;15402.875162822644;15402.875162822644;15359.74096821535;622;15359.74096821535;5864.1816;801.5159239999412;Evaluated;5.292;2.4335;64;True;1;
90;4;17;10;diversification;5;acb18c650a9f;move;;;52;35;;;;;;;;;;True;False;False;True;;ok;16718.167721006223;15402.875162822644;15402.875162822644;15359.74096821535;623;15359.74096821535;5875.3635;1315.2925581835789;Evaluated;8.745;2.4337;64;True;2;duplicate_for_same_parent_sequence
90;4;17;;diversification;6;;;;;;;;;;;;;;;;;;;;;End-of-iteration summary row;;;15402.875162822644;15359.74096821535;623;15359.74096821535;5875.3665;;IterationSummary;;;;;;
91;4;18;1;diversification;6;acb18c650a9f;move;;;3;20;;;;;;;;;;True;False;False;True;;ok;17590.04556766882;15402.875162822644;15402.875162822644;15359.74096821535;624;15359.74096821535;5886.8523;2187.170404846178;Evaluated;9.0538;2.4245;64;True;2;duplicate_for_same_parent_sequence
91;4;18;2;diversification;6;acb18c650a9f;reinsert_block;;;;;;;25;31;16;;;;;True;False;False;True;;ok;15544.339443327588;15402.875162822644;15402.875162822644;15359.74096821535;625;15359.74096821535;5901.8544;141.46428050494433;Evaluated;12.7719;2.2266;64;True;3;duplicate_for_same_parent_sequence
91;4;18;3;diversification;6;acb18c650a9f;swap;35;40;;;;;;;;;;;;False;True;False;;;ok;;15402.875162822644;15402.875162822644;15359.74096821535;625;15359.74096821535;5914.4616;;DuplicateForSameParentSequenceAfterRetries;12.6065;;;;3;duplicate_for_same_parent_sequence
91;4;18;4;diversification;6;acb18c650a9f;move;;;50;4;;;;;;;;;;True;False;False;True;;ok;17459.094461073277;15402.875162822644;15402.875162822644;15359.74096821535;626;15359.74096821535;5921.9241;2056.219298250633;Evaluated;5.0269;2.4345;64;True;1;
91;4;18;5;diversification;6;acb18c650a9f;swap;15;40;;;;;;;;;;;;True;False;False;True;;ok;17280.142811354664;15402.875162822644;15402.875162822644;15359.74096821535;627;15359.74096821535;5933.0748;1877.2676485320208;Evaluated;8.7213;2.4287;64;True;2;duplicate_for_same_parent_sequence
91;4;18;6;diversification;6;acb18c650a9f;move;;;50;10;;;;;;;;;;True;False;False;True;;ok;17280.67268881879;15402.875162822644;15402.875162822644;15359.74096821535;628;15359.74096821535;5940.7977;1877.7975259961477;Evaluated;5.2931;2.427;64;True;1;
91;4;18;7;diversification;6;acb18c650a9f;move;;;52;10;;;;;;;;;;True;False;False;True;;ok;17807.538415969746;15402.875162822644;15402.875162822644;15359.74096821535;629;15359.74096821535;5955.2926;2404.6632531471023;Evaluated;12.0645;2.4274;64;True;3;duplicate_for_same_parent_sequence
91;4;18;8;diversification;6;acb18c650a9f;move;;;24;15;;;;;;;;;;True;False;False;False;;ok;16431.922323456703;15402.875162822644;15402.875162822644;15359.74096821535;630;15359.74096821535;5962.9414;1029.0471606340598;Evaluated;5.2143;2.4319;64;True;1;
91;4;18;9;diversification;6;acb18c650a9f;move;;;25;30;;;;;;;;;;True;False;False;False;;ok;16660.493603757895;15402.875162822644;15402.875162822644;15359.74096821535;631;15359.74096821535;5970.5564;1257.6184409352518;Evaluated;5.184;2.4277;64;True;1;
91;4;18;10;diversification;6;acb18c650a9f;reinsert_block;;;;;;;43;47;15;;;;;True;False;False;True;;ok;15863.222237497066;15402.875162822644;15402.875162822644;15359.74096821535;632;15359.74096821535;5981.8333;460.3470746744224;Evaluated;9.0455;2.2286;64;True;2;duplicate_for_same_parent_sequence
91;4;18;;diversification;7;;;;;;;;;;;;;;;;;;;;;End-of-iteration summary row;;;15402.875162822644;15359.74096821535;632;15359.74096821535;5981.8366;;IterationSummary;;;;;;
92;4;19;1;diversification;7;acb18c650a9f;move;;;5;20;;;;;;;;;;True;False;False;True;;ok;17102.629275451767;15402.875162822644;15402.875162822644;15359.74096821535;633;15359.74096821535;5989.7408;1699.7541126291235;Evaluated;5.4676;2.4281;64;True;1;
92;4;19;2;diversification;7;acb18c650a9f;reinsert_block;;;;;;;20;25;30;;;;;True;False;False;False;;ok;16734.103211588208;15402.875162822644;15402.875162822644;15359.74096821535;634;15359.74096821535;5997.6662;1331.2280487655644;Evaluated;5.4919;2.4303;64;True;1;
92;4;19;3;diversification;7;acb18c650a9f;swap;35;40;;;;;;;;;;;;False;True;False;;;ok;;15402.875162822644;15402.875162822644;15359.74096821535;634;15359.74096821535;6009.8905;;DuplicateForSameParentSequenceAfterRetries;12.2216;;;;3;duplicate_for_same_parent_sequence
92;4;19;4;diversification;7;acb18c650a9f;move;;;49;15;;;;;;;;;;True;False;False;True;;ok;16447.64218782729;15402.875162822644;15402.875162822644;15359.74096821535;635;15359.74096821535;6021.1299;1044.767025004645;Evaluated;8.8051;2.4333;64;True;2;duplicate_for_same_parent_sequence
92;4;19;5;diversification;7;acb18c650a9f;swap;18;24;;;;;;;;;;;;True;False;False;False;;ok;16902.998486043773;15402.875162822644;15402.875162822644;15359.74096821535;636;15359.74096821535;6032.2343;1500.1233232211289;Evaluated;8.6746;2.4271;64;True;2;duplicate_for_same_parent_sequence
92;4;19;6;diversification;7;acb18c650a9f;move;;;35;20;;;;;;;;;;True;False;False;True;;ok;16898.922707254893;15402.875162822644;15402.875162822644;15359.74096821535;637;15359.74096821535;6039.9131;1496.0475444322492;Evaluated;5.2461;2.4295;64;True;1;
92;4;19;7;diversification;7;acb18c650a9f;move;;;35;10;;;;;;;;;;True;False;False;True;;ok;17279.550322452433;15402.875162822644;15402.875162822644;15359.74096821535;638;15359.74096821535;6051.4168;1876.675159629789;Evaluated;9.0708;2.4301;64;True;2;duplicate_for_same_parent_sequence
92;4;19;8;diversification;7;acb18c650a9f;move;;;20;15;;;;;;;;;;True;False;False;False;;ok;16682.361877648254;15402.875162822644;15402.875162822644;15359.74096821535;639;15359.74096821535;6059.1915;1279.4867148256108;Evaluated;5.3488;2.4252;64;True;1;
92;4;19;9;diversification;7;acb18c650a9f;move;;;28;45;;;;;;;;;;True;False;False;True;;ok;16617.755345602825;15402.875162822644;15402.875162822644;15359.74096821535;640;15359.74096821535;6073.4791;1214.8801827801817;Evaluated;11.86;2.4269;64;True;3;duplicate_for_same_parent_sequence
92;4;19;10;diversification;7;acb18c650a9f;move;;;50;20;;;;;;;;;;True;False;False;True;;ok;16441.803708319472;15402.875162822644;15402.875162822644;15359.74096821535;641;15359.74096821535;6081.241;1038.9285454968285;Evaluated;5.3345;2.4253;64;True;1;
92;4;19;;diversification;8;;;;;;;;;;;;;;;;;;;;;End-of-iteration summary row;;;15402.875162822644;15359.74096821535;641;15359.74096821535;6081.2445;;IterationSummary;;;;;;
93;4;20;1;diversification;8;acb18c650a9f;move;;;18;30;;;;;;;;;;True;False;False;True;;ok;15826.419505542799;15402.875162822644;15402.875162822644;15359.74096821535;642;15359.74096821535;6089.1777;423.5443427201553;Evaluated;5.6889;2.228;64;True;1;
93;4;20;2;diversification;8;acb18c650a9f;reinsert_block;;;;;;;18;25;30;;;;;True;False;False;False;;ok;16177.359398534816;15402.875162822644;15402.875162822644;15359.74096821535;643;15359.74096821535;6097.1913;774.4842357121724;Evaluated;5.587;2.4234;64;True;1;
93;4;20;3;diversification;8;acb18c650a9f;swap;40;50;;;;;;;;;;;;True;False;False;False;;ok;15626.299560005027;15402.875162822644;15402.875162822644;15359.74096821535;644;15359.74096821535;6104.7585;223.42439718238347;Evaluated;5.3354;2.229;64;True;1;
93;4;20;4;diversification;8;acb18c650a9f;move;;;49;25;;;;;;;;;;True;False;False;True;;ok;15755.583751092085;15402.875162822644;15402.875162822644;15359.74096821535;645;15359.74096821535;6115.8605;352.70858826944095;Evaluated;8.8685;2.2307;64;True;2;duplicate_for_same_parent_sequence
93;4;20;5;diversification;8;acb18c650a9f;swap;20;25;;;;;;;;;;;;False;True;False;;;ok;;15402.875162822644;15402.875162822644;15359.74096821535;645;15359.74096821535;6128.2896;;DuplicateForSameParentSequenceAfterRetries;12.427;;;;3;duplicate_for_same_parent_sequence
93;4;20;6;diversification;8;acb18c650a9f;reinsert_block;;;;;;;32;36;48;;;;;True;False;False;True;;ok;17201.05919217947;15402.875162822644;15402.875162822644;15359.74096821535;646;15359.74096821535;6139.9315;1798.1840293568257;Evaluated;9.2115;2.4295;64;True;2;duplicate_for_same_parent_sequence
93;4;20;7;diversification;8;acb18c650a9f;swap;28;49;;;;;;;;;;;;True;False;False;True;;ok;16209.17226119105;15402.875162822644;15402.875162822644;15359.74096821535;647;15359.74096821535;6154.642;806.2970983684063;Evaluated;12.2792;2.4278;64;True;3;duplicate_for_same_parent_sequence
93;4;20;8;diversification;8;acb18c650a9f;move;;;18;25;;;;;;;;;;True;False;False;False;;ok;16903.924236373943;15402.875162822644;15402.875162822644;15359.74096821535;648;15359.74096821535;6162.2783;1501.0490735512994;Evaluated;5.2075;2.4256;64;True;1;
93;4;20;9;diversification;8;acb18c650a9f;move;;;18;24;;;;;;;;;;True;False;False;False;;ok;16903.924236373943;15402.875162822644;15402.875162822644;15359.74096821535;649;15359.74096821535;6173.56;1501.0490735512994;Evaluated;8.849;2.429;64;True;2;duplicate_for_same_parent_sequence
93;4;20;10;diversification;8;acb18c650a9f;swap;12;35;;;;;;;;;;;;True;False;False;True;;ok;17791.269855889444;15402.875162822644;15402.875162822644;15359.74096821535;650;15359.74096821535;6185.0874;2388.3946930668008;Evaluated;9.0947;2.4294;64;True;2;duplicate_for_same_parent_sequence
93;4;20;;diversification;9;;;;;;;;;;;;;;;;;;;;;End-of-iteration summary row;;;15402.875162822644;15359.74096821535;650;15359.74096821535;6185.0906;;IterationSummary;;;;;;
94;4;21;1;diversification;9;acb18c650a9f;move;;;18;35;;;;;;;;;;True;False;False;True;;ok;16504.365769732543;15402.875162822644;15402.875162822644;15359.74096821535;651;15359.74096821535;6200.1492;1101.4906069098997;Evaluated;12.6165;2.4302;64;True;3;duplicate_for_same_parent_sequence
94;4;21;2;diversification;9;acb18c650a9f;reinsert_block;;;;;;;25;29;16;;;;;True;False;False;True;;ok;15668.821797552517;15402.875162822644;15402.875162822644;15359.74096821535;652;15359.74096821535;6215.6017;265.94663472987304;Evaluated;13.2221;2.2277;64;True;3;duplicate_for_same_parent_sequence
94;4;21;3;diversification;9;acb18c650a9f;swap;35;45;;;;;;;;;;;;True;False;False;False;;ok;16437.984002714336;15402.875162822644;15402.875162822644;15359.74096821535;653;15359.74096821535;6227.1584;1035.1088398916927;Evaluated;9.1273;2.4267;64;True;2;duplicate_for_same_parent_sequence
94;4;21;4;diversification;9;acb18c650a9f;reinsert_block;;;;;;;48;53;60;;;;;True;False;False;False;;ok;16537.54400787363;15402.875162822644;15402.875162822644;15359.74096821535;654;15359.74096821535;6238.5503;1134.6688450509846;Evaluated;8.9593;2.43;64;True;2;duplicate_for_same_parent_sequence
94;4;21;5;diversification;9;acb18c650a9f;move;;;40;15;;;;;;;;;;True;False;False;True;;ok;16446.83872685701;15402.875162822644;15402.875162822644;15359.74096821535;655;15359.74096821535;6246.2363;1043.9635640343677;Evaluated;5.2576;2.4258;64;True;1;
94;4;21;6;diversification;9;acb18c650a9f;reinsert_block;;;;;;;38;44;19;;;;;True;False;False;True;;ok;17672.410927593388;15402.875162822644;15402.875162822644;15359.74096821535;656;15359.74096821535;6258.0419;2269.535764770744;Evaluated;9.3769;2.4259;64;True;2;duplicate_for_same_parent_sequence
94;4;21;7;diversification;9;acb18c650a9f;move;;;20;45;;;;;;;;;;True;False;False;True;;ok;17148.29654740866;15402.875162822644;15402.875162822644;15359.74096821535;657;15359.74096821535;6265.599;1745.4213845860158;Evaluated;5.1253;2.4285;64;True;1;
94;4;21;8;diversification;9;acb18c650a9f;swap;8;15;;;;;;;;;;;;True;False;False;False;;ok;15402.875162822644;15402.875162822644;15402.875162822644;15359.74096821535;658;15359.74096821535;6272.9876;0.0;Evaluated;5.162;2.2238;64;True;1;
94;4;21;9;diversification;9;acb18c650a9f;move;;;30;25;;;;;;;;;;True;False;False;False;;ok;15510.48055502482;15402.875162822644;15402.875162822644;15359.74096821535;659;15359.74096821535;6287.1826;107.60539220217652;Evaluated;11.9696;2.2247;64;True;3;duplicate_for_same_parent_sequence
94;4;21;10;diversification;9;acb18c650a9f;move;;;30;21;;;;;;;;;;True;False;False;False;;ok;16836.64255364879;15402.875162822644;15402.875162822644;15359.74096821535;660;15359.74096821535;6298.4182;1433.7673908261477;Evaluated;8.8023;2.4307;64;True;2;duplicate_for_same_parent_sequence
94;5;0;;diversification;0;;;;;;;;;;;;;;;;;;;;;End-of-iteration summary row;;;16641.404845676683;15359.74096821535;661;15359.74096821535;6300.8853;;IterationSummary;;;;;;
95;5;1;1;normal;0;0f63cf6f404e;move;;;10;5;;;;;;;;;;True;False;False;False;;ok;15624.28520901457;16641.404845676683;16641.404845676683;15359.74096821535;662;15359.74096821535;6308.4894;-1017.1196366621134;Evaluated;5.3686;2.2297;64;True;1;
95;5;1;2;normal;0;0f63cf6f404e;swap;20;25;;;;;;;;;;;;True;False;False;False;;ok;17122.402843810567;16641.404845676683;16641.404845676683;15359.74096821535;663;15359.74096821535;6316.0753;480.9979981338838;Evaluated;5.1563;2.4266;64;True;1;
95;5;1;3;normal;0;0f63cf6f404e;reinsert_block;;;;;;;35;40;28;;;;;True;False;False;False;;ok;16823.91775940213;16641.404845676683;16641.404845676683;15359.74096821535;664;15359.74096821535;6323.7258;182.51291372544802;Evaluated;5.2235;2.4247;64;True;1;
95;5;1;4;normal;0;0f63cf6f404e;move;;;50;48;;;;;;;;;;True;False;False;False;;ok;16187.814598926165;16641.404845676683;16641.404845676683;15359.74096821535;665;15359.74096821535;6331.0563;-453.5902467505184;Evaluated;4.898;2.4298;64;True;1;
95;5;1;5;normal;0;0f63cf6f404e;move;;;24;10;;;;;;;;;;True;False;False;True;;ok;17228.22724334689;16641.404845676683;16641.404845676683;15359.74096821535;666;15359.74096821535;6338.3822;586.8223976702066;Evaluated;4.8947;2.4283;64;True;1;
95;5;1;;normal;0;;;;;;;;;;;;;;;;;;;;;End-of-iteration summary row;;;15624.28520901457;15359.74096821535;666;15359.74096821535;6338.4014;;IterationSummary;;;;;;
96;5;2;1;normal;0;457c4bc75f95;move;;;5;2;;;;;;;;;;True;False;False;False;;ok;18251.009976900492;15624.28520901457;15624.28520901457;15359.74096821535;667;15359.74096821535;6346.563;2626.724767885922;Evaluated;5.5267;2.6268;64;True;1;
96;5;2;2;normal;0;457c4bc75f95;swap;18;25;;;;;;;;;;;;True;False;False;False;;ok;17353.740176492807;15624.28520901457;15624.28520901457;15359.74096821535;668;15359.74096821535;6354.3734;1729.4549674782374;Evaluated;5.3794;2.4287;64;True;1;
96;5;2;3;normal;0;457c4bc75f95;reinsert_block;;;;;;;35;41;28;;;;;True;False;False;False;;ok;16504.765969598866;15624.28520901457;15624.28520901457;15359.74096821535;669;15359.74096821535;6362.2521;880.4807605842961;Evaluated;5.4501;2.4258;64;True;1;
96;5;2;4;normal;0;457c4bc75f95;move;;;50;48;;;;;;;;;;True;False;False;False;;ok;15636.61505467081;15624.28520901457;15624.28520901457;15359.74096821535;670;15359.74096821535;6369.7034;12.32984565624065;Evaluated;5.2204;2.2273;64;True;1;
96;5;2;5;normal;0;457c4bc75f95;move;;;40;35;;;;;;;;;;True;False;False;False;;ok;15638.408141496922;15624.28520901457;15624.28520901457;15359.74096821535;671;15359.74096821535;6377.0949;14.122932482352553;Evaluated;5.1556;2.2327;64;True;1;
96;5;2;;normal;1;;;;;;;;;;;;;;;;;;;;;End-of-iteration summary row;;;15624.28520901457;15359.74096821535;671;15359.74096821535;6377.0981;;IterationSummary;;;;;;
97;5;3;1;normal;1;457c4bc75f95;move;;;10;7;;;;;;;;;;True;False;False;False;;ok;16708.746654793715;15624.28520901457;15624.28520901457;15359.74096821535;672;15359.74096821535;6388.7342;1084.461445779145;Evaluated;9.1958;2.426;64;True;2;duplicate_for_same_parent_sequence
97;5;3;2;normal;1;457c4bc75f95;swap;20;25;;;;;;;;;;;;True;False;False;False;;ok;17738.989345089994;15624.28520901457;15624.28520901457;15359.74096821535;673;15359.74096821535;6396.3282;2114.7041360754247;Evaluated;5.1659;2.4254;64;True;1;
97;5;3;3;normal;1;457c4bc75f95;reinsert_block;;;;;;;38;41;29;;;;;True;False;False;True;;ok;16671.221787273236;15624.28520901457;15624.28520901457;15359.74096821535;674;15359.74096821535;6404.0538;1046.9365782586665;Evaluated;5.2952;2.4278;64;True;1;
97;5;3;4;normal;1;457c4bc75f95;move;;;24;10;;;;;;;;;;True;False;False;True;;ok;17740.256296649743;15624.28520901457;15624.28520901457;15359.74096821535;675;15359.74096821535;6415.3876;2115.971087635173;Evaluated;8.9054;2.4276;64;True;2;duplicate_for_same_parent_sequence
97;5;3;5;normal;1;457c4bc75f95;move;;;20;15;;;;;;;;;;True;False;False;False;;ok;17140.394312563836;15624.28520901457;15624.28520901457;15359.74096821535;676;15359.74096821535;6423.0558;1516.1091035492664;Evaluated;5.2414;2.4239;64;True;1;
97;5;3;;normal;2;;;;;;;;;;;;;;;;;;;;;End-of-iteration summary row;;;15624.28520901457;15359.74096821535;676;15359.74096821535;6423.0565;;IterationSummary;;;;;;
98;5;4;1;normal;2;457c4bc75f95;move;;;10;5;;;;;;;;;;True;False;False;False;;ok;18200.878935664194;15624.28520901457;15624.28520901457;15359.74096821535;677;15359.74096821535;6431.1057;2576.593726649624;Evaluated;5.4174;2.6265;64;True;1;
98;5;4;2;normal;2;457c4bc75f95;swap;20;30;;;;;;;;;;;;True;False;False;False;;ok;18255.626142293517;15624.28520901457;15624.28520901457;15359.74096821535;678;15359.74096821535;6442.32;2631.340933278947;Evaluated;8.5843;2.6271;64;True;2;duplicate_for_same_parent_sequence
98;5;4;3;normal;2;457c4bc75f95;move;;;35;40;;;;;;;;;;True;False;False;False;;ok;16450.48416430484;15624.28520901457;15624.28520901457;15359.74096821535;679;15359.74096821535;6453.9179;826.1989552902687;Evaluated;9.1689;2.4279;64;True;2;duplicate_for_same_parent_sequence
98;5;4;4;normal;2;457c4bc75f95;move;;;51;60;;;;;;;;;;True;False;False;False;;ok;15549.145194940362;15624.28520901457;15624.28520901457;15359.74096821535;680;15359.74096821535;6464.7309;-75.14001407420801;Evaluated;8.5891;2.2231;64;True;2;duplicate_for_same_parent_sequence
98;5;4;5;normal;2;457c4bc75f95;move;;;30;40;;;;;;;;;;True;False;False;True;;ok;16634.93229928674;15624.28520901457;15624.28520901457;15359.74096821535;681;15359.74096821535;6475.9621;1010.6470902721685;Evaluated;8.7958;2.4333;64;True;2;duplicate_for_same_parent_sequence
98;5;4;;normal;0;;;;;;;;;;;;;;;;;;;;;End-of-iteration summary row;;;15549.145194940362;15359.74096821535;681;15359.74096821535;6475.9749;;IterationSummary;;;;;;
99;5;5;1;normal;0;3873e53383e7;move;;;10;5;;;;;;;;;;True;False;False;False;;ok;17820.333158441295;15549.145194940362;15549.145194940362;15359.74096821535;682;15359.74096821535;6483.7489;2271.1879635009336;Evaluated;5.346;2.4222;64;True;1;
99;5;5;2;normal;0;3873e53383e7;swap;18;25;;;;;;;;;;;;True;False;False;False;;ok;16973.10380330103;15549.145194940362;15549.145194940362;15359.74096821535;683;15359.74096821535;6491.5925;1423.9586083606682;Evaluated;5.41;2.4317;64;True;1;
99;5;5;3;normal;0;3873e53383e7;reinsert_block;;;;;;;38;41;29;;;;;True;False;False;True;;ok;16291.681644711409;15549.145194940362;15549.145194940362;15359.74096821535;684;15359.74096821535;6499.545;742.536449771047;Evaluated;5.526;2.4235;64;True;1;
99;5;5;4;normal;0;3873e53383e7;move;;;50;48;;;;;;;;;;True;False;False;False;;ok;15549.077515996858;15549.145194940362;15549.145194940362;15359.74096821535;685;15359.74096821535;6507.1255;-0.06767894350377901;Evaluated;5.3553;2.2219;64;True;1;
99;5;5;5;normal;0;3873e53383e7;move;;;25;10;;;;;;;;;;True;False;False;True;;ok;17351.23746524775;15549.145194940362;15549.145194940362;15359.74096821535;686;15359.74096821535;6518.0803;1802.0922703073866;Evaluated;8.529;2.425;64;True;2;duplicate_for_same_parent_sequence
99;5;5;;normal;0;;;;;;;;;;;;;;;;;;;;;End-of-iteration summary row;;;15549.077515996858;15359.74096821535;686;15359.74096821535;6518.0969;;IterationSummary;;;;;;
100;5;6;1;normal;0;b2ed755c87aa;move;;;10;5;;;;;;;;;;True;False;False;False;;ok;17920.106035990637;15549.077515996858;15549.077515996858;15359.74096821535;687;15359.74096821535;6525.9574;2371.028519993779;Evaluated;5.4286;2.424;64;True;1;
100;5;6;2;normal;0;b2ed755c87aa;swap;18;25;;;;;;;;;;;;True;False;False;False;;ok;17072.835758058252;15549.077515996858;15549.077515996858;15359.74096821535;688;15359.74096821535;6533.865;1523.7582420613944;Evaluated;5.4785;2.4263;64;True;1;
100;5;6;3;normal;0;b2ed755c87aa;reinsert_block;;;;;;;35;40;29;;;;;True;False;False;False;;ok;16453.728038776528;15549.077515996858;15549.077515996858;15359.74096821535;689;15359.74096821535;6541.7933;904.6505227796697;Evaluated;5.5011;2.4238;64;True;1;
100;5;6;4;normal;0;b2ed755c87aa;move;;;52;49;;;;;;;;;;True;False;False;False;;ok;16230.73408350577;15549.077515996858;15549.077515996858;15359.74096821535;690;15359.74096821535;6549.4544;681.6565675089114;Evaluated;5.2274;2.4306;64;True;1;
100;5;6;5;normal;0;b2ed755c87aa;move;;;25;10;;;;;;;;;;True;False;False;True;;ok;17450.778622197853;15549.077515996858;15549.077515996858;15359.74096821535;691;15359.74096821535;6557.0405;1901.7011062009951;Evaluated;5.1577;2.4258;64;True;1;
100;5;6;;normal;1;;;;;;;;;;;;;;;;;;;;;End-of-iteration summary row;;;15549.077515996858;15359.74096821535;691;15359.74096821535;6557.0431;;IterationSummary;;;;;;
100;5;6;;;1;;;;;;;;;;;;;;;;;;;;;PartA | PartB | PartC | PartD | PartE | PartH | PartC | PartF | PartG | PartH | PartA | PartB | PartD | PartE | PartF | PartG | PartA | PartB | PartC | PartD | PartE | PartF | PartG | PartH | PartA | PartB | PartC | PartD | PartE | PartF | PartG | PartH | PartB | PartA | PartB | PartC | PartD | PartE | PartF | PartG | PartH | PartB | PartC | PartD | PartE | PartF | PartA | PartG | PartE | PartH | PartC | PartA | PartD | PartF | PartG | PartH | PartA | PartB | PartC | PartD | PartE | PartF | PartG | PartH;;;15549.077515996858;15359.74096821535;691;15359.74096821535;6557.0475;;FinalGlobalBestSequence;;;;;;
