iteration;restart_id;iteration_in_restart;candidate_in_iteration;search_mode;no_improvement_count_before_iteration;parent_sequence_signature;action;swap_i;swap_j;move_from;move_to;reverse_start;reverse_end;reinsert_block_start;reinsert_block_end;reinsert_block_to;swap_blocks_start1;swap_blocks_end1;swap_blocks_start2;swap_blocks_end2;valid;duplicate_for_same_parent_sequence;recently_rejected_for_same_parent_sequence;diversification_compatible;parse_error;validation_message;resulting_makespan;best_makespan_before;best_makespan_after;global_best_makespan_after;completed_simulations;actual_global_best_makespan;elapsed_optimization_time_sec;delta_vs_best_before;status;llm_time_sec;simulation_time_sec;exited_parts;completion_valid;llm_attempts;retry_reason
1;1;1;1;normal;0;0f63cf6f404e;move;;;10;5;;;;;;;;;;True;False;False;False;;ok;15624.28520901457;16641.404845676683;16641.404845676683;16641.404845676683;2;16641.404845676683;16.2736;-1017.1196366621134;Evaluated;14.0322;2.2353;64;True;1;
1;1;1;2;normal;0;0f63cf6f404e;swap;17;32;;;;;;;;;;;;True;False;False;True;;ok;16816.407618720128;16641.404845676683;16641.404845676683;16641.404845676683;3;16641.404845676683;29.6071;175.0027730434449;Evaluated;10.9029;2.4248;64;True;1;
1;1;1;3;normal;0;0f63cf6f404e;reinsert_block;;;;;;;35;40;28;;;;;True;False;False;False;;ok;16823.91775940213;16641.404845676683;16641.404845676683;16641.404845676683;4;16641.404845676683;42.9905;182.51291372544802;Evaluated;10.9487;2.434;64;True;1;
1;1;1;4;normal;0;0f63cf6f404e;swap;50;51;;;;;;;;;;;;True;False;False;False;;ok;16641.404845676683;16641.404845676683;16641.404845676683;16641.404845676683;5;16641.404845676683;55.8412;0.0;Evaluated;10.4185;2.4298;64;True;1;
1;1;1;5;normal;0;0f63cf6f404e;move;;;15;30;;;;;;;;;;True;False;False;True;;ok;17547.743193718143;16641.404845676683;16641.404845676683;16641.404845676683;6;16641.404845676683;68.7249;906.3383480414595;Evaluated;10.4527;2.4285;64;True;1;
1;1;1;;normal;0;;;;;;;;;;;;;;;;;;;;;End-of-iteration summary row;;;15624.28520901457;15624.28520901457;6;15624.28520901457;68.7339;;IterationSummary;;;;;;
2;1;2;1;normal;0;457c4bc75f95;move;;;5;10;;;;;;;;;;True;False;False;False;;ok;16641.404845676683;15624.28520901457;15624.28520901457;15624.28520901457;7;15624.28520901457;85.2899;1017.1196366621134;Evaluated;14.1193;2.429;64;True;1;
2;1;2;2;normal;0;457c4bc75f95;swap;17;20;;;;;;;;;;;;True;False;False;False;;ok;17234.63593120889;15624.28520901457;15624.28520901457;15624.28520901457;8;15624.28520901457;99.8839;1610.35072219432;Evaluated;12.1655;2.4257;64;True;1;
2;1;2;3;normal;0;457c4bc75f95;reinsert_block;;;;;;;35;40;28;;;;;True;False;False;False;;ok;16736.747719102947;15624.28520901457;15624.28520901457;15624.28520901457;9;15624.28520901457;115.0118;1112.4625100883768;Evaluated;12.6966;2.4286;64;True;1;
2;1;2;4;normal;0;457c4bc75f95;swap;49;50;;;;;;;;;;;;True;False;False;False;;ok;15645.42963286556;15624.28520901457;15624.28520901457;15624.28520901457;10;15624.28520901457;129.7041;21.14442385099028;Evaluated;12.4667;2.2244;64;True;1;
2;1;2;5;normal;0;457c4bc75f95;move;;;10;5;;;;;;;;;;True;False;False;False;;ok;18200.878935664194;15624.28520901457;15624.28520901457;15624.28520901457;11;15624.28520901457;144.3075;2576.593726649624;Evaluated;11.9685;2.6323;64;True;1;
2;1;2;;normal;1;;;;;;;;;;;;;;;;;;;;;End-of-iteration summary row;;;15624.28520901457;15624.28520901457;11;15624.28520901457;144.3082;;IterationSummary;;;;;;
3;1;3;1;normal;1;457c4bc75f95;move;;;7;2;;;;;;;;;;True;False;False;False;;ok;18166.36448960404;15624.28520901457;15624.28520901457;15624.28520901457;12;15624.28520901457;160.2741;2542.079280589469;Evaluated;13.3324;2.6282;64;True;1;
3;1;3;2;normal;1;457c4bc75f95;swap;18;25;;;;;;;;;;;;True;False;False;False;;ok;17353.740176492807;15624.28520901457;15624.28520901457;15624.28520901457;13;15624.28520901457;175.0721;1729.4549674782374;Evaluated;12.3646;2.4314;64;True;1;
3;1;3;3;normal;1;457c4bc75f95;move;;;17;5;;;;;;;;;;True;False;False;True;;ok;18205.026725426385;15624.28520901457;15624.28520901457;15624.28520901457;14;15624.28520901457;193.5632;2580.7415164118156;Evaluated;15.8603;2.6275;64;True;2;duplicate_for_same_parent_sequence
3;1;3;4;normal;1;457c4bc75f95;move;;;50;48;;;;;;;;;;True;False;False;False;;ok;15636.61505467081;15624.28520901457;15624.28520901457;15624.28520901457;15;15624.28520901457;207.962;12.32984565624065;Evaluated;12.1699;2.2261;64;True;1;
3;1;3;5;normal;1;457c4bc75f95;move;;;30;15;;;;;;;;;;True;False;False;True;;ok;18530.35652874992;15624.28520901457;15624.28520901457;15624.28520901457;16;15624.28520901457;222.8602;2906.071319735349;Evaluated;12.2689;2.6264;64;True;1;
3;1;3;;normal;2;;;;;;;;;;;;;;;;;;;;;End-of-iteration summary row;;;15624.28520901457;15624.28520901457;16;15624.28520901457;222.863;;IterationSummary;;;;;;
4;1;4;1;normal;2;457c4bc75f95;move;;;7;2;;;;;;;;;;False;True;False;;;ok;;15624.28520901457;15624.28520901457;15624.28520901457;16;15624.28520901457;243.3633;;DuplicateForSameParentSequenceAfterRetries;20.4919;;;;3;duplicate_for_same_parent_sequence
4;1;4;2;normal;2;457c4bc75f95;swap;19;20;;;;;;;;;;;;True;False;False;False;;ok;17352.00221885276;15624.28520901457;15624.28520901457;15624.28520901457;17;15624.28520901457;258.002;1727.7170098381885;Evaluated;12.2091;2.4286;64;True;1;
4;1;4;3;normal;2;457c4bc75f95;move;;;35;20;;;;;;;;;;True;False;False;True;;ok;17356.46006678845;15624.28520901457;15624.28520901457;15624.28520901457;18;15624.28520901457;276.8757;1732.1748577738817;Evaluated;16.4445;2.4263;64;True;2;duplicate_for_same_parent_sequence
4;1;4;4;normal;2;457c4bc75f95;move;;;50;49;;;;;;;;;;True;False;False;False;;ok;15645.42963286556;15624.28520901457;15624.28520901457;15624.28520901457;19;15624.28520901457;291.1498;21.14442385099028;Evaluated;12.0384;2.2328;64;True;1;
4;1;4;5;normal;2;457c4bc75f95;move;;;40;25;;;;;;;;;;True;False;False;True;;ok;16838.464727752646;15624.28520901457;15624.28520901457;15624.28520901457;20;15624.28520901457;309.5196;1214.1795187380758;Evaluated;15.9391;2.4275;64;True;2;duplicate_for_same_parent_sequence
4;1;4;;normal;3;;;;;;;;;;;;;;;;;;;;;End-of-iteration summary row;;;15624.28520901457;15624.28520901457;20;15624.28520901457;309.5229;;IterationSummary;;;;;;
5;1;5;1;diversification;3;457c4bc75f95;move;;;10;2;;;;;;;;;;True;False;False;False;;ok;16724.84481353179;15624.28520901457;15624.28520901457;15624.28520901457;21;15624.28520901457;325.8844;1100.5596045172188;Evaluated;13.9209;2.4267;64;True;1;
5;1;5;2;diversification;3;457c4bc75f95;reinsert_block;;;;;;;20;25;16;;;;;True;False;False;False;;ok;18284.909172608568;15624.28520901457;15624.28520901457;15624.28520901457;22;15624.28520901457;341.2957;2660.6239635939983;Evaluated;12.775;2.6334;64;True;1;
5;1;5;3;diversification;3;457c4bc75f95;swap;35;40;;;;;;;;;;;;True;False;False;False;;ok;16452.511161583785;15624.28520901457;15624.28520901457;15624.28520901457;23;15624.28520901457;356.1418;828.2259525692152;Evaluated;12.421;2.4223;64;True;1;
5;1;5;4;diversification;3;457c4bc75f95;move;;;62;50;;;;;;;;;;True;False;False;True;;ok;16373.958163811;15624.28520901457;15624.28520901457;15624.28520901457;24;15624.28520901457;374.8727;749.6729547964296;Evaluated;16.3038;2.4263;64;True;2;duplicate_for_same_parent_sequence
5;1;5;5;diversification;3;457c4bc75f95;swap;3;8;;;;;;;;;;;;True;False;False;False;;ok;17247.706091026717;15624.28520901457;15624.28520901457;15624.28520901457;25;15624.28520901457;393.2345;1623.4208820121476;Evaluated;15.9355;2.4236;64;True;2;duplicate_for_same_parent_sequence
5;1;5;6;diversification;3;457c4bc75f95;reinsert_block;;;;;;;35;42;20;;;;;True;False;False;True;;ok;17347.805958378132;15624.28520901457;15624.28520901457;15624.28520901457;26;15624.28520901457;408.7817;1723.5207493635626;Evaluated;13.1176;2.4271;64;True;1;
5;1;5;7;diversification;3;457c4bc75f95;move;;;6;30;;;;;;;;;;True;False;False;True;;ok;17542.02615185757;15624.28520901457;15624.28520901457;15624.28520901457;27;15624.28520901457;423.3921;1917.740942843002;Evaluated;12.1793;2.4283;64;True;1;
5;1;5;8;diversification;3;457c4bc75f95;move;;;20;8;;;;;;;;;;True;False;False;True;;ok;17794.31101123972;15624.28520901457;15624.28520901457;15624.28520901457;28;15624.28520901457;438.1533;2170.025802225149;Evaluated;12.3298;2.4288;64;True;1;
5;1;5;9;diversification;3;457c4bc75f95;move;;;25;30;;;;;;;;;;True;False;False;False;;ok;15624.461469062106;15624.28520901457;15624.28520901457;15624.28520901457;29;15624.28520901457;452.7817;0.17626004753583402;Evaluated;12.3955;2.232;64;True;1;
5;1;5;10;diversification;3;457c4bc75f95;move;;;45;30;;;;;;;;;;True;False;False;True;;ok;16836.959426129855;15624.28520901457;15624.28520901457;15624.28520901457;30;15624.28520901457;467.8517;1212.6742171152855;Evaluated;12.6366;2.4303;64;True;1;
5;1;5;;diversification;4;;;;;;;;;;;;;;;;;;;;;End-of-iteration summary row;;;15624.28520901457;15624.28520901457;30;15624.28520901457;467.8551;;IterationSummary;;;;;;
6;1;6;1;diversification;4;457c4bc75f95;move;;;5;20;;;;;;;;;;True;False;False;True;;ok;17549.422571791158;15624.28520901457;15624.28520901457;15624.28520901457;31;15624.28520901457;487.6214;1925.137362776588;Evaluated;17.3207;2.429;64;True;2;duplicate_for_same_parent_sequence
6;1;6;2;diversification;4;457c4bc75f95;move;;;49;3;;;;;;;;;;True;False;False;True;;ok;17911.304422219862;15624.28520901457;15624.28520901457;15624.28520901457;32;15624.28520901457;509.3246;2287.0192132052925;Evaluated;19.2783;2.422;64;True;2;duplicate_for_same_parent_sequence
6;1;6;3;diversification;4;457c4bc75f95;swap;32;47;;;;;;;;;;;;True;False;False;True;;ok;16012.741037721877;15624.28520901457;15624.28520901457;15624.28520901457;33;15624.28520901457;526.6731;388.45582870730686;Evaluated;15.1149;2.231;64;True;1;
6;1;6;4;diversification;4;457c4bc75f95;move;;;55;63;;;;;;;;;;True;False;False;False;;ok;16045.627967551844;15624.28520901457;15624.28520901457;15624.28520901457;34;15624.28520901457;547.8896;421.34275853727377;Evaluated;18.9864;2.2272;64;True;2;duplicate_for_same_parent_sequence
6;1;6;5;diversification;4;457c4bc75f95;move;;;15;20;;;;;;;;;;True;False;False;False;;ok;15667.614776166676;15624.28520901457;15624.28520901457;15624.28520901457;35;15624.28520901457;565.5;43.32956715210639;Evaluated;15.3805;2.2282;64;True;1;
6;1;6;6;diversification;4;457c4bc75f95;move;;;35;16;;;;;;;;;;True;False;False;True;;ok;17365.23922373821;15624.28520901457;15624.28520901457;15624.28520901457;36;15624.28520901457;586.8169;1740.9540147236385;Evaluated;18.8926;2.4212;64;True;2;duplicate_for_same_parent_sequence
6;1;6;7;diversification;4;457c4bc75f95;move;;;4;20;;;;;;;;;;True;False;False;True;;ok;17847.179457519935;15624.28520901457;15624.28520901457;15624.28520901457;37;15624.28520901457;604.2452;2222.894248505365;Evaluated;15.0018;2.4255;64;True;1;
6;1;6;8;diversification;4;457c4bc75f95;move;;;15;8;;;;;;;;;;True;False;False;False;;ok;15671.18477869599;15624.28520901457;15624.28520901457;15624.28520901457;38;15624.28520901457;625.7947;46.89956968141996;Evaluated;19.3179;2.2285;64;True;2;duplicate_for_same_parent_sequence
6;1;6;9;diversification;4;457c4bc75f95;move;;;24;35;;;;;;;;;;True;False;False;True;;ok;15452.063151924844;15624.28520901457;15624.28520901457;15624.28520901457;39;15624.28520901457;643.3337;-172.22205708972615;Evaluated;15.3089;2.2267;64;True;1;
6;1;6;10;diversification;4;457c4bc75f95;move;;;50;42;;;;;;;;;;True;False;False;False;;ok;15986.106140362393;15624.28520901457;15624.28520901457;15624.28520901457;40;15624.28520901457;661.0242;361.8209313478237;Evaluated;15.4572;2.2302;64;True;1;
6;1;6;;diversification;0;;;;;;;;;;;;;;;;;;;;;End-of-iteration summary row;;;15452.063151924844;15452.063151924844;40;15452.063151924844;661.0437;;IterationSummary;;;;;;
7;1;7;1;normal;0;3e41dff9391f;move;;;5;20;;;;;;;;;;True;False;False;True;;ok;17558.56786017999;15452.063151924844;15452.063151924844;15452.063151924844;41;15452.063151924844;681.0128;2106.5047082551446;Evaluated;17.5366;2.4268;64;True;1;
7;1;7;2;normal;0;3e41dff9391f;swap;17;25;;;;;;;;;;;;True;False;False;False;;ok;17178.699133754864;15452.063151924844;15452.063151924844;15452.063151924844;42;15452.063151924844;698.4997;1726.6359818300207;Evaluated;15.0558;2.4285;64;True;1;
7;1;7;3;normal;0;3e41dff9391f;reinsert_block;;;;;;;35;42;16;;;;;True;False;False;True;;ok;17509.449773289558;15452.063151924844;15452.063151924844;15452.063151924844;43;15452.063151924844;716.2475;2057.3866213647143;Evaluated;15.3214;2.4257;64;True;1;
7;1;7;4;normal;0;3e41dff9391f;move;;;50;48;;;;;;;;;;True;False;False;False;;ok;15909.586755001315;15452.063151924844;15452.063151924844;15452.063151924844;44;15452.063151924844;733.4965;457.5236030764718;Evaluated;15.024;2.2219;64;True;1;
7;1;7;5;normal;0;3e41dff9391f;move;;;25;30;;;;;;;;;;True;False;False;False;;ok;16902.113559267957;15452.063151924844;15452.063151924844;15452.063151924844;45;15452.063151924844;750.7478;1450.050407343113;Evaluated;14.8183;2.4323;64;True;1;
7;1;7;;normal;1;;;;;;;;;;;;;;;;;;;;;End-of-iteration summary row;;;15452.063151924844;15452.063151924844;45;15452.063151924844;750.7504;;IterationSummary;;;;;;
8;1;8;1;normal;1;3e41dff9391f;move;;;4;10;;;;;;;;;;True;False;False;False;;ok;17503.18838056353;15452.063151924844;15452.063151924844;15452.063151924844;46;15452.063151924844;770.2746;2051.125228638686;Evaluated;17.0801;2.4308;64;True;1;
8;1;8;2;normal;1;3e41dff9391f;swap;18;20;;;;;;;;;;;;True;False;False;False;;ok;17141.993734582516;15452.063151924844;15452.063151924844;15452.063151924844;47;15452.063151924844;787.9716;1689.9305826576729;Evaluated;15.2667;2.4276;64;True;1;
8;1;8;3;normal;1;3e41dff9391f;reinsert_block;;;;;;;35;41;20;;;;;True;False;False;True;;ok;17201.598381037555;15452.063151924844;15452.063151924844;15452.063151924844;48;15452.063151924844;805.5858;1749.535229112711;Evaluated;15.1843;2.4266;64;True;1;
8;1;8;4;normal;1;3e41dff9391f;move;;;50;49;;;;;;;;;;True;False;False;False;;ok;15452.063151924844;15452.063151924844;15452.063151924844;15452.063151924844;49;15452.063151924844;823.0912;0.0;Evaluated;15.2707;2.232;64;True;1;
8;1;8;5;normal;1;3e41dff9391f;move;;;40;35;;;;;;;;;;True;False;False;False;;ok;15910.49443167835;15452.063151924844;15452.063151924844;15452.063151924844;50;15452.063151924844;840.1515;458.4312797535058;Evaluated;14.8339;2.2235;64;True;1;
8;1;8;;normal;2;;;;;;;;;;;;;;;;;;;;;End-of-iteration summary row;;;15452.063151924844;15452.063151924844;50;15452.063151924844;840.1543;;IterationSummary;;;;;;
9;1;9;1;normal;2;3e41dff9391f;move;;;7;12;;;;;;;;;;True;False;False;False;;ok;15254.167313088585;15452.063151924844;15452.063151924844;15452.063151924844;51;15452.063151924844;859.6222;-197.89583883625892;Evaluated;17.2286;2.2281;64;True;1;
9;1;9;2;normal;2;3e41dff9391f;swap;16;20;;;;;;;;;;;;True;False;False;False;;ok;17371.259445608164;15452.063151924844;15452.063151924844;15452.063151924844;52;15452.063151924844;877.2059;1919.1962936833206;Evaluated;15.1552;2.4256;64;True;1;
9;1;9;3;normal;2;3e41dff9391f;reinsert_block;;;;;;;32;40;16;;;;;True;False;False;True;;ok;17761.37690235858;15452.063151924844;15452.063151924844;15452.063151924844;53;15452.063151924844;894.8533;2309.3137504337374;Evaluated;15.2162;2.428;64;True;1;
9;1;9;4;normal;2;3e41dff9391f;move;;;30;25;;;;;;;;;;True;False;False;False;;ok;15336.756269288748;15452.063151924844;15452.063151924844;15452.063151924844;54;15452.063151924844;915.9855;-115.3068826360959;Evaluated;18.9025;2.2266;64;True;2;duplicate_for_same_parent_sequence
9;1;9;5;normal;2;3e41dff9391f;move;;;15;25;;;;;;;;;;True;False;False;True;;ok;16256.99511315419;15452.063151924844;15452.063151924844;15452.063151924844;55;15452.063151924844;936.9504;804.9319612293457;Evaluated;18.5342;2.428;64;True;2;duplicate_for_same_parent_sequence
9;1;9;;normal;0;;;;;;;;;;;;;;;;;;;;;End-of-iteration summary row;;;15254.167313088585;15254.167313088585;55;15254.167313088585;936.9653;;IterationSummary;;;;;;
10;1;10;1;normal;0;8d5ac6d93512;move;;;5;8;;;;;;;;;;True;False;False;False;;ok;17511.7885807724;15254.167313088585;15254.167313088585;15254.167313088585;56;15254.167313088585;957.5693;2257.6212676838168;Evaluated;18.1687;2.4295;64;True;1;
10;1;10;2;normal;0;8d5ac6d93512;swap;17;20;;;;;;;;;;;;True;False;False;False;;ok;17244.926016206307;15254.167313088585;15254.167313088585;15254.167313088585;57;15254.167313088585;975.0795;1990.7587031177227;Evaluated;15.0791;2.4279;64;True;1;
10;1;10;3;normal;0;8d5ac6d93512;reinsert_block;;;;;;;35;41;20;;;;;True;False;False;True;;ok;16769.308942723987;15254.167313088585;15254.167313088585;15254.167313088585;58;15254.167313088585;992.8873;1515.1416296354018;Evaluated;15.3797;2.4252;64;True;1;
10;1;10;4;normal;0;8d5ac6d93512;move;;;50;48;;;;;;;;;;True;False;False;False;;ok;15248.152802317005;15254.167313088585;15254.167313088585;15254.167313088585;59;15254.167313088585;1010.1855;-6.014510771579808;Evaluated;15.0629;2.2323;64;True;1;
10;1;10;5;normal;0;8d5ac6d93512;move;;;25;30;;;;;;;;;;True;False;False;False;;ok;16896.32620483298;15254.167313088585;15254.167313088585;15254.167313088585;60;15254.167313088585;1027.4458;1642.158891744397;Evaluated;14.8304;2.429;64;True;1;
10;1;10;;normal;0;;;;;;;;;;;;;;;;;;;;;End-of-iteration summary row;;;15248.152802317005;15248.152802317005;60;15248.152802317005;1027.4588;;IterationSummary;;;;;;
11;1;11;1;normal;0;a44c13e9a5b7;move;;;7;12;;;;;;;;;;True;False;False;False;;ok;15242.887378303698;15248.152802317005;15248.152802317005;15248.152802317005;61;15248.152802317005;1047.3498;-5.265424013306983;Evaluated;17.6515;2.2301;64;True;1;
11;1;11;2;normal;0;a44c13e9a5b7;swap;17;20;;;;;;;;;;;;True;False;False;False;;ok;16788.79284862172;15248.152802317005;15248.152802317005;15248.152802317005;62;15248.152802317005;1065.0703;1540.6400463047157;Evaluated;15.2911;2.4267;64;True;1;
11;1;11;3;normal;0;a44c13e9a5b7;reinsert_block;;;;;;;35;40;28;;;;;True;False;False;False;;ok;16807.329789643325;15248.152802317005;15248.152802317005;15248.152802317005;63;15248.152802317005;1083.1838;1559.1769873263202;Evaluated;15.6756;2.4353;64;True;1;
11;1;11;4;normal;0;a44c13e9a5b7;move;;;50;49;;;;;;;;;;True;False;False;False;;ok;15249.010250963063;15248.152802317005;15248.152802317005;15248.152802317005;64;15248.152802317005;1100.6876;0.8574486460584012;Evaluated;15.2696;2.2314;64;True;1;
11;1;11;5;normal;0;a44c13e9a5b7;move;;;15;20;;;;;;;;;;True;False;False;False;;ok;15238.763573378505;15248.152802317005;15248.152802317005;15248.152802317005;65;15248.152802317005;1117.9539;-9.38922893850031;Evaluated;15.0362;2.2275;64;True;1;
11;1;11;;normal;0;;;;;;;;;;;;;;;;;;;;;End-of-iteration summary row;;;15238.763573378505;15238.763573378505;65;15238.763573378505;1117.9677;;IterationSummary;;;;;;
12;1;12;1;normal;0;3c5a82611316;move;;;15;20;;;;;;;;;;True;False;False;False;;ok;17295.117884057727;15238.763573378505;15238.763573378505;15238.763573378505;66;15238.763573378505;1138.4938;2056.354310679222;Evaluated;18.0895;2.4275;64;True;1;
12;1;12;2;normal;0;3c5a82611316;swap;18;20;;;;;;;;;;;;True;False;False;False;;ok;16904.09364490969;15238.763573378505;15238.763573378505;15238.763573378505;67;15238.763573378505;1156.2601;1665.330071531187;Evaluated;15.331;2.4316;64;True;1;
12;1;12;3;normal;0;3c5a82611316;reinsert_block;;;;;;;35;40;28;;;;;True;False;False;False;;ok;16845.34126394274;15238.763573378505;15238.763573378505;15238.763573378505;68;15238.763573378505;1174.1243;1606.577690564236;Evaluated;15.4369;2.4247;64;True;1;
12;1;12;4;normal;0;3c5a82611316;move;;;51;49;;;;;;;;;;True;False;False;False;;ok;15238.763573378505;15238.763573378505;15238.763573378505;15238.763573378505;69;15238.763573378505;1191.4246;0.0;Evaluated;15.065;2.2326;64;True;1;
12;1;12;5;normal;0;3c5a82611316;move;;;25;30;;;;;;;;;;True;False;False;False;;ok;16445.944061025468;15238.763573378505;15238.763573378505;15238.763573378505;70;15238.763573378505;1208.7088;1207.1804876469632;Evaluated;14.8556;2.4253;64;True;1;
12;1;12;;normal;1;;;;;;;;;;;;;;;;;;;;;End-of-iteration summary row;;;15238.763573378505;15238.763573378505;70;15238.763573378505;1208.7123;;IterationSummary;;;;;;
13;1;13;1;normal;1;3c5a82611316;move;;;5;10;;;;;;;;;;True;False;False;False;;ok;17492.407412104596;15238.763573378505;15238.763573378505;15238.763573378505;71;15238.763573378505;1228.7482;2253.6438387260914;Evaluated;17.5972;2.4234;64;True;1;
13;1;13;2;normal;1;3c5a82611316;swap;17;20;;;;;;;;;;;;True;False;False;False;;ok;16904.13268809267;15238.763573378505;15238.763573378505;15238.763573378505;72;15238.763573378505;1246.2608;1665.3691147141672;Evaluated;15.0548;2.4544;64;True;1;
13;1;13;3;normal;1;3c5a82611316;reinsert_block;;;;;;;36;40;28;;;;;True;False;False;True;;ok;16865.637071309236;15238.763573378505;15238.763573378505;15238.763573378505;73;15238.763573378505;1264.0546;1626.873497930732;Evaluated;15.3602;2.4301;64;True;1;
13;1;13;4;normal;1;3c5a82611316;move;;;50;48;;;;;;;;;;True;False;False;False;;ok;15932.441913426477;15238.763573378505;15238.763573378505;15238.763573378505;74;15238.763573378505;1282.3584;693.6783400479726;Evaluated;16.0749;2.226;64;True;1;
13;1;13;5;normal;1;3c5a82611316;move;;;25;40;;;;;;;;;;True;False;False;True;;ok;16123.543361427632;15238.763573378505;15238.763573378505;15238.763573378505;75;15238.763573378505;1299.4068;884.7797880491271;Evaluated;14.8099;2.2358;64;True;1;
13;1;13;;normal;2;;;;;;;;;;;;;;;;;;;;;End-of-iteration summary row;;;15238.763573378505;15238.763573378505;75;15238.763573378505;1299.4075;;IterationSummary;;;;;;
14;1;14;1;normal;2;3c5a82611316;move;;;8;2;;;;;;;;;;True;False;False;False;;ok;16106.589036995862;15238.763573378505;15238.763573378505;15238.763573378505;76;15238.763573378505;1322.677;867.825463617357;Evaluated;20.84;2.4243;64;True;2;duplicate_for_same_parent_sequence
14;1;14;2;normal;2;3c5a82611316;swap;20;25;;;;;;;;;;;;True;False;False;False;;ok;15908.6377930189;15238.763573378505;15238.763573378505;15238.763573378505;77;15238.763573378505;1340.0462;669.8742196403946;Evaluated;15.1391;2.2278;64;True;1;
14;1;14;3;normal;2;3c5a82611316;move;;;35;29;;;;;;;;;;True;False;False;False;;ok;16131.017744061717;15238.763573378505;15238.763573378505;15238.763573378505;78;15238.763573378505;1361.559;892.2541706832126;Evaluated;19.0799;2.4309;64;True;2;duplicate_for_same_parent_sequence
14;1;14;4;normal;2;3c5a82611316;move;;;50;49;;;;;;;;;;True;False;False;False;;ok;15228.996646103;15238.763573378505;15238.763573378505;15238.763573378505;79;15238.763573378505;1378.8925;-9.766927275504713;Evaluated;15.0965;2.2331;64;True;1;
14;1;14;5;normal;2;3c5a82611316;move;;;50;28;;;;;;;;;;True;False;False;True;;ok;15946.904608795212;15238.763573378505;15238.763573378505;15238.763573378505;80;15238.763573378505;1396.0023;708.1410354167074;Evaluated;14.877;2.2302;64;True;1;
14;1;14;;normal;0;;;;;;;;;;;;;;;;;;;;;End-of-iteration summary row;;;15228.996646103;15228.996646103;80;15228.996646103;1396.0177;;IterationSummary;;;;;;
15;1;15;1;normal;0;b7193bcb05d1;move;;;5;10;;;;;;;;;;True;False;False;False;;ok;17540.29939452596;15228.996646103;15228.996646103;15228.996646103;81;15228.996646103;1416.1028;2311.3027484229588;Evaluated;17.6477;2.4305;64;True;1;
15;1;15;2;normal;0;b7193bcb05d1;swap;17;20;;;;;;;;;;;;True;False;False;False;;ok;16954.411362640727;15228.996646103;15228.996646103;15228.996646103;82;15228.996646103;1433.8948;1725.4147165377271;Evaluated;15.365;2.4244;64;True;1;
15;1;15;3;normal;0;b7193bcb05d1;reinsert_block;;;;;;;36;40;28;;;;;True;False;False;True;;ok;17016.056642784642;15228.996646103;15228.996646103;15228.996646103;83;15228.996646103;1451.7872;1787.0599966816426;Evaluated;15.4585;2.4304;64;True;1;
15;1;15;4;normal;0;b7193bcb05d1;move;;;50;48;;;;;;;;;;True;False;False;False;;ok;15242.48807127367;15228.996646103;15228.996646103;15228.996646103;84;15228.996646103;1469.3935;13.491425170670482;Evaluated;15.3741;2.2292;64;True;1;
15;1;15;5;normal;0;b7193bcb05d1;move;;;30;25;;;;;;;;;;True;False;False;False;;ok;15339.883058966636;15228.996646103;15228.996646103;15228.996646103;85;15228.996646103;1486.7786;110.886412863636;Evaluated;15.1589;2.2242;64;True;1;
15;1;15;;normal;1;;;;;;;;;;;;;;;;;;;;;End-of-iteration summary row;;;15228.996646103;15228.996646103;85;15228.996646103;1486.7815;;IterationSummary;;;;;;
16;1;16;1;normal;1;b7193bcb05d1;move;;;8;3;;;;;;;;;;True;False;False;False;;ok;17911.025258189195;15228.996646103;15228.996646103;15228.996646103;86;15228.996646103;1510.9967;2682.0286120861947;Evaluated;21.7695;2.4288;64;True;2;duplicate_for_same_parent_sequence
16;1;16;2;normal;1;b7193bcb05d1;swap;18;20;;;;;;;;;;;;True;False;False;False;;ok;16954.411362640727;15228.996646103;15228.996646103;15228.996646103;87;15228.996646103;1528.5362;1725.4147165377271;Evaluated;15.1097;2.4272;64;True;1;
16;1;16;3;normal;1;b7193bcb05d1;move;;;15;20;;;;;;;;;;True;False;False;False;;ok;17345.435601788766;15228.996646103;15228.996646103;15228.996646103;88;15228.996646103;1549.9955;2116.438955685766;Evaluated;19.0335;2.425;64;True;2;duplicate_for_same_parent_sequence
16;1;16;4;normal;1;b7193bcb05d1;move;;;50;49;;;;;;;;;;True;False;False;False;;ok;15238.763573378505;15228.996646103;15228.996646103;15228.996646103;89;15228.996646103;1567.1746;9.766927275504713;Evaluated;14.9532;2.2237;64;True;1;
16;1;16;5;normal;1;b7193bcb05d1;move;;;42;35;;;;;;;;;;True;False;False;False;;ok;16138.794804869005;15228.996646103;15228.996646103;15228.996646103;90;15228.996646103;1584.574;909.7981587660051;Evaluated;14.9698;2.4267;64;True;1;
16;1;16;;normal;2;;;;;;;;;;;;;;;;;;;;;End-of-iteration summary row;;;15228.996646103;15228.996646103;90;15228.996646103;1584.5769;;IterationSummary;;;;;;
17;1;17;1;normal;2;b7193bcb05d1;move;;;7;3;;;;;;;;;;True;False;False;False;;ok;17906.646603057034;15228.996646103;15228.996646103;15228.996646103;91;15228.996646103;1608.1869;2677.6499569540338;Evaluated;21.1713;2.427;64;True;2;duplicate_for_same_parent_sequence
17;1;17;2;normal;2;b7193bcb05d1;swap;20;21;;;;;;;;;;;;True;False;False;False;;ok;15321.367022094168;15228.996646103;15228.996646103;15228.996646103;92;15228.996646103;1625.5463;92.37037599116775;Evaluated;15.1317;2.2248;64;True;1;
17;1;17;3;normal;2;b7193bcb05d1;reinsert_block;;;;;;;35;40;28;;;;;True;False;False;False;;ok;16833.119834006968;15228.996646103;15228.996646103;15228.996646103;93;15228.996646103;1643.744;1604.1231879039678;Evaluated;15.7637;2.4333;64;True;1;
17;1;17;4;normal;2;b7193bcb05d1;move;;;48;50;;;;;;;;;;True;False;False;False;;ok;15921.639898606772;15228.996646103;15228.996646103;15228.996646103;94;15228.996646103;1668.5022;692.6432525037726;Evaluated;22.527;2.2279;64;True;3;duplicate_for_same_parent_sequence
17;1;17;5;normal;2;b7193bcb05d1;move;;;25;30;;;;;;;;;;True;False;False;False;;ok;16775.3497837524;15228.996646103;15228.996646103;15228.996646103;95;15228.996646103;1685.9014;1546.353137649401;Evaluated;14.9702;2.4262;64;True;1;
17;1;17;;normal;3;;;;;;;;;;;;;;;;;;;;;End-of-iteration summary row;;;15228.996646103;15228.996646103;95;15228.996646103;1685.9042;;IterationSummary;;;;;;
18;1;18;1;diversification;3;b7193bcb05d1;move;;;18;5;;;;;;;;;;True;False;False;True;;ok;17367.782923315943;15228.996646103;15228.996646103;15228.996646103;96;15228.996646103;1709.7935;2138.786277212943;Evaluated;21.4505;2.4259;64;True;2;duplicate_for_same_parent_sequence
18;1;18;2;diversification;3;b7193bcb05d1;reinsert_block;;;;;;;25;30;17;;;;;True;False;False;True;;ok;16660.657127330443;15228.996646103;15228.996646103;15228.996646103;97;15228.996646103;1727.9895;1431.6604812274436;Evaluated;15.766;2.4266;64;True;1;
18;1;18;3;diversification;3;b7193bcb05d1;swap;35;40;;;;;;;;;;;;True;False;False;False;;ok;15228.996646103;15228.996646103;15228.996646103;15228.996646103;98;15228.996646103;1745.6254;0.0;Evaluated;15.4029;2.2318;64;True;1;
18;1;18;4;diversification;3;b7193bcb05d1;move;;;48;52;;;;;;;;;;True;False;False;False;;ok;15522.340009659723;15228.996646103;15228.996646103;15228.996646103;99;15228.996646103;1767.0758;293.3433635567235;Evaluated;19.2218;2.2258;64;True;2;duplicate_for_same_parent_sequence
18;1;18;5;diversification;3;b7193bcb05d1;move;;;10;5;;;;;;;;;;True;False;False;False;;ok;17318.651499584572;15228.996646103;15228.996646103;15228.996646103;100;15228.996646103;1784.9231;2089.654853481572;Evaluated;15.4172;2.4271;64;True;1;
18;1;18;6;diversification;3;b7193bcb05d1;move;;;40;35;;;;;;;;;;True;False;False;False;;ok;15919.6039262242;15228.996646103;15228.996646103;15228.996646103;101;15228.996646103;1802.574;690.6072801211994;Evaluated;15.4125;2.2367;64;True;1;
18;1;18;7;diversification;3;b7193bcb05d1;move;;;10;25;;;;;;;;;;True;False;False;True;;ok;17304.81481541539;15228.996646103;15228.996646103;15228.996646103;102;15228.996646103;1820.1569;2075.8181693123897;Evaluated;15.1495;2.43;64;True;1;
18;1;18;8;diversification;3;b7193bcb05d1;move;;;8;15;;;;;;;;;;True;False;False;False;;ok;17717.953730275094;15228.996646103;15228.996646103;15228.996646103;103;15228.996646103;1837.9647;2488.9570841720943;Evaluated;15.3777;2.4274;64;True;1;
18;1;18;9;diversification;3;b7193bcb05d1;move;;;42;28;;;;;;;;;;True;False;False;True;;ok;15975.91925382722;15228.996646103;15228.996646103;15228.996646103;104;15228.996646103;1859.1732;746.9226077242201;Evaluated;18.9786;2.2268;64;True;2;duplicate_for_same_parent_sequence
18;1;18;10;diversification;3;b7193bcb05d1;move;;;45;30;;;;;;;;;;True;False;False;True;;ok;16783.408092118512;15228.996646103;15228.996646103;15228.996646103;105;15228.996646103;1876.9281;1554.4114460155124;Evaluated;15.3285;2.4232;64;True;1;
18;1;18;;diversification;4;;;;;;;;;;;;;;;;;;;;;End-of-iteration summary row;;;15228.996646103;15228.996646103;105;15228.996646103;1876.9312;;IterationSummary;;;;;;
19;1;19;1;diversification;4;b7193bcb05d1;move;;;20;30;;;;;;;;;;True;False;False;True;;ok;16050.404351292298;15228.996646103;15228.996646103;15228.996646103;106;15228.996646103;1901.1435;821.4077051892982;Evaluated;21.7761;2.4231;64;True;2;duplicate_for_same_parent_sequence
19;1;19;2;diversification;4;b7193bcb05d1;reinsert_block;;;;;;;16;20;32;;;;;True;False;False;True;;ok;17908.19543337735;15228.996646103;15228.996646103;15228.996646103;107;15228.996646103;1927.4139;2679.1987872743503;Evaluated;23.8432;2.4264;64;True;3;duplicate_for_same_parent_sequence
19;1;19;3;diversification;4;b7193bcb05d1;swap;34;50;;;;;;;;;;;;True;False;False;True;;ok;16626.410828957276;15228.996646103;15228.996646103;15228.996646103;108;15228.996646103;1945.2791;1397.414182854276;Evaluated;15.4333;2.4289;64;True;1;
19;1;19;4;diversification;4;b7193bcb05d1;move;;;62;50;;;;;;;;;;True;False;False;True;;ok;15686.97227523489;15228.996646103;15228.996646103;15228.996646103;109;15228.996646103;1966.3767;457.97562913188995;Evaluated;18.8645;2.2303;64;True;2;duplicate_for_same_parent_sequence
19;1;19;5;diversification;4;b7193bcb05d1;swap;20;35;;;;;;;;;;;;True;False;False;True;;ok;15627.631337405948;15228.996646103;15228.996646103;15228.996646103;110;15228.996646103;1983.872;398.63469130294834;Evaluated;15.2673;2.2253;64;True;1;
19;1;19;6;diversification;4;b7193bcb05d1;move;;;27;15;;;;;;;;;;True;False;False;True;;ok;17312.352869117796;15228.996646103;15228.996646103;15228.996646103;111;15228.996646103;2005.351;2083.3562230147963;Evaluated;19.0485;2.4264;64;True;2;duplicate_for_same_parent_sequence
19;1;19;7;diversification;4;b7193bcb05d1;move;;;20;15;;;;;;;;;;True;False;False;False;;ok;15249.010250963063;15228.996646103;15228.996646103;15228.996646103;112;15228.996646103;2022.7431;20.013604860063424;Evaluated;15.153;2.2361;64;True;1;
19;1;19;8;diversification;4;b7193bcb05d1;move;;;35;40;;;;;;;;;;True;False;False;False;;ok;15906.672468046234;15228.996646103;15228.996646103;15228.996646103;113;15228.996646103;2047.4906;677.675821943234;Evaluated;22.5201;2.2267;64;True;3;duplicate_for_same_parent_sequence
19;1;19;9;diversification;4;b7193bcb05d1;move;;;49;30;;;;;;;;;;True;False;False;True;;ok;15918.476792949765;15228.996646103;15228.996646103;15228.996646103;114;15228.996646103;2065.1029;689.4801468467649;Evaluated;15.3778;2.2325;64;True;1;
19;1;19;10;diversification;4;b7193bcb05d1;swap;52;53;;;;;;;;;;;;True;False;False;False;;ok;15435.720943352419;15228.996646103;15228.996646103;15228.996646103;115;15228.996646103;2086.6959;206.72429724941867;Evaluated;19.3572;2.2325;64;True;2;duplicate_for_same_parent_sequence
19;1;19;;diversification;5;;;;;;;;;;;;;;;;;;;;;End-of-iteration summary row;;;15228.996646103;15228.996646103;115;15228.996646103;2086.6982;;IterationSummary;;;;;;
20;1;20;1;diversification;5;b7193bcb05d1;move;;;0;15;;;;;;;;;;True;False;False;True;;ok;17162.13588242157;15228.996646103;15228.996646103;15228.996646103;116;15228.996646103;2107.3336;1933.1392363185714;Evaluated;18.1944;2.4278;64;True;1;
20;1;20;2;diversification;5;b7193bcb05d1;reinsert_block;;;;;;;18;23;30;;;;;True;False;False;False;;ok;16952.924799005676;15228.996646103;15228.996646103;15228.996646103;117;15228.996646103;2125.5741;1723.9281529026757;Evaluated;15.8091;2.4288;64;True;1;
20;1;20;3;diversification;5;b7193bcb05d1;swap;25;40;;;;;;;;;;;;True;False;False;True;;ok;16155.231398049458;15228.996646103;15228.996646103;15228.996646103;118;15228.996646103;2147.1093;926.2347519464583;Evaluated;19.1072;2.4242;64;True;2;duplicate_for_same_parent_sequence
20;1;20;4;diversification;5;b7193bcb05d1;move;;;48;30;;;;;;;;;;True;False;False;True;;ok;16430.3976996661;15228.996646103;15228.996646103;15228.996646103;119;15228.996646103;2172.4207;1201.4010535631005;Evaluated;22.8797;2.4286;64;True;3;duplicate_for_same_parent_sequence
20;1;20;5;diversification;5;b7193bcb05d1;move;;;18;10;;;;;;;;;;True;False;False;False;;ok;17858.012852213233;15228.996646103;15228.996646103;15228.996646103;120;15228.996646103;2193.9289;2629.016206110233;Evaluated;19.0793;2.4261;64;True;2;duplicate_for_same_parent_sequence
20;1;20;6;diversification;5;b7193bcb05d1;move;;;50;32;;;;;;;;;;True;False;False;True;;ok;15428.316281560255;15228.996646103;15228.996646103;15228.996646103;121;15228.996646103;2211.657;199.31963545725557;Evaluated;15.4944;2.2316;64;True;1;
20;1;20;7;diversification;5;b7193bcb05d1;move;;;40;10;;;;;;;;;;True;False;False;True;;ok;17380.61325386547;15228.996646103;15228.996646103;15228.996646103;122;15228.996646103;2232.8437;2151.616607762471;Evaluated;18.754;2.4294;64;True;2;duplicate_for_same_parent_sequence
20;1;20;8;diversification;5;b7193bcb05d1;move;;;18;25;;;;;;;;;;True;False;False;False;;ok;17024.19378616481;15228.996646103;15228.996646103;15228.996646103;123;15228.996646103;2254.5163;1795.1971400618113;Evaluated;19.2442;2.4251;64;True;2;duplicate_for_same_parent_sequence
20;1;20;9;diversification;5;b7193bcb05d1;move;;;30;40;;;;;;;;;;True;False;False;True;;ok;15722.16470194071;15228.996646103;15228.996646103;15228.996646103;124;15228.996646103;2275.7933;493.1680558377102;Evaluated;19.0461;2.2302;64;True;2;duplicate_for_same_parent_sequence
20;1;20;10;diversification;5;b7193bcb05d1;swap;30;45;;;;;;;;;;;;True;False;False;True;;ok;16783.482853358706;15228.996646103;15228.996646103;15228.996646103;125;15228.996646103;2297.4132;1554.4862072557062;Evaluated;19.192;2.4248;64;True;2;duplicate_for_same_parent_sequence
20;1;20;;diversification;6;;;;;;;;;;;;;;;;;;;;;End-of-iteration summary row;;;15228.996646103;15228.996646103;125;15228.996646103;2297.416;;IterationSummary;;;;;;
21;1;21;1;diversification;6;b7193bcb05d1;move;;;5;10;;;;;;;;;;False;True;False;;;ok;;15228.996646103;15228.996646103;15228.996646103;125;15228.996646103;2322.9383;;DuplicateForSameParentSequenceAfterRetries;25.507;;;;3;duplicate_for_same_parent_sequence
21;1;21;2;diversification;6;b7193bcb05d1;reinsert_block;;;;;;;18;23;40;;;;;True;False;False;True;;ok;16934.53117396109;15228.996646103;15228.996646103;15228.996646103;126;15228.996646103;2341.1188;1705.5345278580917;Evaluated;15.7463;2.4332;64;True;1;
21;1;21;3;diversification;6;b7193bcb05d1;swap;40;52;;;;;;;;;;;;True;False;False;True;;ok;17032.75610221436;15228.996646103;15228.996646103;15228.996646103;127;15228.996646103;2358.9539;1803.7594561113601;Evaluated;15.3975;2.4342;64;True;1;
21;1;21;4;diversification;6;b7193bcb05d1;move;;;62;49;;;;;;;;;;True;False;False;True;;ok;15708.952767819246;15228.996646103;15228.996646103;15228.996646103;128;15228.996646103;2380.2182;479.95612171624634;Evaluated;19.0346;2.227;64;True;2;duplicate_for_same_parent_sequence
21;1;21;5;diversification;6;b7193bcb05d1;move;;;25;40;;;;;;;;;;True;False;False;True;;ok;16130.709686563861;15228.996646103;15228.996646103;15228.996646103;129;15228.996646103;2398.1338;901.7130404608615;Evaluated;15.4813;2.4335;64;True;1;
21;1;21;6;diversification;6;b7193bcb05d1;move;;;28;15;;;;;;;;;;True;False;False;True;;ok;17677.256703527877;15228.996646103;15228.996646103;15228.996646103;130;15228.996646103;2419.6271;2448.2600574248772;Evaluated;19.0651;2.4248;64;True;2;duplicate_for_same_parent_sequence
21;1;21;7;diversification;6;b7193bcb05d1;move;;;45;20;;;;;;;;;;True;False;False;True;;ok;15940.102020920298;15228.996646103;15228.996646103;15228.996646103;131;15228.996646103;2436.9798;711.1053748172981;Evaluated;15.1282;2.2218;64;True;1;
21;1;21;8;diversification;6;b7193bcb05d1;swap;20;35;;;;;;;;;;;;False;True;False;;;ok;;15228.996646103;15228.996646103;15228.996646103;131;15228.996646103;2459.5105;;DuplicateForSameParentSequenceAfterRetries;22.5301;;;;3;duplicate_for_same_parent_sequence
21;1;21;9;diversification;6;b7193bcb05d1;move;;;45;18;;;;;;;;;;True;False;False;True;;ok;16931.787865890197;15228.996646103;15228.996646103;15228.996646103;132;15228.996646103;2480.9729;1702.7912197871974;Evaluated;19.0339;2.4275;64;True;2;duplicate_for_same_parent_sequence
21;1;21;10;diversification;6;b7193bcb05d1;move;;;52;35;;;;;;;;;;True;False;False;True;;ok;16475.107667589622;15228.996646103;15228.996646103;15228.996646103;133;15228.996646103;2502.5278;1246.1110214866221;Evaluated;19.1288;2.4254;64;True;2;duplicate_for_same_parent_sequence
21;1;21;;diversification;7;;;;;;;;;;;;;;;;;;;;;End-of-iteration summary row;;;15228.996646103;15228.996646103;133;15228.996646103;2502.5317;;IterationSummary;;;;;;
22;1;22;1;diversification;7;b7193bcb05d1;move;;;10;3;;;;;;;;;;True;False;False;False;;ok;17802.75251057278;15228.996646103;15228.996646103;15228.996646103;134;15228.996646103;2523.1114;2573.75586446978;Evaluated;18.1418;2.4294;64;True;1;
22;1;22;2;diversification;7;b7193bcb05d1;move;;;25;10;;;;;;;;;;True;False;False;True;;ok;17823.673679054653;15228.996646103;15228.996646103;15228.996646103;135;15228.996646103;2544.9769;2594.677032951653;Evaluated;19.4335;2.4278;64;True;2;duplicate_for_same_parent_sequence
22;1;22;3;diversification;7;b7193bcb05d1;swap;32;36;;;;;;;;;;;;True;False;False;False;;ok;16032.628513280972;15228.996646103;15228.996646103;15228.996646103;136;15228.996646103;2566.4641;803.6318671779718;Evaluated;19.2561;2.2278;64;True;2;duplicate_for_same_parent_sequence
22;1;22;4;diversification;7;b7193bcb05d1;move;;;55;25;;;;;;;;;;True;False;False;True;;ok;15951.442111939898;15228.996646103;15228.996646103;15228.996646103;137;15228.996646103;2587.4746;722.4454658368977;Evaluated;18.7827;2.2246;64;True;2;duplicate_for_same_parent_sequence
22;1;22;5;diversification;7;b7193bcb05d1;move;;;40;25;;;;;;;;;;True;False;False;True;;ok;15756.622951990777;15228.996646103;15228.996646103;15228.996646103;138;15228.996646103;2605.1822;527.6263058877776;Evaluated;15.4754;2.2289;64;True;1;
22;1;22;6;diversification;7;b7193bcb05d1;move;;;48;60;;;;;;;;;;True;False;False;True;;ok;15577.265849648236;15228.996646103;15228.996646103;15228.996646103;139;15228.996646103;2626.4446;348.26920354523645;Evaluated;19.0304;2.2289;64;True;2;duplicate_for_same_parent_sequence
22;1;22;7;diversification;7;b7193bcb05d1;move;;;30;15;;;;;;;;;;True;False;False;True;;ok;15240.744572185205;15228.996646103;15228.996646103;15228.996646103;140;15228.996646103;2647.6801;11.747926082205595;Evaluated;19.0026;2.2299;64;True;2;duplicate_for_same_parent_sequence
22;1;22;8;diversification;7;b7193bcb05d1;swap;8;12;;;;;;;;;;;;True;False;False;False;;ok;17051.29225384454;15228.996646103;15228.996646103;15228.996646103;141;15228.996646103;2669.3602;1822.2956077415383;Evaluated;19.2452;2.4327;64;True;2;duplicate_for_same_parent_sequence
22;1;22;9;diversification;7;b7193bcb05d1;move;;;28;10;;;;;;;;;;True;False;False;True;;ok;17436.152788448773;15228.996646103;15228.996646103;15228.996646103;142;15228.996646103;2690.7966;2207.1561423457733;Evaluated;19.008;2.4257;64;True;2;duplicate_for_same_parent_sequence
22;1;22;10;diversification;7;b7193bcb05d1;move;;;48;25;;;;;;;;;;True;False;False;True;;ok;16871.55708280993;15228.996646103;15228.996646103;15228.996646103;143;15228.996646103;2712.3211;1642.56043670693;Evaluated;19.092;2.4297;64;True;2;duplicate_for_same_parent_sequence
22;1;22;;diversification;8;;;;;;;;;;;;;;;;;;;;;End-of-iteration summary row;;;15228.996646103;15228.996646103;143;15228.996646103;2712.3238;;IterationSummary;;;;;;
23;1;23;1;diversification;8;b7193bcb05d1;move;;;20;5;;;;;;;;;;True;False;False;True;;ok;15913.856935373104;15228.996646103;15228.996646103;15228.996646103;144;15228.996646103;2736.1891;684.8602892701037;Evaluated;21.621;2.2304;64;True;2;duplicate_for_same_parent_sequence
23;1;23;2;diversification;8;b7193bcb05d1;reinsert_block;;;;;;;18;23;5;;;;;True;False;False;True;;ok;17560.26450431825;15228.996646103;15228.996646103;15228.996646103;145;15228.996646103;2754.2712;2331.2678582152494;Evaluated;15.6502;2.4287;64;True;1;
23;1;23;3;diversification;8;b7193bcb05d1;swap;32;47;;;;;;;;;;;;True;False;False;True;;ok;15760.662508983554;15228.996646103;15228.996646103;15228.996646103;146;15228.996646103;2775.4971;531.6658628805544;Evaluated;18.9969;2.2263;64;True;2;duplicate_for_same_parent_sequence
23;1;23;4;diversification;8;b7193bcb05d1;move;;;60;48;;;;;;;;;;True;False;False;True;;ok;15862.126955671098;15228.996646103;15228.996646103;15228.996646103;147;15228.996646103;2796.6918;633.1303095680978;Evaluated;18.9622;2.2298;64;True;2;duplicate_for_same_parent_sequence
23;1;23;5;diversification;8;b7193bcb05d1;move;;;35;20;;;;;;;;;;True;False;False;True;;ok;15624.190460007581;15228.996646103;15228.996646103;15228.996646103;148;15228.996646103;2814.6036;395.1938139045815;Evaluated;15.6793;2.2293;64;True;1;
23;1;23;6;diversification;8;b7193bcb05d1;swap;40;45;;;;;;;;;;;;True;False;False;False;;ok;16235.42731254982;15228.996646103;15228.996646103;15228.996646103;149;15228.996646103;2836.0447;1006.4306664468204;Evaluated;19.0058;2.431;64;True;2;duplicate_for_same_parent_sequence
23;1;23;7;diversification;8;b7193bcb05d1;move;;;50;10;;;;;;;;;;True;False;False;True;;ok;17324.91220527087;15228.996646103;15228.996646103;15228.996646103;150;15228.996646103;2853.5674;2095.91555916787;Evaluated;15.0921;2.4278;64;True;1;
23;1;23;8;diversification;8;b7193bcb05d1;swap;3;7;;;;;;;;;;;;True;False;False;False;;ok;17445.104285423753;15228.996646103;15228.996646103;15228.996646103;151;15228.996646103;2874.7417;2216.107639320753;Evaluated;18.7414;2.4303;64;True;2;duplicate_for_same_parent_sequence
23;1;23;9;diversification;8;b7193bcb05d1;move;;;35;18;;;;;;;;;;True;False;False;True;;ok;15624.190460007581;15228.996646103;15228.996646103;15228.996646103;152;15228.996646103;2896.1612;395.1938139045815;Evaluated;19.188;2.2289;64;True;2;duplicate_for_same_parent_sequence
23;1;23;10;diversification;8;b7193bcb05d1;swap;45;50;;;;;;;;;;;;True;False;False;False;;ok;15713.413527139059;15228.996646103;15228.996646103;15228.996646103;153;15228.996646103;2921.456;484.41688103605884;Evaluated;23.0626;2.2289;64;True;3;duplicate_for_same_parent_sequence
23;1;23;;diversification;9;;;;;;;;;;;;;;;;;;;;;End-of-iteration summary row;;;15228.996646103;15228.996646103;153;15228.996646103;2921.4587;;IterationSummary;;;;;;
24;1;24;1;diversification;9;b7193bcb05d1;move;;;10;25;;;;;;;;;;False;True;False;;;ok;;15228.996646103;15228.996646103;15228.996646103;153;15228.996646103;2947.3243;;DuplicateForSameParentSequenceAfterRetries;25.8502;;;;3;duplicate_for_same_parent_sequence
24;1;24;2;diversification;9;b7193bcb05d1;move;;;30;15;;;;;;;;;;False;True;True;;;ok;;15228.996646103;15228.996646103;15228.996646103;153;15228.996646103;2970.271;;DuplicateForSameParentSequenceAfterRetries;22.9456;;;;3;duplicate_for_same_parent_sequence
24;1;24;3;diversification;9;b7193bcb05d1;move;;;50;15;;;;;;;;;;True;False;False;True;;ok;17291.344221085124;15228.996646103;15228.996646103;15228.996646103;154;15228.996646103;2994.8228;2062.3475749821246;Evaluated;22.1249;2.4259;64;True;3;duplicate_for_same_parent_sequence
24;1;24;4;diversification;9;b7193bcb05d1;move;;;50;12;;;;;;;;;;True;False;False;True;;ok;17287.567243184654;15228.996646103;15228.996646103;15228.996646103;155;15228.996646103;3012.7267;2058.5705970816543;Evaluated;15.4762;2.4252;64;True;1;
24;1;24;5;diversification;9;b7193bcb05d1;move;;;40;30;;;;;;;;;;True;False;False;True;;ok;15913.281222322074;15228.996646103;15228.996646103;15228.996646103;156;15228.996646103;3034.224;684.2845762190736;Evaluated;19.2632;2.2315;64;True;2;duplicate_for_same_parent_sequence
24;1;24;6;diversification;9;b7193bcb05d1;move;;;37;18;;;;;;;;;;True;False;False;True;;ok;17186.961419424588;15228.996646103;15228.996646103;15228.996646103;157;15228.996646103;3055.6492;1957.964773321588;Evaluated;18.9978;2.4263;64;True;2;duplicate_for_same_parent_sequence
24;1;24;7;diversification;9;b7193bcb05d1;move;;;40;15;;;;;;;;;;True;False;False;True;;ok;17346.123582646956;15228.996646103;15228.996646103;15228.996646103;158;15228.996646103;3076.9376;2117.1269365439566;Evaluated;18.8527;2.433;64;True;2;duplicate_for_same_parent_sequence
24;1;24;8;diversification;9;b7193bcb05d1;move;;;25;12;;;;;;;;;;True;False;False;True;;ok;17105.79381590025;15228.996646103;15228.996646103;15228.996646103;159;15228.996646103;3101.9225;1876.7971697972516;Evaluated;22.5478;2.4339;64;True;3;duplicate_for_same_parent_sequence
24;1;24;9;diversification;9;b7193bcb05d1;move;;;26;30;;;;;;;;;;True;False;False;False;;ok;16471.27453544959;15228.996646103;15228.996646103;15228.996646103;160;15228.996646103;3119.7337;1242.2778893465893;Evaluated;15.3764;2.4313;64;True;1;
24;1;24;10;diversification;9;b7193bcb05d1;move;;;40;20;;;;;;;;;;True;False;False;True;;ok;15626.50636739864;15228.996646103;15228.996646103;15228.996646103;161;15228.996646103;3137.4255;397.5097212956407;Evaluated;15.4567;2.2317;64;True;1;
24;2;0;;diversification;0;;;;;;;;;;;;;;;;;;;;;End-of-iteration summary row;;;16641.404845676683;15228.996646103;162;15228.996646103;3139.8867;;IterationSummary;;;;;;
25;2;1;1;normal;0;0f63cf6f404e;move;;;10;25;;;;;;;;;;True;False;False;True;;ok;17158.06740219435;16641.404845676683;16641.404845676683;15228.996646103;163;15228.996646103;3158.0353;516.6625565176655;Evaluated;15.7114;2.4313;64;True;1;
25;2;1;2;normal;0;0f63cf6f404e;swap;17;30;;;;;;;;;;;;True;False;False;True;;ok;17090.995151868705;16641.404845676683;16641.404845676683;15228.996646103;164;15228.996646103;3173.3906;449.59030619202167;Evaluated;12.9223;2.4302;64;True;1;
25;2;1;3;normal;0;0f63cf6f404e;reinsert_block;;;;;;;35;40;25;;;;;True;False;False;True;;ok;16547.417809039507;16641.404845676683;16641.404845676683;15228.996646103;165;15228.996646103;3189.0939;-93.98703663717606;Evaluated;13.275;2.4255;64;True;1;
25;2;1;4;normal;0;0f63cf6f404e;move;;;50;18;;;;;;;;;;True;False;False;True;;ok;17447.9026263286;16641.404845676683;16641.404845676683;15228.996646103;166;15228.996646103;3204.5217;806.4977806519164;Evaluated;12.9952;2.4294;64;True;1;
25;2;1;5;normal;0;0f63cf6f404e;move;;;40;5;;;;;;;;;;True;False;False;True;;ok;16810.533866426762;16641.404845676683;16641.404845676683;15228.996646103;167;15228.996646103;3219.6126;169.12902075007878;Evaluated;12.6597;2.4284;64;True;1;
25;2;1;;normal;0;;;;;;;;;;;;;;;;;;;;;End-of-iteration summary row;;;16547.417809039507;15228.996646103;167;15228.996646103;3219.6252;;IterationSummary;;;;;;
26;2;2;1;normal;0;07a124f32bd3;move;;;10;25;;;;;;;;;;True;False;False;True;;ok;17566.367522936307;16547.417809039507;16547.417809039507;15228.996646103;168;15228.996646103;3238.9542;1018.9497138968;Evaluated;16.8895;2.4325;64;True;1;
26;2;2;2;normal;0;07a124f32bd3;swap;18;20;;;;;;;;;;;;True;False;False;False;;ok;17185.20165786706;16547.417809039507;16547.417809039507;15228.996646103;169;15228.996646103;3256.2889;637.783848827552;Evaluated;14.9042;2.4289;64;True;1;
26;2;2;3;normal;0;07a124f32bd3;reinsert_block;;;;;;;35;40;25;;;;;True;False;False;True;;ok;17292.059380836406;16547.417809039507;16547.417809039507;15228.996646103;170;15228.996646103;3273.8993;744.6415717968994;Evaluated;15.1806;2.4272;64;True;1;
26;2;2;4;normal;0;07a124f32bd3;move;;;50;18;;;;;;;;;;True;False;False;True;;ok;17339.105111277226;16547.417809039507;16547.417809039507;15228.996646103;171;15228.996646103;3291.1805;791.6873022377185;Evaluated;14.8511;2.4295;64;True;1;
26;2;2;5;normal;0;07a124f32bd3;move;;;40;25;;;;;;;;;;True;False;False;True;;ok;17099.705670325107;16547.417809039507;16547.417809039507;15228.996646103;172;15228.996646103;3308.2198;552.2878612856002;Evaluated;14.6029;2.4329;64;True;1;
26;2;2;;normal;1;;;;;;;;;;;;;;;;;;;;;End-of-iteration summary row;;;16547.417809039507;15228.996646103;172;15228.996646103;3308.2234;;IterationSummary;;;;;;
27;2;3;1;normal;1;07a124f32bd3;move;;;8;3;;;;;;;;;;True;False;False;False;;ok;17802.794831133637;16547.417809039507;16547.417809039507;15228.996646103;173;15228.996646103;3330.7692;1255.3770220941296;Evaluated;20.0998;2.4259;64;True;2;duplicate_for_same_parent_sequence
27;2;3;2;normal;1;07a124f32bd3;swap;20;25;;;;;;;;;;;;True;False;False;False;;ok;17272.163408808276;16547.417809039507;16547.417809039507;15228.996646103;174;15228.996646103;3347.8389;724.7455997687684;Evaluated;14.6425;2.4264;64;True;1;
27;2;3;3;normal;1;07a124f32bd3;reinsert_block;;;;;;;35;40;28;;;;;True;False;False;False;;ok;16745.00979307876;16547.417809039507;16547.417809039507;15228.996646103;175;15228.996646103;3367.3868;197.59198403925257;Evaluated;17.1125;2.4327;64;True;1;
27;2;3;4;normal;1;07a124f32bd3;move;;;50;28;;;;;;;;;;True;False;False;True;;ok;16896.18871887229;16547.417809039507;16547.417809039507;15228.996646103;176;15228.996646103;3386.0201;348.7709098327832;Evaluated;16.1947;2.436;64;True;1;
27;2;3;5;normal;1;07a124f32bd3;move;;;30;20;;;;;;;;;;True;False;False;True;;ok;17550.298357274103;16547.417809039507;16547.417809039507;15228.996646103;177;15228.996646103;3408.1562;1002.8805482345961;Evaluated;19.6987;2.4339;64;True;2;duplicate_for_same_parent_sequence
27;2;3;;normal;2;;;;;;;;;;;;;;;;;;;;;End-of-iteration summary row;;;16547.417809039507;15228.996646103;177;15228.996646103;3408.1595;;IterationSummary;;;;;;
28;2;4;1;normal;2;07a124f32bd3;move;;;5;10;;;;;;;;;;True;False;False;False;;ok;17451.184854799212;16547.417809039507;16547.417809039507;15228.996646103;178;15228.996646103;3429.0242;903.7670457597051;Evaluated;18.4193;2.4314;64;True;1;
28;2;4;2;normal;2;07a124f32bd3;swap;30;35;;;;;;;;;;;;True;False;False;False;;ok;16701.212642502156;16547.417809039507;16547.417809039507;15228.996646103;179;15228.996646103;3451.7478;153.79483346264897;Evaluated;20.2917;2.4287;64;True;2;duplicate_for_same_parent_sequence
28;2;4;3;normal;2;07a124f32bd3;move;;;35;10;;;;;;;;;;True;False;False;True;;ok;17111.147574244693;16547.417809039507;16547.417809039507;15228.996646103;180;15228.996646103;3474.5882;563.7297652051857;Evaluated;20.4061;2.431;64;True;2;duplicate_for_same_parent_sequence
28;2;4;4;normal;2;07a124f32bd3;move;;;50;48;;;;;;;;;;True;False;False;False;;ok;16083.557796073133;16547.417809039507;16547.417809039507;15228.996646103;181;15228.996646103;3493.7082;-463.8600129663737;Evaluated;16.8868;2.2324;64;True;1;
28;2;4;5;normal;2;07a124f32bd3;move;;;15;30;;;;;;;;;;True;False;False;True;;ok;17432.49797292137;16547.417809039507;16547.417809039507;15228.996646103;182;15228.996646103;3512.5084;885.080163881863;Evaluated;16.3752;2.4235;64;True;1;
28;2;4;;normal;0;;;;;;;;;;;;;;;;;;;;;End-of-iteration summary row;;;16083.557796073133;15228.996646103;182;15228.996646103;3512.5266;;IterationSummary;;;;;;
29;2;5;1;normal;0;25407413a9ac;move;;;5;10;;;;;;;;;;True;False;False;False;;ok;16985.342869731296;16083.557796073133;16083.557796073133;15228.996646103;183;15228.996646103;3534.4634;901.7850736581622;Evaluated;19.5014;2.4299;64;True;1;
29;2;5;2;normal;0;25407413a9ac;swap;20;25;;;;;;;;;;;;True;False;False;False;;ok;16818.939202068123;16083.557796073133;16083.557796073133;15228.996646103;184;15228.996646103;3553.7818;735.3814059949891;Evaluated;16.8802;2.4351;64;True;1;
29;2;5;3;normal;0;25407413a9ac;reinsert_block;;;;;;;35;40;28;;;;;True;False;False;False;;ok;16300.038997615988;16083.557796073133;16083.557796073133;15228.996646103;185;15228.996646103;3573.2731;216.48120154285425;Evaluated;17.0604;2.4278;64;True;1;
29;2;5;4;normal;0;25407413a9ac;move;;;50;28;;;;;;;;;;True;False;False;True;;ok;16093.033002292726;16083.557796073133;16083.557796073133;15228.996646103;186;15228.996646103;3592.6161;9.47520621959302;Evaluated;17.1122;2.2296;64;True;1;
29;2;5;5;normal;0;25407413a9ac;move;;;40;25;;;;;;;;;;True;False;False;True;;ok;16644.48762020345;16083.557796073133;16083.557796073133;15228.996646103;187;15228.996646103;3611.5027;560.9298241303168;Evaluated;16.4526;2.4317;64;True;1;
29;2;5;;normal;1;;;;;;;;;;;;;;;;;;;;;End-of-iteration summary row;;;16083.557796073133;15228.996646103;187;15228.996646103;3611.5056;;IterationSummary;;;;;;
30;2;6;1;normal;1;25407413a9ac;move;;;10;5;;;;;;;;;;True;False;False;False;;ok;15996.925479298217;16083.557796073133;16083.557796073133;15228.996646103;188;15228.996646103;3632.1829;-86.63231677491603;Evaluated;18.4368;2.226;64;True;1;
30;2;6;2;normal;1;25407413a9ac;swap;18;23;;;;;;;;;;;;True;False;False;False;;ok;16635.010568163023;16083.557796073133;16083.557796073133;15228.996646103;189;15228.996646103;3654.9743;551.4527720898895;Evaluated;20.3581;2.4297;64;True;2;duplicate_for_same_parent_sequence
30;2;6;3;normal;1;25407413a9ac;move;;;45;35;;;;;;;;;;True;False;False;True;;ok;16337.167432552524;16083.557796073133;16083.557796073133;15228.996646103;190;15228.996646103;3677.9867;253.60963647939025;Evaluated;20.5865;2.4232;64;True;2;duplicate_for_same_parent_sequence
30;2;6;4;normal;1;25407413a9ac;move;;;50;30;;;;;;;;;;True;False;False;True;;ok;16142.46497758882;16083.557796073133;16083.557796073133;15228.996646103;191;15228.996646103;3696.7152;58.90718151568581;Evaluated;16.3015;2.4262;64;True;1;
30;2;6;5;normal;1;25407413a9ac;move;;;15;30;;;;;;;;;;True;False;False;True;;ok;16979.410338432885;16083.557796073133;16083.557796073133;15228.996646103;192;15228.996646103;3715.0076;895.8525423597512;Evaluated;15.8602;2.4294;64;True;1;
30;2;6;;normal;0;;;;;;;;;;;;;;;;;;;;;End-of-iteration summary row;;;15996.925479298217;15228.996646103;192;15228.996646103;3715.0282;;IterationSummary;;;;;;
31;2;7;1;normal;0;4d59c1bc637a;move;;;10;5;;;;;;;;;;True;False;False;False;;ok;17654.756770178014;15996.925479298217;15996.925479298217;15228.996646103;193;15228.996646103;3737.0088;1657.8312908797961;Evaluated;19.5467;2.4257;64;True;1;
31;2;7;2;normal;0;4d59c1bc637a;swap;20;25;;;;;;;;;;;;True;False;False;False;;ok;16596.904329583514;15996.925479298217;15996.925479298217;15228.996646103;194;15228.996646103;3755.8065;599.9788502852971;Evaluated;16.3661;2.4286;64;True;1;
31;2;7;3;normal;0;4d59c1bc637a;reinsert_block;;;;;;;35;40;28;;;;;True;False;False;False;;ok;17596.20370739593;15996.925479298217;15996.925479298217;15228.996646103;195;15228.996646103;3775.063;1599.2782280977117;Evaluated;16.8237;2.4298;64;True;1;
31;2;7;4;normal;0;4d59c1bc637a;move;;;50;35;;;;;;;;;;True;False;False;True;;ok;16297.893496591872;15996.925479298217;15996.925479298217;15228.996646103;196;15228.996646103;3793.8651;300.96801729365507;Evaluated;16.374;2.4251;64;True;1;
31;2;7;5;normal;0;4d59c1bc637a;move;;;5;10;;;;;;;;;;True;False;False;False;;ok;16083.557796073133;15996.925479298217;15996.925479298217;15228.996646103;197;15228.996646103;3812.1602;86.63231677491603;Evaluated;15.8675;2.4248;64;True;1;
31;2;7;;normal;1;;;;;;;;;;;;;;;;;;;;;End-of-iteration summary row;;;15996.925479298217;15228.996646103;197;15228.996646103;3812.1635;;IterationSummary;;;;;;
32;2;8;1;normal;1;4d59c1bc637a;move;;;3;8;;;;;;;;;;True;False;False;False;;ok;17546.69233739745;15996.925479298217;15996.925479298217;15228.996646103;198;15228.996646103;3833.3069;1549.7668580992322;Evaluated;18.6982;2.4275;64;True;1;
32;2;8;2;normal;1;4d59c1bc637a;swap;18;23;;;;;;;;;;;;True;False;False;False;;ok;15999.467490336638;15996.925479298217;15996.925479298217;15228.996646103;199;15228.996646103;3855.4944;2.5420110384202417;Evaluated;19.9581;2.2262;64;True;2;duplicate_for_same_parent_sequence
32;2;8;3;normal;1;4d59c1bc637a;move;;;38;25;;;;;;;;;;True;False;False;True;;ok;15998.200572113192;15996.925479298217;15996.925479298217;15228.996646103;200;15228.996646103;3878.0875;1.275092814974414;Evaluated;20.3672;2.2231;64;True;2;duplicate_for_same_parent_sequence
32;2;8;4;normal;1;4d59c1bc637a;move;;;50;30;;;;;;;;;;True;False;False;True;;ok;16839.280405092875;15996.925479298217;15996.925479298217;15228.996646103;201;15228.996646103;3896.8793;842.3549257946579;Evaluated;16.362;2.4271;64;True;1;
32;2;8;5;normal;1;4d59c1bc637a;move;;;50;28;;;;;;;;;;True;False;False;True;;ok;16456.086977093022;15996.925479298217;15996.925479298217;15228.996646103;202;15228.996646103;3915.6749;459.16149779480475;Evaluated;16.3628;2.4299;64;True;1;
32;2;8;;normal;2;;;;;;;;;;;;;;;;;;;;;End-of-iteration summary row;;;15996.925479298217;15228.996646103;202;15228.996646103;3915.6781;;IterationSummary;;;;;;
33;2;9;1;normal;2;4d59c1bc637a;move;;;8;3;;;;;;;;;;True;False;False;False;;ok;17348.336359576835;15996.925479298217;15996.925479298217;15228.996646103;203;15228.996646103;3940.6396;1351.4108802786177;Evaluated;22.5151;2.4312;64;True;2;duplicate_for_same_parent_sequence
33;2;9;2;normal;2;4d59c1bc637a;move;;;40;25;;;;;;;;;;True;False;False;True;;ok;15927.9028699691;15996.925479298217;15996.925479298217;15228.996646103;204;15228.996646103;3962.8647;-69.02260932911668;Evaluated;19.9959;2.2263;64;True;2;duplicate_for_same_parent_sequence
33;2;9;3;normal;2;4d59c1bc637a;move;;;36;15;;;;;;;;;;True;False;False;True;;ok;18233.066086724582;15996.925479298217;15996.925479298217;15228.996646103;205;15228.996646103;3985.9589;2236.140607426365;Evaluated;20.4645;2.6269;64;True;2;duplicate_for_same_parent_sequence
33;2;9;4;normal;2;4d59c1bc637a;move;;;50;48;;;;;;;;;;True;False;False;False;;ok;15996.302078277373;15996.925479298217;15996.925479298217;15228.996646103;206;15228.996646103;4004.6303;-0.6234010208445397;Evaluated;16.4382;2.2298;64;True;1;
33;2;9;5;normal;2;4d59c1bc637a;move;;;50;27;;;;;;;;;;True;False;False;True;;ok;15996.925479298217;15996.925479298217;15996.925479298217;15228.996646103;207;15228.996646103;4023.0202;0.0;Evaluated;16.1642;2.2251;64;True;1;
33;2;9;;normal;0;;;;;;;;;;;;;;;;;;;;;End-of-iteration summary row;;;15927.9028699691;15228.996646103;207;15228.996646103;4023.0264;;IterationSummary;;;;;;
34;2;10;1;normal;0;aca3addd96ae;move;;;10;5;;;;;;;;;;True;False;False;False;;ok;17745.95748466143;15927.9028699691;15927.9028699691;15228.996646103;208;15228.996646103;4044.8991;1818.0546146923298;Evaluated;19.4391;2.4256;64;True;1;
34;2;10;2;normal;0;aca3addd96ae;swap;18;23;;;;;;;;;;;;True;False;False;False;;ok;16898.68840867859;15927.9028699691;15927.9028699691;15228.996646103;209;15228.996646103;4063.7149;970.7855387094896;Evaluated;16.3853;2.4274;64;True;1;
34;2;10;3;normal;0;aca3addd96ae;reinsert_block;;;;;;;35;40;28;;;;;True;False;False;False;;ok;16861.561616361196;15927.9028699691;15927.9028699691;15228.996646103;210;15228.996646103;4082.8172;933.658746392095;Evaluated;16.6691;2.4301;64;True;1;
34;2;10;4;normal;0;aca3addd96ae;move;;;50;36;;;;;;;;;;True;False;False;True;;ok;16228.790984510766;15927.9028699691;15927.9028699691;15228.996646103;211;15228.996646103;4101.4239;300.88811454166535;Evaluated;16.1741;2.4297;64;True;1;
34;2;10;5;normal;0;aca3addd96ae;move;;;40;35;;;;;;;;;;True;False;False;False;;ok;15922.98133120263;15927.9028699691;15927.9028699691;15228.996646103;212;15228.996646103;4119.7927;-4.921538766469894;Evaluated;16.1331;2.2325;64;True;1;
34;2;10;;normal;0;;;;;;;;;;;;;;;;;;;;;End-of-iteration summary row;;;15922.98133120263;15228.996646103;212;15228.996646103;4119.7992;;IterationSummary;;;;;;
35;2;11;1;normal;0;4be04e92033e;move;;;5;10;;;;;;;;;;True;False;False;False;;ok;16644.48762020345;15922.98133120263;15922.98133120263;15228.996646103;213;15228.996646103;4141.6614;721.5062890008194;Evaluated;19.4317;2.422;64;True;1;
35;2;11;2;normal;0;4be04e92033e;swap;19;25;;;;;;;;;;;;True;False;False;False;;ok;15929.61073636406;15922.98133120263;15922.98133120263;15228.996646103;214;15228.996646103;4160.2885;6.629405161429531;Evaluated;16.3986;2.2277;64;True;1;
35;2;11;3;normal;0;4be04e92033e;reinsert_block;;;;;;;35;40;28;;;;;True;False;False;False;;ok;16821.25546875298;15922.98133120263;15922.98133120263;15228.996646103;215;15228.996646103;4179.7725;898.2741375503501;Evaluated;17.0515;2.4298;64;True;1;
35;2;11;4;normal;0;4be04e92033e;move;;;50;48;;;;;;;;;;True;False;False;False;;ok;15922.98133120263;15922.98133120263;15922.98133120263;15228.996646103;216;15228.996646103;4198.4265;0.0;Evaluated;16.4232;2.2279;64;True;1;
35;2;11;5;normal;0;4be04e92033e;move;;;25;30;;;;;;;;;;True;False;False;False;;ok;16461.652676170746;15922.98133120263;15922.98133120263;15228.996646103;217;15228.996646103;4217.0219;538.6713449681156;Evaluated;16.1619;2.432;64;True;1;
35;2;11;;normal;1;;;;;;;;;;;;;;;;;;;;;End-of-iteration summary row;;;15922.98133120263;15228.996646103;217;15228.996646103;4217.0225;;IterationSummary;;;;;;
36;2;12;1;normal;1;4be04e92033e;move;;;7;12;;;;;;;;;;True;False;False;False;;ok;15927.744023155938;15922.98133120263;15922.98133120263;15228.996646103;218;15228.996646103;4238.0764;4.762691953306785;Evaluated;18.8198;2.2287;64;True;1;
36;2;12;2;normal;1;4be04e92033e;swap;20;25;;;;;;;;;;;;True;False;False;False;;ok;16780.263545546168;15922.98133120263;15922.98133120263;15228.996646103;219;15228.996646103;4256.8701;857.2822143435369;Evaluated;16.3669;2.4242;64;True;1;
36;2;12;3;normal;1;4be04e92033e;reinsert_block;;;;;;;36;40;28;;;;;True;False;False;True;;ok;16830.246361039142;15922.98133120263;15922.98133120263;15228.996646103;220;15228.996646103;4275.9679;907.2650298365115;Evaluated;16.6686;2.4286;64;True;1;
36;2;12;4;normal;1;4be04e92033e;move;;;50;36;;;;;;;;;;True;False;False;True;;ok;16231.635240062005;15922.98133120263;15922.98133120263;15228.996646103;221;15228.996646103;4295.0234;308.6539088593745;Evaluated;16.627;2.4258;64;True;1;
36;2;12;5;normal;1;4be04e92033e;move;;;40;25;;;;;;;;;;True;False;False;True;;ok;15939.565685431446;15922.98133120263;15922.98133120263;15228.996646103;222;15228.996646103;4313.3606;16.584354228814846;Evaluated;16.1126;2.2221;64;True;1;
36;2;12;;normal;2;;;;;;;;;;;;;;;;;;;;;End-of-iteration summary row;;;15922.98133120263;15228.996646103;222;15228.996646103;4313.3634;;IterationSummary;;;;;;
37;2;13;1;normal;2;4be04e92033e;move;;;8;3;;;;;;;;;;True;False;False;False;;ok;17452.989603334245;15922.98133120263;15922.98133120263;15228.996646103;223;15228.996646103;4334.5977;1530.008272131614;Evaluated;18.7887;2.4295;64;True;1;
37;2;13;2;normal;2;4be04e92033e;swap;17;28;;;;;;;;;;;;True;False;False;False;;ok;17512.915054829286;15922.98133120263;15922.98133120263;15228.996646103;224;15228.996646103;4357.1721;1589.9337236266547;Evaluated;20.1438;2.4277;64;True;2;duplicate_for_same_parent_sequence
37;2;13;3;normal;2;4be04e92033e;move;;;50;30;;;;;;;;;;True;False;False;True;;ok;15949.58322845839;15922.98133120263;15922.98133120263;15228.996646103;225;15228.996646103;4380.082;26.601897255759468;Evaluated;20.6803;2.2263;64;True;2;duplicate_for_same_parent_sequence
37;2;13;4;normal;2;4be04e92033e;move;;;36;20;;;;;;;;;;True;False;False;True;;ok;16431.64900968657;15922.98133120263;15922.98133120263;15228.996646103;226;15228.996646103;4402.5752;508.6676784839401;Evaluated;20.0628;2.4273;64;True;2;duplicate_for_same_parent_sequence
37;2;13;5;normal;2;4be04e92033e;move;;;40;28;;;;;;;;;;True;False;False;True;;ok;15923.702141041756;15922.98133120263;15922.98133120263;15228.996646103;227;15228.996646103;4420.9546;0.7208098391256499;Evaluated;16.1461;2.23;64;True;1;
37;2;13;;normal;3;;;;;;;;;;;;;;;;;;;;;End-of-iteration summary row;;;15922.98133120263;15228.996646103;227;15228.996646103;4420.9579;;IterationSummary;;;;;;
38;2;14;1;diversification;3;4be04e92033e;move;;;25;10;;;;;;;;;;True;False;False;True;;ok;17281.405926232786;15922.98133120263;15922.98133120263;15228.996646103;228;15228.996646103;4443.1923;1358.4245950301556;Evaluated;19.7912;2.4257;64;True;1;
38;2;14;2;diversification;3;4be04e92033e;reinsert_block;;;;;;;25;30;16;;;;;True;False;False;True;;ok;16380.433071293217;15922.98133120263;15922.98133120263;15228.996646103;229;15228.996646103;4462.7389;457.4517400905861;Evaluated;17.1111;2.4346;64;True;1;
38;2;14;3;diversification;3;4be04e92033e;swap;32;47;;;;;;;;;;;;True;False;False;True;;ok;15743.959457762356;15922.98133120263;15922.98133120263;15228.996646103;230;15228.996646103;4481.9739;-179.02187344027516;Evaluated;16.9957;2.2366;64;True;1;
38;2;14;4;diversification;3;4be04e92033e;move;;;62;49;;;;;;;;;;True;False;False;True;;ok;15858.028184979205;15922.98133120263;15922.98133120263;15228.996646103;231;15228.996646103;4504.5427;-64.9531462234263;Evaluated;20.3344;2.2308;64;True;2;duplicate_for_same_parent_sequence
38;2;14;5;diversification;3;4be04e92033e;move;;;30;45;;;;;;;;;;True;False;False;True;;ok;15923.7723897147;15922.98133120263;15922.98133120263;15228.996646103;232;15228.996646103;4526.8166;0.791058512069867;Evaluated;20.0489;2.2219;64;True;2;duplicate_for_same_parent_sequence
38;2;14;6;diversification;3;4be04e92033e;move;;;45;32;;;;;;;;;;True;False;False;True;;ok;16707.63255021732;15922.98133120263;15922.98133120263;15228.996646103;233;15228.996646103;4546.0514;784.6512190146896;Evaluated;16.8061;2.4257;64;True;1;
38;2;14;7;diversification;3;4be04e92033e;move;;;15;30;;;;;;;;;;True;False;False;True;;ok;16400.665689233465;15922.98133120263;15922.98133120263;15228.996646103;234;15228.996646103;4564.8668;477.6843580308341;Evaluated;16.386;2.4265;64;True;1;
38;2;14;8;diversification;3;4be04e92033e;move;;;10;25;;;;;;;;;;True;False;False;True;;ok;15987.973753992053;15922.98133120263;15922.98133120263;15228.996646103;235;15228.996646103;4583.6689;64.99242278942256;Evaluated;16.5725;2.2265;64;True;1;
38;2;14;9;diversification;3;4be04e92033e;move;;;28;35;;;;;;;;;;True;False;False;False;;ok;16165.559891912539;15922.98133120263;15922.98133120263;15228.996646103;236;15228.996646103;4602.8045;242.57856070990783;Evaluated;16.7047;2.4302;64;True;1;
38;2;14;10;diversification;3;4be04e92033e;move;;;50;42;;;;;;;;;;True;False;False;False;;ok;16235.958100220883;15922.98133120263;15922.98133120263;15228.996646103;237;15228.996646103;4621.802;312.9767690182525;Evaluated;16.5612;2.4338;64;True;1;
38;2;14;;diversification;0;;;;;;;;;;;;;;;;;;;;;End-of-iteration summary row;;;15743.959457762356;15228.996646103;237;15228.996646103;4621.815;;IterationSummary;;;;;;
39;2;15;1;normal;0;d4e3fcbe61b8;move;;;2;5;;;;;;;;;;True;False;False;False;;ok;17221.31344516368;15743.959457762356;15743.959457762356;15228.996646103;238;15228.996646103;4644.243;1477.353987401324;Evaluated;19.986;2.435;64;True;1;
39;2;15;2;normal;0;d4e3fcbe61b8;swap;20;21;;;;;;;;;;;;True;False;False;False;;ok;16733.414720287434;15743.959457762356;15743.959457762356;15228.996646103;239;15228.996646103;4663.1155;989.4552625250781;Evaluated;16.4434;2.4263;64;True;1;
39;2;15;3;normal;0;d4e3fcbe61b8;reinsert_block;;;;;;;35;40;28;;;;;True;False;False;False;;ok;16796.42750804468;15743.959457762356;15743.959457762356;15228.996646103;240;15228.996646103;4682.6694;1052.468050282323;Evaluated;17.1245;2.4262;64;True;1;
39;2;15;4;normal;0;d4e3fcbe61b8;move;;;48;50;;;;;;;;;;True;False;False;False;;ok;16043.341628316877;15743.959457762356;15743.959457762356;15228.996646103;241;15228.996646103;4701.3737;299.3821705545215;Evaluated;16.4757;2.2261;64;True;1;
39;2;15;5;normal;0;d4e3fcbe61b8;move;;;20;35;;;;;;;;;;True;False;False;True;;ok;17147.5539692497;15743.959457762356;15743.959457762356;15228.996646103;242;15228.996646103;4719.9967;1403.5945114873448;Evaluated;16.1977;2.4246;64;True;1;
39;2;15;;normal;1;;;;;;;;;;;;;;;;;;;;;End-of-iteration summary row;;;15743.959457762356;15228.996646103;242;15228.996646103;4719.9974;;IterationSummary;;;;;;
40;2;16;1;normal;1;d4e3fcbe61b8;move;;;5;10;;;;;;;;;;True;False;False;False;;ok;16633.82813429873;15743.959457762356;15743.959457762356;15228.996646103;243;15228.996646103;4741.6407;889.8686765363727;Evaluated;19.2018;2.4364;64;True;1;
40;2;16;2;normal;1;d4e3fcbe61b8;swap;25;26;;;;;;;;;;;;True;False;False;False;;ok;15745.652807807057;15743.959457762356;15743.959457762356;15228.996646103;244;15228.996646103;4760.2809;1.6933500447012193;Evaluated;16.4128;2.2245;64;True;1;
40;2;16;3;normal;1;d4e3fcbe61b8;move;;;15;30;;;;;;;;;;True;False;False;True;;ok;17148.392090500492;15743.959457762356;15743.959457762356;15228.996646103;245;15228.996646103;4783.0736;1404.4326327381368;Evaluated;20.3561;2.4348;64;True;2;duplicate_for_same_parent_sequence
40;2;16;4;normal;1;d4e3fcbe61b8;move;;;50;42;;;;;;;;;;True;False;False;False;;ok;16037.07895837501;15743.959457762356;15743.959457762356;15228.996646103;246;15228.996646103;4801.5237;293.1195006126545;Evaluated;16.2104;2.2365;64;True;1;
40;2;16;5;normal;1;d4e3fcbe61b8;move;;;28;45;;;;;;;;;;True;False;False;True;;ok;16700.278832735756;15743.959457762356;15743.959457762356;15228.996646103;247;15228.996646103;4823.705;956.3193749734;Evaluated;19.7458;2.4325;64;True;2;duplicate_for_same_parent_sequence
40;2;16;;normal;2;;;;;;;;;;;;;;;;;;;;;End-of-iteration summary row;;;15743.959457762356;15228.996646103;247;15228.996646103;4823.7083;;IterationSummary;;;;;;
41;2;17;1;normal;2;d4e3fcbe61b8;move;;;3;8;;;;;;;;;;True;False;False;False;;ok;17658.819259568438;15743.959457762356;15743.959457762356;15228.996646103;248;15228.996646103;4845.6283;1914.859801806082;Evaluated;19.4717;2.4358;64;True;1;
41;2;17;2;normal;2;d4e3fcbe61b8;swap;17;20;;;;;;;;;;;;True;False;False;False;;ok;16762.065016333792;15743.959457762356;15743.959457762356;15228.996646103;249;15228.996646103;4864.6632;1018.1055585714366;Evaluated;16.5997;2.4345;64;True;1;
41;2;17;3;normal;2;d4e3fcbe61b8;reinsert_block;;;;;;;35;40;28;;;;;False;True;False;;;ok;;15743.959457762356;15743.959457762356;15228.996646103;249;15228.996646103;4889.5073;;DuplicateForSameParentSequenceAfterRetries;24.8408;;;;3;duplicate_for_same_parent_sequence
41;2;17;4;normal;2;d4e3fcbe61b8;move;;;40;28;;;;;;;;;;True;False;False;True;;ok;16050.886568273258;15743.959457762356;15743.959457762356;15228.996646103;250;15228.996646103;4908.1658;306.9271105109019;Evaluated;16.4259;2.2315;64;True;1;
41;2;17;5;normal;2;d4e3fcbe61b8;move;;;10;25;;;;;;;;;;True;False;False;True;;ok;16639.953313526472;15743.959457762356;15743.959457762356;15228.996646103;251;15228.996646103;4926.8073;895.9938557641162;Evaluated;16.2118;2.4268;64;True;1;
41;2;17;;normal;3;;;;;;;;;;;;;;;;;;;;;End-of-iteration summary row;;;15743.959457762356;15228.996646103;251;15228.996646103;4926.8082;;IterationSummary;;;;;;
42;2;18;1;diversification;3;d4e3fcbe61b8;move;;;8;20;;;;;;;;;;True;False;False;True;;ok;15714.973570890183;15743.959457762356;15743.959457762356;15228.996646103;252;15228.996646103;4952.4227;-28.98588687217307;Evaluated;23.3786;2.2298;64;True;2;duplicate_for_same_parent_sequence
42;2;18;2;diversification;3;d4e3fcbe61b8;reinsert_block;;;;;;;20;25;10;;;;;True;False;False;True;;ok;16898.099759519842;15743.959457762356;15743.959457762356;15228.996646103;253;15228.996646103;4972.0177;1154.1403017574867;Evaluated;17.1647;2.4271;64;True;1;
42;2;18;3;diversification;3;d4e3fcbe61b8;swap;35;42;;;;;;;;;;;;True;False;False;False;;ok;16058.300812844744;15743.959457762356;15743.959457762356;15228.996646103;254;15228.996646103;4991.0193;314.34135508238796;Evaluated;16.7692;2.2291;64;True;1;
42;2;18;4;diversification;3;d4e3fcbe61b8;move;;;50;48;;;;;;;;;;True;False;False;False;;ok;15739.41367069296;15743.959457762356;15743.959457762356;15228.996646103;255;15228.996646103;5010.0653;-4.545787069395374;EvaluatedImprovementDespiteDiversificationMismatch;16.8091;2.234;64;True;1;
42;2;18;5;diversification;3;d4e3fcbe61b8;move;;;25;40;;;;;;;;;;True;False;False;True;;ok;16248.190229570093;15743.959457762356;15743.959457762356;15228.996646103;256;15228.996646103;5033.1734;504.23077180773726;Evaluated;20.6736;2.4314;64;True;2;duplicate_for_same_parent_sequence
42;2;18;6;diversification;3;d4e3fcbe61b8;move;;;50;28;;;;;;;;;;True;False;False;True;;ok;15770.102310059756;15743.959457762356;15743.959457762356;15228.996646103;257;15228.996646103;5052.3422;26.142852297400168;Evaluated;16.9405;2.2257;64;True;1;
42;2;18;7;diversification;3;d4e3fcbe61b8;move;;;25;30;;;;;;;;;;True;False;False;False;;ok;16649.536234774154;15743.959457762356;15743.959457762356;15228.996646103;258;15228.996646103;5071.269;905.5767770117982;Evaluated;16.4988;2.4254;64;True;1;
42;2;18;8;diversification;3;d4e3fcbe61b8;move;;;25;10;;;;;;;;;;True;False;False;True;;ok;17281.601149529633;15743.959457762356;15743.959457762356;15228.996646103;259;15228.996646103;5090.5114;1537.6416917672777;Evaluated;16.8121;2.427;64;True;1;
42;2;18;9;diversification;3;d4e3fcbe61b8;move;;;18;26;;;;;;;;;;True;False;False;False;;ok;16901.65376717879;15743.959457762356;15743.959457762356;15228.996646103;260;15228.996646103;5113.3279;1157.6943094164326;Evaluated;20.3861;2.4277;64;True;2;duplicate_for_same_parent_sequence
42;2;18;10;diversification;3;d4e3fcbe61b8;move;;;45;30;;;;;;;;;;True;False;False;True;;ok;16715.47038448727;15743.959457762356;15743.959457762356;15228.996646103;261;15228.996646103;5136.3398;971.5109267249154;Evaluated;20.5809;2.4284;64;True;2;duplicate_for_same_parent_sequence
42;2;18;;diversification;0;;;;;;;;;;;;;;;;;;;;;End-of-iteration summary row;;;15714.973570890183;15228.996646103;261;15228.996646103;5136.3559;;IterationSummary;;;;;;
43;2;19;1;normal;0;818f3b8f0a19;move;;;8;20;;;;;;;;;;True;False;False;True;;ok;16053.721113737984;15714.973570890183;15714.973570890183;15228.996646103;262;15228.996646103;5159.2102;338.747542847801;Evaluated;20.6152;2.2316;64;True;1;
43;2;19;2;normal;0;818f3b8f0a19;swap;20;21;;;;;;;;;;;;True;False;False;False;;ok;16130.923414372839;15714.973570890183;15714.973570890183;15228.996646103;263;15228.996646103;5178.2073;415.94984348265643;Evaluated;16.5606;2.4339;64;True;1;
43;2;19;3;normal;0;818f3b8f0a19;reinsert_block;;;;;;;35;40;28;;;;;True;False;False;False;;ok;16788.546130653685;15714.973570890183;15714.973570890183;15228.996646103;264;15228.996646103;5197.4488;1073.5725597635028;Evaluated;16.8049;2.4336;64;True;1;
43;2;19;4;normal;0;818f3b8f0a19;move;;;50;48;;;;;;;;;;True;False;False;False;;ok;15716.879450624741;15714.973570890183;15714.973570890183;15228.996646103;265;15228.996646103;5216.2102;1.9058797345587664;Evaluated;16.527;2.2317;64;True;1;
43;2;19;5;normal;0;818f3b8f0a19;move;;;40;15;;;;;;;;;;True;False;False;True;;ok;15790.421920693101;15714.973570890183;15714.973570890183;15228.996646103;266;15228.996646103;5234.9313;75.44834980291853;Evaluated;16.4832;2.2351;64;True;1;
43;2;19;;normal;1;;;;;;;;;;;;;;;;;;;;;End-of-iteration summary row;;;15714.973570890183;15228.996646103;266;15228.996646103;5234.935;;IterationSummary;;;;;;
44;2;20;1;normal;1;818f3b8f0a19;move;;;5;10;;;;;;;;;;True;False;False;False;;ok;17078.81353529483;15714.973570890183;15714.973570890183;15228.996646103;267;15228.996646103;5257.2881;1363.8399644046476;Evaluated;19.9145;2.4296;64;True;1;
44;2;20;2;normal;1;818f3b8f0a19;move;;;30;35;;;;;;;;;;True;False;False;False;;ok;15654.481174536097;15714.973570890183;15714.973570890183;15228.996646103;268;15228.996646103;5280.006;-60.49239635408594;Evaluated;20.4825;2.2327;64;True;2;duplicate_for_same_parent_sequence
44;2;20;3;normal;1;818f3b8f0a19;move;;;37;18;;;;;;;;;;True;False;False;True;;ok;16913.39877484939;15714.973570890183;15714.973570890183;15228.996646103;269;15228.996646103;5302.671;1198.4252039592066;Evaluated;20.2297;2.4347;64;True;2;duplicate_for_same_parent_sequence
44;2;20;4;normal;1;818f3b8f0a19;move;;;50;28;;;;;;;;;;True;False;False;True;;ok;16116.771616277842;15714.973570890183;15714.973570890183;15228.996646103;270;15228.996646103;5321.885;401.79804538765893;Evaluated;16.7833;2.4275;64;True;1;
44;2;20;5;normal;1;818f3b8f0a19;move;;;25;30;;;;;;;;;;True;False;False;False;;ok;16469.336276122085;15714.973570890183;15714.973570890183;15228.996646103;271;15228.996646103;5340.7454;754.3627052319025;Evaluated;16.4169;2.4407;64;True;1;
44;2;20;;normal;0;;;;;;;;;;;;;;;;;;;;;End-of-iteration summary row;;;15654.481174536097;15228.996646103;271;15228.996646103;5340.7629;;IterationSummary;;;;;;
45;2;21;1;normal;0;38f1612230e7;move;;;10;5;;;;;;;;;;True;False;False;False;;ok;15674.572466593805;15654.481174536097;15654.481174536097;15228.996646103;272;15228.996646103;5363.9518;20.091292057708415;Evaluated;20.9539;2.2293;64;True;1;
45;2;21;2;normal;0;38f1612230e7;swap;20;21;;;;;;;;;;;;True;False;False;False;;ok;16131.109965087824;15654.481174536097;15654.481174536097;15228.996646103;273;15228.996646103;5383.072;476.62879055172743;Evaluated;16.6921;2.4273;64;True;1;
45;2;21;3;normal;0;38f1612230e7;reinsert_block;;;;;;;35;40;28;;;;;True;False;False;False;;ok;16692.713024721157;15654.481174536097;15654.481174536097;15228.996646103;274;15228.996646103;5402.4773;1038.2318501850605;Evaluated;16.9702;2.4325;64;True;1;
45;2;21;4;normal;0;38f1612230e7;move;;;50;48;;;;;;;;;;True;False;False;False;;ok;15652.711916615877;15654.481174536097;15654.481174536097;15228.996646103;275;15228.996646103;5421.6257;-1.7692579202193883;Evaluated;16.9201;2.2272;64;True;1;
45;2;21;5;normal;0;38f1612230e7;move;;;20;35;;;;;;;;;;True;False;False;True;;ok;15627.936411111832;15654.481174536097;15654.481174536097;15228.996646103;276;15228.996646103;5440.2217;-26.544763424264602;Evaluated;16.3699;2.2237;64;True;1;
45;2;21;;normal;0;;;;;;;;;;;;;;;;;;;;;End-of-iteration summary row;;;15627.936411111832;15228.996646103;276;15228.996646103;5440.2392;;IterationSummary;;;;;;
46;2;22;1;normal;0;e20fc609a382;move;;;10;5;;;;;;;;;;True;False;False;False;;ok;15684.899271180071;15627.936411111832;15627.936411111832;15228.996646103;277;15228.996646103;5463.2469;56.962860068239024;Evaluated;20.7714;2.2303;64;True;1;
46;2;22;2;normal;0;e20fc609a382;swap;20;21;;;;;;;;;;;;True;False;False;False;;ok;16666.838990445485;15627.936411111832;15627.936411111832;15228.996646103;278;15228.996646103;5482.1997;1038.9025793336532;Evaluated;16.5217;2.4283;64;True;1;
46;2;22;3;normal;0;e20fc609a382;reinsert_block;;;;;;;35;40;28;;;;;True;False;False;False;;ok;18165.602030640148;15627.936411111832;15627.936411111832;15228.996646103;279;15228.996646103;5501.6859;2537.665619528316;Evaluated;16.8539;2.6297;64;True;1;
46;2;22;4;normal;0;e20fc609a382;move;;;50;28;;;;;;;;;;True;False;False;True;;ok;16378.811437783583;15627.936411111832;15627.936411111832;15228.996646103;280;15228.996646103;5520.6341;750.8750266717507;Evaluated;16.5153;2.43;64;True;1;
46;2;22;5;normal;0;e20fc609a382;move;;;25;30;;;;;;;;;;True;False;False;False;;ok;16711.868016270466;15627.936411111832;15627.936411111832;15228.996646103;281;15228.996646103;5539.176;1083.9316051586338;Evaluated;16.1121;2.4269;64;True;1;
46;2;22;;normal;1;;;;;;;;;;;;;;;;;;;;;End-of-iteration summary row;;;15627.936411111832;15228.996646103;281;15228.996646103;5539.1787;;IterationSummary;;;;;;
47;2;23;1;normal;1;e20fc609a382;move;;;8;3;;;;;;;;;;True;False;False;False;;ok;17452.54957184908;15627.936411111832;15627.936411111832;15228.996646103;282;15228.996646103;5564.7406;1824.6131607372463;Evaluated;23.1203;2.4267;64;True;2;duplicate_for_same_parent_sequence
47;2;23;2;normal;1;e20fc609a382;swap;30;31;;;;;;;;;;;;True;False;False;False;;ok;15961.276536859272;15627.936411111832;15627.936411111832;15228.996646103;283;15228.996646103;5587.2712;333.34012574743974;Evaluated;20.2985;2.2315;64;True;2;duplicate_for_same_parent_sequence
47;2;23;3;normal;1;e20fc609a382;move;;;15;30;;;;;;;;;;True;False;False;True;;ok;17306.341365080338;15627.936411111832;15627.936411111832;15228.996646103;284;15228.996646103;5610.0986;1678.4049539685057;Evaluated;20.3983;2.426;64;True;2;duplicate_for_same_parent_sequence
47;2;23;4;normal;1;e20fc609a382;move;;;48;30;;;;;;;;;;True;False;False;True;;ok;16263.878259900257;15627.936411111832;15627.936411111832;15228.996646103;285;15228.996646103;5632.8497;635.941848788425;Evaluated;20.3203;2.4286;64;True;2;duplicate_for_same_parent_sequence
47;2;23;5;normal;1;e20fc609a382;move;;;40;15;;;;;;;;;;True;False;False;True;;ok;16857.41629680339;15627.936411111832;15627.936411111832;15228.996646103;286;15228.996646103;5654.8062;1229.4798856915568;Evaluated;19.524;2.4299;64;True;2;duplicate_for_same_parent_sequence
47;2;23;;normal;2;;;;;;;;;;;;;;;;;;;;;End-of-iteration summary row;;;15627.936411111832;15228.996646103;286;15228.996646103;5654.809;;IterationSummary;;;;;;
48;2;24;1;normal;2;e20fc609a382;move;;;20;5;;;;;;;;;;True;False;False;True;;ok;16649.319051514867;15627.936411111832;15627.936411111832;15228.996646103;287;15228.996646103;5683.8175;1021.3826404030351;Evaluated;26.5677;2.4275;64;True;3;duplicate_for_same_parent_sequence
48;2;24;2;normal;2;e20fc609a382;swap;17;20;;;;;;;;;;;;True;False;False;False;;ok;17783.098280851606;15627.936411111832;15627.936411111832;15228.996646103;288;15228.996646103;5710.3606;2155.1618697397735;Evaluated;24.1111;2.4293;64;True;3;duplicate_for_same_parent_sequence
48;2;24;3;normal;2;e20fc609a382;reinsert_block;;;;;;;35;40;28;;;;;False;True;False;;;ok;;15627.936411111832;15627.936411111832;15228.996646103;288;15228.996646103;5735.2925;;DuplicateForSameParentSequenceAfterRetries;24.9292;;;;3;duplicate_for_same_parent_sequence
48;2;24;4;normal;2;e20fc609a382;move;;;50;48;;;;;;;;;;True;False;False;False;;ok;15631.799578913024;15627.936411111832;15627.936411111832;15228.996646103;289;15228.996646103;5753.9877;3.8631678011915938;Evaluated;16.4626;2.2316;64;True;1;
48;2;24;5;normal;2;e20fc609a382;move;;;18;3;;;;;;;;;;True;False;False;True;;ok;17375.46456170659;15627.936411111832;15627.936411111832;15228.996646103;290;15228.996646103;5776.4416;1747.5281505947587;Evaluated;20.0252;2.4259;64;True;2;duplicate_for_same_parent_sequence
48;2;24;;normal;3;;;;;;;;;;;;;;;;;;;;;End-of-iteration summary row;;;15627.936411111832;15228.996646103;290;15228.996646103;5776.4444;;IterationSummary;;;;;;
49;2;25;1;diversification;3;e20fc609a382;move;;;15;40;;;;;;;;;;True;False;False;True;;ok;17300.169622623795;15627.936411111832;15627.936411111832;15228.996646103;291;15228.996646103;5805.7729;1672.2332115119625;Evaluated;26.89;2.4296;64;True;3;duplicate_for_same_parent_sequence
49;2;25;2;diversification;3;e20fc609a382;reinsert_block;;;;;;;25;30;16;;;;;True;False;False;True;;ok;16035.640155498484;15627.936411111832;15627.936411111832;15228.996646103;292;15228.996646103;5825.1348;407.70374438665203;Evaluated;17.1342;2.2247;64;True;1;
49;2;25;3;diversification;3;e20fc609a382;swap;34;37;;;;;;;;;;;;True;False;False;False;;ok;16377.645863465737;15627.936411111832;15627.936411111832;15228.996646103;293;15228.996646103;5844.3256;749.7094523539054;Evaluated;16.7557;2.4343;64;True;1;
49;2;25;4;diversification;3;e20fc609a382;reinsert_block;;;;;;;50;61;20;;;;;True;False;False;True;;ok;17436.003881304365;15627.936411111832;15627.936411111832;15228.996646103;294;15228.996646103;5867.4601;1808.0674701925327;Evaluated;20.7061;2.4254;64;True;2;duplicate_for_same_parent_sequence
49;2;25;5;diversification;3;e20fc609a382;move;;;25;10;;;;;;;;;;True;False;False;True;;ok;17360.6133595091;15627.936411111832;15627.936411111832;15228.996646103;295;15228.996646103;5886.5371;1732.6769483972694;Evaluated;16.6478;2.4272;64;True;1;
49;2;25;6;diversification;3;e20fc609a382;move;;;45;38;;;;;;;;;;True;False;False;False;;ok;16793.847963467873;15627.936411111832;15627.936411111832;15228.996646103;296;15228.996646103;5905.7692;1165.9115523560413;Evaluated;16.805;2.4246;64;True;1;
49;2;25;7;diversification;3;e20fc609a382;move;;;30;40;;;;;;;;;;True;False;False;True;;ok;15725.766130273232;15627.936411111832;15627.936411111832;15228.996646103;297;15228.996646103;5928.2745;97.82971916140013;Evaluated;20.2758;2.2268;64;True;2;duplicate_for_same_parent_sequence
49;2;25;8;diversification;3;e20fc609a382;move;;;8;3;;;;;;;;;;False;True;False;;;ok;;15627.936411111832;15627.936411111832;15228.996646103;297;15228.996646103;5952.5974;;DuplicateForSameParentSequenceAfterRetries;24.3197;;;;3;duplicate_for_same_parent_sequence
49;2;25;9;diversification;3;e20fc609a382;move;;;38;15;;;;;;;;;;True;False;False;True;;ok;18071.195033127253;15627.936411111832;15627.936411111832;15228.996646103;298;15228.996646103;5975.6863;2443.2586220154208;Evaluated;20.4596;2.6283;64;True;2;duplicate_for_same_parent_sequence
49;2;25;10;diversification;3;e20fc609a382;move;;;45;30;;;;;;;;;;True;False;False;True;;ok;16919.579775829035;15627.936411111832;15627.936411111832;15228.996646103;299;15228.996646103;5994.983;1291.6433647172034;Evaluated;16.8653;2.4282;64;True;1;
49;2;25;;diversification;4;;;;;;;;;;;;;;;;;;;;;End-of-iteration summary row;;;15627.936411111832;15228.996646103;299;15228.996646103;5994.9858;;IterationSummary;;;;;;
50;2;26;1;diversification;4;e20fc609a382;move;;;18;5;;;;;;;;;;True;False;False;True;;ok;17163.642851841912;15627.936411111832;15627.936411111832;15228.996646103;300;15228.996646103;6024.5634;1535.7064407300804;Evaluated;27.1293;2.4291;64;True;3;duplicate_for_same_parent_sequence
50;2;26;2;diversification;4;e20fc609a382;move;;;28;40;;;;;;;;;;True;False;False;True;;ok;16204.248549074367;15627.936411111832;15627.936411111832;15228.996646103;301;15228.996646103;6047.8669;576.3121379625354;Evaluated;20.8764;2.426;64;True;2;duplicate_for_same_parent_sequence
50;2;26;3;diversification;4;e20fc609a382;swap;41;37;;;;;;;;;;;;True;False;False;False;;ok;16542.01670324618;15627.936411111832;15627.936411111832;15228.996646103;302;15228.996646103;6067.1281;914.0802921343475;Evaluated;16.8299;2.4283;64;True;1;
50;2;26;4;diversification;4;e20fc609a382;move;;;48;10;;;;;;;;;;True;False;False;True;;ok;17814.48153463197;15627.936411111832;15627.936411111832;15228.996646103;303;15228.996646103;6090.2678;2186.545123520138;Evaluated;20.7115;2.4255;64;True;2;duplicate_for_same_parent_sequence
50;2;26;5;diversification;4;e20fc609a382;move;;;18;35;;;;;;;;;;True;False;False;True;;ok;16254.267429118538;15627.936411111832;15627.936411111832;15228.996646103;304;15228.996646103;6113.2174;626.3310180067056;Evaluated;20.5183;2.4283;64;True;2;duplicate_for_same_parent_sequence
50;2;26;6;diversification;4;e20fc609a382;move;;;20;35;;;;;;;;;;True;False;False;True;;ok;16620.042675094497;15627.936411111832;15627.936411111832;15228.996646103;305;15228.996646103;6132.6038;992.106263982665;Evaluated;16.9561;2.4277;64;True;1;
50;2;26;7;diversification;4;e20fc609a382;move;;;20;45;;;;;;;;;;True;False;False;True;;ok;17008.96833256869;15627.936411111832;15627.936411111832;15228.996646103;306;15228.996646103;6151.5625;1381.0319214568572;Evaluated;16.5258;2.4296;64;True;1;
50;2;26;8;diversification;4;e20fc609a382;move;;;20;3;;;;;;;;;;True;False;False;True;;ok;17007.50068444077;15627.936411111832;15627.936411111832;15228.996646103;307;15228.996646103;6174.4099;1379.564273328937;Evaluated;20.4171;2.4277;64;True;2;duplicate_for_same_parent_sequence
50;2;26;9;diversification;4;e20fc609a382;move;;;34;18;;;;;;;;;;True;False;False;True;;ok;15624.954675378844;15627.936411111832;15627.936411111832;15228.996646103;308;15228.996646103;6197.1275;-2.9817357329884544;Evaluated;20.4919;2.2222;64;True;2;duplicate_for_same_parent_sequence
50;2;26;10;diversification;4;e20fc609a382;move;;;50;20;;;;;;;;;;True;False;False;True;;ok;16851.30442822371;15627.936411111832;15627.936411111832;15228.996646103;309;15228.996646103;6216.4729;1223.3680171118776;Evaluated;16.9188;2.4241;64;True;1;
50;2;26;;diversification;0;;;;;;;;;;;;;;;;;;;;;End-of-iteration summary row;;;15624.954675378844;15228.996646103;309;15228.996646103;6216.4916;;IterationSummary;;;;;;
51;2;27;1;normal;0;46238d227a7b;move;;;10;5;;;;;;;;;;True;False;False;False;;ok;15733.63113886709;15624.954675378844;15624.954675378844;15228.996646103;310;15228.996646103;6239.246;108.67646348824564;Evaluated;20.5191;2.2296;64;True;1;
51;2;27;2;normal;0;46238d227a7b;swap;18;20;;;;;;;;;;;;True;False;False;False;;ok;17107.150769443346;15624.954675378844;15624.954675378844;15228.996646103;311;15228.996646103;6258.4329;1482.1960940645022;Evaluated;16.7596;2.4241;64;True;1;
51;2;27;3;normal;0;46238d227a7b;reinsert_block;;;;;;;34;40;25;;;;;True;False;False;True;;ok;16832.35795616887;15624.954675378844;15624.954675378844;15228.996646103;312;15228.996646103;6277.6576;1207.4032807900276;Evaluated;16.7952;2.4269;64;True;1;
51;2;27;4;normal;0;46238d227a7b;move;;;50;48;;;;;;;;;;True;False;False;False;;ok;15624.943238302601;15624.954675378844;15624.954675378844;15228.996646103;313;15228.996646103;6296.3769;-0.01143707624214585;Evaluated;16.4886;2.228;64;True;1;
51;2;27;5;normal;0;46238d227a7b;move;;;20;15;;;;;;;;;;True;False;False;False;;ok;16999.90687715378;15624.954675378844;15624.954675378844;15228.996646103;314;15228.996646103;6315.0785;1374.952201774935;Evaluated;16.2693;2.4296;64;True;1;
51;2;27;;normal;0;;;;;;;;;;;;;;;;;;;;;End-of-iteration summary row;;;15624.943238302601;15228.996646103;314;15228.996646103;6315.0872;;IterationSummary;;;;;;
52;2;28;1;normal;0;a11b5afa2614;move;;;10;5;;;;;;;;;;True;False;False;False;;ok;15748.8991747231;15624.943238302601;15624.943238302601;15228.996646103;315;15228.996646103;6337.3261;123.95593642049789;Evaluated;20.0084;2.223;64;True;1;
52;2;28;2;normal;0;a11b5afa2614;swap;20;21;;;;;;;;;;;;True;False;False;False;;ok;16055.84146568925;15624.943238302601;15624.943238302601;15228.996646103;316;15228.996646103;6356.0259;430.8982273866477;Evaluated;16.4693;2.2277;64;True;1;
52;2;28;3;normal;0;a11b5afa2614;reinsert_block;;;;;;;34;38;25;;;;;True;False;False;True;;ok;16874.090724128222;15624.943238302601;15624.943238302601;15228.996646103;317;15228.996646103;6375.6984;1249.1474858256206;Evaluated;17.2318;2.437;64;True;1;
52;2;28;4;normal;0;a11b5afa2614;move;;;50;48;;;;;;;;;;True;False;False;False;;ok;15422.945736689428;15624.943238302601;15624.943238302601;15228.996646103;318;15228.996646103;6394.3807;-201.99750161317388;Evaluated;16.4536;2.226;64;True;1;
52;2;28;5;normal;0;a11b5afa2614;move;;;20;35;;;;;;;;;;True;False;False;True;;ok;16143.124334177053;15624.943238302601;15624.943238302601;15228.996646103;319;15228.996646103;6412.9906;518.1810958744518;Evaluated;16.1801;2.4268;64;True;1;
52;2;28;;normal;0;;;;;;;;;;;;;;;;;;;;;End-of-iteration summary row;;;15422.945736689428;15228.996646103;319;15228.996646103;6413.0097;;IterationSummary;;;;;;
53;2;29;1;normal;0;9fe03d3a58af;move;;;10;5;;;;;;;;;;True;False;False;False;;ok;16013.218398180668;15422.945736689428;15422.945736689428;15228.996646103;320;15228.996646103;6435.338;590.2726614912408;Evaluated;20.0986;2.2235;64;True;1;
53;2;29;2;normal;0;9fe03d3a58af;swap;20;21;;;;;;;;;;;;True;False;False;False;;ok;16057.869124386698;15422.945736689428;15422.945736689428;15228.996646103;321;15228.996646103;6454.1078;634.9233876972703;Evaluated;16.5357;2.2312;64;True;1;
53;2;29;3;normal;0;9fe03d3a58af;reinsert_block;;;;;;;35;40;25;;;;;True;False;False;True;;ok;17287.073168343006;15422.945736689428;15422.945736689428;15228.996646103;322;15228.996646103;6473.3748;1864.1274316535782;Evaluated;16.819;2.4447;64;True;1;
53;2;29;4;normal;0;9fe03d3a58af;move;;;50;49;;;;;;;;;;True;False;False;False;;ok;15621.699026710516;15422.945736689428;15422.945736689428;15228.996646103;323;15228.996646103;6492.1466;198.7532900210881;Evaluated;16.5426;2.2257;64;True;1;
53;2;29;5;normal;0;9fe03d3a58af;move;;;20;35;;;;;;;;;;True;False;False;True;;ok;16145.021902500639;15422.945736689428;15422.945736689428;15228.996646103;324;15228.996646103;6510.8574;722.0761658112115;Evaluated;16.276;2.432;64;True;1;
53;2;29;;normal;1;;;;;;;;;;;;;;;;;;;;;End-of-iteration summary row;;;15422.945736689428;15228.996646103;324;15228.996646103;6510.8604;;IterationSummary;;;;;;
54;2;30;1;normal;1;9fe03d3a58af;move;;;8;3;;;;;;;;;;True;False;False;False;;ok;17447.933196698134;15422.945736689428;15422.945736689428;15228.996646103;325;15228.996646103;6536.401;2024.987460008706;Evaluated;23.0986;2.4248;64;True;2;duplicate_for_same_parent_sequence
54;2;30;2;normal;1;9fe03d3a58af;move;;;30;25;;;;;;;;;;True;False;False;False;;ok;15924.454466024252;15422.945736689428;15422.945736689428;15228.996646103;326;15228.996646103;6558.7138;501.50872933482424;Evaluated;20.081;2.2291;64;True;2;duplicate_for_same_parent_sequence
54;2;30;3;normal;1;9fe03d3a58af;reinsert_block;;;;;;;35;40;28;;;;;True;False;False;False;;ok;17269.045996403547;15422.945736689428;15422.945736689428;15228.996646103;327;15228.996646103;6577.9584;1846.1002597141196;Evaluated;16.8167;2.4248;64;True;1;
54;2;30;4;normal;1;9fe03d3a58af;move;;;52;48;;;;;;;;;;True;False;False;False;;ok;15576.357764209382;15422.945736689428;15422.945736689428;15228.996646103;328;15228.996646103;6596.7088;153.4120275199548;Evaluated;16.5224;2.2261;64;True;1;
54;2;30;5;normal;1;9fe03d3a58af;move;;;15;20;;;;;;;;;;True;False;False;False;;ok;17994.118833000448;15422.945736689428;15422.945736689428;15228.996646103;329;15228.996646103;6615.6514;2571.1730963110203;Evaluated;16.5096;2.4293;64;True;1;
54;2;30;;normal;2;;;;;;;;;;;;;;;;;;;;;End-of-iteration summary row;;;15422.945736689428;15228.996646103;329;15228.996646103;6615.6547;;IterationSummary;;;;;;
55;2;31;1;normal;2;9fe03d3a58af;move;;;7;12;;;;;;;;;;True;False;False;False;;ok;17530.148060586722;15422.945736689428;15422.945736689428;15228.996646103;330;15228.996646103;6637.7409;2107.2023238972943;Evaluated;19.6464;2.4251;64;True;1;
55;2;31;2;normal;2;9fe03d3a58af;swap;18;30;;;;;;;;;;;;True;False;False;True;;ok;15759.202355850139;15422.945736689428;15422.945736689428;15228.996646103;331;15228.996646103;6660.4719;336.2566191607111;Evaluated;20.5031;2.225;64;True;2;duplicate_for_same_parent_sequence
55;2;31;3;normal;2;9fe03d3a58af;move;;;15;25;;;;;;;;;;True;False;False;True;;ok;17537.251206521963;15422.945736689428;15422.945736689428;15228.996646103;332;15228.996646103;6683.3116;2114.305469832536;Evaluated;20.408;2.4284;64;True;2;duplicate_for_same_parent_sequence
55;2;31;4;normal;2;9fe03d3a58af;move;;;30;27;;;;;;;;;;True;False;False;False;;ok;15428.071227926184;15422.945736689428;15422.945736689428;15228.996646103;333;15228.996646103;6705.6479;5.125491236756716;Evaluated;20.1082;2.2249;64;True;2;duplicate_for_same_parent_sequence
55;2;31;5;normal;2;9fe03d3a58af;move;;;28;35;;;;;;;;;;True;False;False;False;;ok;16717.45749383205;15422.945736689428;15422.945736689428;15228.996646103;334;15228.996646103;6728.0391;1294.5117571426235;Evaluated;19.9621;2.4281;64;True;2;duplicate_for_same_parent_sequence
55;2;31;;normal;3;;;;;;;;;;;;;;;;;;;;;End-of-iteration summary row;;;15422.945736689428;15228.996646103;334;15228.996646103;6728.0427;;IterationSummary;;;;;;
56;2;32;1;diversification;3;9fe03d3a58af;move;;;5;10;;;;;;;;;;True;False;False;False;;ok;17325.19563088398;15422.945736689428;15422.945736689428;15228.996646103;335;15228.996646103;6753.7951;1902.2498941945523;Evaluated;23.3179;2.4253;64;True;2;duplicate_for_same_parent_sequence
56;2;32;2;diversification;3;9fe03d3a58af;reinsert_block;;;;;;;20;25;16;;;;;True;False;False;False;;ok;18080.610768416413;15422.945736689428;15422.945736689428;15228.996646103;336;15228.996646103;6773.3524;2657.665031726985;Evaluated;17.1262;2.4283;64;True;1;
56;2;32;3;diversification;3;9fe03d3a58af;swap;35;40;;;;;;;;;;;;True;False;False;False;;ok;15428.119055048075;15422.945736689428;15422.945736689428;15228.996646103;337;15228.996646103;6792.3846;5.173318358647521;Evaluated;16.8004;2.229;64;True;1;
56;2;32;4;diversification;3;9fe03d3a58af;move;;;50;48;;;;;;;;;;True;False;False;False;;ok;15624.954675378844;15422.945736689428;15422.945736689428;15228.996646103;338;15228.996646103;6811.4285;202.00893868941603;Evaluated;16.8145;2.226;64;True;1;
56;2;32;5;diversification;3;9fe03d3a58af;move;;;20;15;;;;;;;;;;True;False;False;False;;ok;17455.879464921985;15422.945736689428;15422.945736689428;15228.996646103;339;15228.996646103;6830.7064;2032.9337282325578;Evaluated;16.8495;2.4256;64;True;1;
56;2;32;6;diversification;3;9fe03d3a58af;move;;;40;35;;;;;;;;;;True;False;False;False;;ok;15922.514602579264;15422.945736689428;15422.945736689428;15228.996646103;340;15228.996646103;6849.8665;499.56886588983616;Evaluated;16.9279;2.2292;64;True;1;
56;2;32;7;diversification;3;9fe03d3a58af;move;;;48;35;;;;;;;;;;True;False;False;True;;ok;15943.457752672386;15422.945736689428;15422.945736689428;15228.996646103;341;15228.996646103;6868.5577;520.5120159829585;Evaluated;16.4616;2.227;64;True;1;
56;2;32;8;diversification;3;9fe03d3a58af;move;;;20;8;;;;;;;;;;True;False;False;True;;ok;17791.553938295816;15422.945736689428;15422.945736689428;15228.996646103;342;15228.996646103;6894.6863;2368.6082016063883;Evaluated;23.701;2.4247;64;True;3;duplicate_for_same_parent_sequence
56;2;32;9;diversification;3;9fe03d3a58af;move;;;25;10;;;;;;;;;;True;False;False;True;;ok;17349.561515494337;15422.945736689428;15422.945736689428;15228.996646103;343;15228.996646103;6913.8917;1926.6157788049095;Evaluated;16.7731;2.4286;64;True;1;
56;2;32;10;diversification;3;9fe03d3a58af;move;;;45;20;;;;;;;;;;True;False;False;True;;ok;15852.73084411196;15422.945736689428;15422.945736689428;15228.996646103;344;15228.996646103;6936.5403;429.78510742253275;Evaluated;20.4162;2.2296;64;True;2;duplicate_for_same_parent_sequence
56;2;32;;diversification;4;;;;;;;;;;;;;;;;;;;;;End-of-iteration summary row;;;15422.945736689428;15228.996646103;344;15228.996646103;6936.5441;;IterationSummary;;;;;;
57;2;33;1;diversification;4;9fe03d3a58af;move;;;30;5;;;;;;;;;;True;False;False;True;;ok;16052.077034272936;15422.945736689428;15422.945736689428;15228.996646103;345;15228.996646103;6962.6103;629.1312975835081;Evaluated;23.6289;2.4247;64;True;2;duplicate_for_same_parent_sequence
57;2;33;2;diversification;4;9fe03d3a58af;reinsert_block;;;;;;;18;23;6;;;;;True;False;False;True;;ok;17345.965682245464;15422.945736689428;15422.945736689428;15228.996646103;346;15228.996646103;6982.1892;1923.019945556036;Evaluated;17.1471;2.4296;64;True;1;
57;2;33;3;diversification;4;9fe03d3a58af;swap;32;45;;;;;;;;;;;;True;False;False;True;;ok;16896.429483974163;15422.945736689428;15422.945736689428;15228.996646103;347;15228.996646103;7001.6866;1473.4837472847357;Evaluated;17.0631;2.4314;64;True;1;
57;2;33;4;diversification;4;9fe03d3a58af;move;;;48;15;;;;;;;;;;True;False;False;True;;ok;17323.113517614234;15422.945736689428;15422.945736689428;15228.996646103;348;15228.996646103;7028.1946;1900.1677809248067;Evaluated;24.0752;2.4299;64;True;3;duplicate_for_same_parent_sequence
57;2;33;5;diversification;4;9fe03d3a58af;move;;;28;16;;;;;;;;;;True;False;False;True;;ok;17988.14596648694;15422.945736689428;15422.945736689428;15228.996646103;349;15228.996646103;7047.5532;2565.2002297975123;Evaluated;16.9295;2.4261;64;True;1;
57;2;33;6;diversification;4;9fe03d3a58af;reinsert_block;;;;;;;32;40;5;;;;;True;False;False;True;;ok;16062.405650948795;15422.945736689428;15422.945736689428;15228.996646103;350;15228.996646103;7067.0654;639.459914259367;Evaluated;17.0839;2.4256;64;True;1;
57;2;33;7;diversification;4;9fe03d3a58af;swap;30;40;;;;;;;;;;;;True;False;False;False;;ok;15422.945736689428;15422.945736689428;15422.945736689428;15228.996646103;351;15228.996646103;7089.4317;0.0;Evaluated;20.1402;2.2227;64;True;2;duplicate_for_same_parent_sequence
57;2;33;8;diversification;4;9fe03d3a58af;move;;;35;8;;;;;;;;;;True;False;False;True;;ok;16294.61213380821;15422.945736689428;15422.945736689428;15228.996646103;352;15228.996646103;7112.2661;871.6663971187827;Evaluated;20.402;2.4297;64;True;2;duplicate_for_same_parent_sequence
57;2;33;9;diversification;4;9fe03d3a58af;move;;;24;35;;;;;;;;;;True;False;False;True;;ok;15928.16991226847;15422.945736689428;15422.945736689428;15228.996646103;353;15228.996646103;7131.2934;505.2241755790419;Evaluated;16.799;2.2255;64;True;1;
57;2;33;10;diversification;4;9fe03d3a58af;swap;40;41;;;;;;;;;;;;True;False;False;False;;ok;15914.876675604426;15422.945736689428;15422.945736689428;15228.996646103;354;15228.996646103;7157.82;491.9309389149985;Evaluated;24.3022;2.2212;64;True;3;duplicate_for_same_parent_sequence
57;2;33;;diversification;5;;;;;;;;;;;;;;;;;;;;;End-of-iteration summary row;;;15422.945736689428;15228.996646103;354;15228.996646103;7157.8229;;IterationSummary;;;;;;
58;2;34;1;diversification;5;9fe03d3a58af;move;;;20;5;;;;;;;;;;True;False;False;True;;ok;17715.484075399367;15422.945736689428;15422.945736689428;15228.996646103;355;15228.996646103;7183.809;2292.538338709939;Evaluated;23.5537;2.424;64;True;2;duplicate_for_same_parent_sequence
58;2;34;2;diversification;5;9fe03d3a58af;reinsert_block;;;;;;;18;23;6;;;;;False;True;False;;;ok;;15422.945736689428;15422.945736689428;15228.996646103;355;15228.996646103;7208.4155;;DuplicateForSameParentSequenceAfterRetries;24.6039;;;;3;duplicate_for_same_parent_sequence
58;2;34;3;diversification;5;9fe03d3a58af;swap;32;47;;;;;;;;;;;;True;False;False;True;;ok;16178.484663214242;15422.945736689428;15422.945736689428;15228.996646103;356;15228.996646103;7234.8026;755.5389265248141;Evaluated;23.9621;2.424;64;True;3;duplicate_for_same_parent_sequence
58;2;34;4;diversification;5;9fe03d3a58af;move;;;60;20;;;;;;;;;;True;False;False;True;;ok;17089.274896252296;15422.945736689428;15422.945736689428;15228.996646103;357;15228.996646103;7257.6584;1666.3291595628689;Evaluated;20.4276;2.4251;64;True;2;duplicate_for_same_parent_sequence
58;2;34;5;diversification;5;9fe03d3a58af;move;;;35;18;;;;;;;;;;True;False;False;True;;ok;15989.660795208836;15422.945736689428;15422.945736689428;15228.996646103;358;15228.996646103;7280.6928;566.7150585194086;Evaluated;20.8048;2.2285;64;True;2;duplicate_for_same_parent_sequence
58;2;34;6;diversification;5;9fe03d3a58af;move;;;15;8;;;;;;;;;;True;False;False;False;;ok;18013.436066226626;15422.945736689428;15422.945736689428;15228.996646103;359;15228.996646103;7304.6311;2590.4903295371987;Evaluated;21.4995;2.4359;64;True;2;duplicate_for_same_parent_sequence
58;2;34;7;diversification;5;9fe03d3a58af;move;;;30;48;;;;;;;;;;True;False;False;True;;ok;16476.262058390923;15422.945736689428;15422.945736689428;15228.996646103;360;15228.996646103;7327.1753;1053.3163217014953;Evaluated;20.1133;2.4301;64;True;2;duplicate_for_same_parent_sequence
58;2;34;8;diversification;5;9fe03d3a58af;move;;;20;10;;;;;;;;;;True;False;False;True;;ok;17895.207818987834;15422.945736689428;15422.945736689428;15228.996646103;361;15228.996646103;7346.8483;2472.2620822984063;Evaluated;17.2456;2.4258;64;True;1;
58;2;34;9;diversification;5;9fe03d3a58af;move;;;30;15;;;;;;;;;;True;False;False;True;;ok;17323.113517614234;15422.945736689428;15422.945736689428;15228.996646103;362;15228.996646103;7369.7966;1900.1677809248067;Evaluated;20.5202;2.4254;64;True;2;duplicate_for_same_parent_sequence
58;2;34;10;diversification;5;9fe03d3a58af;swap;42;47;;;;;;;;;;;;True;False;False;False;;ok;16400.656989193405;15422.945736689428;15422.945736689428;15228.996646103;363;15228.996646103;7392.9489;977.7112525039774;Evaluated;20.7225;2.4269;64;True;2;duplicate_for_same_parent_sequence
58;2;34;;diversification;6;;;;;;;;;;;;;;;;;;;;;End-of-iteration summary row;;;15422.945736689428;15228.996646103;363;15228.996646103;7392.9516;;IterationSummary;;;;;;
59;2;35;1;diversification;6;9fe03d3a58af;move;;;3;20;;;;;;;;;;True;False;False;True;;ok;17589.166442187427;15422.945736689428;15422.945736689428;15228.996646103;364;15228.996646103;7419.2561;2166.220705497999;Evaluated;23.8643;2.4253;64;True;2;duplicate_for_same_parent_sequence
59;2;35;2;diversification;6;9fe03d3a58af;move;;;25;40;;;;;;;;;;True;False;False;True;;ok;16617.842375859625;15422.945736689428;15422.945736689428;15228.996646103;365;15228.996646103;7442.7188;1194.896639170198;Evaluated;21.0346;2.4255;64;True;2;duplicate_for_same_parent_sequence
59;2;35;3;diversification;6;9fe03d3a58af;swap;32;47;;;;;;;;;;;;False;True;False;;;ok;;15422.945736689428;15422.945736689428;15228.996646103;365;15228.996646103;7466.6908;;DuplicateForSameParentSequenceAfterRetries;23.9713;;;;3;duplicate_for_same_parent_sequence
59;2;35;4;diversification;6;9fe03d3a58af;move;;;25;50;;;;;;;;;;True;False;False;True;;ok;16222.735355234232;15422.945736689428;15422.945736689428;15228.996646103;366;15228.996646103;7489.568;799.7896185448044;Evaluated;20.4512;2.425;64;True;2;duplicate_for_same_parent_sequence
59;2;35;5;diversification;6;9fe03d3a58af;move;;;18;5;;;;;;;;;;True;False;False;True;;ok;15623.733248299279;15422.945736689428;15422.945736689428;15228.996646103;367;15228.996646103;7508.6307;200.7875116098512;Evaluated;16.8387;2.2212;64;True;1;
59;2;35;6;diversification;6;9fe03d3a58af;move;;;35;12;;;;;;;;;;True;False;False;True;;ok;15427.615211040533;15422.945736689428;15422.945736689428;15228.996646103;368;15228.996646103;7531.3466;4.669474351105237;Evaluated;20.4909;2.2223;64;True;2;duplicate_for_same_parent_sequence
59;2;35;7;diversification;6;9fe03d3a58af;move;;;40;15;;;;;;;;;;True;False;False;True;;ok;17323.113517614234;15422.945736689428;15422.945736689428;15228.996646103;369;15228.996646103;7550.2909;1900.1677809248067;Evaluated;16.5135;2.4281;64;True;1;
59;2;35;8;diversification;6;9fe03d3a58af;move;;;20;30;;;;;;;;;;True;False;False;True;;ok;15854.925477808054;15422.945736689428;15422.945736689428;15228.996646103;370;15228.996646103;7572.9285;431.9797411186264;Evaluated;20.4077;2.2285;64;True;2;duplicate_for_same_parent_sequence
59;2;35;9;diversification;6;9fe03d3a58af;move;;;35;45;;;;;;;;;;True;False;False;True;;ok;16287.552968509726;15422.945736689428;15422.945736689428;15228.996646103;371;15228.996646103;7595.7902;864.6072318202987;Evaluated;20.4229;2.4358;64;True;2;duplicate_for_same_parent_sequence
59;2;35;10;diversification;6;9fe03d3a58af;move;;;35;25;;;;;;;;;;True;False;False;True;;ok;16020.767900760047;15422.945736689428;15422.945736689428;15228.996646103;372;15228.996646103;7618.6321;597.8221640706197;Evaluated;20.615;2.2238;64;True;2;duplicate_for_same_parent_sequence
59;2;35;;diversification;7;;;;;;;;;;;;;;;;;;;;;End-of-iteration summary row;;;15422.945736689428;15228.996646103;372;15228.996646103;7618.6327;;IterationSummary;;;;;;
60;2;36;1;diversification;7;9fe03d3a58af;move;;;8;20;;;;;;;;;;True;False;False;True;;ok;15509.164421906735;15422.945736689428;15422.945736689428;15228.996646103;373;15228.996646103;7640.8541;86.21868521730721;Evaluated;19.9898;2.2267;64;True;1;
60;2;36;2;diversification;7;9fe03d3a58af;reinsert_block;;;;;;;18;23;5;;;;;True;False;False;True;;ok;17354.844638700495;15422.945736689428;15422.945736689428;15228.996646103;374;15228.996646103;7660.4479;1931.8989020110675;Evaluated;17.1612;2.4296;64;True;1;
60;2;36;3;diversification;7;9fe03d3a58af;swap;36;42;;;;;;;;;;;;True;False;False;False;;ok;16686.15297754072;15422.945736689428;15422.945736689428;15228.996646103;375;15228.996646103;7679.7231;1263.207240851294;Evaluated;16.8398;2.4321;64;True;1;
60;2;36;4;diversification;7;9fe03d3a58af;move;;;50;3;;;;;;;;;;True;False;False;True;;ok;17367.604386750372;15422.945736689428;15422.945736689428;15228.996646103;376;15228.996646103;7698.9681;1944.6586500609446;Evaluated;16.8127;2.4291;64;True;1;
60;2;36;5;diversification;7;9fe03d3a58af;swap;3;20;;;;;;;;;;;;True;False;False;True;;ok;17523.252476736903;15422.945736689428;15422.945736689428;15228.996646103;377;15228.996646103;7721.8174;2100.3067400474756;Evaluated;20.4181;2.428;64;True;2;duplicate_for_same_parent_sequence
60;2;36;6;diversification;7;9fe03d3a58af;move;;;30;10;;;;;;;;;;True;False;False;True;;ok;15918.583174170637;15422.945736689428;15422.945736689428;15228.996646103;378;15228.996646103;7744.5013;495.6374374812094;Evaluated;20.4584;2.2225;64;True;2;duplicate_for_same_parent_sequence
60;2;36;7;diversification;7;9fe03d3a58af;move;;;25;30;;;;;;;;;;True;False;False;False;;ok;17282.628963887866;15422.945736689428;15422.945736689428;15228.996646103;379;15228.996646103;7763.4571;1859.6832271984385;Evaluated;16.5262;2.4288;64;True;1;
60;2;36;8;diversification;7;9fe03d3a58af;move;;;18;35;;;;;;;;;;True;False;False;True;;ok;15452.432774498735;15422.945736689428;15422.945736689428;15228.996646103;380;15228.996646103;7786.4096;29.487037809307367;Evaluated;20.7264;2.2231;64;True;2;duplicate_for_same_parent_sequence
60;2;36;9;diversification;7;9fe03d3a58af;move;;;25;45;;;;;;;;;;True;False;False;True;;ok;15484.548401260061;15422.945736689428;15422.945736689428;15228.996646103;381;15228.996646103;7812.6047;61.60266457063335;Evaluated;23.9697;2.2229;64;True;3;duplicate_for_same_parent_sequence
60;2;36;10;diversification;7;9fe03d3a58af;move;;;32;10;;;;;;;;;;True;False;False;True;;ok;17425.260446516404;15422.945736689428;15422.945736689428;15228.996646103;382;15228.996646103;7835.84;2002.3147098269765;Evaluated;20.8102;2.4243;64;True;2;duplicate_for_same_parent_sequence
60;2;36;;diversification;8;;;;;;;;;;;;;;;;;;;;;End-of-iteration summary row;;;15422.945736689428;15228.996646103;382;15228.996646103;7835.8437;;IterationSummary;;;;;;
61;2;37;1;diversification;8;9fe03d3a58af;move;;;32;48;;;;;;;;;;True;False;False;True;;ok;15985.27961427992;15422.945736689428;15422.945736689428;15228.996646103;383;15228.996646103;7865.1101;562.3338775904922;Evaluated;27.0269;2.2237;64;True;3;duplicate_for_same_parent_sequence
61;2;37;2;diversification;8;9fe03d3a58af;reinsert_block;;;;;;;20;25;10;;;;;True;False;False;True;;ok;17445.682438807973;15422.945736689428;15422.945736689428;15228.996646103;384;15228.996646103;7884.7036;2022.7367021185455;Evaluated;17.1642;2.4262;64;True;1;
61;2;37;3;diversification;8;9fe03d3a58af;move;;;38;25;;;;;;;;;;True;False;False;True;;ok;18069.550063977378;15422.945736689428;15422.945736689428;15228.996646103;385;15228.996646103;7907.9597;2646.6043272879506;Evaluated;20.6233;2.6296;64;True;2;duplicate_for_same_parent_sequence
61;2;37;4;diversification;8;9fe03d3a58af;move;;;50;4;;;;;;;;;;True;False;False;True;;ok;17368.214201516217;15422.945736689428;15422.945736689428;15228.996646103;386;15228.996646103;7927.1482;1945.2684648267896;Evaluated;16.7612;2.4244;64;True;1;
61;2;37;5;diversification;8;9fe03d3a58af;move;;;8;15;;;;;;;;;;True;False;False;False;;ok;17304.10376529542;15422.945736689428;15422.945736689428;15228.996646103;387;15228.996646103;7949.9326;1881.1580286059907;Evaluated;20.3548;2.4264;64;True;2;duplicate_for_same_parent_sequence
61;2;37;6;diversification;8;9fe03d3a58af;move;;;50;38;;;;;;;;;;True;False;False;True;;ok;16246.35889165551;15422.945736689428;15422.945736689428;15228.996646103;388;15228.996646103;7969.235;823.4131549660833;Evaluated;16.8712;2.4278;64;True;1;
61;2;37;7;diversification;8;9fe03d3a58af;move;;;35;20;;;;;;;;;;True;False;False;True;;ok;15990.454940034073;15422.945736689428;15422.945736689428;15228.996646103;389;15228.996646103;7994.8835;567.5092033446454;Evaluated;23.4197;2.226;64;True;3;duplicate_for_same_parent_sequence
61;2;37;8;diversification;8;9fe03d3a58af;move;;;15;8;;;;;;;;;;False;True;False;;;ok;;15422.945736689428;15422.945736689428;15228.996646103;389;15228.996646103;8018.7871;;DuplicateForSameParentSequenceAfterRetries;23.9005;;;;3;duplicate_for_same_parent_sequence
61;2;37;9;diversification;8;9fe03d3a58af;move;;;25;15;;;;;;;;;;True;False;False;True;;ok;17600.27711432532;15422.945736689428;15422.945736689428;15228.996646103;390;15228.996646103;8041.7973;2177.331377635892;Evaluated;20.5783;2.4309;64;True;2;duplicate_for_same_parent_sequence
61;2;37;10;diversification;8;9fe03d3a58af;move;;;50;12;;;;;;;;;;True;False;False;True;;ok;17688.16546538834;15422.945736689428;15422.945736689428;15228.996646103;391;15228.996646103;8061.1187;2265.219728698914;Evaluated;16.8836;2.4334;64;True;1;
61;2;37;;diversification;9;;;;;;;;;;;;;;;;;;;;;End-of-iteration summary row;;;15422.945736689428;15228.996646103;391;15228.996646103;8061.1226;;IterationSummary;;;;;;
62;2;38;1;diversification;9;9fe03d3a58af;move;;;25;5;;;;;;;;;;True;False;False;True;;ok;17371.285834858136;15422.945736689428;15422.945736689428;15228.996646103;392;15228.996646103;8090.7371;1948.3400981687082;Evaluated;27.1715;2.4295;64;True;3;duplicate_for_same_parent_sequence
62;2;38;2;diversification;9;9fe03d3a58af;move;;;27;35;;;;;;;;;;True;False;False;False;;ok;16094.532110659891;15422.945736689428;15422.945736689428;15228.996646103;393;15228.996646103;8113.9437;671.5863739704637;Evaluated;20.7786;2.4269;64;True;2;duplicate_for_same_parent_sequence
62;2;38;3;diversification;9;9fe03d3a58af;swap;32;47;;;;;;;;;;;;False;True;False;;;ok;;15422.945736689428;15422.945736689428;15228.996646103;393;15228.996646103;8138.0911;;DuplicateForSameParentSequenceAfterRetries;24.1444;;;;3;duplicate_for_same_parent_sequence
62;2;38;4;diversification;9;9fe03d3a58af;move;;;60;50;;;;;;;;;;True;False;False;True;;ok;15826.049513237902;15422.945736689428;15422.945736689428;15228.996646103;394;15228.996646103;8160.7468;403.10377654847434;Evaluated;20.4275;2.2271;64;True;2;duplicate_for_same_parent_sequence
62;2;38;5;diversification;9;9fe03d3a58af;move;;;18;30;;;;;;;;;;True;False;False;True;;ok;15954.556909089048;15422.945736689428;15422.945736689428;15228.996646103;395;15228.996646103;8179.9067;531.61117239962;Evaluated;16.9302;2.227;64;True;1;
62;2;38;6;diversification;9;9fe03d3a58af;move;;;40;52;;;;;;;;;;True;False;False;True;;ok;15929.778125477005;15422.945736689428;15422.945736689428;15228.996646103;396;15228.996646103;8198.9835;506.83238878757766;Evaluated;16.8473;2.2288;64;True;1;
62;2;38;7;diversification;9;9fe03d3a58af;move;;;18;40;;;;;;;;;;True;False;False;True;;ok;16019.362765570511;15422.945736689428;15422.945736689428;15228.996646103;397;15228.996646103;8221.5409;596.4170288810838;Evaluated;20.3239;2.2304;64;True;2;duplicate_for_same_parent_sequence
62;2;38;8;diversification;9;9fe03d3a58af;move;;;30;40;;;;;;;;;;True;False;False;True;;ok;16216.920736677816;15422.945736689428;15422.945736689428;15228.996646103;398;15228.996646103;8244.4348;793.9749999883879;Evaluated;20.467;2.4241;64;True;2;duplicate_for_same_parent_sequence
62;2;38;9;diversification;9;9fe03d3a58af;move;;;40;30;;;;;;;;;;True;False;False;True;;ok;15956.207869244954;15422.945736689428;15422.945736689428;15228.996646103;399;15228.996646103;8267.25;533.2621325555265;Evaluated;20.5821;2.2304;64;True;2;duplicate_for_same_parent_sequence
62;2;38;10;diversification;9;9fe03d3a58af;move;;;45;30;;;;;;;;;;True;False;False;True;;ok;17174.398851289483;15422.945736689428;15422.945736689428;15228.996646103;400;15228.996646103;8286.5685;1751.4531146000554;Evaluated;16.8849;2.4307;64;True;1;
62;3;0;;diversification;0;;;;;;;;;;;;;;;;;;;;;End-of-iteration summary row;;;16641.404845676683;15228.996646103;401;15228.996646103;8289.0278;;IterationSummary;;;;;;
63;3;1;1;normal;0;0f63cf6f404e;move;;;10;5;;;;;;;;;;True;False;False;False;;ok;15624.28520901457;16641.404845676683;16641.404845676683;15228.996646103;402;15228.996646103;8308.5117;-1017.1196366621134;Evaluated;17.2526;2.2257;64;True;1;
63;3;1;2;normal;0;0f63cf6f404e;swap;18;20;;;;;;;;;;;;True;False;False;False;;ok;17394.129398115478;16641.404845676683;16641.404845676683;15228.996646103;403;15228.996646103;8325.2142;752.7245524387945;Evaluated;14.2696;2.4299;64;True;1;
63;3;1;3;normal;0;0f63cf6f404e;reinsert_block;;;;;;;34;41;20;;;;;True;False;False;True;;ok;17678.466354773114;16641.404845676683;16641.404845676683;15228.996646103;404;15228.996646103;8341.8086;1037.061509096431;Evaluated;14.1609;2.4308;64;True;1;
63;3;1;4;normal;0;0f63cf6f404e;move;;;50;48;;;;;;;;;;True;False;False;False;;ok;16187.814598926165;16641.404845676683;16641.404845676683;15228.996646103;405;15228.996646103;8358.2532;-453.5902467505184;Evaluated;14.006;2.4359;64;True;1;
63;3;1;5;normal;0;0f63cf6f404e;move;;;45;30;;;;;;;;;;True;False;False;True;;ok;16360.332097608702;16641.404845676683;16641.404845676683;15228.996646103;406;15228.996646103;8374.479;-281.0727480679816;Evaluated;13.7943;2.4284;64;True;1;
63;3;1;;normal;0;;;;;;;;;;;;;;;;;;;;;End-of-iteration summary row;;;15624.28520901457;15228.996646103;406;15228.996646103;8374.4906;;IterationSummary;;;;;;
64;3;2;1;normal;0;457c4bc75f95;move;;;5;10;;;;;;;;;;True;False;False;False;;ok;16641.404845676683;15624.28520901457;15624.28520901457;15228.996646103;407;15228.996646103;8396.348;1017.1196366621134;Evaluated;19.4124;2.4368;64;True;1;
64;3;2;2;normal;0;457c4bc75f95;swap;17;25;;;;;;;;;;;;True;False;False;False;;ok;15624.28520901457;15624.28520901457;15624.28520901457;15228.996646103;408;15228.996646103;8414.7527;0.0;Evaluated;16.1732;2.2288;64;True;1;
64;3;2;3;normal;0;457c4bc75f95;reinsert_block;;;;;;;36;41;20;;;;;True;False;False;True;;ok;17416.1907394022;15624.28520901457;15624.28520901457;15228.996646103;409;15228.996646103;8433.6744;1791.9055303876285;Evaluated;16.4891;2.4294;64;True;1;
64;3;2;4;normal;0;457c4bc75f95;move;;;50;48;;;;;;;;;;True;False;False;False;;ok;15636.61505467081;15624.28520901457;15624.28520901457;15228.996646103;410;15228.996646103;8451.9262;12.32984565624065;Evaluated;16.0179;2.2303;64;True;1;
64;3;2;5;normal;0;457c4bc75f95;move;;;10;5;;;;;;;;;;True;False;False;False;;ok;18200.878935664194;15624.28520901457;15624.28520901457;15228.996646103;411;15228.996646103;8470.2636;2576.593726649624;Evaluated;15.7035;2.6309;64;True;1;
64;3;2;;normal;1;;;;;;;;;;;;;;;;;;;;;End-of-iteration summary row;;;15624.28520901457;15228.996646103;411;15228.996646103;8470.2675;;IterationSummary;;;;;;
65;3;3;1;normal;1;457c4bc75f95;move;;;2;0;;;;;;;;;;True;False;False;False;;ok;17726.232959792967;15624.28520901457;15624.28520901457;15228.996646103;412;15228.996646103;8490.8156;2101.9477507783977;Evaluated;18.1032;2.4295;64;True;1;
65;3;3;2;normal;1;457c4bc75f95;swap;20;25;;;;;;;;;;;;True;False;False;False;;ok;17738.989345089994;15624.28520901457;15624.28520901457;15228.996646103;413;15228.996646103;8509.6629;2114.7041360754247;Evaluated;16.4214;2.4251;64;True;1;
65;3;3;3;normal;1;457c4bc75f95;reinsert_block;;;;;;;36;40;25;;;;;True;False;False;True;;ok;17759.03304912428;15624.28520901457;15624.28520901457;15228.996646103;414;15228.996646103;8528.9947;2134.7478401097087;Evaluated;16.8986;2.4304;64;True;1;
65;3;3;4;normal;1;457c4bc75f95;move;;;60;55;;;;;;;;;;True;False;False;False;;ok;15788.20163412451;15624.28520901457;15624.28520901457;15228.996646103;415;15228.996646103;8551.0078;163.91642510994097;Evaluated;19.7804;2.2295;64;True;2;duplicate_for_same_parent_sequence
65;3;3;5;normal;1;457c4bc75f95;move;;;18;5;;;;;;;;;;True;False;False;True;;ok;17794.519907615646;15624.28520901457;15624.28520901457;15228.996646103;416;15228.996646103;8569.402;2170.234698601076;Evaluated;15.9611;2.4295;64;True;1;
65;3;3;;normal;2;;;;;;;;;;;;;;;;;;;;;End-of-iteration summary row;;;15624.28520901457;15228.996646103;416;15228.996646103;8569.4053;;IterationSummary;;;;;;
66;3;4;1;normal;2;457c4bc75f95;move;;;8;3;;;;;;;;;;True;False;False;False;;ok;17906.989734677136;15624.28520901457;15624.28520901457;15228.996646103;417;15228.996646103;8593.6638;2282.704525662566;Evaluated;21.814;2.4307;64;True;2;duplicate_for_same_parent_sequence
66;3;4;2;normal;2;457c4bc75f95;swap;17;30;;;;;;;;;;;;True;False;False;True;;ok;18304.209311892344;15624.28520901457;15624.28520901457;15228.996646103;418;15228.996646103;8612.6849;2679.924102877774;Evaluated;16.388;2.6304;64;True;1;
66;3;4;3;normal;2;457c4bc75f95;reinsert_block;;;;;;;34;38;20;;;;;True;False;False;True;;ok;17088.94997593293;15624.28520901457;15624.28520901457;15228.996646103;419;15228.996646103;8631.8146;1464.6647669183603;Evaluated;16.6967;2.4301;64;True;1;
66;3;4;4;normal;2;457c4bc75f95;move;;;32;40;;;;;;;;;;True;False;False;False;;ok;16377.983126252217;15624.28520901457;15624.28520901457;15228.996646103;420;15228.996646103;8654.233;753.6979172376468;Evaluated;19.9809;2.4345;64;True;2;duplicate_for_same_parent_sequence
66;3;4;5;normal;2;457c4bc75f95;move;;;30;15;;;;;;;;;;True;False;False;True;;ok;18530.35652874992;15624.28520901457;15624.28520901457;15228.996646103;421;15228.996646103;8673.237;2906.071319735349;Evaluated;16.3722;2.629;64;True;1;
66;3;4;;normal;3;;;;;;;;;;;;;;;;;;;;;End-of-iteration summary row;;;15624.28520901457;15228.996646103;421;15228.996646103;8673.2397;;IterationSummary;;;;;;
67;3;5;1;diversification;3;457c4bc75f95;move;;;10;2;;;;;;;;;;True;False;False;False;;ok;16724.84481353179;15624.28520901457;15624.28520901457;15228.996646103;422;15228.996646103;8694.7108;1100.5596045172188;Evaluated;19.0245;2.4306;64;True;1;
67;3;5;2;diversification;3;457c4bc75f95;reinsert_block;;;;;;;25;30;17;;;;;True;False;False;True;;ok;16525.634069734886;15624.28520901457;15624.28520901457;15228.996646103;423;15228.996646103;8714.3038;901.3488607203162;Evaluated;17.1551;2.4346;64;True;1;
67;3;5;3;diversification;3;457c4bc75f95;swap;35;40;;;;;;;;;;;;True;False;False;False;;ok;16452.511161583785;15624.28520901457;15624.28520901457;15228.996646103;424;15228.996646103;8733.6591;828.2259525692152;Evaluated;16.9196;2.4326;64;True;1;
67;3;5;4;diversification;3;457c4bc75f95;move;;;56;48;;;;;;;;;;True;False;False;False;;ok;15910.876772047599;15624.28520901457;15624.28520901457;15228.996646103;425;15228.996646103;8752.5694;286.59156303302916;Evaluated;16.6782;2.2292;64;True;1;
67;3;5;5;diversification;3;457c4bc75f95;move;;;25;10;;;;;;;;;;True;False;False;True;;ok;17731.615327188094;15624.28520901457;15624.28520901457;15228.996646103;426;15228.996646103;8771.7941;2107.330118173524;Evaluated;16.7872;2.4339;64;True;1;
67;3;5;6;diversification;3;457c4bc75f95;move;;;50;35;;;;;;;;;;True;False;False;True;;ok;16239.589762765097;15624.28520901457;15624.28520901457;15228.996646103;427;15228.996646103;8790.9984;615.3045537505277;Evaluated;16.7713;2.43;64;True;1;
67;3;5;7;diversification;3;457c4bc75f95;move;;;40;30;;;;;;;;;;True;False;False;True;;ok;16413.341260914967;15624.28520901457;15624.28520901457;15228.996646103;428;15228.996646103;8813.3623;789.0560519003975;Evaluated;19.9292;2.431;64;True;2;duplicate_for_same_parent_sequence
67;3;5;8;diversification;3;457c4bc75f95;swap;24;36;;;;;;;;;;;;True;False;False;True;;ok;17498.988968269834;15624.28520901457;15624.28520901457;15228.996646103;429;15228.996646103;8836.0568;1874.7037592552642;Evaluated;20.2673;2.4264;64;True;2;duplicate_for_same_parent_sequence
67;3;5;9;diversification;3;457c4bc75f95;move;;;24;30;;;;;;;;;;True;False;False;False;;ok;16378.327364663395;15624.28520901457;15624.28520901457;15228.996646103;430;15228.996646103;8855.1209;754.0421556488254;Evaluated;16.63;2.433;64;True;1;
67;3;5;10;diversification;3;457c4bc75f95;move;;;40;35;;;;;;;;;;True;False;False;False;;ok;15638.408141496922;15624.28520901457;15624.28520901457;15228.996646103;431;15228.996646103;8874.0766;14.122932482352553;Evaluated;16.7275;2.2254;64;True;1;
67;3;5;;diversification;4;;;;;;;;;;;;;;;;;;;;;End-of-iteration summary row;;;15624.28520901457;15228.996646103;431;15228.996646103;8874.08;;IterationSummary;;;;;;
68;3;6;1;diversification;4;457c4bc75f95;move;;;5;10;;;;;;;;;;False;True;False;;;ok;;15624.28520901457;15624.28520901457;15228.996646103;431;15228.996646103;8900.1834;;DuplicateForSameParentSequenceAfterRetries;26.0873;;;;3;duplicate_for_same_parent_sequence
68;3;6;2;diversification;4;457c4bc75f95;reinsert_block;;;;;;;18;23;10;;;;;True;False;False;True;;ok;17789.470312191148;15624.28520901457;15624.28520901457;15228.996646103;432;15228.996646103;8919.7264;2165.185103176578;Evaluated;17.1194;2.4227;64;True;1;
68;3;6;3;diversification;4;457c4bc75f95;swap;32;47;;;;;;;;;;;;True;False;False;True;;ok;16012.741037721877;15624.28520901457;15624.28520901457;15228.996646103;433;15228.996646103;8938.677;388.45582870730686;Evaluated;16.7032;2.2463;64;True;1;
68;3;6;4;diversification;4;457c4bc75f95;move;;;48;52;;;;;;;;;;True;False;False;False;;ok;15670.641517992653;15624.28520901457;15624.28520901457;15228.996646103;434;15228.996646103;8961.4871;46.35630897808369;Evaluated;20.5828;2.2243;64;True;2;duplicate_for_same_parent_sequence
68;3;6;5;diversification;4;457c4bc75f95;move;;;15;20;;;;;;;;;;True;False;False;False;;ok;15667.614776166676;15624.28520901457;15624.28520901457;15228.996646103;435;15228.996646103;8980.7575;43.32956715210639;Evaluated;17.0385;2.2294;64;True;1;
68;3;6;6;diversification;4;457c4bc75f95;move;;;50;42;;;;;;;;;;True;False;False;False;;ok;15986.106140362393;15624.28520901457;15624.28520901457;15228.996646103;436;15228.996646103;8999.9772;361.8209313478237;Evaluated;16.9913;2.2257;64;True;1;
68;3;6;7;diversification;4;457c4bc75f95;move;;;30;45;;;;;;;;;;True;False;False;True;;ok;16630.602932210226;15624.28520901457;15624.28520901457;15228.996646103;437;15228.996646103;9022.4046;1006.3177231956561;Evaluated;19.9977;2.4269;64;True;2;duplicate_for_same_parent_sequence
68;3;6;8;diversification;4;457c4bc75f95;move;;;20;15;;;;;;;;;;True;False;False;False;;ok;17140.394312563836;15624.28520901457;15624.28520901457;15228.996646103;438;15228.996646103;9041.5722;1516.1091035492664;Evaluated;16.738;2.4275;64;True;1;
68;3;6;9;diversification;4;457c4bc75f95;move;;;25;30;;;;;;;;;;True;False;False;False;;ok;15624.461469062106;15624.28520901457;15624.28520901457;15228.996646103;439;15228.996646103;9060.5187;0.17626004753583402;Evaluated;16.7165;2.2273;64;True;1;
68;3;6;10;diversification;4;457c4bc75f95;move;;;45;30;;;;;;;;;;True;False;False;True;;ok;16836.959426129855;15624.28520901457;15624.28520901457;15228.996646103;440;15228.996646103;9079.7424;1212.6742171152855;Evaluated;16.7898;2.4306;64;True;1;
68;3;6;;diversification;5;;;;;;;;;;;;;;;;;;;;;End-of-iteration summary row;;;15624.28520901457;15228.996646103;440;15228.996646103;9079.7455;;IterationSummary;;;;;;
69;3;7;1;diversification;5;457c4bc75f95;move;;;8;20;;;;;;;;;;True;False;False;True;;ok;15496.800938153252;15624.28520901457;15624.28520901457;15228.996646103;441;15228.996646103;9104.9067;-127.48427086131778;Evaluated;22.9171;2.2302;64;True;2;duplicate_for_same_parent_sequence
69;3;7;2;diversification;5;457c4bc75f95;reinsert_block;;;;;;;18;23;5;;;;;True;False;False;True;;ok;18297.193595522698;15624.28520901457;15624.28520901457;15228.996646103;442;15228.996646103;9124.5757;2672.9083865081284;Evaluated;17.0401;2.6261;64;True;1;
69;3;7;3;diversification;5;457c4bc75f95;swap;35;42;;;;;;;;;;;;True;False;False;False;;ok;15925.0201051724;15624.28520901457;15624.28520901457;15228.996646103;443;15228.996646103;9143.565;300.73489615783;Evaluated;16.7518;2.235;64;True;1;
69;3;7;4;diversification;5;457c4bc75f95;move;;;61;55;;;;;;;;;;True;False;False;False;;ok;16044.990309033818;15624.28520901457;15624.28520901457;15228.996646103;444;15228.996646103;9166.1422;420.70510001924777;Evaluated;20.3429;2.2314;64;True;2;duplicate_for_same_parent_sequence
69;3;7;5;diversification;5;457c4bc75f95;swap;3;7;;;;;;;;;;;;True;False;False;False;;ok;17191.21856369582;15624.28520901457;15624.28520901457;15228.996646103;445;15228.996646103;9188.6577;1566.9333546812504;Evaluated;20.0854;2.4294;64;True;2;duplicate_for_same_parent_sequence
69;3;7;6;diversification;5;457c4bc75f95;move;;;10;5;;;;;;;;;;False;True;False;;;ok;;15624.28520901457;15624.28520901457;15228.996646103;445;15228.996646103;9213.0633;;DuplicateForSameParentSequenceAfterRetries;24.4028;;;;3;duplicate_for_same_parent_sequence
69;3;7;7;diversification;5;457c4bc75f95;move;;;18;35;;;;;;;;;;True;False;False;True;;ok;16896.659670082103;15624.28520901457;15624.28520901457;15228.996646103;446;15228.996646103;9235.5035;1272.374461067533;Evaluated;20.0093;2.4298;64;True;2;duplicate_for_same_parent_sequence
69;3;7;8;diversification;5;457c4bc75f95;move;;;8;15;;;;;;;;;;True;False;False;False;;ok;15657.031256578393;15624.28520901457;15624.28520901457;15228.996646103;447;15228.996646103;9254.4303;32.746047563823595;Evaluated;16.6941;2.229;64;True;1;
69;3;7;9;diversification;5;457c4bc75f95;move;;;18;25;;;;;;;;;;True;False;False;False;;ok;17358.57036360281;15624.28520901457;15624.28520901457;15228.996646103;448;15228.996646103;9280.7481;1734.2851545882386;Evaluated;23.8868;2.4302;64;True;3;duplicate_for_same_parent_sequence
69;3;7;10;diversification;5;457c4bc75f95;move;;;42;50;;;;;;;;;;True;False;False;False;;ok;15995.24942404861;15624.28520901457;15624.28520901457;15228.996646103;449;15228.996646103;9299.6531;370.96421503404054;Evaluated;16.6538;2.2481;64;True;1;
69;3;7;;diversification;0;;;;;;;;;;;;;;;;;;;;;End-of-iteration summary row;;;15496.800938153252;15228.996646103;449;15228.996646103;9299.6727;;IterationSummary;;;;;;
70;3;8;1;normal;0;38ca0b9be622;move;;;10;5;;;;;;;;;;True;False;False;False;;ok;15699.046908405822;15496.800938153252;15496.800938153252;15228.996646103;450;15228.996646103;9321.7469;202.24597025257026;Evaluated;19.8382;2.2263;64;True;1;
70;3;8;2;normal;0;38ca0b9be622;swap;20;25;;;;;;;;;;;;True;False;False;False;;ok;16963.822979933822;15496.800938153252;15496.800938153252;15228.996646103;451;15228.996646103;9340.5441;1467.0220417805704;Evaluated;16.3682;2.4263;64;True;1;
70;3;8;3;normal;0;38ca0b9be622;reinsert_block;;;;;;;32;37;40;;;;;True;False;False;False;;ok;18262.495734141412;15496.800938153252;15496.800938153252;15228.996646103;452;15228.996646103;9360.1818;2765.69479598816;Evaluated;17.0024;2.6324;64;True;1;
70;3;8;4;normal;0;38ca0b9be622;move;;;50;42;;;;;;;;;;True;False;False;False;;ok;16010.915158479795;15496.800938153252;15496.800938153252;15228.996646103;453;15228.996646103;9379.0555;514.1142203265426;Evaluated;16.6441;2.227;64;True;1;
70;3;8;5;normal;0;38ca0b9be622;move;;;5;10;;;;;;;;;;True;False;False;False;;ok;17550.214045008885;15496.800938153252;15496.800938153252;15228.996646103;454;15228.996646103;9397.6215;2053.4131068556326;Evaluated;16.127;2.4358;64;True;1;
70;3;8;;normal;1;;;;;;;;;;;;;;;;;;;;;End-of-iteration summary row;;;15496.800938153252;15228.996646103;454;15228.996646103;9397.6244;;IterationSummary;;;;;;
71;3;9;1;normal;1;38ca0b9be622;move;;;8;12;;;;;;;;;;True;False;False;False;;ok;15945.40560154088;15496.800938153252;15496.800938153252;15228.996646103;455;15228.996646103;9422.5293;448.60466338762853;Evaluated;22.6674;2.2265;64;True;2;duplicate_for_same_parent_sequence
71;3;9;2;normal;1;38ca0b9be622;swap;18;25;;;;;;;;;;;;True;False;False;False;;ok;17451.5991786538;15496.800938153252;15496.800938153252;15228.996646103;456;15228.996646103;9441.36;1954.7982405005478;Evaluated;16.3979;2.4296;64;True;1;
71;3;9;3;normal;1;38ca0b9be622;reinsert_block;;;;;;;35;40;28;;;;;True;False;False;False;;ok;16784.203788627885;15496.800938153252;15496.800938153252;15228.996646103;457;15228.996646103;9460.5252;1287.402850474633;Evaluated;16.7336;2.4308;64;True;1;
71;3;9;4;normal;1;38ca0b9be622;move;;;30;18;;;;;;;;;;True;False;False;True;;ok;17199.285439138665;15496.800938153252;15496.800938153252;15228.996646103;458;15228.996646103;9483.4574;1702.4845009854125;Evaluated;20.4933;2.4366;64;True;2;duplicate_for_same_parent_sequence
71;3;9;5;normal;1;38ca0b9be622;move;;;25;30;;;;;;;;;;True;False;False;False;;ok;16876.56097671439;15496.800938153252;15496.800938153252;15228.996646103;459;15228.996646103;9502.0386;1379.7600385611386;Evaluated;16.1452;2.4352;64;True;1;
71;3;9;;normal;2;;;;;;;;;;;;;;;;;;;;;End-of-iteration summary row;;;15496.800938153252;15228.996646103;459;15228.996646103;9502.0426;;IterationSummary;;;;;;
72;3;10;1;normal;2;38ca0b9be622;move;;;8;3;;;;;;;;;;True;False;False;False;;ok;17923.043133131552;15496.800938153252;15496.800938153252;15228.996646103;460;15228.996646103;9531.0209;2426.2421949783;Evaluated;26.5431;2.4288;64;True;3;duplicate_for_same_parent_sequence
72;3;10;2;normal;2;38ca0b9be622;swap;17;25;;;;;;;;;;;;True;False;False;False;;ok;17484.26092680057;15496.800938153252;15496.800938153252;15228.996646103;461;15228.996646103;9549.8447;1987.459988647317;Evaluated;16.3954;2.4277;64;True;1;
72;3;10;3;normal;2;38ca0b9be622;move;;;15;20;;;;;;;;;;True;False;False;False;;ok;17739.23290470066;15496.800938153252;15496.800938153252;15228.996646103;462;15228.996646103;9572.9744;2242.4319665474086;Evaluated;20.7007;2.428;64;True;2;duplicate_for_same_parent_sequence
72;3;10;4;normal;2;38ca0b9be622;move;;;55;60;;;;;;;;;;True;False;False;False;;ok;16130.363614419146;15496.800938153252;15496.800938153252;15228.996646103;463;15228.996646103;9595.4137;633.562676265894;Evaluated;20.0096;2.4264;64;True;2;duplicate_for_same_parent_sequence
72;3;10;5;normal;2;38ca0b9be622;move;;;20;15;;;;;;;;;;True;False;False;False;;ok;15657.031256578393;15496.800938153252;15496.800938153252;15228.996646103;464;15228.996646103;9614.0867;160.23031842514138;Evaluated;16.4379;2.2324;64;True;1;
72;3;10;;normal;3;;;;;;;;;;;;;;;;;;;;;End-of-iteration summary row;;;15496.800938153252;15228.996646103;464;15228.996646103;9614.0894;;IterationSummary;;;;;;
73;3;11;1;diversification;3;38ca0b9be622;move;;;28;3;;;;;;;;;;True;False;False;True;;ok;17540.931832497587;15496.800938153252;15496.800938153252;15228.996646103;465;15228.996646103;9639.6342;2044.1308943443346;Evaluated;23.1011;2.4308;64;True;2;duplicate_for_same_parent_sequence
73;3;11;2;diversification;3;38ca0b9be622;reinsert_block;;;;;;;18;23;5;;;;;True;False;False;True;;ok;17169.899761996006;15496.800938153252;15496.800938153252;15228.996646103;466;15228.996646103;9659.1628;1673.0988238427544;Evaluated;17.0939;2.4329;64;True;1;
73;3;11;3;diversification;3;38ca0b9be622;swap;35;40;;;;;;;;;;;;True;False;False;False;;ok;16459.26058932733;15496.800938153252;15496.800938153252;15228.996646103;467;15228.996646103;9678.4078;962.4596511740765;Evaluated;16.8066;2.4353;64;True;1;
73;3;11;4;diversification;3;38ca0b9be622;move;;;50;48;;;;;;;;;;True;False;False;False;;ok;15460.664749439515;15496.800938153252;15496.800938153252;15228.996646103;468;15228.996646103;9697.4319;-36.13618871373728;EvaluatedImprovementDespiteDiversificationMismatch;16.7953;2.2261;64;True;1;
73;3;11;5;diversification;3;38ca0b9be622;move;;;28;10;;;;;;;;;;True;False;False;True;;ok;17905.968567203756;15496.800938153252;15496.800938153252;15228.996646103;469;15228.996646103;9716.7026;2409.167629050504;Evaluated;16.8391;2.4279;64;True;1;
73;3;11;6;diversification;3;38ca0b9be622;move;;;8;15;;;;;;;;;;True;False;False;False;;ok;15608.113458597363;15496.800938153252;15496.800938153252;15228.996646103;470;15228.996646103;9739.5562;111.31252044411121;Evaluated;20.6207;2.23;64;True;2;duplicate_for_same_parent_sequence
73;3;11;7;diversification;3;38ca0b9be622;move;;;28;35;;;;;;;;;;True;False;False;False;;ok;16878.908200117614;15496.800938153252;15496.800938153252;15228.996646103;471;15228.996646103;9758.4272;1382.107261964362;Evaluated;16.4388;2.4294;64;True;1;
73;3;11;8;diversification;3;38ca0b9be622;move;;;18;25;;;;;;;;;;True;False;False;False;;ok;17346.303087097913;15496.800938153252;15496.800938153252;15228.996646103;472;15228.996646103;9777.6304;1849.5021489446608;Evaluated;16.7715;2.4286;64;True;1;
73;3;11;9;diversification;3;38ca0b9be622;move;;;10;15;;;;;;;;;;True;False;False;False;;ok;17817.766896269666;15496.800938153252;15496.800938153252;15228.996646103;473;15228.996646103;9800.4389;2320.965958116414;Evaluated;20.3796;2.4256;64;True;2;duplicate_for_same_parent_sequence
73;3;11;10;diversification;3;38ca0b9be622;move;;;45;50;;;;;;;;;;True;False;False;False;;ok;15741.294118691252;15496.800938153252;15496.800938153252;15228.996646103;474;15228.996646103;9819.7551;244.49318053800016;Evaluated;17.0813;2.2314;64;True;1;
73;3;11;;diversification;0;;;;;;;;;;;;;;;;;;;;;End-of-iteration summary row;;;15460.664749439515;15228.996646103;474;15228.996646103;9819.7721;;IterationSummary;;;;;;
74;3;12;1;normal;0;56ef9c57f468;move;;;7;10;;;;;;;;;;True;False;False;False;;ok;15633.029644271362;15460.664749439515;15460.664749439515;15228.996646103;475;15228.996646103;9841.5132;172.36489483184778;Evaluated;19.5061;2.2287;64;True;1;
74;3;12;2;normal;0;56ef9c57f468;swap;20;25;;;;;;;;;;;;True;False;False;False;;ok;16504.29523639402;15460.664749439515;15460.664749439515;15228.996646103;476;15228.996646103;9860.6727;1043.6304869545056;Evaluated;16.7282;2.4281;64;True;1;
74;3;12;3;normal;0;56ef9c57f468;reinsert_block;;;;;;;32;37;40;;;;;True;False;False;False;;ok;17803.41591870355;15460.664749439515;15460.664749439515;15228.996646103;477;15228.996646103;9879.8626;2342.7511692640364;Evaluated;16.7615;2.4256;64;True;1;
74;3;12;4;normal;0;56ef9c57f468;move;;;50;48;;;;;;;;;;True;False;False;False;;ok;15702.32611532327;15460.664749439515;15460.664749439515;15228.996646103;478;15228.996646103;9898.5353;241.66136588375593;Evaluated;16.4392;2.2307;64;True;1;
74;3;12;5;normal;0;56ef9c57f468;move;;;40;5;;;;;;;;;;True;False;False;True;;ok;15543.840368787392;15460.664749439515;15460.664749439515;15228.996646103;479;15228.996646103;9916.9231;83.17561934787773;Evaluated;16.1594;2.225;64;True;1;
74;3;12;;normal;1;;;;;;;;;;;;;;;;;;;;;End-of-iteration summary row;;;15460.664749439515;15228.996646103;479;15228.996646103;9916.9269;;IterationSummary;;;;;;
75;3;13;1;normal;1;56ef9c57f468;move;;;10;5;;;;;;;;;;True;False;False;False;;ok;15689.930527187615;15460.664749439515;15460.664749439515;15228.996646103;480;15228.996646103;9938.184;229.26577774809994;Evaluated;19.0227;2.2251;64;True;1;
75;3;13;2;normal;1;56ef9c57f468;move;;;18;23;;;;;;;;;;True;False;False;False;;ok;16896.05707733831;15460.664749439515;15460.664749439515;15228.996646103;481;15228.996646103;9960.694;1435.3923278987968;Evaluated;20.0815;2.4254;64;True;2;duplicate_for_same_parent_sequence
75;3;13;3;normal;1;56ef9c57f468;reinsert_block;;;;;;;34;39;15;;;;;True;False;False;True;;ok;15942.097855807539;15460.664749439515;15460.664749439515;15228.996646103;482;15228.996646103;9980.0685;481.4331063680238;Evaluated;17.1462;2.2252;64;True;1;
75;3;13;4;normal;1;56ef9c57f468;move;;;60;55;;;;;;;;;;True;False;False;False;;ok;15537.598837696301;15460.664749439515;15460.664749439515;15228.996646103;483;15228.996646103;10002.5737;76.93408825678671;Evaluated;20.2766;2.2262;64;True;2;duplicate_for_same_parent_sequence
75;3;13;5;normal;1;56ef9c57f468;move;;;28;15;;;;;;;;;;True;False;False;True;;ok;16857.68082692265;15460.664749439515;15460.664749439515;15228.996646103;484;15228.996646103;10021.2012;1397.0160774831347;Evaluated;16.1937;2.4331;64;True;1;
75;3;13;;normal;2;;;;;;;;;;;;;;;;;;;;;End-of-iteration summary row;;;15460.664749439515;15228.996646103;484;15228.996646103;10021.2043;;IterationSummary;;;;;;
76;3;14;1;normal;2;56ef9c57f468;move;;;8;5;;;;;;;;;;True;False;False;False;;ok;15635.243513048394;15460.664749439515;15460.664749439515;15228.996646103;485;15228.996646103;10046.3349;174.57876360887894;Evaluated;22.8902;2.2287;64;True;2;duplicate_for_same_parent_sequence
76;3;14;2;normal;2;56ef9c57f468;swap;18;20;;;;;;;;;;;;True;False;False;False;;ok;16888.340590525335;15460.664749439515;15460.664749439515;15228.996646103;486;15228.996646103;10065.1526;1427.6758410858201;Evaluated;16.3913;2.4249;64;True;1;
76;3;14;3;normal;2;56ef9c57f468;reinsert_block;;;;;;;35;40;16;;;;;True;False;False;True;;ok;15984.467882820663;15460.664749439515;15460.664749439515;15228.996646103;487;15228.996646103;10084.1275;523.8031333811487;Evaluated;16.7448;2.2265;64;True;1;
76;3;14;4;normal;2;56ef9c57f468;move;;;17;22;;;;;;;;;;True;False;False;False;;ok;16890.553427040384;15460.664749439515;15460.664749439515;15228.996646103;488;15228.996646103;10106.8072;1429.8886776008694;Evaluated;20.2446;2.4322;64;True;2;duplicate_for_same_parent_sequence
76;3;14;5;normal;2;56ef9c57f468;move;;;40;25;;;;;;;;;;True;False;False;True;;ok;17104.553716774804;15460.664749439515;15460.664749439515;15228.996646103;489;15228.996646103;10125.3979;1643.8889673352896;Evaluated;16.1587;2.4289;64;True;1;
76;3;14;;normal;3;;;;;;;;;;;;;;;;;;;;;End-of-iteration summary row;;;15460.664749439515;15228.996646103;489;15228.996646103;10125.4007;;IterationSummary;;;;;;
77;3;15;1;diversification;3;56ef9c57f468;move;;;8;12;;;;;;;;;;True;False;False;False;;ok;15953.722889192151;15460.664749439515;15460.664749439515;15228.996646103;490;15228.996646103;10150.7601;493.05813975263663;Evaluated;23.1188;2.226;64;True;2;duplicate_for_same_parent_sequence
77;3;15;2;diversification;3;56ef9c57f468;reinsert_block;;;;;;;25;30;18;;;;;True;False;False;False;;ok;16903.614288607307;15460.664749439515;15460.664749439515;15228.996646103;491;15228.996646103;10170.3252;1442.949539167792;Evaluated;17.1336;2.4285;64;True;1;
77;3;15;3;diversification;3;56ef9c57f468;swap;40;50;;;;;;;;;;;;True;False;False;False;;ok;15464.807777508275;15460.664749439515;15460.664749439515;15228.996646103;492;15228.996646103;10189.3228;4.143028068760032;Evaluated;16.7687;2.2254;64;True;1;
77;3;15;4;diversification;3;56ef9c57f468;move;;;61;59;;;;;;;;;;True;False;False;False;;ok;15707.059019680813;15460.664749439515;15460.664749439515;15228.996646103;493;15228.996646103;10211.975;246.39427024129873;Evaluated;20.4217;2.2276;64;True;2;duplicate_for_same_parent_sequence
77;3;15;5;diversification;3;56ef9c57f468;move;;;15;20;;;;;;;;;;True;False;False;False;;ok;17285.89301963756;15460.664749439515;15460.664749439515;15228.996646103;494;15228.996646103;10231.2771;1825.228270198044;Evaluated;16.8711;2.4282;64;True;1;
77;3;15;6;diversification;3;56ef9c57f468;move;;;50;40;;;;;;;;;;True;False;False;True;;ok;15960.780977787752;15460.664749439515;15460.664749439515;15228.996646103;495;15228.996646103;10250.2813;500.1162283482372;Evaluated;16.7759;2.2248;64;True;1;
77;3;15;7;diversification;3;56ef9c57f468;move;;;20;5;;;;;;;;;;True;False;False;True;;ok;15652.545021441376;15460.664749439515;15460.664749439515;15228.996646103;496;15228.996646103;10268.9379;191.88027200186116;Evaluated;16.429;2.2235;64;True;1;
77;3;15;8;diversification;3;56ef9c57f468;move;;;25;30;;;;;;;;;;True;False;False;False;;ok;16421.357257597472;15460.664749439515;15460.664749439515;15228.996646103;497;15228.996646103;10288.1579;960.6925081579575;Evaluated;16.7874;2.4309;64;True;1;
77;3;15;9;diversification;3;56ef9c57f468;move;;;4;18;;;;;;;;;;True;False;False;True;;ok;17456.67883397085;15460.664749439515;15460.664749439515;15228.996646103;498;15228.996646103;10310.8842;1996.0140845313363;Evaluated;20.2964;2.4266;64;True;2;duplicate_for_same_parent_sequence
77;3;15;10;diversification;3;56ef9c57f468;move;;;50;45;;;;;;;;;;True;False;False;False;;ok;16051.888736515235;15460.664749439515;15460.664749439515;15228.996646103;499;15228.996646103;10330.2538;591.2239870757203;Evaluated;16.9382;2.4285;64;True;1;
77;3;15;;diversification;4;;;;;;;;;;;;;;;;;;;;;End-of-iteration summary row;;;15460.664749439515;15228.996646103;499;15228.996646103;10330.2568;;IterationSummary;;;;;;
78;3;16;1;diversification;4;56ef9c57f468;move;;;20;35;;;;;;;;;;True;False;False;True;;ok;15642.062092956388;15460.664749439515;15460.664749439515;15228.996646103;500;15228.996646103;10356.345;181.39734351687366;Evaluated;23.8483;2.2253;64;True;2;duplicate_for_same_parent_sequence
78;3;16;2;diversification;4;56ef9c57f468;reinsert_block;;;;;;;20;25;16;;;;;True;False;False;False;;ok;18259.54696421069;15460.664749439515;15460.664749439515;15228.996646103;501;15228.996646103;10376.1599;2798.882214771176;Evaluated;17.1808;2.6311;64;True;1;
78;3;16;3;diversification;4;56ef9c57f468;swap;35;42;;;;;;;;;;;;True;False;False;False;;ok;15948.41821558275;15460.664749439515;15460.664749439515;15228.996646103;502;15228.996646103;10395.2388;487.7534661432346;Evaluated;16.8499;2.2257;64;True;1;
78;3;16;4;diversification;4;56ef9c57f468;move;;;62;55;;;;;;;;;;True;False;False;False;;ok;16109.495881054985;15460.664749439515;15460.664749439515;15228.996646103;503;15228.996646103;10418.1227;648.8311316154704;Evaluated;20.4509;2.4299;64;True;2;duplicate_for_same_parent_sequence
78;3;16;5;diversification;4;56ef9c57f468;swap;3;8;;;;;;;;;;;;True;False;False;False;;ok;17403.271802428673;15460.664749439515;15460.664749439515;15228.996646103;504;15228.996646103;10440.8287;1942.6070529891585;Evaluated;20.2776;2.4253;64;True;2;duplicate_for_same_parent_sequence
78;3;16;6;diversification;4;56ef9c57f468;move;;;18;34;;;;;;;;;;True;False;False;True;;ok;16441.548979381445;15460.664749439515;15460.664749439515;15228.996646103;505;15228.996646103;10463.7086;980.8842299419302;Evaluated;20.4509;2.4256;64;True;2;duplicate_for_same_parent_sequence
78;3;16;7;diversification;4;56ef9c57f468;move;;;30;10;;;;;;;;;;True;False;False;True;;ok;16747.921004908887;15460.664749439515;15460.664749439515;15228.996646103;506;15228.996646103;10486.2355;1287.2562554693723;Evaluated;20.0911;2.433;64;True;2;duplicate_for_same_parent_sequence
78;3;16;8;diversification;4;56ef9c57f468;move;;;20;15;;;;;;;;;;True;False;False;False;;ok;15658.153871890674;15460.664749439515;15460.664749439515;15228.996646103;507;15228.996646103;10505.296;197.48912245115935;Evaluated;16.8283;2.2296;64;True;1;
78;3;16;9;diversification;4;56ef9c57f468;move;;;24;30;;;;;;;;;;True;False;False;False;;ok;15921.51947067954;15460.664749439515;15460.664749439515;15228.996646103;508;15228.996646103;10524.3246;460.85472124002445;Evaluated;16.7963;2.2295;64;True;1;
78;3;16;10;diversification;4;56ef9c57f468;move;;;40;15;;;;;;;;;;True;False;False;True;;ok;16194.645198074857;15460.664749439515;15460.664749439515;15228.996646103;509;15228.996646103;10543.604;733.9804486353423;Evaluated;16.8457;2.4305;64;True;1;
78;3;16;;diversification;5;;;;;;;;;;;;;;;;;;;;;End-of-iteration summary row;;;15460.664749439515;15228.996646103;509;15228.996646103;10543.6074;;IterationSummary;;;;;;
79;3;17;1;diversification;5;56ef9c57f468;move;;;5;20;;;;;;;;;;True;False;False;True;;ok;17094.68524068626;15460.664749439515;15460.664749439515;15228.996646103;510;15228.996646103;10566.0544;1634.0204912467452;Evaluated;20.0076;2.4286;64;True;1;
79;3;17;2;diversification;5;56ef9c57f468;move;;;30;40;;;;;;;;;;True;False;False;True;;ok;16186.798835626203;15460.664749439515;15460.664749439515;15228.996646103;511;15228.996646103;10589.3015;726.1340861866884;Evaluated;20.8202;2.4237;64;True;2;duplicate_for_same_parent_sequence
79;3;17;3;diversification;5;56ef9c57f468;swap;32;47;;;;;;;;;;;;True;False;False;True;;ok;16388.044586674685;15460.664749439515;15460.664749439515;15228.996646103;512;15228.996646103;10612.4111;927.3798372351703;Evaluated;20.6758;2.4329;64;True;2;duplicate_for_same_parent_sequence
79;3;17;4;diversification;5;56ef9c57f468;move;;;52;61;;;;;;;;;;True;False;False;False;;ok;15658.641567623887;15460.664749439515;15460.664749439515;15228.996646103;513;15228.996646103;10635.0704;197.97681818437195;Evaluated;20.4259;2.2307;64;True;2;duplicate_for_same_parent_sequence
79;3;17;5;diversification;5;56ef9c57f468;swap;2;4;;;;;;;;;;;;True;False;False;False;;ok;17336.50988824932;15460.664749439515;15460.664749439515;15228.996646103;514;15228.996646103;10658.1096;1875.8451388098038;Evaluated;20.6007;2.4356;64;True;2;duplicate_for_same_parent_sequence
79;3;17;6;diversification;5;56ef9c57f468;move;;;45;18;;;;;;;;;;True;False;False;True;;ok;16922.352292741398;15460.664749439515;15460.664749439515;15228.996646103;515;15228.996646103;10677.4071;1461.6875433018831;Evaluated;16.8712;2.4255;64;True;1;
79;3;17;7;diversification;5;56ef9c57f468;move;;;35;10;;;;;;;;;;True;False;False;True;;ok;17342.452808383146;15460.664749439515;15460.664749439515;15228.996646103;516;15228.996646103;10699.9624;1881.7880589436318;Evaluated;20.124;2.428;64;True;2;duplicate_for_same_parent_sequence
79;3;17;8;diversification;5;56ef9c57f468;move;;;25;40;;;;;;;;;;True;False;False;True;;ok;15948.62938589542;15460.664749439515;15460.664749439515;15228.996646103;517;15228.996646103;10726.464;487.96463645590484;Evaluated;24.2708;2.228;64;True;3;duplicate_for_same_parent_sequence
79;3;17;9;diversification;5;56ef9c57f468;move;;;32;18;;;;;;;;;;True;False;False;True;;ok;16391.408547622355;15460.664749439515;15460.664749439515;15228.996646103;518;15228.996646103;10749.5639;930.7437981828407;Evaluated;20.6707;2.426;64;True;2;duplicate_for_same_parent_sequence
79;3;17;10;diversification;5;56ef9c57f468;move;;;50;18;;;;;;;;;;True;False;False;True;;ok;15816.713454466057;15460.664749439515;15460.664749439515;15228.996646103;519;15228.996646103;10768.6906;356.04870502654194;Evaluated;16.8962;2.2277;64;True;1;
79;3;17;;diversification;6;;;;;;;;;;;;;;;;;;;;;End-of-iteration summary row;;;15460.664749439515;15228.996646103;519;15228.996646103;10768.694;;IterationSummary;;;;;;
80;3;18;1;diversification;6;56ef9c57f468;move;;;4;10;;;;;;;;;;True;False;False;False;;ok;17788.60650410756;15460.664749439515;15460.664749439515;15228.996646103;520;15228.996646103;10791.115;2327.941754668045;Evaluated;19.975;2.429;64;True;1;
80;3;18;2;diversification;6;56ef9c57f468;reinsert_block;;;;;;;18;25;40;;;;;True;False;False;True;;ok;16680.742455173084;15460.664749439515;15460.664749439515;15228.996646103;521;15228.996646103;10810.7215;1220.077705733569;Evaluated;17.1719;2.4316;64;True;1;
80;3;18;3;diversification;6;56ef9c57f468;swap;42;50;;;;;;;;;;;;True;False;False;False;;ok;16390.095912509296;15460.664749439515;15460.664749439515;15228.996646103;522;15228.996646103;10830.025;929.4311630697812;Evaluated;16.8734;2.4269;64;True;1;
80;3;18;4;diversification;6;56ef9c57f468;move;;;52;48;;;;;;;;;;True;False;False;False;;ok;15615.97879949823;15460.664749439515;15460.664749439515;15228.996646103;523;15228.996646103;10849.0959;155.31405005871602;Evaluated;16.8401;2.2279;64;True;1;
80;3;18;5;diversification;6;56ef9c57f468;swap;4;8;;;;;;;;;;;;True;False;False;False;;ok;17498.996120220858;15460.664749439515;15460.664749439515;15228.996646103;524;15228.996646103;10871.9325;2038.3313707813431;Evaluated;20.4019;2.432;64;True;2;duplicate_for_same_parent_sequence
80;3;18;6;diversification;6;56ef9c57f468;move;;;15;45;;;;;;;;;;True;False;False;True;;ok;17291.71508580164;15460.664749439515;15460.664749439515;15228.996646103;525;15228.996646103;10895.0815;1831.0503363621247;Evaluated;20.7173;2.4288;64;True;2;duplicate_for_same_parent_sequence
80;3;18;7;diversification;6;56ef9c57f468;move;;;10;25;;;;;;;;;;True;False;False;True;;ok;16971.073851256828;15460.664749439515;15460.664749439515;15228.996646103;526;15228.996646103;10914.0068;1510.409101817313;Evaluated;16.4912;2.4313;64;True;1;
80;3;18;8;diversification;6;56ef9c57f468;move;;;15;8;;;;;;;;;;True;False;False;False;;ok;17331.960746992383;15460.664749439515;15460.664749439515;15228.996646103;527;15228.996646103;10933.2043;1871.2959975528684;Evaluated;16.772;2.4229;64;True;1;
80;3;18;9;diversification;6;56ef9c57f468;move;;;30;15;;;;;;;;;;True;False;False;True;;ok;18079.582148389287;15460.664749439515;15460.664749439515;15228.996646103;528;15228.996646103;10956.077;2618.917398949772;Evaluated;20.436;2.4338;64;True;2;duplicate_for_same_parent_sequence
80;3;18;10;diversification;6;56ef9c57f468;move;;;45;20;;;;;;;;;;True;False;False;True;;ok;15739.32885697931;15460.664749439515;15460.664749439515;15228.996646103;529;15228.996646103;10975.2436;278.6641075397947;Evaluated;16.938;2.2252;64;True;1;
80;3;18;;diversification;7;;;;;;;;;;;;;;;;;;;;;End-of-iteration summary row;;;15460.664749439515;15228.996646103;529;15228.996646103;10975.2474;;IterationSummary;;;;;;
81;3;19;1;diversification;7;56ef9c57f468;move;;;7;30;;;;;;;;;;True;False;False;True;;ok;17092.431512171952;15460.664749439515;15460.664749439515;15228.996646103;530;15228.996646103;11001.5193;1631.7667627324372;Evaluated;23.8359;2.4258;64;True;2;duplicate_for_same_parent_sequence
81;3;19;2;diversification;7;56ef9c57f468;reinsert_block;;;;;;;18;24;35;;;;;True;False;False;True;;ok;16185.601243586907;15460.664749439515;15460.664749439515;15228.996646103;531;15228.996646103;11021.1185;724.9364941473923;Evaluated;17.1708;2.4255;64;True;1;
81;3;19;3;diversification;7;56ef9c57f468;swap;37;40;;;;;;;;;;;;True;False;False;False;;ok;15821.058024576816;15460.664749439515;15460.664749439515;15228.996646103;532;15228.996646103;11043.7962;360.3932751373013;Evaluated;20.449;2.2259;64;True;2;duplicate_for_same_parent_sequence
81;3;19;4;diversification;7;56ef9c57f468;move;;;48;52;;;;;;;;;;True;False;False;False;;ok;15581.636424110835;15460.664749439515;15460.664749439515;15228.996646103;533;15228.996646103;11070.0466;120.97167467132022;Evaluated;24.0239;2.2237;64;True;3;duplicate_for_same_parent_sequence
81;3;19;5;diversification;7;56ef9c57f468;move;;;20;40;;;;;;;;;;True;False;False;True;;ok;15757.044450847008;15460.664749439515;15460.664749439515;15228.996646103;534;15228.996646103;11093.04;296.3797014074935;Evaluated;20.7619;2.2287;64;True;2;duplicate_for_same_parent_sequence
81;3;19;6;diversification;7;56ef9c57f468;move;;;35;50;;;;;;;;;;True;False;False;True;;ok;15996.32897016366;15460.664749439515;15460.664749439515;15228.996646103;535;15228.996646103;11115.6213;535.6642207241457;Evaluated;20.3565;2.2241;64;True;2;duplicate_for_same_parent_sequence
81;3;19;7;diversification;7;56ef9c57f468;move;;;18;45;;;;;;;;;;True;False;False;True;;ok;15865.104690366165;15460.664749439515;15460.664749439515;15228.996646103;536;15228.996646103;11138.0114;404.4399409266498;Evaluated;20.1565;2.2311;64;True;2;duplicate_for_same_parent_sequence
81;3;19;8;diversification;7;56ef9c57f468;move;;;18;35;;;;;;;;;;True;False;False;True;;ok;16441.548979381445;15460.664749439515;15460.664749439515;15228.996646103;537;15228.996646103;11157.518;980.8842299419302;Evaluated;17.0761;2.4275;64;True;1;
81;3;19;9;diversification;7;56ef9c57f468;move;;;28;16;;;;;;;;;;True;False;False;True;;ok;16855.989990974624;15460.664749439515;15460.664749439515;15228.996646103;538;15228.996646103;11176.7466;1395.325241535109;Evaluated;16.7992;2.4261;64;True;1;
81;3;19;10;diversification;7;56ef9c57f468;move;;;50;42;;;;;;;;;;True;False;False;False;;ok;15963.292086996811;15460.664749439515;15460.664749439515;15228.996646103;539;15228.996646103;11195.8628;502.6273375572964;Evaluated;16.8762;2.2369;64;True;1;
81;3;19;;diversification;8;;;;;;;;;;;;;;;;;;;;;End-of-iteration summary row;;;15460.664749439515;15228.996646103;539;15228.996646103;11195.8656;;IterationSummary;;;;;;
82;3;20;1;diversification;8;56ef9c57f468;move;;;15;25;;;;;;;;;;True;False;False;True;;ok;17295.49585772048;15460.664749439515;15460.664749439515;15228.996646103;540;15228.996646103;11225.5693;1834.8311082809669;Evaluated;27.2624;2.4319;64;True;3;duplicate_for_same_parent_sequence
82;3;20;2;diversification;8;56ef9c57f468;reinsert_block;;;;;;;20;25;35;;;;;True;False;False;True;;ok;15910.338241997993;15460.664749439515;15460.664749439515;15228.996646103;541;15228.996646103;11245.0157;449.67349255847876;Evaluated;17.209;2.2339;64;True;1;
82;3;20;3;diversification;8;56ef9c57f468;swap;35;40;;;;;;;;;;;;True;False;False;False;;ok;16001.922618803212;15460.664749439515;15460.664749439515;15228.996646103;542;15228.996646103;11264.3005;541.257869363697;Evaluated;17.0543;2.2273;64;True;1;
82;3;20;4;diversification;8;56ef9c57f468;move;;;58;40;;;;;;;;;;True;False;False;True;;ok;15631.489513774794;15460.664749439515;15460.664749439515;15228.996646103;543;15228.996646103;11283.3723;170.82476433527881;Evaluated;16.839;2.2298;64;True;1;
82;3;20;5;diversification;8;56ef9c57f468;move;;;24;38;;;;;;;;;;True;False;False;True;;ok;15936.605889354352;15460.664749439515;15460.664749439515;15228.996646103;544;15228.996646103;11306.017;475.94113991483755;Evaluated;20.4156;2.228;64;True;2;duplicate_for_same_parent_sequence
82;3;20;6;diversification;8;56ef9c57f468;move;;;50;28;;;;;;;;;;True;False;False;True;;ok;16396.22515324996;15460.664749439515;15460.664749439515;15228.996646103;545;15228.996646103;11325.3183;935.5604038104466;Evaluated;16.8679;2.4306;64;True;1;
82;3;20;7;diversification;8;56ef9c57f468;move;;;30;20;;;;;;;;;;True;False;False;True;;ok;16279.094644258126;15460.664749439515;15460.664749439515;15228.996646103;546;15228.996646103;11348.1224;818.4298948186115;Evaluated;20.3697;2.4312;64;True;2;duplicate_for_same_parent_sequence
82;3;20;8;diversification;8;56ef9c57f468;move;;;20;30;;;;;;;;;;True;False;False;True;;ok;15647.569624686963;15460.664749439515;15460.664749439515;15228.996646103;547;15228.996646103;11370.6037;186.90487524744822;Evaluated;20.2508;2.2277;64;True;2;duplicate_for_same_parent_sequence
82;3;20;9;diversification;8;56ef9c57f468;move;;;15;28;;;;;;;;;;True;False;False;True;;ok;17291.125287276074;15460.664749439515;15460.664749439515;15228.996646103;548;15228.996646103;11393.4738;1830.4605378365595;Evaluated;20.4353;2.4314;64;True;2;duplicate_for_same_parent_sequence
82;3;20;10;diversification;8;56ef9c57f468;move;;;30;45;;;;;;;;;;True;False;False;True;;ok;16184.09473433249;15460.664749439515;15460.664749439515;15228.996646103;549;15228.996646103;11416.5175;723.429984892975;Evaluated;20.6165;2.4241;64;True;2;duplicate_for_same_parent_sequence
82;3;20;;diversification;9;;;;;;;;;;;;;;;;;;;;;End-of-iteration summary row;;;15460.664749439515;15228.996646103;549;15228.996646103;11416.5212;;IterationSummary;;;;;;
83;3;21;1;diversification;9;56ef9c57f468;move;;;8;15;;;;;;;;;;True;False;False;False;;ok;15609.65344340802;15460.664749439515;15460.664749439515;15228.996646103;550;15228.996646103;11442.5256;148.9886939685057;Evaluated;23.7638;2.2243;64;True;2;duplicate_for_same_parent_sequence
83;3;21;2;diversification;9;56ef9c57f468;reinsert_block;;;;;;;18;23;35;;;;;True;False;False;True;;ok;16208.90584491447;15460.664749439515;15460.664749439515;15228.996646103;551;15228.996646103;11462.1011;748.2410954749557;Evaluated;17.1477;2.4248;64;True;1;
83;3;21;3;diversification;9;56ef9c57f468;move;;;32;47;;;;;;;;;;True;False;False;True;;ok;16426.211460175386;15460.664749439515;15460.664749439515;15228.996646103;552;15228.996646103;11485.0081;965.5467107358709;Evaluated;20.4734;2.4308;64;True;2;duplicate_for_same_parent_sequence
83;3;21;4;diversification;9;56ef9c57f468;move;;;60;35;;;;;;;;;;True;False;False;True;;ok;16556.246374823524;15460.664749439515;15460.664749439515;15228.996646103;553;15228.996646103;11507.9085;1095.5816253840094;Evaluated;20.4645;2.433;64;True;2;duplicate_for_same_parent_sequence
83;3;21;5;diversification;9;56ef9c57f468;move;;;7;25;;;;;;;;;;True;False;False;True;;ok;16646.550351406488;15460.664749439515;15460.664749439515;15228.996646103;554;15228.996646103;11530.9767;1185.885601966973;Evaluated;20.6373;2.4279;64;True;2;duplicate_for_same_parent_sequence
83;3;21;6;diversification;9;56ef9c57f468;move;;;40;52;;;;;;;;;;True;False;False;True;;ok;15664.278467841017;15460.664749439515;15460.664749439515;15228.996646103;555;15228.996646103;11550.0957;203.6137184015024;Evaluated;16.8908;2.2253;64;True;1;
83;3;21;7;diversification;9;56ef9c57f468;move;;;40;30;;;;;;;;;;True;False;False;True;;ok;16233.634598242248;15460.664749439515;15460.664749439515;15228.996646103;556;15228.996646103;11572.3026;772.9698488027334;Evaluated;19.7742;2.4294;64;True;2;duplicate_for_same_parent_sequence
83;3;21;8;diversification;9;56ef9c57f468;move;;;18;25;;;;;;;;;;True;False;False;False;;ok;16892.5763644429;15460.664749439515;15460.664749439515;15228.996646103;557;15228.996646103;11595.1974;1431.9116150033842;Evaluated;20.4644;2.4267;64;True;2;duplicate_for_same_parent_sequence
83;3;21;9;diversification;9;56ef9c57f468;move;;;25;35;;;;;;;;;;True;False;False;True;;ok;15646.952029071988;15460.664749439515;15460.664749439515;15228.996646103;558;15228.996646103;11614.2035;186.28727963247366;Evaluated;16.7751;2.2283;64;True;1;
83;3;21;10;diversification;9;56ef9c57f468;move;;;35;48;;;;;;;;;;True;False;False;True;;ok;15985.08011308586;15460.664749439515;15460.664749439515;15228.996646103;559;15228.996646103;11636.8416;524.4153636463452;Evaluated;20.4084;2.2265;64;True;2;duplicate_for_same_parent_sequence
83;4;0;;diversification;0;;;;;;;;;;;;;;;;;;;;;End-of-iteration summary row;;;16641.404845676683;15228.996646103;560;15228.996646103;11639.2917;;IterationSummary;;;;;;
84;4;1;1;normal;0;0f63cf6f404e;move;;;7;15;;;;;;;;;;True;False;False;False;;ok;17092.364244404424;16641.404845676683;16641.404845676683;15228.996646103;561;15228.996646103;11659.0027;450.95939872774034;Evaluated;17.2687;2.4368;64;True;1;
84;4;1;2;normal;0;0f63cf6f404e;swap;16;20;;;;;;;;;;;;True;False;False;False;;ok;17711.083227795712;16641.404845676683;16641.404845676683;15228.996646103;562;15228.996646103;11675.463;1069.6783821190293;Evaluated;14.0257;2.4307;64;True;1;
84;4;1;3;normal;0;0f63cf6f404e;reinsert_block;;;;;;;32;40;16;;;;;True;False;False;True;;ok;16298.825894167576;16641.404845676683;16641.404845676683;15228.996646103;563;15228.996646103;11692.2124;-342.57895150910736;Evaluated;14.3161;2.4307;64;True;1;
84;4;1;4;normal;0;0f63cf6f404e;move;;;48;52;;;;;;;;;;True;False;False;False;;ok;16646.216404546863;16641.404845676683;16641.404845676683;15228.996646103;564;15228.996646103;11708.9007;4.811558870180306;Evaluated;14.2621;2.4237;64;True;1;
84;4;1;5;normal;0;0f63cf6f404e;move;;;5;10;;;;;;;;;;True;False;False;False;;ok;17532.182049666284;16641.404845676683;16641.404845676683;15228.996646103;565;15228.996646103;11725.0469;890.7772039896008;Evaluated;13.714;2.429;64;True;1;
84;4;1;;normal;0;;;;;;;;;;;;;;;;;;;;;End-of-iteration summary row;;;16298.825894167576;15228.996646103;565;15228.996646103;11725.0667;;IterationSummary;;;;;;
85;4;2;1;normal;0;78ad6c7cf661;move;;;10;5;;;;;;;;;;True;False;False;False;;ok;16838.464727752646;16298.825894167576;16298.825894167576;15228.996646103;566;15228.996646103;11746.388;539.6388335850697;Evaluated;18.8795;2.4368;64;True;1;
85;4;2;2;normal;0;78ad6c7cf661;swap;18;25;;;;;;;;;;;;True;False;False;False;;ok;17604.737953207958;16298.825894167576;16298.825894167576;15228.996646103;567;15228.996646103;11765.122;1305.9120590403818;Evaluated;16.3011;2.4298;64;True;1;
85;4;2;3;normal;0;78ad6c7cf661;reinsert_block;;;;;;;35;40;28;;;;;True;False;False;False;;ok;17005.547090700522;16298.825894167576;16298.825894167576;15228.996646103;568;15228.996646103;11784.1574;706.7211965329461;Evaluated;16.599;2.4339;64;True;1;
85;4;2;4;normal;0;78ad6c7cf661;move;;;50;48;;;;;;;;;;True;False;False;False;;ok;15835.989586839914;16298.825894167576;16298.825894167576;15228.996646103;569;15228.996646103;11802.8932;-462.8363073276614;Evaluated;16.5065;2.2265;64;True;1;
85;4;2;5;normal;0;78ad6c7cf661;move;;;25;10;;;;;;;;;;True;False;False;True;;ok;16816.83961477626;16298.825894167576;16298.825894167576;15228.996646103;570;15228.996646103;11821.3414;518.0137206086856;Evaluated;16.0103;2.4348;64;True;1;
85;4;2;;normal;0;;;;;;;;;;;;;;;;;;;;;End-of-iteration summary row;;;15835.989586839914;15228.996646103;570;15228.996646103;11821.3571;;IterationSummary;;;;;;
86;4;3;1;normal;0;b733df34cd28;move;;;7;15;;;;;;;;;;True;False;False;False;;ok;15853.267303104985;15835.989586839914;15835.989586839914;15228.996646103;571;15228.996646103;11842.0063;17.27771626507092;Evaluated;18.4129;2.2303;64;True;1;
86;4;3;2;normal;0;b733df34cd28;swap;19;20;;;;;;;;;;;;True;False;False;False;;ok;17098.068604755652;15835.989586839914;15835.989586839914;15228.996646103;572;15228.996646103;11860.4575;1262.0790179157375;Evaluated;16.0244;2.4257;64;True;1;
86;4;3;3;normal;0;b733df34cd28;reinsert_block;;;;;;;32;36;48;;;;;True;False;False;True;;ok;16181.339136560407;15835.989586839914;15835.989586839914;15228.996646103;573;15228.996646103;11879.4294;345.3495497204931;Evaluated;16.531;2.4376;64;True;1;
86;4;3;4;normal;0;b733df34cd28;move;;;50;48;;;;;;;;;;True;False;False;False;;ok;15836.533317402733;15835.989586839914;15835.989586839914;15228.996646103;574;15228.996646103;11897.8602;0.5437305628183822;Evaluated;16.2036;2.2236;64;True;1;
86;4;3;5;normal;0;b733df34cd28;move;;;28;10;;;;;;;;;;True;False;False;True;;ok;17458.061559374157;15835.989586839914;15835.989586839914;15228.996646103;575;15228.996646103;11916.2475;1622.0719725342424;Evaluated;15.9611;2.4255;64;True;1;
86;4;3;;normal;1;;;;;;;;;;;;;;;;;;;;;End-of-iteration summary row;;;15835.989586839914;15228.996646103;575;15228.996646103;11916.2511;;IterationSummary;;;;;;
87;4;4;1;normal;1;b733df34cd28;move;;;10;5;;;;;;;;;;True;False;False;False;;ok;16387.51697635233;15835.989586839914;15835.989586839914;15228.996646103;576;15228.996646103;11936.9294;551.5273895124155;Evaluated;18.2369;2.4327;64;True;1;
87;4;4;2;normal;1;b733df34cd28;swap;17;20;;;;;;;;;;;;True;False;False;False;;ok;17461.916798689166;15835.989586839914;15835.989586839914;15228.996646103;577;15228.996646103;11955.6237;1625.9272118492518;Evaluated;16.2596;2.4319;64;True;1;
87;4;4;3;normal;1;b733df34cd28;reinsert_block;;;;;;;35;40;28;;;;;True;False;False;False;;ok;16550.343371583604;15835.989586839914;15835.989586839914;15228.996646103;578;15228.996646103;11974.6355;714.3537847436892;Evaluated;16.5777;2.4316;64;True;1;
87;4;4;4;normal;1;b733df34cd28;move;;;25;10;;;;;;;;;;True;False;False;True;;ok;16363.336101012565;15835.989586839914;15835.989586839914;15228.996646103;579;15228.996646103;11997.0912;527.3465141726501;Evaluated;20.0255;2.4271;64;True;2;duplicate_for_same_parent_sequence
87;4;4;5;normal;1;b733df34cd28;move;;;10;25;;;;;;;;;;True;False;False;True;;ok;17086.925487393637;15835.989586839914;15835.989586839914;15228.996646103;580;15228.996646103;12015.5771;1250.9359005537226;Evaluated;16.0539;2.4287;64;True;1;
87;4;4;;normal;2;;;;;;;;;;;;;;;;;;;;;End-of-iteration summary row;;;15835.989586839914;15228.996646103;580;15228.996646103;12015.5802;;IterationSummary;;;;;;
88;4;5;1;normal;2;b733df34cd28;move;;;5;8;;;;;;;;;;True;False;False;False;;ok;17637.44338746522;15835.989586839914;15835.989586839914;15228.996646103;581;15228.996646103;12039.8111;1801.453800625306;Evaluated;21.7896;2.4266;64;True;2;duplicate_for_same_parent_sequence
88;4;5;2;normal;2;b733df34cd28;swap;20;25;;;;;;;;;;;;True;False;False;False;;ok;15792.618058209797;15835.989586839914;15835.989586839914;15228.996646103;582;15228.996646103;12058.6482;-43.37152863011761;Evaluated;16.6075;2.2266;64;True;1;
88;4;5;3;normal;2;b733df34cd28;reinsert_block;;;;;;;36;40;28;;;;;True;False;False;True;;ok;16088.536115215056;15835.989586839914;15835.989586839914;15228.996646103;583;15228.996646103;12077.6066;252.54652837514186;Evaluated;16.7253;2.2303;64;True;1;
88;4;5;4;normal;2;b733df34cd28;move;;;60;52;;;;;;;;;;True;False;False;False;;ok;16451.633990435483;15835.989586839914;15835.989586839914;15228.996646103;584;15228.996646103;12100.04;615.6444035955683;Evaluated;20.0032;2.4276;64;True;2;duplicate_for_same_parent_sequence
88;4;5;5;normal;2;b733df34cd28;swap;7;15;;;;;;;;;;;;True;False;False;False;;ok;15835.989586839914;15835.989586839914;15835.989586839914;15228.996646103;585;15228.996646103;12125.4662;0.0;Evaluated;23.1986;2.2267;64;True;3;duplicate_for_same_parent_sequence
88;4;5;;normal;0;;;;;;;;;;;;;;;;;;;;;End-of-iteration summary row;;;15792.618058209797;15228.996646103;585;15228.996646103;12125.4816;;IterationSummary;;;;;;
89;4;6;1;normal;0;9bdd94760cec;move;;;5;10;;;;;;;;;;True;False;False;False;;ok;17069.02647423281;15792.618058209797;15792.618058209797;15228.996646103;586;15228.996646103;12147.8163;1276.408416023014;Evaluated;19.9054;2.4241;64;True;1;
89;4;6;2;normal;0;9bdd94760cec;swap;18;20;;;;;;;;;;;;True;False;False;False;;ok;16656.839110866476;15792.618058209797;15792.618058209797;15228.996646103;587;15228.996646103;12167.299;864.2210526566796;Evaluated;17.0526;2.4271;64;True;1;
89;4;6;3;normal;0;9bdd94760cec;reinsert_block;;;;;;;35;40;28;;;;;True;False;False;False;;ok;16560.322440013675;15792.618058209797;15792.618058209797;15228.996646103;588;15228.996646103;12186.5289;767.7043818038783;Evaluated;16.7997;2.4273;64;True;1;
89;4;6;4;normal;0;9bdd94760cec;move;;;50;48;;;;;;;;;;True;False;False;False;;ok;15780.16842271939;15792.618058209797;15792.618058209797;15228.996646103;589;15228.996646103;12205.4185;-12.449635490407672;Evaluated;16.6655;2.2222;64;True;1;
89;4;6;5;normal;0;9bdd94760cec;move;;;53;40;;;;;;;;;;True;False;False;True;;ok;15896.773580590541;15792.618058209797;15792.618058209797;15228.996646103;590;15228.996646103;12223.677;104.15552238074451;Evaluated;16.0316;2.2249;64;True;1;
89;4;6;;normal;0;;;;;;;;;;;;;;;;;;;;;End-of-iteration summary row;;;15780.16842271939;15228.996646103;590;15228.996646103;12223.6923;;IterationSummary;;;;;;
90;4;7;1;normal;0;8a373c281498;move;;;5;10;;;;;;;;;;True;False;False;False;;ok;17072.911951557846;15780.16842271939;15780.16842271939;15228.996646103;591;15228.996646103;12245.0858;1292.7435288384568;Evaluated;18.9582;2.4276;64;True;1;
90;4;7;2;normal;0;8a373c281498;swap;18;20;;;;;;;;;;;;True;False;False;False;;ok;16661.809651202744;15780.16842271939;15780.16842271939;15228.996646103;592;15228.996646103;12263.9141;881.641228483355;Evaluated;16.3988;2.4266;64;True;1;
90;4;7;3;normal;0;8a373c281498;reinsert_block;;;;;;;36;40;28;;;;;True;False;False;True;;ok;16120.9127862495;15780.16842271939;15780.16842271939;15228.996646103;593;15228.996646103;12283.0533;340.7443635301115;Evaluated;16.7055;2.4308;64;True;1;
90;4;7;4;normal;0;8a373c281498;move;;;50;48;;;;;;;;;;True;False;False;False;;ok;16234.77109062831;15780.16842271939;15780.16842271939;15228.996646103;594;15228.996646103;12302.0605;454.6026679089209;Evaluated;16.5765;2.4277;64;True;1;
90;4;7;5;normal;0;8a373c281498;swap;15;20;;;;;;;;;;;;True;False;False;False;;ok;15795.660348030806;15780.16842271939;15780.16842271939;15228.996646103;595;15228.996646103;12324.2794;15.491925311416708;Evaluated;19.9863;2.2297;64;True;2;duplicate_for_same_parent_sequence
90;4;7;;normal;1;;;;;;;;;;;;;;;;;;;;;End-of-iteration summary row;;;15780.16842271939;15228.996646103;595;15228.996646103;12324.2838;;IterationSummary;;;;;;
91;4;8;1;normal;1;8a373c281498;move;;;10;5;;;;;;;;;;True;False;False;False;;ok;16841.608799944457;15780.16842271939;15780.16842271939;15228.996646103;596;15228.996646103;12345.119;1061.440377225068;Evaluated;18.3959;2.4292;64;True;1;
91;4;8;2;normal;1;8a373c281498;swap;30;35;;;;;;;;;;;;True;False;False;False;;ok;16325.277623794014;15780.16842271939;15780.16842271939;15228.996646103;597;15228.996646103;12367.5461;545.1092010746252;Evaluated;19.9975;2.4266;64;True;2;duplicate_for_same_parent_sequence
91;4;8;3;normal;1;8a373c281498;reinsert_block;;;;;;;36;42;28;;;;;True;False;False;True;;ok;16211.989833530666;15780.16842271939;15780.16842271939;15228.996646103;598;15228.996646103;12394.2156;431.821410811277;Evaluated;24.2387;2.4275;64;True;3;duplicate_for_same_parent_sequence
91;4;8;4;normal;1;8a373c281498;move;;;17;3;;;;;;;;;;True;False;False;True;;ok;17003.721484471585;15780.16842271939;15780.16842271939;15228.996646103;599;15228.996646103;12416.8723;1223.5530617521963;Evaluated;20.2257;2.4281;64;True;2;duplicate_for_same_parent_sequence
91;4;8;5;normal;1;8a373c281498;move;;;18;25;;;;;;;;;;True;False;False;False;;ok;16960.23541081109;15780.16842271939;15780.16842271939;15228.996646103;600;15228.996646103;12435.4889;1180.0669880916994;Evaluated;16.1888;2.4251;64;True;1;
91;4;8;;normal;2;;;;;;;;;;;;;;;;;;;;;End-of-iteration summary row;;;15780.16842271939;15228.996646103;600;15228.996646103;12435.4923;;IterationSummary;;;;;;
92;4;9;1;normal;2;8a373c281498;move;;;8;3;;;;;;;;;;True;False;False;False;;ok;17021.74133183001;15780.16842271939;15780.16842271939;15228.996646103;601;15228.996646103;12460.2981;1241.5729091106205;Evaluated;22.3697;2.422;64;True;2;duplicate_for_same_parent_sequence
92;4;9;2;normal;2;8a373c281498;swap;20;25;;;;;;;;;;;;True;False;False;False;;ok;15836.533317402733;15780.16842271939;15780.16842271939;15228.996646103;602;15228.996646103;12479.1697;56.364894683343664;Evaluated;16.6467;2.2241;64;True;1;
92;4;9;3;normal;2;8a373c281498;move;;;35;10;;;;;;;;;;True;False;False;True;;ok;16994.074018602827;15780.16842271939;15780.16842271939;15228.996646103;603;15228.996646103;12502.2796;1213.9055958834379;Evaluated;20.679;2.4275;64;True;2;duplicate_for_same_parent_sequence
92;4;9;4;normal;2;8a373c281498;move;;;49;52;;;;;;;;;;True;False;False;False;;ok;15772.524613741083;15780.16842271939;15780.16842271939;15228.996646103;604;15228.996646103;12521.1342;-7.6438089783059695;Evaluated;16.6338;2.2202;64;True;1;
92;4;9;5;normal;2;8a373c281498;move;;;25;10;;;;;;;;;;True;False;False;True;;ok;17429.48021495493;15780.16842271939;15780.16842271939;15228.996646103;605;15228.996646103;12539.7612;1649.3117922355395;Evaluated;16.199;2.4272;64;True;1;
92;4;9;;normal;0;;;;;;;;;;;;;;;;;;;;;End-of-iteration summary row;;;15772.524613741083;15228.996646103;605;15228.996646103;12539.7748;;IterationSummary;;;;;;
93;4;10;1;normal;0;418817e2defe;move;;;10;5;;;;;;;;;;True;False;False;False;;ok;16830.369829971525;15772.524613741083;15772.524613741083;15228.996646103;606;15228.996646103;12561.1879;1057.845216230442;Evaluated;18.9814;2.4237;64;True;1;
93;4;10;2;normal;0;418817e2defe;swap;18;25;;;;;;;;;;;;True;False;False;False;;ok;16944.20350753836;15772.524613741083;15772.524613741083;15228.996646103;607;15228.996646103;12580.2502;1171.6788937972779;Evaluated;16.6334;2.4262;64;True;1;
93;4;10;3;normal;0;418817e2defe;reinsert_block;;;;;;;36;42;28;;;;;True;False;False;True;;ok;16203.042610948756;15772.524613741083;15772.524613741083;15228.996646103;608;15228.996646103;12599.4334;430.51799720767303;Evaluated;16.7521;2.4282;64;True;1;
93;4;10;4;normal;0;418817e2defe;move;;;50;48;;;;;;;;;;True;False;False;False;;ok;16245.14830192632;15772.524613741083;15772.524613741083;15228.996646103;609;15228.996646103;12618.2882;472.62368818523646;Evaluated;16.4212;2.4306;64;True;1;
93;4;10;5;normal;0;418817e2defe;move;;;30;15;;;;;;;;;;True;False;False;True;;ok;16731.626049957616;15772.524613741083;15772.524613741083;15228.996646103;610;15228.996646103;12640.4534;959.1014362165333;Evaluated;19.7355;2.4263;64;True;2;duplicate_for_same_parent_sequence
93;4;10;;normal;1;;;;;;;;;;;;;;;;;;;;;End-of-iteration summary row;;;15772.524613741083;15228.996646103;610;15228.996646103;12640.457;;IterationSummary;;;;;;
94;4;11;1;normal;1;418817e2defe;move;;;7;2;;;;;;;;;;True;False;False;False;;ok;16354.167648268163;15772.524613741083;15772.524613741083;15228.996646103;611;15228.996646103;12664.9875;581.6430345270801;Evaluated;22.0919;2.4263;64;True;2;duplicate_for_same_parent_sequence
94;4;11;2;normal;1;418817e2defe;swap;18;20;;;;;;;;;;;;True;False;False;False;;ok;16649.796353096164;15772.524613741083;15772.524613741083;15228.996646103;612;15228.996646103;12683.8691;877.2717393550811;Evaluated;16.4467;2.4321;64;True;1;
94;4;11;3;normal;1;418817e2defe;reinsert_block;;;;;;;36;40;28;;;;;True;False;False;True;;ok;16113.87002847919;15772.524613741083;15772.524613741083;15228.996646103;613;15228.996646103;12703.3529;341.34541473810714;Evaluated;17.0557;2.4249;64;True;1;
94;4;11;4;normal;1;418817e2defe;move;;;54;60;;;;;;;;;;True;False;False;False;;ok;16416.03885175045;15772.524613741083;15772.524613741083;15228.996646103;614;15228.996646103;12722.1971;643.5142380093675;Evaluated;16.4162;2.4254;64;True;1;
94;4;11;5;normal;1;418817e2defe;move;;;10;25;;;;;;;;;;True;False;False;True;;ok;17080.061360705506;15772.524613741083;15772.524613741083;15228.996646103;615;15228.996646103;12744.6691;1307.5367469644225;Evaluated;20.0437;2.4238;64;True;2;duplicate_for_same_parent_sequence
94;4;11;;normal;2;;;;;;;;;;;;;;;;;;;;;End-of-iteration summary row;;;15772.524613741083;15228.996646103;615;15228.996646103;12744.6721;;IterationSummary;;;;;;
95;4;12;1;normal;2;418817e2defe;move;;;5;10;;;;;;;;;;True;False;False;False;;ok;17061.837133870682;15772.524613741083;15772.524613741083;15228.996646103;616;15228.996646103;12769.7284;1289.3125201295989;Evaluated;22.6166;2.4239;64;True;2;duplicate_for_same_parent_sequence
95;4;12;2;normal;2;418817e2defe;swap;17;20;;;;;;;;;;;;True;False;False;False;;ok;16346.683424552646;15772.524613741083;15772.524613741083;15228.996646103;617;15228.996646103;12792.434;574.158810811563;Evaluated;20.2754;2.4295;64;True;2;duplicate_for_same_parent_sequence
95;4;12;3;normal;2;418817e2defe;reinsert_block;;;;;;;36;42;50;;;;;True;False;False;True;;ok;15494.04845740501;15772.524613741083;15772.524613741083;15228.996646103;618;15228.996646103;12819.8082;-278.4761563360735;Evaluated;25.142;2.2293;64;True;3;duplicate_for_same_parent_sequence
95;4;12;4;normal;2;418817e2defe;move;;;28;45;;;;;;;;;;True;False;False;True;;ok;16208.480350231957;15772.524613741083;15772.524613741083;15228.996646103;619;15228.996646103;12845.7496;435.9557364908742;Evaluated;23.5128;2.4265;64;True;3;duplicate_for_same_parent_sequence
95;4;12;5;normal;2;418817e2defe;swap;25;30;;;;;;;;;;;;True;False;False;False;;ok;16752.852195220104;15772.524613741083;15772.524613741083;15228.996646103;620;15228.996646103;12868.006;980.3275814790213;Evaluated;19.8269;2.4265;64;True;2;duplicate_for_same_parent_sequence
95;4;12;;normal;0;;;;;;;;;;;;;;;;;;;;;End-of-iteration summary row;;;15494.04845740501;15228.996646103;620;15228.996646103;12868.0253;;IterationSummary;;;;;;
96;4;13;1;normal;0;c6cda0f2fae5;move;;;10;5;;;;;;;;;;True;False;False;False;;ok;16833.657898920108;15494.04845740501;15494.04845740501;15228.996646103;621;15228.996646103;12889.8474;1339.6094415150983;Evaluated;19.3903;2.4256;64;True;1;
96;4;13;2;normal;0;c6cda0f2fae5;swap;18;25;;;;;;;;;;;;True;False;False;False;;ok;16948.990763160276;15494.04845740501;15494.04845740501;15228.996646103;622;15228.996646103;12908.6221;1454.9423057552667;Evaluated;16.349;2.423;64;True;1;
96;4;13;3;normal;0;c6cda0f2fae5;reinsert_block;;;;;;;36;40;28;;;;;True;False;False;True;;ok;16117.904316846598;15494.04845740501;15494.04845740501;15228.996646103;623;15228.996646103;12927.7086;623.8558594415881;Evaluated;16.6583;2.4254;64;True;1;
96;4;13;4;normal;0;c6cda0f2fae5;move;;;50;48;;;;;;;;;;True;False;False;False;;ok;15965.650732783028;15494.04845740501;15494.04845740501;15228.996646103;624;15228.996646103;12946.5494;471.602275378018;Evaluated;16.6079;2.2302;64;True;1;
96;4;13;5;normal;0;c6cda0f2fae5;swap;23;30;;;;;;;;;;;;True;False;False;False;;ok;15808.805221875196;15494.04845740501;15494.04845740501;15228.996646103;625;15228.996646103;12968.4646;314.7567644701867;Evaluated;19.6826;2.2295;64;True;2;duplicate_for_same_parent_sequence
96;4;13;;normal;1;;;;;;;;;;;;;;;;;;;;;End-of-iteration summary row;;;15494.04845740501;15228.996646103;625;15228.996646103;12968.4676;;IterationSummary;;;;;;
97;4;14;1;normal;1;c6cda0f2fae5;move;;;3;8;;;;;;;;;;True;False;False;False;;ok;17434.879149908407;15494.04845740501;15494.04845740501;15228.996646103;626;15228.996646103;12990.2085;1940.8306925033976;Evaluated;19.2955;2.4304;64;True;1;
97;4;14;2;normal;1;c6cda0f2fae5;swap;20;25;;;;;;;;;;;;True;False;False;False;;ok;15829.490559632422;15494.04845740501;15494.04845740501;15228.996646103;627;15228.996646103;13009.1318;335.44210222741276;Evaluated;16.6964;2.2243;64;True;1;
97;4;14;3;normal;1;c6cda0f2fae5;move;;;35;15;;;;;;;;;;True;False;False;True;;ok;16929.469973552106;15494.04845740501;15494.04845740501;15228.996646103;628;15228.996646103;13031.9608;1435.4215161470966;Evaluated;20.3973;2.429;64;True;2;duplicate_for_same_parent_sequence
97;4;14;4;normal;1;c6cda0f2fae5;move;;;50;47;;;;;;;;;;True;False;False;False;;ok;15977.581435658416;15494.04845740501;15494.04845740501;15228.996646103;629;15228.996646103;13050.7072;483.5329782534063;Evaluated;16.5114;2.2319;64;True;1;
97;4;14;5;normal;1;c6cda0f2fae5;move;;;28;40;;;;;;;;;;True;False;False;True;;ok;15979.442153412874;15494.04845740501;15494.04845740501;15228.996646103;630;15228.996646103;13069.1303;485.3936960078645;Evaluated;16.1959;2.2246;64;True;1;
97;4;14;;normal;2;;;;;;;;;;;;;;;;;;;;;End-of-iteration summary row;;;15494.04845740501;15228.996646103;630;15228.996646103;13069.1331;;IterationSummary;;;;;;
98;4;15;1;normal;2;c6cda0f2fae5;move;;;30;25;;;;;;;;;;True;False;False;False;;ok;17031.510992171166;15494.04845740501;15494.04845740501;15228.996646103;631;15228.996646103;13094.5167;1537.4625347661568;Evaluated;22.9446;2.4241;64;True;2;duplicate_for_same_parent_sequence
98;4;15;2;normal;2;c6cda0f2fae5;move;;;30;20;;;;;;;;;;True;False;False;True;;ok;16825.15662567014;15494.04845740501;15494.04845740501;15228.996646103;632;15228.996646103;13117.3704;1331.108168265131;Evaluated;20.4217;2.4293;64;True;2;duplicate_for_same_parent_sequence
98;4;15;3;normal;2;c6cda0f2fae5;move;;;35;10;;;;;;;;;;True;False;False;True;;ok;16991.604935644413;15494.04845740501;15494.04845740501;15228.996646103;633;15228.996646103;13140.1359;1497.556478239403;Evaluated;20.336;2.4267;64;True;2;duplicate_for_same_parent_sequence
98;4;15;4;normal;2;c6cda0f2fae5;move;;;45;50;;;;;;;;;;True;False;False;False;;ok;15816.818227757534;15494.04845740501;15494.04845740501;15228.996646103;634;15228.996646103;13166.3815;322.7697703525246;Evaluated;24.0107;2.2323;64;True;3;duplicate_for_same_parent_sequence
98;4;15;5;normal;2;c6cda0f2fae5;move;;;28;15;;;;;;;;;;True;False;False;True;;ok;16655.06930751594;15494.04845740501;15494.04845740501;15228.996646103;635;15228.996646103;13184.9645;1161.02085011093;Evaluated;16.1589;2.4234;64;True;1;
98;4;15;;normal;3;;;;;;;;;;;;;;;;;;;;;End-of-iteration summary row;;;15494.04845740501;15228.996646103;635;15228.996646103;13184.9674;;IterationSummary;;;;;;
99;4;16;1;diversification;3;c6cda0f2fae5;move;;;25;10;;;;;;;;;;True;False;False;True;;ok;17428.027399865143;15494.04845740501;15494.04845740501;15228.996646103;636;15228.996646103;13207.054;1933.978942460133;Evaluated;19.6499;2.4267;64;True;1;
99;4;16;2;diversification;3;c6cda0f2fae5;reinsert_block;;;;;;;18;23;5;;;;;True;False;False;True;;ok;17700.053535750765;15494.04845740501;15494.04845740501;15228.996646103;637;15228.996646103;13226.8639;2206.0050783457555;Evaluated;17.3783;2.4297;64;True;1;
99;4;16;3;diversification;3;c6cda0f2fae5;swap;32;47;;;;;;;;;;;;True;False;False;True;;ok;15781.599366693672;15494.04845740501;15494.04845740501;15228.996646103;638;15228.996646103;13246.0372;287.5509092886623;Evaluated;16.9457;2.2247;64;True;1;
99;4;16;4;diversification;3;c6cda0f2fae5;move;;;60;50;;;;;;;;;;True;False;False;True;;ok;15646.379759585057;15494.04845740501;15494.04845740501;15228.996646103;639;15228.996646103;13268.656;152.33130218004771;Evaluated;20.3896;2.226;64;True;2;duplicate_for_same_parent_sequence
99;4;16;5;diversification;3;c6cda0f2fae5;move;;;10;3;;;;;;;;;;True;False;False;False;;ok;17496.94475711407;15494.04845740501;15494.04845740501;15228.996646103;640;15228.996646103;13287.8281;2002.8962997090603;Evaluated;16.7463;2.423;64;True;1;
99;4;16;6;diversification;3;c6cda0f2fae5;move;;;50;32;;;;;;;;;;True;False;False;True;;ok;16434.92937529733;15494.04845740501;15494.04845740501;15228.996646103;641;15228.996646103;13307.0176;940.880917892322;Evaluated;16.7568;2.4293;64;True;1;
99;4;16;7;diversification;3;c6cda0f2fae5;move;;;50;35;;;;;;;;;;True;False;False;True;;ok;16416.813138837868;15494.04845740501;15494.04845740501;15228.996646103;642;15228.996646103;13325.8085;922.7646814328582;Evaluated;16.3656;2.4247;64;True;1;
99;4;16;8;diversification;3;c6cda0f2fae5;move;;;5;20;;;;;;;;;;True;False;False;True;;ok;16632.089945291336;15494.04845740501;15494.04845740501;15228.996646103;643;15228.996646103;13344.8978;1138.0414878863266;Evaluated;16.6641;2.4244;64;True;1;
99;4;16;9;diversification;3;c6cda0f2fae5;move;;;36;18;;;;;;;;;;True;False;False;True;;ok;16886.140276183505;15494.04845740501;15494.04845740501;15228.996646103;644;15228.996646103;13367.6037;1392.0918187784955;Evaluated;20.2724;2.4306;64;True;2;duplicate_for_same_parent_sequence
99;4;16;10;diversification;3;c6cda0f2fae5;swap;39;62;;;;;;;;;;;;True;False;False;True;;ok;15494.04845740501;15494.04845740501;15494.04845740501;15228.996646103;645;15228.996646103;13390.2277;0.0;Evaluated;20.3988;2.2225;64;True;2;duplicate_for_same_parent_sequence
99;4;16;;diversification;4;;;;;;;;;;;;;;;;;;;;;End-of-iteration summary row;;;15494.04845740501;15228.996646103;645;15228.996646103;13390.2304;;IterationSummary;;;;;;
100;4;17;1;diversification;4;c6cda0f2fae5;move;;;30;5;;;;;;;;;;True;False;False;True;;ok;16724.075530265603;15494.04845740501;15494.04845740501;15228.996646103;646;15228.996646103;13412.5792;1230.0270728605938;Evaluated;19.91;2.4294;64;True;1;
100;4;17;2;diversification;4;c6cda0f2fae5;move;;;20;5;;;;;;;;;;True;False;False;True;;ok;16372.731236943586;15494.04845740501;15494.04845740501;15228.996646103;647;15228.996646103;13435.557;878.6827795385761;Evaluated;20.5446;2.4301;64;True;2;duplicate_for_same_parent_sequence
100;4;17;3;diversification;4;c6cda0f2fae5;move;;;15;30;;;;;;;;;;True;False;False;True;;ok;15498.120555694677;15494.04845740501;15494.04845740501;15228.996646103;648;15228.996646103;13458.1709;4.072098289667338;Evaluated;20.3817;2.2288;64;True;2;duplicate_for_same_parent_sequence
100;4;17;4;diversification;4;c6cda0f2fae5;move;;;48;32;;;;;;;;;;True;False;False;True;;ok;15388.965397466278;15494.04845740501;15494.04845740501;15228.996646103;649;15228.996646103;13477.1124;-105.08305993873182;Evaluated;16.7136;2.2251;64;True;1;
100;4;17;5;diversification;4;c6cda0f2fae5;swap;10;20;;;;;;;;;;;;True;False;False;False;;ok;17472.831405895;15494.04845740501;15494.04845740501;15228.996646103;650;15228.996646103;13500.023;1978.7829484899921;Evaluated;20.4785;2.4293;64;True;2;duplicate_for_same_parent_sequence
100;4;17;6;diversification;4;c6cda0f2fae5;move;;;40;15;;;;;;;;;;True;False;False;True;;ok;16392.422243584097;15494.04845740501;15494.04845740501;15228.996646103;651;15228.996646103;13522.782;898.3737861790869;Evaluated;20.33;2.4259;64;True;2;duplicate_for_same_parent_sequence
100;4;17;7;diversification;4;c6cda0f2fae5;move;;;30;15;;;;;;;;;;True;False;False;True;;ok;16735.00825991245;15494.04845740501;15494.04845740501;15228.996646103;652;15228.996646103;13545.1726;1240.959802507441;Evaluated;19.96;2.4276;64;True;2;duplicate_for_same_parent_sequence
100;4;17;8;diversification;4;c6cda0f2fae5;move;;;15;20;;;;;;;;;;True;False;False;False;;ok;16209.680919722241;15494.04845740501;15494.04845740501;15228.996646103;653;15228.996646103;13564.316;715.6324623172313;Evaluated;16.7154;2.4254;64;True;1;
100;4;17;9;diversification;4;c6cda0f2fae5;move;;;40;30;;;;;;;;;;True;False;False;True;;ok;15898.525042213667;15494.04845740501;15494.04845740501;15228.996646103;654;15228.996646103;13586.9169;404.4765848086572;Evaluated;20.3716;2.2267;64;True;2;duplicate_for_same_parent_sequence
100;4;17;10;diversification;4;c6cda0f2fae5;move;;;45;20;;;;;;;;;;True;False;False;True;;ok;16631.05283362654;15494.04845740501;15494.04845740501;15228.996646103;655;15228.996646103;13606.4277;1137.0043762215319;Evaluated;17.0803;2.4275;64;True;1;
100;4;17;;diversification;0;;;;;;;;;;;;;;;;;;;;;End-of-iteration summary row;;;15388.965397466278;15228.996646103;655;15228.996646103;13606.4341;;IterationSummary;;;;;;
100;4;17;;;0;;;;;;;;;;;;;;;;;;;;;PartA | PartB | PartC | PartD | PartE | PartC | PartF | PartH | PartA | PartB | PartD | PartE | PartG | PartF | PartG | PartA | PartB | PartC | PartD | PartE | PartH | PartF | PartG | PartH | PartB | PartC | PartD | PartE | PartF | PartG | PartH | PartA | PartB | PartC | PartD | PartA | PartE | PartF | PartG | PartH | PartA | PartB | PartC | PartD | PartE | PartF | PartG | PartH | PartC | PartB | PartA | PartD | PartE | PartF | PartG | PartH | PartA | PartB | PartC | PartD | PartE | PartF | PartG | PartH;;;15388.965397466278;15228.996646103;655;15228.996646103;13606.4352;;FinalGlobalBestSequence;;;;;;
